doc_id,bank,date_au,speaker,title,category,document_subtype,meeting_id,text_file,source_url,score,classification,confidence,lean,hawkish_score,dovish_score,raw_score,matched_phrase_count,total_phrase_matches,matched_phrases_json,scoring_status,scoring_error
FED_DOC_0EA9A9606F96,FED,2021-01-08,Richard H. Clarida,U.S. Economic Outlook and Monetary Policy,Speeches,speech,,data\FED\Speeches\2021-01-08 - Richard H. Clarida - U.S. Economic Outlook and Monetary Policy.txt,https://www.federalreserve.gov/newsevents/speech/clarida20210108a.htm,2.0,Neutral-Hawkish,0.302,hawkish,2.0,0.0,2.0,2,2,"[{""phrase"": ""balance of risks"", ""direction"": ""neutral"", ""theme"": ""data_dependence"", ""count"": 1, ""weight"": 0.0, ""scaled_count"": 1.0, ""scaled_contribution"": 0.0, ""notes"": ""Neutral by default; can accompany hawkish or dovish decisions.""}, {""phrase"": ""target range for the federal funds rate"", ""direction"": ""hawkish"", ""theme"": ""restrictive_stance"", ""count"": 1, ""weight"": 2.0, ""scaled_count"": 1.0, ""scaled_contribution"": 2.0, ""notes"": ""FED-specific policy implementation phrasing; context matters for balance sheet phrases.""}]",scored,
FED_DOC_57340FF6FD7C,FED,2021-01-12,Lael Brainard,Supporting Responsible Use of AI and Equitable Outcomes in Financial Services,Speeches,speech,,data\FED\Speeches\2021-01-12 - Lael Brainard - Supporting Responsible Use of AI and Equitable Outcomes in Financial Services.txt,https://www.federalreserve.gov/newsevents/speech/brainard20210112a.htm,0.0,Neutral,0.0,none,0.0,0.0,0.0,0,0,[],scored,
FED_DOC_4ACC9BC418E1,FED,2021-01-13,Lael Brainard,Full Employment in the New Monetary Policy Framework,Speeches,speech,,data\FED\Speeches\2021-01-13 - Lael Brainard - Full Employment in the New Monetary Policy Framework.txt,https://www.federalreserve.gov/newsevents/speech/brainard20210113a.htm,0.0,Neutral,0.0,none,0.0,0.0,0.0,0,0,[],scored,
FED_DOC_EF48534C26F2,FED,2021-01-13,Richard H. Clarida,The Federal Reserve's New Framework: Context and Consequences,Speeches,speech,,data\FED\Speeches\2021-01-13 - Richard H. Clarida - The Federal Reserve's New Framework_ Context and Consequences.txt,https://www.federalreserve.gov/newsevents/speech/clarida20210113a.htm,2.0,Neutral-Hawkish,0.302,hawkish,2.0,0.0,2.0,1,1,"[{""phrase"": ""target range for the federal funds rate"", ""direction"": ""hawkish"", ""theme"": ""restrictive_stance"", ""count"": 1, ""weight"": 2.0, ""scaled_count"": 1.0, ""scaled_contribution"": 2.0, ""notes"": ""FED-specific policy implementation phrasing; context matters for balance sheet phrases.""}]",scored,
FED_DOC_A6039C8D2684,FED,2021-01-27,,FOMC minutes,Minutes,minutes,FED_2021_01,data\FED\Minutes\2021-01-27 - FOMC minutes.txt,https://www.federalreserve.gov/monetarypolicy/files/fomcminutes20210127.pdf,3.7725887222397816,Hawkish,0.499,hawkish,5.772588722239782,2.0,3.7725887222397816,4,7,"[{""phrase"": ""resilient demand"", ""direction"": ""hawkish"", ""theme"": ""demand_resilience"", ""count"": 1, ""weight"": 1.0, ""scaled_count"": 1.0, ""scaled_contribution"": 1.0, ""notes"": """"}, {""phrase"": ""incoming data"", ""direction"": ""neutral"", ""theme"": ""data_dependence"", ""count"": 1, ""weight"": 0.0, ""scaled_count"": 1.0, ""scaled_contribution"": 0.0, ""notes"": ""Neutral by default; can accompany hawkish or dovish decisions.""}, {""phrase"": ""weak aggregate demand"", ""direction"": ""dovish"", ""theme"": ""recession_slack_risk"", ""count"": 1, ""weight"": -2.0, ""scaled_count"": 1.0, ""scaled_contribution"": -2.0, ""notes"": """"}, {""phrase"": ""target range for the federal funds rate"", ""direction"": ""hawkish"", ""theme"": ""restrictive_stance"", ""count"": 4, ""weight"": 2.0, ""scaled_count"": 2.386294361119891, ""scaled_contribution"": 4.772588722239782, ""notes"": ""FED-specific policy implementation phrasing; context matters for balance sheet phrases.""}]",scored,
FED_DOC_B9CDE799F003,FED,2021-01-27,,FOMC statement,Monetary Policy,statement,FED_2021_01,data\FED\Monetary Policy\2021-01-27 - FOMC statement.txt,https://www.federalreserve.gov/monetarypolicy/files/monetary20210127a1.pdf,2.0,Neutral-Hawkish,0.302,hawkish,2.0,0.0,2.0,1,1,"[{""phrase"": ""target range for the federal funds rate"", ""direction"": ""hawkish"", ""theme"": ""restrictive_stance"", ""count"": 1, ""weight"": 2.0, ""scaled_count"": 1.0, ""scaled_contribution"": 2.0, ""notes"": ""FED-specific policy implementation phrasing; context matters for balance sheet phrases.""}]",scored,
FED_DOC_D1989C2D3689,FED,2021-02-10,Jerome H. Powell,Getting Back to a Strong Labor Market,Speeches,speech,FED_2021_01,data\FED\Speeches\2021-02-10 - Jerome H. Powell - Getting Back to a Strong Labor Market.txt,https://www.federalreserve.gov/newsevents/speech/powell20210210a.htm,0.0,Neutral,0.0,none,0.0,0.0,0.0,0,0,[],scored,
FED_DOC_A99E7B794EDF,FED,2021-02-16,Michelle W. Bowman,My Perspective on Bank Regulation and Supervision,Speeches,speech,FED_2021_01,data\FED\Speeches\2021-02-16 - Michelle W. Bowman - My Perspective on Bank Regulation and Supervision.txt,https://www.federalreserve.gov/newsevents/speech/bowman20210216a.htm,0.0,Neutral,0.0,none,0.0,0.0,0.0,0,0,[],scored,
FED_DOC_9FA884EE5543,FED,2021-02-18,Lael Brainard,The Role of Financial Institutions in Tackling the Challenges of Climate Change,Speeches,speech,FED_2021_01,data\FED\Speeches\2021-02-18 - Lael Brainard - The Role of Financial Institutions in Tackling the Challenges of Climate Change.txt,https://www.federalreserve.gov/newsevents/speech/brainard20210218a.htm,0.0,Neutral,0.0,none,0.0,0.0,0.0,0,0,[],scored,
FED_DOC_C6C764474807,FED,2021-02-22,Economic Inclusion in Lower-Income Communities,Economic Inclusion in Lower-Income Communities,Speeches,speech,FED_2021_01,data\FED\Speeches\2021-02-22 - Economic Inclusion in Lower-Income Communities - Economic Inclusion in Lower-Income Communities.txt,https://www.federalreserve.gov/newsevents/speech/bowman20210222a.htm,0.0,Neutral,0.0,none,0.0,0.0,0.0,0,0,[],scored,
FED_DOC_2D76B92874F1,FED,2021-02-24,Lael Brainard,How Should We Think about Full Employment in the Federal Reserve's Dual Mandate?,Speeches,speech,FED_2021_01,data\FED\Speeches\2021-02-24 - Lael Brainard - How Should We Think about Full Employment in the Federal Reserve's Dual Mandate_.txt,https://www.federalreserve.gov/newsevents/speech/brainard20210224a.htm,0.0,Neutral,0.0,none,0.0,0.0,0.0,0,0,[],scored,
FED_DOC_167497A7F46A,FED,2021-02-24,Richard H. Clarida,U.S. Economic Outlook and Monetary Policy,Speeches,speech,FED_2021_01,data\FED\Speeches\2021-02-24 - Richard H. Clarida - U.S. Economic Outlook and Monetary Policy.txt,https://www.federalreserve.gov/newsevents/speech/clarida20210224a.htm,2.0,Neutral-Hawkish,0.302,hawkish,2.0,0.0,2.0,1,1,"[{""phrase"": ""target range for the federal funds rate"", ""direction"": ""hawkish"", ""theme"": ""restrictive_stance"", ""count"": 1, ""weight"": 2.0, ""scaled_count"": 1.0, ""scaled_contribution"": 2.0, ""notes"": ""FED-specific policy implementation phrasing; context matters for balance sheet phrases.""}]",scored,
FED_DOC_8DC10F392688,FED,2021-02-25,Randal K. Quarles,Themistocles and the Mathematicians: The Role of Stress Testing,Speeches,speech,FED_2021_01,data\FED\Speeches\2021-02-25 - Randal K. Quarles - Themistocles and the Mathematicians_ The Role of Stress Testing.txt,https://www.federalreserve.gov/newsevents/speech/quarles20210225a.htm,0.0,Neutral,0.0,none,0.0,0.0,0.0,0,0,[],scored,
FED_DOC_CBB9DCB3F0CC,FED,2021-03-01,Lael Brainard,Some Preliminary Financial Stability Lessons from the COVID-19 Shock,Speeches,speech,FED_2021_01,data\FED\Speeches\2021-03-01 - Lael Brainard - Some Preliminary Financial Stability Lessons from the COVID-19 Shock.txt,https://www.federalreserve.gov/newsevents/speech/brainard20210301a.htm,0.0,Neutral,0.0,none,0.0,0.0,0.0,0,0,[],scored,
FED_DOC_093BA66C734F,FED,2021-03-02,Lael Brainard,U.S. Economic Outlook and Monetary Policy: An Update,Speeches,speech,FED_2021_01,data\FED\Speeches\2021-03-02 - Lael Brainard - U.S. Economic Outlook and Monetary Policy_ An Update.txt,https://www.federalreserve.gov/newsevents/speech/brainard20210302a.htm,0.0,Neutral,0.0,none,0.0,0.0,0.0,0,0,[],scored,
FED_DOC_720F3770B9C5,FED,2021-03-17,,FOMC minutes,Minutes,minutes,FED_2021_03,data\FED\Minutes\2021-03-17 - FOMC minutes.txt,https://www.federalreserve.gov/monetarypolicy/files/fomcminutes20210317.pdf,5.218875824868201,Hawkish,0.442,hawkish,5.218875824868201,0.0,5.218875824868201,3,9,"[{""phrase"": ""incoming data"", ""direction"": ""neutral"", ""theme"": ""data_dependence"", ""count"": 3, ""weight"": 0.0, ""scaled_count"": 2.09861228866811, ""scaled_contribution"": 0.0, ""notes"": ""Neutral by default; can accompany hawkish or dovish decisions.""}, {""phrase"": ""evolving outlook"", ""direction"": ""neutral"", ""theme"": ""data_dependence"", ""count"": 1, ""weight"": 0.0, ""scaled_count"": 1.0, ""scaled_contribution"": 0.0, ""notes"": ""Neutral by default; can accompany hawkish or dovish decisions.""}, {""phrase"": ""target range for the federal funds rate"", ""direction"": ""hawkish"", ""theme"": ""restrictive_stance"", ""count"": 5, ""weight"": 2.0, ""scaled_count"": 2.6094379124341005, ""scaled_contribution"": 5.218875824868201, ""notes"": ""FED-specific policy implementation phrasing; context matters for balance sheet phrases.""}]",scored,
FED_DOC_F1DF90B22339,FED,2021-03-17,,FOMC statement,Monetary Policy,statement,FED_2021_03,data\FED\Monetary Policy\2021-03-17 - FOMC statement.txt,https://www.federalreserve.gov/monetarypolicy/files/monetary20210317a1.pdf,2.0,Neutral-Hawkish,0.302,hawkish,2.0,0.0,2.0,1,1,"[{""phrase"": ""target range for the federal funds rate"", ""direction"": ""hawkish"", ""theme"": ""restrictive_stance"", ""count"": 1, ""weight"": 2.0, ""scaled_count"": 1.0, ""scaled_contribution"": 2.0, ""notes"": ""FED-specific policy implementation phrasing; context matters for balance sheet phrases.""}]",scored,
FED_DOC_109E9C765C04,FED,2021-03-18,Jerome H. Powell,Closing Remarks,Speeches,speech,FED_2021_03,data\FED\Speeches\2021-03-18 - Jerome H. Powell - Closing Remarks.txt,https://www.federalreserve.gov/newsevents/speech/powell20210318a.htm,0.0,Neutral,0.0,none,0.0,0.0,0.0,0,0,[],scored,
FED_DOC_8E5CC1BCB7D4,FED,2021-03-22,Keynote Remarks,Keynote Remarks,Speeches,speech,FED_2021_03,data\FED\Speeches\2021-03-22 - Keynote Remarks - Keynote Remarks.txt,https://www.federalreserve.gov/newsevents/speech/quarles20210322a.htm,0.0,Neutral,0.0,none,0.0,0.0,0.0,0,0,[],scored,
FED_DOC_31FEDFA8098B,FED,2021-03-22,Michelle W. Bowman,The Economic Outlook and Prospects for Small Business,Speeches,speech,FED_2021_03,data\FED\Speeches\2021-03-22 - Michelle W. Bowman - The Economic Outlook and Prospects for Small Business.txt,https://www.federalreserve.gov/newsevents/speech/bowman20210322a.htm,0.0,Neutral,0.0,none,0.0,0.0,0.0,0,0,[],scored,
FED_DOC_6161E4A1A204,FED,2021-03-23,Lael Brainard,Financial Stability Implications of Climate Change,Speeches,speech,FED_2021_03,data\FED\Speeches\2021-03-23 - Lael Brainard - Financial Stability Implications of Climate Change.txt,https://www.federalreserve.gov/newsevents/speech/brainard20210323a.htm,0.0,Neutral,0.0,none,0.0,0.0,0.0,0,0,[],scored,
FED_DOC_716DF8847034,FED,2021-03-23,Lael Brainard,Remaining Patient as the Outlook Brightens,Speeches,speech,FED_2021_03,data\FED\Speeches\2021-03-23 - Lael Brainard - Remaining Patient as the Outlook Brightens.txt,https://www.federalreserve.gov/newsevents/speech/brainard20210323b.htm,0.0,Neutral,0.0,none,0.0,0.0,0.0,0,0,[],scored,
FED_DOC_D41A8AE74E26,FED,2021-03-25,Richard H. Clarida,U.S. Economic Outlook and Monetary Policy,Speeches,speech,FED_2021_03,data\FED\Speeches\2021-03-25 - Richard H. Clarida - U.S. Economic Outlook and Monetary Policy.txt,https://www.federalreserve.gov/newsevents/speech/clarida20210325a.htm,2.0,Neutral-Hawkish,0.302,hawkish,2.0,0.0,2.0,1,1,"[{""phrase"": ""target range for the federal funds rate"", ""direction"": ""hawkish"", ""theme"": ""restrictive_stance"", ""count"": 1, ""weight"": 2.0, ""scaled_count"": 1.0, ""scaled_contribution"": 2.0, ""notes"": ""FED-specific policy implementation phrasing; context matters for balance sheet phrases.""}]",scored,
FED_DOC_978F2C556A54,FED,2021-03-29,Christopher J. Waller,TreasuryâFederal Reserve Cooperation and the Importance of Central Bank Independence,Speeches,speech,FED_2021_03,data\FED\Speeches\2021-03-29 - Christopher J. Waller - TreasuryâFederal Reserve Cooperation and the Importance of Central Bank Independence.txt,https://www.federalreserve.gov/newsevents/speech/waller20210329a.htm,0.0,Neutral,0.0,none,0.0,0.0,0.0,0,0,[],scored,
FED_DOC_F5DD022560EB,FED,2021-03-30,,"The FSB in 2021: Addressing Financial Stability Challenges in an Age of Interconnectedness, Innovation, and Change",Speeches,speech,FED_2021_03,"data\FED\Speeches\2021-03-30 - The FSB in 2021_ Addressing Financial Stability Challenges in an Age of Interconnectedness, Innovation, and Change.txt",https://www.federalreserve.gov/newsevents/speech/quarles20210330a.htm,0.0,Neutral,0.0,none,0.0,0.0,0.0,0,0,[],scored,
FED_DOC_2EC7BB16BD4B,FED,2021-04-14,Richard H. Clarida,The Federal Reserve's New Framework and Outcome-Based Forward Guidance,Speeches,speech,FED_2021_03,data\FED\Speeches\2021-04-14 - Richard H. Clarida - The Federal Reserve's New Framework and Outcome-Based Forward Guidance.txt,https://www.federalreserve.gov/newsevents/speech/clarida20210414a.htm,2.0,Neutral-Hawkish,0.302,hawkish,2.0,0.0,2.0,1,1,"[{""phrase"": ""target range for the federal funds rate"", ""direction"": ""hawkish"", ""theme"": ""restrictive_stance"", ""count"": 1, ""weight"": 2.0, ""scaled_count"": 1.0, ""scaled_contribution"": 2.0, ""notes"": ""FED-specific policy implementation phrasing; context matters for balance sheet phrases.""}]",scored,
FED_DOC_14D3CDF77916,FED,2021-04-28,,FOMC minutes,Minutes,minutes,FED_2021_04,data\FED\Minutes\2021-04-28 - FOMC minutes.txt,https://www.federalreserve.gov/monetarypolicy/files/fomcminutes20210428.pdf,2.19722457733622,Neutral-Hawkish,0.378,hawkish,4.19722457733622,2.0,2.19722457733622,3,5,"[{""phrase"": ""incoming data"", ""direction"": ""neutral"", ""theme"": ""data_dependence"", ""count"": 1, ""weight"": 0.0, ""scaled_count"": 1.0, ""scaled_contribution"": 0.0, ""notes"": ""Neutral by default; can accompany hawkish or dovish decisions.""}, {""phrase"": ""sharp slowdown"", ""direction"": ""dovish"", ""theme"": ""recession_slack_risk"", ""count"": 1, ""weight"": -2.0, ""scaled_count"": 1.0, ""scaled_contribution"": -2.0, ""notes"": """"}, {""phrase"": ""target range for the federal funds rate"", ""direction"": ""hawkish"", ""theme"": ""restrictive_stance"", ""count"": 3, ""weight"": 2.0, ""scaled_count"": 2.09861228866811, ""scaled_contribution"": 4.19722457733622, ""notes"": ""FED-specific policy implementation phrasing; context matters for balance sheet phrases.""}]",scored,
FED_DOC_B766A2A61F74,FED,2021-04-28,,FOMC statement,Monetary Policy,statement,FED_2021_04,data\FED\Monetary Policy\2021-04-28 - FOMC statement.txt,https://www.federalreserve.gov/monetarypolicy/files/monetary20210428a1.pdf,2.0,Neutral-Hawkish,0.302,hawkish,2.0,0.0,2.0,1,1,"[{""phrase"": ""target range for the federal funds rate"", ""direction"": ""hawkish"", ""theme"": ""restrictive_stance"", ""count"": 1, ""weight"": 2.0, ""scaled_count"": 1.0, ""scaled_contribution"": 2.0, ""notes"": ""FED-specific policy implementation phrasing; context matters for balance sheet phrases.""}]",scored,
FED_DOC_4E3AF9E6DC5D,FED,2021-05-03,Jerome H. Powell,Community Development,Speeches,speech,FED_2021_04,data\FED\Speeches\2021-05-03 - Jerome H. Powell - Community Development.txt,https://www.federalreserve.gov/newsevents/speech/powell20210503a.htm,0.0,Neutral,0.0,none,0.0,0.0,0.0,0,0,[],scored,
FED_DOC_49F1D8168DA7,FED,2021-05-05,Michelle W. Bowman,The Economic Outlook and Implications for Monetary Policy,Speeches,speech,FED_2021_04,data\FED\Speeches\2021-05-05 - Michelle W. Bowman - The Economic Outlook and Implications for Monetary Policy.txt,https://www.federalreserve.gov/newsevents/speech/bowman20210505a.htm,0.0,Neutral,0.15,none,0.0,0.0,0.0,1,1,"[{""phrase"": ""incoming data"", ""direction"": ""neutral"", ""theme"": ""data_dependence"", ""count"": 1, ""weight"": 0.0, ""scaled_count"": 1.0, ""scaled_contribution"": 0.0, ""notes"": ""Neutral by default; can accompany hawkish or dovish decisions.""}]",scored,
FED_DOC_E93103AFE502,FED,2021-05-11,Lael Brainard,Patience and Progress as the Economy Reopens and Recovers,Speeches,speech,FED_2021_04,data\FED\Speeches\2021-05-11 - Lael Brainard - Patience and Progress as the Economy Reopens and Recovers.txt,https://www.federalreserve.gov/newsevents/speech/brainard20210511a.htm,0.0,Neutral,0.15,none,0.0,0.0,0.0,1,1,"[{""phrase"": ""incoming data"", ""direction"": ""neutral"", ""theme"": ""data_dependence"", ""count"": 1, ""weight"": 0.0, ""scaled_count"": 1.0, ""scaled_contribution"": 0.0, ""notes"": ""Neutral by default; can accompany hawkish or dovish decisions.""}]",scored,
FED_DOC_BECFAC912D80,FED,2021-05-12,Richard H. Clarida,U.S. Economic Outlook and Monetary Policy,Speeches,speech,FED_2021_04,data\FED\Speeches\2021-05-12 - Richard H. Clarida - U.S. Economic Outlook and Monetary Policy.txt,https://www.federalreserve.gov/newsevents/speech/clarida20210512a.htm,2.0,Neutral-Hawkish,0.302,hawkish,2.0,0.0,2.0,1,1,"[{""phrase"": ""target range for the federal funds rate"", ""direction"": ""hawkish"", ""theme"": ""restrictive_stance"", ""count"": 1, ""weight"": 2.0, ""scaled_count"": 1.0, ""scaled_contribution"": 2.0, ""notes"": ""FED-specific policy implementation phrasing; context matters for balance sheet phrases.""}]",scored,
FED_DOC_CEE76203C745,FED,2021-05-13,Christopher J. Waller,The Economic Outlook and Monetary Policy,Speeches,speech,FED_2021_04,data\FED\Speeches\2021-05-13 - Christopher J. Waller - The Economic Outlook and Monetary Policy.txt,https://www.federalreserve.gov/newsevents/speech/waller20210513a.htm,0.0,Neutral,0.0,none,0.0,0.0,0.0,0,0,[],scored,
FED_DOC_CA6B2E0B696A,FED,2021-05-17,Richard H. Clarida,"Sovereign Markets, Global Factors",Speeches,speech,FED_2021_04,"data\FED\Speeches\2021-05-17 - Richard H. Clarida - Sovereign Markets, Global Factors.txt",https://www.federalreserve.gov/newsevents/speech/clarida20210517a.htm,3.0,Hawkish,0.365,hawkish,3.0,0.0,3.0,1,1,"[{""phrase"": ""inflation expectations are not well anchored"", ""direction"": ""hawkish"", ""theme"": ""inflation_expectations"", ""count"": 1, ""weight"": 3.0, ""scaled_count"": 1.0, ""scaled_contribution"": 3.0, ""notes"": """"}]",scored,
FED_DOC_F51C4D1A838B,FED,2021-05-24,Lael Brainard,Private Money and Central Bank Money as Payments Go Digital: an Update on CBDCs,Speeches,speech,FED_2021_04,data\FED\Speeches\2021-05-24 - Lael Brainard - Private Money and Central Bank Money as Payments Go Digital_ an Update on CBDCs.txt,https://www.federalreserve.gov/newsevents/speech/brainard20210524a.htm,0.0,Neutral,0.0,none,0.0,0.0,0.0,0,0,[],scored,
FED_DOC_811DDA559AA8,FED,2021-05-26,,Remarks,Speeches,speech,FED_2021_04,data\FED\Speeches\2021-05-26 - Remarks.txt,https://www.federalreserve.gov/newsevents/speech/quarles20210526a.htm,0.0,Neutral,0.0,none,0.0,0.0,0.0,0,0,[],scored,
FED_DOC_E3AD9FFD4760,FED,2021-05-26,Randal K. Quarles,The Economic Outlook and Monetary Policy,Speeches,speech,FED_2021_04,data\FED\Speeches\2021-05-26 - Randal K. Quarles - The Economic Outlook and Monetary Policy.txt,https://www.federalreserve.gov/newsevents/speech/quarles20210526b.htm,4.0,Hawkish,0.596,hawkish,4.0,0.0,4.0,2,2,"[{""phrase"": ""inflation expectations have risen"", ""direction"": ""hawkish"", ""theme"": ""inflation_expectations"", ""count"": 1, ""weight"": 3.0, ""scaled_count"": 1.0, ""scaled_contribution"": 3.0, ""notes"": """"}, {""phrase"": ""spending remains robust"", ""direction"": ""hawkish"", ""theme"": ""demand_resilience"", ""count"": 1, ""weight"": 1.0, ""scaled_count"": 1.0, ""scaled_contribution"": 1.0, ""notes"": """"}]",scored,
FED_DOC_6F5583AD985B,FED,2021-06-01,Lael Brainard,Remaining Steady as the Economy Reopens,Speeches,speech,FED_2021_04,data\FED\Speeches\2021-06-01 - Lael Brainard - Remaining Steady as the Economy Reopens.txt,https://www.federalreserve.gov/newsevents/speech/brainard20210601a.htm,-1.0,Neutral-Dovish,0.239,dovish,0.0,1.0,-1.0,1,1,"[{""phrase"": ""progress on inflation"", ""direction"": ""dovish"", ""theme"": ""inflation_progress"", ""count"": 1, ""weight"": -1.0, ""scaled_count"": 1.0, ""scaled_contribution"": -1.0, ""notes"": """"}]",scored,
FED_DOC_7987F6B7F83D,FED,2021-06-03,Randal K. Quarles,"Jet Flight, Mail Bags, and Banking Regulation",Speeches,speech,FED_2021_04,"data\FED\Speeches\2021-06-03 - Randal K. Quarles - Jet Flight, Mail Bags, and Banking Regulation.txt",https://www.federalreserve.gov/newsevents/speech/quarles20210603a.htm,0.0,Neutral,0.0,none,0.0,0.0,0.0,0,0,[],scored,
FED_DOC_9887E195832C,FED,2021-06-16,,FOMC minutes,Minutes,minutes,FED_2021_06,data\FED\Minutes\2021-06-16 - FOMC minutes.txt,https://www.federalreserve.gov/monetarypolicy/files/fomcminutes20210616.pdf,5.58351893845611,Hawkish,0.462,hawkish,5.58351893845611,0.0,5.58351893845611,2,9,"[{""phrase"": ""incoming data"", ""direction"": ""neutral"", ""theme"": ""data_dependence"", ""count"": 3, ""weight"": 0.0, ""scaled_count"": 2.09861228866811, ""scaled_contribution"": 0.0, ""notes"": ""Neutral by default; can accompany hawkish or dovish decisions.""}, {""phrase"": ""target range for the federal funds rate"", ""direction"": ""hawkish"", ""theme"": ""restrictive_stance"", ""count"": 6, ""weight"": 2.0, ""scaled_count"": 2.791759469228055, ""scaled_contribution"": 5.58351893845611, ""notes"": ""FED-specific policy implementation phrasing; context matters for balance sheet phrases.""}]",scored,
FED_DOC_AF698697F313,FED,2021-06-16,,FOMC statement,Monetary Policy,statement,FED_2021_06,data\FED\Monetary Policy\2021-06-16 - FOMC statement.txt,https://www.federalreserve.gov/monetarypolicy/files/monetary20210616a1.pdf,3.386294361119891,Hawkish,0.349,hawkish,3.386294361119891,0.0,3.386294361119891,1,2,"[{""phrase"": ""target range for the federal funds rate"", ""direction"": ""hawkish"", ""theme"": ""restrictive_stance"", ""count"": 2, ""weight"": 2.0, ""scaled_count"": 1.6931471805599454, ""scaled_contribution"": 3.386294361119891, ""notes"": ""FED-specific policy implementation phrasing; context matters for balance sheet phrases.""}]",scored,
FED_DOC_DE5F08971786,FED,2021-06-23,Building Economic Resilience in Communities,Building Economic Resilience in Communities,Speeches,speech,FED_2021_06,data\FED\Speeches\2021-06-23 - Building Economic Resilience in Communities - Building Economic Resilience in Communities.txt,https://www.federalreserve.gov/newsevents/speech/bowman20210623a.htm,0.0,Neutral,0.0,none,0.0,0.0,0.0,0,0,[],scored,
FED_DOC_459BE97E35B7,FED,2021-06-28,Randal K. Quarles,Parachute Pants and Central Bank Money,Speeches,speech,FED_2021_06,data\FED\Speeches\2021-06-28 - Randal K. Quarles - Parachute Pants and Central Bank Money.txt,https://www.federalreserve.gov/newsevents/speech/quarles20210628a.htm,0.0,Neutral,0.0,none,0.0,0.0,0.0,0,0,[],scored,
FED_DOC_F4ABCEE274DA,FED,2021-07-11,Randal K. Quarles,Disclosures and Data: Building Strong Foundations for Addressing Climate-Related Financial Risks,Speeches,speech,FED_2021_06,data\FED\Speeches\2021-07-11 - Randal K. Quarles - Disclosures and Data_ Building Strong Foundations for Addressing Climate-Related Financial Risks.txt,https://www.federalreserve.gov/newsevents/speech/quarles20210711a.htm,0.0,Neutral,0.0,none,0.0,0.0,0.0,0,0,[],scored,
FED_DOC_2BE2F1980B2C,FED,2021-07-28,,FOMC minutes,Minutes,minutes,FED_2021_07,data\FED\Minutes\2021-07-28 - FOMC minutes.txt,https://www.federalreserve.gov/monetarypolicy/files/fomcminutes20210728.pdf,7.218875824868201,Hawkish,0.751,hawkish,7.218875824868201,0.0,7.218875824868201,3,10,"[{""phrase"": ""upside risks to inflation"", ""direction"": ""hawkish"", ""theme"": ""upside_inflation_risks"", ""count"": 1, ""weight"": 2.0, ""scaled_count"": 1.0, ""scaled_contribution"": 2.0, ""notes"": """"}, {""phrase"": ""incoming data"", ""direction"": ""neutral"", ""theme"": ""data_dependence"", ""count"": 4, ""weight"": 0.0, ""scaled_count"": 2.386294361119891, ""scaled_contribution"": 0.0, ""notes"": ""Neutral by default; can accompany hawkish or dovish decisions.""}, {""phrase"": ""target range for the federal funds rate"", ""direction"": ""hawkish"", ""theme"": ""restrictive_stance"", ""count"": 5, ""weight"": 2.0, ""scaled_count"": 2.6094379124341005, ""scaled_contribution"": 5.218875824868201, ""notes"": ""FED-specific policy implementation phrasing; context matters for balance sheet phrases.""}]",scored,
FED_DOC_F83A81E665B0,FED,2021-07-28,,FOMC statement,Monetary Policy,statement,FED_2021_07,data\FED\Monetary Policy\2021-07-28 - FOMC statement.txt,https://www.federalreserve.gov/monetarypolicy/files/monetary20210728a1.pdf,2.0,Neutral-Hawkish,0.302,hawkish,2.0,0.0,2.0,1,1,"[{""phrase"": ""target range for the federal funds rate"", ""direction"": ""hawkish"", ""theme"": ""restrictive_stance"", ""count"": 1, ""weight"": 2.0, ""scaled_count"": 1.0, ""scaled_contribution"": 2.0, ""notes"": ""FED-specific policy implementation phrasing; context matters for balance sheet phrases.""}]",scored,
FED_DOC_E18F3E64F7A6,FED,2021-07-30,Lael Brainard,Assessing Progress as the Economy Moves from Reopening to Recovery,Speeches,speech,FED_2021_07,data\FED\Speeches\2021-07-30 - Lael Brainard - Assessing Progress as the Economy Moves from Reopening to Recovery.txt,https://www.federalreserve.gov/newsevents/speech/brainard20210730a.htm,0.0,Neutral,0.0,none,0.0,0.0,0.0,0,0,[],scored,
FED_DOC_A2E289CA8EFD,FED,2021-08-03,Welcoming Remarks,Welcoming Remarks,Speeches,speech,FED_2021_07,data\FED\Speeches\2021-08-03 - Welcoming Remarks - Welcoming Remarks.txt,https://www.federalreserve.gov/newsevents/speech/bowman20210803a.htm,0.0,Neutral,0.0,none,0.0,0.0,0.0,0,0,[],scored,
FED_DOC_02F037FBECDC,FED,2021-08-04,Richard H. Clarida,"Outlooks, Outcomes, and Prospects for U.S. Monetary Policy",Speeches,speech,FED_2021_07,"data\FED\Speeches\2021-08-04 - Richard H. Clarida - Outlooks, Outcomes, and Prospects for U.S. Monetary Policy.txt",https://www.federalreserve.gov/newsevents/speech/clarida20210804a.htm,3.386294361119891,Hawkish,0.349,hawkish,3.386294361119891,0.0,3.386294361119891,2,3,"[{""phrase"": ""balance of risks"", ""direction"": ""neutral"", ""theme"": ""data_dependence"", ""count"": 1, ""weight"": 0.0, ""scaled_count"": 1.0, ""scaled_contribution"": 0.0, ""notes"": ""Neutral by default; can accompany hawkish or dovish decisions.""}, {""phrase"": ""target range for the federal funds rate"", ""direction"": ""hawkish"", ""theme"": ""restrictive_stance"", ""count"": 2, ""weight"": 2.0, ""scaled_count"": 1.6931471805599454, ""scaled_contribution"": 3.386294361119891, ""notes"": ""FED-specific policy implementation phrasing; context matters for balance sheet phrases.""}]",scored,
FED_DOC_4C0137185F7E,FED,2021-08-05,Christopher J. Waller,CBDC: A Solution in Search of a Problem?,Speeches,speech,FED_2021_07,data\FED\Speeches\2021-08-05 - Christopher J. Waller - CBDC_ A Solution in Search of a Problem_.txt,https://www.federalreserve.gov/newsevents/speech/waller20210805a.htm,0.0,Neutral,0.0,none,0.0,0.0,0.0,0,0,[],scored,
FED_DOC_EBFD2CD57B7F,FED,2021-08-17,Jerome H. Powell,Welcoming Remarks,Speeches,speech,FED_2021_07,data\FED\Speeches\2021-08-17 - Jerome H. Powell - Welcoming Remarks.txt,https://www.federalreserve.gov/newsevents/speech/powell20210817a.htm,0.0,Neutral,0.0,none,0.0,0.0,0.0,0,0,[],scored,
FED_DOC_296CFEC7CD45,FED,2021-08-27,Jerome H. Powell,Monetary Policy in the Time of COVID,Speeches,speech,FED_2021_07,data\FED\Speeches\2021-08-27 - Jerome H. Powell - Monetary Policy in the Time of COVID.txt,https://www.federalreserve.gov/newsevents/speech/powell20210827a.htm,2.0,Neutral-Hawkish,0.302,hawkish,2.0,0.0,2.0,2,6,"[{""phrase"": ""incoming data"", ""direction"": ""neutral"", ""theme"": ""data_dependence"", ""count"": 5, ""weight"": 0.0, ""scaled_count"": 2.6094379124341005, ""scaled_contribution"": 0.0, ""notes"": ""Neutral by default; can accompany hawkish or dovish decisions.""}, {""phrase"": ""target range for the federal funds rate"", ""direction"": ""hawkish"", ""theme"": ""restrictive_stance"", ""count"": 1, ""weight"": 2.0, ""scaled_count"": 1.0, ""scaled_contribution"": 2.0, ""notes"": ""FED-specific policy implementation phrasing; context matters for balance sheet phrases.""}]",scored,
FED_DOC_395985311916,FED,2021-09-09,Community Bank Access to Innovation,Community Bank Access to Innovation,Speeches,speech,FED_2021_07,data\FED\Speeches\2021-09-09 - Community Bank Access to Innovation - Community Bank Access to Innovation.txt,https://www.federalreserve.gov/newsevents/speech/bowman20210909a.htm,0.0,Neutral,0.0,none,0.0,0.0,0.0,0,0,[],scored,
FED_DOC_15B6A5A825D8,FED,2021-09-22,,FOMC minutes,Minutes,minutes,FED_2021_09,data\FED\Minutes\2021-09-22 - FOMC minutes.txt,https://www.federalreserve.gov/monetarypolicy/files/fomcminutes20210922.pdf,4.19722457733622,Hawkish,0.385,hawkish,4.19722457733622,0.0,4.19722457733622,3,7,"[{""phrase"": ""incoming data"", ""direction"": ""neutral"", ""theme"": ""data_dependence"", ""count"": 3, ""weight"": 0.0, ""scaled_count"": 2.09861228866811, ""scaled_contribution"": 0.0, ""notes"": ""Neutral by default; can accompany hawkish or dovish decisions.""}, {""phrase"": ""upside and downside risks"", ""direction"": ""neutral"", ""theme"": ""balanced_risks"", ""count"": 1, ""weight"": 0.0, ""scaled_count"": 1.0, ""scaled_contribution"": 0.0, ""notes"": """"}, {""phrase"": ""target range for the federal funds rate"", ""direction"": ""hawkish"", ""theme"": ""restrictive_stance"", ""count"": 3, ""weight"": 2.0, ""scaled_count"": 2.09861228866811, ""scaled_contribution"": 4.19722457733622, ""notes"": ""FED-specific policy implementation phrasing; context matters for balance sheet phrases.""}]",scored,
FED_DOC_EBC59530A876,FED,2021-09-22,,FOMC statement,Monetary Policy,statement,FED_2021_09,data\FED\Monetary Policy\2021-09-22 - FOMC statement.txt,https://www.federalreserve.gov/monetarypolicy/files/monetary20210922a1.pdf,5.0,Hawkish,0.659,hawkish,5.0,0.0,5.0,2,2,"[{""phrase"": ""inflation is elevated"", ""direction"": ""hawkish"", ""theme"": ""inflation_too_high"", ""count"": 1, ""weight"": 3.0, ""scaled_count"": 1.0, ""scaled_contribution"": 3.0, ""notes"": """"}, {""phrase"": ""target range for the federal funds rate"", ""direction"": ""hawkish"", ""theme"": ""restrictive_stance"", ""count"": 1, ""weight"": 2.0, ""scaled_count"": 1.0, ""scaled_contribution"": 2.0, ""notes"": ""FED-specific policy implementation phrasing; context matters for balance sheet phrases.""}]",scored,
FED_DOC_E556356BBE9D,FED,2021-09-24,Jerome H. Powell,Introductory Remarks,Speeches,speech,FED_2021_09,data\FED\Speeches\2021-09-24 - Jerome H. Powell - Introductory Remarks.txt,https://www.federalreserve.gov/newsevents/speech/powell20210924a.htm,0.0,Neutral,0.0,none,0.0,0.0,0.0,0,0,[],scored,
FED_DOC_309D5A801BD4,FED,2021-09-27,Lael Brainard,Navigating Delta Headwinds on the Path to a Full Recovery,Speeches,speech,FED_2021_09,data\FED\Speeches\2021-09-27 - Lael Brainard - Navigating Delta Headwinds on the Path to a Full Recovery.txt,https://www.federalreserve.gov/newsevents/speech/brainard20210927a.htm,0.0,Neutral,0.15,none,0.0,0.0,0.0,1,1,"[{""phrase"": ""incoming data"", ""direction"": ""neutral"", ""theme"": ""data_dependence"", ""count"": 1, ""weight"": 0.0, ""scaled_count"": 1.0, ""scaled_contribution"": 0.0, ""notes"": ""Neutral by default; can accompany hawkish or dovish decisions.""}]",scored,
FED_DOC_B3A36DE2C6BD,FED,2021-09-28,Michelle W. Bowman,Creating a New Model for the Future of Supervision,Speeches,speech,FED_2021_09,data\FED\Speeches\2021-09-28 - Michelle W. Bowman - Creating a New Model for the Future of Supervision.txt,https://www.federalreserve.gov/newsevents/speech/bowman20210928a.htm,0.0,Neutral,0.0,none,0.0,0.0,0.0,0,0,[],scored,
FED_DOC_E202CE5D8EEE,FED,2021-10-05,Randal K. Quarles,Goodbye to All That: The End of LIBOR,Speeches,speech,FED_2021_09,data\FED\Speeches\2021-10-05 - Randal K. Quarles - Goodbye to All That_ The End of LIBOR.txt,https://www.federalreserve.gov/newsevents/speech/quarles20211005a.htm,0.0,Neutral,0.0,none,0.0,0.0,0.0,0,0,[],scored,
FED_DOC_48752476C512,FED,2021-10-07,Lael Brainard,Building Climate Scenario Analysis on the Foundations of Economic Research,Speeches,speech,FED_2021_09,data\FED\Speeches\2021-10-07 - Lael Brainard - Building Climate Scenario Analysis on the Foundations of Economic Research.txt,https://www.federalreserve.gov/newsevents/speech/brainard20211007a.htm,0.0,Neutral,0.0,none,0.0,0.0,0.0,0,0,[],scored,
FED_DOC_A8B682FA5C31,FED,2021-10-12,Richard H. Clarida,U.S. Economic Outlook and Monetary Policy,Speeches,speech,FED_2021_09,data\FED\Speeches\2021-10-12 - Richard H. Clarida - U.S. Economic Outlook and Monetary Policy.txt,https://www.federalreserve.gov/newsevents/speech/clarida20211012a.htm,3.386294361119891,Hawkish,0.349,hawkish,3.386294361119891,0.0,3.386294361119891,1,2,"[{""phrase"": ""target range for the federal funds rate"", ""direction"": ""hawkish"", ""theme"": ""restrictive_stance"", ""count"": 2, ""weight"": 2.0, ""scaled_count"": 1.6931471805599454, ""scaled_contribution"": 3.386294361119891, ""notes"": ""FED-specific policy implementation phrasing; context matters for balance sheet phrases.""}]",scored,
FED_DOC_1A3AF921C3D0,FED,2021-10-13,Lael Brainard,Financial Inclusion and Economic Challenges in the Shadow of the Pandemic: A Conversation with Tribal Leaders,Speeches,speech,FED_2021_09,data\FED\Speeches\2021-10-13 - Lael Brainard - Financial Inclusion and Economic Challenges in the Shadow of the Pandemic_ A Conversation with Tribal Leaders.txt,https://www.federalreserve.gov/newsevents/speech/brainard20211013a.htm,0.0,Neutral,0.0,none,0.0,0.0,0.0,0,0,[],scored,
FED_DOC_D14E7E781E00,FED,2021-10-13,Michelle W. Bowman,The View from Here: The Outlook for the U.S. Economy and Implications for Monetary Policy,Speeches,speech,FED_2021_09,data\FED\Speeches\2021-10-13 - Michelle W. Bowman - The View from Here_ The Outlook for the U.S. Economy and Implications for Monetary Policy.txt,https://www.federalreserve.gov/newsevents/speech/bowman20211013a.htm,0.0,Neutral,0.0,none,0.0,0.0,0.0,0,0,[],scored,
FED_DOC_930A561867E9,FED,2021-10-18,Randal K. Quarles,Financial Stability and Coordination in Times of Crisis,Speeches,speech,FED_2021_09,data\FED\Speeches\2021-10-18 - Randal K. Quarles - Financial Stability and Coordination in Times of Crisis.txt,https://www.federalreserve.gov/newsevents/speech/quarles20211018a.htm,0.0,Neutral,0.0,none,0.0,0.0,0.0,0,0,[],scored,
FED_DOC_6897BB7A0DA6,FED,2021-10-19,Christopher J. Waller,The Economic Outlook and a Cautionary Tale on âIdiosyncraticâ Price Changes and Inflation,Speeches,speech,FED_2021_09,data\FED\Speeches\2021-10-19 - Christopher J. Waller - The Economic Outlook and a Cautionary Tale on âIdiosyncraticâ Price Changes and Inflation.txt,https://www.federalreserve.gov/newsevents/speech/waller20211019a.htm,2.0,Neutral-Hawkish,0.302,hawkish,2.0,0.0,2.0,1,1,"[{""phrase"": ""target range for the federal funds rate"", ""direction"": ""hawkish"", ""theme"": ""restrictive_stance"", ""count"": 1, ""weight"": 2.0, ""scaled_count"": 1.0, ""scaled_contribution"": 2.0, ""notes"": ""FED-specific policy implementation phrasing; context matters for balance sheet phrases.""}]",scored,
FED_DOC_688791B68D0C,FED,2021-10-19,Welcoming Remarks,Welcoming Remarks,Speeches,speech,FED_2021_09,data\FED\Speeches\2021-10-19 - Welcoming Remarks - Welcoming Remarks.txt,https://www.federalreserve.gov/newsevents/speech/bowman20211019a.htm,0.0,Neutral,0.0,none,0.0,0.0,0.0,0,0,[],scored,
FED_DOC_08D9FCBAB99F,FED,2021-10-20,Randal K. Quarles,How Long is Too Long? How High is Too High?: Managing Recent Inflation Developments within the FOMCâs Monetary Policy Framework,Speeches,speech,FED_2021_09,data\FED\Speeches\2021-10-20 - Randal K. Quarles - How Long is Too Long_ How High is Too High_ Managing Recent Inflation Developments within the FOMCâs Monetary Polic.txt,https://www.federalreserve.gov/newsevents/speech/quarles20211020a.htm,4.0,Hawkish,0.596,hawkish,4.0,0.0,4.0,2,2,"[{""phrase"": ""inflation is high"", ""direction"": ""hawkish"", ""theme"": ""inflation_too_high"", ""count"": 1, ""weight"": 2.0, ""scaled_count"": 1.0, ""scaled_contribution"": 2.0, ""notes"": """"}, {""phrase"": ""upside risks to inflation"", ""direction"": ""hawkish"", ""theme"": ""upside_inflation_risks"", ""count"": 1, ""weight"": 2.0, ""scaled_count"": 1.0, ""scaled_contribution"": 2.0, ""notes"": """"}]",scored,
FED_DOC_E33872CEEB0C,FED,2021-10-22,Michelle W. Bowman,The Lack of New Bank Formations is a Significant Issue for the Banking Industry,Speeches,speech,FED_2021_09,data\FED\Speeches\2021-10-22 - Michelle W. Bowman - The Lack of New Bank Formations is a Significant Issue for the Banking Industry.txt,https://www.federalreserve.gov/newsevents/speech/bowman20211022a.htm,0.0,Neutral,0.0,none,0.0,0.0,0.0,0,0,[],scored,
FED_DOC_79313CF650B6,FED,2021-11-03,,FOMC minutes,Minutes,minutes,FED_2021_11,data\FED\Minutes\2021-11-03 - FOMC minutes.txt,https://www.federalreserve.gov/monetarypolicy/files/fomcminutes20211103.pdf,10.0,Strongly Hawkish,0.876,hawkish,10.583518938456109,0.0,10.583518938456109,4,10,"[{""phrase"": ""inflation is elevated"", ""direction"": ""hawkish"", ""theme"": ""inflation_too_high"", ""count"": 1, ""weight"": 3.0, ""scaled_count"": 1.0, ""scaled_contribution"": 3.0, ""notes"": """"}, {""phrase"": ""upside risks to inflation"", ""direction"": ""hawkish"", ""theme"": ""upside_inflation_risks"", ""count"": 1, ""weight"": 2.0, ""scaled_count"": 1.0, ""scaled_contribution"": 2.0, ""notes"": """"}, {""phrase"": ""incoming data"", ""direction"": ""neutral"", ""theme"": ""data_dependence"", ""count"": 2, ""weight"": 0.0, ""scaled_count"": 1.6931471805599454, ""scaled_contribution"": 0.0, ""notes"": ""Neutral by default; can accompany hawkish or dovish decisions.""}, {""phrase"": ""target range for the federal funds rate"", ""direction"": ""hawkish"", ""theme"": ""restrictive_stance"", ""count"": 6, ""weight"": 2.0, ""scaled_count"": 2.791759469228055, ""scaled_contribution"": 5.58351893845611, ""notes"": ""FED-specific policy implementation phrasing; context matters for balance sheet phrases.""}]",scored,
FED_DOC_A25BBF08463A,FED,2021-11-03,,FOMC statement,Monetary Policy,statement,FED_2021_11,data\FED\Monetary Policy\2021-11-03 - FOMC statement.txt,https://www.federalreserve.gov/monetarypolicy/files/monetary20211103a1.pdf,5.0,Hawkish,0.659,hawkish,5.0,0.0,5.0,2,2,"[{""phrase"": ""inflation is elevated"", ""direction"": ""hawkish"", ""theme"": ""inflation_too_high"", ""count"": 1, ""weight"": 3.0, ""scaled_count"": 1.0, ""scaled_contribution"": 3.0, ""notes"": """"}, {""phrase"": ""target range for the federal funds rate"", ""direction"": ""hawkish"", ""theme"": ""restrictive_stance"", ""count"": 1, ""weight"": 2.0, ""scaled_count"": 1.0, ""scaled_contribution"": 2.0, ""notes"": ""FED-specific policy implementation phrasing; context matters for balance sheet phrases.""}]",scored,
FED_DOC_E9C42DF66787,FED,2021-11-08,Richard H. Clarida,Flexible Average Inflation Targeting and Prospects for U.S. Monetary Policy,Speeches,speech,FED_2021_11,data\FED\Speeches\2021-11-08 - Richard H. Clarida - Flexible Average Inflation Targeting and Prospects for U.S. Monetary Policy.txt,https://www.federalreserve.gov/newsevents/speech/clarida20211108a.htm,3.386294361119891,Hawkish,0.349,hawkish,3.386294361119891,0.0,3.386294361119891,1,2,"[{""phrase"": ""target range for the federal funds rate"", ""direction"": ""hawkish"", ""theme"": ""restrictive_stance"", ""count"": 2, ""weight"": 2.0, ""scaled_count"": 1.6931471805599454, ""scaled_contribution"": 3.386294361119891, ""notes"": ""FED-specific policy implementation phrasing; context matters for balance sheet phrases.""}]",scored,
FED_DOC_3DC4B02B0BC7,FED,2021-11-08,Jerome H. Powell,Opening Remarks,Speeches,speech,FED_2021_11,data\FED\Speeches\2021-11-08 - Jerome H. Powell - Opening Remarks.txt,https://www.federalreserve.gov/newsevents/speech/powell20211108a.htm,0.0,Neutral,0.0,none,0.0,0.0,0.0,0,0,[],scored,
FED_DOC_F56EC3331F73,FED,2021-11-08,Michelle W. Bowman,The U.S. Housing and Mortgage Market: Risks and Resilience,Speeches,speech,FED_2021_11,data\FED\Speeches\2021-11-08 - Michelle W. Bowman - The U.S. Housing and Mortgage Market_ Risks and Resilience.txt,https://www.federalreserve.gov/newsevents/speech/bowman20211108a.htm,0.0,Neutral,0.15,none,0.0,0.0,0.0,1,1,"[{""phrase"": ""incoming data"", ""direction"": ""neutral"", ""theme"": ""data_dependence"", ""count"": 1, ""weight"": 0.0, ""scaled_count"": 1.0, ""scaled_contribution"": 0.0, ""notes"": ""Neutral by default; can accompany hawkish or dovish decisions.""}]",scored,
FED_DOC_55AC407AAB0E,FED,2021-11-09,Jerome H. Powell,Opening Remarks,Speeches,speech,FED_2021_11,data\FED\Speeches\2021-11-09 - Jerome H. Powell - Opening Remarks.txt,https://www.federalreserve.gov/newsevents/speech/powell20211109a.htm,0.0,Neutral,0.0,none,0.0,0.0,0.0,0,0,[],scored,
FED_DOC_DE16B74686E6,FED,2021-11-17,Christopher J. Waller,Reflections on Stablecoins and Payments Innovations,Speeches,speech,FED_2021_11,data\FED\Speeches\2021-11-17 - Christopher J. Waller - Reflections on Stablecoins and Payments Innovations.txt,https://www.federalreserve.gov/newsevents/speech/waller20211117a.htm,0.0,Neutral,0.0,none,0.0,0.0,0.0,0,0,[],scored,
FED_DOC_A0F04E718745,FED,2021-11-19,Economic Outlook,Economic Outlook,Speeches,speech,FED_2021_11,data\FED\Speeches\2021-11-19 - Economic Outlook - Economic Outlook.txt,https://www.federalreserve.gov/newsevents/speech/waller20211119a.htm,3.386294361119891,Hawkish,0.349,hawkish,3.386294361119891,0.0,3.386294361119891,2,5,"[{""phrase"": ""incoming data"", ""direction"": ""neutral"", ""theme"": ""data_dependence"", ""count"": 3, ""weight"": 0.0, ""scaled_count"": 2.09861228866811, ""scaled_contribution"": 0.0, ""notes"": ""Neutral by default; can accompany hawkish or dovish decisions.""}, {""phrase"": ""target range for the federal funds rate"", ""direction"": ""hawkish"", ""theme"": ""restrictive_stance"", ""count"": 2, ""weight"": 2.0, ""scaled_count"": 1.6931471805599454, ""scaled_contribution"": 3.386294361119891, ""notes"": ""FED-specific policy implementation phrasing; context matters for balance sheet phrases.""}]",scored,
FED_DOC_067630A03BBB,FED,2021-11-19,Richard H. Clarida,"Perspectives on Global Monetary Policy Coordination, Cooperation, and Correlation",Speeches,speech,FED_2021_11,"data\FED\Speeches\2021-11-19 - Richard H. Clarida - Perspectives on Global Monetary Policy Coordination, Cooperation, and Correlation.txt",https://www.federalreserve.gov/newsevents/speech/clarida20211119a.htm,3.0,Hawkish,0.365,hawkish,3.0,0.0,3.0,1,1,"[{""phrase"": ""inflation is too high"", ""direction"": ""hawkish"", ""theme"": ""inflation_too_high"", ""count"": 1, ""weight"": 3.0, ""scaled_count"": 1.0, ""scaled_contribution"": 3.0, ""notes"": """"}]",scored,
FED_DOC_801A507CEA19,FED,2021-11-29,Michelle W. Bowman,"Engagement, Research and Policy: Integrating Indigenous Voices into Economic Inclusion at the Federal Reserve",Speeches,speech,FED_2021_11,"data\FED\Speeches\2021-11-29 - Michelle W. Bowman - Engagement, Research and Policy_ Integrating Indigenous Voices into Economic Inclusion at the Federal Reserve.txt",https://www.federalreserve.gov/newsevents/speech/bowman20211129a.htm,0.0,Neutral,0.0,none,0.0,0.0,0.0,0,0,[],scored,
FED_DOC_0D3BEA180082,FED,2021-11-29,Jerome H. Powell,Opening Remarks,Speeches,speech,FED_2021_11,data\FED\Speeches\2021-11-29 - Jerome H. Powell - Opening Remarks.txt,https://www.federalreserve.gov/newsevents/speech/powell20211129a.htm,0.0,Neutral,0.0,none,0.0,0.0,0.0,0,0,[],scored,
FED_DOC_ABFFFC01A62B,FED,2021-11-30,Richard H. Clarida,Federal Reserve Independence: Foundations and Responsibilities,Speeches,speech,FED_2021_11,data\FED\Speeches\2021-11-30 - Richard H. Clarida - Federal Reserve Independence_ Foundations and Responsibilities.txt,https://www.federalreserve.gov/newsevents/speech/clarida20211130a.htm,2.0,Neutral-Hawkish,0.302,hawkish,2.0,0.0,2.0,1,1,"[{""phrase"": ""target range for the federal funds rate"", ""direction"": ""hawkish"", ""theme"": ""restrictive_stance"", ""count"": 1, ""weight"": 2.0, ""scaled_count"": 1.0, ""scaled_contribution"": 2.0, ""notes"": ""FED-specific policy implementation phrasing; context matters for balance sheet phrases.""}]",scored,
FED_DOC_B856ED3CFF11,FED,2021-12-02,Randal K. Quarles,Between the Hither and the Farther Shore: Thoughts on Unfinished Business,Speeches,speech,FED_2021_11,data\FED\Speeches\2021-12-02 - Randal K. Quarles - Between the Hither and the Farther Shore_ Thoughts on Unfinished Business.txt,https://www.federalreserve.gov/newsevents/speech/quarles20211202a.htm,0.0,Neutral,0.0,none,0.0,0.0,0.0,0,0,[],scored,
FED_DOC_C51656387D53,FED,2021-12-15,,FOMC minutes,Minutes,minutes,FED_2021_12,data\FED\Minutes\2021-12-15 - FOMC minutes.txt,https://www.federalreserve.gov/monetarypolicy/files/fomcminutes20211215.pdf,8.39444915467244,Strongly Hawkish,0.813,hawkish,8.39444915467244,0.0,8.39444915467244,4,14,"[{""phrase"": ""upside risks to inflation"", ""direction"": ""hawkish"", ""theme"": ""upside_inflation_risks"", ""count"": 1, ""weight"": 2.0, ""scaled_count"": 1.0, ""scaled_contribution"": 2.0, ""notes"": """"}, {""phrase"": ""data dependent"", ""direction"": ""neutral"", ""theme"": ""data_dependence"", ""count"": 1, ""weight"": 0.0, ""scaled_count"": 1.0, ""scaled_contribution"": 0.0, ""notes"": ""Neutral by default; can accompany hawkish or dovish decisions.""}, {""phrase"": ""incoming data"", ""direction"": ""neutral"", ""theme"": ""data_dependence"", ""count"": 3, ""weight"": 0.0, ""scaled_count"": 2.09861228866811, ""scaled_contribution"": 0.0, ""notes"": ""Neutral by default; can accompany hawkish or dovish decisions.""}, {""phrase"": ""target range for the federal funds rate"", ""direction"": ""hawkish"", ""theme"": ""restrictive_stance"", ""count"": 9, ""weight"": 2.0, ""scaled_count"": 3.1972245773362196, ""scaled_contribution"": 6.394449154672439, ""notes"": ""FED-specific policy implementation phrasing; context matters for balance sheet phrases.""}]",scored,
FED_DOC_D4AC23A3E0CB,FED,2021-12-15,,FOMC statement,Monetary Policy,statement,FED_2021_12,data\FED\Monetary Policy\2021-12-15 - FOMC statement.txt,https://www.federalreserve.gov/monetarypolicy/files/monetary20211215a1.pdf,2.0,Neutral-Hawkish,0.302,hawkish,2.0,0.0,2.0,1,1,"[{""phrase"": ""target range for the federal funds rate"", ""direction"": ""hawkish"", ""theme"": ""restrictive_stance"", ""count"": 1, ""weight"": 2.0, ""scaled_count"": 1.0, ""scaled_contribution"": 2.0, ""notes"": ""FED-specific policy implementation phrasing; context matters for balance sheet phrases.""}]",scored,
FED_DOC_5104C3D598A1,FED,2021-12-17,Christopher J. Waller,A Hopeless and Imperative Endeavor: Lessons from the Pandemic for Economic Forecasters,Speeches,speech,FED_2021_12,data\FED\Speeches\2021-12-17 - Christopher J. Waller - A Hopeless and Imperative Endeavor_ Lessons from the Pandemic for Economic Forecasters.txt,https://www.federalreserve.gov/newsevents/speech/waller20211217a.htm,4.0,Hawkish,0.596,hawkish,4.0,0.0,4.0,2,2,"[{""phrase"": ""upside risks to inflation"", ""direction"": ""hawkish"", ""theme"": ""upside_inflation_risks"", ""count"": 1, ""weight"": 2.0, ""scaled_count"": 1.0, ""scaled_contribution"": 2.0, ""notes"": """"}, {""phrase"": ""target range for the federal funds rate"", ""direction"": ""hawkish"", ""theme"": ""restrictive_stance"", ""count"": 1, ""weight"": 2.0, ""scaled_count"": 1.0, ""scaled_contribution"": 2.0, ""notes"": ""FED-specific policy implementation phrasing; context matters for balance sheet phrases.""}]",scored,
FED_DOC_E1296E6BABD3,FED,2022-01-26,,FOMC minutes,Minutes,minutes,FED_2022_01,data\FED\Minutes\2022-01-26 - FOMC minutes.txt,https://www.federalreserve.gov/monetarypolicy/files/fomcminutes20220126.pdf,7.41610040220442,Hawkish,0.503,hawkish,7.41610040220442,0.0,7.41610040220442,2,16,"[{""phrase"": ""incoming data"", ""direction"": ""neutral"", ""theme"": ""data_dependence"", ""count"": 1, ""weight"": 0.0, ""scaled_count"": 1.0, ""scaled_contribution"": 0.0, ""notes"": ""Neutral by default; can accompany hawkish or dovish decisions.""}, {""phrase"": ""target range for the federal funds rate"", ""direction"": ""hawkish"", ""theme"": ""restrictive_stance"", ""count"": 15, ""weight"": 2.0, ""scaled_count"": 3.70805020110221, ""scaled_contribution"": 7.41610040220442, ""notes"": ""FED-specific policy implementation phrasing; context matters for balance sheet phrases.""}]",scored,
FED_DOC_6EA63600B6E6,FED,2022-01-26,,FOMC statement,Monetary Policy,statement,FED_2022_01,data\FED\Monetary Policy\2022-01-26 - FOMC statement.txt,https://www.federalreserve.gov/monetarypolicy/files/monetary20220126a1.pdf,3.386294361119891,Hawkish,0.349,hawkish,3.386294361119891,0.0,3.386294361119891,1,2,"[{""phrase"": ""target range for the federal funds rate"", ""direction"": ""hawkish"", ""theme"": ""restrictive_stance"", ""count"": 2, ""weight"": 2.0, ""scaled_count"": 1.6931471805599454, ""scaled_contribution"": 3.386294361119891, ""notes"": ""FED-specific policy implementation phrasing; context matters for balance sheet phrases.""}]",scored,
FED_DOC_6549A97BA416,FED,2022-02-18,Christopher J. Waller,"Comments on ""Some Benefits and Risks of a Hot Economy""",Speeches,speech,FED_2022_01,data\FED\Speeches\2022-02-18 - Christopher J. Waller - Comments on _Some Benefits and Risks of a Hot Economy_.txt,https://www.federalreserve.gov/newsevents/speech/waller20220218a.htm,0.0,Neutral,0.0,none,0.0,0.0,0.0,0,0,[],scored,
FED_DOC_9AAB24AB7440,FED,2022-02-18,Lael Brainard,Preparing for the Financial System of the Future,Speeches,speech,FED_2022_01,data\FED\Speeches\2022-02-18 - Lael Brainard - Preparing for the Financial System of the Future.txt,https://www.federalreserve.gov/newsevents/speech/brainard20220218a.htm,0.0,Neutral,0.0,none,0.0,0.0,0.0,0,0,[],scored,
FED_DOC_A75F6DE9621F,FED,2022-02-21,Michelle W. Bowman,High Inflation and the Outlook for Monetary Policy,Speeches,speech,FED_2022_01,data\FED\Speeches\2022-02-21 - Michelle W. Bowman - High Inflation and the Outlook for Monetary Policy.txt,https://www.federalreserve.gov/newsevents/speech/bowman20220221a.htm,2.0,Neutral-Hawkish,0.302,hawkish,2.0,0.0,2.0,1,1,"[{""phrase"": ""target range for the federal funds rate"", ""direction"": ""hawkish"", ""theme"": ""restrictive_stance"", ""count"": 1, ""weight"": 2.0, ""scaled_count"": 1.0, ""scaled_contribution"": 2.0, ""notes"": ""FED-specific policy implementation phrasing; context matters for balance sheet phrases.""}]",scored,
FED_DOC_7326BB90F476,FED,2022-02-24,Christopher J. Waller,Fighting Inflation with Rate Hikes and Balance Sheet Reduction,Speeches,speech,FED_2022_01,data\FED\Speeches\2022-02-24 - Christopher J. Waller - Fighting Inflation with Rate Hikes and Balance Sheet Reduction.txt,https://www.federalreserve.gov/newsevents/speech/waller20220224a.htm,7.19722457733622,Hawkish,0.722,hawkish,7.19722457733622,0.0,7.19722457733622,4,8,"[{""phrase"": ""inflation is too high"", ""direction"": ""hawkish"", ""theme"": ""inflation_too_high"", ""count"": 1, ""weight"": 3.0, ""scaled_count"": 1.0, ""scaled_contribution"": 3.0, ""notes"": """"}, {""phrase"": ""data dependent"", ""direction"": ""neutral"", ""theme"": ""data_dependence"", ""count"": 2, ""weight"": 0.0, ""scaled_count"": 1.6931471805599454, ""scaled_contribution"": 0.0, ""notes"": ""Neutral by default; can accompany hawkish or dovish decisions.""}, {""phrase"": ""incoming data"", ""direction"": ""neutral"", ""theme"": ""data_dependence"", ""count"": 2, ""weight"": 0.0, ""scaled_count"": 1.6931471805599454, ""scaled_contribution"": 0.0, ""notes"": ""Neutral by default; can accompany hawkish or dovish decisions.""}, {""phrase"": ""target range for the federal funds rate"", ""direction"": ""hawkish"", ""theme"": ""restrictive_stance"", ""count"": 3, ""weight"": 2.0, ""scaled_count"": 2.09861228866811, ""scaled_contribution"": 4.19722457733622, ""notes"": ""FED-specific policy implementation phrasing; context matters for balance sheet phrases.""}]",scored,
FED_DOC_ACDC751C5B07,FED,2022-03-16,,FOMC minutes,Minutes,minutes,FED_2022_03,data\FED\Minutes\2022-03-16 - FOMC minutes.txt,https://www.federalreserve.gov/monetarypolicy/files/fomcminutes20220316.pdf,4.605170185988092,Hawkish,0.574,hawkish,6.605170185988092,2.0,4.605170185988092,4,14,"[{""phrase"": ""incoming data"", ""direction"": ""neutral"", ""theme"": ""data_dependence"", ""count"": 2, ""weight"": 0.0, ""scaled_count"": 1.6931471805599454, ""scaled_contribution"": 0.0, ""notes"": ""Neutral by default; can accompany hawkish or dovish decisions.""}, {""phrase"": ""evolving outlook"", ""direction"": ""neutral"", ""theme"": ""data_dependence"", ""count"": 1, ""weight"": 0.0, ""scaled_count"": 1.0, ""scaled_contribution"": 0.0, ""notes"": ""Neutral by default; can accompany hawkish or dovish decisions.""}, {""phrase"": ""downside risks to growth"", ""direction"": ""dovish"", ""theme"": ""downside_growth_risks"", ""count"": 1, ""weight"": -2.0, ""scaled_count"": 1.0, ""scaled_contribution"": -2.0, ""notes"": """"}, {""phrase"": ""target range for the federal funds rate"", ""direction"": ""hawkish"", ""theme"": ""restrictive_stance"", ""count"": 10, ""weight"": 2.0, ""scaled_count"": 3.302585092994046, ""scaled_contribution"": 6.605170185988092, ""notes"": ""FED-specific policy implementation phrasing; context matters for balance sheet phrases.""}]",scored,
FED_DOC_1B8FFEA724BB,FED,2022-03-16,,FOMC statement,Monetary Policy,statement,FED_2022_03,data\FED\Monetary Policy\2022-03-16 - FOMC statement.txt,https://www.federalreserve.gov/monetarypolicy/files/monetary20220316a1.pdf,6.386294361119891,Hawkish,0.69,hawkish,6.386294361119891,0.0,6.386294361119891,2,3,"[{""phrase"": ""inflation remains elevated"", ""direction"": ""hawkish"", ""theme"": ""inflation_too_high"", ""count"": 1, ""weight"": 3.0, ""scaled_count"": 1.0, ""scaled_contribution"": 3.0, ""notes"": """"}, {""phrase"": ""target range for the federal funds rate"", ""direction"": ""hawkish"", ""theme"": ""restrictive_stance"", ""count"": 2, ""weight"": 2.0, ""scaled_count"": 1.6931471805599454, ""scaled_contribution"": 3.386294361119891, ""notes"": ""FED-specific policy implementation phrasing; context matters for balance sheet phrases.""}]",scored,
FED_DOC_3A6FC2995A40,FED,2022-03-18,Welcoming Remarks,Welcoming Remarks,Speeches,speech,FED_2022_03,data\FED\Speeches\2022-03-18 - Welcoming Remarks - Welcoming Remarks.txt,https://www.federalreserve.gov/newsevents/speech/bowman20220318a.htm,0.0,Neutral,0.0,none,0.0,0.0,0.0,0,0,[],scored,
FED_DOC_4D2F6C089423,FED,2022-03-21,Pro Tempore Jerome H. Powell,Restoring Price Stability,Speeches,speech,FED_2022_03,data\FED\Speeches\2022-03-21 - Pro Tempore Jerome H. Powell - Restoring Price Stability.txt,https://www.federalreserve.gov/newsevents/speech/powell20220321a.htm,0.0,Neutral,0.15,none,0.0,0.0,0.0,1,1,"[{""phrase"": ""data-dependent"", ""direction"": ""neutral"", ""theme"": ""data_dependence"", ""count"": 1, ""weight"": 0.0, ""scaled_count"": 1.0, ""scaled_contribution"": 0.0, ""notes"": ""Neutral by default; can accompany hawkish or dovish decisions.""}]",scored,
FED_DOC_F8617E1600FA,FED,2022-03-24,Christopher J. Waller,The Red Hot Housing Market: the Role of Policy and Implications for Housing Affordability,Speeches,speech,FED_2022_03,data\FED\Speeches\2022-03-24 - Christopher J. Waller - The Red Hot Housing Market_ the Role of Policy and Implications for Housing Affordability.txt,https://www.federalreserve.gov/newsevents/speech/waller20220324a.htm,3.386294361119891,Hawkish,0.349,hawkish,3.386294361119891,0.0,3.386294361119891,1,2,"[{""phrase"": ""target range for the federal funds rate"", ""direction"": ""hawkish"", ""theme"": ""restrictive_stance"", ""count"": 2, ""weight"": 2.0, ""scaled_count"": 1.6931471805599454, ""scaled_contribution"": 3.386294361119891, ""notes"": ""FED-specific policy implementation phrasing; context matters for balance sheet phrases.""}]",scored,
FED_DOC_AC6CDC4FDD36,FED,2022-04-05,Lael Brainard,Variation in the Inflation Experiences of Households,Speeches,speech,FED_2022_03,data\FED\Speeches\2022-04-05 - Lael Brainard - Variation in the Inflation Experiences of Households.txt,https://www.federalreserve.gov/newsevents/speech/brainard20220405a.htm,-4.0,Dovish,0.556,dovish,0.0,4.0,-4.0,4,4,"[{""phrase"": ""incoming data"", ""direction"": ""neutral"", ""theme"": ""data_dependence"", ""count"": 1, ""weight"": 0.0, ""scaled_count"": 1.0, ""scaled_contribution"": 0.0, ""notes"": ""Neutral by default; can accompany hawkish or dovish decisions.""}, {""phrase"": ""balance of risks"", ""direction"": ""neutral"", ""theme"": ""data_dependence"", ""count"": 1, ""weight"": 0.0, ""scaled_count"": 1.0, ""scaled_contribution"": 0.0, ""notes"": ""Neutral by default; can accompany hawkish or dovish decisions.""}, {""phrase"": ""downside risks to growth"", ""direction"": ""dovish"", ""theme"": ""downside_growth_risks"", ""count"": 1, ""weight"": -2.0, ""scaled_count"": 1.0, ""scaled_contribution"": -2.0, ""notes"": """"}, {""phrase"": ""downside risks to activity"", ""direction"": ""dovish"", ""theme"": ""downside_growth_risks"", ""count"": 1, ""weight"": -2.0, ""scaled_count"": 1.0, ""scaled_contribution"": -2.0, ""notes"": """"}]",scored,
FED_DOC_765967B363BB,FED,2022-05-04,,FOMC minutes,Minutes,minutes,FED_2022_05,data\FED\Minutes\2022-05-04 - FOMC minutes.txt,https://www.federalreserve.gov/monetarypolicy/files/fomcminutes20220504.pdf,10.0,Strongly Hawkish,0.87,hawkish,13.969813299576,0.0,13.969813299576,5,11,"[{""phrase"": ""inflation remains elevated"", ""direction"": ""hawkish"", ""theme"": ""inflation_too_high"", ""count"": 1, ""weight"": 3.0, ""scaled_count"": 1.0, ""scaled_contribution"": 3.0, ""notes"": """"}, {""phrase"": ""upside risks to inflation"", ""direction"": ""hawkish"", ""theme"": ""upside_inflation_risks"", ""count"": 1, ""weight"": 2.0, ""scaled_count"": 1.0, ""scaled_contribution"": 2.0, ""notes"": """"}, {""phrase"": ""data dependent"", ""direction"": ""neutral"", ""theme"": ""data_dependence"", ""count"": 1, ""weight"": 0.0, ""scaled_count"": 1.0, ""scaled_contribution"": 0.0, ""notes"": ""Neutral by default; can accompany hawkish or dovish decisions.""}, {""phrase"": ""target range for the federal funds rate"", ""direction"": ""hawkish"", ""theme"": ""restrictive_stance"", ""count"": 6, ""weight"": 2.0, ""scaled_count"": 2.791759469228055, ""scaled_contribution"": 5.58351893845611, ""notes"": ""FED-specific policy implementation phrasing; context matters for balance sheet phrases.""}, {""phrase"": ""highly attentive to inflation risks"", ""direction"": ""hawkish"", ""theme"": ""inflation_too_high"", ""count"": 2, ""weight"": 2.0, ""scaled_count"": 1.6931471805599454, ""scaled_contribution"": 3.386294361119891, ""notes"": """"}]",scored,
FED_DOC_01ECCF02DE6D,FED,2022-05-04,,FOMC statement,Monetary Policy,statement,FED_2022_05,data\FED\Monetary Policy\2022-05-04 - FOMC statement.txt,https://www.federalreserve.gov/monetarypolicy/files/monetary20220504a1.pdf,7.0,Hawkish,0.679,hawkish,7.0,0.0,7.0,3,3,"[{""phrase"": ""inflation remains elevated"", ""direction"": ""hawkish"", ""theme"": ""inflation_too_high"", ""count"": 1, ""weight"": 3.0, ""scaled_count"": 1.0, ""scaled_contribution"": 3.0, ""notes"": """"}, {""phrase"": ""target range for the federal funds rate"", ""direction"": ""hawkish"", ""theme"": ""restrictive_stance"", ""count"": 1, ""weight"": 2.0, ""scaled_count"": 1.0, ""scaled_contribution"": 2.0, ""notes"": ""FED-specific policy implementation phrasing; context matters for balance sheet phrases.""}, {""phrase"": ""highly attentive to inflation risks"", ""direction"": ""hawkish"", ""theme"": ""inflation_too_high"", ""count"": 1, ""weight"": 2.0, ""scaled_count"": 1.0, ""scaled_contribution"": 2.0, ""notes"": """"}]",scored,
FED_DOC_B168A9EB0096,FED,2022-05-06,Christopher J. Waller,Reflections on Monetary Policy in 2021,Speeches,speech,FED_2022_05,data\FED\Speeches\2022-05-06 - Christopher J. Waller - Reflections on Monetary Policy in 2021.txt,https://www.federalreserve.gov/newsevents/speech/waller20220506a.htm,0.0,Neutral,0.15,none,0.0,0.0,0.0,1,2,"[{""phrase"": ""incoming data"", ""direction"": ""neutral"", ""theme"": ""data_dependence"", ""count"": 2, ""weight"": 0.0, ""scaled_count"": 1.6931471805599454, ""scaled_contribution"": 0.0, ""notes"": ""Neutral by default; can accompany hawkish or dovish decisions.""}]",scored,
FED_DOC_F83FAE352B85,FED,2022-05-24,Jerome H. Powell,Welcoming Remarks,Speeches,speech,FED_2022_05,data\FED\Speeches\2022-05-24 - Jerome H. Powell - Welcoming Remarks.txt,https://www.federalreserve.gov/newsevents/speech/powell20220524a.htm,0.0,Neutral,0.0,none,0.0,0.0,0.0,0,0,[],scored,
FED_DOC_7CE1386F893C,FED,2022-05-25,Lael Brainard,Commencement Remarks,Speeches,speech,FED_2022_05,data\FED\Speeches\2022-05-25 - Lael Brainard - Commencement Remarks.txt,https://www.federalreserve.gov/newsevents/speech/brainard20220525a.htm,0.0,Neutral,0.0,none,0.0,0.0,0.0,0,0,[],scored,
FED_DOC_5638871E7903,FED,2022-05-30,Christopher J. Waller,"Responding to High Inflation, with Some Thoughts on a Soft Landing",Speeches,speech,FED_2022_05,"data\FED\Speeches\2022-05-30 - Christopher J. Waller - Responding to High Inflation, with Some Thoughts on a Soft Landing.txt",https://www.federalreserve.gov/newsevents/speech/waller20220530a.htm,4.0,Hawkish,0.479,hawkish,6.0,2.0,4.0,6,6,"[{""phrase"": ""inflation is high"", ""direction"": ""hawkish"", ""theme"": ""inflation_too_high"", ""count"": 1, ""weight"": 2.0, ""scaled_count"": 1.0, ""scaled_contribution"": 2.0, ""notes"": """"}, {""phrase"": ""labor market is tight"", ""direction"": ""hawkish"", ""theme"": ""labour_market_strength"", ""count"": 1, ""weight"": 2.0, ""scaled_count"": 1.0, ""scaled_contribution"": 2.0, ""notes"": """"}, {""phrase"": ""depend on incoming data"", ""direction"": ""neutral"", ""theme"": ""data_dependence"", ""count"": 1, ""weight"": 0.0, ""scaled_count"": 1.0, ""scaled_contribution"": 0.0, ""notes"": ""Neutral by default; can accompany hawkish or dovish decisions.""}, {""phrase"": ""incoming data"", ""direction"": ""neutral"", ""theme"": ""data_dependence"", ""count"": 1, ""weight"": 0.0, ""scaled_count"": 1.0, ""scaled_contribution"": 0.0, ""notes"": ""Neutral by default; can accompany hawkish or dovish decisions.""}, {""phrase"": ""sharp slowdown"", ""direction"": ""dovish"", ""theme"": ""recession_slack_risk"", ""count"": 1, ""weight"": -2.0, ""scaled_count"": 1.0, ""scaled_contribution"": -2.0, ""notes"": """"}, {""phrase"": ""target range for the federal funds rate"", ""direction"": ""hawkish"", ""theme"": ""restrictive_stance"", ""count"": 1, ""weight"": 2.0, ""scaled_count"": 1.0, ""scaled_contribution"": 2.0, ""notes"": ""FED-specific policy implementation phrasing; context matters for balance sheet phrases.""}]",scored,
FED_DOC_6704B5480198,FED,2022-06-03,Risk in the Crypto Markets,Risk in the Crypto Markets,Speeches,speech,FED_2022_05,data\FED\Speeches\2022-06-03 - Risk in the Crypto Markets - Risk in the Crypto Markets.txt,https://www.federalreserve.gov/newsevents/speech/waller20220603a.htm,0.0,Neutral,0.0,none,0.0,0.0,0.0,0,0,[],scored,
FED_DOC_C5558630B881,FED,2022-06-15,,FOMC minutes,Minutes,minutes,FED_2022_06,data\FED\Minutes\2022-06-15 - FOMC minutes.txt,https://www.federalreserve.gov/monetarypolicy/files/fomcminutes20220615.pdf,10.0,Strongly Hawkish,0.87,hawkish,15.089044875446847,0.0,15.089044875446847,6,16,"[{""phrase"": ""inflation remains elevated"", ""direction"": ""hawkish"", ""theme"": ""inflation_too_high"", ""count"": 1, ""weight"": 3.0, ""scaled_count"": 1.0, ""scaled_contribution"": 3.0, ""notes"": """"}, {""phrase"": ""upside risks to inflation"", ""direction"": ""hawkish"", ""theme"": ""upside_inflation_risks"", ""count"": 1, ""weight"": 2.0, ""scaled_count"": 1.0, ""scaled_contribution"": 2.0, ""notes"": """"}, {""phrase"": ""incoming data"", ""direction"": ""neutral"", ""theme"": ""data_dependence"", ""count"": 3, ""weight"": 0.0, ""scaled_count"": 2.09861228866811, ""scaled_contribution"": 0.0, ""notes"": ""Neutral by default; can accompany hawkish or dovish decisions.""}, {""phrase"": ""evolving outlook"", ""direction"": ""neutral"", ""theme"": ""data_dependence"", ""count"": 1, ""weight"": 0.0, ""scaled_count"": 1.0, ""scaled_contribution"": 0.0, ""notes"": ""Neutral by default; can accompany hawkish or dovish decisions.""}, {""phrase"": ""target range for the federal funds rate"", ""direction"": ""hawkish"", ""theme"": ""restrictive_stance"", ""count"": 7, ""weight"": 2.0, ""scaled_count"": 2.9459101490553135, ""scaled_contribution"": 5.891820298110627, ""notes"": ""FED-specific policy implementation phrasing; context matters for balance sheet phrases.""}, {""phrase"": ""highly attentive to inflation risks"", ""direction"": ""hawkish"", ""theme"": ""inflation_too_high"", ""count"": 3, ""weight"": 2.0, ""scaled_count"": 2.09861228866811, ""scaled_contribution"": 4.19722457733622, ""notes"": """"}]",scored,
FED_DOC_A83DEA2795D6,FED,2022-06-15,,FOMC statement,Monetary Policy,statement,FED_2022_06,data\FED\Monetary Policy\2022-06-15 - FOMC statement.txt,https://www.federalreserve.gov/monetarypolicy/files/monetary20220615a1.pdf,8.38629436111989,Strongly Hawkish,0.711,hawkish,8.38629436111989,0.0,8.38629436111989,3,4,"[{""phrase"": ""inflation remains elevated"", ""direction"": ""hawkish"", ""theme"": ""inflation_too_high"", ""count"": 1, ""weight"": 3.0, ""scaled_count"": 1.0, ""scaled_contribution"": 3.0, ""notes"": """"}, {""phrase"": ""target range for the federal funds rate"", ""direction"": ""hawkish"", ""theme"": ""restrictive_stance"", ""count"": 2, ""weight"": 2.0, ""scaled_count"": 1.6931471805599454, ""scaled_contribution"": 3.386294361119891, ""notes"": ""FED-specific policy implementation phrasing; context matters for balance sheet phrases.""}, {""phrase"": ""highly attentive to inflation risks"", ""direction"": ""hawkish"", ""theme"": ""inflation_too_high"", ""count"": 1, ""weight"": 2.0, ""scaled_count"": 1.0, ""scaled_contribution"": 2.0, ""notes"": """"}]",scored,
FED_DOC_3E880B2EDA46,FED,2022-06-17,Jerome H. Powell,Welcoming Remarks,Speeches,speech,FED_2022_06,data\FED\Speeches\2022-06-17 - Jerome H. Powell - Welcoming Remarks.txt,https://www.federalreserve.gov/newsevents/speech/powell20220617a.htm,0.0,Neutral,0.0,none,0.0,0.0,0.0,0,0,[],scored,
FED_DOC_EC90AD97C722,FED,2022-06-18,Christopher J. Waller,Lessons Learned on Normalizing Monetary Policy,Speeches,speech,FED_2022_06,data\FED\Speeches\2022-06-18 - Christopher J. Waller - Lessons Learned on Normalizing Monetary Policy.txt,https://www.federalreserve.gov/newsevents/speech/waller20220618a.htm,3.386294361119891,Hawkish,0.349,hawkish,3.386294361119891,0.0,3.386294361119891,1,2,"[{""phrase"": ""target range for the federal funds rate"", ""direction"": ""hawkish"", ""theme"": ""restrictive_stance"", ""count"": 2, ""weight"": 2.0, ""scaled_count"": 1.6931471805599454, ""scaled_contribution"": 3.386294361119891, ""notes"": ""FED-specific policy implementation phrasing; context matters for balance sheet phrases.""}]",scored,
FED_DOC_59F0F3A48B5D,FED,2022-06-23,Michelle W. Bowman,The Outlook for Inflation and Monetary Policy,Speeches,speech,FED_2022_06,data\FED\Speeches\2022-06-23 - Michelle W. Bowman - The Outlook for Inflation and Monetary Policy.txt,https://www.federalreserve.gov/newsevents/speech/bowman20220623a.htm,5.0,Hawkish,0.659,hawkish,5.0,0.0,5.0,3,3,"[{""phrase"": ""inflation is unacceptably high"", ""direction"": ""hawkish"", ""theme"": ""inflation_too_high"", ""count"": 1, ""weight"": 3.0, ""scaled_count"": 1.0, ""scaled_contribution"": 3.0, ""notes"": """"}, {""phrase"": ""incoming data"", ""direction"": ""neutral"", ""theme"": ""data_dependence"", ""count"": 1, ""weight"": 0.0, ""scaled_count"": 1.0, ""scaled_contribution"": 0.0, ""notes"": ""Neutral by default; can accompany hawkish or dovish decisions.""}, {""phrase"": ""target range for the federal funds rate"", ""direction"": ""hawkish"", ""theme"": ""restrictive_stance"", ""count"": 1, ""weight"": 2.0, ""scaled_count"": 1.0, ""scaled_contribution"": 2.0, ""notes"": ""FED-specific policy implementation phrasing; context matters for balance sheet phrases.""}]",scored,
FED_DOC_AD69E976D4DD,FED,2022-07-08,Lael Brainard,Crypto-Assets and Decentralized Finance through a Financial Stability Lens,Speeches,speech,FED_2022_06,data\FED\Speeches\2022-07-08 - Lael Brainard - Crypto-Assets and Decentralized Finance through a Financial Stability Lens.txt,https://www.federalreserve.gov/newsevents/speech/brainard20220708a.htm,0.0,Neutral,0.0,none,0.0,0.0,0.0,0,0,[],scored,
FED_DOC_4CE878A3D358,FED,2022-07-14,Christopher J. Waller,Monetary Policy in a World of Conflicting Data,Speeches,speech,FED_2022_06,data\FED\Speeches\2022-07-14 - Christopher J. Waller - Monetary Policy in a World of Conflicting Data.txt,https://www.federalreserve.gov/newsevents/speech/waller20220714a.htm,0.6137056388801092,Neutral-Hawkish,0.381,hawkish,5.0,4.386294361119891,0.6137056388801092,5,7,"[{""phrase"": ""inflation is far too high"", ""direction"": ""hawkish"", ""theme"": ""inflation_too_high"", ""count"": 1, ""weight"": 3.0, ""scaled_count"": 1.0, ""scaled_contribution"": 3.0, ""notes"": """"}, {""phrase"": ""incoming data"", ""direction"": ""neutral"", ""theme"": ""data_dependence"", ""count"": 2, ""weight"": 0.0, ""scaled_count"": 1.6931471805599454, ""scaled_contribution"": 0.0, ""notes"": ""Neutral by default; can accompany hawkish or dovish decisions.""}, {""phrase"": ""progress on inflation"", ""direction"": ""dovish"", ""theme"": ""inflation_progress"", ""count"": 1, ""weight"": -1.0, ""scaled_count"": 1.0, ""scaled_contribution"": -1.0, ""notes"": """"}, {""phrase"": ""close to neutral"", ""direction"": ""dovish"", ""theme"": ""easing_cut_bias"", ""count"": 2, ""weight"": -2.0, ""scaled_count"": 1.6931471805599454, ""scaled_contribution"": -3.386294361119891, ""notes"": """"}, {""phrase"": ""target range for the federal funds rate"", ""direction"": ""hawkish"", ""theme"": ""restrictive_stance"", ""count"": 1, ""weight"": 2.0, ""scaled_count"": 1.0, ""scaled_contribution"": 2.0, ""notes"": ""FED-specific policy implementation phrasing; context matters for balance sheet phrases.""}]",scored,
FED_DOC_3D62EA3E03F5,FED,2022-07-19,Lael Brainard,Strengthening the CRA: A Conversation with Representatives of Native Communities,Speeches,speech,FED_2022_06,data\FED\Speeches\2022-07-19 - Lael Brainard - Strengthening the CRA_ A Conversation with Representatives of Native Communities.txt,https://www.federalreserve.gov/newsevents/speech/brainard20220719a.htm,0.0,Neutral,0.0,none,0.0,0.0,0.0,0,0,[],scored,
FED_DOC_66D7AF562B19,FED,2022-07-27,,FOMC minutes,Minutes,minutes,FED_2022_07,data\FED\Minutes\2022-07-27 - FOMC minutes.txt,https://www.federalreserve.gov/monetarypolicy/files/fomcminutes20220727.pdf,9.991464547107983,Strongly Hawkish,0.813,hawkish,9.991464547107983,0.0,9.991464547107983,4,11,"[{""phrase"": ""data-dependent"", ""direction"": ""neutral"", ""theme"": ""data_dependence"", ""count"": 1, ""weight"": 0.0, ""scaled_count"": 1.0, ""scaled_contribution"": 0.0, ""notes"": ""Neutral by default; can accompany hawkish or dovish decisions.""}, {""phrase"": ""incoming data"", ""direction"": ""neutral"", ""theme"": ""data_dependence"", ""count"": 1, ""weight"": 0.0, ""scaled_count"": 1.0, ""scaled_contribution"": 0.0, ""notes"": ""Neutral by default; can accompany hawkish or dovish decisions.""}, {""phrase"": ""target range for the federal funds rate"", ""direction"": ""hawkish"", ""theme"": ""restrictive_stance"", ""count"": 5, ""weight"": 2.0, ""scaled_count"": 2.6094379124341005, ""scaled_contribution"": 5.218875824868201, ""notes"": ""FED-specific policy implementation phrasing; context matters for balance sheet phrases.""}, {""phrase"": ""highly attentive to inflation risks"", ""direction"": ""hawkish"", ""theme"": ""inflation_too_high"", ""count"": 4, ""weight"": 2.0, ""scaled_count"": 2.386294361119891, ""scaled_contribution"": 4.772588722239782, ""notes"": """"}]",scored,
FED_DOC_9F659D82DDEA,FED,2022-07-27,,FOMC statement,Monetary Policy,statement,FED_2022_07,data\FED\Monetary Policy\2022-07-27 - FOMC statement.txt,https://www.federalreserve.gov/monetarypolicy/files/monetary20220727a1.pdf,7.0,Hawkish,0.679,hawkish,7.0,0.0,7.0,3,3,"[{""phrase"": ""inflation remains elevated"", ""direction"": ""hawkish"", ""theme"": ""inflation_too_high"", ""count"": 1, ""weight"": 3.0, ""scaled_count"": 1.0, ""scaled_contribution"": 3.0, ""notes"": """"}, {""phrase"": ""target range for the federal funds rate"", ""direction"": ""hawkish"", ""theme"": ""restrictive_stance"", ""count"": 1, ""weight"": 2.0, ""scaled_count"": 1.0, ""scaled_contribution"": 2.0, ""notes"": ""FED-specific policy implementation phrasing; context matters for balance sheet phrases.""}, {""phrase"": ""highly attentive to inflation risks"", ""direction"": ""hawkish"", ""theme"": ""inflation_too_high"", ""count"": 1, ""weight"": 2.0, ""scaled_count"": 1.0, ""scaled_contribution"": 2.0, ""notes"": """"}]",scored,
FED_DOC_CC37429C0096,FED,2022-08-06,Fighting Inflation in Challenging Times,Fighting Inflation in Challenging Times,Speeches,speech,FED_2022_07,data\FED\Speeches\2022-08-06 - Fighting Inflation in Challenging Times - Fighting Inflation in Challenging Times.txt,https://www.federalreserve.gov/newsevents/speech/bowman20220806a.htm,0.0,Neutral,0.0,none,0.0,0.0,0.0,0,0,[],scored,
FED_DOC_8F5A922C7876,FED,2022-08-17,Michelle W. Bowman,"Technology, Innovation, and Financial Services",Speeches,speech,FED_2022_07,"data\FED\Speeches\2022-08-17 - Michelle W. Bowman - Technology, Innovation, and Financial Services.txt",https://www.federalreserve.gov/newsevents/speech/bowman20220817a.htm,0.0,Neutral,0.0,none,0.0,0.0,0.0,0,0,[],scored,
FED_DOC_9C66730908EE,FED,2022-08-17,Michelle W. Bowman,Working Women in the Pandemic Era,Speeches,speech,FED_2022_07,data\FED\Speeches\2022-08-17 - Michelle W. Bowman - Working Women in the Pandemic Era.txt,https://www.federalreserve.gov/newsevents/speech/bowman20220817b.htm,0.0,Neutral,0.0,none,0.0,0.0,0.0,0,0,[],scored,
FED_DOC_369FB684CF2B,FED,2022-08-26,Jerome H. Powell,Monetary Policy and Price Stability,Speeches,speech,FED_2022_07,data\FED\Speeches\2022-08-26 - Jerome H. Powell - Monetary Policy and Price Stability.txt,https://www.federalreserve.gov/newsevents/speech/powell20220826a.htm,2.0,Neutral-Hawkish,0.302,hawkish,2.0,0.0,2.0,3,3,"[{""phrase"": ""incoming data"", ""direction"": ""neutral"", ""theme"": ""data_dependence"", ""count"": 1, ""weight"": 0.0, ""scaled_count"": 1.0, ""scaled_contribution"": 0.0, ""notes"": ""Neutral by default; can accompany hawkish or dovish decisions.""}, {""phrase"": ""evolving outlook"", ""direction"": ""neutral"", ""theme"": ""data_dependence"", ""count"": 1, ""weight"": 0.0, ""scaled_count"": 1.0, ""scaled_contribution"": 0.0, ""notes"": ""Neutral by default; can accompany hawkish or dovish decisions.""}, {""phrase"": ""target range for the federal funds rate"", ""direction"": ""hawkish"", ""theme"": ""restrictive_stance"", ""count"": 1, ""weight"": 2.0, ""scaled_count"": 1.0, ""scaled_contribution"": 2.0, ""notes"": ""FED-specific policy implementation phrasing; context matters for balance sheet phrases.""}]",scored,
FED_DOC_A6A496C9BED2,FED,2022-08-29,Lael Brainard,Progress on Fast Payments for All: An Update on FedNow,Speeches,speech,FED_2022_07,data\FED\Speeches\2022-08-29 - Lael Brainard - Progress on Fast Payments for All_ An Update on FedNow.txt,https://www.federalreserve.gov/newsevents/speech/brainard20220829a.htm,0.0,Neutral,0.0,none,0.0,0.0,0.0,0,0,[],scored,
FED_DOC_C0AC9AAFD847,FED,2022-09-07,Lael Brainard,Bringing Inflation Down,Speeches,speech,FED_2022_07,data\FED\Speeches\2022-09-07 - Lael Brainard - Bringing Inflation Down.txt,https://www.federalreserve.gov/newsevents/speech/brainard20220907a.htm,-2.0,Neutral-Dovish,0.355,dovish,2.0,4.0,-2.0,4,4,"[{""phrase"": ""labor market is tight"", ""direction"": ""hawkish"", ""theme"": ""labour_market_strength"", ""count"": 1, ""weight"": 2.0, ""scaled_count"": 1.0, ""scaled_contribution"": 2.0, ""notes"": """"}, {""phrase"": ""data dependent"", ""direction"": ""neutral"", ""theme"": ""data_dependence"", ""count"": 1, ""weight"": 0.0, ""scaled_count"": 1.0, ""scaled_contribution"": 0.0, ""notes"": ""Neutral by default; can accompany hawkish or dovish decisions.""}, {""phrase"": ""disinflationary process"", ""direction"": ""dovish"", ""theme"": ""disinflation"", ""count"": 1, ""weight"": -2.0, ""scaled_count"": 1.0, ""scaled_contribution"": -2.0, ""notes"": """"}, {""phrase"": ""downside risks to activity"", ""direction"": ""dovish"", ""theme"": ""downside_growth_risks"", ""count"": 1, ""weight"": -2.0, ""scaled_count"": 1.0, ""scaled_contribution"": -2.0, ""notes"": """"}]",scored,
FED_DOC_6CD45CA20399,FED,2022-09-07,Stablecoins as Private Money,Making the Financial System Safer and Fairer,Speeches,speech,FED_2022_07,data\FED\Speeches\2022-09-07 - Stablecoins as Private Money - Making the Financial System Safer and Fairer.txt,https://www.federalreserve.gov/newsevents/speech/barr20220907a.htm,0.0,Neutral,0.0,none,0.0,0.0,0.0,0,0,[],scored,
FED_DOC_73931354B52E,FED,2022-09-09,Christopher J. Waller,The Economic Outlook: Time to Let the Data Do the Talking,Speeches,speech,FED_2022_07,data\FED\Speeches\2022-09-09 - Christopher J. Waller - The Economic Outlook_ Time to Let the Data Do the Talking.txt,https://www.federalreserve.gov/newsevents/speech/waller20220909a.htm,5.0,Hawkish,0.659,hawkish,5.0,0.0,5.0,3,4,"[{""phrase"": ""inflation is far too high"", ""direction"": ""hawkish"", ""theme"": ""inflation_too_high"", ""count"": 1, ""weight"": 3.0, ""scaled_count"": 1.0, ""scaled_contribution"": 3.0, ""notes"": """"}, {""phrase"": ""incoming data"", ""direction"": ""neutral"", ""theme"": ""data_dependence"", ""count"": 2, ""weight"": 0.0, ""scaled_count"": 1.6931471805599454, ""scaled_contribution"": 0.0, ""notes"": ""Neutral by default; can accompany hawkish or dovish decisions.""}, {""phrase"": ""target range for the federal funds rate"", ""direction"": ""hawkish"", ""theme"": ""restrictive_stance"", ""count"": 1, ""weight"": 2.0, ""scaled_count"": 1.0, ""scaled_contribution"": 2.0, ""notes"": ""FED-specific policy implementation phrasing; context matters for balance sheet phrases.""}]",scored,
FED_DOC_30C9D0D91F8D,FED,2022-09-21,,FOMC minutes,Minutes,minutes,FED_2022_09,data\FED\Minutes\2022-09-21 - FOMC minutes.txt,https://www.federalreserve.gov/monetarypolicy/files/fomcminutes20220921.pdf,10.0,Strongly Hawkish,0.63,hawkish,16.089044875446845,4.0,12.089044875446845,7,15,"[{""phrase"": ""inflation remains elevated"", ""direction"": ""hawkish"", ""theme"": ""inflation_too_high"", ""count"": 1, ""weight"": 3.0, ""scaled_count"": 1.0, ""scaled_contribution"": 3.0, ""notes"": """"}, {""phrase"": ""maintain a restrictive stance"", ""direction"": ""hawkish"", ""theme"": ""restrictive_stance"", ""count"": 1, ""weight"": 2.0, ""scaled_count"": 1.0, ""scaled_contribution"": 2.0, ""notes"": """"}, {""phrase"": ""restrictive territory"", ""direction"": ""hawkish"", ""theme"": ""restrictive_stance"", ""count"": 1, ""weight"": 1.0, ""scaled_count"": 1.0, ""scaled_contribution"": 1.0, ""notes"": """"}, {""phrase"": ""gradual easing"", ""direction"": ""dovish"", ""theme"": ""easing_cut_bias"", ""count"": 1, ""weight"": -2.0, ""scaled_count"": 1.0, ""scaled_contribution"": -2.0, ""notes"": """"}, {""phrase"": ""risk of recession"", ""direction"": ""dovish"", ""theme"": ""recession_slack_risk"", ""count"": 1, ""weight"": -2.0, ""scaled_count"": 1.0, ""scaled_contribution"": -2.0, ""notes"": """"}, {""phrase"": ""target range for the federal funds rate"", ""direction"": ""hawkish"", ""theme"": ""restrictive_stance"", ""count"": 7, ""weight"": 2.0, ""scaled_count"": 2.9459101490553135, ""scaled_contribution"": 5.891820298110627, ""notes"": ""FED-specific policy implementation phrasing; context matters for balance sheet phrases.""}, {""phrase"": ""highly attentive to inflation risks"", ""direction"": ""hawkish"", ""theme"": ""inflation_too_high"", ""count"": 3, ""weight"": 2.0, ""scaled_count"": 2.09861228866811, ""scaled_contribution"": 4.19722457733622, ""notes"": """"}]",scored,
FED_DOC_82596B8FA70D,FED,2022-09-21,,FOMC statement,Monetary Policy,statement,FED_2022_09,data\FED\Monetary Policy\2022-09-21 - FOMC statement.txt,https://www.federalreserve.gov/monetarypolicy/files/monetary20220921a1.pdf,7.0,Hawkish,0.679,hawkish,7.0,0.0,7.0,3,3,"[{""phrase"": ""inflation remains elevated"", ""direction"": ""hawkish"", ""theme"": ""inflation_too_high"", ""count"": 1, ""weight"": 3.0, ""scaled_count"": 1.0, ""scaled_contribution"": 3.0, ""notes"": """"}, {""phrase"": ""target range for the federal funds rate"", ""direction"": ""hawkish"", ""theme"": ""restrictive_stance"", ""count"": 1, ""weight"": 2.0, ""scaled_count"": 1.0, ""scaled_contribution"": 2.0, ""notes"": ""FED-specific policy implementation phrasing; context matters for balance sheet phrases.""}, {""phrase"": ""highly attentive to inflation risks"", ""direction"": ""hawkish"", ""theme"": ""inflation_too_high"", ""count"": 1, ""weight"": 2.0, ""scaled_count"": 1.0, ""scaled_contribution"": 2.0, ""notes"": """"}]",scored,
FED_DOC_730475AF3128,FED,2022-09-28,Michelle W. Bowman,The New Landscape for Banking Competition,Speeches,speech,FED_2022_09,data\FED\Speeches\2022-09-28 - Michelle W. Bowman - The New Landscape for Banking Competition.txt,https://www.federalreserve.gov/newsevents/speech/bowman20220928a.htm,0.0,Neutral,0.0,none,0.0,0.0,0.0,0,0,[],scored,
FED_DOC_58684D283390,FED,2022-09-28,Jerome H. Powell,Welcoming Remarks,Speeches,speech,FED_2022_09,data\FED\Speeches\2022-09-28 - Jerome H. Powell - Welcoming Remarks.txt,https://www.federalreserve.gov/newsevents/speech/powell20220928a.htm,0.0,Neutral,0.0,none,0.0,0.0,0.0,0,0,[],scored,
FED_DOC_299D2902C1CB,FED,2022-09-30,Lael Brainard,Global Financial Stability Considerations for Monetary Policy in a High-Inflation Environment,Speeches,speech,FED_2022_09,data\FED\Speeches\2022-09-30 - Lael Brainard - Global Financial Stability Considerations for Monetary Policy in a High-Inflation Environment.txt,https://www.federalreserve.gov/newsevents/speech/brainard20220930a.htm,2.0,Neutral-Hawkish,0.302,hawkish,2.0,0.0,2.0,2,2,"[{""phrase"": ""policy is restrictive"", ""direction"": ""hawkish"", ""theme"": ""restrictive_stance"", ""count"": 1, ""weight"": 2.0, ""scaled_count"": 1.0, ""scaled_contribution"": 2.0, ""notes"": """"}, {""phrase"": ""data-dependent"", ""direction"": ""neutral"", ""theme"": ""data_dependence"", ""count"": 1, ""weight"": 0.0, ""scaled_count"": 1.0, ""scaled_contribution"": 0.0, ""notes"": ""Neutral by default; can accompany hawkish or dovish decisions.""}]",scored,
FED_DOC_DDC9E029908A,FED,2022-09-30,Large Bank Supervision and Regulation,Large Bank Supervision and Regulation,Speeches,speech,FED_2022_09,data\FED\Speeches\2022-09-30 - Large Bank Supervision and Regulation - Large Bank Supervision and Regulation.txt,https://www.federalreserve.gov/newsevents/speech/bowman20220930a.htm,0.0,Neutral,0.0,none,0.0,0.0,0.0,0,0,[],scored,
FED_DOC_E033E7C183F4,FED,2022-10-04,Philip N. Jefferson,Technologyâs Impact on the Post-Pandemic Economy,Speeches,speech,FED_2022_09,data\FED\Speeches\2022-10-04 - Philip N. Jefferson - Technologyâs Impact on the Post-Pandemic Economy.txt,https://www.federalreserve.gov/newsevents/speech/jefferson20221004a.htm,3.0,Hawkish,0.365,hawkish,3.0,0.0,3.0,1,1,"[{""phrase"": ""inflation remains elevated"", ""direction"": ""hawkish"", ""theme"": ""inflation_too_high"", ""count"": 1, ""weight"": 3.0, ""scaled_count"": 1.0, ""scaled_contribution"": 3.0, ""notes"": """"}]",scored,
FED_DOC_B5E408EB4FED,FED,2022-10-06,Economic Outlook,Economic Outlook,Speeches,speech,FED_2022_09,data\FED\Speeches\2022-10-06 - Economic Outlook - Economic Outlook.txt,https://www.federalreserve.gov/newsevents/speech/cook20221006a.htm,2.0,Neutral-Hawkish,0.359,hawkish,5.0,3.0,2.0,5,5,"[{""phrase"": ""inflation is too high"", ""direction"": ""hawkish"", ""theme"": ""inflation_too_high"", ""count"": 1, ""weight"": 3.0, ""scaled_count"": 1.0, ""scaled_contribution"": 3.0, ""notes"": """"}, {""phrase"": ""upside risks to inflation"", ""direction"": ""hawkish"", ""theme"": ""upside_inflation_risks"", ""count"": 1, ""weight"": 2.0, ""scaled_count"": 1.0, ""scaled_contribution"": 2.0, ""notes"": """"}, {""phrase"": ""data dependent"", ""direction"": ""neutral"", ""theme"": ""data_dependence"", ""count"": 1, ""weight"": 0.0, ""scaled_count"": 1.0, ""scaled_contribution"": 0.0, ""notes"": ""Neutral by default; can accompany hawkish or dovish decisions.""}, {""phrase"": ""progress on inflation"", ""direction"": ""dovish"", ""theme"": ""inflation_progress"", ""count"": 1, ""weight"": -1.0, ""scaled_count"": 1.0, ""scaled_contribution"": -1.0, ""notes"": """"}, {""phrase"": ""economic slack"", ""direction"": ""dovish"", ""theme"": ""recession_slack_risk"", ""count"": 1, ""weight"": -2.0, ""scaled_count"": 1.0, ""scaled_contribution"": -2.0, ""notes"": """"}]",scored,
FED_DOC_B272B8C1A4C0,FED,2022-10-06,Christopher J. Waller,The Economic Outlook with a Look at the Housing Market,Speeches,speech,FED_2022_09,data\FED\Speeches\2022-10-06 - Christopher J. Waller - The Economic Outlook with a Look at the Housing Market.txt,https://www.federalreserve.gov/newsevents/speech/waller20221006a.htm,0.0,Neutral,0.118,none,1.0,1.0,0.0,2,2,"[{""phrase"": ""restrictive territory"", ""direction"": ""hawkish"", ""theme"": ""restrictive_stance"", ""count"": 1, ""weight"": 1.0, ""scaled_count"": 1.0, ""scaled_contribution"": 1.0, ""notes"": """"}, {""phrase"": ""progress on inflation"", ""direction"": ""dovish"", ""theme"": ""inflation_progress"", ""count"": 1, ""weight"": -1.0, ""scaled_count"": 1.0, ""scaled_contribution"": -1.0, ""notes"": """"}]",scored,
FED_DOC_180610C75707,FED,2022-10-10,Lael Brainard,Restoring Price Stability in an Uncertain Economic Environment,Speeches,speech,FED_2022_09,data\FED\Speeches\2022-10-10 - Lael Brainard - Restoring Price Stability in an Uncertain Economic Environment.txt,https://www.federalreserve.gov/newsevents/speech/brainard20221010a.htm,4.0,Hawkish,0.596,hawkish,4.0,0.0,4.0,4,4,"[{""phrase"": ""inflation is high"", ""direction"": ""hawkish"", ""theme"": ""inflation_too_high"", ""count"": 1, ""weight"": 2.0, ""scaled_count"": 1.0, ""scaled_contribution"": 2.0, ""notes"": """"}, {""phrase"": ""labor demand remains strong"", ""direction"": ""hawkish"", ""theme"": ""labour_market_strength"", ""count"": 1, ""weight"": 2.0, ""scaled_count"": 1.0, ""scaled_contribution"": 2.0, ""notes"": """"}, {""phrase"": ""data-dependent"", ""direction"": ""neutral"", ""theme"": ""data_dependence"", ""count"": 1, ""weight"": 0.0, ""scaled_count"": 1.0, ""scaled_contribution"": 0.0, ""notes"": ""Neutral by default; can accompany hawkish or dovish decisions.""}, {""phrase"": ""uncertainty remains high"", ""direction"": ""neutral"", ""theme"": ""data_dependence"", ""count"": 1, ""weight"": 0.0, ""scaled_count"": 1.0, ""scaled_contribution"": 0.0, ""notes"": ""Neutral by default; can accompany hawkish or dovish decisions.""}]",scored,
FED_DOC_67A446CDD875,FED,2022-10-12,Michelle W. Bowman,Forward Guidance as a Monetary Policy Tool: Considerations for the Current Economic Environment,Speeches,speech,FED_2022_09,data\FED\Speeches\2022-10-12 - Michelle W. Bowman - Forward Guidance as a Monetary Policy Tool_ Considerations for the Current Economic Environment.txt,https://www.federalreserve.gov/newsevents/speech/bowman20221012a.htm,10.0,Strongly Hawkish,0.893,hawkish,12.605170185988092,0.0,12.605170185988092,8,21,"[{""phrase"": ""upside risks to inflation"", ""direction"": ""hawkish"", ""theme"": ""upside_inflation_risks"", ""count"": 1, ""weight"": 2.0, ""scaled_count"": 1.0, ""scaled_contribution"": 2.0, ""notes"": """"}, {""phrase"": ""easing financial conditions"", ""direction"": ""hawkish"", ""theme"": ""financial_conditions_too_loose"", ""count"": 1, ""weight"": 2.0, ""scaled_count"": 1.0, ""scaled_contribution"": 2.0, ""notes"": """"}, {""phrase"": ""meeting-by-meeting"", ""direction"": ""neutral"", ""theme"": ""data_dependence"", ""count"": 1, ""weight"": 0.0, ""scaled_count"": 1.0, ""scaled_contribution"": 0.0, ""notes"": ""Neutral by default; can accompany hawkish or dovish decisions.""}, {""phrase"": ""incoming data"", ""direction"": ""neutral"", ""theme"": ""data_dependence"", ""count"": 2, ""weight"": 0.0, ""scaled_count"": 1.6931471805599454, ""scaled_contribution"": 0.0, ""notes"": ""Neutral by default; can accompany hawkish or dovish decisions.""}, {""phrase"": ""balance of risks"", ""direction"": ""neutral"", ""theme"": ""data_dependence"", ""count"": 2, ""weight"": 0.0, ""scaled_count"": 1.6931471805599454, ""scaled_contribution"": 0.0, ""notes"": ""Neutral by default; can accompany hawkish or dovish decisions.""}, {""phrase"": ""two-sided risks"", ""direction"": ""neutral"", ""theme"": ""balanced_risks"", ""count"": 3, ""weight"": 0.0, ""scaled_count"": 2.09861228866811, ""scaled_contribution"": 0.0, ""notes"": """"}, {""phrase"": ""target range for the federal funds rate"", ""direction"": ""hawkish"", ""theme"": ""restrictive_stance"", ""count"": 10, ""weight"": 2.0, ""scaled_count"": 3.302585092994046, ""scaled_contribution"": 6.605170185988092, ""notes"": ""FED-specific policy implementation phrasing; context matters for balance sheet phrases.""}, {""phrase"": ""highly attentive to inflation risks"", ""direction"": ""hawkish"", ""theme"": ""inflation_too_high"", ""count"": 1, ""weight"": 2.0, ""scaled_count"": 1.0, ""scaled_contribution"": 2.0, ""notes"": """"}]",scored,
FED_DOC_97B9C8E3B013,FED,2022-10-12,Regulating Stablecoins,Managing the Promise and Risk of Financial Innovation,Speeches,speech,FED_2022_09,data\FED\Speeches\2022-10-12 - Regulating Stablecoins - Managing the Promise and Risk of Financial Innovation.txt,https://www.federalreserve.gov/newsevents/speech/barr20221012a.htm,0.0,Neutral,0.0,none,0.0,0.0,0.0,0,0,[],scored,
FED_DOC_779B8AB234D4,FED,2022-10-14,Christopher J. Waller,The U.S. Dollar and Central Bank Digital Currencies,Speeches,speech,FED_2022_09,data\FED\Speeches\2022-10-14 - Christopher J. Waller - The U.S. Dollar and Central Bank Digital Currencies.txt,https://www.federalreserve.gov/newsevents/speech/waller20221014a.htm,0.0,Neutral,0.0,none,0.0,0.0,0.0,0,0,[],scored,
FED_DOC_D2947DC67540,FED,2022-10-20,Welcoming Remarks,Welcoming Remarks,Speeches,speech,FED_2022_09,data\FED\Speeches\2022-10-20 - Welcoming Remarks - Welcoming Remarks.txt,https://www.federalreserve.gov/newsevents/speech/bowman20221020a.htm,0.0,Neutral,0.0,none,0.0,0.0,0.0,0,0,[],scored,
FED_DOC_35A3359E47C0,FED,2022-11-02,,FOMC minutes,Minutes,minutes,FED_2022_11,data\FED\Minutes\2022-11-02 - FOMC minutes.txt,https://www.federalreserve.gov/monetarypolicy/files/fomcminutes20221102.pdf,10.0,Strongly Hawkish,0.813,hawkish,16.182084906716632,0.0,16.182084906716632,6,17,"[{""phrase"": ""inflation remains elevated"", ""direction"": ""hawkish"", ""theme"": ""inflation_too_high"", ""count"": 1, ""weight"": 3.0, ""scaled_count"": 1.0, ""scaled_contribution"": 3.0, ""notes"": """"}, {""phrase"": ""restrictive monetary policy stance"", ""direction"": ""hawkish"", ""theme"": ""restrictive_stance"", ""count"": 1, ""weight"": 2.0, ""scaled_count"": 1.0, ""scaled_contribution"": 2.0, ""notes"": """"}, {""phrase"": ""restrictive territory"", ""direction"": ""hawkish"", ""theme"": ""restrictive_stance"", ""count"": 1, ""weight"": 1.0, ""scaled_count"": 1.0, ""scaled_contribution"": 1.0, ""notes"": """"}, {""phrase"": ""incoming data"", ""direction"": ""neutral"", ""theme"": ""data_dependence"", ""count"": 1, ""weight"": 0.0, ""scaled_count"": 1.0, ""scaled_contribution"": 0.0, ""notes"": ""Neutral by default; can accompany hawkish or dovish decisions.""}, {""phrase"": ""target range for the federal funds rate"", ""direction"": ""hawkish"", ""theme"": ""restrictive_stance"", ""count"": 11, ""weight"": 2.0, ""scaled_count"": 3.3978952727983707, ""scaled_contribution"": 6.795790545596741, ""notes"": ""FED-specific policy implementation phrasing; context matters for balance sheet phrases.""}, {""phrase"": ""highly attentive to inflation risks"", ""direction"": ""hawkish"", ""theme"": ""inflation_too_high"", ""count"": 2, ""weight"": 2.0, ""scaled_count"": 1.6931471805599454, ""scaled_contribution"": 3.386294361119891, ""notes"": """"}]",scored,
FED_DOC_6B14C0BC340D,FED,2022-11-02,,FOMC statement,Monetary Policy,statement,FED_2022_11,data\FED\Monetary Policy\2022-11-02 - FOMC statement.txt,https://www.federalreserve.gov/monetarypolicy/files/monetary20221102a1.pdf,7.0,Hawkish,0.679,hawkish,7.0,0.0,7.0,3,3,"[{""phrase"": ""inflation remains elevated"", ""direction"": ""hawkish"", ""theme"": ""inflation_too_high"", ""count"": 1, ""weight"": 3.0, ""scaled_count"": 1.0, ""scaled_contribution"": 3.0, ""notes"": """"}, {""phrase"": ""target range for the federal funds rate"", ""direction"": ""hawkish"", ""theme"": ""restrictive_stance"", ""count"": 1, ""weight"": 2.0, ""scaled_count"": 1.0, ""scaled_contribution"": 2.0, ""notes"": ""FED-specific policy implementation phrasing; context matters for balance sheet phrases.""}, {""phrase"": ""highly attentive to inflation risks"", ""direction"": ""hawkish"", ""theme"": ""inflation_too_high"", ""count"": 1, ""weight"": 2.0, ""scaled_count"": 1.0, ""scaled_contribution"": 2.0, ""notes"": """"}]",scored,
FED_DOC_7F020B18CA41,FED,2022-11-16,Christopher J. Waller,The Economic Outlook and a Word of Caution on Inflation,Speeches,speech,FED_2022_11,data\FED\Speeches\2022-11-16 - Christopher J. Waller - The Economic Outlook and a Word of Caution on Inflation.txt,https://www.federalreserve.gov/newsevents/speech/waller20221116a.htm,6.693147180559945,Hawkish,0.688,hawkish,6.693147180559945,0.0,6.693147180559945,4,5,"[{""phrase"": ""inflation remains too high"", ""direction"": ""hawkish"", ""theme"": ""inflation_too_high"", ""count"": 1, ""weight"": 3.0, ""scaled_count"": 1.0, ""scaled_contribution"": 3.0, ""notes"": """"}, {""phrase"": ""restrictive territory"", ""direction"": ""hawkish"", ""theme"": ""restrictive_stance"", ""count"": 2, ""weight"": 1.0, ""scaled_count"": 1.6931471805599454, ""scaled_contribution"": 1.6931471805599454, ""notes"": """"}, {""phrase"": ""incoming data"", ""direction"": ""neutral"", ""theme"": ""data_dependence"", ""count"": 1, ""weight"": 0.0, ""scaled_count"": 1.0, ""scaled_contribution"": 0.0, ""notes"": ""Neutral by default; can accompany hawkish or dovish decisions.""}, {""phrase"": ""target range for the federal funds rate"", ""direction"": ""hawkish"", ""theme"": ""restrictive_stance"", ""count"": 1, ""weight"": 2.0, ""scaled_count"": 1.0, ""scaled_contribution"": 2.0, ""notes"": ""FED-specific policy implementation phrasing; context matters for balance sheet phrases.""}]",scored,
FED_DOC_23DCFBBD6B42,FED,2022-11-17,Financial Education,Financial Education,Speeches,speech,FED_2022_11,data\FED\Speeches\2022-11-17 - Financial Education - Financial Education.txt,https://www.federalreserve.gov/newsevents/speech/bowman20221117a.htm,0.0,Neutral,0.0,none,0.0,0.0,0.0,0,0,[],scored,
FED_DOC_594157576908,FED,2022-11-17,Opportunity and Inclusive Economic Growth,Opportunity and Inclusive Economic Growth,Speeches,speech,FED_2022_11,data\FED\Speeches\2022-11-17 - Opportunity and Inclusive Economic Growth - Opportunity and Inclusive Economic Growth.txt,https://www.federalreserve.gov/newsevents/speech/jefferson20221117a.htm,0.0,Neutral,0.0,none,0.0,0.0,0.0,0,0,[],scored,
FED_DOC_5509BBBBEADE,FED,2022-11-28,Lael Brainard,"What Can We Learn from the Pandemic and the War about Supply Shocks, Inflation, and Monetary Policy?",Speeches,speech,FED_2022_11,"data\FED\Speeches\2022-11-28 - Lael Brainard - What Can We Learn from the Pandemic and the War about Supply Shocks, Inflation, and Monetary Policy_.txt",https://www.federalreserve.gov/newsevents/speech/brainard20221128a.htm,0.0,Neutral,0.0,none,0.0,0.0,0.0,0,0,[],scored,
FED_DOC_C7D8EB840867,FED,2022-11-30,Jerome H. Powell,Inflation and the Labor Market,Speeches,speech,FED_2022_11,data\FED\Speeches\2022-11-30 - Jerome H. Powell - Inflation and the Labor Market.txt,https://www.federalreserve.gov/newsevents/speech/powell20221130a.htm,8.0,Strongly Hawkish,0.702,hawkish,8.0,0.0,8.0,3,3,"[{""phrase"": ""inflation remains elevated"", ""direction"": ""hawkish"", ""theme"": ""inflation_too_high"", ""count"": 1, ""weight"": 3.0, ""scaled_count"": 1.0, ""scaled_contribution"": 3.0, ""notes"": """"}, {""phrase"": ""inflation remains far too high"", ""direction"": ""hawkish"", ""theme"": ""inflation_too_high"", ""count"": 1, ""weight"": 3.0, ""scaled_count"": 1.0, ""scaled_contribution"": 3.0, ""notes"": """"}, {""phrase"": ""target range for the federal funds rate"", ""direction"": ""hawkish"", ""theme"": ""restrictive_stance"", ""count"": 1, ""weight"": 2.0, ""scaled_count"": 1.0, ""scaled_contribution"": 2.0, ""notes"": ""FED-specific policy implementation phrasing; context matters for balance sheet phrases.""}]",scored,
FED_DOC_CB7007CA1575,FED,2022-11-30,Lisa D. Cook,The Economic Outlook and U.S. Productivity,Speeches,speech,FED_2022_11,data\FED\Speeches\2022-11-30 - Lisa D. Cook - The Economic Outlook and U.S. Productivity.txt,https://www.federalreserve.gov/newsevents/speech/cook20221130a.htm,0.0,Neutral,0.118,none,1.0,1.0,0.0,2,2,"[{""phrase"": ""keep rates restrictive"", ""direction"": ""hawkish"", ""theme"": ""restrictive_stance"", ""count"": 1, ""weight"": 1.0, ""scaled_count"": 1.0, ""scaled_contribution"": 1.0, ""notes"": """"}, {""phrase"": ""price pressures have eased"", ""direction"": ""dovish"", ""theme"": ""inflation_progress"", ""count"": 1, ""weight"": -1.0, ""scaled_count"": 1.0, ""scaled_contribution"": -1.0, ""notes"": """"}]",scored,
FED_DOC_BBCA21B7302F,FED,2022-12-01,Why Bank Capital Matters,Why Bank Capital Matters,Speeches,speech,FED_2022_11,data\FED\Speeches\2022-12-01 - Why Bank Capital Matters - Why Bank Capital Matters.txt,https://www.federalreserve.gov/newsevents/speech/barr20221201a.htm,0.0,Neutral,0.0,none,0.0,0.0,0.0,0,0,[],scored,
FED_DOC_B0E6B0A4803A,FED,2022-12-14,,FOMC minutes,Minutes,minutes,FED_2022_12,data\FED\Minutes\2022-12-14 - FOMC minutes.txt,https://www.federalreserve.gov/monetarypolicy/files/fomcminutes20221214.pdf,10.0,Strongly Hawkish,0.836,hawkish,10.891820298110627,0.0,10.891820298110627,5,13,"[{""phrase"": ""inflation remains elevated"", ""direction"": ""hawkish"", ""theme"": ""inflation_too_high"", ""count"": 1, ""weight"": 3.0, ""scaled_count"": 1.0, ""scaled_contribution"": 3.0, ""notes"": """"}, {""phrase"": ""meeting by meeting"", ""direction"": ""neutral"", ""theme"": ""data_dependence"", ""count"": 1, ""weight"": 0.0, ""scaled_count"": 1.0, ""scaled_contribution"": 0.0, ""notes"": ""Neutral by default; can accompany hawkish or dovish decisions.""}, {""phrase"": ""incoming data"", ""direction"": ""neutral"", ""theme"": ""data_dependence"", ""count"": 3, ""weight"": 0.0, ""scaled_count"": 2.09861228866811, ""scaled_contribution"": 0.0, ""notes"": ""Neutral by default; can accompany hawkish or dovish decisions.""}, {""phrase"": ""target range for the federal funds rate"", ""direction"": ""hawkish"", ""theme"": ""restrictive_stance"", ""count"": 7, ""weight"": 2.0, ""scaled_count"": 2.9459101490553135, ""scaled_contribution"": 5.891820298110627, ""notes"": ""FED-specific policy implementation phrasing; context matters for balance sheet phrases.""}, {""phrase"": ""highly attentive to inflation risks"", ""direction"": ""hawkish"", ""theme"": ""inflation_too_high"", ""count"": 1, ""weight"": 2.0, ""scaled_count"": 1.0, ""scaled_contribution"": 2.0, ""notes"": """"}]",scored,
FED_DOC_7BD25D9C17C3,FED,2022-12-14,,FOMC statement,Monetary Policy,statement,FED_2022_12,data\FED\Monetary Policy\2022-12-14 - FOMC statement.txt,https://www.federalreserve.gov/monetarypolicy/files/monetary20221214a1.pdf,7.0,Hawkish,0.679,hawkish,7.0,0.0,7.0,3,3,"[{""phrase"": ""inflation remains elevated"", ""direction"": ""hawkish"", ""theme"": ""inflation_too_high"", ""count"": 1, ""weight"": 3.0, ""scaled_count"": 1.0, ""scaled_contribution"": 3.0, ""notes"": """"}, {""phrase"": ""target range for the federal funds rate"", ""direction"": ""hawkish"", ""theme"": ""restrictive_stance"", ""count"": 1, ""weight"": 2.0, ""scaled_count"": 1.0, ""scaled_contribution"": 2.0, ""notes"": ""FED-specific policy implementation phrasing; context matters for balance sheet phrases.""}, {""phrase"": ""highly attentive to inflation risks"", ""direction"": ""hawkish"", ""theme"": ""inflation_too_high"", ""count"": 1, ""weight"": 2.0, ""scaled_count"": 1.0, ""scaled_contribution"": 2.0, ""notes"": """"}]",scored,
FED_DOC_C6C1E8E165B3,FED,2023-01-06,Lisa D. Cook,Thoughts on Inflation in a Supply-Constrained Economy,Speeches,speech,FED_2022_12,data\FED\Speeches\2023-01-06 - Lisa D. Cook - Thoughts on Inflation in a Supply-Constrained Economy.txt,https://www.federalreserve.gov/newsevents/speech/cook20230106a.htm,3.0,Hawkish,0.365,hawkish,3.0,0.0,3.0,1,1,"[{""phrase"": ""inflation remains far too high"", ""direction"": ""hawkish"", ""theme"": ""inflation_too_high"", ""count"": 1, ""weight"": 3.0, ""scaled_count"": 1.0, ""scaled_contribution"": 3.0, ""notes"": """"}]",scored,
FED_DOC_FD466DFAF84E,FED,2023-01-10,Michelle W. Bowman,Brief Remarks on the Economy and Bank Supervision,Speeches,speech,FED_2022_12,data\FED\Speeches\2023-01-10 - Michelle W. Bowman - Brief Remarks on the Economy and Bank Supervision.txt,https://www.federalreserve.gov/newsevents/speech/bowman20230110a.htm,2.0,Neutral-Hawkish,0.302,hawkish,2.0,0.0,2.0,2,2,"[{""phrase"": ""more work to do"", ""direction"": ""hawkish"", ""theme"": ""need_for_further_tightening"", ""count"": 1, ""weight"": 2.0, ""scaled_count"": 1.0, ""scaled_contribution"": 2.0, ""notes"": """"}, {""phrase"": ""incoming data"", ""direction"": ""neutral"", ""theme"": ""data_dependence"", ""count"": 1, ""weight"": 0.0, ""scaled_count"": 1.0, ""scaled_contribution"": 0.0, ""notes"": ""Neutral by default; can accompany hawkish or dovish decisions.""}]",scored,
FED_DOC_A38D58CFFCB9,FED,2023-01-10,Jerome H. Powell,"Panel on ""Central Bank Independence and the MandateâEvolving Views""",Speeches,speech,FED_2022_12,data\FED\Speeches\2023-01-10 - Jerome H. Powell - Panel on _Central Bank Independence and the MandateâEvolving Views_.txt,https://www.federalreserve.gov/newsevents/speech/powell20230110a.htm,2.0,Neutral-Hawkish,0.302,hawkish,2.0,0.0,2.0,1,1,"[{""phrase"": ""inflation is high"", ""direction"": ""hawkish"", ""theme"": ""inflation_too_high"", ""count"": 1, ""weight"": 2.0, ""scaled_count"": 1.0, ""scaled_contribution"": 2.0, ""notes"": """"}]",scored,
FED_DOC_17808E7F5D11,FED,2023-01-19,Lael Brainard,Staying the Course to Bring Inflation Down,Speeches,speech,FED_2022_12,data\FED\Speeches\2023-01-19 - Lael Brainard - Staying the Course to Bring Inflation Down.txt,https://www.federalreserve.gov/newsevents/speech/brainard20230119a.htm,4.306852819440055,Hawkish,0.524,hawkish,8.0,3.6931471805599454,4.306852819440055,6,7,"[{""phrase"": ""inflation remains high"", ""direction"": ""hawkish"", ""theme"": ""inflation_too_high"", ""count"": 1, ""weight"": 2.0, ""scaled_count"": 1.0, ""scaled_contribution"": 2.0, ""notes"": """"}, {""phrase"": ""inflation is high"", ""direction"": ""hawkish"", ""theme"": ""inflation_too_high"", ""count"": 1, ""weight"": 2.0, ""scaled_count"": 1.0, ""scaled_contribution"": 2.0, ""notes"": """"}, {""phrase"": ""inflation persistence"", ""direction"": ""hawkish"", ""theme"": ""inflation_persistence"", ""count"": 1, ""weight"": 3.0, ""scaled_count"": 1.0, ""scaled_contribution"": 3.0, ""notes"": """"}, {""phrase"": ""restrictive territory"", ""direction"": ""hawkish"", ""theme"": ""restrictive_stance"", ""count"": 1, ""weight"": 1.0, ""scaled_count"": 1.0, ""scaled_contribution"": 1.0, ""notes"": """"}, {""phrase"": ""inflation has declined"", ""direction"": ""dovish"", ""theme"": ""inflation_progress"", ""count"": 2, ""weight"": -1.0, ""scaled_count"": 1.6931471805599454, ""scaled_contribution"": -1.6931471805599454, ""notes"": """"}, {""phrase"": ""wage growth is moderating"", ""direction"": ""dovish"", ""theme"": ""labour_market_cooling"", ""count"": 1, ""weight"": -2.0, ""scaled_count"": 1.0, ""scaled_contribution"": -2.0, ""notes"": """"}]",scored,
FED_DOC_047496DD607D,FED,2023-01-20,A Case for Cautious Optimism,A Case for Cautious Optimism,Speeches,speech,FED_2022_12,data\FED\Speeches\2023-01-20 - A Case for Cautious Optimism - A Case for Cautious Optimism.txt,https://www.federalreserve.gov/newsevents/speech/waller20230120a.htm,-1.0,Neutral-Dovish,0.239,dovish,0.0,1.0,-1.0,1,1,"[{""phrase"": ""progress on inflation"", ""direction"": ""dovish"", ""theme"": ""inflation_progress"", ""count"": 1, ""weight"": -1.0, ""scaled_count"": 1.0, ""scaled_contribution"": -1.0, ""notes"": """"}]",scored,
FED_DOC_C2E75FF919ED,FED,2023-01-21,Remarks to Delta Sigma Theta,Remarks to Delta Sigma Theta,Speeches,speech,FED_2022_12,data\FED\Speeches\2023-01-21 - Remarks to Delta Sigma Theta - Remarks to Delta Sigma Theta.txt,https://www.federalreserve.gov/newsevents/speech/cook20230121a.htm,0.0,Neutral,0.0,none,0.0,0.0,0.0,0,0,[],scored,
FED_DOC_6243BCF443DA,FED,2023-02-01,,FOMC minutes,Minutes,minutes,FED_2023_02,data\FED\Minutes\2023-02-01 - FOMC minutes.txt,https://www.federalreserve.gov/monetarypolicy/files/fomcminutes20230201.pdf,10.0,Strongly Hawkish,0.634,hawkish,12.356107660695892,1.0,11.356107660695892,5,16,"[{""phrase"": ""upside risks to inflation"", ""direction"": ""hawkish"", ""theme"": ""upside_inflation_risks"", ""count"": 1, ""weight"": 2.0, ""scaled_count"": 1.0, ""scaled_contribution"": 2.0, ""notes"": """"}, {""phrase"": ""incoming data"", ""direction"": ""neutral"", ""theme"": ""data_dependence"", ""count"": 3, ""weight"": 0.0, ""scaled_count"": 2.09861228866811, ""scaled_contribution"": 0.0, ""notes"": ""Neutral by default; can accompany hawkish or dovish decisions.""}, {""phrase"": ""inflation has eased"", ""direction"": ""dovish"", ""theme"": ""inflation_progress"", ""count"": 1, ""weight"": -1.0, ""scaled_count"": 1.0, ""scaled_contribution"": -1.0, ""notes"": """"}, {""phrase"": ""target range for the federal funds rate"", ""direction"": ""hawkish"", ""theme"": ""restrictive_stance"", ""count"": 8, ""weight"": 2.0, ""scaled_count"": 3.0794415416798357, ""scaled_contribution"": 6.1588830833596715, ""notes"": ""FED-specific policy implementation phrasing; context matters for balance sheet phrases.""}, {""phrase"": ""highly attentive to inflation risks"", ""direction"": ""hawkish"", ""theme"": ""inflation_too_high"", ""count"": 3, ""weight"": 2.0, ""scaled_count"": 2.09861228866811, ""scaled_contribution"": 4.19722457733622, ""notes"": """"}]",scored,
FED_DOC_784A66EE64F2,FED,2023-02-01,,FOMC statement,Monetary Policy,statement,FED_2023_02,data\FED\Monetary Policy\2023-02-01 - FOMC statement.txt,https://www.federalreserve.gov/monetarypolicy/files/monetary20230201a1.pdf,3.0,Hawkish,0.361,hawkish,4.0,1.0,3.0,3,3,"[{""phrase"": ""inflation has eased"", ""direction"": ""dovish"", ""theme"": ""inflation_progress"", ""count"": 1, ""weight"": -1.0, ""scaled_count"": 1.0, ""scaled_contribution"": -1.0, ""notes"": """"}, {""phrase"": ""target range for the federal funds rate"", ""direction"": ""hawkish"", ""theme"": ""restrictive_stance"", ""count"": 1, ""weight"": 2.0, ""scaled_count"": 1.0, ""scaled_contribution"": 2.0, ""notes"": ""FED-specific policy implementation phrasing; context matters for balance sheet phrases.""}, {""phrase"": ""highly attentive to inflation risks"", ""direction"": ""hawkish"", ""theme"": ""inflation_too_high"", ""count"": 1, ""weight"": 2.0, ""scaled_count"": 1.0, ""scaled_contribution"": 2.0, ""notes"": """"}]",scored,
FED_DOC_CB8FB8D1B73C,FED,2023-02-07,Michael S. Barr,Remarks at the âBanking on Financial Inclusionâ Conference,Speeches,speech,FED_2023_02,data\FED\Speeches\2023-02-07 - Michael S. Barr - Remarks at the âBanking on Financial Inclusionâ Conference.txt,https://www.federalreserve.gov/newsevents/speech/barr20230207a.htm,0.0,Neutral,0.0,none,0.0,0.0,0.0,0,0,[],scored,
FED_DOC_59447F580B65,FED,2023-02-08,Christopher J. Waller,"The Inflation Rate for Necessities: A Look at Food, Energy and Shelter Inflation",Speeches,speech,FED_2023_02,"data\FED\Speeches\2023-02-08 - Christopher J. Waller - The Inflation Rate for Necessities_ A Look at Food, Energy and Shelter Inflation.txt",https://www.federalreserve.gov/newsevents/speech/waller20230208a.htm,5.0,Hawkish,0.47,hawkish,7.0,2.0,5.0,5,5,"[{""phrase"": ""inflation is still too high"", ""direction"": ""hawkish"", ""theme"": ""inflation_too_high"", ""count"": 1, ""weight"": 3.0, ""scaled_count"": 1.0, ""scaled_contribution"": 3.0, ""notes"": """"}, {""phrase"": ""higher for longer"", ""direction"": ""hawkish"", ""theme"": ""higher_for_longer"", ""count"": 1, ""weight"": 2.0, ""scaled_count"": 1.0, ""scaled_contribution"": 2.0, ""notes"": """"}, {""phrase"": ""inflation has moderated"", ""direction"": ""dovish"", ""theme"": ""inflation_progress"", ""count"": 1, ""weight"": -1.0, ""scaled_count"": 1.0, ""scaled_contribution"": -1.0, ""notes"": """"}, {""phrase"": ""inflation is declining"", ""direction"": ""dovish"", ""theme"": ""inflation_progress"", ""count"": 1, ""weight"": -1.0, ""scaled_count"": 1.0, ""scaled_contribution"": -1.0, ""notes"": """"}, {""phrase"": ""target range for the federal funds rate"", ""direction"": ""hawkish"", ""theme"": ""restrictive_stance"", ""count"": 1, ""weight"": 2.0, ""scaled_count"": 1.0, ""scaled_contribution"": 2.0, ""notes"": ""FED-specific policy implementation phrasing; context matters for balance sheet phrases.""}]",scored,
FED_DOC_0B65E798863E,FED,2023-02-10,Thoughts on the Crypto Ecosystem,Thoughts on the Crypto Ecosystem,Speeches,speech,FED_2023_02,data\FED\Speeches\2023-02-10 - Thoughts on the Crypto Ecosystem - Thoughts on the Crypto Ecosystem.txt,https://www.federalreserve.gov/newsevents/speech/waller20230210a.htm,0.0,Neutral,0.0,none,0.0,0.0,0.0,0,0,[],scored,
FED_DOC_1E233AFE7CBE,FED,2023-02-13,Michelle W. Bowman,"Independence, Predictability, and Tailoring in Banking Regulation and Supervision",Speeches,speech,FED_2023_02,"data\FED\Speeches\2023-02-13 - Michelle W. Bowman - Independence, Predictability, and Tailoring in Banking Regulation and Supervision.txt",https://www.federalreserve.gov/newsevents/speech/bowman20230213a.htm,4.0,Hawkish,0.596,hawkish,4.0,0.0,4.0,3,4,"[{""phrase"": ""inflation remains high"", ""direction"": ""hawkish"", ""theme"": ""inflation_too_high"", ""count"": 1, ""weight"": 2.0, ""scaled_count"": 1.0, ""scaled_contribution"": 2.0, ""notes"": """"}, {""phrase"": ""incoming data"", ""direction"": ""neutral"", ""theme"": ""data_dependence"", ""count"": 2, ""weight"": 0.0, ""scaled_count"": 1.6931471805599454, ""scaled_contribution"": 0.0, ""notes"": ""Neutral by default; can accompany hawkish or dovish decisions.""}, {""phrase"": ""target range for the federal funds rate"", ""direction"": ""hawkish"", ""theme"": ""restrictive_stance"", ""count"": 1, ""weight"": 2.0, ""scaled_count"": 1.0, ""scaled_contribution"": 2.0, ""notes"": ""FED-specific policy implementation phrasing; context matters for balance sheet phrases.""}]",scored,
FED_DOC_ACF9B2E973D5,FED,2023-02-15,Welcoming Remarks,Welcoming Remarks,Speeches,speech,FED_2023_02,data\FED\Speeches\2023-02-15 - Welcoming Remarks - Welcoming Remarks.txt,https://www.federalreserve.gov/newsevents/speech/bowman20230215a.htm,0.0,Neutral,0.0,none,0.0,0.0,0.0,0,0,[],scored,
FED_DOC_679849A4866A,FED,2023-02-16,Welcome Remarks,Welcome Remarks,Speeches,speech,FED_2023_02,data\FED\Speeches\2023-02-16 - Welcome Remarks - Welcome Remarks.txt,https://www.federalreserve.gov/newsevents/speech/cook20230216a.htm,0.0,Neutral,0.0,none,0.0,0.0,0.0,0,0,[],scored,
FED_DOC_2F70D39A152A,FED,2023-02-24,Philip N. Jefferson,"Discussion of the Paper ""Managing Disinflations"" by Stephen G. Cecchetti, Michael E. Feroli, Peter Hooper, Frederic S. Mishkin, and Kermit L. Schoenholtz",Speeches,speech,FED_2023_02,"data\FED\Speeches\2023-02-24 - Philip N. Jefferson - Discussion of the Paper _Managing Disinflations_ by Stephen G. Cecchetti, Michael E. Feroli, Peter Hooper, Frederic.txt",https://www.federalreserve.gov/newsevents/speech/jefferson20230224a.htm,1.0,Neutral-Hawkish,0.254,hawkish,3.0,2.0,1.0,2,2,"[{""phrase"": ""persistence in inflation"", ""direction"": ""hawkish"", ""theme"": ""inflation_persistence"", ""count"": 1, ""weight"": 3.0, ""scaled_count"": 1.0, ""scaled_contribution"": 3.0, ""notes"": """"}, {""phrase"": ""slack in the economy"", ""direction"": ""dovish"", ""theme"": ""recession_slack_risk"", ""count"": 1, ""weight"": -2.0, ""scaled_count"": 1.0, ""scaled_contribution"": -2.0, ""notes"": """"}]",scored,
FED_DOC_28D5A930FD2E,FED,2023-02-27,Philip N. Jefferson,Recent Inflation and the Dual Mandate,Speeches,speech,FED_2023_02,data\FED\Speeches\2023-02-27 - Philip N. Jefferson - Recent Inflation and the Dual Mandate.txt,https://www.federalreserve.gov/newsevents/speech/jefferson20230227a.htm,0.0,Neutral,0.0,none,0.0,0.0,0.0,0,0,[],scored,
FED_DOC_E98366D81A72,FED,2023-03-02,Christopher J. Waller,Februaryâs Hot Data Releases,Speeches,speech,FED_2023_02,data\FED\Speeches\2023-03-02 - Christopher J. Waller - Februaryâs Hot Data Releases.txt,https://www.federalreserve.gov/newsevents/speech/waller20230302a.htm,0.3862943611198908,Neutral,0.207,none,3.386294361119891,3.0,0.3862943611198908,4,5,"[{""phrase"": ""data dependent"", ""direction"": ""neutral"", ""theme"": ""data_dependence"", ""count"": 1, ""weight"": 0.0, ""scaled_count"": 1.0, ""scaled_contribution"": 0.0, ""notes"": ""Neutral by default; can accompany hawkish or dovish decisions.""}, {""phrase"": ""progress on inflation"", ""direction"": ""dovish"", ""theme"": ""inflation_progress"", ""count"": 1, ""weight"": -1.0, ""scaled_count"": 1.0, ""scaled_contribution"": -1.0, ""notes"": """"}, {""phrase"": ""gradual easing"", ""direction"": ""dovish"", ""theme"": ""easing_cut_bias"", ""count"": 1, ""weight"": -2.0, ""scaled_count"": 1.0, ""scaled_contribution"": -2.0, ""notes"": """"}, {""phrase"": ""target range for the federal funds rate"", ""direction"": ""hawkish"", ""theme"": ""restrictive_stance"", ""count"": 2, ""weight"": 2.0, ""scaled_count"": 1.6931471805599454, ""scaled_contribution"": 3.386294361119891, ""notes"": ""FED-specific policy implementation phrasing; context matters for balance sheet phrases.""}]",scored,
FED_DOC_B3328141495D,FED,2023-03-03,Michelle W. Bowman,Panel on âDesign Issues for Central Bank Facilities in the Futureâ,Speeches,speech,FED_2023_02,data\FED\Speeches\2023-03-03 - Michelle W. Bowman - Panel on âDesign Issues for Central Bank Facilities in the Futureâ.txt,https://www.federalreserve.gov/newsevents/speech/bowman20230303a.htm,0.0,Neutral,0.0,none,0.0,0.0,0.0,0,0,[],scored,
FED_DOC_E077B0248E51,FED,2023-03-09,Michael S. Barr,Supporting Innovation with Guardrails: The Federal Reserveâs Approach to Supervision and Regulation of Banksâ Crypto-related Activities,Speeches,speech,FED_2023_02,data\FED\Speeches\2023-03-09 - Michael S. Barr - Supporting Innovation with Guardrails_ The Federal Reserveâs Approach to Supervision and Regulation of Banksâ Crypt.txt,https://www.federalreserve.gov/newsevents/speech/barr20230309a.htm,0.0,Neutral,0.0,none,0.0,0.0,0.0,0,0,[],scored,
FED_DOC_7FEEAF7FC0B0,FED,2023-03-14,Michelle W. Bowman,The Innovation Imperative: Modernizing Traditional Banking,Speeches,speech,FED_2023_02,data\FED\Speeches\2023-03-14 - Michelle W. Bowman - The Innovation Imperative_ Modernizing Traditional Banking.txt,https://www.federalreserve.gov/newsevents/speech/bowman20230314a.htm,0.0,Neutral,0.0,none,0.0,0.0,0.0,0,0,[],scored,
FED_DOC_E7DF516D256B,FED,2023-03-22,,FOMC minutes,Minutes,minutes,FED_2023_03,data\FED\Minutes\2023-03-22 - FOMC minutes.txt,https://www.federalreserve.gov/monetarypolicy/files/fomcminutes20230322.pdf,10.0,Strongly Hawkish,0.66,hawkish,16.852030263919616,4.0,12.852030263919616,8,14,"[{""phrase"": ""inflation remains elevated"", ""direction"": ""hawkish"", ""theme"": ""inflation_too_high"", ""count"": 1, ""weight"": 3.0, ""scaled_count"": 1.0, ""scaled_contribution"": 3.0, ""notes"": """"}, {""phrase"": ""upside risks to inflation"", ""direction"": ""hawkish"", ""theme"": ""upside_inflation_risks"", ""count"": 1, ""weight"": 2.0, ""scaled_count"": 1.0, ""scaled_contribution"": 2.0, ""notes"": """"}, {""phrase"": ""additional policy firming may be appropriate"", ""direction"": ""hawkish"", ""theme"": ""need_for_further_tightening"", ""count"": 2, ""weight"": 3.0, ""scaled_count"": 1.6931471805599454, ""scaled_contribution"": 5.079441541679836, ""notes"": """"}, {""phrase"": ""incoming data"", ""direction"": ""neutral"", ""theme"": ""data_dependence"", ""count"": 3, ""weight"": 0.0, ""scaled_count"": 2.09861228866811, ""scaled_contribution"": 0.0, ""notes"": ""Neutral by default; can accompany hawkish or dovish decisions.""}, {""phrase"": ""disinflationary process"", ""direction"": ""dovish"", ""theme"": ""disinflation"", ""count"": 1, ""weight"": -2.0, ""scaled_count"": 1.0, ""scaled_contribution"": -2.0, ""notes"": """"}, {""phrase"": ""downside risks to growth"", ""direction"": ""dovish"", ""theme"": ""downside_growth_risks"", ""count"": 1, ""weight"": -2.0, ""scaled_count"": 1.0, ""scaled_contribution"": -2.0, ""notes"": """"}, {""phrase"": ""target range for the federal funds rate"", ""direction"": ""hawkish"", ""theme"": ""restrictive_stance"", ""count"": 4, ""weight"": 2.0, ""scaled_count"": 2.386294361119891, ""scaled_contribution"": 4.772588722239782, ""notes"": ""FED-specific policy implementation phrasing; context matters for balance sheet phrases.""}, {""phrase"": ""highly attentive to inflation risks"", ""direction"": ""hawkish"", ""theme"": ""inflation_too_high"", ""count"": 1, ""weight"": 2.0, ""scaled_count"": 1.0, ""scaled_contribution"": 2.0, ""notes"": """"}]",scored,
FED_DOC_D81BFDDEA9D8,FED,2023-03-22,,FOMC statement,Monetary Policy,statement,FED_2023_03,data\FED\Monetary Policy\2023-03-22 - FOMC statement.txt,https://www.federalreserve.gov/monetarypolicy/files/monetary20230322a1.pdf,10.0,Strongly Hawkish,0.786,hawkish,12.0,0.0,12.0,5,5,"[{""phrase"": ""inflation remains elevated"", ""direction"": ""hawkish"", ""theme"": ""inflation_too_high"", ""count"": 1, ""weight"": 3.0, ""scaled_count"": 1.0, ""scaled_contribution"": 3.0, ""notes"": """"}, {""phrase"": ""additional policy firming may be appropriate"", ""direction"": ""hawkish"", ""theme"": ""need_for_further_tightening"", ""count"": 1, ""weight"": 3.0, ""scaled_count"": 1.0, ""scaled_contribution"": 3.0, ""notes"": """"}, {""phrase"": ""target range for the federal funds rate"", ""direction"": ""hawkish"", ""theme"": ""restrictive_stance"", ""count"": 1, ""weight"": 2.0, ""scaled_count"": 1.0, ""scaled_contribution"": 2.0, ""notes"": ""FED-specific policy implementation phrasing; context matters for balance sheet phrases.""}, {""phrase"": ""highly attentive to inflation risks"", ""direction"": ""hawkish"", ""theme"": ""inflation_too_high"", ""count"": 1, ""weight"": 2.0, ""scaled_count"": 1.0, ""scaled_contribution"": 2.0, ""notes"": """"}, {""phrase"": ""committee remains highly attentive to inflation risks"", ""direction"": ""hawkish"", ""theme"": ""inflation_too_high"", ""count"": 1, ""weight"": 2.0, ""scaled_count"": 1.0, ""scaled_contribution"": 2.0, ""notes"": """"}]",scored,
FED_DOC_5D1D245F0BE4,FED,2023-03-27,Philip N. Jefferson,Implementation and Transmission of Monetary Policy,Speeches,speech,FED_2023_03,data\FED\Speeches\2023-03-27 - Philip N. Jefferson - Implementation and Transmission of Monetary Policy.txt,https://www.federalreserve.gov/newsevents/speech/jefferson20230327a.htm,4.19722457733622,Hawkish,0.385,hawkish,4.19722457733622,0.0,4.19722457733622,1,3,"[{""phrase"": ""target range for the federal funds rate"", ""direction"": ""hawkish"", ""theme"": ""restrictive_stance"", ""count"": 3, ""weight"": 2.0, ""scaled_count"": 2.09861228866811, ""scaled_contribution"": 4.19722457733622, ""notes"": ""FED-specific policy implementation phrasing; context matters for balance sheet phrases.""}]",scored,
FED_DOC_ADCA93F0A630,FED,2023-03-29,Brief Remarks,Brief Remarks,Speeches,speech,FED_2023_03,data\FED\Speeches\2023-03-29 - Brief Remarks - Brief Remarks.txt,https://www.federalreserve.gov/newsevents/speech/barr20230329a.htm,0.0,Neutral,0.0,none,0.0,0.0,0.0,0,0,[],scored,
FED_DOC_564750CDD75E,FED,2023-03-31,Lisa D. Cook,The U.S. Economic Outlook and Monetary Policy,Speeches,speech,FED_2023_03,data\FED\Speeches\2023-03-31 - Lisa D. Cook - The U.S. Economic Outlook and Monetary Policy.txt,https://www.federalreserve.gov/newsevents/speech/cook20230331a.htm,4.0,Hawkish,0.501,hawkish,8.0,4.0,4.0,9,10,"[{""phrase"": ""additional policy firming may be appropriate"", ""direction"": ""hawkish"", ""theme"": ""need_for_further_tightening"", ""count"": 1, ""weight"": 3.0, ""scaled_count"": 1.0, ""scaled_contribution"": 3.0, ""notes"": """"}, {""phrase"": ""more work to do"", ""direction"": ""hawkish"", ""theme"": ""need_for_further_tightening"", ""count"": 1, ""weight"": 2.0, ""scaled_count"": 1.0, ""scaled_contribution"": 2.0, ""notes"": """"}, {""phrase"": ""restrictive monetary policy stance"", ""direction"": ""hawkish"", ""theme"": ""restrictive_stance"", ""count"": 1, ""weight"": 2.0, ""scaled_count"": 1.0, ""scaled_contribution"": 2.0, ""notes"": """"}, {""phrase"": ""restrictive territory"", ""direction"": ""hawkish"", ""theme"": ""restrictive_stance"", ""count"": 1, ""weight"": 1.0, ""scaled_count"": 1.0, ""scaled_contribution"": 1.0, ""notes"": """"}, {""phrase"": ""data dependent"", ""direction"": ""neutral"", ""theme"": ""data_dependence"", ""count"": 1, ""weight"": 0.0, ""scaled_count"": 1.0, ""scaled_contribution"": 0.0, ""notes"": ""Neutral by default; can accompany hawkish or dovish decisions.""}, {""phrase"": ""data-dependent"", ""direction"": ""neutral"", ""theme"": ""data_dependence"", ""count"": 1, ""weight"": 0.0, ""scaled_count"": 1.0, ""scaled_contribution"": 0.0, ""notes"": ""Neutral by default; can accompany hawkish or dovish decisions.""}, {""phrase"": ""incoming data"", ""direction"": ""neutral"", ""theme"": ""data_dependence"", ""count"": 2, ""weight"": 0.0, ""scaled_count"": 1.6931471805599454, ""scaled_contribution"": 0.0, ""notes"": ""Neutral by default; can accompany hawkish or dovish decisions.""}, {""phrase"": ""disinflationary process"", ""direction"": ""dovish"", ""theme"": ""disinflation"", ""count"": 1, ""weight"": -2.0, ""scaled_count"": 1.0, ""scaled_contribution"": -2.0, ""notes"": """"}, {""phrase"": ""labor market is softening"", ""direction"": ""dovish"", ""theme"": ""labour_market_cooling"", ""count"": 1, ""weight"": -2.0, ""scaled_count"": 1.0, ""scaled_contribution"": -2.0, ""notes"": """"}]",scored,
FED_DOC_7846E04CFD2B,FED,2023-03-31,The Unstable Phillips Curve,The Unstable Phillips Curve,Speeches,speech,FED_2023_03,data\FED\Speeches\2023-03-31 - The Unstable Phillips Curve - The Unstable Phillips Curve.txt,https://www.federalreserve.gov/newsevents/speech/waller20230331a.htm,-2.0,Neutral-Dovish,0.302,dovish,0.0,2.0,-2.0,2,2,"[{""phrase"": ""data-dependent"", ""direction"": ""neutral"", ""theme"": ""data_dependence"", ""count"": 1, ""weight"": 0.0, ""scaled_count"": 1.0, ""scaled_contribution"": 0.0, ""notes"": ""Neutral by default; can accompany hawkish or dovish decisions.""}, {""phrase"": ""economic slack"", ""direction"": ""dovish"", ""theme"": ""recession_slack_risk"", ""count"": 1, ""weight"": -2.0, ""scaled_count"": 1.0, ""scaled_contribution"": -2.0, ""notes"": """"}]",scored,
FED_DOC_AA38C02FEA46,FED,2023-04-04,Welcoming Remarks,Welcoming Remarks,Speeches,speech,FED_2023_03,data\FED\Speeches\2023-04-04 - Welcoming Remarks - Welcoming Remarks.txt,https://www.federalreserve.gov/newsevents/speech/cook20230404a.htm,0.0,Neutral,0.0,none,0.0,0.0,0.0,0,0,[],scored,
FED_DOC_75722C74792D,FED,2023-04-14,Christopher J. Waller,Financial Stabilization and Macroeconomic Stabilization: Two Tools for Two Problems,Speeches,speech,FED_2023_03,data\FED\Speeches\2023-04-14 - Christopher J. Waller - Financial Stabilization and Macroeconomic Stabilization_ Two Tools for Two Problems.txt,https://www.federalreserve.gov/newsevents/speech/waller20230414a.htm,4.386294361119891,Hawkish,0.605,hawkish,4.386294361119891,0.0,4.386294361119891,4,5,"[{""phrase"": ""demand is holding up"", ""direction"": ""hawkish"", ""theme"": ""demand_resilience"", ""count"": 1, ""weight"": 1.0, ""scaled_count"": 1.0, ""scaled_contribution"": 1.0, ""notes"": """"}, {""phrase"": ""depend on incoming data"", ""direction"": ""neutral"", ""theme"": ""data_dependence"", ""count"": 1, ""weight"": 0.0, ""scaled_count"": 1.0, ""scaled_contribution"": 0.0, ""notes"": ""Neutral by default; can accompany hawkish or dovish decisions.""}, {""phrase"": ""incoming data"", ""direction"": ""neutral"", ""theme"": ""data_dependence"", ""count"": 1, ""weight"": 0.0, ""scaled_count"": 1.0, ""scaled_contribution"": 0.0, ""notes"": ""Neutral by default; can accompany hawkish or dovish decisions.""}, {""phrase"": ""target range for the federal funds rate"", ""direction"": ""hawkish"", ""theme"": ""restrictive_stance"", ""count"": 2, ""weight"": 2.0, ""scaled_count"": 1.6931471805599454, ""scaled_contribution"": 3.386294361119891, ""notes"": ""FED-specific policy implementation phrasing; context matters for balance sheet phrases.""}]",scored,
FED_DOC_5C09C4534174,FED,2023-04-14,Michelle W. Bowman,The Consequences of Fewer Banks in the U.S. Banking System,Speeches,speech,FED_2023_03,data\FED\Speeches\2023-04-14 - Michelle W. Bowman - The Consequences of Fewer Banks in the U.S. Banking System.txt,https://www.federalreserve.gov/newsevents/speech/bowman20230414a.htm,0.0,Neutral,0.0,none,0.0,0.0,0.0,0,0,[],scored,
FED_DOC_39573B2C7858,FED,2023-04-18,Michelle W. Bowman,Considerations for a Central Bank Digital Currency,Speeches,speech,FED_2023_03,data\FED\Speeches\2023-04-18 - Michelle W. Bowman - Considerations for a Central Bank Digital Currency.txt,https://www.federalreserve.gov/newsevents/speech/bowman20230418a.htm,0.0,Neutral,0.0,none,0.0,0.0,0.0,0,0,[],scored,
FED_DOC_7F4CE701C324,FED,2023-04-20,Brief Remarks,Brief Remarks,Speeches,speech,FED_2023_03,data\FED\Speeches\2023-04-20 - Brief Remarks - Brief Remarks.txt,https://www.federalreserve.gov/newsevents/speech/bowman20230420a.htm,0.0,Neutral,0.0,none,0.0,0.0,0.0,0,0,[],scored,
FED_DOC_64A3184745B7,FED,2023-04-20,Christopher J. Waller,Innovation and the Future of Finance,Speeches,speech,FED_2023_03,data\FED\Speeches\2023-04-20 - Christopher J. Waller - Innovation and the Future of Finance.txt,https://www.federalreserve.gov/newsevents/speech/waller20230420a.htm,0.0,Neutral,0.0,none,0.0,0.0,0.0,0,0,[],scored,
FED_DOC_10F31B1CBE6B,FED,2023-04-21,Important Questions for Economic Research,Important Questions for Economic Research,Speeches,speech,FED_2023_03,data\FED\Speeches\2023-04-21 - Important Questions for Economic Research - Important Questions for Economic Research.txt,https://www.federalreserve.gov/newsevents/speech/cook20230421a.htm,-2.0,Neutral-Dovish,0.355,dovish,2.0,4.0,-2.0,4,4,"[{""phrase"": ""more work to do"", ""direction"": ""hawkish"", ""theme"": ""need_for_further_tightening"", ""count"": 1, ""weight"": 2.0, ""scaled_count"": 1.0, ""scaled_contribution"": 2.0, ""notes"": """"}, {""phrase"": ""data-dependent"", ""direction"": ""neutral"", ""theme"": ""data_dependence"", ""count"": 1, ""weight"": 0.0, ""scaled_count"": 1.0, ""scaled_contribution"": 0.0, ""notes"": ""Neutral by default; can accompany hawkish or dovish decisions.""}, {""phrase"": ""labor market is softening"", ""direction"": ""dovish"", ""theme"": ""labour_market_cooling"", ""count"": 1, ""weight"": -2.0, ""scaled_count"": 1.0, ""scaled_contribution"": -2.0, ""notes"": """"}, {""phrase"": ""economic slack"", ""direction"": ""dovish"", ""theme"": ""recession_slack_risk"", ""count"": 1, ""weight"": -2.0, ""scaled_count"": 1.0, ""scaled_contribution"": -2.0, ""notes"": """"}]",scored,
FED_DOC_4F6DA402012B,FED,2023-05-03,,FOMC minutes,Minutes,minutes,FED_2023_05,data\FED\Minutes\2023-05-03 - FOMC minutes.txt,https://www.federalreserve.gov/monetarypolicy/files/fomcminutes20230503.pdf,10.0,Strongly Hawkish,0.665,hawkish,17.901007051992423,2.0,15.901007051992423,6,14,"[{""phrase"": ""inflation remains elevated"", ""direction"": ""hawkish"", ""theme"": ""inflation_too_high"", ""count"": 1, ""weight"": 3.0, ""scaled_count"": 1.0, ""scaled_contribution"": 3.0, ""notes"": """"}, {""phrase"": ""additional policy firming may be appropriate"", ""direction"": ""hawkish"", ""theme"": ""need_for_further_tightening"", ""count"": 3, ""weight"": 3.0, ""scaled_count"": 2.09861228866811, ""scaled_contribution"": 6.29583686600433, ""notes"": """"}, {""phrase"": ""data-dependent"", ""direction"": ""neutral"", ""theme"": ""data_dependence"", ""count"": 2, ""weight"": 0.0, ""scaled_count"": 1.6931471805599454, ""scaled_contribution"": 0.0, ""notes"": ""Neutral by default; can accompany hawkish or dovish decisions.""}, {""phrase"": ""downside risks to growth"", ""direction"": ""dovish"", ""theme"": ""downside_growth_risks"", ""count"": 1, ""weight"": -2.0, ""scaled_count"": 1.0, ""scaled_contribution"": -2.0, ""notes"": """"}, {""phrase"": ""target range for the federal funds rate"", ""direction"": ""hawkish"", ""theme"": ""restrictive_stance"", ""count"": 5, ""weight"": 2.0, ""scaled_count"": 2.6094379124341005, ""scaled_contribution"": 5.218875824868201, ""notes"": ""FED-specific policy implementation phrasing; context matters for balance sheet phrases.""}, {""phrase"": ""highly attentive to inflation risks"", ""direction"": ""hawkish"", ""theme"": ""inflation_too_high"", ""count"": 2, ""weight"": 2.0, ""scaled_count"": 1.6931471805599454, ""scaled_contribution"": 3.386294361119891, ""notes"": """"}]",scored,
FED_DOC_2E9009700367,FED,2023-05-03,,FOMC statement,Monetary Policy,statement,FED_2023_05,data\FED\Monetary Policy\2023-05-03 - FOMC statement.txt,https://www.federalreserve.gov/monetarypolicy/files/monetary20230503a1.pdf,10.0,Strongly Hawkish,0.786,hawkish,12.0,0.0,12.0,5,5,"[{""phrase"": ""inflation remains elevated"", ""direction"": ""hawkish"", ""theme"": ""inflation_too_high"", ""count"": 1, ""weight"": 3.0, ""scaled_count"": 1.0, ""scaled_contribution"": 3.0, ""notes"": """"}, {""phrase"": ""additional policy firming may be appropriate"", ""direction"": ""hawkish"", ""theme"": ""need_for_further_tightening"", ""count"": 1, ""weight"": 3.0, ""scaled_count"": 1.0, ""scaled_contribution"": 3.0, ""notes"": """"}, {""phrase"": ""target range for the federal funds rate"", ""direction"": ""hawkish"", ""theme"": ""restrictive_stance"", ""count"": 1, ""weight"": 2.0, ""scaled_count"": 1.0, ""scaled_contribution"": 2.0, ""notes"": ""FED-specific policy implementation phrasing; context matters for balance sheet phrases.""}, {""phrase"": ""highly attentive to inflation risks"", ""direction"": ""hawkish"", ""theme"": ""inflation_too_high"", ""count"": 1, ""weight"": 2.0, ""scaled_count"": 1.0, ""scaled_contribution"": 2.0, ""notes"": """"}, {""phrase"": ""committee remains highly attentive to inflation risks"", ""direction"": ""hawkish"", ""theme"": ""inflation_too_high"", ""count"": 1, ""weight"": 2.0, ""scaled_count"": 1.0, ""scaled_contribution"": 2.0, ""notes"": """"}]",scored,
FED_DOC_3E02213F1E95,FED,2023-05-05,Commencement Address,Commencement Address,Speeches,speech,FED_2023_05,data\FED\Speeches\2023-05-05 - Commencement Address - Commencement Address.txt,https://www.federalreserve.gov/newsevents/speech/cook20230505a.htm,0.0,Neutral,0.0,none,0.0,0.0,0.0,0,0,[],scored,
FED_DOC_39D1E67B45E0,FED,2023-05-11,Climate Change and Financial Stability,Climate Change and Financial Stability,Speeches,speech,FED_2023_05,data\FED\Speeches\2023-05-11 - Climate Change and Financial Stability - Climate Change and Financial Stability.txt,https://www.federalreserve.gov/newsevents/speech/waller20230511a.htm,0.0,Neutral,0.0,none,0.0,0.0,0.0,0,0,[],scored,
FED_DOC_91B0FF0D9415,FED,2023-05-12,Philip N. Jefferson,On the Assessment of Current Monetary Policy,Speeches,speech,FED_2023_05,data\FED\Speeches\2023-05-12 - Philip N. Jefferson - On the Assessment of Current Monetary Policy.txt,https://www.federalreserve.gov/newsevents/speech/jefferson20230512a.htm,-3.0,Dovish,0.532,dovish,0.0,3.0,-3.0,2,2,"[{""phrase"": ""inflation has declined"", ""direction"": ""dovish"", ""theme"": ""inflation_progress"", ""count"": 1, ""weight"": -1.0, ""scaled_count"": 1.0, ""scaled_contribution"": -1.0, ""notes"": """"}, {""phrase"": ""slack in the economy"", ""direction"": ""dovish"", ""theme"": ""recession_slack_risk"", ""count"": 1, ""weight"": -2.0, ""scaled_count"": 1.0, ""scaled_contribution"": -2.0, ""notes"": """"}]",scored,
FED_DOC_F10497492C3C,FED,2023-05-12,Michelle W. Bowman,"The Evolving Nature of Banking, Bank Culture, and Bank Runs",Speeches,speech,FED_2023_05,"data\FED\Speeches\2023-05-12 - Michelle W. Bowman - The Evolving Nature of Banking, Bank Culture, and Bank Runs.txt",https://www.federalreserve.gov/newsevents/speech/bowman20230512a.htm,3.0,Hawkish,0.493,hawkish,3.0,0.0,3.0,3,3,"[{""phrase"": ""restrictive territory"", ""direction"": ""hawkish"", ""theme"": ""restrictive_stance"", ""count"": 1, ""weight"": 1.0, ""scaled_count"": 1.0, ""scaled_contribution"": 1.0, ""notes"": """"}, {""phrase"": ""incoming data"", ""direction"": ""neutral"", ""theme"": ""data_dependence"", ""count"": 1, ""weight"": 0.0, ""scaled_count"": 1.0, ""scaled_contribution"": 0.0, ""notes"": ""Neutral by default; can accompany hawkish or dovish decisions.""}, {""phrase"": ""target range for the federal funds rate"", ""direction"": ""hawkish"", ""theme"": ""restrictive_stance"", ""count"": 1, ""weight"": 2.0, ""scaled_count"": 1.0, ""scaled_contribution"": 2.0, ""notes"": ""FED-specific policy implementation phrasing; context matters for balance sheet phrases.""}]",scored,
FED_DOC_5F2F5F0B7CBA,FED,2023-05-13,Commencement Address,Commencement Address,Speeches,speech,FED_2023_05,data\FED\Speeches\2023-05-13 - Commencement Address - Commencement Address.txt,https://www.federalreserve.gov/newsevents/speech/cook20230513a.htm,0.0,Neutral,0.0,none,0.0,0.0,0.0,0,0,[],scored,
FED_DOC_661DD2D732BF,FED,2023-05-15,Commencement Address,Commencement Address,Speeches,speech,FED_2023_05,data\FED\Speeches\2023-05-15 - Commencement Address - Commencement Address.txt,https://www.federalreserve.gov/newsevents/speech/cook20230515a.htm,0.0,Neutral,0.0,none,0.0,0.0,0.0,0,0,[],scored,
FED_DOC_995A003B0054,FED,2023-05-18,Philip N. Jefferson,The U.S. Economic Outlook and Considerations for Monetary Policy,Speeches,speech,FED_2023_05,data\FED\Speeches\2023-05-18 - Philip N. Jefferson - The U.S. Economic Outlook and Considerations for Monetary Policy.txt,https://www.federalreserve.gov/newsevents/speech/jefferson20230518a.htm,2.0,Neutral-Hawkish,0.252,hawkish,3.0,1.0,2.0,3,3,"[{""phrase"": ""inflation is too high"", ""direction"": ""hawkish"", ""theme"": ""inflation_too_high"", ""count"": 1, ""weight"": 3.0, ""scaled_count"": 1.0, ""scaled_contribution"": 3.0, ""notes"": """"}, {""phrase"": ""data dependent"", ""direction"": ""neutral"", ""theme"": ""data_dependence"", ""count"": 1, ""weight"": 0.0, ""scaled_count"": 1.0, ""scaled_contribution"": 0.0, ""notes"": ""Neutral by default; can accompany hawkish or dovish decisions.""}, {""phrase"": ""progress on inflation"", ""direction"": ""dovish"", ""theme"": ""inflation_progress"", ""count"": 1, ""weight"": -1.0, ""scaled_count"": 1.0, ""scaled_contribution"": -1.0, ""notes"": """"}]",scored,
FED_DOC_55A4B43DC4D0,FED,2023-05-19,Michelle W. Bowman,Considerations for Revisions to the Bank Regulatory Framework,Speeches,speech,FED_2023_05,data\FED\Speeches\2023-05-19 - Michelle W. Bowman - Considerations for Revisions to the Bank Regulatory Framework.txt,https://www.federalreserve.gov/newsevents/speech/bowman20230519a.htm,0.0,Neutral,0.0,none,0.0,0.0,0.0,0,0,[],scored,
FED_DOC_C0AB0DD234CA,FED,2023-05-24,Christopher J. Waller,"Hike, Skip, or Pause?",Speeches,speech,FED_2023_05,"data\FED\Speeches\2023-05-24 - Christopher J. Waller - Hike, Skip, or Pause_.txt",https://www.federalreserve.gov/newsevents/speech/waller20230524a.htm,5.19722457733622,Hawkish,0.493,hawkish,6.19722457733622,1.0,5.19722457733622,4,7,"[{""phrase"": ""skipping a hike"", ""direction"": ""hawkish"", ""theme"": ""hawkish_hold"", ""count"": 1, ""weight"": 2.0, ""scaled_count"": 1.0, ""scaled_contribution"": 2.0, ""notes"": ""Phrase often appears in commentary; treat as hawkish only when describing central bank stance.""}, {""phrase"": ""incoming data"", ""direction"": ""neutral"", ""theme"": ""data_dependence"", ""count"": 2, ""weight"": 0.0, ""scaled_count"": 1.6931471805599454, ""scaled_contribution"": 0.0, ""notes"": ""Neutral by default; can accompany hawkish or dovish decisions.""}, {""phrase"": ""progress on inflation"", ""direction"": ""dovish"", ""theme"": ""inflation_progress"", ""count"": 1, ""weight"": -1.0, ""scaled_count"": 1.0, ""scaled_contribution"": -1.0, ""notes"": """"}, {""phrase"": ""target range for the federal funds rate"", ""direction"": ""hawkish"", ""theme"": ""restrictive_stance"", ""count"": 3, ""weight"": 2.0, ""scaled_count"": 2.09861228866811, ""scaled_contribution"": 4.19722457733622, ""notes"": ""FED-specific policy implementation phrasing; context matters for balance sheet phrases.""}]",scored,
FED_DOC_1E081DE9C0F4,FED,2023-05-31,Brief Remarks,Brief Remarks,Speeches,speech,FED_2023_05,data\FED\Speeches\2023-05-31 - Brief Remarks - Brief Remarks.txt,https://www.federalreserve.gov/newsevents/speech/bowman20230531a.htm,-1.0,Neutral-Dovish,0.239,dovish,0.0,1.0,-1.0,1,1,"[{""phrase"": ""inflation has moderated"", ""direction"": ""dovish"", ""theme"": ""inflation_progress"", ""count"": 1, ""weight"": -1.0, ""scaled_count"": 1.0, ""scaled_contribution"": -1.0, ""notes"": """"}]",scored,
FED_DOC_79D7AE3A8577,FED,2023-05-31,Philip N. Jefferson,Financial Stability and the U.S. Economy,Speeches,speech,FED_2023_05,data\FED\Speeches\2023-05-31 - Philip N. Jefferson - Financial Stability and the U.S. Economy.txt,https://www.federalreserve.gov/newsevents/speech/jefferson20230531a.htm,0.0,Neutral,0.0,none,0.0,0.0,0.0,0,0,[],scored,
FED_DOC_428814D8999A,FED,2023-06-14,,FOMC minutes,Minutes,minutes,FED_2023_06,data\FED\Minutes\2023-06-14 - FOMC minutes.txt,https://www.federalreserve.gov/monetarypolicy/files/fomcminutes20230614.pdf,9.158883083359672,Strongly Hawkish,0.615,hawkish,11.158883083359672,2.0,9.158883083359672,6,10,"[{""phrase"": ""inflation remains elevated"", ""direction"": ""hawkish"", ""theme"": ""inflation_too_high"", ""count"": 1, ""weight"": 3.0, ""scaled_count"": 1.0, ""scaled_contribution"": 3.0, ""notes"": """"}, {""phrase"": ""incoming data"", ""direction"": ""neutral"", ""theme"": ""data_dependence"", ""count"": 1, ""weight"": 0.0, ""scaled_count"": 1.0, ""scaled_contribution"": 0.0, ""notes"": ""Neutral by default; can accompany hawkish or dovish decisions.""}, {""phrase"": ""balance of risks"", ""direction"": ""neutral"", ""theme"": ""data_dependence"", ""count"": 1, ""weight"": 0.0, ""scaled_count"": 1.0, ""scaled_contribution"": 0.0, ""notes"": ""Neutral by default; can accompany hawkish or dovish decisions.""}, {""phrase"": ""downside risks to growth"", ""direction"": ""dovish"", ""theme"": ""downside_growth_risks"", ""count"": 1, ""weight"": -2.0, ""scaled_count"": 1.0, ""scaled_contribution"": -2.0, ""notes"": """"}, {""phrase"": ""target range for the federal funds rate"", ""direction"": ""hawkish"", ""theme"": ""restrictive_stance"", ""count"": 4, ""weight"": 2.0, ""scaled_count"": 2.386294361119891, ""scaled_contribution"": 4.772588722239782, ""notes"": ""FED-specific policy implementation phrasing; context matters for balance sheet phrases.""}, {""phrase"": ""highly attentive to inflation risks"", ""direction"": ""hawkish"", ""theme"": ""inflation_too_high"", ""count"": 2, ""weight"": 2.0, ""scaled_count"": 1.6931471805599454, ""scaled_contribution"": 3.386294361119891, ""notes"": """"}]",scored,
FED_DOC_EA9560B7BFC9,FED,2023-06-14,,FOMC statement,Monetary Policy,statement,FED_2023_06,data\FED\Monetary Policy\2023-06-14 - FOMC statement.txt,https://www.federalreserve.gov/monetarypolicy/files/monetary20230614a1.pdf,9.0,Strongly Hawkish,0.705,hawkish,9.0,0.0,9.0,4,4,"[{""phrase"": ""inflation remains elevated"", ""direction"": ""hawkish"", ""theme"": ""inflation_too_high"", ""count"": 1, ""weight"": 3.0, ""scaled_count"": 1.0, ""scaled_contribution"": 3.0, ""notes"": """"}, {""phrase"": ""target range for the federal funds rate"", ""direction"": ""hawkish"", ""theme"": ""restrictive_stance"", ""count"": 1, ""weight"": 2.0, ""scaled_count"": 1.0, ""scaled_contribution"": 2.0, ""notes"": ""FED-specific policy implementation phrasing; context matters for balance sheet phrases.""}, {""phrase"": ""highly attentive to inflation risks"", ""direction"": ""hawkish"", ""theme"": ""inflation_too_high"", ""count"": 1, ""weight"": 2.0, ""scaled_count"": 1.0, ""scaled_contribution"": 2.0, ""notes"": """"}, {""phrase"": ""committee remains highly attentive to inflation risks"", ""direction"": ""hawkish"", ""theme"": ""inflation_too_high"", ""count"": 1, ""weight"": 2.0, ""scaled_count"": 1.0, ""scaled_contribution"": 2.0, ""notes"": """"}]",scored,
FED_DOC_FC407A1C1FB0,FED,2023-06-16,Financial Stability and Macroeconomic Policy,Financial Stability and Macroeconomic Policy,Speeches,speech,FED_2023_06,data\FED\Speeches\2023-06-16 - Financial Stability and Macroeconomic Policy - Financial Stability and Macroeconomic Policy.txt,https://www.federalreserve.gov/newsevents/speech/waller20230616a.htm,0.0,Neutral,0.0,none,0.0,0.0,0.0,0,0,[],scored,
FED_DOC_D4FA59CE926E,FED,2023-06-22,Opening Remarks,Opening Remarks,Speeches,speech,FED_2023_06,data\FED\Speeches\2023-06-22 - Opening Remarks - Opening Remarks.txt,https://www.federalreserve.gov/newsevents/speech/bowman20230622a.htm,1.0,Neutral-Hawkish,0.204,hawkish,2.0,1.0,1.0,3,3,"[{""phrase"": ""more work to do"", ""direction"": ""hawkish"", ""theme"": ""need_for_further_tightening"", ""count"": 1, ""weight"": 2.0, ""scaled_count"": 1.0, ""scaled_contribution"": 2.0, ""notes"": """"}, {""phrase"": ""incoming data"", ""direction"": ""neutral"", ""theme"": ""data_dependence"", ""count"": 1, ""weight"": 0.0, ""scaled_count"": 1.0, ""scaled_contribution"": 0.0, ""notes"": ""Neutral by default; can accompany hawkish or dovish decisions.""}, {""phrase"": ""inflation has declined"", ""direction"": ""dovish"", ""theme"": ""inflation_progress"", ""count"": 1, ""weight"": -1.0, ""scaled_count"": 1.0, ""scaled_contribution"": -1.0, ""notes"": """"}]",scored,
FED_DOC_C50E3456BDF4,FED,2023-06-22,Welcoming Remarks,Welcoming Remarks,Speeches,speech,FED_2023_06,data\FED\Speeches\2023-06-22 - Welcoming Remarks - Welcoming Remarks.txt,https://www.federalreserve.gov/newsevents/speech/waller20230622a.htm,0.0,Neutral,0.0,none,0.0,0.0,0.0,0,0,[],scored,
FED_DOC_69D820970B65,FED,2023-06-25,Michelle W. Bowman,Responsive and Responsible Bank Regulation and Supervision,Speeches,speech,FED_2023_06,data\FED\Speeches\2023-06-25 - Michelle W. Bowman - Responsive and Responsible Bank Regulation and Supervision.txt,https://www.federalreserve.gov/newsevents/speech/bowman20230625a.htm,0.0,Neutral,0.0,none,0.0,0.0,0.0,0,0,[],scored,
FED_DOC_5AEC10BEC78F,FED,2023-06-29,Jerome H. Powell,Financial Stability and Economic Developments,Speeches,speech,FED_2023_06,data\FED\Speeches\2023-06-29 - Jerome H. Powell - Financial Stability and Economic Developments.txt,https://www.federalreserve.gov/newsevents/speech/powell20230629a.htm,1.0,Neutral-Hawkish,0.204,hawkish,2.0,1.0,1.0,2,2,"[{""phrase"": ""inflation has moderated"", ""direction"": ""dovish"", ""theme"": ""inflation_progress"", ""count"": 1, ""weight"": -1.0, ""scaled_count"": 1.0, ""scaled_contribution"": -1.0, ""notes"": """"}, {""phrase"": ""target range for the federal funds rate"", ""direction"": ""hawkish"", ""theme"": ""restrictive_stance"", ""count"": 1, ""weight"": 2.0, ""scaled_count"": 1.0, ""scaled_contribution"": 2.0, ""notes"": ""FED-specific policy implementation phrasing; context matters for balance sheet phrases.""}]",scored,
FED_DOC_A419C47AF17D,FED,2023-07-10,Holistic Capital Review,Holistic Capital Review,Speeches,speech,FED_2023_06,data\FED\Speeches\2023-07-10 - Holistic Capital Review - Holistic Capital Review.txt,https://www.federalreserve.gov/newsevents/speech/barr20230710a.htm,0.0,Neutral,0.0,none,0.0,0.0,0.0,0,0,[],scored,
FED_DOC_AC2624F640AE,FED,2023-07-13,Christopher J. Waller,Big Shocks Travel Fast: Why Policy Lags May Be Shorter Than You Think,Speeches,speech,FED_2023_06,data\FED\Speeches\2023-07-13 - Christopher J. Waller - Big Shocks Travel Fast_ Why Policy Lags May Be Shorter Than You Think.txt,https://www.federalreserve.gov/newsevents/speech/waller20230713a.htm,2.0,Neutral-Hawkish,0.302,hawkish,2.0,0.0,2.0,2,3,"[{""phrase"": ""keep policy restrictive"", ""direction"": ""hawkish"", ""theme"": ""restrictive_stance"", ""count"": 1, ""weight"": 2.0, ""scaled_count"": 1.0, ""scaled_contribution"": 2.0, ""notes"": """"}, {""phrase"": ""incoming data"", ""direction"": ""neutral"", ""theme"": ""data_dependence"", ""count"": 2, ""weight"": 0.0, ""scaled_count"": 1.6931471805599454, ""scaled_contribution"": 0.0, ""notes"": ""Neutral by default; can accompany hawkish or dovish decisions.""}]",scored,
FED_DOC_4DADF5A8FF7B,FED,2023-07-18,Michael S. Barr,Furthering the Vision of the Fair Housing Act,Speeches,speech,FED_2023_06,data\FED\Speeches\2023-07-18 - Michael S. Barr - Furthering the Vision of the Fair Housing Act.txt,https://www.federalreserve.gov/newsevents/speech/barr20230718a.htm,0.0,Neutral,0.0,none,0.0,0.0,0.0,0,0,[],scored,
FED_DOC_899B5CE7999F,FED,2023-07-26,,FOMC minutes,Minutes,minutes,FED_2023_07,data\FED\Minutes\2023-07-26 - FOMC minutes.txt,https://www.federalreserve.gov/monetarypolicy/files/fomcminutes20230726.pdf,10.0,Strongly Hawkish,0.635,hawkish,13.35610766069589,2.0,11.35610766069589,7,14,"[{""phrase"": ""upside risks to inflation"", ""direction"": ""hawkish"", ""theme"": ""upside_inflation_risks"", ""count"": 2, ""weight"": 2.0, ""scaled_count"": 1.6931471805599454, ""scaled_contribution"": 3.386294361119891, ""notes"": """"}, {""phrase"": ""restrictive territory"", ""direction"": ""hawkish"", ""theme"": ""restrictive_stance"", ""count"": 1, ""weight"": 1.0, ""scaled_count"": 1.0, ""scaled_contribution"": 1.0, ""notes"": """"}, {""phrase"": ""incoming data"", ""direction"": ""neutral"", ""theme"": ""data_dependence"", ""count"": 1, ""weight"": 0.0, ""scaled_count"": 1.0, ""scaled_contribution"": 0.0, ""notes"": ""Neutral by default; can accompany hawkish or dovish decisions.""}, {""phrase"": ""balance of risks"", ""direction"": ""neutral"", ""theme"": ""data_dependence"", ""count"": 1, ""weight"": 0.0, ""scaled_count"": 1.0, ""scaled_contribution"": 0.0, ""notes"": ""Neutral by default; can accompany hawkish or dovish decisions.""}, {""phrase"": ""target range for the federal funds rate"", ""direction"": ""hawkish"", ""theme"": ""restrictive_stance"", ""count"": 6, ""weight"": 2.0, ""scaled_count"": 2.791759469228055, ""scaled_contribution"": 5.58351893845611, ""notes"": ""FED-specific policy implementation phrasing; context matters for balance sheet phrases.""}, {""phrase"": ""highly attentive to inflation risks"", ""direction"": ""hawkish"", ""theme"": ""inflation_too_high"", ""count"": 2, ""weight"": 2.0, ""scaled_count"": 1.6931471805599454, ""scaled_contribution"": 3.386294361119891, ""notes"": """"}, {""phrase"": ""reduce the target range for the federal funds rate"", ""direction"": ""dovish"", ""theme"": ""easing_cut_bias"", ""count"": 1, ""weight"": -2.0, ""scaled_count"": 1.0, ""scaled_contribution"": -2.0, ""notes"": ""Balance sheet language may not map one-for-one to rate stance.""}]",scored,
FED_DOC_E349351C7759,FED,2023-07-26,,FOMC statement,Monetary Policy,statement,FED_2023_07,data\FED\Monetary Policy\2023-07-26 - FOMC statement.txt,https://www.federalreserve.gov/monetarypolicy/files/monetary20230726a1.pdf,9.0,Strongly Hawkish,0.705,hawkish,9.0,0.0,9.0,4,4,"[{""phrase"": ""inflation remains elevated"", ""direction"": ""hawkish"", ""theme"": ""inflation_too_high"", ""count"": 1, ""weight"": 3.0, ""scaled_count"": 1.0, ""scaled_contribution"": 3.0, ""notes"": """"}, {""phrase"": ""target range for the federal funds rate"", ""direction"": ""hawkish"", ""theme"": ""restrictive_stance"", ""count"": 1, ""weight"": 2.0, ""scaled_count"": 1.0, ""scaled_contribution"": 2.0, ""notes"": ""FED-specific policy implementation phrasing; context matters for balance sheet phrases.""}, {""phrase"": ""highly attentive to inflation risks"", ""direction"": ""hawkish"", ""theme"": ""inflation_too_high"", ""count"": 1, ""weight"": 2.0, ""scaled_count"": 1.0, ""scaled_contribution"": 2.0, ""notes"": """"}, {""phrase"": ""committee remains highly attentive to inflation risks"", ""direction"": ""hawkish"", ""theme"": ""inflation_too_high"", ""count"": 1, ""weight"": 2.0, ""scaled_count"": 1.0, ""scaled_contribution"": 2.0, ""notes"": """"}]",scored,
FED_DOC_910502A98C3B,FED,2023-08-05,Michelle W. Bowman,Brief Remarks on the Economy and Monetary Policy,Speeches,speech,FED_2023_07,data\FED\Speeches\2023-08-05 - Michelle W. Bowman - Brief Remarks on the Economy and Monetary Policy.txt,https://www.federalreserve.gov/newsevents/speech/bowman20230805a.htm,1.3862943611198908,Neutral-Hawkish,0.252,hawkish,3.386294361119891,2.0,1.3862943611198908,4,6,"[{""phrase"": ""incoming data"", ""direction"": ""neutral"", ""theme"": ""data_dependence"", ""count"": 2, ""weight"": 0.0, ""scaled_count"": 1.6931471805599454, ""scaled_contribution"": 0.0, ""notes"": ""Neutral by default; can accompany hawkish or dovish decisions.""}, {""phrase"": ""inflation has declined"", ""direction"": ""dovish"", ""theme"": ""inflation_progress"", ""count"": 1, ""weight"": -1.0, ""scaled_count"": 1.0, ""scaled_contribution"": -1.0, ""notes"": """"}, {""phrase"": ""progress on inflation"", ""direction"": ""dovish"", ""theme"": ""inflation_progress"", ""count"": 1, ""weight"": -1.0, ""scaled_count"": 1.0, ""scaled_contribution"": -1.0, ""notes"": """"}, {""phrase"": ""target range for the federal funds rate"", ""direction"": ""hawkish"", ""theme"": ""restrictive_stance"", ""count"": 2, ""weight"": 2.0, ""scaled_count"": 1.6931471805599454, ""scaled_contribution"": 3.386294361119891, ""notes"": ""FED-specific policy implementation phrasing; context matters for balance sheet phrases.""}]",scored,
FED_DOC_488337565CC4,FED,2023-08-07,Welcoming Remarks,Welcoming Remarks,Speeches,speech,FED_2023_07,data\FED\Speeches\2023-08-07 - Welcoming Remarks - Welcoming Remarks.txt,https://www.federalreserve.gov/newsevents/speech/bowman20230807a.htm,2.0,Neutral-Hawkish,0.302,hawkish,2.0,0.0,2.0,2,2,"[{""phrase"": ""incoming data"", ""direction"": ""neutral"", ""theme"": ""data_dependence"", ""count"": 1, ""weight"": 0.0, ""scaled_count"": 1.0, ""scaled_contribution"": 0.0, ""notes"": ""Neutral by default; can accompany hawkish or dovish decisions.""}, {""phrase"": ""target range for the federal funds rate"", ""direction"": ""hawkish"", ""theme"": ""restrictive_stance"", ""count"": 1, ""weight"": 2.0, ""scaled_count"": 1.0, ""scaled_contribution"": 2.0, ""notes"": ""FED-specific policy implementation phrasing; context matters for balance sheet phrases.""}]",scored,
FED_DOC_AA0839D296EF,FED,2023-08-22,Welcoming Remarks,Welcoming Remarks,Speeches,speech,FED_2023_07,data\FED\Speeches\2023-08-22 - Welcoming Remarks - Welcoming Remarks.txt,https://www.federalreserve.gov/newsevents/speech/bowman20230822a.htm,0.0,Neutral,0.0,none,0.0,0.0,0.0,0,0,[],scored,
FED_DOC_37721B8E2F23,FED,2023-08-25,Jerome H. Powell,Inflation: Progress and the Path Ahead,Speeches,speech,FED_2023_07,data\FED\Speeches\2023-08-25 - Jerome H. Powell - Inflation_ Progress and the Path Ahead.txt,https://www.federalreserve.gov/newsevents/speech/powell20230825a.htm,3.0,Hawkish,0.496,hawkish,8.0,5.0,3.0,11,13,"[{""phrase"": ""inflation is still elevated"", ""direction"": ""hawkish"", ""theme"": ""inflation_too_high"", ""count"": 1, ""weight"": 3.0, ""scaled_count"": 1.0, ""scaled_contribution"": 3.0, ""notes"": """"}, {""phrase"": ""prepared to raise rates further"", ""direction"": ""hawkish"", ""theme"": ""need_for_further_tightening"", ""count"": 1, ""weight"": 3.0, ""scaled_count"": 1.0, ""scaled_contribution"": 3.0, ""notes"": """"}, {""phrase"": ""labor market remains tight"", ""direction"": ""hawkish"", ""theme"": ""labour_market_strength"", ""count"": 1, ""weight"": 2.0, ""scaled_count"": 1.0, ""scaled_contribution"": 2.0, ""notes"": """"}, {""phrase"": ""incoming data"", ""direction"": ""neutral"", ""theme"": ""data_dependence"", ""count"": 1, ""weight"": 0.0, ""scaled_count"": 1.0, ""scaled_contribution"": 0.0, ""notes"": ""Neutral by default; can accompany hawkish or dovish decisions.""}, {""phrase"": ""evolving outlook"", ""direction"": ""neutral"", ""theme"": ""data_dependence"", ""count"": 2, ""weight"": 0.0, ""scaled_count"": 1.6931471805599454, ""scaled_contribution"": 0.0, ""notes"": ""Neutral by default; can accompany hawkish or dovish decisions.""}, {""phrase"": ""proceed carefully"", ""direction"": ""neutral"", ""theme"": ""data_dependence"", ""count"": 2, ""weight"": 0.0, ""scaled_count"": 1.6931471805599454, ""scaled_contribution"": 0.0, ""notes"": ""Neutral by default; can accompany hawkish or dovish decisions.""}, {""phrase"": ""upside and downside risks"", ""direction"": ""neutral"", ""theme"": ""balanced_risks"", ""count"": 1, ""weight"": 0.0, ""scaled_count"": 1.0, ""scaled_contribution"": 0.0, ""notes"": """"}, {""phrase"": ""inflation has declined"", ""direction"": ""dovish"", ""theme"": ""inflation_progress"", ""count"": 1, ""weight"": -1.0, ""scaled_count"": 1.0, ""scaled_contribution"": -1.0, ""notes"": """"}, {""phrase"": ""progress on inflation"", ""direction"": ""dovish"", ""theme"": ""inflation_progress"", ""count"": 1, ""weight"": -1.0, ""scaled_count"": 1.0, ""scaled_contribution"": -1.0, ""notes"": """"}, {""phrase"": ""further progress on inflation"", ""direction"": ""dovish"", ""theme"": ""inflation_progress"", ""count"": 1, ""weight"": -1.0, ""scaled_count"": 1.0, ""scaled_contribution"": -1.0, ""notes"": """"}, {""phrase"": ""job growth has slowed"", ""direction"": ""dovish"", ""theme"": ""labour_market_cooling"", ""count"": 1, ""weight"": -2.0, ""scaled_count"": 1.0, ""scaled_contribution"": -2.0, ""notes"": """"}]",scored,
FED_DOC_80FE9812E827,FED,2023-09-08,Michael S. Barr,The Federal Reserveâs Role in Supporting Responsible Innovation,Speeches,speech,FED_2023_07,data\FED\Speeches\2023-09-08 - Michael S. Barr - The Federal Reserveâs Role in Supporting Responsible Innovation.txt,https://www.federalreserve.gov/newsevents/speech/barr20230908a.htm,0.0,Neutral,0.0,none,0.0,0.0,0.0,0,0,[],scored,
FED_DOC_37707DD9A879,FED,2023-09-20,,FOMC minutes,Minutes,minutes,FED_2023_09,data\FED\Minutes\2023-09-20 - FOMC minutes.txt,https://www.federalreserve.gov/monetarypolicy/files/fomcminutes20230920.pdf,10.0,Strongly Hawkish,0.643,hawkish,15.218875824868201,2.0,13.218875824868201,10,14,"[{""phrase"": ""inflation remains elevated"", ""direction"": ""hawkish"", ""theme"": ""inflation_too_high"", ""count"": 1, ""weight"": 3.0, ""scaled_count"": 1.0, ""scaled_contribution"": 3.0, ""notes"": """"}, {""phrase"": ""upside risks to inflation"", ""direction"": ""hawkish"", ""theme"": ""upside_inflation_risks"", ""count"": 1, ""weight"": 2.0, ""scaled_count"": 1.0, ""scaled_contribution"": 2.0, ""notes"": """"}, {""phrase"": ""keep policy restrictive"", ""direction"": ""hawkish"", ""theme"": ""restrictive_stance"", ""count"": 1, ""weight"": 2.0, ""scaled_count"": 1.0, ""scaled_contribution"": 2.0, ""notes"": """"}, {""phrase"": ""restrictive territory"", ""direction"": ""hawkish"", ""theme"": ""restrictive_stance"", ""count"": 1, ""weight"": 1.0, ""scaled_count"": 1.0, ""scaled_contribution"": 1.0, ""notes"": """"}, {""phrase"": ""data-dependent"", ""direction"": ""neutral"", ""theme"": ""data_dependence"", ""count"": 1, ""weight"": 0.0, ""scaled_count"": 1.0, ""scaled_contribution"": 0.0, ""notes"": ""Neutral by default; can accompany hawkish or dovish decisions.""}, {""phrase"": ""balance of risks"", ""direction"": ""neutral"", ""theme"": ""data_dependence"", ""count"": 1, ""weight"": 0.0, ""scaled_count"": 1.0, ""scaled_contribution"": 0.0, ""notes"": ""Neutral by default; can accompany hawkish or dovish decisions.""}, {""phrase"": ""proceed carefully"", ""direction"": ""neutral"", ""theme"": ""data_dependence"", ""count"": 1, ""weight"": 0.0, ""scaled_count"": 1.0, ""scaled_contribution"": 0.0, ""notes"": ""Neutral by default; can accompany hawkish or dovish decisions.""}, {""phrase"": ""target range for the federal funds rate"", ""direction"": ""hawkish"", ""theme"": ""restrictive_stance"", ""count"": 5, ""weight"": 2.0, ""scaled_count"": 2.6094379124341005, ""scaled_contribution"": 5.218875824868201, ""notes"": ""FED-specific policy implementation phrasing; context matters for balance sheet phrases.""}, {""phrase"": ""highly attentive to inflation risks"", ""direction"": ""hawkish"", ""theme"": ""inflation_too_high"", ""count"": 1, ""weight"": 2.0, ""scaled_count"": 1.0, ""scaled_contribution"": 2.0, ""notes"": """"}, {""phrase"": ""reduce the target range for the federal funds rate"", ""direction"": ""dovish"", ""theme"": ""easing_cut_bias"", ""count"": 1, ""weight"": -2.0, ""scaled_count"": 1.0, ""scaled_contribution"": -2.0, ""notes"": ""Balance sheet language may not map one-for-one to rate stance.""}]",scored,
FED_DOC_C69BB7C267D9,FED,2023-09-20,,FOMC statement,Monetary Policy,statement,FED_2023_09,data\FED\Monetary Policy\2023-09-20 - FOMC statement.txt,https://www.federalreserve.gov/monetarypolicy/files/monetary20230920a1.pdf,9.0,Strongly Hawkish,0.705,hawkish,9.0,0.0,9.0,4,4,"[{""phrase"": ""inflation remains elevated"", ""direction"": ""hawkish"", ""theme"": ""inflation_too_high"", ""count"": 1, ""weight"": 3.0, ""scaled_count"": 1.0, ""scaled_contribution"": 3.0, ""notes"": """"}, {""phrase"": ""target range for the federal funds rate"", ""direction"": ""hawkish"", ""theme"": ""restrictive_stance"", ""count"": 1, ""weight"": 2.0, ""scaled_count"": 1.0, ""scaled_contribution"": 2.0, ""notes"": ""FED-specific policy implementation phrasing; context matters for balance sheet phrases.""}, {""phrase"": ""highly attentive to inflation risks"", ""direction"": ""hawkish"", ""theme"": ""inflation_too_high"", ""count"": 1, ""weight"": 2.0, ""scaled_count"": 1.0, ""scaled_contribution"": 2.0, ""notes"": """"}, {""phrase"": ""committee remains highly attentive to inflation risks"", ""direction"": ""hawkish"", ""theme"": ""inflation_too_high"", ""count"": 1, ""weight"": 2.0, ""scaled_count"": 1.0, ""scaled_contribution"": 2.0, ""notes"": """"}]",scored,
FED_DOC_7D4387EBC882,FED,2023-09-22,Michelle W. Bowman,Brief Remarks on the Economy and Monetary Policy,Speeches,speech,FED_2023_09,data\FED\Speeches\2023-09-22 - Michelle W. Bowman - Brief Remarks on the Economy and Monetary Policy.txt,https://www.federalreserve.gov/newsevents/speech/bowman20230922a.htm,4.693147180559945,Hawkish,0.443,hawkish,6.386294361119891,1.6931471805599454,4.693147180559945,4,7,"[{""phrase"": ""inflation is still too high"", ""direction"": ""hawkish"", ""theme"": ""inflation_too_high"", ""count"": 1, ""weight"": 3.0, ""scaled_count"": 1.0, ""scaled_contribution"": 3.0, ""notes"": """"}, {""phrase"": ""incoming data"", ""direction"": ""neutral"", ""theme"": ""data_dependence"", ""count"": 2, ""weight"": 0.0, ""scaled_count"": 1.6931471805599454, ""scaled_contribution"": 0.0, ""notes"": ""Neutral by default; can accompany hawkish or dovish decisions.""}, {""phrase"": ""progress on inflation"", ""direction"": ""dovish"", ""theme"": ""inflation_progress"", ""count"": 2, ""weight"": -1.0, ""scaled_count"": 1.6931471805599454, ""scaled_contribution"": -1.6931471805599454, ""notes"": """"}, {""phrase"": ""target range for the federal funds rate"", ""direction"": ""hawkish"", ""theme"": ""restrictive_stance"", ""count"": 2, ""weight"": 2.0, ""scaled_count"": 1.6931471805599454, ""scaled_contribution"": 3.386294361119891, ""notes"": ""FED-specific policy implementation phrasing; context matters for balance sheet phrases.""}]",scored,
FED_DOC_D406A4E92428,FED,2023-09-22,Lisa D. Cook,"Generative AI, Productivity, the Labor Market, and Choice Behavior",Speeches,speech,FED_2023_09,"data\FED\Speeches\2023-09-22 - Lisa D. Cook - Generative AI, Productivity, the Labor Market, and Choice Behavior.txt",https://www.federalreserve.gov/newsevents/speech/cook20230922a.htm,0.0,Neutral,0.0,none,0.0,0.0,0.0,0,0,[],scored,
FED_DOC_833FE9E2A350,FED,2023-09-26,Welcoming Remarks,Welcoming Remarks,Speeches,speech,FED_2023_09,data\FED\Speeches\2023-09-26 - Welcoming Remarks - Welcoming Remarks.txt,https://www.federalreserve.gov/newsevents/speech/bowman20230926a.htm,-1.0,Neutral-Dovish,0.239,dovish,0.0,1.0,-1.0,1,1,"[{""phrase"": ""inflation has eased"", ""direction"": ""dovish"", ""theme"": ""inflation_progress"", ""count"": 1, ""weight"": -1.0, ""scaled_count"": 1.0, ""scaled_contribution"": -1.0, ""notes"": """"}]",scored,
FED_DOC_CB416552C0AD,FED,2023-09-27,Panel Remarks,Panel Remarks,Speeches,speech,FED_2023_09,data\FED\Speeches\2023-09-27 - Panel Remarks - Panel Remarks.txt,https://www.federalreserve.gov/newsevents/speech/bowman20230927a.htm,0.0,Neutral,0.0,none,0.0,0.0,0.0,0,0,[],scored,
FED_DOC_97058482B149,FED,2023-09-28,Closing Remarks,Closing Remarks,Speeches,speech,FED_2023_09,data\FED\Speeches\2023-09-28 - Closing Remarks - Closing Remarks.txt,https://www.federalreserve.gov/newsevents/speech/cook20230928a.htm,0.0,Neutral,0.0,none,0.0,0.0,0.0,0,0,[],scored,
FED_DOC_81419ABD7666,FED,2023-09-28,Jerome H. Powell,Welcoming Remarks,Speeches,speech,FED_2023_09,data\FED\Speeches\2023-09-28 - Jerome H. Powell - Welcoming Remarks.txt,https://www.federalreserve.gov/newsevents/speech/powell20230928a.htm,0.0,Neutral,0.0,none,0.0,0.0,0.0,0,0,[],scored,
FED_DOC_8AFFBC13BD6D,FED,2023-10-02,Michelle W. Bowman,Brief Remarks on the Economy and Bank Regulation,Speeches,speech,FED_2023_09,data\FED\Speeches\2023-10-02 - Michelle W. Bowman - Brief Remarks on the Economy and Bank Regulation.txt,https://www.federalreserve.gov/newsevents/speech/bowman20231002a.htm,1.6931471805599454,Neutral-Hawkish,0.267,hawkish,3.386294361119891,1.6931471805599454,1.6931471805599454,4,7,"[{""phrase"": ""incoming data"", ""direction"": ""neutral"", ""theme"": ""data_dependence"", ""count"": 2, ""weight"": 0.0, ""scaled_count"": 1.6931471805599454, ""scaled_contribution"": 0.0, ""notes"": ""Neutral by default; can accompany hawkish or dovish decisions.""}, {""phrase"": ""risk management approach"", ""direction"": ""neutral"", ""theme"": ""data_dependence"", ""count"": 1, ""weight"": 0.0, ""scaled_count"": 1.0, ""scaled_contribution"": 0.0, ""notes"": ""Neutral by default; can accompany hawkish or dovish decisions.""}, {""phrase"": ""progress on inflation"", ""direction"": ""dovish"", ""theme"": ""inflation_progress"", ""count"": 2, ""weight"": -1.0, ""scaled_count"": 1.6931471805599454, ""scaled_contribution"": -1.6931471805599454, ""notes"": """"}, {""phrase"": ""target range for the federal funds rate"", ""direction"": ""hawkish"", ""theme"": ""restrictive_stance"", ""count"": 2, ""weight"": 2.0, ""scaled_count"": 1.6931471805599454, ""scaled_contribution"": 3.386294361119891, ""notes"": ""FED-specific policy implementation phrasing; context matters for balance sheet phrases.""}]",scored,
FED_DOC_C098636BA2D2,FED,2023-10-02,Monetary Policy and Financial Stability,Monetary Policy and Financial Stability,Speeches,speech,FED_2023_09,data\FED\Speeches\2023-10-02 - Monetary Policy and Financial Stability - Monetary Policy and Financial Stability.txt,https://www.federalreserve.gov/newsevents/speech/barr20231002a.htm,3.0,Hawkish,0.361,hawkish,4.0,1.0,3.0,5,7,"[{""phrase"": ""labor market is tight"", ""direction"": ""hawkish"", ""theme"": ""labour_market_strength"", ""count"": 1, ""weight"": 2.0, ""scaled_count"": 1.0, ""scaled_contribution"": 2.0, ""notes"": """"}, {""phrase"": ""incoming data"", ""direction"": ""neutral"", ""theme"": ""data_dependence"", ""count"": 3, ""weight"": 0.0, ""scaled_count"": 2.09861228866811, ""scaled_contribution"": 0.0, ""notes"": ""Neutral by default; can accompany hawkish or dovish decisions.""}, {""phrase"": ""proceed carefully"", ""direction"": ""neutral"", ""theme"": ""data_dependence"", ""count"": 1, ""weight"": 0.0, ""scaled_count"": 1.0, ""scaled_contribution"": 0.0, ""notes"": ""Neutral by default; can accompany hawkish or dovish decisions.""}, {""phrase"": ""effects of past tightening"", ""direction"": ""dovish"", ""theme"": ""policy_transmission_working"", ""count"": 1, ""weight"": -1.0, ""scaled_count"": 1.0, ""scaled_contribution"": -1.0, ""notes"": """"}, {""phrase"": ""target range for the federal funds rate"", ""direction"": ""hawkish"", ""theme"": ""restrictive_stance"", ""count"": 1, ""weight"": 2.0, ""scaled_count"": 1.0, ""scaled_contribution"": 2.0, ""notes"": ""FED-specific policy implementation phrasing; context matters for balance sheet phrases.""}]",scored,
FED_DOC_88225DB1F615,FED,2023-10-04,Michelle W. Bowman,"The Role of Research, Data, and Analysis in Banking Reforms",Speeches,speech,FED_2023_09,"data\FED\Speeches\2023-10-04 - Michelle W. Bowman - The Role of Research, Data, and Analysis in Banking Reforms.txt",https://www.federalreserve.gov/newsevents/speech/bowman20231004a.htm,0.0,Neutral,0.0,none,0.0,0.0,0.0,0,0,[],scored,
FED_DOC_0B424DD775DF,FED,2023-10-07,Michelle W. Bowman,Brief Remarks on the Economy and Insights from Past Bank Regulatory Reform Efforts,Speeches,speech,FED_2023_09,data\FED\Speeches\2023-10-07 - Michelle W. Bowman - Brief Remarks on the Economy and Insights from Past Bank Regulatory Reform Efforts.txt,https://www.federalreserve.gov/newsevents/speech/bowman20231007a.htm,1.6931471805599454,Neutral-Hawkish,0.267,hawkish,3.386294361119891,1.6931471805599454,1.6931471805599454,3,6,"[{""phrase"": ""incoming data"", ""direction"": ""neutral"", ""theme"": ""data_dependence"", ""count"": 2, ""weight"": 0.0, ""scaled_count"": 1.6931471805599454, ""scaled_contribution"": 0.0, ""notes"": ""Neutral by default; can accompany hawkish or dovish decisions.""}, {""phrase"": ""progress on inflation"", ""direction"": ""dovish"", ""theme"": ""inflation_progress"", ""count"": 2, ""weight"": -1.0, ""scaled_count"": 1.6931471805599454, ""scaled_contribution"": -1.6931471805599454, ""notes"": """"}, {""phrase"": ""target range for the federal funds rate"", ""direction"": ""hawkish"", ""theme"": ""restrictive_stance"", ""count"": 2, ""weight"": 2.0, ""scaled_count"": 1.6931471805599454, ""scaled_contribution"": 3.386294361119891, ""notes"": ""FED-specific policy implementation phrasing; context matters for balance sheet phrases.""}]",scored,
FED_DOC_B34518FF78CF,FED,2023-10-09,Capital Supports Lending,Capital Supports Lending,Speeches,speech,FED_2023_09,data\FED\Speeches\2023-10-09 - Capital Supports Lending - Capital Supports Lending.txt,https://www.federalreserve.gov/newsevents/speech/barr20231009a.htm,0.0,Neutral,0.0,none,0.0,0.0,0.0,0,0,[],scored,
FED_DOC_6E8DBBF45BBC,FED,2023-10-09,Philip N. Jefferson,U.S. Economic Outlook and Monetary Policy Transmission,Speeches,speech,FED_2023_09,data\FED\Speeches\2023-10-09 - Philip N. Jefferson - U.S. Economic Outlook and Monetary Policy Transmission.txt,https://www.federalreserve.gov/newsevents/speech/jefferson20231009a.htm,8.38629436111989,Strongly Hawkish,0.613,hawkish,10.38629436111989,2.0,8.38629436111989,7,9,"[{""phrase"": ""inflation remains too high"", ""direction"": ""hawkish"", ""theme"": ""inflation_too_high"", ""count"": 1, ""weight"": 3.0, ""scaled_count"": 1.0, ""scaled_contribution"": 3.0, ""notes"": """"}, {""phrase"": ""upside risks to inflation"", ""direction"": ""hawkish"", ""theme"": ""upside_inflation_risks"", ""count"": 2, ""weight"": 2.0, ""scaled_count"": 1.6931471805599454, ""scaled_contribution"": 3.386294361119891, ""notes"": """"}, {""phrase"": ""labor market remains tight"", ""direction"": ""hawkish"", ""theme"": ""labour_market_strength"", ""count"": 1, ""weight"": 2.0, ""scaled_count"": 1.0, ""scaled_contribution"": 2.0, ""notes"": """"}, {""phrase"": ""incoming data"", ""direction"": ""neutral"", ""theme"": ""data_dependence"", ""count"": 1, ""weight"": 0.0, ""scaled_count"": 1.0, ""scaled_contribution"": 0.0, ""notes"": ""Neutral by default; can accompany hawkish or dovish decisions.""}, {""phrase"": ""proceed carefully"", ""direction"": ""neutral"", ""theme"": ""data_dependence"", ""count"": 2, ""weight"": 0.0, ""scaled_count"": 1.6931471805599454, ""scaled_contribution"": 0.0, ""notes"": ""Neutral by default; can accompany hawkish or dovish decisions.""}, {""phrase"": ""gradual easing"", ""direction"": ""dovish"", ""theme"": ""easing_cut_bias"", ""count"": 1, ""weight"": -2.0, ""scaled_count"": 1.0, ""scaled_contribution"": -2.0, ""notes"": """"}, {""phrase"": ""target range for the federal funds rate"", ""direction"": ""hawkish"", ""theme"": ""restrictive_stance"", ""count"": 1, ""weight"": 2.0, ""scaled_count"": 1.0, ""scaled_contribution"": 2.0, ""notes"": ""FED-specific policy implementation phrasing; context matters for balance sheet phrases.""}]",scored,
FED_DOC_C0233C4CC834,FED,2023-10-10,Christopher J. Waller,Monetary Policy Analysis and the Development of Federal Reserve Policymaking,Speeches,speech,FED_2023_09,data\FED\Speeches\2023-10-10 - Christopher J. Waller - Monetary Policy Analysis and the Development of Federal Reserve Policymaking.txt,https://www.federalreserve.gov/newsevents/speech/waller20231010a.htm,-2.0,Neutral-Dovish,0.302,dovish,0.0,2.0,-2.0,1,1,"[{""phrase"": ""economic slack"", ""direction"": ""dovish"", ""theme"": ""recession_slack_risk"", ""count"": 1, ""weight"": -2.0, ""scaled_count"": 1.0, ""scaled_contribution"": -2.0, ""notes"": """"}]",scored,
FED_DOC_5FE056B21F1D,FED,2023-10-11,Financial Stability in Uncertain Times,Financial Stability in Uncertain Times,Speeches,speech,FED_2023_09,data\FED\Speeches\2023-10-11 - Financial Stability in Uncertain Times - Financial Stability in Uncertain Times.txt,https://www.federalreserve.gov/newsevents/speech/bowman20231011a.htm,4.0,Hawkish,0.596,hawkish,4.0,0.0,4.0,2,2,"[{""phrase"": ""higher for longer"", ""direction"": ""hawkish"", ""theme"": ""higher_for_longer"", ""count"": 1, ""weight"": 2.0, ""scaled_count"": 1.0, ""scaled_contribution"": 2.0, ""notes"": """"}, {""phrase"": ""labor market remains tight"", ""direction"": ""hawkish"", ""theme"": ""labour_market_strength"", ""count"": 1, ""weight"": 2.0, ""scaled_count"": 1.0, ""scaled_contribution"": 2.0, ""notes"": """"}]",scored,
FED_DOC_8DEEB2E1327A,FED,2023-10-17,Michelle W. Bowman,Responsible Innovation in Money and Payments,Speeches,speech,FED_2023_09,data\FED\Speeches\2023-10-17 - Michelle W. Bowman - Responsible Innovation in Money and Payments.txt,https://www.federalreserve.gov/newsevents/speech/bowman20231017a.htm,0.0,Neutral,0.0,none,0.0,0.0,0.0,0,0,[],scored,
FED_DOC_BE4140DF45D7,FED,2023-10-18,Brief Remarks,Brief Remarks,Speeches,speech,FED_2023_09,data\FED\Speeches\2023-10-18 - Brief Remarks - Brief Remarks.txt,https://www.federalreserve.gov/newsevents/speech/bowman20231018a.htm,0.0,Neutral,0.0,none,0.0,0.0,0.0,0,0,[],scored,
FED_DOC_B33DBED4D214,FED,2023-10-18,Christopher J. Waller,Somethingâs Got to Give,Speeches,speech,FED_2023_09,data\FED\Speeches\2023-10-18 - Christopher J. Waller - Somethingâs Got to Give.txt,https://www.federalreserve.gov/newsevents/speech/waller20231018a.htm,2.0,Neutral-Hawkish,0.302,hawkish,2.0,0.0,2.0,2,3,"[{""phrase"": ""policy is restrictive"", ""direction"": ""hawkish"", ""theme"": ""restrictive_stance"", ""count"": 1, ""weight"": 2.0, ""scaled_count"": 1.0, ""scaled_contribution"": 2.0, ""notes"": """"}, {""phrase"": ""incoming data"", ""direction"": ""neutral"", ""theme"": ""data_dependence"", ""count"": 2, ""weight"": 0.0, ""scaled_count"": 1.6931471805599454, ""scaled_contribution"": 0.0, ""notes"": ""Neutral by default; can accompany hawkish or dovish decisions.""}]",scored,
FED_DOC_A80A4720BA90,FED,2023-10-18,Lisa D. Cook,The Evolution of the Federal Reserveâs Employment Mandate,Speeches,speech,FED_2023_09,data\FED\Speeches\2023-10-18 - Lisa D. Cook - The Evolution of the Federal Reserveâs Employment Mandate.txt,https://www.federalreserve.gov/newsevents/speech/cook20231018a.htm,0.0,Neutral,0.0,none,0.0,0.0,0.0,0,0,[],scored,
FED_DOC_D51B9888071F,FED,2023-10-19,Multiple Scenarios in Stress Testing,Multiple Scenarios in Stress Testing,Speeches,speech,FED_2023_09,data\FED\Speeches\2023-10-19 - Multiple Scenarios in Stress Testing - Multiple Scenarios in Stress Testing.txt,https://www.federalreserve.gov/newsevents/speech/barr20231019a.htm,0.0,Neutral,0.0,none,0.0,0.0,0.0,0,0,[],scored,
FED_DOC_B1A92F805EF8,FED,2023-10-19,Philip N. Jefferson,Opening Remarks,Speeches,speech,FED_2023_09,data\FED\Speeches\2023-10-19 - Philip N. Jefferson - Opening Remarks.txt,https://www.federalreserve.gov/newsevents/speech/jefferson20231019a.htm,0.0,Neutral,0.0,none,0.0,0.0,0.0,0,0,[],scored,
FED_DOC_6A8BAF9E62B8,FED,2023-10-25,Jerome H. Powell,Introductory Remarks,Speeches,speech,FED_2023_09,data\FED\Speeches\2023-10-25 - Jerome H. Powell - Introductory Remarks.txt,https://www.federalreserve.gov/newsevents/speech/powell20231025a.htm,0.0,Neutral,0.0,none,0.0,0.0,0.0,0,0,[],scored,
FED_DOC_0DB769ACB7A5,FED,2023-10-26,Welcome Remarks,Welcome Remarks,Speeches,speech,FED_2023_09,data\FED\Speeches\2023-10-26 - Welcome Remarks - Welcome Remarks.txt,https://www.federalreserve.gov/newsevents/speech/waller20231026a.htm,0.0,Neutral,0.0,none,0.0,0.0,0.0,0,0,[],scored,
FED_DOC_E58A40D404AE,FED,2023-10-27,Opening Remarks,Opening Remarks,Speeches,speech,FED_2023_09,data\FED\Speeches\2023-10-27 - Opening Remarks - Opening Remarks.txt,https://www.federalreserve.gov/newsevents/speech/barr20231027a.htm,0.0,Neutral,0.0,none,0.0,0.0,0.0,0,0,[],scored,
FED_DOC_6AC8C7EB2863,FED,2023-11-01,,FOMC minutes,Minutes,minutes,FED_2023_11,data\FED\Minutes\2023-11-01 - FOMC minutes.txt,https://www.federalreserve.gov/monetarypolicy/files/fomcminutes20231101.pdf,10.0,Strongly Hawkish,0.634,hawkish,16.969813299576,4.386294361119891,12.583518938456109,12,19,"[{""phrase"": ""inflation remains elevated"", ""direction"": ""hawkish"", ""theme"": ""inflation_too_high"", ""count"": 1, ""weight"": 3.0, ""scaled_count"": 1.0, ""scaled_contribution"": 3.0, ""notes"": """"}, {""phrase"": ""upside risks to inflation"", ""direction"": ""hawkish"", ""theme"": ""upside_inflation_risks"", ""count"": 1, ""weight"": 2.0, ""scaled_count"": 1.0, ""scaled_contribution"": 2.0, ""notes"": """"}, {""phrase"": ""restrictive territory"", ""direction"": ""hawkish"", ""theme"": ""restrictive_stance"", ""count"": 1, ""weight"": 1.0, ""scaled_count"": 1.0, ""scaled_contribution"": 1.0, ""notes"": """"}, {""phrase"": ""data-dependent"", ""direction"": ""neutral"", ""theme"": ""data_dependence"", ""count"": 1, ""weight"": 0.0, ""scaled_count"": 1.0, ""scaled_contribution"": 0.0, ""notes"": ""Neutral by default; can accompany hawkish or dovish decisions.""}, {""phrase"": ""incoming data"", ""direction"": ""neutral"", ""theme"": ""data_dependence"", ""count"": 1, ""weight"": 0.0, ""scaled_count"": 1.0, ""scaled_contribution"": 0.0, ""notes"": ""Neutral by default; can accompany hawkish or dovish decisions.""}, {""phrase"": ""balance of risks"", ""direction"": ""neutral"", ""theme"": ""data_dependence"", ""count"": 1, ""weight"": 0.0, ""scaled_count"": 1.0, ""scaled_contribution"": 0.0, ""notes"": ""Neutral by default; can accompany hawkish or dovish decisions.""}, {""phrase"": ""proceed carefully"", ""direction"": ""neutral"", ""theme"": ""data_dependence"", ""count"": 1, ""weight"": 0.0, ""scaled_count"": 1.0, ""scaled_contribution"": 0.0, ""notes"": ""Neutral by default; can accompany hawkish or dovish decisions.""}, {""phrase"": ""progress on inflation"", ""direction"": ""dovish"", ""theme"": ""inflation_progress"", ""count"": 1, ""weight"": -1.0, ""scaled_count"": 1.0, ""scaled_contribution"": -1.0, ""notes"": """"}, {""phrase"": ""target range for the federal funds rate"", ""direction"": ""hawkish"", ""theme"": ""restrictive_stance"", ""count"": 6, ""weight"": 2.0, ""scaled_count"": 2.791759469228055, ""scaled_contribution"": 5.58351893845611, ""notes"": ""FED-specific policy implementation phrasing; context matters for balance sheet phrases.""}, {""phrase"": ""highly attentive to inflation risks"", ""direction"": ""hawkish"", ""theme"": ""inflation_too_high"", ""count"": 2, ""weight"": 2.0, ""scaled_count"": 1.6931471805599454, ""scaled_contribution"": 3.386294361119891, ""notes"": """"}, {""phrase"": ""committee remains highly attentive to inflation risks"", ""direction"": ""hawkish"", ""theme"": ""inflation_too_high"", ""count"": 1, ""weight"": 2.0, ""scaled_count"": 1.0, ""scaled_contribution"": 2.0, ""notes"": """"}, {""phrase"": ""reduce the target range for the federal funds rate"", ""direction"": ""dovish"", ""theme"": ""easing_cut_bias"", ""count"": 2, ""weight"": -2.0, ""scaled_count"": 1.6931471805599454, ""scaled_contribution"": -3.386294361119891, ""notes"": ""Balance sheet language may not map one-for-one to rate stance.""}]",scored,
FED_DOC_3B969F5D300E,FED,2023-11-01,,FOMC statement,Monetary Policy,statement,FED_2023_11,data\FED\Monetary Policy\2023-11-01 - FOMC statement.txt,https://www.federalreserve.gov/monetarypolicy/files/monetary20231101a1.pdf,9.0,Strongly Hawkish,0.705,hawkish,9.0,0.0,9.0,4,4,"[{""phrase"": ""inflation remains elevated"", ""direction"": ""hawkish"", ""theme"": ""inflation_too_high"", ""count"": 1, ""weight"": 3.0, ""scaled_count"": 1.0, ""scaled_contribution"": 3.0, ""notes"": """"}, {""phrase"": ""target range for the federal funds rate"", ""direction"": ""hawkish"", ""theme"": ""restrictive_stance"", ""count"": 1, ""weight"": 2.0, ""scaled_count"": 1.0, ""scaled_contribution"": 2.0, ""notes"": ""FED-specific policy implementation phrasing; context matters for balance sheet phrases.""}, {""phrase"": ""highly attentive to inflation risks"", ""direction"": ""hawkish"", ""theme"": ""inflation_too_high"", ""count"": 1, ""weight"": 2.0, ""scaled_count"": 1.0, ""scaled_contribution"": 2.0, ""notes"": """"}, {""phrase"": ""committee remains highly attentive to inflation risks"", ""direction"": ""hawkish"", ""theme"": ""inflation_too_high"", ""count"": 1, ""weight"": 2.0, ""scaled_count"": 1.0, ""scaled_contribution"": 2.0, ""notes"": """"}]",scored,
FED_DOC_332448EA5A97,FED,2023-11-06,Lisa D. Cook,Financial Stability: Resilience and Challenges,Speeches,speech,FED_2023_11,data\FED\Speeches\2023-11-06 - Lisa D. Cook - Financial Stability_ Resilience and Challenges.txt,https://www.federalreserve.gov/newsevents/speech/cook20231106a.htm,0.0,Neutral,0.0,none,0.0,0.0,0.0,0,0,[],scored,
FED_DOC_5EF90DD2808E,FED,2023-11-07,Michelle W. Bowman,Remarks on the Economy and Bank Supervision and Regulation,Speeches,speech,FED_2023_11,data\FED\Speeches\2023-11-07 - Michelle W. Bowman - Remarks on the Economy and Bank Supervision and Regulation.txt,https://www.federalreserve.gov/newsevents/speech/bowman20231107a.htm,4.386294361119891,Hawkish,0.441,hawkish,5.386294361119891,1.0,4.386294361119891,5,8,"[{""phrase"": ""inflation remains high"", ""direction"": ""hawkish"", ""theme"": ""inflation_too_high"", ""count"": 1, ""weight"": 2.0, ""scaled_count"": 1.0, ""scaled_contribution"": 2.0, ""notes"": """"}, {""phrase"": ""incoming data"", ""direction"": ""neutral"", ""theme"": ""data_dependence"", ""count"": 3, ""weight"": 0.0, ""scaled_count"": 2.09861228866811, ""scaled_contribution"": 0.0, ""notes"": ""Neutral by default; can accompany hawkish or dovish decisions.""}, {""phrase"": ""assess incoming information"", ""direction"": ""neutral"", ""theme"": ""data_dependence"", ""count"": 1, ""weight"": 0.0, ""scaled_count"": 1.0, ""scaled_contribution"": 0.0, ""notes"": ""Neutral by default; can accompany hawkish or dovish decisions.""}, {""phrase"": ""progress on inflation"", ""direction"": ""dovish"", ""theme"": ""inflation_progress"", ""count"": 1, ""weight"": -1.0, ""scaled_count"": 1.0, ""scaled_contribution"": -1.0, ""notes"": """"}, {""phrase"": ""target range for the federal funds rate"", ""direction"": ""hawkish"", ""theme"": ""restrictive_stance"", ""count"": 2, ""weight"": 2.0, ""scaled_count"": 1.6931471805599454, ""scaled_contribution"": 3.386294361119891, ""notes"": ""FED-specific policy implementation phrasing; context matters for balance sheet phrases.""}]",scored,
FED_DOC_6908091C49CB,FED,2023-11-07,Christopher J. Waller,Using Economic Data to Understand the Economy,Speeches,speech,FED_2023_11,data\FED\Speeches\2023-11-07 - Christopher J. Waller - Using Economic Data to Understand the Economy.txt,https://www.federalreserve.gov/newsevents/speech/waller20231107a.htm,0.0,Neutral,0.0,none,0.0,0.0,0.0,0,0,[],scored,
FED_DOC_622D4DF36E04,FED,2023-11-08,Lisa D. Cook,"Financial Stability: Resilience, Challenges, and Global Connections",Speeches,speech,FED_2023_11,"data\FED\Speeches\2023-11-08 - Lisa D. Cook - Financial Stability_ Resilience, Challenges, and Global Connections.txt",https://www.federalreserve.gov/newsevents/speech/cook20231108a.htm,0.0,Neutral,0.0,none,0.0,0.0,0.0,0,0,[],scored,
FED_DOC_154F64768A83,FED,2023-11-08,Jerome H. Powell,Opening Remarks,Speeches,speech,FED_2023_11,data\FED\Speeches\2023-11-08 - Jerome H. Powell - Opening Remarks.txt,https://www.federalreserve.gov/newsevents/speech/powell20231108a.htm,0.0,Neutral,0.0,none,0.0,0.0,0.0,0,0,[],scored,
FED_DOC_3D197D40208B,FED,2023-11-08,Philip N. Jefferson,"Research and Statistics Centennial Anniversary: Past, Present and Future",Speeches,speech,FED_2023_11,"data\FED\Speeches\2023-11-08 - Philip N. Jefferson - Research and Statistics Centennial Anniversary_ Past, Present and Future.txt",https://www.federalreserve.gov/newsevents/speech/jefferson20231108a.htm,0.0,Neutral,0.0,none,0.0,0.0,0.0,0,0,[],scored,
FED_DOC_F8D8C864138E,FED,2023-11-09,Jerome H. Powell,Opening Remarks,Speeches,speech,FED_2023_11,data\FED\Speeches\2023-11-09 - Jerome H. Powell - Opening Remarks.txt,https://www.federalreserve.gov/newsevents/speech/powell20231109a.htm,4.0,Hawkish,0.479,hawkish,6.0,2.0,4.0,7,7,"[{""phrase"": ""de-anchoring of inflation expectations"", ""direction"": ""hawkish"", ""theme"": ""inflation_expectations"", ""count"": 1, ""weight"": 3.0, ""scaled_count"": 1.0, ""scaled_contribution"": 3.0, ""notes"": """"}, {""phrase"": ""restrictive territory"", ""direction"": ""hawkish"", ""theme"": ""restrictive_stance"", ""count"": 1, ""weight"": 1.0, ""scaled_count"": 1.0, ""scaled_contribution"": 1.0, ""notes"": """"}, {""phrase"": ""labor market remains tight"", ""direction"": ""hawkish"", ""theme"": ""labour_market_strength"", ""count"": 1, ""weight"": 2.0, ""scaled_count"": 1.0, ""scaled_contribution"": 2.0, ""notes"": """"}, {""phrase"": ""meeting by meeting"", ""direction"": ""neutral"", ""theme"": ""data_dependence"", ""count"": 1, ""weight"": 0.0, ""scaled_count"": 1.0, ""scaled_contribution"": 0.0, ""notes"": ""Neutral by default; can accompany hawkish or dovish decisions.""}, {""phrase"": ""incoming data"", ""direction"": ""neutral"", ""theme"": ""data_dependence"", ""count"": 1, ""weight"": 0.0, ""scaled_count"": 1.0, ""scaled_contribution"": 0.0, ""notes"": ""Neutral by default; can accompany hawkish or dovish decisions.""}, {""phrase"": ""balance of risks"", ""direction"": ""neutral"", ""theme"": ""data_dependence"", ""count"": 1, ""weight"": 0.0, ""scaled_count"": 1.0, ""scaled_contribution"": 0.0, ""notes"": ""Neutral by default; can accompany hawkish or dovish decisions.""}, {""phrase"": ""gradual easing"", ""direction"": ""dovish"", ""theme"": ""easing_cut_bias"", ""count"": 1, ""weight"": -2.0, ""scaled_count"": 1.0, ""scaled_contribution"": -2.0, ""notes"": """"}]",scored,
FED_DOC_87BA307FF11D,FED,2023-11-09,Michelle W. Bowman,Remarks on the Economy and Prioritization of Bank Supervision and Regulation,Speeches,speech,FED_2023_11,data\FED\Speeches\2023-11-09 - Michelle W. Bowman - Remarks on the Economy and Prioritization of Bank Supervision and Regulation.txt,https://www.federalreserve.gov/newsevents/speech/bowman20231109a.htm,4.386294361119891,Hawkish,0.441,hawkish,5.386294361119891,1.0,4.386294361119891,5,8,"[{""phrase"": ""inflation remains high"", ""direction"": ""hawkish"", ""theme"": ""inflation_too_high"", ""count"": 1, ""weight"": 2.0, ""scaled_count"": 1.0, ""scaled_contribution"": 2.0, ""notes"": """"}, {""phrase"": ""incoming data"", ""direction"": ""neutral"", ""theme"": ""data_dependence"", ""count"": 3, ""weight"": 0.0, ""scaled_count"": 2.09861228866811, ""scaled_contribution"": 0.0, ""notes"": ""Neutral by default; can accompany hawkish or dovish decisions.""}, {""phrase"": ""assess incoming information"", ""direction"": ""neutral"", ""theme"": ""data_dependence"", ""count"": 1, ""weight"": 0.0, ""scaled_count"": 1.0, ""scaled_contribution"": 0.0, ""notes"": ""Neutral by default; can accompany hawkish or dovish decisions.""}, {""phrase"": ""progress on inflation"", ""direction"": ""dovish"", ""theme"": ""inflation_progress"", ""count"": 1, ""weight"": -1.0, ""scaled_count"": 1.0, ""scaled_contribution"": -1.0, ""notes"": """"}, {""phrase"": ""target range for the federal funds rate"", ""direction"": ""hawkish"", ""theme"": ""restrictive_stance"", ""count"": 2, ""weight"": 2.0, ""scaled_count"": 1.6931471805599454, ""scaled_contribution"": 3.386294361119891, ""notes"": ""FED-specific policy implementation phrasing; context matters for balance sheet phrases.""}]",scored,
FED_DOC_4DB1ECF1A397,FED,2023-11-13,Welcoming Remarks,Welcoming Remarks,Speeches,speech,FED_2023_11,data\FED\Speeches\2023-11-13 - Welcoming Remarks - Welcoming Remarks.txt,https://www.federalreserve.gov/newsevents/speech/cook20231113a.htm,0.0,Neutral,0.0,none,0.0,0.0,0.0,0,0,[],scored,
FED_DOC_2E670DD3B606,FED,2023-11-14,Philip N. Jefferson,Elevated Economic Uncertainty: Causes and Consequences,Speeches,speech,FED_2023_11,data\FED\Speeches\2023-11-14 - Philip N. Jefferson - Elevated Economic Uncertainty_ Causes and Consequences.txt,https://www.federalreserve.gov/newsevents/speech/jefferson20231114a.htm,5.079441541679836,Hawkish,0.424,hawkish,5.079441541679836,0.0,5.079441541679836,1,2,"[{""phrase"": ""inflation persistence"", ""direction"": ""hawkish"", ""theme"": ""inflation_persistence"", ""count"": 2, ""weight"": 3.0, ""scaled_count"": 1.6931471805599454, ""scaled_contribution"": 5.079441541679836, ""notes"": """"}]",scored,
FED_DOC_48B5D0005ABA,FED,2023-11-16,Lisa D. Cook,"Global Linkages: Supply, Spillovers, and Common Challenges",Speeches,speech,FED_2023_11,"data\FED\Speeches\2023-11-16 - Lisa D. Cook - Global Linkages_ Supply, Spillovers, and Common Challenges.txt",https://www.federalreserve.gov/newsevents/speech/cook20231116a.htm,2.0,Neutral-Hawkish,0.252,hawkish,3.0,1.0,2.0,2,2,"[{""phrase"": ""de-anchoring of inflation expectations"", ""direction"": ""hawkish"", ""theme"": ""inflation_expectations"", ""count"": 1, ""weight"": 3.0, ""scaled_count"": 1.0, ""scaled_contribution"": 3.0, ""notes"": """"}, {""phrase"": ""inflation has declined"", ""direction"": ""dovish"", ""theme"": ""inflation_progress"", ""count"": 1, ""weight"": -1.0, ""scaled_count"": 1.0, ""scaled_contribution"": -1.0, ""notes"": """"}]",scored,
FED_DOC_4CAE20116355,FED,2023-11-16,Michael S. Barr,The 2023 U.S. Treasury Market Conference,Speeches,speech,FED_2023_11,data\FED\Speeches\2023-11-16 - Michael S. Barr - The 2023 U.S. Treasury Market Conference.txt,https://www.federalreserve.gov/newsevents/speech/barr20231116a.htm,0.0,Neutral,0.0,none,0.0,0.0,0.0,0,0,[],scored,
FED_DOC_0ACA90105ED6,FED,2023-11-28,Michelle W. Bowman,Reflections on the Economy and Monetary Policy,Speeches,speech,FED_2023_11,data\FED\Speeches\2023-11-28 - Michelle W. Bowman - Reflections on the Economy and Monetary Policy.txt,https://www.federalreserve.gov/newsevents/speech/bowman20231128a.htm,5.39444915467244,Hawkish,0.608,hawkish,8.39444915467244,3.0,5.39444915467244,6,16,"[{""phrase"": ""inflation remains high"", ""direction"": ""hawkish"", ""theme"": ""inflation_too_high"", ""count"": 1, ""weight"": 2.0, ""scaled_count"": 1.0, ""scaled_contribution"": 2.0, ""notes"": """"}, {""phrase"": ""incoming data"", ""direction"": ""neutral"", ""theme"": ""data_dependence"", ""count"": 3, ""weight"": 0.0, ""scaled_count"": 2.09861228866811, ""scaled_contribution"": 0.0, ""notes"": ""Neutral by default; can accompany hawkish or dovish decisions.""}, {""phrase"": ""assess incoming information"", ""direction"": ""neutral"", ""theme"": ""data_dependence"", ""count"": 1, ""weight"": 0.0, ""scaled_count"": 1.0, ""scaled_contribution"": 0.0, ""notes"": ""Neutral by default; can accompany hawkish or dovish decisions.""}, {""phrase"": ""progress on inflation"", ""direction"": ""dovish"", ""theme"": ""inflation_progress"", ""count"": 1, ""weight"": -1.0, ""scaled_count"": 1.0, ""scaled_contribution"": -1.0, ""notes"": """"}, {""phrase"": ""vacancies have declined"", ""direction"": ""dovish"", ""theme"": ""labour_market_cooling"", ""count"": 1, ""weight"": -2.0, ""scaled_count"": 1.0, ""scaled_contribution"": -2.0, ""notes"": """"}, {""phrase"": ""target range for the federal funds rate"", ""direction"": ""hawkish"", ""theme"": ""restrictive_stance"", ""count"": 9, ""weight"": 2.0, ""scaled_count"": 3.1972245773362196, ""scaled_contribution"": 6.394449154672439, ""notes"": ""FED-specific policy implementation phrasing; context matters for balance sheet phrases.""}]",scored,
FED_DOC_9329FBA5E319,FED,2023-11-28,Michael S. Barr,Serving Indian Country with the Modernized Community Reinvestment Act,Speeches,speech,FED_2023_11,data\FED\Speeches\2023-11-28 - Michael S. Barr - Serving Indian Country with the Modernized Community Reinvestment Act.txt,https://www.federalreserve.gov/newsevents/speech/barr20231128a.htm,0.0,Neutral,0.0,none,0.0,0.0,0.0,0,0,[],scored,
FED_DOC_B9566B15032C,FED,2023-11-28,Something Appears to Be Giving,Something Appears to Be Giving,Speeches,speech,FED_2023_11,data\FED\Speeches\2023-11-28 - Something Appears to Be Giving - Something Appears to Be Giving.txt,https://www.federalreserve.gov/newsevents/speech/waller20231128a.htm,2.90138771133189,Neutral-Hawkish,0.402,hawkish,5.0,2.09861228866811,2.90138771133189,3,5,"[{""phrase"": ""inflation is still too high"", ""direction"": ""hawkish"", ""theme"": ""inflation_too_high"", ""count"": 1, ""weight"": 3.0, ""scaled_count"": 1.0, ""scaled_contribution"": 3.0, ""notes"": """"}, {""phrase"": ""policy is restrictive"", ""direction"": ""hawkish"", ""theme"": ""restrictive_stance"", ""count"": 1, ""weight"": 2.0, ""scaled_count"": 1.0, ""scaled_contribution"": 2.0, ""notes"": """"}, {""phrase"": ""progress on inflation"", ""direction"": ""dovish"", ""theme"": ""inflation_progress"", ""count"": 3, ""weight"": -1.0, ""scaled_count"": 2.09861228866811, ""scaled_contribution"": -2.09861228866811, ""notes"": """"}]",scored,
FED_DOC_F8DCB746BE41,FED,2023-12-01,Jerome H. Powell,Opening Remarks,Speeches,speech,FED_2023_11,data\FED\Speeches\2023-12-01 - Jerome H. Powell - Opening Remarks.txt,https://www.federalreserve.gov/newsevents/speech/powell20231201a.htm,0.0,Neutral,0.118,none,1.0,1.0,0.0,5,5,"[{""phrase"": ""restrictive territory"", ""direction"": ""hawkish"", ""theme"": ""restrictive_stance"", ""count"": 1, ""weight"": 1.0, ""scaled_count"": 1.0, ""scaled_contribution"": 1.0, ""notes"": """"}, {""phrase"": ""meeting by meeting"", ""direction"": ""neutral"", ""theme"": ""data_dependence"", ""count"": 1, ""weight"": 0.0, ""scaled_count"": 1.0, ""scaled_contribution"": 0.0, ""notes"": ""Neutral by default; can accompany hawkish or dovish decisions.""}, {""phrase"": ""incoming data"", ""direction"": ""neutral"", ""theme"": ""data_dependence"", ""count"": 1, ""weight"": 0.0, ""scaled_count"": 1.0, ""scaled_contribution"": 0.0, ""notes"": ""Neutral by default; can accompany hawkish or dovish decisions.""}, {""phrase"": ""balance of risks"", ""direction"": ""neutral"", ""theme"": ""data_dependence"", ""count"": 1, ""weight"": 0.0, ""scaled_count"": 1.0, ""scaled_contribution"": 0.0, ""notes"": ""Neutral by default; can accompany hawkish or dovish decisions.""}, {""phrase"": ""inflation has declined"", ""direction"": ""dovish"", ""theme"": ""inflation_progress"", ""count"": 1, ""weight"": -1.0, ""scaled_count"": 1.0, ""scaled_contribution"": -1.0, ""notes"": """"}]",scored,
FED_DOC_A5EDA1EE0947,FED,2023-12-01,Michael S. Barr,The Importance of Effective Liquidity Risk Management,Speeches,speech,FED_2023_11,data\FED\Speeches\2023-12-01 - Michael S. Barr - The Importance of Effective Liquidity Risk Management.txt,https://www.federalreserve.gov/newsevents/speech/barr20231201a.htm,0.0,Neutral,0.0,none,0.0,0.0,0.0,0,0,[],scored,
FED_DOC_473B837D2659,FED,2023-12-05,Michelle W. Bowman,Building a More Inclusive Financial System through Collaboration and Action,Speeches,speech,FED_2023_11,data\FED\Speeches\2023-12-05 - Michelle W. Bowman - Building a More Inclusive Financial System through Collaboration and Action.txt,https://www.federalreserve.gov/newsevents/speech/bowman20231205a.htm,0.0,Neutral,0.0,none,0.0,0.0,0.0,0,0,[],scored,
FED_DOC_9BD1567ED4AA,FED,2023-12-13,,FOMC minutes,Minutes,minutes,FED_2023_12,data\FED\Minutes\2023-12-13 - FOMC minutes.txt,https://www.federalreserve.gov/monetarypolicy/files/fomcminutes20231213.pdf,10.0,Strongly Hawkish,0.647,hawkish,16.35610766069589,2.0,14.35610766069589,10,22,"[{""phrase"": ""upside risks to inflation"", ""direction"": ""hawkish"", ""theme"": ""upside_inflation_risks"", ""count"": 2, ""weight"": 2.0, ""scaled_count"": 1.6931471805599454, ""scaled_contribution"": 3.386294361119891, ""notes"": """"}, {""phrase"": ""restrictive monetary policy stance"", ""direction"": ""hawkish"", ""theme"": ""restrictive_stance"", ""count"": 1, ""weight"": 2.0, ""scaled_count"": 1.0, ""scaled_contribution"": 2.0, ""notes"": """"}, {""phrase"": ""data-dependent"", ""direction"": ""neutral"", ""theme"": ""data_dependence"", ""count"": 1, ""weight"": 0.0, ""scaled_count"": 1.0, ""scaled_contribution"": 0.0, ""notes"": ""Neutral by default; can accompany hawkish or dovish decisions.""}, {""phrase"": ""incoming data"", ""direction"": ""neutral"", ""theme"": ""data_dependence"", ""count"": 5, ""weight"": 0.0, ""scaled_count"": 2.6094379124341005, ""scaled_contribution"": 0.0, ""notes"": ""Neutral by default; can accompany hawkish or dovish decisions.""}, {""phrase"": ""evolving outlook"", ""direction"": ""neutral"", ""theme"": ""data_dependence"", ""count"": 1, ""weight"": 0.0, ""scaled_count"": 1.0, ""scaled_contribution"": 0.0, ""notes"": ""Neutral by default; can accompany hawkish or dovish decisions.""}, {""phrase"": ""balance of risks"", ""direction"": ""neutral"", ""theme"": ""data_dependence"", ""count"": 2, ""weight"": 0.0, ""scaled_count"": 1.6931471805599454, ""scaled_contribution"": 0.0, ""notes"": ""Neutral by default; can accompany hawkish or dovish decisions.""}, {""phrase"": ""gradual easing"", ""direction"": ""dovish"", ""theme"": ""easing_cut_bias"", ""count"": 1, ""weight"": -2.0, ""scaled_count"": 1.0, ""scaled_contribution"": -2.0, ""notes"": """"}, {""phrase"": ""target range for the federal funds rate"", ""direction"": ""hawkish"", ""theme"": ""restrictive_stance"", ""count"": 6, ""weight"": 2.0, ""scaled_count"": 2.791759469228055, ""scaled_contribution"": 5.58351893845611, ""notes"": ""FED-specific policy implementation phrasing; context matters for balance sheet phrases.""}, {""phrase"": ""highly attentive to inflation risks"", ""direction"": ""hawkish"", ""theme"": ""inflation_too_high"", ""count"": 2, ""weight"": 2.0, ""scaled_count"": 1.6931471805599454, ""scaled_contribution"": 3.386294361119891, ""notes"": """"}, {""phrase"": ""committee remains highly attentive to inflation risks"", ""direction"": ""hawkish"", ""theme"": ""inflation_too_high"", ""count"": 1, ""weight"": 2.0, ""scaled_count"": 1.0, ""scaled_contribution"": 2.0, ""notes"": """"}]",scored,
FED_DOC_743F335632F6,FED,2023-12-13,,FOMC statement,Monetary Policy,statement,FED_2023_12,data\FED\Monetary Policy\2023-12-13 - FOMC statement.txt,https://www.federalreserve.gov/monetarypolicy/files/monetary20231213a1.pdf,5.0,Hawkish,0.459,hawkish,6.0,1.0,5.0,4,4,"[{""phrase"": ""inflation has eased"", ""direction"": ""dovish"", ""theme"": ""inflation_progress"", ""count"": 1, ""weight"": -1.0, ""scaled_count"": 1.0, ""scaled_contribution"": -1.0, ""notes"": """"}, {""phrase"": ""target range for the federal funds rate"", ""direction"": ""hawkish"", ""theme"": ""restrictive_stance"", ""count"": 1, ""weight"": 2.0, ""scaled_count"": 1.0, ""scaled_contribution"": 2.0, ""notes"": ""FED-specific policy implementation phrasing; context matters for balance sheet phrases.""}, {""phrase"": ""highly attentive to inflation risks"", ""direction"": ""hawkish"", ""theme"": ""inflation_too_high"", ""count"": 1, ""weight"": 2.0, ""scaled_count"": 1.0, ""scaled_contribution"": 2.0, ""notes"": """"}, {""phrase"": ""committee remains highly attentive to inflation risks"", ""direction"": ""hawkish"", ""theme"": ""inflation_too_high"", ""count"": 1, ""weight"": 2.0, ""scaled_count"": 1.0, ""scaled_contribution"": 2.0, ""notes"": """"}]",scored,
FED_DOC_BF24491DDA80,FED,2024-01-08,Michelle W. Bowman,New Yearâs Resolutions for Bank Regulatory Policymakers,Speeches,speech,FED_2023_12,data\FED\Speeches\2024-01-08 - Michelle W. Bowman - New Yearâs Resolutions for Bank Regulatory Policymakers.txt,https://www.federalreserve.gov/newsevents/speech/bowman20240108a.htm,3.0,Hawkish,0.361,hawkish,4.0,1.0,3.0,4,6,"[{""phrase"": ""upside risks to inflation"", ""direction"": ""hawkish"", ""theme"": ""upside_inflation_risks"", ""count"": 1, ""weight"": 2.0, ""scaled_count"": 1.0, ""scaled_contribution"": 2.0, ""notes"": """"}, {""phrase"": ""incoming data"", ""direction"": ""neutral"", ""theme"": ""data_dependence"", ""count"": 3, ""weight"": 0.0, ""scaled_count"": 2.09861228866811, ""scaled_contribution"": 0.0, ""notes"": ""Neutral by default; can accompany hawkish or dovish decisions.""}, {""phrase"": ""progress on inflation"", ""direction"": ""dovish"", ""theme"": ""inflation_progress"", ""count"": 1, ""weight"": -1.0, ""scaled_count"": 1.0, ""scaled_contribution"": -1.0, ""notes"": """"}, {""phrase"": ""target range for the federal funds rate"", ""direction"": ""hawkish"", ""theme"": ""restrictive_stance"", ""count"": 1, ""weight"": 2.0, ""scaled_count"": 1.0, ""scaled_contribution"": 2.0, ""notes"": ""FED-specific policy implementation phrasing; context matters for balance sheet phrases.""}]",scored,
FED_DOC_3EA5DD09F0B3,FED,2024-01-16,Christopher J. Waller,Almost as Good as It Getsâ¦But Will It Last?,Speeches,speech,FED_2023_12,data\FED\Speeches\2024-01-16 - Christopher J. Waller - Almost as Good as It Getsâ¦But Will It Last_.txt,https://www.federalreserve.gov/newsevents/speech/waller20240116a.htm,-1.6931471805599454,Neutral-Dovish,0.38,dovish,2.0,3.6931471805599454,-1.6931471805599454,4,6,"[{""phrase"": ""incoming data"", ""direction"": ""neutral"", ""theme"": ""data_dependence"", ""count"": 2, ""weight"": 0.0, ""scaled_count"": 1.6931471805599454, ""scaled_contribution"": 0.0, ""notes"": ""Neutral by default; can accompany hawkish or dovish decisions.""}, {""phrase"": ""progress on inflation"", ""direction"": ""dovish"", ""theme"": ""inflation_progress"", ""count"": 2, ""weight"": -1.0, ""scaled_count"": 1.6931471805599454, ""scaled_contribution"": -1.6931471805599454, ""notes"": """"}, {""phrase"": ""target range for the federal funds rate"", ""direction"": ""hawkish"", ""theme"": ""restrictive_stance"", ""count"": 1, ""weight"": 2.0, ""scaled_count"": 1.0, ""scaled_contribution"": 2.0, ""notes"": ""FED-specific policy implementation phrasing; context matters for balance sheet phrases.""}, {""phrase"": ""lower the target range"", ""direction"": ""dovish"", ""theme"": ""easing_cut_bias"", ""count"": 1, ""weight"": -2.0, ""scaled_count"": 1.0, ""scaled_contribution"": -2.0, ""notes"": ""Balance sheet language may not map one-for-one to rate stance.""}]",scored,
FED_DOC_0D309F65E186,FED,2024-01-17,Opening Remarks,Opening Remarks,Speeches,speech,FED_2023_12,data\FED\Speeches\2024-01-17 - Opening Remarks - Opening Remarks.txt,https://www.federalreserve.gov/newsevents/speech/barr20240117a.htm,0.0,Neutral,0.0,none,0.0,0.0,0.0,0,0,[],scored,
FED_DOC_272F7E206701,FED,2024-01-17,Michelle W. Bowman,The Path Forward for Bank Capital Reform,Speeches,speech,FED_2023_12,data\FED\Speeches\2024-01-17 - Michelle W. Bowman - The Path Forward for Bank Capital Reform.txt,https://www.federalreserve.gov/newsevents/speech/bowman20240117a.htm,0.0,Neutral,0.0,none,0.0,0.0,0.0,0,0,[],scored,
FED_DOC_C498DF431757,FED,2024-01-31,,FOMC minutes,Minutes,minutes,FED_2024_01,data\FED\Minutes\2024-01-31 - FOMC minutes.txt,https://www.federalreserve.gov/monetarypolicy/files/fomcminutes20240131.pdf,8.356107660695892,Strongly Hawkish,0.609,hawkish,15.742402021815783,7.386294361119891,8.356107660695892,13,38,"[{""phrase"": ""upside risks to inflation"", ""direction"": ""hawkish"", ""theme"": ""upside_inflation_risks"", ""count"": 2, ""weight"": 2.0, ""scaled_count"": 1.6931471805599454, ""scaled_contribution"": 3.386294361119891, ""notes"": """"}, {""phrase"": ""restrictive monetary policy stance"", ""direction"": ""hawkish"", ""theme"": ""restrictive_stance"", ""count"": 1, ""weight"": 2.0, ""scaled_count"": 1.0, ""scaled_contribution"": 2.0, ""notes"": """"}, {""phrase"": ""data-dependent"", ""direction"": ""neutral"", ""theme"": ""data_dependence"", ""count"": 1, ""weight"": 0.0, ""scaled_count"": 1.0, ""scaled_contribution"": 0.0, ""notes"": ""Neutral by default; can accompany hawkish or dovish decisions.""}, {""phrase"": ""depend on incoming data"", ""direction"": ""neutral"", ""theme"": ""data_dependence"", ""count"": 1, ""weight"": 0.0, ""scaled_count"": 1.0, ""scaled_contribution"": 0.0, ""notes"": ""Neutral by default; can accompany hawkish or dovish decisions.""}, {""phrase"": ""incoming data"", ""direction"": ""neutral"", ""theme"": ""data_dependence"", ""count"": 8, ""weight"": 0.0, ""scaled_count"": 3.0794415416798357, ""scaled_contribution"": 0.0, ""notes"": ""Neutral by default; can accompany hawkish or dovish decisions.""}, {""phrase"": ""evolving outlook"", ""direction"": ""neutral"", ""theme"": ""data_dependence"", ""count"": 4, ""weight"": 0.0, ""scaled_count"": 2.386294361119891, ""scaled_contribution"": 0.0, ""notes"": ""Neutral by default; can accompany hawkish or dovish decisions.""}, {""phrase"": ""balance of risks"", ""direction"": ""neutral"", ""theme"": ""data_dependence"", ""count"": 5, ""weight"": 0.0, ""scaled_count"": 2.6094379124341005, ""scaled_contribution"": 0.0, ""notes"": ""Neutral by default; can accompany hawkish or dovish decisions.""}, {""phrase"": ""inflation has eased"", ""direction"": ""dovish"", ""theme"": ""inflation_progress"", ""count"": 1, ""weight"": -1.0, ""scaled_count"": 1.0, ""scaled_contribution"": -1.0, ""notes"": """"}, {""phrase"": ""progress on inflation"", ""direction"": ""dovish"", ""theme"": ""inflation_progress"", ""count"": 1, ""weight"": -1.0, ""scaled_count"": 1.0, ""scaled_contribution"": -1.0, ""notes"": """"}, {""phrase"": ""target range for the federal funds rate"", ""direction"": ""hawkish"", ""theme"": ""restrictive_stance"", ""count"": 8, ""weight"": 2.0, ""scaled_count"": 3.0794415416798357, ""scaled_contribution"": 6.1588830833596715, ""notes"": ""FED-specific policy implementation phrasing; context matters for balance sheet phrases.""}, {""phrase"": ""highly attentive to inflation risks"", ""direction"": ""hawkish"", ""theme"": ""inflation_too_high"", ""count"": 3, ""weight"": 2.0, ""scaled_count"": 2.09861228866811, ""scaled_contribution"": 4.19722457733622, ""notes"": """"}, {""phrase"": ""it will be appropriate to reduce the target range"", ""direction"": ""dovish"", ""theme"": ""easing_cut_bias"", ""count"": 1, ""weight"": -2.0, ""scaled_count"": 1.0, ""scaled_contribution"": -2.0, ""notes"": ""Balance sheet language may not map one-for-one to rate stance.""}, {""phrase"": ""reduce the target range for the federal funds rate"", ""direction"": ""dovish"", ""theme"": ""easing_cut_bias"", ""count"": 2, ""weight"": -2.0, ""scaled_count"": 1.6931471805599454, ""scaled_contribution"": -3.386294361119891, ""notes"": ""Balance sheet language may not map one-for-one to rate stance.""}]",scored,
FED_DOC_E21671C4A927,FED,2024-01-31,,FOMC statement,Monetary Policy,statement,FED_2024_01,data\FED\Monetary Policy\2024-01-31 - FOMC statement.txt,https://www.federalreserve.gov/monetarypolicy/files/monetary20240131a1.pdf,4.386294361119891,Hawkish,0.499,hawkish,7.386294361119891,3.0,4.386294361119891,8,9,"[{""phrase"": ""incoming data"", ""direction"": ""neutral"", ""theme"": ""data_dependence"", ""count"": 1, ""weight"": 0.0, ""scaled_count"": 1.0, ""scaled_contribution"": 0.0, ""notes"": ""Neutral by default; can accompany hawkish or dovish decisions.""}, {""phrase"": ""evolving outlook"", ""direction"": ""neutral"", ""theme"": ""data_dependence"", ""count"": 1, ""weight"": 0.0, ""scaled_count"": 1.0, ""scaled_contribution"": 0.0, ""notes"": ""Neutral by default; can accompany hawkish or dovish decisions.""}, {""phrase"": ""balance of risks"", ""direction"": ""neutral"", ""theme"": ""data_dependence"", ""count"": 1, ""weight"": 0.0, ""scaled_count"": 1.0, ""scaled_contribution"": 0.0, ""notes"": ""Neutral by default; can accompany hawkish or dovish decisions.""}, {""phrase"": ""inflation has eased"", ""direction"": ""dovish"", ""theme"": ""inflation_progress"", ""count"": 1, ""weight"": -1.0, ""scaled_count"": 1.0, ""scaled_contribution"": -1.0, ""notes"": """"}, {""phrase"": ""target range for the federal funds rate"", ""direction"": ""hawkish"", ""theme"": ""restrictive_stance"", ""count"": 2, ""weight"": 2.0, ""scaled_count"": 1.6931471805599454, ""scaled_contribution"": 3.386294361119891, ""notes"": ""FED-specific policy implementation phrasing; context matters for balance sheet phrases.""}, {""phrase"": ""highly attentive to inflation risks"", ""direction"": ""hawkish"", ""theme"": ""inflation_too_high"", ""count"": 1, ""weight"": 2.0, ""scaled_count"": 1.0, ""scaled_contribution"": 2.0, ""notes"": """"}, {""phrase"": ""committee remains highly attentive to inflation risks"", ""direction"": ""hawkish"", ""theme"": ""inflation_too_high"", ""count"": 1, ""weight"": 2.0, ""scaled_count"": 1.0, ""scaled_contribution"": 2.0, ""notes"": """"}, {""phrase"": ""it will be appropriate to reduce the target range"", ""direction"": ""dovish"", ""theme"": ""easing_cut_bias"", ""count"": 1, ""weight"": -2.0, ""scaled_count"": 1.0, ""scaled_contribution"": -2.0, ""notes"": ""Balance sheet language may not map one-for-one to rate stance.""}]",scored,
FED_DOC_D8CD1AA44E6F,FED,2024-02-02,The Future of Banking,The Future of Banking,Speeches,speech,FED_2024_01,data\FED\Speeches\2024-02-02 - The Future of Banking - The Future of Banking.txt,https://www.federalreserve.gov/newsevents/speech/bowman20240202a.htm,0.3068528194400546,Neutral,0.197,none,2.0,1.6931471805599454,0.3068528194400546,3,7,"[{""phrase"": ""incoming data"", ""direction"": ""neutral"", ""theme"": ""data_dependence"", ""count"": 4, ""weight"": 0.0, ""scaled_count"": 2.386294361119891, ""scaled_contribution"": 0.0, ""notes"": ""Neutral by default; can accompany hawkish or dovish decisions.""}, {""phrase"": ""progress on inflation"", ""direction"": ""dovish"", ""theme"": ""inflation_progress"", ""count"": 2, ""weight"": -1.0, ""scaled_count"": 1.6931471805599454, ""scaled_contribution"": -1.6931471805599454, ""notes"": """"}, {""phrase"": ""target range for the federal funds rate"", ""direction"": ""hawkish"", ""theme"": ""restrictive_stance"", ""count"": 1, ""weight"": 2.0, ""scaled_count"": 1.0, ""scaled_contribution"": 2.0, ""notes"": ""FED-specific policy implementation phrasing; context matters for balance sheet phrases.""}]",scored,
FED_DOC_2AA38C088165,FED,2024-02-07,Michelle W. Bowman,Supporting Entrepreneurship & Small Businesses,Speeches,speech,FED_2024_01,data\FED\Speeches\2024-02-07 - Michelle W. Bowman - Supporting Entrepreneurship & Small Businesses.txt,https://www.federalreserve.gov/newsevents/speech/bowman20240207a.htm,0.0,Neutral,0.0,none,0.0,0.0,0.0,0,0,[],scored,
FED_DOC_1431EFEA6702,FED,2024-02-07,Adriana D. Kugler,The Outlook for the Economy and Monetary Policy,Speeches,speech,FED_2024_01,data\FED\Speeches\2024-02-07 - Adriana D. Kugler - The Outlook for the Economy and Monetary Policy.txt,https://www.federalreserve.gov/newsevents/speech/kugler20240207a.htm,0.3068528194400546,Neutral,0.34,none,7.386294361119891,7.079441541679836,0.3068528194400546,6,9,"[{""phrase"": ""upside risks to inflation"", ""direction"": ""hawkish"", ""theme"": ""upside_inflation_risks"", ""count"": 1, ""weight"": 2.0, ""scaled_count"": 1.0, ""scaled_contribution"": 2.0, ""notes"": """"}, {""phrase"": ""not done yet"", ""direction"": ""hawkish"", ""theme"": ""need_for_further_tightening"", ""count"": 1, ""weight"": 2.0, ""scaled_count"": 1.0, ""scaled_contribution"": 2.0, ""notes"": """"}, {""phrase"": ""progress on inflation"", ""direction"": ""dovish"", ""theme"": ""inflation_progress"", ""count"": 2, ""weight"": -1.0, ""scaled_count"": 1.6931471805599454, ""scaled_contribution"": -1.6931471805599454, ""notes"": """"}, {""phrase"": ""disinflationary process"", ""direction"": ""dovish"", ""theme"": ""disinflation"", ""count"": 2, ""weight"": -2.0, ""scaled_count"": 1.6931471805599454, ""scaled_contribution"": -3.386294361119891, ""notes"": """"}, {""phrase"": ""target range for the federal funds rate"", ""direction"": ""hawkish"", ""theme"": ""restrictive_stance"", ""count"": 2, ""weight"": 2.0, ""scaled_count"": 1.6931471805599454, ""scaled_contribution"": 3.386294361119891, ""notes"": ""FED-specific policy implementation phrasing; context matters for balance sheet phrases.""}, {""phrase"": ""reduce the target range for the federal funds rate"", ""direction"": ""dovish"", ""theme"": ""easing_cut_bias"", ""count"": 1, ""weight"": -2.0, ""scaled_count"": 1.0, ""scaled_contribution"": -2.0, ""notes"": ""Balance sheet language may not map one-for-one to rate stance.""}]",scored,
FED_DOC_004A1B1E0AB9,FED,2024-02-12,Defining a Bank,Defining a Bank,Speeches,speech,FED_2024_01,data\FED\Speeches\2024-02-12 - Defining a Bank - Defining a Bank.txt,https://www.federalreserve.gov/newsevents/speech/bowman20240212a.htm,0.0,Neutral,0.0,none,0.0,0.0,0.0,0,0,[],scored,
FED_DOC_96E534180AA7,FED,2024-02-14,Michael S. Barr,"The Intersection of Monetary Policy, Market Functioning, and Liquidity Risk Management",Speeches,speech,FED_2024_01,"data\FED\Speeches\2024-02-14 - Michael S. Barr - The Intersection of Monetary Policy, Market Functioning, and Liquidity Risk Management.txt",https://www.federalreserve.gov/newsevents/speech/barr20240214a.htm,0.0,Neutral,0.15,none,0.0,0.0,0.0,1,1,"[{""phrase"": ""proceed carefully"", ""direction"": ""neutral"", ""theme"": ""data_dependence"", ""count"": 1, ""weight"": 0.0, ""scaled_count"": 1.0, ""scaled_contribution"": 0.0, ""notes"": ""Neutral by default; can accompany hawkish or dovish decisions.""}]",scored,
FED_DOC_2312962CE014,FED,2024-02-15,Michelle W. Bowman,Advancing Cross-Border Payments and Financial Inclusion,Speeches,speech,FED_2024_01,data\FED\Speeches\2024-02-15 - Michelle W. Bowman - Advancing Cross-Border Payments and Financial Inclusion.txt,https://www.federalreserve.gov/newsevents/speech/bowman20240215a.htm,0.0,Neutral,0.0,none,0.0,0.0,0.0,0,0,[],scored,
FED_DOC_19D729ED81D6,FED,2024-02-15,The Dollar's International Role,The Dollar's International Role,Speeches,speech,FED_2024_01,data\FED\Speeches\2024-02-15 - The Dollar's International Role - The Dollar's International Role.txt,https://www.federalreserve.gov/newsevents/speech/waller20240215a.htm,0.0,Neutral,0.0,none,0.0,0.0,0.0,0,0,[],scored,
FED_DOC_D1FA525B21CE,FED,2024-02-16,Review of Silicon Valley Bank,"Supervision with Speed, Force, and Agility",Speeches,speech,FED_2024_01,"data\FED\Speeches\2024-02-16 - Review of Silicon Valley Bank - Supervision with Speed, Force, and Agility.txt",https://www.federalreserve.gov/newsevents/speech/barr20240216a.htm,0.0,Neutral,0.0,none,0.0,0.0,0.0,0,0,[],scored,
FED_DOC_BA31CBED9F34,FED,2024-02-22,Philip N. Jefferson,Is This Time Different? Recent Monetary Policy Cycles in Retrospect,Speeches,speech,FED_2024_01,data\FED\Speeches\2024-02-22 - Philip N. Jefferson - Is This Time Different_ Recent Monetary Policy Cycles in Retrospect.txt,https://www.federalreserve.gov/newsevents/speech/jefferson20240222a.htm,3.3068528194400546,Hawkish,0.387,hawkish,5.0,1.6931471805599454,3.3068528194400546,6,9,"[{""phrase"": ""restrictive territory"", ""direction"": ""hawkish"", ""theme"": ""restrictive_stance"", ""count"": 1, ""weight"": 1.0, ""scaled_count"": 1.0, ""scaled_contribution"": 1.0, ""notes"": """"}, {""phrase"": ""labor market remains tight"", ""direction"": ""hawkish"", ""theme"": ""labour_market_strength"", ""count"": 1, ""weight"": 2.0, ""scaled_count"": 1.0, ""scaled_contribution"": 2.0, ""notes"": """"}, {""phrase"": ""incoming data"", ""direction"": ""neutral"", ""theme"": ""data_dependence"", ""count"": 3, ""weight"": 0.0, ""scaled_count"": 2.09861228866811, ""scaled_contribution"": 0.0, ""notes"": ""Neutral by default; can accompany hawkish or dovish decisions.""}, {""phrase"": ""upside and downside risks"", ""direction"": ""neutral"", ""theme"": ""balanced_risks"", ""count"": 1, ""weight"": 0.0, ""scaled_count"": 1.0, ""scaled_contribution"": 0.0, ""notes"": """"}, {""phrase"": ""progress on inflation"", ""direction"": ""dovish"", ""theme"": ""inflation_progress"", ""count"": 2, ""weight"": -1.0, ""scaled_count"": 1.6931471805599454, ""scaled_contribution"": -1.6931471805599454, ""notes"": """"}, {""phrase"": ""target range for the federal funds rate"", ""direction"": ""hawkish"", ""theme"": ""restrictive_stance"", ""count"": 1, ""weight"": 2.0, ""scaled_count"": 1.0, ""scaled_contribution"": 2.0, ""notes"": ""FED-specific policy implementation phrasing; context matters for balance sheet phrases.""}]",scored,
FED_DOC_011C0AABF0D2,FED,2024-02-22,Lisa D. Cook,Sources of Uncertainty in the Short Run and the Long Run,Speeches,speech,FED_2024_01,data\FED\Speeches\2024-02-22 - Lisa D. Cook - Sources of Uncertainty in the Short Run and the Long Run.txt,https://www.federalreserve.gov/newsevents/speech/cook20240222a.htm,-2.0,Neutral-Dovish,0.302,dovish,0.0,2.0,-2.0,5,6,"[{""phrase"": ""incoming data"", ""direction"": ""neutral"", ""theme"": ""data_dependence"", ""count"": 1, ""weight"": 0.0, ""scaled_count"": 1.0, ""scaled_contribution"": 0.0, ""notes"": ""Neutral by default; can accompany hawkish or dovish decisions.""}, {""phrase"": ""balance of risks"", ""direction"": ""neutral"", ""theme"": ""data_dependence"", ""count"": 1, ""weight"": 0.0, ""scaled_count"": 1.0, ""scaled_contribution"": 0.0, ""notes"": ""Neutral by default; can accompany hawkish or dovish decisions.""}, {""phrase"": ""calibrate policy"", ""direction"": ""neutral"", ""theme"": ""data_dependence"", ""count"": 1, ""weight"": 0.0, ""scaled_count"": 1.0, ""scaled_contribution"": 0.0, ""notes"": ""Neutral by default; can accompany hawkish or dovish decisions.""}, {""phrase"": ""two-sided risks"", ""direction"": ""neutral"", ""theme"": ""balanced_risks"", ""count"": 2, ""weight"": 0.0, ""scaled_count"": 1.6931471805599454, ""scaled_contribution"": 0.0, ""notes"": """"}, {""phrase"": ""disinflationary process"", ""direction"": ""dovish"", ""theme"": ""disinflation"", ""count"": 1, ""weight"": -2.0, ""scaled_count"": 1.0, ""scaled_contribution"": -2.0, ""notes"": """"}]",scored,
FED_DOC_7D14F0C53FC0,FED,2024-02-22,Christopher J. Waller,Whatâs the Rush?,Speeches,speech,FED_2024_01,data\FED\Speeches\2024-02-22 - Christopher J. Waller - Whatâs the Rush_.txt,https://www.federalreserve.gov/newsevents/speech/waller20240222a.htm,-2.6094379124341005,Neutral-Dovish,0.352,dovish,0.0,2.6094379124341005,-2.6094379124341005,3,7,"[{""phrase"": ""incoming data"", ""direction"": ""neutral"", ""theme"": ""data_dependence"", ""count"": 1, ""weight"": 0.0, ""scaled_count"": 1.0, ""scaled_contribution"": 0.0, ""notes"": ""Neutral by default; can accompany hawkish or dovish decisions.""}, {""phrase"": ""risk management approach"", ""direction"": ""neutral"", ""theme"": ""data_dependence"", ""count"": 1, ""weight"": 0.0, ""scaled_count"": 1.0, ""scaled_contribution"": 0.0, ""notes"": ""Neutral by default; can accompany hawkish or dovish decisions.""}, {""phrase"": ""progress on inflation"", ""direction"": ""dovish"", ""theme"": ""inflation_progress"", ""count"": 5, ""weight"": -1.0, ""scaled_count"": 2.6094379124341005, ""scaled_contribution"": -2.6094379124341005, ""notes"": """"}]",scored,
FED_DOC_CC2B1F539A7F,FED,2024-02-27,Michelle W. Bowman,Reflections on the Economy and Bank Regulation,Speeches,speech,FED_2024_01,data\FED\Speeches\2024-02-27 - Michelle W. Bowman - Reflections on the Economy and Bank Regulation.txt,https://www.federalreserve.gov/newsevents/speech/bowman20240227a.htm,-1.6931471805599454,Neutral-Dovish,0.273,dovish,0.0,1.6931471805599454,-1.6931471805599454,2,5,"[{""phrase"": ""incoming data"", ""direction"": ""neutral"", ""theme"": ""data_dependence"", ""count"": 3, ""weight"": 0.0, ""scaled_count"": 2.09861228866811, ""scaled_contribution"": 0.0, ""notes"": ""Neutral by default; can accompany hawkish or dovish decisions.""}, {""phrase"": ""progress on inflation"", ""direction"": ""dovish"", ""theme"": ""inflation_progress"", ""count"": 2, ""weight"": -1.0, ""scaled_count"": 1.6931471805599454, ""scaled_contribution"": -1.6931471805599454, ""notes"": """"}]",scored,
FED_DOC_658828BF6554,FED,2024-02-27,Michael S. Barr,The Importance of Counterparty Credit Risk Management,Speeches,speech,FED_2024_01,data\FED\Speeches\2024-02-27 - Michael S. Barr - The Importance of Counterparty Credit Risk Management.txt,https://www.federalreserve.gov/newsevents/speech/barr20240227a.htm,0.0,Neutral,0.0,none,0.0,0.0,0.0,0,0,[],scored,
FED_DOC_5902C1616942,FED,2024-03-01,Adriana D. Kugler,Disinflation without a Rise in Unemployment? What Is Different This Time Around,Speeches,speech,FED_2024_01,data\FED\Speeches\2024-03-01 - Adriana D. Kugler - Disinflation without a Rise in Unemployment_ What Is Different This Time Around.txt,https://www.federalreserve.gov/newsevents/speech/kugler20240301a.htm,4.0,Hawkish,0.596,hawkish,4.0,0.0,4.0,2,2,"[{""phrase"": ""keeping inflation expectations anchored"", ""direction"": ""hawkish"", ""theme"": ""inflation_expectations"", ""count"": 1, ""weight"": 2.0, ""scaled_count"": 1.0, ""scaled_contribution"": 2.0, ""notes"": """"}, {""phrase"": ""target range for the federal funds rate"", ""direction"": ""hawkish"", ""theme"": ""restrictive_stance"", ""count"": 1, ""weight"": 2.0, ""scaled_count"": 1.0, ""scaled_contribution"": 2.0, ""notes"": ""FED-specific policy implementation phrasing; context matters for balance sheet phrases.""}]",scored,
FED_DOC_BCDF45624ACE,FED,2024-03-01,Christopher J. Waller,"Thoughts on Quantitative Tightening, Including Remarks on the Paper ""Quantitative Tightening around the Globe: What Have We Learned?""",Speeches,speech,FED_2024_01,"data\FED\Speeches\2024-03-01 - Christopher J. Waller - Thoughts on Quantitative Tightening, Including Remarks on the Paper _Quantitative Tightening around the Globe_ Wh.txt",https://www.federalreserve.gov/newsevents/speech/waller20240301a.htm,0.0,Neutral,0.0,none,0.0,0.0,0.0,0,0,[],scored,
FED_DOC_1827E142A7B6,FED,2024-03-05,Michelle W. Bowman,"Tailoring, Fidelity to the Rule of Law, and Unintended Consequences",Speeches,speech,FED_2024_01,"data\FED\Speeches\2024-03-05 - Michelle W. Bowman - Tailoring, Fidelity to the Rule of Law, and Unintended Consequences.txt",https://www.federalreserve.gov/newsevents/speech/bowman20240305a.htm,0.0,Neutral,0.0,none,0.0,0.0,0.0,0,0,[],scored,
FED_DOC_894304C5D2D6,FED,2024-03-07,Michelle W. Bowman,Reflections on the Economy and Bank Regulation,Speeches,speech,FED_2024_01,data\FED\Speeches\2024-03-07 - Michelle W. Bowman - Reflections on the Economy and Bank Regulation.txt,https://www.federalreserve.gov/newsevents/speech/bowman20240307a.htm,-1.6931471805599454,Neutral-Dovish,0.273,dovish,0.0,1.6931471805599454,-1.6931471805599454,2,5,"[{""phrase"": ""incoming data"", ""direction"": ""neutral"", ""theme"": ""data_dependence"", ""count"": 3, ""weight"": 0.0, ""scaled_count"": 2.09861228866811, ""scaled_contribution"": 0.0, ""notes"": ""Neutral by default; can accompany hawkish or dovish decisions.""}, {""phrase"": ""progress on inflation"", ""direction"": ""dovish"", ""theme"": ""inflation_progress"", ""count"": 2, ""weight"": -1.0, ""scaled_count"": 1.6931471805599454, ""scaled_contribution"": -1.6931471805599454, ""notes"": """"}]",scored,
FED_DOC_7E3F7C5D2046,FED,2024-03-20,,FOMC minutes,Minutes,minutes,FED_2024_03,data\FED\Minutes\2024-03-20 - FOMC minutes.txt,https://www.federalreserve.gov/monetarypolicy/files/fomcminutes20240320.pdf,4.278114659230518,Hawkish,0.569,hawkish,9.278114659230518,5.0,4.278114659230518,9,25,"[{""phrase"": ""data-dependent"", ""direction"": ""neutral"", ""theme"": ""data_dependence"", ""count"": 1, ""weight"": 0.0, ""scaled_count"": 1.0, ""scaled_contribution"": 0.0, ""notes"": ""Neutral by default; can accompany hawkish or dovish decisions.""}, {""phrase"": ""incoming data"", ""direction"": ""neutral"", ""theme"": ""data_dependence"", ""count"": 5, ""weight"": 0.0, ""scaled_count"": 2.6094379124341005, ""scaled_contribution"": 0.0, ""notes"": ""Neutral by default; can accompany hawkish or dovish decisions.""}, {""phrase"": ""evolving outlook"", ""direction"": ""neutral"", ""theme"": ""data_dependence"", ""count"": 3, ""weight"": 0.0, ""scaled_count"": 2.09861228866811, ""scaled_contribution"": 0.0, ""notes"": ""Neutral by default; can accompany hawkish or dovish decisions.""}, {""phrase"": ""balance of risks"", ""direction"": ""neutral"", ""theme"": ""data_dependence"", ""count"": 4, ""weight"": 0.0, ""scaled_count"": 2.386294361119891, ""scaled_contribution"": 0.0, ""notes"": ""Neutral by default; can accompany hawkish or dovish decisions.""}, {""phrase"": ""inflation has eased"", ""direction"": ""dovish"", ""theme"": ""inflation_progress"", ""count"": 1, ""weight"": -1.0, ""scaled_count"": 1.0, ""scaled_contribution"": -1.0, ""notes"": """"}, {""phrase"": ""target range for the federal funds rate"", ""direction"": ""hawkish"", ""theme"": ""restrictive_stance"", ""count"": 7, ""weight"": 2.0, ""scaled_count"": 2.9459101490553135, ""scaled_contribution"": 5.891820298110627, ""notes"": ""FED-specific policy implementation phrasing; context matters for balance sheet phrases.""}, {""phrase"": ""highly attentive to inflation risks"", ""direction"": ""hawkish"", ""theme"": ""inflation_too_high"", ""count"": 2, ""weight"": 2.0, ""scaled_count"": 1.6931471805599454, ""scaled_contribution"": 3.386294361119891, ""notes"": """"}, {""phrase"": ""it will be appropriate to reduce the target range"", ""direction"": ""dovish"", ""theme"": ""easing_cut_bias"", ""count"": 1, ""weight"": -2.0, ""scaled_count"": 1.0, ""scaled_contribution"": -2.0, ""notes"": ""Balance sheet language may not map one-for-one to rate stance.""}, {""phrase"": ""reduce the target range for the federal funds rate"", ""direction"": ""dovish"", ""theme"": ""easing_cut_bias"", ""count"": 1, ""weight"": -2.0, ""scaled_count"": 1.0, ""scaled_contribution"": -2.0, ""notes"": ""Balance sheet language may not map one-for-one to rate stance.""}]",scored,
FED_DOC_DB28C3494C07,FED,2024-03-20,,FOMC statement,Monetary Policy,statement,FED_2024_03,data\FED\Monetary Policy\2024-03-20 - FOMC statement.txt,https://www.federalreserve.gov/monetarypolicy/files/monetary20240320a1.pdf,4.386294361119891,Hawkish,0.499,hawkish,7.386294361119891,3.0,4.386294361119891,8,9,"[{""phrase"": ""incoming data"", ""direction"": ""neutral"", ""theme"": ""data_dependence"", ""count"": 1, ""weight"": 0.0, ""scaled_count"": 1.0, ""scaled_contribution"": 0.0, ""notes"": ""Neutral by default; can accompany hawkish or dovish decisions.""}, {""phrase"": ""evolving outlook"", ""direction"": ""neutral"", ""theme"": ""data_dependence"", ""count"": 1, ""weight"": 0.0, ""scaled_count"": 1.0, ""scaled_contribution"": 0.0, ""notes"": ""Neutral by default; can accompany hawkish or dovish decisions.""}, {""phrase"": ""balance of risks"", ""direction"": ""neutral"", ""theme"": ""data_dependence"", ""count"": 1, ""weight"": 0.0, ""scaled_count"": 1.0, ""scaled_contribution"": 0.0, ""notes"": ""Neutral by default; can accompany hawkish or dovish decisions.""}, {""phrase"": ""inflation has eased"", ""direction"": ""dovish"", ""theme"": ""inflation_progress"", ""count"": 1, ""weight"": -1.0, ""scaled_count"": 1.0, ""scaled_contribution"": -1.0, ""notes"": """"}, {""phrase"": ""target range for the federal funds rate"", ""direction"": ""hawkish"", ""theme"": ""restrictive_stance"", ""count"": 2, ""weight"": 2.0, ""scaled_count"": 1.6931471805599454, ""scaled_contribution"": 3.386294361119891, ""notes"": ""FED-specific policy implementation phrasing; context matters for balance sheet phrases.""}, {""phrase"": ""highly attentive to inflation risks"", ""direction"": ""hawkish"", ""theme"": ""inflation_too_high"", ""count"": 1, ""weight"": 2.0, ""scaled_count"": 1.0, ""scaled_contribution"": 2.0, ""notes"": """"}, {""phrase"": ""committee remains highly attentive to inflation risks"", ""direction"": ""hawkish"", ""theme"": ""inflation_too_high"", ""count"": 1, ""weight"": 2.0, ""scaled_count"": 1.0, ""scaled_contribution"": 2.0, ""notes"": """"}, {""phrase"": ""it will be appropriate to reduce the target range"", ""direction"": ""dovish"", ""theme"": ""easing_cut_bias"", ""count"": 1, ""weight"": -2.0, ""scaled_count"": 1.0, ""scaled_contribution"": -2.0, ""notes"": ""Balance sheet language may not map one-for-one to rate stance.""}]",scored,
FED_DOC_32C6B2F4AF0B,FED,2024-03-25,Lisa D. Cook,The Dual Mandate and the Balance of Risks,Speeches,speech,FED_2024_03,data\FED\Speeches\2024-03-25 - Lisa D. Cook - The Dual Mandate and the Balance of Risks.txt,https://www.federalreserve.gov/newsevents/speech/cook20240325a.htm,0.0,Neutral,0.15,none,0.0,0.0,0.0,1,4,"[{""phrase"": ""balance of risks"", ""direction"": ""neutral"", ""theme"": ""data_dependence"", ""count"": 4, ""weight"": 0.0, ""scaled_count"": 2.386294361119891, ""scaled_contribution"": 0.0, ""notes"": ""Neutral by default; can accompany hawkish or dovish decisions.""}]",scored,
FED_DOC_0ED47AD48D2A,FED,2024-03-27,Christopher J. Waller,Thereâs Still No Rush,Speeches,speech,FED_2024_03,data\FED\Speeches\2024-03-27 - Christopher J. Waller - Thereâs Still No Rush.txt,https://www.federalreserve.gov/newsevents/speech/waller20240327a.htm,5.0,Hawkish,0.478,hawkish,7.386294361119891,2.386294361119891,5.0,5,9,"[{""phrase"": ""current restrictive stance"", ""direction"": ""hawkish"", ""theme"": ""restrictive_stance"", ""count"": 1, ""weight"": 2.0, ""scaled_count"": 1.0, ""scaled_contribution"": 2.0, ""notes"": """"}, {""phrase"": ""labor market remains tight"", ""direction"": ""hawkish"", ""theme"": ""labour_market_strength"", ""count"": 1, ""weight"": 2.0, ""scaled_count"": 1.0, ""scaled_contribution"": 2.0, ""notes"": """"}, {""phrase"": ""balance of risks"", ""direction"": ""neutral"", ""theme"": ""data_dependence"", ""count"": 1, ""weight"": 0.0, ""scaled_count"": 1.0, ""scaled_contribution"": 0.0, ""notes"": ""Neutral by default; can accompany hawkish or dovish decisions.""}, {""phrase"": ""progress on inflation"", ""direction"": ""dovish"", ""theme"": ""inflation_progress"", ""count"": 4, ""weight"": -1.0, ""scaled_count"": 2.386294361119891, ""scaled_contribution"": -2.386294361119891, ""notes"": """"}, {""phrase"": ""target range for the federal funds rate"", ""direction"": ""hawkish"", ""theme"": ""restrictive_stance"", ""count"": 2, ""weight"": 2.0, ""scaled_count"": 1.6931471805599454, ""scaled_contribution"": 3.386294361119891, ""notes"": ""FED-specific policy implementation phrasing; context matters for balance sheet phrases.""}]",scored,
FED_DOC_2B7F67B3B6E8,FED,2024-04-01,Lisa D. Cook,"Hope, Promise, and Mentors",Speeches,speech,FED_2024_03,"data\FED\Speeches\2024-04-01 - Lisa D. Cook - Hope, Promise, and Mentors.txt",https://www.federalreserve.gov/newsevents/speech/cook20240401a.htm,0.0,Neutral,0.0,none,0.0,0.0,0.0,0,0,[],scored,
FED_DOC_DED80882127D,FED,2024-04-02,Michelle W. Bowman,"Bank Mergers and Acquisitions, and De Novo Bank Formation: Implications for the Future of the Banking System",Speeches,speech,FED_2024_03,"data\FED\Speeches\2024-04-02 - Michelle W. Bowman - Bank Mergers and Acquisitions, and De Novo Bank Formation_ Implications for the Future of the Banking System.txt",https://www.federalreserve.gov/newsevents/speech/bowman20240402a.htm,0.0,Neutral,0.0,none,0.0,0.0,0.0,0,0,[],scored,
FED_DOC_94F15D2180A7,FED,2024-04-03,Michelle W. Bowman,"Bank Liquidity, Regulation, and the Fed's Role as Lender of Last Resort",Speeches,speech,FED_2024_03,"data\FED\Speeches\2024-04-03 - Michelle W. Bowman - Bank Liquidity, Regulation, and the Fed's Role as Lender of Last Resort.txt",https://www.federalreserve.gov/newsevents/speech/bowman20240403a.htm,0.0,Neutral,0.0,none,0.0,0.0,0.0,0,0,[],scored,
FED_DOC_2411C0DDA86B,FED,2024-04-03,Jerome H. Powell,Opening Remarks,Speeches,speech,FED_2024_03,data\FED\Speeches\2024-04-03 - Jerome H. Powell - Opening Remarks.txt,https://www.federalreserve.gov/newsevents/speech/powell20240403a.htm,-1.6931471805599454,Neutral-Dovish,0.273,dovish,0.0,1.6931471805599454,-1.6931471805599454,3,4,"[{""phrase"": ""meeting by meeting"", ""direction"": ""neutral"", ""theme"": ""data_dependence"", ""count"": 1, ""weight"": 0.0, ""scaled_count"": 1.0, ""scaled_contribution"": 0.0, ""notes"": ""Neutral by default; can accompany hawkish or dovish decisions.""}, {""phrase"": ""incoming data"", ""direction"": ""neutral"", ""theme"": ""data_dependence"", ""count"": 1, ""weight"": 0.0, ""scaled_count"": 1.0, ""scaled_contribution"": 0.0, ""notes"": ""Neutral by default; can accompany hawkish or dovish decisions.""}, {""phrase"": ""progress on inflation"", ""direction"": ""dovish"", ""theme"": ""inflation_progress"", ""count"": 2, ""weight"": -1.0, ""scaled_count"": 1.6931471805599454, ""scaled_contribution"": -1.6931471805599454, ""notes"": """"}]",scored,
FED_DOC_0B7F372ACB48,FED,2024-04-03,Adriana D. Kugler,The Outlook for the U.S. Economy and Monetary Policy,Speeches,speech,FED_2024_03,data\FED\Speeches\2024-04-03 - Adriana D. Kugler - The Outlook for the U.S. Economy and Monetary Policy.txt,https://www.federalreserve.gov/newsevents/speech/kugler20240403a.htm,-1.0,Neutral-Dovish,0.204,dovish,1.0,2.0,-1.0,2,2,"[{""phrase"": ""restrictive territory"", ""direction"": ""hawkish"", ""theme"": ""restrictive_stance"", ""count"": 1, ""weight"": 1.0, ""scaled_count"": 1.0, ""scaled_contribution"": 1.0, ""notes"": """"}, {""phrase"": ""it will be appropriate to reduce the target range"", ""direction"": ""dovish"", ""theme"": ""easing_cut_bias"", ""count"": 1, ""weight"": -2.0, ""scaled_count"": 1.0, ""scaled_contribution"": -2.0, ""notes"": ""Balance sheet language may not map one-for-one to rate stance.""}]",scored,
FED_DOC_9DEEEC9BD2AA,FED,2024-04-04,Adriana D. Kugler,Enriching Data and Analysis in Economics with Real Life Experiences,Speeches,speech,FED_2024_03,data\FED\Speeches\2024-04-04 - Adriana D. Kugler - Enriching Data and Analysis in Economics with Real Life Experiences.txt,https://www.federalreserve.gov/newsevents/speech/kugler20240404a.htm,0.0,Neutral,0.0,none,0.0,0.0,0.0,0,0,[],scored,
FED_DOC_CEDE40B82E91,FED,2024-04-05,Michelle W. Bowman,Risks and Uncertainty in Monetary Policy: Current and Past Considerations,Speeches,speech,FED_2024_03,data\FED\Speeches\2024-04-05 - Michelle W. Bowman - Risks and Uncertainty in Monetary Policy_ Current and Past Considerations.txt,https://www.federalreserve.gov/newsevents/speech/bowman20240405a.htm,8.276666119016054,Strongly Hawkish,0.56,hawkish,9.969813299576,1.6931471805599454,8.276666119016054,5,12,"[{""phrase"": ""upside risks to inflation"", ""direction"": ""hawkish"", ""theme"": ""upside_inflation_risks"", ""count"": 2, ""weight"": 2.0, ""scaled_count"": 1.6931471805599454, ""scaled_contribution"": 3.386294361119891, ""notes"": """"}, {""phrase"": ""restrictive territory"", ""direction"": ""hawkish"", ""theme"": ""restrictive_stance"", ""count"": 1, ""weight"": 1.0, ""scaled_count"": 1.0, ""scaled_contribution"": 1.0, ""notes"": """"}, {""phrase"": ""incoming data"", ""direction"": ""neutral"", ""theme"": ""data_dependence"", ""count"": 1, ""weight"": 0.0, ""scaled_count"": 1.0, ""scaled_contribution"": 0.0, ""notes"": ""Neutral by default; can accompany hawkish or dovish decisions.""}, {""phrase"": ""progress on inflation"", ""direction"": ""dovish"", ""theme"": ""inflation_progress"", ""count"": 2, ""weight"": -1.0, ""scaled_count"": 1.6931471805599454, ""scaled_contribution"": -1.6931471805599454, ""notes"": """"}, {""phrase"": ""target range for the federal funds rate"", ""direction"": ""hawkish"", ""theme"": ""restrictive_stance"", ""count"": 6, ""weight"": 2.0, ""scaled_count"": 2.791759469228055, ""scaled_contribution"": 5.58351893845611, ""notes"": ""FED-specific policy implementation phrasing; context matters for balance sheet phrases.""}]",scored,
FED_DOC_D2E5C92B3635,FED,2024-04-16,Philip N. Jefferson,Economic Uncertainty and the Evolution of Monetary Policymaking,Speeches,speech,FED_2024_03,data\FED\Speeches\2024-04-16 - Philip N. Jefferson - Economic Uncertainty and the Evolution of Monetary Policymaking.txt,https://www.federalreserve.gov/newsevents/speech/jefferson20240416a.htm,9.969813299576002,Strongly Hawkish,0.623,hawkish,13.356107660695892,3.386294361119891,9.969813299576002,5,11,"[{""phrase"": ""inflation persistence"", ""direction"": ""hawkish"", ""theme"": ""inflation_persistence"", ""count"": 4, ""weight"": 3.0, ""scaled_count"": 2.386294361119891, ""scaled_contribution"": 7.158883083359672, ""notes"": """"}, {""phrase"": ""upside risks to inflation"", ""direction"": ""hawkish"", ""theme"": ""upside_inflation_risks"", ""count"": 3, ""weight"": 2.0, ""scaled_count"": 2.09861228866811, ""scaled_contribution"": 4.19722457733622, ""notes"": """"}, {""phrase"": ""current restrictive stance"", ""direction"": ""hawkish"", ""theme"": ""restrictive_stance"", ""count"": 1, ""weight"": 2.0, ""scaled_count"": 1.0, ""scaled_contribution"": 2.0, ""notes"": """"}, {""phrase"": ""incoming data"", ""direction"": ""neutral"", ""theme"": ""data_dependence"", ""count"": 1, ""weight"": 0.0, ""scaled_count"": 1.0, ""scaled_contribution"": 0.0, ""notes"": ""Neutral by default; can accompany hawkish or dovish decisions.""}, {""phrase"": ""downside risks to growth"", ""direction"": ""dovish"", ""theme"": ""downside_growth_risks"", ""count"": 2, ""weight"": -2.0, ""scaled_count"": 1.6931471805599454, ""scaled_contribution"": -3.386294361119891, ""notes"": """"}]",scored,
FED_DOC_2EDA32D5BA16,FED,2024-04-18,Opening Remarks,Opening Remarks,Speeches,speech,FED_2024_03,data\FED\Speeches\2024-04-18 - Opening Remarks - Opening Remarks.txt,https://www.federalreserve.gov/newsevents/speech/bowman20240418a.htm,0.0,Neutral,0.0,none,0.0,0.0,0.0,0,0,[],scored,
FED_DOC_B0D6A58222F8,FED,2024-05-01,,FOMC minutes,Minutes,minutes,FED_2024_05,data\FED\Minutes\2024-05-01 - FOMC minutes.txt,https://www.federalreserve.gov/monetarypolicy/files/fomcminutes20240501.pdf,5.969813299576002,Hawkish,0.591,hawkish,8.969813299576002,3.0,5.969813299576002,9,22,"[{""phrase"": ""data-dependent"", ""direction"": ""neutral"", ""theme"": ""data_dependence"", ""count"": 1, ""weight"": 0.0, ""scaled_count"": 1.0, ""scaled_contribution"": 0.0, ""notes"": ""Neutral by default; can accompany hawkish or dovish decisions.""}, {""phrase"": ""depend on incoming data"", ""direction"": ""neutral"", ""theme"": ""data_dependence"", ""count"": 1, ""weight"": 0.0, ""scaled_count"": 1.0, ""scaled_contribution"": 0.0, ""notes"": ""Neutral by default; can accompany hawkish or dovish decisions.""}, {""phrase"": ""incoming data"", ""direction"": ""neutral"", ""theme"": ""data_dependence"", ""count"": 4, ""weight"": 0.0, ""scaled_count"": 2.386294361119891, ""scaled_contribution"": 0.0, ""notes"": ""Neutral by default; can accompany hawkish or dovish decisions.""}, {""phrase"": ""evolving outlook"", ""direction"": ""neutral"", ""theme"": ""data_dependence"", ""count"": 3, ""weight"": 0.0, ""scaled_count"": 2.09861228866811, ""scaled_contribution"": 0.0, ""notes"": ""Neutral by default; can accompany hawkish or dovish decisions.""}, {""phrase"": ""balance of risks"", ""direction"": ""neutral"", ""theme"": ""data_dependence"", ""count"": 4, ""weight"": 0.0, ""scaled_count"": 2.386294361119891, ""scaled_contribution"": 0.0, ""notes"": ""Neutral by default; can accompany hawkish or dovish decisions.""}, {""phrase"": ""inflation has eased"", ""direction"": ""dovish"", ""theme"": ""inflation_progress"", ""count"": 1, ""weight"": -1.0, ""scaled_count"": 1.0, ""scaled_contribution"": -1.0, ""notes"": """"}, {""phrase"": ""target range for the federal funds rate"", ""direction"": ""hawkish"", ""theme"": ""restrictive_stance"", ""count"": 4, ""weight"": 2.0, ""scaled_count"": 2.386294361119891, ""scaled_contribution"": 4.772588722239782, ""notes"": ""FED-specific policy implementation phrasing; context matters for balance sheet phrases.""}, {""phrase"": ""highly attentive to inflation risks"", ""direction"": ""hawkish"", ""theme"": ""inflation_too_high"", ""count"": 3, ""weight"": 2.0, ""scaled_count"": 2.09861228866811, ""scaled_contribution"": 4.19722457733622, ""notes"": """"}, {""phrase"": ""it will be appropriate to reduce the target range"", ""direction"": ""dovish"", ""theme"": ""easing_cut_bias"", ""count"": 1, ""weight"": -2.0, ""scaled_count"": 1.0, ""scaled_contribution"": -2.0, ""notes"": ""Balance sheet language may not map one-for-one to rate stance.""}]",scored,
FED_DOC_9188E02FEF08,FED,2024-05-01,,FOMC statement,Monetary Policy,statement,FED_2024_05,data\FED\Monetary Policy\2024-05-01 - FOMC statement.txt,https://www.federalreserve.gov/monetarypolicy/files/monetary20240501a1.pdf,4.386294361119891,Hawkish,0.499,hawkish,7.386294361119891,3.0,4.386294361119891,8,9,"[{""phrase"": ""incoming data"", ""direction"": ""neutral"", ""theme"": ""data_dependence"", ""count"": 1, ""weight"": 0.0, ""scaled_count"": 1.0, ""scaled_contribution"": 0.0, ""notes"": ""Neutral by default; can accompany hawkish or dovish decisions.""}, {""phrase"": ""evolving outlook"", ""direction"": ""neutral"", ""theme"": ""data_dependence"", ""count"": 1, ""weight"": 0.0, ""scaled_count"": 1.0, ""scaled_contribution"": 0.0, ""notes"": ""Neutral by default; can accompany hawkish or dovish decisions.""}, {""phrase"": ""balance of risks"", ""direction"": ""neutral"", ""theme"": ""data_dependence"", ""count"": 1, ""weight"": 0.0, ""scaled_count"": 1.0, ""scaled_contribution"": 0.0, ""notes"": ""Neutral by default; can accompany hawkish or dovish decisions.""}, {""phrase"": ""inflation has eased"", ""direction"": ""dovish"", ""theme"": ""inflation_progress"", ""count"": 1, ""weight"": -1.0, ""scaled_count"": 1.0, ""scaled_contribution"": -1.0, ""notes"": """"}, {""phrase"": ""target range for the federal funds rate"", ""direction"": ""hawkish"", ""theme"": ""restrictive_stance"", ""count"": 2, ""weight"": 2.0, ""scaled_count"": 1.6931471805599454, ""scaled_contribution"": 3.386294361119891, ""notes"": ""FED-specific policy implementation phrasing; context matters for balance sheet phrases.""}, {""phrase"": ""highly attentive to inflation risks"", ""direction"": ""hawkish"", ""theme"": ""inflation_too_high"", ""count"": 1, ""weight"": 2.0, ""scaled_count"": 1.0, ""scaled_contribution"": 2.0, ""notes"": """"}, {""phrase"": ""committee remains highly attentive to inflation risks"", ""direction"": ""hawkish"", ""theme"": ""inflation_too_high"", ""count"": 1, ""weight"": 2.0, ""scaled_count"": 1.0, ""scaled_contribution"": 2.0, ""notes"": """"}, {""phrase"": ""it will be appropriate to reduce the target range"", ""direction"": ""dovish"", ""theme"": ""easing_cut_bias"", ""count"": 1, ""weight"": -2.0, ""scaled_count"": 1.0, ""scaled_contribution"": -2.0, ""notes"": ""Balance sheet language may not map one-for-one to rate stance.""}]",scored,
FED_DOC_54F26FB8DBDB,FED,2024-05-03,Michelle W. Bowman,Brief Remarks on the Economy and Monetary Policy,Speeches,speech,FED_2024_05,data\FED\Speeches\2024-05-03 - Michelle W. Bowman - Brief Remarks on the Economy and Monetary Policy.txt,https://www.federalreserve.gov/newsevents/speech/bowman20240503a.htm,-1.6931471805599454,Neutral-Dovish,0.38,dovish,2.0,3.6931471805599454,-1.6931471805599454,4,7,"[{""phrase"": ""upside risks to inflation"", ""direction"": ""hawkish"", ""theme"": ""upside_inflation_risks"", ""count"": 1, ""weight"": 2.0, ""scaled_count"": 1.0, ""scaled_contribution"": 2.0, ""notes"": """"}, {""phrase"": ""incoming data"", ""direction"": ""neutral"", ""theme"": ""data_dependence"", ""count"": 3, ""weight"": 0.0, ""scaled_count"": 2.09861228866811, ""scaled_contribution"": 0.0, ""notes"": ""Neutral by default; can accompany hawkish or dovish decisions.""}, {""phrase"": ""progress on inflation"", ""direction"": ""dovish"", ""theme"": ""inflation_progress"", ""count"": 2, ""weight"": -1.0, ""scaled_count"": 1.6931471805599454, ""scaled_contribution"": -1.6931471805599454, ""notes"": """"}, {""phrase"": ""policy is sufficiently restrictive"", ""direction"": ""dovish"", ""theme"": ""easing_cut_bias"", ""count"": 1, ""weight"": -2.0, ""scaled_count"": 1.0, ""scaled_contribution"": -2.0, ""notes"": """"}]",scored,
FED_DOC_BBF8C82A61FA,FED,2024-05-04,Lisa D. Cook,"""Oh, the Places Youâll Go and the Things Youâll Do""",Speeches,speech,FED_2024_05,"data\FED\Speeches\2024-05-04 - Lisa D. Cook - _Oh, the Places Youâll Go and the Things Youâll Do_.txt",https://www.federalreserve.gov/newsevents/speech/cook20240504a.htm,0.0,Neutral,0.0,none,0.0,0.0,0.0,0,0,[],scored,
FED_DOC_3490E8CBB199,FED,2024-05-08,Current Assessment of Financial Stability,Current Assessment of Financial Stability,Speeches,speech,FED_2024_05,data\FED\Speeches\2024-05-08 - Current Assessment of Financial Stability - Current Assessment of Financial Stability.txt,https://www.federalreserve.gov/newsevents/speech/cook20240508a.htm,0.0,Neutral,0.0,none,0.0,0.0,0.0,0,0,[],scored,
FED_DOC_A7405DEF69BE,FED,2024-05-10,Commencement Remarks,Commencement Remarks,Speeches,speech,FED_2024_05,data\FED\Speeches\2024-05-10 - Commencement Remarks - Commencement Remarks.txt,https://www.federalreserve.gov/newsevents/speech/barr20240510a.htm,0.0,Neutral,0.0,none,0.0,0.0,0.0,0,0,[],scored,
FED_DOC_CD683C9FC52A,FED,2024-05-10,Michelle W. Bowman,Financial Stability Risks: Resiliency and the Role of Regulators,Speeches,speech,FED_2024_05,data\FED\Speeches\2024-05-10 - Michelle W. Bowman - Financial Stability Risks_ Resiliency and the Role of Regulators.txt,https://www.federalreserve.gov/newsevents/speech/bowman20240510a.htm,0.0,Neutral,0.0,none,0.0,0.0,0.0,0,0,[],scored,
FED_DOC_C6E4781FFCEE,FED,2024-05-13,Philip N. Jefferson,Communicating about Monetary Policy,Speeches,speech,FED_2024_05,data\FED\Speeches\2024-05-13 - Philip N. Jefferson - Communicating about Monetary Policy.txt,https://www.federalreserve.gov/newsevents/speech/jefferson20240513a.htm,0.0,Neutral,0.15,none,0.0,0.0,0.0,1,1,"[{""phrase"": ""data-dependent"", ""direction"": ""neutral"", ""theme"": ""data_dependence"", ""count"": 1, ""weight"": 0.0, ""scaled_count"": 1.0, ""scaled_contribution"": 0.0, ""notes"": ""Neutral by default; can accompany hawkish or dovish decisions.""}]",scored,
FED_DOC_07A3F9934E12,FED,2024-05-14,Lisa D. Cook,Growth and Change at Community Development Financial Institutions,Speeches,speech,FED_2024_05,data\FED\Speeches\2024-05-14 - Lisa D. Cook - Growth and Change at Community Development Financial Institutions.txt,https://www.federalreserve.gov/newsevents/speech/cook20240514a.htm,0.0,Neutral,0.0,none,0.0,0.0,0.0,0,0,[],scored,
FED_DOC_D57B90CCE69E,FED,2024-05-15,Michelle W. Bowman,Innovation and the Evolving Financial Landscape,Speeches,speech,FED_2024_05,data\FED\Speeches\2024-05-15 - Michelle W. Bowman - Innovation and the Evolving Financial Landscape.txt,https://www.federalreserve.gov/newsevents/speech/bowman20240515a.htm,0.0,Neutral,0.0,none,0.0,0.0,0.0,0,0,[],scored,
FED_DOC_329D427B9CF9,FED,2024-05-17,Michelle W. Bowman,"Brief Remarks on the Economy, Monetary Policy, and Bank Regulation",Speeches,speech,FED_2024_05,"data\FED\Speeches\2024-05-17 - Michelle W. Bowman - Brief Remarks on the Economy, Monetary Policy, and Bank Regulation.txt",https://www.federalreserve.gov/newsevents/speech/bowman20240517a.htm,0.3068528194400546,Neutral,0.271,none,4.0,3.6931471805599454,0.3068528194400546,5,8,"[{""phrase"": ""upside risks to inflation"", ""direction"": ""hawkish"", ""theme"": ""upside_inflation_risks"", ""count"": 1, ""weight"": 2.0, ""scaled_count"": 1.0, ""scaled_contribution"": 2.0, ""notes"": """"}, {""phrase"": ""incoming data"", ""direction"": ""neutral"", ""theme"": ""data_dependence"", ""count"": 3, ""weight"": 0.0, ""scaled_count"": 2.09861228866811, ""scaled_contribution"": 0.0, ""notes"": ""Neutral by default; can accompany hawkish or dovish decisions.""}, {""phrase"": ""progress on inflation"", ""direction"": ""dovish"", ""theme"": ""inflation_progress"", ""count"": 2, ""weight"": -1.0, ""scaled_count"": 1.6931471805599454, ""scaled_contribution"": -1.6931471805599454, ""notes"": """"}, {""phrase"": ""policy is sufficiently restrictive"", ""direction"": ""dovish"", ""theme"": ""easing_cut_bias"", ""count"": 1, ""weight"": -2.0, ""scaled_count"": 1.0, ""scaled_contribution"": -2.0, ""notes"": """"}, {""phrase"": ""target range for the federal funds rate"", ""direction"": ""hawkish"", ""theme"": ""restrictive_stance"", ""count"": 1, ""weight"": 2.0, ""scaled_count"": 1.0, ""scaled_contribution"": 2.0, ""notes"": ""FED-specific policy implementation phrasing; context matters for balance sheet phrases.""}]",scored,
FED_DOC_D6D65DE9A4C3,FED,2024-05-17,Christopher J. Waller,"Payments Innovation, Technical Standards, and the Federal Reserve's Roles",Speeches,speech,FED_2024_05,"data\FED\Speeches\2024-05-17 - Christopher J. Waller - Payments Innovation, Technical Standards, and the Federal Reserve's Roles.txt",https://www.federalreserve.gov/newsevents/speech/waller20240517a.htm,0.0,Neutral,0.0,none,0.0,0.0,0.0,0,0,[],scored,
FED_DOC_AEF4521413D9,FED,2024-05-18,Adriana D. Kugler,"On the Road Ahead, Cherish the Detours",Speeches,speech,FED_2024_05,"data\FED\Speeches\2024-05-18 - Adriana D. Kugler - On the Road Ahead, Cherish the Detours.txt",https://www.federalreserve.gov/newsevents/speech/kugler20240518a.htm,0.0,Neutral,0.0,none,0.0,0.0,0.0,0,0,[],scored,
FED_DOC_778FF3ACBBDF,FED,2024-05-19,Jerome H. Powell,Georgetown University Law Center Commencement Address,Speeches,speech,FED_2024_05,data\FED\Speeches\2024-05-19 - Jerome H. Powell - Georgetown University Law Center Commencement Address.txt,https://www.federalreserve.gov/newsevents/speech/powell20240519a.htm,0.0,Neutral,0.0,none,0.0,0.0,0.0,0,0,[],scored,
FED_DOC_04F504377147,FED,2024-05-20,Watch Live,On Building a Resilient Regulatory Framework,Speeches,speech,FED_2024_05,data\FED\Speeches\2024-05-20 - Watch Live - On Building a Resilient Regulatory Framework.txt,https://www.federalreserve.gov/newsevents/speech/barr20240520a.htm,4.0,Hawkish,0.556,hawkish,4.0,0.0,4.0,2,2,"[{""phrase"": ""more work to do"", ""direction"": ""hawkish"", ""theme"": ""need_for_further_tightening"", ""count"": 1, ""weight"": 2.0, ""scaled_count"": 1.0, ""scaled_contribution"": 2.0, ""notes"": """"}, {""phrase"": ""not done yet"", ""direction"": ""hawkish"", ""theme"": ""need_for_further_tightening"", ""count"": 1, ""weight"": 2.0, ""scaled_count"": 1.0, ""scaled_contribution"": 2.0, ""notes"": """"}]",scored,
FED_DOC_FB9CC007D065,FED,2024-05-20,Philip N. Jefferson,U.S. Economic Outlook and Housing Price Dynamics,Speeches,speech,FED_2024_05,data\FED\Speeches\2024-05-20 - Philip N. Jefferson - U.S. Economic Outlook and Housing Price Dynamics.txt,https://www.federalreserve.gov/newsevents/speech/jefferson20240520a.htm,1.3862943611198908,Neutral-Hawkish,0.42,hawkish,6.386294361119891,5.0,1.3862943611198908,9,11,"[{""phrase"": ""current restrictive stance"", ""direction"": ""hawkish"", ""theme"": ""restrictive_stance"", ""count"": 1, ""weight"": 2.0, ""scaled_count"": 1.0, ""scaled_contribution"": 2.0, ""notes"": """"}, {""phrase"": ""restrictive territory"", ""direction"": ""hawkish"", ""theme"": ""restrictive_stance"", ""count"": 1, ""weight"": 1.0, ""scaled_count"": 1.0, ""scaled_contribution"": 1.0, ""notes"": """"}, {""phrase"": ""incoming data"", ""direction"": ""neutral"", ""theme"": ""data_dependence"", ""count"": 2, ""weight"": 0.0, ""scaled_count"": 1.6931471805599454, ""scaled_contribution"": 0.0, ""notes"": ""Neutral by default; can accompany hawkish or dovish decisions.""}, {""phrase"": ""evolving outlook"", ""direction"": ""neutral"", ""theme"": ""data_dependence"", ""count"": 1, ""weight"": 0.0, ""scaled_count"": 1.0, ""scaled_contribution"": 0.0, ""notes"": ""Neutral by default; can accompany hawkish or dovish decisions.""}, {""phrase"": ""balance of risks"", ""direction"": ""neutral"", ""theme"": ""data_dependence"", ""count"": 1, ""weight"": 0.0, ""scaled_count"": 1.0, ""scaled_contribution"": 0.0, ""notes"": ""Neutral by default; can accompany hawkish or dovish decisions.""}, {""phrase"": ""inflation has eased"", ""direction"": ""dovish"", ""theme"": ""inflation_progress"", ""count"": 1, ""weight"": -1.0, ""scaled_count"": 1.0, ""scaled_contribution"": -1.0, ""notes"": """"}, {""phrase"": ""disinflationary process"", ""direction"": ""dovish"", ""theme"": ""disinflation"", ""count"": 1, ""weight"": -2.0, ""scaled_count"": 1.0, ""scaled_contribution"": -2.0, ""notes"": """"}, {""phrase"": ""target range for the federal funds rate"", ""direction"": ""hawkish"", ""theme"": ""restrictive_stance"", ""count"": 2, ""weight"": 2.0, ""scaled_count"": 1.6931471805599454, ""scaled_contribution"": 3.386294361119891, ""notes"": ""FED-specific policy implementation phrasing; context matters for balance sheet phrases.""}, {""phrase"": ""it will be appropriate to reduce the target range"", ""direction"": ""dovish"", ""theme"": ""easing_cut_bias"", ""count"": 1, ""weight"": -2.0, ""scaled_count"": 1.0, ""scaled_contribution"": -2.0, ""notes"": ""Balance sheet language may not map one-for-one to rate stance.""}]",scored,
FED_DOC_FB79A6B9DDC8,FED,2024-05-20,Christopher J. Waller,Welcoming Remarks on the International Role of the U.S. Dollar,Speeches,speech,FED_2024_05,data\FED\Speeches\2024-05-20 - Christopher J. Waller - Welcoming Remarks on the International Role of the U.S. Dollar.txt,https://www.federalreserve.gov/newsevents/speech/waller20240520a.htm,0.0,Neutral,0.0,none,0.0,0.0,0.0,0,0,[],scored,
FED_DOC_2C8F3EC40278,FED,2024-05-21,"Little, Progress Seems to be Resuming.","Little by Little, Progress Seems to be Resuming.",Speeches,speech,FED_2024_05,"data\FED\Speeches\2024-05-21 - Little, Progress Seems to be Resuming - Little by Little, Progress Seems to be Resuming.txt",https://www.federalreserve.gov/newsevents/speech/waller20240521a.htm,-4.09861228866811,Dovish,0.628,dovish,0.0,4.09861228866811,-4.09861228866811,4,10,"[{""phrase"": ""data dependent"", ""direction"": ""neutral"", ""theme"": ""data_dependence"", ""count"": 2, ""weight"": 0.0, ""scaled_count"": 1.6931471805599454, ""scaled_contribution"": 0.0, ""notes"": ""Neutral by default; can accompany hawkish or dovish decisions.""}, {""phrase"": ""incoming data"", ""direction"": ""neutral"", ""theme"": ""data_dependence"", ""count"": 4, ""weight"": 0.0, ""scaled_count"": 2.386294361119891, ""scaled_contribution"": 0.0, ""notes"": ""Neutral by default; can accompany hawkish or dovish decisions.""}, {""phrase"": ""progress on inflation"", ""direction"": ""dovish"", ""theme"": ""inflation_progress"", ""count"": 3, ""weight"": -1.0, ""scaled_count"": 2.09861228866811, ""scaled_contribution"": -2.09861228866811, ""notes"": """"}, {""phrase"": ""wage growth is moderating"", ""direction"": ""dovish"", ""theme"": ""labour_market_cooling"", ""count"": 1, ""weight"": -2.0, ""scaled_count"": 1.0, ""scaled_contribution"": -2.0, ""notes"": """"}]",scored,
FED_DOC_3DC7A212C1C8,FED,2024-05-24,Christopher J. Waller,Some Thoughts on r*: Why Did It Fall and Will It Rise?,Speeches,speech,FED_2024_05,data\FED\Speeches\2024-05-24 - Christopher J. Waller - Some Thoughts on r_ Why Did It Fall and Will It Rise_.txt,https://www.federalreserve.gov/newsevents/speech/waller20240524a.htm,0.0,Neutral,0.0,none,0.0,0.0,0.0,0,0,[],scored,
FED_DOC_7B037A0587FD,FED,2024-05-28,Michelle W. Bowman,The Federal Reserve's Balance Sheet as a Monetary Policy Tool: Past Lessons and Future Considerations,Speeches,speech,FED_2024_05,data\FED\Speeches\2024-05-28 - Michelle W. Bowman - The Federal Reserve's Balance Sheet as a Monetary Policy Tool_ Past Lessons and Future Considerations.txt,https://www.federalreserve.gov/newsevents/speech/bowman20240528a.htm,5.218875824868201,Hawkish,0.442,hawkish,5.218875824868201,0.0,5.218875824868201,1,5,"[{""phrase"": ""target range for the federal funds rate"", ""direction"": ""hawkish"", ""theme"": ""restrictive_stance"", ""count"": 5, ""weight"": 2.0, ""scaled_count"": 2.6094379124341005, ""scaled_contribution"": 5.218875824868201, ""notes"": ""FED-specific policy implementation phrasing; context matters for balance sheet phrases.""}]",scored,
FED_DOC_582A06C5DE9A,FED,2024-06-07,A New Class of Trailblazers,A New Class of Trailblazers,Speeches,speech,FED_2024_05,data\FED\Speeches\2024-06-07 - A New Class of Trailblazers - A New Class of Trailblazers.txt,https://www.federalreserve.gov/newsevents/speech/cook20240607a.htm,0.0,Neutral,0.0,none,0.0,0.0,0.0,0,0,[],scored,
FED_DOC_4D8FF1233001,FED,2024-06-12,,FOMC minutes,Minutes,minutes,FED_2024_06,data\FED\Minutes\2024-06-12 - FOMC minutes.txt,https://www.federalreserve.gov/monetarypolicy/files/fomcminutes20240612.pdf,4.891820298110627,Hawkish,0.584,hawkish,9.891820298110627,5.0,4.891820298110627,10,24,"[{""phrase"": ""restrictive monetary policy stance"", ""direction"": ""hawkish"", ""theme"": ""restrictive_stance"", ""count"": 1, ""weight"": 2.0, ""scaled_count"": 1.0, ""scaled_contribution"": 2.0, ""notes"": """"}, {""phrase"": ""data-dependent"", ""direction"": ""neutral"", ""theme"": ""data_dependence"", ""count"": 1, ""weight"": 0.0, ""scaled_count"": 1.0, ""scaled_contribution"": 0.0, ""notes"": ""Neutral by default; can accompany hawkish or dovish decisions.""}, {""phrase"": ""incoming data"", ""direction"": ""neutral"", ""theme"": ""data_dependence"", ""count"": 5, ""weight"": 0.0, ""scaled_count"": 2.6094379124341005, ""scaled_contribution"": 0.0, ""notes"": ""Neutral by default; can accompany hawkish or dovish decisions.""}, {""phrase"": ""evolving outlook"", ""direction"": ""neutral"", ""theme"": ""data_dependence"", ""count"": 2, ""weight"": 0.0, ""scaled_count"": 1.6931471805599454, ""scaled_contribution"": 0.0, ""notes"": ""Neutral by default; can accompany hawkish or dovish decisions.""}, {""phrase"": ""balance of risks"", ""direction"": ""neutral"", ""theme"": ""data_dependence"", ""count"": 4, ""weight"": 0.0, ""scaled_count"": 2.386294361119891, ""scaled_contribution"": 0.0, ""notes"": ""Neutral by default; can accompany hawkish or dovish decisions.""}, {""phrase"": ""inflation has eased"", ""direction"": ""dovish"", ""theme"": ""inflation_progress"", ""count"": 1, ""weight"": -1.0, ""scaled_count"": 1.0, ""scaled_contribution"": -1.0, ""notes"": """"}, {""phrase"": ""target range for the federal funds rate"", ""direction"": ""hawkish"", ""theme"": ""restrictive_stance"", ""count"": 7, ""weight"": 2.0, ""scaled_count"": 2.9459101490553135, ""scaled_contribution"": 5.891820298110627, ""notes"": ""FED-specific policy implementation phrasing; context matters for balance sheet phrases.""}, {""phrase"": ""highly attentive to inflation risks"", ""direction"": ""hawkish"", ""theme"": ""inflation_too_high"", ""count"": 1, ""weight"": 2.0, ""scaled_count"": 1.0, ""scaled_contribution"": 2.0, ""notes"": """"}, {""phrase"": ""it will be appropriate to reduce the target range"", ""direction"": ""dovish"", ""theme"": ""easing_cut_bias"", ""count"": 1, ""weight"": -2.0, ""scaled_count"": 1.0, ""scaled_contribution"": -2.0, ""notes"": ""Balance sheet language may not map one-for-one to rate stance.""}, {""phrase"": ""lower the target range"", ""direction"": ""dovish"", ""theme"": ""easing_cut_bias"", ""count"": 1, ""weight"": -2.0, ""scaled_count"": 1.0, ""scaled_contribution"": -2.0, ""notes"": ""Balance sheet language may not map one-for-one to rate stance.""}]",scored,
FED_DOC_E90F0043310A,FED,2024-06-12,,FOMC statement,Monetary Policy,statement,FED_2024_06,data\FED\Monetary Policy\2024-06-12 - FOMC statement.txt,https://www.federalreserve.gov/monetarypolicy/files/monetary20240612a1.pdf,4.386294361119891,Hawkish,0.499,hawkish,7.386294361119891,3.0,4.386294361119891,8,9,"[{""phrase"": ""incoming data"", ""direction"": ""neutral"", ""theme"": ""data_dependence"", ""count"": 1, ""weight"": 0.0, ""scaled_count"": 1.0, ""scaled_contribution"": 0.0, ""notes"": ""Neutral by default; can accompany hawkish or dovish decisions.""}, {""phrase"": ""evolving outlook"", ""direction"": ""neutral"", ""theme"": ""data_dependence"", ""count"": 1, ""weight"": 0.0, ""scaled_count"": 1.0, ""scaled_contribution"": 0.0, ""notes"": ""Neutral by default; can accompany hawkish or dovish decisions.""}, {""phrase"": ""balance of risks"", ""direction"": ""neutral"", ""theme"": ""data_dependence"", ""count"": 1, ""weight"": 0.0, ""scaled_count"": 1.0, ""scaled_contribution"": 0.0, ""notes"": ""Neutral by default; can accompany hawkish or dovish decisions.""}, {""phrase"": ""inflation has eased"", ""direction"": ""dovish"", ""theme"": ""inflation_progress"", ""count"": 1, ""weight"": -1.0, ""scaled_count"": 1.0, ""scaled_contribution"": -1.0, ""notes"": """"}, {""phrase"": ""target range for the federal funds rate"", ""direction"": ""hawkish"", ""theme"": ""restrictive_stance"", ""count"": 2, ""weight"": 2.0, ""scaled_count"": 1.6931471805599454, ""scaled_contribution"": 3.386294361119891, ""notes"": ""FED-specific policy implementation phrasing; context matters for balance sheet phrases.""}, {""phrase"": ""highly attentive to inflation risks"", ""direction"": ""hawkish"", ""theme"": ""inflation_too_high"", ""count"": 1, ""weight"": 2.0, ""scaled_count"": 1.0, ""scaled_contribution"": 2.0, ""notes"": """"}, {""phrase"": ""committee remains highly attentive to inflation risks"", ""direction"": ""hawkish"", ""theme"": ""inflation_too_high"", ""count"": 1, ""weight"": 2.0, ""scaled_count"": 1.0, ""scaled_contribution"": 2.0, ""notes"": """"}, {""phrase"": ""it will be appropriate to reduce the target range"", ""direction"": ""dovish"", ""theme"": ""easing_cut_bias"", ""count"": 1, ""weight"": -2.0, ""scaled_count"": 1.0, ""scaled_contribution"": -2.0, ""notes"": ""Balance sheet language may not map one-for-one to rate stance.""}]",scored,
FED_DOC_77F197BBD8B9,FED,2024-06-14,Lisa D. Cook,Lessons from the American Economic Association Summer Program,Speeches,speech,FED_2024_06,data\FED\Speeches\2024-06-14 - Lisa D. Cook - Lessons from the American Economic Association Summer Program.txt,https://www.federalreserve.gov/newsevents/speech/cook20240614a.htm,0.0,Neutral,0.0,none,0.0,0.0,0.0,0,0,[],scored,
FED_DOC_61D6F345CE48,FED,2024-06-17,A Transformative Experience,A Transformative Experience,Speeches,speech,FED_2024_06,data\FED\Speeches\2024-06-17 - A Transformative Experience - A Transformative Experience.txt,https://www.federalreserve.gov/newsevents/speech/cook20240617a.htm,0.0,Neutral,0.0,none,0.0,0.0,0.0,0,0,[],scored,
FED_DOC_A9A278E07317,FED,2024-06-17,Innovation in the Financial System,Innovation in the Financial System,Speeches,speech,FED_2024_06,data\FED\Speeches\2024-06-17 - Innovation in the Financial System - Innovation in the Financial System.txt,https://www.federalreserve.gov/newsevents/speech/bowman20240617a.htm,0.0,Neutral,0.0,none,0.0,0.0,0.0,0,0,[],scored,
FED_DOC_E10EC7DE1C6B,FED,2024-06-18,Adriana D. Kugler,Some Reasons for Optimism about Inflation,Speeches,speech,FED_2024_06,data\FED\Speeches\2024-06-18 - Adriana D. Kugler - Some Reasons for Optimism about Inflation.txt,https://www.federalreserve.gov/newsevents/speech/kugler20240618a.htm,-1.0,Neutral-Dovish,0.504,dovish,8.0,9.0,-1.0,9,9,"[{""phrase"": ""inflation remains too high"", ""direction"": ""hawkish"", ""theme"": ""inflation_too_high"", ""count"": 1, ""weight"": 3.0, ""scaled_count"": 1.0, ""scaled_contribution"": 3.0, ""notes"": """"}, {""phrase"": ""inflation is still too high"", ""direction"": ""hawkish"", ""theme"": ""inflation_too_high"", ""count"": 1, ""weight"": 3.0, ""scaled_count"": 1.0, ""scaled_contribution"": 3.0, ""notes"": """"}, {""phrase"": ""more work to do"", ""direction"": ""hawkish"", ""theme"": ""need_for_further_tightening"", ""count"": 1, ""weight"": 2.0, ""scaled_count"": 1.0, ""scaled_contribution"": 2.0, ""notes"": """"}, {""phrase"": ""risks to both sides"", ""direction"": ""neutral"", ""theme"": ""balanced_risks"", ""count"": 1, ""weight"": 0.0, ""scaled_count"": 1.0, ""scaled_contribution"": 0.0, ""notes"": """"}, {""phrase"": ""progress on inflation"", ""direction"": ""dovish"", ""theme"": ""inflation_progress"", ""count"": 1, ""weight"": -1.0, ""scaled_count"": 1.0, ""scaled_contribution"": -1.0, ""notes"": """"}, {""phrase"": ""further progress on inflation"", ""direction"": ""dovish"", ""theme"": ""inflation_progress"", ""count"": 1, ""weight"": -1.0, ""scaled_count"": 1.0, ""scaled_contribution"": -1.0, ""notes"": """"}, {""phrase"": ""labor market has cooled"", ""direction"": ""dovish"", ""theme"": ""labour_market_cooling"", ""count"": 1, ""weight"": -2.0, ""scaled_count"": 1.0, ""scaled_contribution"": -2.0, ""notes"": """"}, {""phrase"": ""appropriate to begin easing"", ""direction"": ""dovish"", ""theme"": ""easing_cut_bias"", ""count"": 1, ""weight"": -3.0, ""scaled_count"": 1.0, ""scaled_contribution"": -3.0, ""notes"": """"}, {""phrase"": ""policy is sufficiently restrictive"", ""direction"": ""dovish"", ""theme"": ""easing_cut_bias"", ""count"": 1, ""weight"": -2.0, ""scaled_count"": 1.0, ""scaled_contribution"": -2.0, ""notes"": """"}]",scored,
FED_DOC_7AE14ADBD1E1,FED,2024-06-24,Welcoming Remarks,Welcoming Remarks,Speeches,speech,FED_2024_06,data\FED\Speeches\2024-06-24 - Welcoming Remarks - Welcoming Remarks.txt,https://www.federalreserve.gov/newsevents/speech/waller20240624a.htm,0.0,Neutral,0.0,none,0.0,0.0,0.0,0,0,[],scored,
FED_DOC_5243D0F9AC46,FED,2024-06-25,Lisa D. Cook,Moving Toward Better Balance and Implications for Monetary Policy,Speeches,speech,FED_2024_06,data\FED\Speeches\2024-06-25 - Lisa D. Cook - Moving Toward Better Balance and Implications for Monetary Policy.txt,https://www.federalreserve.gov/newsevents/speech/cook20240625a.htm,0.0,Neutral,0.185,none,2.0,2.0,0.0,4,5,"[{""phrase"": ""balance of risks"", ""direction"": ""neutral"", ""theme"": ""data_dependence"", ""count"": 2, ""weight"": 0.0, ""scaled_count"": 1.6931471805599454, ""scaled_contribution"": 0.0, ""notes"": ""Neutral by default; can accompany hawkish or dovish decisions.""}, {""phrase"": ""inflation has eased"", ""direction"": ""dovish"", ""theme"": ""inflation_progress"", ""count"": 1, ""weight"": -1.0, ""scaled_count"": 1.0, ""scaled_contribution"": -1.0, ""notes"": """"}, {""phrase"": ""progress on inflation"", ""direction"": ""dovish"", ""theme"": ""inflation_progress"", ""count"": 1, ""weight"": -1.0, ""scaled_count"": 1.0, ""scaled_contribution"": -1.0, ""notes"": """"}, {""phrase"": ""target range for the federal funds rate"", ""direction"": ""hawkish"", ""theme"": ""restrictive_stance"", ""count"": 1, ""weight"": 2.0, ""scaled_count"": 1.0, ""scaled_contribution"": 2.0, ""notes"": ""FED-specific policy implementation phrasing; context matters for balance sheet phrases.""}]",scored,
FED_DOC_9DA8D82ADA21,FED,2024-06-25,Opening Remarks,Opening Remarks,Speeches,speech,FED_2024_06,data\FED\Speeches\2024-06-25 - Opening Remarks - Opening Remarks.txt,https://www.federalreserve.gov/newsevents/speech/bowman20240625b.htm,0.0,Neutral,0.0,none,0.0,0.0,0.0,0,0,[],scored,
FED_DOC_3A99D27BB0C6,FED,2024-06-25,Michelle W. Bowman,Perspectives on U.S. Monetary Policy and Bank Capital Reform,Speeches,speech,FED_2024_06,data\FED\Speeches\2024-06-25 - Michelle W. Bowman - Perspectives on U.S. Monetary Policy and Bank Capital Reform.txt,https://www.federalreserve.gov/newsevents/speech/bowman20240625a.htm,3.90138771133189,Hawkish,0.47,hawkish,7.0,3.09861228866811,3.90138771133189,7,10,"[{""phrase"": ""upside risks to inflation"", ""direction"": ""hawkish"", ""theme"": ""upside_inflation_risks"", ""count"": 1, ""weight"": 2.0, ""scaled_count"": 1.0, ""scaled_contribution"": 2.0, ""notes"": """"}, {""phrase"": ""restrictive territory"", ""direction"": ""hawkish"", ""theme"": ""restrictive_stance"", ""count"": 1, ""weight"": 1.0, ""scaled_count"": 1.0, ""scaled_contribution"": 1.0, ""notes"": """"}, {""phrase"": ""labor market remains tight"", ""direction"": ""hawkish"", ""theme"": ""labour_market_strength"", ""count"": 1, ""weight"": 2.0, ""scaled_count"": 1.0, ""scaled_contribution"": 2.0, ""notes"": """"}, {""phrase"": ""incoming data"", ""direction"": ""neutral"", ""theme"": ""data_dependence"", ""count"": 2, ""weight"": 0.0, ""scaled_count"": 1.6931471805599454, ""scaled_contribution"": 0.0, ""notes"": ""Neutral by default; can accompany hawkish or dovish decisions.""}, {""phrase"": ""progress on inflation"", ""direction"": ""dovish"", ""theme"": ""inflation_progress"", ""count"": 3, ""weight"": -1.0, ""scaled_count"": 2.09861228866811, ""scaled_contribution"": -2.09861228866811, ""notes"": """"}, {""phrase"": ""further progress on inflation"", ""direction"": ""dovish"", ""theme"": ""inflation_progress"", ""count"": 1, ""weight"": -1.0, ""scaled_count"": 1.0, ""scaled_contribution"": -1.0, ""notes"": """"}, {""phrase"": ""target range for the federal funds rate"", ""direction"": ""hawkish"", ""theme"": ""restrictive_stance"", ""count"": 1, ""weight"": 2.0, ""scaled_count"": 1.0, ""scaled_contribution"": 2.0, ""notes"": ""FED-specific policy implementation phrasing; context matters for balance sheet phrases.""}]",scored,
FED_DOC_A4D6E945FF1E,FED,2024-06-26,Michelle W. Bowman,The Consequences of Bank Capital Reform,Speeches,speech,FED_2024_06,data\FED\Speeches\2024-06-26 - Michelle W. Bowman - The Consequences of Bank Capital Reform.txt,https://www.federalreserve.gov/newsevents/speech/bowman20240626a.htm,3.079441541679836,Hawkish,0.515,hawkish,8.772588722239782,5.693147180559945,3.079441541679836,7,13,"[{""phrase"": ""upside risks to inflation"", ""direction"": ""hawkish"", ""theme"": ""upside_inflation_risks"", ""count"": 2, ""weight"": 2.0, ""scaled_count"": 1.6931471805599454, ""scaled_contribution"": 3.386294361119891, ""notes"": """"}, {""phrase"": ""labor market remains tight"", ""direction"": ""hawkish"", ""theme"": ""labour_market_strength"", ""count"": 1, ""weight"": 2.0, ""scaled_count"": 1.0, ""scaled_contribution"": 2.0, ""notes"": """"}, {""phrase"": ""incoming data"", ""direction"": ""neutral"", ""theme"": ""data_dependence"", ""count"": 4, ""weight"": 0.0, ""scaled_count"": 2.386294361119891, ""scaled_contribution"": 0.0, ""notes"": ""Neutral by default; can accompany hawkish or dovish decisions.""}, {""phrase"": ""progress on inflation"", ""direction"": ""dovish"", ""theme"": ""inflation_progress"", ""count"": 2, ""weight"": -1.0, ""scaled_count"": 1.6931471805599454, ""scaled_contribution"": -1.6931471805599454, ""notes"": """"}, {""phrase"": ""policy is sufficiently restrictive"", ""direction"": ""dovish"", ""theme"": ""easing_cut_bias"", ""count"": 1, ""weight"": -2.0, ""scaled_count"": 1.0, ""scaled_contribution"": -2.0, ""notes"": """"}, {""phrase"": ""target range for the federal funds rate"", ""direction"": ""hawkish"", ""theme"": ""restrictive_stance"", ""count"": 2, ""weight"": 2.0, ""scaled_count"": 1.6931471805599454, ""scaled_contribution"": 3.386294361119891, ""notes"": ""FED-specific policy implementation phrasing; context matters for balance sheet phrases.""}, {""phrase"": ""lower the target range"", ""direction"": ""dovish"", ""theme"": ""easing_cut_bias"", ""count"": 1, ""weight"": -2.0, ""scaled_count"": 1.0, ""scaled_contribution"": -2.0, ""notes"": ""Balance sheet language may not map one-for-one to rate stance.""}]",scored,
FED_DOC_0A410DFA475F,FED,2024-06-27,Michelle W. Bowman,"Brief Remarks on the Economy, Monetary Policy, and Bank Regulation",Speeches,speech,FED_2024_06,"data\FED\Speeches\2024-06-27 - Michelle W. Bowman - Brief Remarks on the Economy, Monetary Policy, and Bank Regulation.txt",https://www.federalreserve.gov/newsevents/speech/bowman20240627a.htm,3.6931471805599454,Hawkish,0.509,hawkish,7.386294361119891,3.6931471805599454,3.6931471805599454,6,11,"[{""phrase"": ""upside risks to inflation"", ""direction"": ""hawkish"", ""theme"": ""upside_inflation_risks"", ""count"": 2, ""weight"": 2.0, ""scaled_count"": 1.6931471805599454, ""scaled_contribution"": 3.386294361119891, ""notes"": """"}, {""phrase"": ""labor market remains tight"", ""direction"": ""hawkish"", ""theme"": ""labour_market_strength"", ""count"": 1, ""weight"": 2.0, ""scaled_count"": 1.0, ""scaled_contribution"": 2.0, ""notes"": """"}, {""phrase"": ""incoming data"", ""direction"": ""neutral"", ""theme"": ""data_dependence"", ""count"": 4, ""weight"": 0.0, ""scaled_count"": 2.386294361119891, ""scaled_contribution"": 0.0, ""notes"": ""Neutral by default; can accompany hawkish or dovish decisions.""}, {""phrase"": ""progress on inflation"", ""direction"": ""dovish"", ""theme"": ""inflation_progress"", ""count"": 2, ""weight"": -1.0, ""scaled_count"": 1.6931471805599454, ""scaled_contribution"": -1.6931471805599454, ""notes"": """"}, {""phrase"": ""policy is sufficiently restrictive"", ""direction"": ""dovish"", ""theme"": ""easing_cut_bias"", ""count"": 1, ""weight"": -2.0, ""scaled_count"": 1.0, ""scaled_contribution"": -2.0, ""notes"": """"}, {""phrase"": ""target range for the federal funds rate"", ""direction"": ""hawkish"", ""theme"": ""restrictive_stance"", ""count"": 1, ""weight"": 2.0, ""scaled_count"": 1.0, ""scaled_contribution"": 2.0, ""notes"": ""FED-specific policy implementation phrasing; context matters for balance sheet phrases.""}]",scored,
FED_DOC_1F8F1D245AD0,FED,2024-07-09,Michael S. Barr,"Financial Inclusion: Past, Present, and Hopes for the Future",Speeches,speech,FED_2024_06,"data\FED\Speeches\2024-07-09 - Michael S. Barr - Financial Inclusion_ Past, Present, and Hopes for the Future.txt",https://www.federalreserve.gov/newsevents/speech/barr20240709a.htm,0.0,Neutral,0.0,none,0.0,0.0,0.0,0,0,[],scored,
FED_DOC_AEE055287570,FED,2024-07-09,Promoting an Inclusive Financial System,Promoting an Inclusive Financial System,Speeches,speech,FED_2024_06,data\FED\Speeches\2024-07-09 - Promoting an Inclusive Financial System - Promoting an Inclusive Financial System.txt,https://www.federalreserve.gov/newsevents/speech/bowman20240709a.htm,0.0,Neutral,0.0,none,0.0,0.0,0.0,0,0,[],scored,
FED_DOC_9C3C5B206071,FED,2024-07-10,Lisa D. Cook,Common Inflation and Monetary Policy Challenges across Countries,Speeches,speech,FED_2024_06,data\FED\Speeches\2024-07-10 - Lisa D. Cook - Common Inflation and Monetary Policy Challenges across Countries.txt,https://www.federalreserve.gov/newsevents/speech/cook20240710a.htm,-2.0,Neutral-Dovish,0.302,dovish,0.0,2.0,-2.0,3,4,"[{""phrase"": ""data dependent"", ""direction"": ""neutral"", ""theme"": ""data_dependence"", ""count"": 1, ""weight"": 0.0, ""scaled_count"": 1.0, ""scaled_contribution"": 0.0, ""notes"": ""Neutral by default; can accompany hawkish or dovish decisions.""}, {""phrase"": ""incoming data"", ""direction"": ""neutral"", ""theme"": ""data_dependence"", ""count"": 2, ""weight"": 0.0, ""scaled_count"": 1.6931471805599454, ""scaled_contribution"": 0.0, ""notes"": ""Neutral by default; can accompany hawkish or dovish decisions.""}, {""phrase"": ""disinflationary process"", ""direction"": ""dovish"", ""theme"": ""disinflation"", ""count"": 1, ""weight"": -2.0, ""scaled_count"": 1.0, ""scaled_contribution"": -2.0, ""notes"": """"}]",scored,
FED_DOC_9070B9890859,FED,2024-07-10,Opening Remarks,Opening Remarks,Speeches,speech,FED_2024_06,data\FED\Speeches\2024-07-10 - Opening Remarks - Opening Remarks.txt,https://www.federalreserve.gov/newsevents/speech/bowman20240710a.htm,0.0,Neutral,0.0,none,0.0,0.0,0.0,0,0,[],scored,
FED_DOC_051D7558FD5D,FED,2024-07-16,Adriana D. Kugler,The Challenges Facing Economic Measurement and Creative Solutions,Speeches,speech,FED_2024_06,data\FED\Speeches\2024-07-16 - Adriana D. Kugler - The Challenges Facing Economic Measurement and Creative Solutions.txt,https://www.federalreserve.gov/newsevents/speech/kugler20240716a.htm,-1.0,Neutral-Dovish,0.254,dovish,2.0,3.0,-1.0,4,6,"[{""phrase"": ""upside risks to inflation"", ""direction"": ""hawkish"", ""theme"": ""upside_inflation_risks"", ""count"": 1, ""weight"": 2.0, ""scaled_count"": 1.0, ""scaled_contribution"": 2.0, ""notes"": """"}, {""phrase"": ""data dependent"", ""direction"": ""neutral"", ""theme"": ""data_dependence"", ""count"": 3, ""weight"": 0.0, ""scaled_count"": 2.09861228866811, ""scaled_contribution"": 0.0, ""notes"": ""Neutral by default; can accompany hawkish or dovish decisions.""}, {""phrase"": ""incoming data"", ""direction"": ""neutral"", ""theme"": ""data_dependence"", ""count"": 1, ""weight"": 0.0, ""scaled_count"": 1.0, ""scaled_contribution"": 0.0, ""notes"": ""Neutral by default; can accompany hawkish or dovish decisions.""}, {""phrase"": ""appropriate to begin easing"", ""direction"": ""dovish"", ""theme"": ""easing_cut_bias"", ""count"": 1, ""weight"": -3.0, ""scaled_count"": 1.0, ""scaled_contribution"": -3.0, ""notes"": """"}]",scored,
FED_DOC_53EC6AD53A5A,FED,2024-07-17,Getting Closer,Getting Closer,Speeches,speech,FED_2024_06,data\FED\Speeches\2024-07-17 - Getting Closer - Getting Closer.txt,https://www.federalreserve.gov/newsevents/speech/waller20240717a.htm,-1.0,Neutral-Dovish,0.239,dovish,0.0,1.0,-1.0,4,5,"[{""phrase"": ""data dependent"", ""direction"": ""neutral"", ""theme"": ""data_dependence"", ""count"": 1, ""weight"": 0.0, ""scaled_count"": 1.0, ""scaled_contribution"": 0.0, ""notes"": ""Neutral by default; can accompany hawkish or dovish decisions.""}, {""phrase"": ""incoming data"", ""direction"": ""neutral"", ""theme"": ""data_dependence"", ""count"": 2, ""weight"": 0.0, ""scaled_count"": 1.6931471805599454, ""scaled_contribution"": 0.0, ""notes"": ""Neutral by default; can accompany hawkish or dovish decisions.""}, {""phrase"": ""wait and see"", ""direction"": ""neutral"", ""theme"": ""data_dependence"", ""count"": 1, ""weight"": 0.0, ""scaled_count"": 1.0, ""scaled_contribution"": 0.0, ""notes"": ""Neutral by default; can accompany hawkish or dovish decisions.""}, {""phrase"": ""progress on inflation"", ""direction"": ""dovish"", ""theme"": ""inflation_progress"", ""count"": 1, ""weight"": -1.0, ""scaled_count"": 1.0, ""scaled_contribution"": -1.0, ""notes"": """"}]",scored,
FED_DOC_990D878C7528,FED,2024-07-18,Michelle W. Bowman,"Liquidity, Supervision, and Regulatory Reform",Speeches,speech,FED_2024_06,"data\FED\Speeches\2024-07-18 - Michelle W. Bowman - Liquidity, Supervision, and Regulatory Reform.txt",https://www.federalreserve.gov/newsevents/speech/bowman20240718a.htm,0.0,Neutral,0.0,none,0.0,0.0,0.0,0,0,[],scored,
FED_DOC_B365776CCC3A,FED,2024-07-24,Opening Remarks,Opening Remarks,Speeches,speech,FED_2024_06,data\FED\Speeches\2024-07-24 - Opening Remarks - Opening Remarks.txt,https://www.federalreserve.gov/newsevents/speech/bowman20240724a.htm,0.0,Neutral,0.0,none,0.0,0.0,0.0,0,0,[],scored,
FED_DOC_0EBDE7E68795,FED,2024-07-31,,FOMC minutes,Minutes,minutes,FED_2024_07,data\FED\Minutes\2024-07-31 - FOMC minutes.txt,https://www.federalreserve.gov/monetarypolicy/files/fomcminutes20240731.pdf,-2.494474063009264,Neutral-Dovish,0.454,dovish,7.891820298110627,10.38629436111989,-2.494474063009264,13,33,"[{""phrase"": ""upside risks to inflation"", ""direction"": ""hawkish"", ""theme"": ""upside_inflation_risks"", ""count"": 1, ""weight"": 2.0, ""scaled_count"": 1.0, ""scaled_contribution"": 2.0, ""notes"": """"}, {""phrase"": ""data-dependent"", ""direction"": ""neutral"", ""theme"": ""data_dependence"", ""count"": 1, ""weight"": 0.0, ""scaled_count"": 1.0, ""scaled_contribution"": 0.0, ""notes"": ""Neutral by default; can accompany hawkish or dovish decisions.""}, {""phrase"": ""incoming data"", ""direction"": ""neutral"", ""theme"": ""data_dependence"", ""count"": 7, ""weight"": 0.0, ""scaled_count"": 2.9459101490553135, ""scaled_contribution"": 0.0, ""notes"": ""Neutral by default; can accompany hawkish or dovish decisions.""}, {""phrase"": ""evolving outlook"", ""direction"": ""neutral"", ""theme"": ""data_dependence"", ""count"": 2, ""weight"": 0.0, ""scaled_count"": 1.6931471805599454, ""scaled_contribution"": 0.0, ""notes"": ""Neutral by default; can accompany hawkish or dovish decisions.""}, {""phrase"": ""balance of risks"", ""direction"": ""neutral"", ""theme"": ""data_dependence"", ""count"": 3, ""weight"": 0.0, ""scaled_count"": 2.09861228866811, ""scaled_contribution"": 0.0, ""notes"": ""Neutral by default; can accompany hawkish or dovish decisions.""}, {""phrase"": ""risks to both sides"", ""direction"": ""neutral"", ""theme"": ""balanced_risks"", ""count"": 3, ""weight"": 0.0, ""scaled_count"": 2.09861228866811, ""scaled_contribution"": 0.0, ""notes"": """"}, {""phrase"": ""inflation has eased"", ""direction"": ""dovish"", ""theme"": ""inflation_progress"", ""count"": 1, ""weight"": -1.0, ""scaled_count"": 1.0, ""scaled_contribution"": -1.0, ""notes"": """"}, {""phrase"": ""progress on inflation"", ""direction"": ""dovish"", ""theme"": ""inflation_progress"", ""count"": 4, ""weight"": -1.0, ""scaled_count"": 2.386294361119891, ""scaled_contribution"": -2.386294361119891, ""notes"": """"}, {""phrase"": ""further progress on inflation"", ""direction"": ""dovish"", ""theme"": ""inflation_progress"", ""count"": 1, ""weight"": -1.0, ""scaled_count"": 1.0, ""scaled_contribution"": -1.0, ""notes"": """"}, {""phrase"": ""gradual easing"", ""direction"": ""dovish"", ""theme"": ""easing_cut_bias"", ""count"": 1, ""weight"": -2.0, ""scaled_count"": 1.0, ""scaled_contribution"": -2.0, ""notes"": """"}, {""phrase"": ""target range for the federal funds rate"", ""direction"": ""hawkish"", ""theme"": ""restrictive_stance"", ""count"": 7, ""weight"": 2.0, ""scaled_count"": 2.9459101490553135, ""scaled_contribution"": 5.891820298110627, ""notes"": ""FED-specific policy implementation phrasing; context matters for balance sheet phrases.""}, {""phrase"": ""it will be appropriate to reduce the target range"", ""direction"": ""dovish"", ""theme"": ""easing_cut_bias"", ""count"": 1, ""weight"": -2.0, ""scaled_count"": 1.0, ""scaled_contribution"": -2.0, ""notes"": ""Balance sheet language may not map one-for-one to rate stance.""}, {""phrase"": ""lower the target range"", ""direction"": ""dovish"", ""theme"": ""easing_cut_bias"", ""count"": 1, ""weight"": -2.0, ""scaled_count"": 1.0, ""scaled_contribution"": -2.0, ""notes"": ""Balance sheet language may not map one-for-one to rate stance.""}]",scored,
FED_DOC_C7105885CC22,FED,2024-07-31,,FOMC statement,Monetary Policy,statement,FED_2024_07,data\FED\Monetary Policy\2024-07-31 - FOMC statement.txt,https://www.federalreserve.gov/monetarypolicy/files/monetary20240731a1.pdf,0.3862943611198908,Neutral,0.207,none,3.386294361119891,3.0,0.3862943611198908,7,8,"[{""phrase"": ""incoming data"", ""direction"": ""neutral"", ""theme"": ""data_dependence"", ""count"": 1, ""weight"": 0.0, ""scaled_count"": 1.0, ""scaled_contribution"": 0.0, ""notes"": ""Neutral by default; can accompany hawkish or dovish decisions.""}, {""phrase"": ""evolving outlook"", ""direction"": ""neutral"", ""theme"": ""data_dependence"", ""count"": 1, ""weight"": 0.0, ""scaled_count"": 1.0, ""scaled_contribution"": 0.0, ""notes"": ""Neutral by default; can accompany hawkish or dovish decisions.""}, {""phrase"": ""balance of risks"", ""direction"": ""neutral"", ""theme"": ""data_dependence"", ""count"": 1, ""weight"": 0.0, ""scaled_count"": 1.0, ""scaled_contribution"": 0.0, ""notes"": ""Neutral by default; can accompany hawkish or dovish decisions.""}, {""phrase"": ""risks to both sides"", ""direction"": ""neutral"", ""theme"": ""balanced_risks"", ""count"": 1, ""weight"": 0.0, ""scaled_count"": 1.0, ""scaled_contribution"": 0.0, ""notes"": """"}, {""phrase"": ""inflation has eased"", ""direction"": ""dovish"", ""theme"": ""inflation_progress"", ""count"": 1, ""weight"": -1.0, ""scaled_count"": 1.0, ""scaled_contribution"": -1.0, ""notes"": """"}, {""phrase"": ""target range for the federal funds rate"", ""direction"": ""hawkish"", ""theme"": ""restrictive_stance"", ""count"": 2, ""weight"": 2.0, ""scaled_count"": 1.6931471805599454, ""scaled_contribution"": 3.386294361119891, ""notes"": ""FED-specific policy implementation phrasing; context matters for balance sheet phrases.""}, {""phrase"": ""it will be appropriate to reduce the target range"", ""direction"": ""dovish"", ""theme"": ""easing_cut_bias"", ""count"": 1, ""weight"": -2.0, ""scaled_count"": 1.0, ""scaled_contribution"": -2.0, ""notes"": ""Balance sheet language may not map one-for-one to rate stance.""}]",scored,
FED_DOC_80B000C8067D,FED,2024-08-10,Michelle W. Bowman,"Update on the Economic Outlook, and Perspective on Bank Culture, M&A, and Liquidity",Speeches,speech,FED_2024_07,"data\FED\Speeches\2024-08-10 - Michelle W. Bowman - Update on the Economic Outlook, and Perspective on Bank Culture, M&A, and Liquidity.txt",https://www.federalreserve.gov/newsevents/speech/bowman20240810a.htm,3.7725887222397816,Hawkish,0.427,hawkish,4.772588722239782,1.0,3.7725887222397816,3,7,"[{""phrase"": ""upside risks to inflation"", ""direction"": ""hawkish"", ""theme"": ""upside_inflation_risks"", ""count"": 4, ""weight"": 2.0, ""scaled_count"": 2.386294361119891, ""scaled_contribution"": 4.772588722239782, ""notes"": """"}, {""phrase"": ""incoming data"", ""direction"": ""neutral"", ""theme"": ""data_dependence"", ""count"": 2, ""weight"": 0.0, ""scaled_count"": 1.6931471805599454, ""scaled_contribution"": 0.0, ""notes"": ""Neutral by default; can accompany hawkish or dovish decisions.""}, {""phrase"": ""progress on inflation"", ""direction"": ""dovish"", ""theme"": ""inflation_progress"", ""count"": 1, ""weight"": -1.0, ""scaled_count"": 1.0, ""scaled_contribution"": -1.0, ""notes"": """"}]",scored,
FED_DOC_3BFCF04A3A64,FED,2024-08-19,Opening Remarks,Opening Remarks,Speeches,speech,FED_2024_07,data\FED\Speeches\2024-08-19 - Opening Remarks - Opening Remarks.txt,https://www.federalreserve.gov/newsevents/speech/waller20240819a.htm,0.0,Neutral,0.0,none,0.0,0.0,0.0,0,0,[],scored,
FED_DOC_6403BB919C8F,FED,2024-08-20,Michelle W. Bowman,Remarks on the Economic Outlook and Financial Inclusion,Speeches,speech,FED_2024_07,data\FED\Speeches\2024-08-20 - Michelle W. Bowman - Remarks on the Economic Outlook and Financial Inclusion.txt,https://www.federalreserve.gov/newsevents/speech/bowman20240820a.htm,4.19722457733622,Hawkish,0.385,hawkish,4.19722457733622,0.0,4.19722457733622,2,5,"[{""phrase"": ""upside risks to inflation"", ""direction"": ""hawkish"", ""theme"": ""upside_inflation_risks"", ""count"": 3, ""weight"": 2.0, ""scaled_count"": 2.09861228866811, ""scaled_contribution"": 4.19722457733622, ""notes"": """"}, {""phrase"": ""incoming data"", ""direction"": ""neutral"", ""theme"": ""data_dependence"", ""count"": 2, ""weight"": 0.0, ""scaled_count"": 1.6931471805599454, ""scaled_contribution"": 0.0, ""notes"": ""Neutral by default; can accompany hawkish or dovish decisions.""}]",scored,
FED_DOC_F2DFDD0FC2A2,FED,2024-08-23,Jerome H. Powell,Review and Outlook,Speeches,speech,FED_2024_07,data\FED\Speeches\2024-08-23 - Jerome H. Powell - Review and Outlook.txt,https://www.federalreserve.gov/newsevents/speech/powell20240823a.htm,-6.386294361119891,Dovish,0.563,dovish,2.0,8.38629436111989,-6.386294361119891,10,11,"[{""phrase"": ""upside risks to inflation"", ""direction"": ""hawkish"", ""theme"": ""upside_inflation_risks"", ""count"": 1, ""weight"": 2.0, ""scaled_count"": 1.0, ""scaled_contribution"": 2.0, ""notes"": """"}, {""phrase"": ""depend on incoming data"", ""direction"": ""neutral"", ""theme"": ""data_dependence"", ""count"": 1, ""weight"": 0.0, ""scaled_count"": 1.0, ""scaled_contribution"": 0.0, ""notes"": ""Neutral by default; can accompany hawkish or dovish decisions.""}, {""phrase"": ""incoming data"", ""direction"": ""neutral"", ""theme"": ""data_dependence"", ""count"": 1, ""weight"": 0.0, ""scaled_count"": 1.0, ""scaled_contribution"": 0.0, ""notes"": ""Neutral by default; can accompany hawkish or dovish decisions.""}, {""phrase"": ""evolving outlook"", ""direction"": ""neutral"", ""theme"": ""data_dependence"", ""count"": 1, ""weight"": 0.0, ""scaled_count"": 1.0, ""scaled_contribution"": 0.0, ""notes"": ""Neutral by default; can accompany hawkish or dovish decisions.""}, {""phrase"": ""balance of risks"", ""direction"": ""neutral"", ""theme"": ""data_dependence"", ""count"": 1, ""weight"": 0.0, ""scaled_count"": 1.0, ""scaled_contribution"": 0.0, ""notes"": ""Neutral by default; can accompany hawkish or dovish decisions.""}, {""phrase"": ""risks to both sides"", ""direction"": ""neutral"", ""theme"": ""balanced_risks"", ""count"": 1, ""weight"": 0.0, ""scaled_count"": 1.0, ""scaled_contribution"": 0.0, ""notes"": """"}, {""phrase"": ""inflation has declined"", ""direction"": ""dovish"", ""theme"": ""inflation_progress"", ""count"": 1, ""weight"": -1.0, ""scaled_count"": 1.0, ""scaled_contribution"": -1.0, ""notes"": """"}, {""phrase"": ""labor market has cooled"", ""direction"": ""dovish"", ""theme"": ""labour_market_cooling"", ""count"": 1, ""weight"": -2.0, ""scaled_count"": 1.0, ""scaled_contribution"": -2.0, ""notes"": """"}, {""phrase"": ""slack in the economy"", ""direction"": ""dovish"", ""theme"": ""recession_slack_risk"", ""count"": 1, ""weight"": -2.0, ""scaled_count"": 1.0, ""scaled_contribution"": -2.0, ""notes"": """"}, {""phrase"": ""economic slack"", ""direction"": ""dovish"", ""theme"": ""recession_slack_risk"", ""count"": 2, ""weight"": -2.0, ""scaled_count"": 1.6931471805599454, ""scaled_contribution"": -3.386294361119891, ""notes"": """"}]",scored,
FED_DOC_78D5BFCB70D6,FED,2024-08-28,Interlinking Fast Payment Systems,Interlinking Fast Payment Systems,Speeches,speech,FED_2024_07,data\FED\Speeches\2024-08-28 - Interlinking Fast Payment Systems - Interlinking Fast Payment Systems.txt,https://www.federalreserve.gov/newsevents/speech/waller20240828a.htm,0.0,Neutral,0.0,none,0.0,0.0,0.0,0,0,[],scored,
FED_DOC_502E85EB00A2,FED,2024-09-06,The Time Has Come,The Time Has Come,Speeches,speech,FED_2024_07,data\FED\Speeches\2024-09-06 - The Time Has Come - The Time Has Come.txt,https://www.federalreserve.gov/newsevents/speech/waller20240906a.htm,0.3862943611198908,Neutral,0.207,none,3.386294361119891,3.0,0.3862943611198908,5,7,"[{""phrase"": ""data dependent"", ""direction"": ""neutral"", ""theme"": ""data_dependence"", ""count"": 1, ""weight"": 0.0, ""scaled_count"": 1.0, ""scaled_contribution"": 0.0, ""notes"": ""Neutral by default; can accompany hawkish or dovish decisions.""}, {""phrase"": ""balance of risks"", ""direction"": ""neutral"", ""theme"": ""data_dependence"", ""count"": 2, ""weight"": 0.0, ""scaled_count"": 1.6931471805599454, ""scaled_contribution"": 0.0, ""notes"": ""Neutral by default; can accompany hawkish or dovish decisions.""}, {""phrase"": ""progress on inflation"", ""direction"": ""dovish"", ""theme"": ""inflation_progress"", ""count"": 1, ""weight"": -1.0, ""scaled_count"": 1.0, ""scaled_contribution"": -1.0, ""notes"": """"}, {""phrase"": ""target range for the federal funds rate"", ""direction"": ""hawkish"", ""theme"": ""restrictive_stance"", ""count"": 2, ""weight"": 2.0, ""scaled_count"": 1.6931471805599454, ""scaled_contribution"": 3.386294361119891, ""notes"": ""FED-specific policy implementation phrasing; context matters for balance sheet phrases.""}, {""phrase"": ""lower the target range"", ""direction"": ""dovish"", ""theme"": ""easing_cut_bias"", ""count"": 1, ""weight"": -2.0, ""scaled_count"": 1.0, ""scaled_contribution"": -2.0, ""notes"": ""Balance sheet language may not map one-for-one to rate stance.""}]",scored,
FED_DOC_C500AF521E82,FED,2024-09-10,Michelle W. Bowman,The Future of Stress Testing and the Stress Capital Buffer Framework,Speeches,speech,FED_2024_07,data\FED\Speeches\2024-09-10 - Michelle W. Bowman - The Future of Stress Testing and the Stress Capital Buffer Framework.txt,https://www.federalreserve.gov/newsevents/speech/bowman20240910a.htm,0.0,Neutral,0.0,none,0.0,0.0,0.0,0,0,[],scored,
FED_DOC_3C01DACBF770,FED,2024-09-10,The Next Steps on Capital,The Next Steps on Capital,Speeches,speech,FED_2024_07,data\FED\Speeches\2024-09-10 - The Next Steps on Capital - The Next Steps on Capital.txt,https://www.federalreserve.gov/newsevents/speech/barr20240910a.htm,0.0,Neutral,0.0,none,0.0,0.0,0.0,0,0,[],scored,
FED_DOC_1A7FA181ABD6,FED,2024-09-18,,FOMC minutes,Minutes,minutes,FED_2024_09,data\FED\Minutes\2024-09-18 - FOMC minutes.txt,https://www.federalreserve.gov/monetarypolicy/files/fomcminutes20240918.pdf,2.96747680829444,Neutral-Hawkish,0.484,hawkish,10.795790545596741,7.8283137373023015,2.96747680829444,9,38,"[{""phrase"": ""upside risks to inflation"", ""direction"": ""hawkish"", ""theme"": ""upside_inflation_risks"", ""count"": 1, ""weight"": 2.0, ""scaled_count"": 1.0, ""scaled_contribution"": 2.0, ""notes"": """"}, {""phrase"": ""restrictive monetary policy stance"", ""direction"": ""hawkish"", ""theme"": ""restrictive_stance"", ""count"": 1, ""weight"": 2.0, ""scaled_count"": 1.0, ""scaled_contribution"": 2.0, ""notes"": """"}, {""phrase"": ""incoming data"", ""direction"": ""neutral"", ""theme"": ""data_dependence"", ""count"": 3, ""weight"": 0.0, ""scaled_count"": 2.09861228866811, ""scaled_contribution"": 0.0, ""notes"": ""Neutral by default; can accompany hawkish or dovish decisions.""}, {""phrase"": ""evolving outlook"", ""direction"": ""neutral"", ""theme"": ""data_dependence"", ""count"": 2, ""weight"": 0.0, ""scaled_count"": 1.6931471805599454, ""scaled_contribution"": 0.0, ""notes"": ""Neutral by default; can accompany hawkish or dovish decisions.""}, {""phrase"": ""balance of risks"", ""direction"": ""neutral"", ""theme"": ""data_dependence"", ""count"": 8, ""weight"": 0.0, ""scaled_count"": 3.0794415416798357, ""scaled_contribution"": 0.0, ""notes"": ""Neutral by default; can accompany hawkish or dovish decisions.""}, {""phrase"": ""risks to both sides"", ""direction"": ""neutral"", ""theme"": ""balanced_risks"", ""count"": 2, ""weight"": 0.0, ""scaled_count"": 1.6931471805599454, ""scaled_contribution"": 0.0, ""notes"": """"}, {""phrase"": ""progress on inflation"", ""direction"": ""dovish"", ""theme"": ""inflation_progress"", ""count"": 5, ""weight"": -1.0, ""scaled_count"": 2.6094379124341005, ""scaled_contribution"": -2.6094379124341005, ""notes"": """"}, {""phrase"": ""target range for the federal funds rate"", ""direction"": ""hawkish"", ""theme"": ""restrictive_stance"", ""count"": 11, ""weight"": 2.0, ""scaled_count"": 3.3978952727983707, ""scaled_contribution"": 6.795790545596741, ""notes"": ""FED-specific policy implementation phrasing; context matters for balance sheet phrases.""}, {""phrase"": ""lower the target range"", ""direction"": ""dovish"", ""theme"": ""easing_cut_bias"", ""count"": 5, ""weight"": -2.0, ""scaled_count"": 2.6094379124341005, ""scaled_contribution"": -5.218875824868201, ""notes"": ""Balance sheet language may not map one-for-one to rate stance.""}]",scored,
FED_DOC_0C106841044E,FED,2024-09-18,,FOMC statement,Monetary Policy,statement,FED_2024_09,data\FED\Monetary Policy\2024-09-18 - FOMC statement.txt,https://www.federalreserve.gov/monetarypolicy/files/monetary20240918a1.pdf,-0.1890697837836708,Neutral,0.239,none,4.19722457733622,4.386294361119891,-0.1890697837836708,7,11,"[{""phrase"": ""incoming data"", ""direction"": ""neutral"", ""theme"": ""data_dependence"", ""count"": 1, ""weight"": 0.0, ""scaled_count"": 1.0, ""scaled_contribution"": 0.0, ""notes"": ""Neutral by default; can accompany hawkish or dovish decisions.""}, {""phrase"": ""evolving outlook"", ""direction"": ""neutral"", ""theme"": ""data_dependence"", ""count"": 1, ""weight"": 0.0, ""scaled_count"": 1.0, ""scaled_contribution"": 0.0, ""notes"": ""Neutral by default; can accompany hawkish or dovish decisions.""}, {""phrase"": ""balance of risks"", ""direction"": ""neutral"", ""theme"": ""data_dependence"", ""count"": 2, ""weight"": 0.0, ""scaled_count"": 1.6931471805599454, ""scaled_contribution"": 0.0, ""notes"": ""Neutral by default; can accompany hawkish or dovish decisions.""}, {""phrase"": ""risks to both sides"", ""direction"": ""neutral"", ""theme"": ""balanced_risks"", ""count"": 1, ""weight"": 0.0, ""scaled_count"": 1.0, ""scaled_contribution"": 0.0, ""notes"": """"}, {""phrase"": ""progress on inflation"", ""direction"": ""dovish"", ""theme"": ""inflation_progress"", ""count"": 1, ""weight"": -1.0, ""scaled_count"": 1.0, ""scaled_contribution"": -1.0, ""notes"": """"}, {""phrase"": ""target range for the federal funds rate"", ""direction"": ""hawkish"", ""theme"": ""restrictive_stance"", ""count"": 3, ""weight"": 2.0, ""scaled_count"": 2.09861228866811, ""scaled_contribution"": 4.19722457733622, ""notes"": ""FED-specific policy implementation phrasing; context matters for balance sheet phrases.""}, {""phrase"": ""lower the target range"", ""direction"": ""dovish"", ""theme"": ""easing_cut_bias"", ""count"": 2, ""weight"": -2.0, ""scaled_count"": 1.6931471805599454, ""scaled_contribution"": -3.386294361119891, ""notes"": ""Balance sheet language may not map one-for-one to rate stance.""}]",scored,
FED_DOC_B18A28F47B70,FED,2024-09-20,Michelle W. Bowman,Statement by Governor Michelle W. Bowman,Speeches,speech,FED_2024_09,data\FED\Speeches\2024-09-20 - Michelle W. Bowman - Statement by Governor Michelle W. Bowman.txt,https://www.federalreserve.gov/newsevents/speech/bowman20240920a.htm,0.0,Neutral,0.19,none,3.386294361119891,3.386294361119891,0.0,2,4,"[{""phrase"": ""target range for the federal funds rate"", ""direction"": ""hawkish"", ""theme"": ""restrictive_stance"", ""count"": 2, ""weight"": 2.0, ""scaled_count"": 1.6931471805599454, ""scaled_contribution"": 3.386294361119891, ""notes"": ""FED-specific policy implementation phrasing; context matters for balance sheet phrases.""}, {""phrase"": ""lower the target range"", ""direction"": ""dovish"", ""theme"": ""easing_cut_bias"", ""count"": 2, ""weight"": -2.0, ""scaled_count"": 1.6931471805599454, ""scaled_contribution"": -3.386294361119891, ""notes"": ""Balance sheet language may not map one-for-one to rate stance.""}]",scored,
FED_DOC_97A23DC4548B,FED,2024-09-24,Michelle W. Bowman,Recent Views on Monetary Policy and the Economic Outlook,Speeches,speech,FED_2024_09,data\FED\Speeches\2024-09-24 - Michelle W. Bowman - Recent Views on Monetary Policy and the Economic Outlook.txt,https://www.federalreserve.gov/newsevents/speech/bowman20240924a.htm,3.0,Hawkish,0.482,hawkish,8.19722457733622,5.19722457733622,3.0,6,11,"[{""phrase"": ""upside risks to inflation"", ""direction"": ""hawkish"", ""theme"": ""upside_inflation_risks"", ""count"": 1, ""weight"": 2.0, ""scaled_count"": 1.0, ""scaled_contribution"": 2.0, ""notes"": """"}, {""phrase"": ""incoming data"", ""direction"": ""neutral"", ""theme"": ""data_dependence"", ""count"": 2, ""weight"": 0.0, ""scaled_count"": 1.6931471805599454, ""scaled_contribution"": 0.0, ""notes"": ""Neutral by default; can accompany hawkish or dovish decisions.""}, {""phrase"": ""progress on inflation"", ""direction"": ""dovish"", ""theme"": ""inflation_progress"", ""count"": 1, ""weight"": -1.0, ""scaled_count"": 1.0, ""scaled_contribution"": -1.0, ""notes"": """"}, {""phrase"": ""target range for the federal funds rate"", ""direction"": ""hawkish"", ""theme"": ""restrictive_stance"", ""count"": 3, ""weight"": 2.0, ""scaled_count"": 2.09861228866811, ""scaled_contribution"": 4.19722457733622, ""notes"": ""FED-specific policy implementation phrasing; context matters for balance sheet phrases.""}, {""phrase"": ""federal funds rate at a restrictive level"", ""direction"": ""hawkish"", ""theme"": ""restrictive_stance"", ""count"": 1, ""weight"": 2.0, ""scaled_count"": 1.0, ""scaled_contribution"": 2.0, ""notes"": ""FED-specific policy implementation phrasing; context matters for balance sheet phrases.""}, {""phrase"": ""lower the target range"", ""direction"": ""dovish"", ""theme"": ""easing_cut_bias"", ""count"": 3, ""weight"": -2.0, ""scaled_count"": 2.09861228866811, ""scaled_contribution"": -4.19722457733622, ""notes"": ""Balance sheet language may not map one-for-one to rate stance.""}]",scored,
FED_DOC_23A5A72691DC,FED,2024-09-25,Adriana D. Kugler,How We Got Here: A Perspective on Inflation and the Labor Market,Speeches,speech,FED_2024_09,data\FED\Speeches\2024-09-25 - Adriana D. Kugler - How We Got Here_ A Perspective on Inflation and the Labor Market.txt,https://www.federalreserve.gov/newsevents/speech/kugler20240925a.htm,-6.693147180559945,Dovish,0.686,dovish,0.0,6.693147180559945,-6.693147180559945,4,5,"[{""phrase"": ""inflation has moderated"", ""direction"": ""dovish"", ""theme"": ""inflation_progress"", ""count"": 1, ""weight"": -1.0, ""scaled_count"": 1.0, ""scaled_contribution"": -1.0, ""notes"": """"}, {""phrase"": ""progress on inflation"", ""direction"": ""dovish"", ""theme"": ""inflation_progress"", ""count"": 2, ""weight"": -1.0, ""scaled_count"": 1.6931471805599454, ""scaled_contribution"": -1.6931471805599454, ""notes"": """"}, {""phrase"": ""disinflation continues"", ""direction"": ""dovish"", ""theme"": ""disinflation"", ""count"": 1, ""weight"": -2.0, ""scaled_count"": 1.0, ""scaled_contribution"": -2.0, ""notes"": """"}, {""phrase"": ""disinflationary process"", ""direction"": ""dovish"", ""theme"": ""disinflation"", ""count"": 1, ""weight"": -2.0, ""scaled_count"": 1.0, ""scaled_contribution"": -2.0, ""notes"": """"}]",scored,
FED_DOC_E3C8E17F54F9,FED,2024-09-26,Jerome H. Powell,Opening Remarks,Speeches,speech,FED_2024_09,data\FED\Speeches\2024-09-26 - Jerome H. Powell - Opening Remarks.txt,https://www.federalreserve.gov/newsevents/speech/powell20240926a.htm,0.0,Neutral,0.0,none,0.0,0.0,0.0,0,0,[],scored,
FED_DOC_5F31BB22FAA0,FED,2024-09-26,Michelle W. Bowman,Recent Views on Monetary Policy and the Economic Outlook,Speeches,speech,FED_2024_09,data\FED\Speeches\2024-09-26 - Michelle W. Bowman - Recent Views on Monetary Policy and the Economic Outlook.txt,https://www.federalreserve.gov/newsevents/speech/bowman20240926a.htm,3.0,Hawkish,0.482,hawkish,8.19722457733622,5.19722457733622,3.0,6,11,"[{""phrase"": ""upside risks to inflation"", ""direction"": ""hawkish"", ""theme"": ""upside_inflation_risks"", ""count"": 1, ""weight"": 2.0, ""scaled_count"": 1.0, ""scaled_contribution"": 2.0, ""notes"": """"}, {""phrase"": ""incoming data"", ""direction"": ""neutral"", ""theme"": ""data_dependence"", ""count"": 2, ""weight"": 0.0, ""scaled_count"": 1.6931471805599454, ""scaled_contribution"": 0.0, ""notes"": ""Neutral by default; can accompany hawkish or dovish decisions.""}, {""phrase"": ""progress on inflation"", ""direction"": ""dovish"", ""theme"": ""inflation_progress"", ""count"": 1, ""weight"": -1.0, ""scaled_count"": 1.0, ""scaled_contribution"": -1.0, ""notes"": """"}, {""phrase"": ""target range for the federal funds rate"", ""direction"": ""hawkish"", ""theme"": ""restrictive_stance"", ""count"": 3, ""weight"": 2.0, ""scaled_count"": 2.09861228866811, ""scaled_contribution"": 4.19722457733622, ""notes"": ""FED-specific policy implementation phrasing; context matters for balance sheet phrases.""}, {""phrase"": ""federal funds rate at a restrictive level"", ""direction"": ""hawkish"", ""theme"": ""restrictive_stance"", ""count"": 1, ""weight"": 2.0, ""scaled_count"": 1.0, ""scaled_contribution"": 2.0, ""notes"": ""FED-specific policy implementation phrasing; context matters for balance sheet phrases.""}, {""phrase"": ""lower the target range"", ""direction"": ""dovish"", ""theme"": ""easing_cut_bias"", ""count"": 3, ""weight"": -2.0, ""scaled_count"": 2.09861228866811, ""scaled_contribution"": -4.19722457733622, ""notes"": ""Balance sheet language may not map one-for-one to rate stance.""}]",scored,
FED_DOC_E30BC2BC367F,FED,2024-09-26,Michael S. Barr,Supporting Market Resilience and Financial Stability,Speeches,speech,FED_2024_09,data\FED\Speeches\2024-09-26 - Michael S. Barr - Supporting Market Resilience and Financial Stability.txt,https://www.federalreserve.gov/newsevents/speech/barr20240926a.htm,0.0,Neutral,0.0,none,0.0,0.0,0.0,0,0,[],scored,
FED_DOC_E5C6F260C2E8,FED,2024-09-26,Lisa D. Cook,What Will Artificial Intelligence Mean for Americaâs Workers?,Speeches,speech,FED_2024_09,data\FED\Speeches\2024-09-26 - Lisa D. Cook - What Will Artificial Intelligence Mean for Americaâs Workers_.txt,https://www.federalreserve.gov/newsevents/speech/cook20240926a.htm,2.0,Neutral-Hawkish,0.302,hawkish,2.0,0.0,2.0,4,4,"[{""phrase"": ""upside risks to inflation"", ""direction"": ""hawkish"", ""theme"": ""upside_inflation_risks"", ""count"": 1, ""weight"": 2.0, ""scaled_count"": 1.0, ""scaled_contribution"": 2.0, ""notes"": """"}, {""phrase"": ""incoming data"", ""direction"": ""neutral"", ""theme"": ""data_dependence"", ""count"": 1, ""weight"": 0.0, ""scaled_count"": 1.0, ""scaled_contribution"": 0.0, ""notes"": ""Neutral by default; can accompany hawkish or dovish decisions.""}, {""phrase"": ""evolving outlook"", ""direction"": ""neutral"", ""theme"": ""data_dependence"", ""count"": 1, ""weight"": 0.0, ""scaled_count"": 1.0, ""scaled_contribution"": 0.0, ""notes"": ""Neutral by default; can accompany hawkish or dovish decisions.""}, {""phrase"": ""balance of risks"", ""direction"": ""neutral"", ""theme"": ""data_dependence"", ""count"": 1, ""weight"": 0.0, ""scaled_count"": 1.0, ""scaled_contribution"": 0.0, ""notes"": ""Neutral by default; can accompany hawkish or dovish decisions.""}]",scored,
FED_DOC_28980E8F0651,FED,2024-09-30,Jerome H. Powell,Economic Outlook,Speeches,speech,FED_2024_09,data\FED\Speeches\2024-09-30 - Jerome H. Powell - Economic Outlook.txt,https://www.federalreserve.gov/newsevents/speech/powell20240930a.htm,-1.0,Neutral-Dovish,0.239,dovish,0.0,1.0,-1.0,5,6,"[{""phrase"": ""meeting by meeting"", ""direction"": ""neutral"", ""theme"": ""data_dependence"", ""count"": 1, ""weight"": 0.0, ""scaled_count"": 1.0, ""scaled_contribution"": 0.0, ""notes"": ""Neutral by default; can accompany hawkish or dovish decisions.""}, {""phrase"": ""incoming data"", ""direction"": ""neutral"", ""theme"": ""data_dependence"", ""count"": 1, ""weight"": 0.0, ""scaled_count"": 1.0, ""scaled_contribution"": 0.0, ""notes"": ""Neutral by default; can accompany hawkish or dovish decisions.""}, {""phrase"": ""evolving outlook"", ""direction"": ""neutral"", ""theme"": ""data_dependence"", ""count"": 1, ""weight"": 0.0, ""scaled_count"": 1.0, ""scaled_contribution"": 0.0, ""notes"": ""Neutral by default; can accompany hawkish or dovish decisions.""}, {""phrase"": ""balance of risks"", ""direction"": ""neutral"", ""theme"": ""data_dependence"", ""count"": 2, ""weight"": 0.0, ""scaled_count"": 1.6931471805599454, ""scaled_contribution"": 0.0, ""notes"": ""Neutral by default; can accompany hawkish or dovish decisions.""}, {""phrase"": ""inflation has eased"", ""direction"": ""dovish"", ""theme"": ""inflation_progress"", ""count"": 1, ""weight"": -1.0, ""scaled_count"": 1.0, ""scaled_contribution"": -1.0, ""notes"": """"}]",scored,
FED_DOC_AB6553B66D99,FED,2024-09-30,Michelle W. Bowman,Recent Views on Monetary Policy and the Economic Outlook,Speeches,speech,FED_2024_09,data\FED\Speeches\2024-09-30 - Michelle W. Bowman - Recent Views on Monetary Policy and the Economic Outlook.txt,https://www.federalreserve.gov/newsevents/speech/bowman20240930a.htm,3.0,Hawkish,0.482,hawkish,8.19722457733622,5.19722457733622,3.0,6,11,"[{""phrase"": ""upside risks to inflation"", ""direction"": ""hawkish"", ""theme"": ""upside_inflation_risks"", ""count"": 1, ""weight"": 2.0, ""scaled_count"": 1.0, ""scaled_contribution"": 2.0, ""notes"": """"}, {""phrase"": ""incoming data"", ""direction"": ""neutral"", ""theme"": ""data_dependence"", ""count"": 2, ""weight"": 0.0, ""scaled_count"": 1.6931471805599454, ""scaled_contribution"": 0.0, ""notes"": ""Neutral by default; can accompany hawkish or dovish decisions.""}, {""phrase"": ""progress on inflation"", ""direction"": ""dovish"", ""theme"": ""inflation_progress"", ""count"": 1, ""weight"": -1.0, ""scaled_count"": 1.0, ""scaled_contribution"": -1.0, ""notes"": """"}, {""phrase"": ""target range for the federal funds rate"", ""direction"": ""hawkish"", ""theme"": ""restrictive_stance"", ""count"": 3, ""weight"": 2.0, ""scaled_count"": 2.09861228866811, ""scaled_contribution"": 4.19722457733622, ""notes"": ""FED-specific policy implementation phrasing; context matters for balance sheet phrases.""}, {""phrase"": ""federal funds rate at a restrictive level"", ""direction"": ""hawkish"", ""theme"": ""restrictive_stance"", ""count"": 1, ""weight"": 2.0, ""scaled_count"": 1.0, ""scaled_contribution"": 2.0, ""notes"": ""FED-specific policy implementation phrasing; context matters for balance sheet phrases.""}, {""phrase"": ""lower the target range"", ""direction"": ""dovish"", ""theme"": ""easing_cut_bias"", ""count"": 3, ""weight"": -2.0, ""scaled_count"": 2.09861228866811, ""scaled_contribution"": -4.19722457733622, ""notes"": ""Balance sheet language may not map one-for-one to rate stance.""}]",scored,
FED_DOC_BD76EE757142,FED,2024-10-01,Lisa D. Cook,"Artificial Intelligence, Big Data, and the Path Ahead for Productivity",Speeches,speech,FED_2024_09,"data\FED\Speeches\2024-10-01 - Lisa D. Cook - Artificial Intelligence, Big Data, and the Path Ahead for Productivity.txt",https://www.federalreserve.gov/newsevents/speech/cook20241001a.htm,0.0,Neutral,0.0,none,0.0,0.0,0.0,0,0,[],scored,
FED_DOC_6447BAF6BBBE,FED,2024-10-02,Michelle W. Bowman,Building a Community Banking Framework for the Future,Speeches,speech,FED_2024_09,data\FED\Speeches\2024-10-02 - Michelle W. Bowman - Building a Community Banking Framework for the Future.txt,https://www.federalreserve.gov/newsevents/speech/bowman20241002a.htm,0.0,Neutral,0.0,none,0.0,0.0,0.0,0,0,[],scored,
FED_DOC_A90F2F9F2969,FED,2024-10-08,Philip N. Jefferson,A History of the Fed's Discount Window: 1913â2000,Speeches,speech,FED_2024_09,data\FED\Speeches\2024-10-08 - Philip N. Jefferson - A History of the Fed's Discount Window_ 1913â2000.txt,https://www.federalreserve.gov/newsevents/speech/jefferson20241008a.htm,-1.0,Neutral-Dovish,0.316,dovish,2.0,3.0,-1.0,7,8,"[{""phrase"": ""restrictive monetary policy stance"", ""direction"": ""hawkish"", ""theme"": ""restrictive_stance"", ""count"": 1, ""weight"": 2.0, ""scaled_count"": 1.0, ""scaled_contribution"": 2.0, ""notes"": """"}, {""phrase"": ""meeting by meeting"", ""direction"": ""neutral"", ""theme"": ""data_dependence"", ""count"": 1, ""weight"": 0.0, ""scaled_count"": 1.0, ""scaled_contribution"": 0.0, ""notes"": ""Neutral by default; can accompany hawkish or dovish decisions.""}, {""phrase"": ""incoming data"", ""direction"": ""neutral"", ""theme"": ""data_dependence"", ""count"": 1, ""weight"": 0.0, ""scaled_count"": 1.0, ""scaled_contribution"": 0.0, ""notes"": ""Neutral by default; can accompany hawkish or dovish decisions.""}, {""phrase"": ""evolving outlook"", ""direction"": ""neutral"", ""theme"": ""data_dependence"", ""count"": 1, ""weight"": 0.0, ""scaled_count"": 1.0, ""scaled_contribution"": 0.0, ""notes"": ""Neutral by default; can accompany hawkish or dovish decisions.""}, {""phrase"": ""balance of risks"", ""direction"": ""neutral"", ""theme"": ""data_dependence"", ""count"": 2, ""weight"": 0.0, ""scaled_count"": 1.6931471805599454, ""scaled_contribution"": 0.0, ""notes"": ""Neutral by default; can accompany hawkish or dovish decisions.""}, {""phrase"": ""inflation has eased"", ""direction"": ""dovish"", ""theme"": ""inflation_progress"", ""count"": 1, ""weight"": -1.0, ""scaled_count"": 1.0, ""scaled_contribution"": -1.0, ""notes"": """"}, {""phrase"": ""labor market has cooled"", ""direction"": ""dovish"", ""theme"": ""labour_market_cooling"", ""count"": 1, ""weight"": -2.0, ""scaled_count"": 1.0, ""scaled_contribution"": -2.0, ""notes"": """"}]",scored,
FED_DOC_2EDAC3E1820D,FED,2024-10-08,The Global Fight Against Inflation,The Global Fight Against Inflation,Speeches,speech,FED_2024_09,data\FED\Speeches\2024-10-08 - The Global Fight Against Inflation - The Global Fight Against Inflation.txt,https://www.federalreserve.gov/newsevents/speech/kugler20241008a.htm,-1.6931471805599454,Neutral-Dovish,0.273,dovish,0.0,1.6931471805599454,-1.6931471805599454,3,4,"[{""phrase"": ""data dependent"", ""direction"": ""neutral"", ""theme"": ""data_dependence"", ""count"": 1, ""weight"": 0.0, ""scaled_count"": 1.0, ""scaled_contribution"": 0.0, ""notes"": ""Neutral by default; can accompany hawkish or dovish decisions.""}, {""phrase"": ""incoming data"", ""direction"": ""neutral"", ""theme"": ""data_dependence"", ""count"": 1, ""weight"": 0.0, ""scaled_count"": 1.0, ""scaled_contribution"": 0.0, ""notes"": ""Neutral by default; can accompany hawkish or dovish decisions.""}, {""phrase"": ""progress on inflation"", ""direction"": ""dovish"", ""theme"": ""inflation_progress"", ""count"": 2, ""weight"": -1.0, ""scaled_count"": 1.6931471805599454, ""scaled_contribution"": -1.6931471805599454, ""notes"": """"}]",scored,
FED_DOC_EB7AEA085E82,FED,2024-10-09,Philip N. Jefferson,The Fed's Discount Window: 1990 to the Present,Speeches,speech,FED_2024_09,data\FED\Speeches\2024-10-09 - Philip N. Jefferson - The Fed's Discount Window_ 1990 to the Present.txt,https://www.federalreserve.gov/newsevents/speech/jefferson20241009a.htm,2.386294361119891,Neutral-Hawkish,0.378,hawkish,5.386294361119891,3.0,2.386294361119891,8,10,"[{""phrase"": ""restrictive monetary policy stance"", ""direction"": ""hawkish"", ""theme"": ""restrictive_stance"", ""count"": 1, ""weight"": 2.0, ""scaled_count"": 1.0, ""scaled_contribution"": 2.0, ""notes"": """"}, {""phrase"": ""meeting by meeting"", ""direction"": ""neutral"", ""theme"": ""data_dependence"", ""count"": 1, ""weight"": 0.0, ""scaled_count"": 1.0, ""scaled_contribution"": 0.0, ""notes"": ""Neutral by default; can accompany hawkish or dovish decisions.""}, {""phrase"": ""incoming data"", ""direction"": ""neutral"", ""theme"": ""data_dependence"", ""count"": 1, ""weight"": 0.0, ""scaled_count"": 1.0, ""scaled_contribution"": 0.0, ""notes"": ""Neutral by default; can accompany hawkish or dovish decisions.""}, {""phrase"": ""evolving outlook"", ""direction"": ""neutral"", ""theme"": ""data_dependence"", ""count"": 1, ""weight"": 0.0, ""scaled_count"": 1.0, ""scaled_contribution"": 0.0, ""notes"": ""Neutral by default; can accompany hawkish or dovish decisions.""}, {""phrase"": ""balance of risks"", ""direction"": ""neutral"", ""theme"": ""data_dependence"", ""count"": 2, ""weight"": 0.0, ""scaled_count"": 1.6931471805599454, ""scaled_contribution"": 0.0, ""notes"": ""Neutral by default; can accompany hawkish or dovish decisions.""}, {""phrase"": ""inflation has eased"", ""direction"": ""dovish"", ""theme"": ""inflation_progress"", ""count"": 1, ""weight"": -1.0, ""scaled_count"": 1.0, ""scaled_contribution"": -1.0, ""notes"": """"}, {""phrase"": ""labor market has cooled"", ""direction"": ""dovish"", ""theme"": ""labour_market_cooling"", ""count"": 1, ""weight"": -2.0, ""scaled_count"": 1.0, ""scaled_contribution"": -2.0, ""notes"": """"}, {""phrase"": ""target range for the federal funds rate"", ""direction"": ""hawkish"", ""theme"": ""restrictive_stance"", ""count"": 2, ""weight"": 2.0, ""scaled_count"": 1.6931471805599454, ""scaled_contribution"": 3.386294361119891, ""notes"": ""FED-specific policy implementation phrasing; context matters for balance sheet phrases.""}]",scored,
FED_DOC_A1B8C6695240,FED,2024-10-10,Lisa D. Cook,"Entrepreneurs, Innovation, and Participation",Speeches,speech,FED_2024_09,"data\FED\Speeches\2024-10-10 - Lisa D. Cook - Entrepreneurs, Innovation, and Participation.txt",https://www.federalreserve.gov/newsevents/speech/cook20241010a.htm,0.0,Neutral,0.0,none,0.0,0.0,0.0,0,0,[],scored,
FED_DOC_59143D1477D6,FED,2024-10-11,Michelle W. Bowman,Challenges to the Community Banking Model,Speeches,speech,FED_2024_09,data\FED\Speeches\2024-10-11 - Michelle W. Bowman - Challenges to the Community Banking Model.txt,https://www.federalreserve.gov/newsevents/speech/bowman20241011a.htm,0.0,Neutral,0.0,none,0.0,0.0,0.0,0,0,[],scored,
FED_DOC_F69F61CFB847,FED,2024-10-14,Christopher J. Waller,Thoughts on the Economy and Policy Rules at the Federal Open Market Committee,Speeches,speech,FED_2024_09,data\FED\Speeches\2024-10-14 - Christopher J. Waller - Thoughts on the Economy and Policy Rules at the Federal Open Market Committee.txt,https://www.federalreserve.gov/newsevents/speech/waller20241014a.htm,-1.0,Neutral-Dovish,0.239,dovish,0.0,1.0,-1.0,2,2,"[{""phrase"": ""risks to both sides"", ""direction"": ""neutral"", ""theme"": ""balanced_risks"", ""count"": 1, ""weight"": 0.0, ""scaled_count"": 1.0, ""scaled_contribution"": 0.0, ""notes"": """"}, {""phrase"": ""progress on inflation"", ""direction"": ""dovish"", ""theme"": ""inflation_progress"", ""count"": 1, ""weight"": -1.0, ""scaled_count"": 1.0, ""scaled_contribution"": -1.0, ""notes"": """"}]",scored,
FED_DOC_75BD3FF01AE4,FED,2024-10-18,Christopher J. Waller,Centralized and Decentralized Finance: Substitutes or Complements?,Speeches,speech,FED_2024_09,data\FED\Speeches\2024-10-18 - Christopher J. Waller - Centralized and Decentralized Finance_ Substitutes or Complements_.txt,https://www.federalreserve.gov/newsevents/speech/waller20241018a.htm,0.0,Neutral,0.0,none,0.0,0.0,0.0,0,0,[],scored,
FED_DOC_9A5B8A80A676,FED,2024-10-23,Opening Remarks,Opening Remarks,Speeches,speech,FED_2024_09,data\FED\Speeches\2024-10-23 - Opening Remarks - Opening Remarks.txt,https://www.federalreserve.gov/newsevents/speech/bowman20241023a.htm,0.0,Neutral,0.0,none,0.0,0.0,0.0,0,0,[],scored,
FED_DOC_07D48266F3B7,FED,2024-11-07,,FOMC minutes,Minutes,minutes,FED_2024_11,data\FED\Minutes\2024-11-07 - FOMC minutes.txt,https://www.federalreserve.gov/monetarypolicy/files/fomcminutes20241107.pdf,0.23556607131276763,Neutral,0.31,none,10.39444915467244,10.158883083359672,0.23556607131276763,12,37,"[{""phrase"": ""upside risks to inflation"", ""direction"": ""hawkish"", ""theme"": ""upside_inflation_risks"", ""count"": 1, ""weight"": 2.0, ""scaled_count"": 1.0, ""scaled_contribution"": 2.0, ""notes"": """"}, {""phrase"": ""restrictive monetary policy stance"", ""direction"": ""hawkish"", ""theme"": ""restrictive_stance"", ""count"": 1, ""weight"": 2.0, ""scaled_count"": 1.0, ""scaled_contribution"": 2.0, ""notes"": """"}, {""phrase"": ""data dependent"", ""direction"": ""neutral"", ""theme"": ""data_dependence"", ""count"": 1, ""weight"": 0.0, ""scaled_count"": 1.0, ""scaled_contribution"": 0.0, ""notes"": ""Neutral by default; can accompany hawkish or dovish decisions.""}, {""phrase"": ""incoming data"", ""direction"": ""neutral"", ""theme"": ""data_dependence"", ""count"": 6, ""weight"": 0.0, ""scaled_count"": 2.791759469228055, ""scaled_contribution"": 0.0, ""notes"": ""Neutral by default; can accompany hawkish or dovish decisions.""}, {""phrase"": ""evolving outlook"", ""direction"": ""neutral"", ""theme"": ""data_dependence"", ""count"": 2, ""weight"": 0.0, ""scaled_count"": 1.6931471805599454, ""scaled_contribution"": 0.0, ""notes"": ""Neutral by default; can accompany hawkish or dovish decisions.""}, {""phrase"": ""balance of risks"", ""direction"": ""neutral"", ""theme"": ""data_dependence"", ""count"": 6, ""weight"": 0.0, ""scaled_count"": 2.791759469228055, ""scaled_contribution"": 0.0, ""notes"": ""Neutral by default; can accompany hawkish or dovish decisions.""}, {""phrase"": ""risks to both sides"", ""direction"": ""neutral"", ""theme"": ""balanced_risks"", ""count"": 2, ""weight"": 0.0, ""scaled_count"": 1.6931471805599454, ""scaled_contribution"": 0.0, ""notes"": """"}, {""phrase"": ""progress on inflation"", ""direction"": ""dovish"", ""theme"": ""inflation_progress"", ""count"": 2, ""weight"": -1.0, ""scaled_count"": 1.6931471805599454, ""scaled_contribution"": -1.6931471805599454, ""notes"": """"}, {""phrase"": ""further progress on inflation"", ""direction"": ""dovish"", ""theme"": ""inflation_progress"", ""count"": 2, ""weight"": -1.0, ""scaled_count"": 1.6931471805599454, ""scaled_contribution"": -1.6931471805599454, ""notes"": """"}, {""phrase"": ""gradual easing"", ""direction"": ""dovish"", ""theme"": ""easing_cut_bias"", ""count"": 1, ""weight"": -2.0, ""scaled_count"": 1.0, ""scaled_contribution"": -2.0, ""notes"": """"}, {""phrase"": ""target range for the federal funds rate"", ""direction"": ""hawkish"", ""theme"": ""restrictive_stance"", ""count"": 9, ""weight"": 2.0, ""scaled_count"": 3.1972245773362196, ""scaled_contribution"": 6.394449154672439, ""notes"": ""FED-specific policy implementation phrasing; context matters for balance sheet phrases.""}, {""phrase"": ""lower the target range"", ""direction"": ""dovish"", ""theme"": ""easing_cut_bias"", ""count"": 4, ""weight"": -2.0, ""scaled_count"": 2.386294361119891, ""scaled_contribution"": -4.772588722239782, ""notes"": ""Balance sheet language may not map one-for-one to rate stance.""}]",scored,
FED_DOC_59B1C262576E,FED,2024-11-07,,FOMC statement,Monetary Policy,statement,FED_2024_11,data\FED\Monetary Policy\2024-11-07 - FOMC statement.txt,https://www.federalreserve.gov/monetarypolicy/files/monetary20241107a1.pdf,1.3862943611198908,Neutral-Hawkish,0.312,hawkish,3.386294361119891,2.0,1.3862943611198908,6,7,"[{""phrase"": ""incoming data"", ""direction"": ""neutral"", ""theme"": ""data_dependence"", ""count"": 1, ""weight"": 0.0, ""scaled_count"": 1.0, ""scaled_contribution"": 0.0, ""notes"": ""Neutral by default; can accompany hawkish or dovish decisions.""}, {""phrase"": ""evolving outlook"", ""direction"": ""neutral"", ""theme"": ""data_dependence"", ""count"": 1, ""weight"": 0.0, ""scaled_count"": 1.0, ""scaled_contribution"": 0.0, ""notes"": ""Neutral by default; can accompany hawkish or dovish decisions.""}, {""phrase"": ""balance of risks"", ""direction"": ""neutral"", ""theme"": ""data_dependence"", ""count"": 1, ""weight"": 0.0, ""scaled_count"": 1.0, ""scaled_contribution"": 0.0, ""notes"": ""Neutral by default; can accompany hawkish or dovish decisions.""}, {""phrase"": ""risks to both sides"", ""direction"": ""neutral"", ""theme"": ""balanced_risks"", ""count"": 1, ""weight"": 0.0, ""scaled_count"": 1.0, ""scaled_contribution"": 0.0, ""notes"": """"}, {""phrase"": ""target range for the federal funds rate"", ""direction"": ""hawkish"", ""theme"": ""restrictive_stance"", ""count"": 2, ""weight"": 2.0, ""scaled_count"": 1.6931471805599454, ""scaled_contribution"": 3.386294361119891, ""notes"": ""FED-specific policy implementation phrasing; context matters for balance sheet phrases.""}, {""phrase"": ""lower the target range"", ""direction"": ""dovish"", ""theme"": ""easing_cut_bias"", ""count"": 1, ""weight"": -2.0, ""scaled_count"": 1.0, ""scaled_contribution"": -2.0, ""notes"": ""Balance sheet language may not map one-for-one to rate stance.""}]",scored,
FED_DOC_8F02A5697B31,FED,2024-11-12,Christopher J. Waller,What Roles Should the Private Sector and the Federal Reserve Play in Payments?,Speeches,speech,FED_2024_11,data\FED\Speeches\2024-11-12 - Christopher J. Waller - What Roles Should the Private Sector and the Federal Reserve Play in Payments_.txt,https://www.federalreserve.gov/newsevents/speech/waller20241112a.htm,0.0,Neutral,0.0,none,0.0,0.0,0.0,0,0,[],scored,
FED_DOC_80B0459E2CBD,FED,2024-11-14,Adriana D. Kugler,Central Bank Independence and the Conduct of Monetary Policy,Speeches,speech,FED_2024_11,data\FED\Speeches\2024-11-14 - Adriana D. Kugler - Central Bank Independence and the Conduct of Monetary Policy.txt,https://www.federalreserve.gov/newsevents/speech/kugler20241114a.htm,-3.0,Dovish,0.532,dovish,0.0,3.0,-3.0,2,2,"[{""phrase"": ""progress on inflation"", ""direction"": ""dovish"", ""theme"": ""inflation_progress"", ""count"": 1, ""weight"": -1.0, ""scaled_count"": 1.0, ""scaled_contribution"": -1.0, ""notes"": """"}, {""phrase"": ""labor market has cooled"", ""direction"": ""dovish"", ""theme"": ""labour_market_cooling"", ""count"": 1, ""weight"": -2.0, ""scaled_count"": 1.0, ""scaled_contribution"": -2.0, ""notes"": """"}]",scored,
FED_DOC_9193F359FE69,FED,2024-11-14,Jerome H. Powell,Economic Outlook,Speeches,speech,FED_2024_11,data\FED\Speeches\2024-11-14 - Jerome H. Powell - Economic Outlook.txt,https://www.federalreserve.gov/newsevents/speech/powell20241114a.htm,-2.6931471805599454,Neutral-Dovish,0.433,dovish,2.0,4.693147180559945,-2.6931471805599454,8,10,"[{""phrase"": ""incoming data"", ""direction"": ""neutral"", ""theme"": ""data_dependence"", ""count"": 2, ""weight"": 0.0, ""scaled_count"": 1.6931471805599454, ""scaled_contribution"": 0.0, ""notes"": ""Neutral by default; can accompany hawkish or dovish decisions.""}, {""phrase"": ""evolving outlook"", ""direction"": ""neutral"", ""theme"": ""data_dependence"", ""count"": 1, ""weight"": 0.0, ""scaled_count"": 1.0, ""scaled_contribution"": 0.0, ""notes"": ""Neutral by default; can accompany hawkish or dovish decisions.""}, {""phrase"": ""balance of risks"", ""direction"": ""neutral"", ""theme"": ""data_dependence"", ""count"": 1, ""weight"": 0.0, ""scaled_count"": 1.0, ""scaled_contribution"": 0.0, ""notes"": ""Neutral by default; can accompany hawkish or dovish decisions.""}, {""phrase"": ""risks to both sides"", ""direction"": ""neutral"", ""theme"": ""balanced_risks"", ""count"": 1, ""weight"": 0.0, ""scaled_count"": 1.0, ""scaled_contribution"": 0.0, ""notes"": """"}, {""phrase"": ""inflation has eased"", ""direction"": ""dovish"", ""theme"": ""inflation_progress"", ""count"": 1, ""weight"": -1.0, ""scaled_count"": 1.0, ""scaled_contribution"": -1.0, ""notes"": """"}, {""phrase"": ""progress on inflation"", ""direction"": ""dovish"", ""theme"": ""inflation_progress"", ""count"": 2, ""weight"": -1.0, ""scaled_count"": 1.6931471805599454, ""scaled_contribution"": -1.6931471805599454, ""notes"": """"}, {""phrase"": ""labor market has cooled"", ""direction"": ""dovish"", ""theme"": ""labour_market_cooling"", ""count"": 1, ""weight"": -2.0, ""scaled_count"": 1.0, ""scaled_contribution"": -2.0, ""notes"": """"}, {""phrase"": ""target range for the federal funds rate"", ""direction"": ""hawkish"", ""theme"": ""restrictive_stance"", ""count"": 1, ""weight"": 2.0, ""scaled_count"": 1.0, ""scaled_contribution"": 2.0, ""notes"": ""FED-specific policy implementation phrasing; context matters for balance sheet phrases.""}]",scored,
FED_DOC_51B0C8869F11,FED,2024-11-20,Approaching Policymaking Pragmatically,Approaching Policymaking Pragmatically,Speeches,speech,FED_2024_11,data\FED\Speeches\2024-11-20 - Approaching Policymaking Pragmatically - Approaching Policymaking Pragmatically.txt,https://www.federalreserve.gov/newsevents/speech/bowman20241120a.htm,0.0,Neutral,0.19,none,3.386294361119891,3.386294361119891,0.0,4,7,"[{""phrase"": ""data-dependent"", ""direction"": ""neutral"", ""theme"": ""data_dependence"", ""count"": 1, ""weight"": 0.0, ""scaled_count"": 1.0, ""scaled_contribution"": 0.0, ""notes"": ""Neutral by default; can accompany hawkish or dovish decisions.""}, {""phrase"": ""incoming data"", ""direction"": ""neutral"", ""theme"": ""data_dependence"", ""count"": 2, ""weight"": 0.0, ""scaled_count"": 1.6931471805599454, ""scaled_contribution"": 0.0, ""notes"": ""Neutral by default; can accompany hawkish or dovish decisions.""}, {""phrase"": ""target range for the federal funds rate"", ""direction"": ""hawkish"", ""theme"": ""restrictive_stance"", ""count"": 2, ""weight"": 2.0, ""scaled_count"": 1.6931471805599454, ""scaled_contribution"": 3.386294361119891, ""notes"": ""FED-specific policy implementation phrasing; context matters for balance sheet phrases.""}, {""phrase"": ""lower the target range"", ""direction"": ""dovish"", ""theme"": ""easing_cut_bias"", ""count"": 2, ""weight"": -2.0, ""scaled_count"": 1.6931471805599454, ""scaled_contribution"": -3.386294361119891, ""notes"": ""Balance sheet language may not map one-for-one to rate stance.""}]",scored,
FED_DOC_E6F8351B6DB8,FED,2024-11-20,Economic Outlook,Economic Outlook,Speeches,speech,FED_2024_11,data\FED\Speeches\2024-11-20 - Economic Outlook - Economic Outlook.txt,https://www.federalreserve.gov/newsevents/speech/cook20241120a.htm,-4.0,Dovish,0.479,dovish,2.0,6.0,-4.0,8,9,"[{""phrase"": ""depend on incoming data"", ""direction"": ""neutral"", ""theme"": ""data_dependence"", ""count"": 1, ""weight"": 0.0, ""scaled_count"": 1.0, ""scaled_contribution"": 0.0, ""notes"": ""Neutral by default; can accompany hawkish or dovish decisions.""}, {""phrase"": ""incoming data"", ""direction"": ""neutral"", ""theme"": ""data_dependence"", ""count"": 2, ""weight"": 0.0, ""scaled_count"": 1.6931471805599454, ""scaled_contribution"": 0.0, ""notes"": ""Neutral by default; can accompany hawkish or dovish decisions.""}, {""phrase"": ""evolving outlook"", ""direction"": ""neutral"", ""theme"": ""data_dependence"", ""count"": 1, ""weight"": 0.0, ""scaled_count"": 1.0, ""scaled_contribution"": 0.0, ""notes"": ""Neutral by default; can accompany hawkish or dovish decisions.""}, {""phrase"": ""balance of risks"", ""direction"": ""neutral"", ""theme"": ""data_dependence"", ""count"": 1, ""weight"": 0.0, ""scaled_count"": 1.0, ""scaled_contribution"": 0.0, ""notes"": ""Neutral by default; can accompany hawkish or dovish decisions.""}, {""phrase"": ""disinflationary process"", ""direction"": ""dovish"", ""theme"": ""disinflation"", ""count"": 1, ""weight"": -2.0, ""scaled_count"": 1.0, ""scaled_contribution"": -2.0, ""notes"": """"}, {""phrase"": ""sharp slowdown"", ""direction"": ""dovish"", ""theme"": ""recession_slack_risk"", ""count"": 1, ""weight"": -2.0, ""scaled_count"": 1.0, ""scaled_contribution"": -2.0, ""notes"": """"}, {""phrase"": ""target range for the federal funds rate"", ""direction"": ""hawkish"", ""theme"": ""restrictive_stance"", ""count"": 1, ""weight"": 2.0, ""scaled_count"": 1.0, ""scaled_contribution"": 2.0, ""notes"": ""FED-specific policy implementation phrasing; context matters for balance sheet phrases.""}, {""phrase"": ""lower the target range"", ""direction"": ""dovish"", ""theme"": ""easing_cut_bias"", ""count"": 1, ""weight"": -2.0, ""scaled_count"": 1.0, ""scaled_contribution"": -2.0, ""notes"": ""Balance sheet language may not map one-for-one to rate stance.""}]",scored,
FED_DOC_FF5A0B0D3397,FED,2024-11-22,Michelle W. Bowman,Artificial Intelligence in the Financial System,Speeches,speech,FED_2024_11,data\FED\Speeches\2024-11-22 - Michelle W. Bowman - Artificial Intelligence in the Financial System.txt,https://www.federalreserve.gov/newsevents/speech/bowman20241122a.htm,0.0,Neutral,0.0,none,0.0,0.0,0.0,0,0,[],scored,
FED_DOC_D5D33E202C2E,FED,2024-12-02,Christopher J. Waller,Cut or Skip?,Speeches,speech,FED_2024_11,data\FED\Speeches\2024-12-02 - Christopher J. Waller - Cut or Skip_.txt,https://www.federalreserve.gov/newsevents/speech/waller20241202a.htm,-1.0,Neutral-Dovish,0.239,dovish,0.0,1.0,-1.0,2,2,"[{""phrase"": ""incoming data"", ""direction"": ""neutral"", ""theme"": ""data_dependence"", ""count"": 1, ""weight"": 0.0, ""scaled_count"": 1.0, ""scaled_contribution"": 0.0, ""notes"": ""Neutral by default; can accompany hawkish or dovish decisions.""}, {""phrase"": ""progress on inflation"", ""direction"": ""dovish"", ""theme"": ""inflation_progress"", ""count"": 1, ""weight"": -1.0, ""scaled_count"": 1.0, ""scaled_contribution"": -1.0, ""notes"": """"}]",scored,
FED_DOC_65B2C1049F84,FED,2024-12-03,Adriana D. Kugler,A Year in Review: A Tale of Two Supply Shocks,Speeches,speech,FED_2024_11,data\FED\Speeches\2024-12-03 - Adriana D. Kugler - A Year in Review_ A Tale of Two Supply Shocks.txt,https://www.federalreserve.gov/newsevents/speech/kugler20241203a.htm,1.0,Neutral-Hawkish,0.239,hawkish,1.0,0.0,1.0,5,5,"[{""phrase"": ""demand remains resilient"", ""direction"": ""hawkish"", ""theme"": ""demand_resilience"", ""count"": 1, ""weight"": 1.0, ""scaled_count"": 1.0, ""scaled_contribution"": 1.0, ""notes"": """"}, {""phrase"": ""meeting by meeting"", ""direction"": ""neutral"", ""theme"": ""data_dependence"", ""count"": 1, ""weight"": 0.0, ""scaled_count"": 1.0, ""scaled_contribution"": 0.0, ""notes"": ""Neutral by default; can accompany hawkish or dovish decisions.""}, {""phrase"": ""incoming data"", ""direction"": ""neutral"", ""theme"": ""data_dependence"", ""count"": 1, ""weight"": 0.0, ""scaled_count"": 1.0, ""scaled_contribution"": 0.0, ""notes"": ""Neutral by default; can accompany hawkish or dovish decisions.""}, {""phrase"": ""evolving outlook"", ""direction"": ""neutral"", ""theme"": ""data_dependence"", ""count"": 1, ""weight"": 0.0, ""scaled_count"": 1.0, ""scaled_contribution"": 0.0, ""notes"": ""Neutral by default; can accompany hawkish or dovish decisions.""}, {""phrase"": ""balance of risks"", ""direction"": ""neutral"", ""theme"": ""data_dependence"", ""count"": 1, ""weight"": 0.0, ""scaled_count"": 1.0, ""scaled_contribution"": 0.0, ""notes"": ""Neutral by default; can accompany hawkish or dovish decisions.""}]",scored,
FED_DOC_67806B4C35BE,FED,2024-12-18,,FOMC minutes,Minutes,minutes,FED_2024_12,data\FED\Minutes\2024-12-18 - FOMC minutes.txt,https://www.federalreserve.gov/monetarypolicy/files/fomcminutes20241218.pdf,-2.7427826811552514,Neutral-Dovish,0.497,dovish,9.416100402204421,12.158883083359672,-2.7427826811552514,12,36,"[{""phrase"": ""restrictive monetary policy stance"", ""direction"": ""hawkish"", ""theme"": ""restrictive_stance"", ""count"": 1, ""weight"": 2.0, ""scaled_count"": 1.0, ""scaled_contribution"": 2.0, ""notes"": """"}, {""phrase"": ""incoming data"", ""direction"": ""neutral"", ""theme"": ""data_dependence"", ""count"": 2, ""weight"": 0.0, ""scaled_count"": 1.6931471805599454, ""scaled_contribution"": 0.0, ""notes"": ""Neutral by default; can accompany hawkish or dovish decisions.""}, {""phrase"": ""evolving outlook"", ""direction"": ""neutral"", ""theme"": ""data_dependence"", ""count"": 3, ""weight"": 0.0, ""scaled_count"": 2.09861228866811, ""scaled_contribution"": 0.0, ""notes"": ""Neutral by default; can accompany hawkish or dovish decisions.""}, {""phrase"": ""balance of risks"", ""direction"": ""neutral"", ""theme"": ""data_dependence"", ""count"": 3, ""weight"": 0.0, ""scaled_count"": 2.09861228866811, ""scaled_contribution"": 0.0, ""notes"": ""Neutral by default; can accompany hawkish or dovish decisions.""}, {""phrase"": ""two-sided risks"", ""direction"": ""neutral"", ""theme"": ""balanced_risks"", ""count"": 1, ""weight"": 0.0, ""scaled_count"": 1.0, ""scaled_contribution"": 0.0, ""notes"": """"}, {""phrase"": ""risks to both sides"", ""direction"": ""neutral"", ""theme"": ""balanced_risks"", ""count"": 2, ""weight"": 0.0, ""scaled_count"": 1.6931471805599454, ""scaled_contribution"": 0.0, ""notes"": """"}, {""phrase"": ""progress on inflation"", ""direction"": ""dovish"", ""theme"": ""inflation_progress"", ""count"": 1, ""weight"": -1.0, ""scaled_count"": 1.0, ""scaled_contribution"": -1.0, ""notes"": """"}, {""phrase"": ""further progress on inflation"", ""direction"": ""dovish"", ""theme"": ""inflation_progress"", ""count"": 1, ""weight"": -1.0, ""scaled_count"": 1.0, ""scaled_contribution"": -1.0, ""notes"": """"}, {""phrase"": ""disinflationary process"", ""direction"": ""dovish"", ""theme"": ""disinflation"", ""count"": 1, ""weight"": -2.0, ""scaled_count"": 1.0, ""scaled_contribution"": -2.0, ""notes"": """"}, {""phrase"": ""gradual easing"", ""direction"": ""dovish"", ""theme"": ""easing_cut_bias"", ""count"": 2, ""weight"": -2.0, ""scaled_count"": 1.6931471805599454, ""scaled_contribution"": -3.386294361119891, ""notes"": """"}, {""phrase"": ""target range for the federal funds rate"", ""direction"": ""hawkish"", ""theme"": ""restrictive_stance"", ""count"": 15, ""weight"": 2.0, ""scaled_count"": 3.70805020110221, ""scaled_contribution"": 7.41610040220442, ""notes"": ""FED-specific policy implementation phrasing; context matters for balance sheet phrases.""}, {""phrase"": ""lower the target range"", ""direction"": ""dovish"", ""theme"": ""easing_cut_bias"", ""count"": 4, ""weight"": -2.0, ""scaled_count"": 2.386294361119891, ""scaled_contribution"": -4.772588722239782, ""notes"": ""Balance sheet language may not map one-for-one to rate stance.""}]",scored,
FED_DOC_86EB3874CE5B,FED,2024-12-18,,FOMC statement,Monetary Policy,statement,FED_2024_12,data\FED\Monetary Policy\2024-12-18 - FOMC statement.txt,https://www.federalreserve.gov/monetarypolicy/files/monetary20241218a1.pdf,2.7725887222397816,Neutral-Hawkish,0.43,hawkish,4.772588722239782,2.0,2.7725887222397816,6,9,"[{""phrase"": ""incoming data"", ""direction"": ""neutral"", ""theme"": ""data_dependence"", ""count"": 1, ""weight"": 0.0, ""scaled_count"": 1.0, ""scaled_contribution"": 0.0, ""notes"": ""Neutral by default; can accompany hawkish or dovish decisions.""}, {""phrase"": ""evolving outlook"", ""direction"": ""neutral"", ""theme"": ""data_dependence"", ""count"": 1, ""weight"": 0.0, ""scaled_count"": 1.0, ""scaled_contribution"": 0.0, ""notes"": ""Neutral by default; can accompany hawkish or dovish decisions.""}, {""phrase"": ""balance of risks"", ""direction"": ""neutral"", ""theme"": ""data_dependence"", ""count"": 1, ""weight"": 0.0, ""scaled_count"": 1.0, ""scaled_contribution"": 0.0, ""notes"": ""Neutral by default; can accompany hawkish or dovish decisions.""}, {""phrase"": ""risks to both sides"", ""direction"": ""neutral"", ""theme"": ""balanced_risks"", ""count"": 1, ""weight"": 0.0, ""scaled_count"": 1.0, ""scaled_contribution"": 0.0, ""notes"": """"}, {""phrase"": ""target range for the federal funds rate"", ""direction"": ""hawkish"", ""theme"": ""restrictive_stance"", ""count"": 4, ""weight"": 2.0, ""scaled_count"": 2.386294361119891, ""scaled_contribution"": 4.772588722239782, ""notes"": ""FED-specific policy implementation phrasing; context matters for balance sheet phrases.""}, {""phrase"": ""lower the target range"", ""direction"": ""dovish"", ""theme"": ""easing_cut_bias"", ""count"": 1, ""weight"": -2.0, ""scaled_count"": 1.0, ""scaled_contribution"": -2.0, ""notes"": ""Balance sheet language may not map one-for-one to rate stance.""}]",scored,
FED_DOC_61EB29C49492,FED,2025-01-06,Lisa D. Cook,An Assessment of the Economy and Financial Stability,Speeches,speech,FED_2024_12,data\FED\Speeches\2025-01-06 - Lisa D. Cook - An Assessment of the Economy and Financial Stability.txt,https://www.federalreserve.gov/newsevents/speech/cook20250106a.htm,0.0,Neutral,0.155,none,2.0,2.0,0.0,6,6,"[{""phrase"": ""depend on incoming data"", ""direction"": ""neutral"", ""theme"": ""data_dependence"", ""count"": 1, ""weight"": 0.0, ""scaled_count"": 1.0, ""scaled_contribution"": 0.0, ""notes"": ""Neutral by default; can accompany hawkish or dovish decisions.""}, {""phrase"": ""incoming data"", ""direction"": ""neutral"", ""theme"": ""data_dependence"", ""count"": 1, ""weight"": 0.0, ""scaled_count"": 1.0, ""scaled_contribution"": 0.0, ""notes"": ""Neutral by default; can accompany hawkish or dovish decisions.""}, {""phrase"": ""evolving outlook"", ""direction"": ""neutral"", ""theme"": ""data_dependence"", ""count"": 1, ""weight"": 0.0, ""scaled_count"": 1.0, ""scaled_contribution"": 0.0, ""notes"": ""Neutral by default; can accompany hawkish or dovish decisions.""}, {""phrase"": ""balance of risks"", ""direction"": ""neutral"", ""theme"": ""data_dependence"", ""count"": 1, ""weight"": 0.0, ""scaled_count"": 1.0, ""scaled_contribution"": 0.0, ""notes"": ""Neutral by default; can accompany hawkish or dovish decisions.""}, {""phrase"": ""target range for the federal funds rate"", ""direction"": ""hawkish"", ""theme"": ""restrictive_stance"", ""count"": 1, ""weight"": 2.0, ""scaled_count"": 1.0, ""scaled_contribution"": 2.0, ""notes"": ""FED-specific policy implementation phrasing; context matters for balance sheet phrases.""}, {""phrase"": ""reduce the target range for the federal funds rate"", ""direction"": ""dovish"", ""theme"": ""easing_cut_bias"", ""count"": 1, ""weight"": -2.0, ""scaled_count"": 1.0, ""scaled_contribution"": -2.0, ""notes"": ""Balance sheet language may not map one-for-one to rate stance.""}]",scored,
FED_DOC_3FDCB3342381,FED,2025-01-08,Challenges Facing Central Bankers,Challenges Facing Central Bankers,Speeches,speech,FED_2024_12,data\FED\Speeches\2025-01-08 - Challenges Facing Central Bankers - Challenges Facing Central Bankers.txt,https://www.federalreserve.gov/newsevents/speech/waller20250108a.htm,0.0,Neutral,0.0,none,0.0,0.0,0.0,0,0,[],scored,
FED_DOC_A8808345A2DB,FED,2025-01-09,Michelle W. Bowman,"Reflections on 2024: Monetary Policy, Economic Performance, and Lessons for Banking Regulation",Speeches,speech,FED_2024_12,"data\FED\Speeches\2025-01-09 - Michelle W. Bowman - Reflections on 2024_ Monetary Policy, Economic Performance, and Lessons for Banking Regulation.txt",https://www.federalreserve.gov/newsevents/speech/bowman20250109a.htm,7.386294361119891,Hawkish,0.591,hawkish,10.38629436111989,3.0,7.386294361119891,8,10,"[{""phrase"": ""inflation remains elevated"", ""direction"": ""hawkish"", ""theme"": ""inflation_too_high"", ""count"": 1, ""weight"": 3.0, ""scaled_count"": 1.0, ""scaled_contribution"": 3.0, ""notes"": """"}, {""phrase"": ""core inflation remains elevated"", ""direction"": ""hawkish"", ""theme"": ""core_inflation"", ""count"": 1, ""weight"": 2.0, ""scaled_count"": 1.0, ""scaled_contribution"": 2.0, ""notes"": """"}, {""phrase"": ""upside risks to inflation"", ""direction"": ""hawkish"", ""theme"": ""upside_inflation_risks"", ""count"": 1, ""weight"": 2.0, ""scaled_count"": 1.0, ""scaled_contribution"": 2.0, ""notes"": """"}, {""phrase"": ""data-dependent"", ""direction"": ""neutral"", ""theme"": ""data_dependence"", ""count"": 1, ""weight"": 0.0, ""scaled_count"": 1.0, ""scaled_contribution"": 0.0, ""notes"": ""Neutral by default; can accompany hawkish or dovish decisions.""}, {""phrase"": ""incoming data"", ""direction"": ""neutral"", ""theme"": ""data_dependence"", ""count"": 2, ""weight"": 0.0, ""scaled_count"": 1.6931471805599454, ""scaled_contribution"": 0.0, ""notes"": ""Neutral by default; can accompany hawkish or dovish decisions.""}, {""phrase"": ""progress on inflation"", ""direction"": ""dovish"", ""theme"": ""inflation_progress"", ""count"": 1, ""weight"": -1.0, ""scaled_count"": 1.0, ""scaled_contribution"": -1.0, ""notes"": """"}, {""phrase"": ""target range for the federal funds rate"", ""direction"": ""hawkish"", ""theme"": ""restrictive_stance"", ""count"": 2, ""weight"": 2.0, ""scaled_count"": 1.6931471805599454, ""scaled_contribution"": 3.386294361119891, ""notes"": ""FED-specific policy implementation phrasing; context matters for balance sheet phrases.""}, {""phrase"": ""lower the target range"", ""direction"": ""dovish"", ""theme"": ""easing_cut_bias"", ""count"": 1, ""weight"": -2.0, ""scaled_count"": 1.0, ""scaled_contribution"": -2.0, ""notes"": ""Balance sheet language may not map one-for-one to rate stance.""}]",scored,
FED_DOC_64E53EA0D226,FED,2025-01-29,,FOMC minutes,Minutes,minutes,FED_2025_01,data\FED\Minutes\2025-01-29 - FOMC minutes.txt,https://www.federalreserve.gov/monetarypolicy/files/fomcminutes20250129.pdf,6.795790545596741,Hawkish,0.542,hawkish,8.795790545596741,2.0,6.795790545596741,8,24,"[{""phrase"": ""restrictive monetary policy stance"", ""direction"": ""hawkish"", ""theme"": ""restrictive_stance"", ""count"": 1, ""weight"": 2.0, ""scaled_count"": 1.0, ""scaled_contribution"": 2.0, ""notes"": """"}, {""phrase"": ""incoming data"", ""direction"": ""neutral"", ""theme"": ""data_dependence"", ""count"": 2, ""weight"": 0.0, ""scaled_count"": 1.6931471805599454, ""scaled_contribution"": 0.0, ""notes"": ""Neutral by default; can accompany hawkish or dovish decisions.""}, {""phrase"": ""evolving outlook"", ""direction"": ""neutral"", ""theme"": ""data_dependence"", ""count"": 3, ""weight"": 0.0, ""scaled_count"": 2.09861228866811, ""scaled_contribution"": 0.0, ""notes"": ""Neutral by default; can accompany hawkish or dovish decisions.""}, {""phrase"": ""balance of risks"", ""direction"": ""neutral"", ""theme"": ""data_dependence"", ""count"": 3, ""weight"": 0.0, ""scaled_count"": 2.09861228866811, ""scaled_contribution"": 0.0, ""notes"": ""Neutral by default; can accompany hawkish or dovish decisions.""}, {""phrase"": ""risks to both sides"", ""direction"": ""neutral"", ""theme"": ""balanced_risks"", ""count"": 2, ""weight"": 0.0, ""scaled_count"": 1.6931471805599454, ""scaled_contribution"": 0.0, ""notes"": """"}, {""phrase"": ""progress on inflation"", ""direction"": ""dovish"", ""theme"": ""inflation_progress"", ""count"": 1, ""weight"": -1.0, ""scaled_count"": 1.0, ""scaled_contribution"": -1.0, ""notes"": """"}, {""phrase"": ""further progress on inflation"", ""direction"": ""dovish"", ""theme"": ""inflation_progress"", ""count"": 1, ""weight"": -1.0, ""scaled_count"": 1.0, ""scaled_contribution"": -1.0, ""notes"": """"}, {""phrase"": ""target range for the federal funds rate"", ""direction"": ""hawkish"", ""theme"": ""restrictive_stance"", ""count"": 11, ""weight"": 2.0, ""scaled_count"": 3.3978952727983707, ""scaled_contribution"": 6.795790545596741, ""notes"": ""FED-specific policy implementation phrasing; context matters for balance sheet phrases.""}]",scored,
FED_DOC_DE851CC96915,FED,2025-01-29,,FOMC statement,Monetary Policy,statement,FED_2025_01,data\FED\Monetary Policy\2025-01-29 - FOMC statement.txt,https://www.federalreserve.gov/monetarypolicy/files/monetary20250129a1.pdf,3.386294361119891,Hawkish,0.349,hawkish,3.386294361119891,0.0,3.386294361119891,5,6,"[{""phrase"": ""incoming data"", ""direction"": ""neutral"", ""theme"": ""data_dependence"", ""count"": 1, ""weight"": 0.0, ""scaled_count"": 1.0, ""scaled_contribution"": 0.0, ""notes"": ""Neutral by default; can accompany hawkish or dovish decisions.""}, {""phrase"": ""evolving outlook"", ""direction"": ""neutral"", ""theme"": ""data_dependence"", ""count"": 1, ""weight"": 0.0, ""scaled_count"": 1.0, ""scaled_contribution"": 0.0, ""notes"": ""Neutral by default; can accompany hawkish or dovish decisions.""}, {""phrase"": ""balance of risks"", ""direction"": ""neutral"", ""theme"": ""data_dependence"", ""count"": 1, ""weight"": 0.0, ""scaled_count"": 1.0, ""scaled_contribution"": 0.0, ""notes"": ""Neutral by default; can accompany hawkish or dovish decisions.""}, {""phrase"": ""risks to both sides"", ""direction"": ""neutral"", ""theme"": ""balanced_risks"", ""count"": 1, ""weight"": 0.0, ""scaled_count"": 1.0, ""scaled_contribution"": 0.0, ""notes"": """"}, {""phrase"": ""target range for the federal funds rate"", ""direction"": ""hawkish"", ""theme"": ""restrictive_stance"", ""count"": 2, ""weight"": 2.0, ""scaled_count"": 1.6931471805599454, ""scaled_contribution"": 3.386294361119891, ""notes"": ""FED-specific policy implementation phrasing; context matters for balance sheet phrases.""}]",scored,
FED_DOC_F36CDA51C239,FED,2025-01-31,Michelle W. Bowman,"Brief Remarks on the Economy, and Perspective on Mutual and Community Banks",Speeches,speech,FED_2025_01,"data\FED\Speeches\2025-01-31 - Michelle W. Bowman - Brief Remarks on the Economy, and Perspective on Mutual and Community Banks.txt",https://www.federalreserve.gov/newsevents/speech/bowman20250131a.htm,7.0,Hawkish,0.719,hawkish,7.0,0.0,7.0,4,4,"[{""phrase"": ""inflation remains elevated"", ""direction"": ""hawkish"", ""theme"": ""inflation_too_high"", ""count"": 1, ""weight"": 3.0, ""scaled_count"": 1.0, ""scaled_contribution"": 3.0, ""notes"": """"}, {""phrase"": ""core inflation remains elevated"", ""direction"": ""hawkish"", ""theme"": ""core_inflation"", ""count"": 1, ""weight"": 2.0, ""scaled_count"": 1.0, ""scaled_contribution"": 2.0, ""notes"": """"}, {""phrase"": ""upside risks to inflation"", ""direction"": ""hawkish"", ""theme"": ""upside_inflation_risks"", ""count"": 1, ""weight"": 2.0, ""scaled_count"": 1.0, ""scaled_contribution"": 2.0, ""notes"": """"}, {""phrase"": ""incoming data"", ""direction"": ""neutral"", ""theme"": ""data_dependence"", ""count"": 1, ""weight"": 0.0, ""scaled_count"": 1.0, ""scaled_contribution"": 0.0, ""notes"": ""Neutral by default; can accompany hawkish or dovish decisions.""}]",scored,
FED_DOC_633EE3BADFC4,FED,2025-02-04,Philip N. Jefferson,U.S. Economic Outlook and Monetary Policy,Speeches,speech,FED_2025_01,data\FED\Speeches\2025-02-04 - Philip N. Jefferson - U.S. Economic Outlook and Monetary Policy.txt,https://www.federalreserve.gov/newsevents/speech/jefferson20250204a.htm,3.0,Hawkish,0.493,hawkish,3.0,0.0,3.0,6,6,"[{""phrase"": ""maintain policy restraint"", ""direction"": ""hawkish"", ""theme"": ""restrictive_stance"", ""count"": 1, ""weight"": 1.0, ""scaled_count"": 1.0, ""scaled_contribution"": 1.0, ""notes"": """"}, {""phrase"": ""incoming data"", ""direction"": ""neutral"", ""theme"": ""data_dependence"", ""count"": 1, ""weight"": 0.0, ""scaled_count"": 1.0, ""scaled_contribution"": 0.0, ""notes"": ""Neutral by default; can accompany hawkish or dovish decisions.""}, {""phrase"": ""evolving outlook"", ""direction"": ""neutral"", ""theme"": ""data_dependence"", ""count"": 1, ""weight"": 0.0, ""scaled_count"": 1.0, ""scaled_contribution"": 0.0, ""notes"": ""Neutral by default; can accompany hawkish or dovish decisions.""}, {""phrase"": ""balance of risks"", ""direction"": ""neutral"", ""theme"": ""data_dependence"", ""count"": 1, ""weight"": 0.0, ""scaled_count"": 1.0, ""scaled_contribution"": 0.0, ""notes"": ""Neutral by default; can accompany hawkish or dovish decisions.""}, {""phrase"": ""risks to both sides"", ""direction"": ""neutral"", ""theme"": ""balanced_risks"", ""count"": 1, ""weight"": 0.0, ""scaled_count"": 1.0, ""scaled_contribution"": 0.0, ""notes"": """"}, {""phrase"": ""target range for the federal funds rate"", ""direction"": ""hawkish"", ""theme"": ""restrictive_stance"", ""count"": 1, ""weight"": 2.0, ""scaled_count"": 1.0, ""scaled_contribution"": 2.0, ""notes"": ""FED-specific policy implementation phrasing; context matters for balance sheet phrases.""}]",scored,
FED_DOC_72744245E2F3,FED,2025-02-05,Michelle W. Bowman,Bank Regulation in 2025 and Beyond,Speeches,speech,FED_2025_01,data\FED\Speeches\2025-02-05 - Michelle W. Bowman - Bank Regulation in 2025 and Beyond.txt,https://www.federalreserve.gov/newsevents/speech/bowman20250205a.htm,0.0,Neutral,0.0,none,0.0,0.0,0.0,0,0,[],scored,
FED_DOC_596F502D42E8,FED,2025-02-05,Philip N. Jefferson,Do Non-inflationary Economic Expansions Promote Shared Prosperity? Evidence from the U.S. Labor Market,Speeches,speech,FED_2025_01,data\FED\Speeches\2025-02-05 - Philip N. Jefferson - Do Non-inflationary Economic Expansions Promote Shared Prosperity_ Evidence from the U.S. Labor Market.txt,https://www.federalreserve.gov/newsevents/speech/jefferson20250205a.htm,-1.0,Neutral-Dovish,0.239,dovish,0.0,1.0,-1.0,1,1,"[{""phrase"": ""inflation has moderated"", ""direction"": ""dovish"", ""theme"": ""inflation_progress"", ""count"": 1, ""weight"": -1.0, ""scaled_count"": 1.0, ""scaled_contribution"": -1.0, ""notes"": """"}]",scored,
FED_DOC_F6036BB99853,FED,2025-02-07,Entrepreneurship and Aggregate Productivity,Entrepreneurship and Aggregate Productivity,Speeches,speech,FED_2025_01,data\FED\Speeches\2025-02-07 - Entrepreneurship and Aggregate Productivity - Entrepreneurship and Aggregate Productivity.txt,https://www.federalreserve.gov/newsevents/speech/kugler20250207a.htm,2.0,Neutral-Hawkish,0.252,hawkish,3.0,1.0,2.0,5,5,"[{""phrase"": ""inflation remains elevated"", ""direction"": ""hawkish"", ""theme"": ""inflation_too_high"", ""count"": 1, ""weight"": 3.0, ""scaled_count"": 1.0, ""scaled_contribution"": 3.0, ""notes"": """"}, {""phrase"": ""incoming data"", ""direction"": ""neutral"", ""theme"": ""data_dependence"", ""count"": 1, ""weight"": 0.0, ""scaled_count"": 1.0, ""scaled_contribution"": 0.0, ""notes"": ""Neutral by default; can accompany hawkish or dovish decisions.""}, {""phrase"": ""evolving outlook"", ""direction"": ""neutral"", ""theme"": ""data_dependence"", ""count"": 1, ""weight"": 0.0, ""scaled_count"": 1.0, ""scaled_contribution"": 0.0, ""notes"": ""Neutral by default; can accompany hawkish or dovish decisions.""}, {""phrase"": ""balance of risks"", ""direction"": ""neutral"", ""theme"": ""data_dependence"", ""count"": 1, ""weight"": 0.0, ""scaled_count"": 1.0, ""scaled_contribution"": 0.0, ""notes"": ""Neutral by default; can accompany hawkish or dovish decisions.""}, {""phrase"": ""progress on inflation"", ""direction"": ""dovish"", ""theme"": ""inflation_progress"", ""count"": 1, ""weight"": -1.0, ""scaled_count"": 1.0, ""scaled_contribution"": -1.0, ""notes"": """"}]",scored,
FED_DOC_BAC57D65C0A0,FED,2025-02-12,Christopher J. Waller,Reflections on a Maturing Stablecoin Market,Speeches,speech,FED_2025_01,data\FED\Speeches\2025-02-12 - Christopher J. Waller - Reflections on a Maturing Stablecoin Market.txt,https://www.federalreserve.gov/newsevents/speech/waller20250212a.htm,0.0,Neutral,0.0,none,0.0,0.0,0.0,0,0,[],scored,
FED_DOC_ECBF8892F3ED,FED,2025-02-17,Michelle W. Bowman,"Brief Remarks on the Economy and Accountability in Supervision, Applications, and Regulation",Speeches,speech,FED_2025_01,"data\FED\Speeches\2025-02-17 - Michelle W. Bowman - Brief Remarks on the Economy and Accountability in Supervision, Applications, and Regulation.txt",https://www.federalreserve.gov/newsevents/speech/bowman20250217a.htm,0.0,Neutral,0.155,none,2.0,2.0,0.0,3,3,"[{""phrase"": ""incoming data"", ""direction"": ""neutral"", ""theme"": ""data_dependence"", ""count"": 1, ""weight"": 0.0, ""scaled_count"": 1.0, ""scaled_contribution"": 0.0, ""notes"": ""Neutral by default; can accompany hawkish or dovish decisions.""}, {""phrase"": ""target range for the federal funds rate"", ""direction"": ""hawkish"", ""theme"": ""restrictive_stance"", ""count"": 1, ""weight"": 2.0, ""scaled_count"": 1.0, ""scaled_contribution"": 2.0, ""notes"": ""FED-specific policy implementation phrasing; context matters for balance sheet phrases.""}, {""phrase"": ""lower the target range"", ""direction"": ""dovish"", ""theme"": ""easing_cut_bias"", ""count"": 1, ""weight"": -2.0, ""scaled_count"": 1.0, ""scaled_contribution"": -2.0, ""notes"": ""Balance sheet language may not map one-for-one to rate stance.""}]",scored,
FED_DOC_96836BA8313D,FED,2025-02-17,Christopher J. Waller,Disinflation Progress Uneven but Still on Track Rates Cuts on Track as Well,Speeches,speech,FED_2025_01,data\FED\Speeches\2025-02-17 - Christopher J. Waller - Disinflation Progress Uneven but Still on Track Rates Cuts on Track as Well.txt,https://www.federalreserve.gov/newsevents/speech/waller20250217a.htm,-1.6931471805599454,Neutral-Dovish,0.273,dovish,0.0,1.6931471805599454,-1.6931471805599454,3,5,"[{""phrase"": ""incoming data"", ""direction"": ""neutral"", ""theme"": ""data_dependence"", ""count"": 2, ""weight"": 0.0, ""scaled_count"": 1.6931471805599454, ""scaled_contribution"": 0.0, ""notes"": ""Neutral by default; can accompany hawkish or dovish decisions.""}, {""phrase"": ""wait and see"", ""direction"": ""neutral"", ""theme"": ""data_dependence"", ""count"": 1, ""weight"": 0.0, ""scaled_count"": 1.0, ""scaled_contribution"": 0.0, ""notes"": ""Neutral by default; can accompany hawkish or dovish decisions.""}, {""phrase"": ""progress on inflation"", ""direction"": ""dovish"", ""theme"": ""inflation_progress"", ""count"": 2, ""weight"": -1.0, ""scaled_count"": 1.6931471805599454, ""scaled_contribution"": -1.6931471805599454, ""notes"": """"}]",scored,
FED_DOC_DC88F49D2B09,FED,2025-02-18,Michael S. Barr,Artificial Intelligence: Hypothetical Scenarios for the Future,Speeches,speech,FED_2025_01,data\FED\Speeches\2025-02-18 - Michael S. Barr - Artificial Intelligence_ Hypothetical Scenarios for the Future.txt,https://www.federalreserve.gov/newsevents/speech/barr20250218a.htm,0.0,Neutral,0.15,none,0.0,0.0,0.0,1,1,"[{""phrase"": ""balance of risks"", ""direction"": ""neutral"", ""theme"": ""data_dependence"", ""count"": 1, ""weight"": 0.0, ""scaled_count"": 1.0, ""scaled_contribution"": 0.0, ""notes"": ""Neutral by default; can accompany hawkish or dovish decisions.""}]",scored,
FED_DOC_09EF657FE56C,FED,2025-02-19,Philip N. Jefferson,How Healthy are U.S. Householdsâ Balance Sheets?,Speeches,speech,FED_2025_01,data\FED\Speeches\2025-02-19 - Philip N. Jefferson - How Healthy are U.S. Householdsâ Balance Sheets_.txt,https://www.federalreserve.gov/newsevents/speech/jefferson20250219a.htm,3.386294361119891,Hawkish,0.349,hawkish,3.386294361119891,0.0,3.386294361119891,2,3,"[{""phrase"": ""incoming data"", ""direction"": ""neutral"", ""theme"": ""data_dependence"", ""count"": 1, ""weight"": 0.0, ""scaled_count"": 1.0, ""scaled_contribution"": 0.0, ""notes"": ""Neutral by default; can accompany hawkish or dovish decisions.""}, {""phrase"": ""target range for the federal funds rate"", ""direction"": ""hawkish"", ""theme"": ""restrictive_stance"", ""count"": 2, ""weight"": 2.0, ""scaled_count"": 1.6931471805599454, ""scaled_contribution"": 3.386294361119891, ""notes"": ""FED-specific policy implementation phrasing; context matters for balance sheet phrases.""}]",scored,
FED_DOC_7918BE229D7E,FED,2025-02-20,Adriana D. Kugler,Navigating Inflation Waves: A Phillips Curve Perspective,Speeches,speech,FED_2025_01,data\FED\Speeches\2025-02-20 - Adriana D. Kugler - Navigating Inflation Waves_ A Phillips Curve Perspective.txt,https://www.federalreserve.gov/newsevents/speech/kugler20250220a.htm,-0.3862943611198908,Neutral,0.269,none,5.0,5.386294361119891,-0.3862943611198908,6,7,"[{""phrase"": ""persistence in inflation"", ""direction"": ""hawkish"", ""theme"": ""inflation_persistence"", ""count"": 1, ""weight"": 3.0, ""scaled_count"": 1.0, ""scaled_contribution"": 3.0, ""notes"": """"}, {""phrase"": ""upside risks to inflation"", ""direction"": ""hawkish"", ""theme"": ""upside_inflation_risks"", ""count"": 1, ""weight"": 2.0, ""scaled_count"": 1.0, ""scaled_contribution"": 2.0, ""notes"": """"}, {""phrase"": ""incoming data"", ""direction"": ""neutral"", ""theme"": ""data_dependence"", ""count"": 1, ""weight"": 0.0, ""scaled_count"": 1.0, ""scaled_contribution"": 0.0, ""notes"": ""Neutral by default; can accompany hawkish or dovish decisions.""}, {""phrase"": ""evolving outlook"", ""direction"": ""neutral"", ""theme"": ""data_dependence"", ""count"": 1, ""weight"": 0.0, ""scaled_count"": 1.0, ""scaled_contribution"": 0.0, ""notes"": ""Neutral by default; can accompany hawkish or dovish decisions.""}, {""phrase"": ""slack in the economy"", ""direction"": ""dovish"", ""theme"": ""recession_slack_risk"", ""count"": 2, ""weight"": -2.0, ""scaled_count"": 1.6931471805599454, ""scaled_contribution"": -3.386294361119891, ""notes"": """"}, {""phrase"": ""economic slack"", ""direction"": ""dovish"", ""theme"": ""recession_slack_risk"", ""count"": 1, ""weight"": -2.0, ""scaled_count"": 1.0, ""scaled_contribution"": -2.0, ""notes"": """"}]",scored,
FED_DOC_241F00188C16,FED,2025-02-20,Michael S. Barr,Risks and Challenges for Bank Regulation and Supervision,Speeches,speech,FED_2025_01,data\FED\Speeches\2025-02-20 - Michael S. Barr - Risks and Challenges for Bank Regulation and Supervision.txt,https://www.federalreserve.gov/newsevents/speech/barr20250220a.htm,2.0,Neutral-Hawkish,0.302,hawkish,2.0,0.0,2.0,1,1,"[{""phrase"": ""more work to do"", ""direction"": ""hawkish"", ""theme"": ""need_for_further_tightening"", ""count"": 1, ""weight"": 2.0, ""scaled_count"": 1.0, ""scaled_contribution"": 2.0, ""notes"": """"}]",scored,
FED_DOC_6185D97CE1CF,FED,2025-02-21,Philip N. Jefferson,Reading between the Lines? Textual Analysis of Central Bank Communications,Speeches,speech,FED_2025_01,data\FED\Speeches\2025-02-21 - Philip N. Jefferson - Reading between the Lines_ Textual Analysis of Central Bank Communications.txt,https://www.federalreserve.gov/newsevents/speech/jefferson20250221a.htm,0.0,Neutral,0.0,none,0.0,0.0,0.0,0,0,[],scored,
FED_DOC_B1760EF0AB9B,FED,2025-02-25,Managing Financial Crises,Managing Financial Crises,Speeches,speech,FED_2025_01,data\FED\Speeches\2025-02-25 - Managing Financial Crises - Managing Financial Crises.txt,https://www.federalreserve.gov/newsevents/speech/barr20250225a.htm,0.0,Neutral,0.0,none,0.0,0.0,0.0,0,0,[],scored,
FED_DOC_C519D3E9CB8F,FED,2025-02-27,Community Banking,Community Banking,Speeches,speech,FED_2025_01,data\FED\Speeches\2025-02-27 - Community Banking - Community Banking.txt,https://www.federalreserve.gov/newsevents/speech/bowman20250227a.htm,0.0,Neutral,0.0,none,0.0,0.0,0.0,0,0,[],scored,
FED_DOC_7E93015AF031,FED,2025-02-27,Michael S. Barr,Promoting Responsible Innovation through the Novel Activities Program,Speeches,speech,FED_2025_01,data\FED\Speeches\2025-02-27 - Michael S. Barr - Promoting Responsible Innovation through the Novel Activities Program.txt,https://www.federalreserve.gov/newsevents/speech/barr20250227a.htm,0.0,Neutral,0.0,none,0.0,0.0,0.0,0,0,[],scored,
FED_DOC_AE6506DA8C34,FED,2025-03-07,Jerome H. Powell,Economic Outlook,Speeches,speech,FED_2025_01,data\FED\Speeches\2025-03-07 - Jerome H. Powell - Economic Outlook.txt,https://www.federalreserve.gov/newsevents/speech/powell20250307a.htm,1.0,Neutral-Hawkish,0.239,hawkish,1.0,0.0,1.0,1,1,"[{""phrase"": ""maintain policy restraint"", ""direction"": ""hawkish"", ""theme"": ""restrictive_stance"", ""count"": 1, ""weight"": 1.0, ""scaled_count"": 1.0, ""scaled_contribution"": 1.0, ""notes"": """"}]",scored,
FED_DOC_09F4C12700F8,FED,2025-03-07,Michelle W. Bowman,"Remarks on ""Monetary Policy Transmission to Real Activity"" and the Recent Experience",Speeches,speech,FED_2025_01,data\FED\Speeches\2025-03-07 - Michelle W. Bowman - Remarks on _Monetary Policy Transmission to Real Activity_ and the Recent Experience.txt,https://www.federalreserve.gov/newsevents/speech/bowman20250307a.htm,0.0,Neutral,0.0,none,0.0,0.0,0.0,0,0,[],scored,
FED_DOC_5FCC4DD73B8A,FED,2025-03-07,Adriana D. Kugler,The Rebalancing of Labor Markets across the World,Speeches,speech,FED_2025_01,data\FED\Speeches\2025-03-07 - Adriana D. Kugler - The Rebalancing of Labor Markets across the World.txt,https://www.federalreserve.gov/newsevents/speech/kugler20250307a.htm,7.0,Hawkish,0.719,hawkish,7.0,0.0,7.0,6,6,"[{""phrase"": ""inflation expectations have risen"", ""direction"": ""hawkish"", ""theme"": ""inflation_expectations"", ""count"": 1, ""weight"": 3.0, ""scaled_count"": 1.0, ""scaled_contribution"": 3.0, ""notes"": """"}, {""phrase"": ""upside risks to inflation"", ""direction"": ""hawkish"", ""theme"": ""upside_inflation_risks"", ""count"": 1, ""weight"": 2.0, ""scaled_count"": 1.0, ""scaled_contribution"": 2.0, ""notes"": """"}, {""phrase"": ""incoming data"", ""direction"": ""neutral"", ""theme"": ""data_dependence"", ""count"": 1, ""weight"": 0.0, ""scaled_count"": 1.0, ""scaled_contribution"": 0.0, ""notes"": ""Neutral by default; can accompany hawkish or dovish decisions.""}, {""phrase"": ""evolving outlook"", ""direction"": ""neutral"", ""theme"": ""data_dependence"", ""count"": 1, ""weight"": 0.0, ""scaled_count"": 1.0, ""scaled_contribution"": 0.0, ""notes"": ""Neutral by default; can accompany hawkish or dovish decisions.""}, {""phrase"": ""balance of risks"", ""direction"": ""neutral"", ""theme"": ""data_dependence"", ""count"": 1, ""weight"": 0.0, ""scaled_count"": 1.0, ""scaled_contribution"": 0.0, ""notes"": ""Neutral by default; can accompany hawkish or dovish decisions.""}, {""phrase"": ""target range for the federal funds rate"", ""direction"": ""hawkish"", ""theme"": ""restrictive_stance"", ""count"": 1, ""weight"": 2.0, ""scaled_count"": 1.0, ""scaled_contribution"": 2.0, ""notes"": ""FED-specific policy implementation phrasing; context matters for balance sheet phrases.""}]",scored,
FED_DOC_25779C9F78FD,FED,2025-03-19,,FOMC minutes,Minutes,minutes,FED_2025_03,data\FED\Minutes\2025-03-19 - FOMC minutes.txt,https://www.federalreserve.gov/monetarypolicy/files/fomcminutes20250319.pdf,7.891820298110627,Hawkish,0.813,hawkish,7.891820298110627,0.0,7.891820298110627,6,20,"[{""phrase"": ""upside risks to inflation"", ""direction"": ""hawkish"", ""theme"": ""upside_inflation_risks"", ""count"": 1, ""weight"": 2.0, ""scaled_count"": 1.0, ""scaled_contribution"": 2.0, ""notes"": """"}, {""phrase"": ""incoming data"", ""direction"": ""neutral"", ""theme"": ""data_dependence"", ""count"": 4, ""weight"": 0.0, ""scaled_count"": 2.386294361119891, ""scaled_contribution"": 0.0, ""notes"": ""Neutral by default; can accompany hawkish or dovish decisions.""}, {""phrase"": ""evolving outlook"", ""direction"": ""neutral"", ""theme"": ""data_dependence"", ""count"": 2, ""weight"": 0.0, ""scaled_count"": 1.6931471805599454, ""scaled_contribution"": 0.0, ""notes"": ""Neutral by default; can accompany hawkish or dovish decisions.""}, {""phrase"": ""balance of risks"", ""direction"": ""neutral"", ""theme"": ""data_dependence"", ""count"": 4, ""weight"": 0.0, ""scaled_count"": 2.386294361119891, ""scaled_contribution"": 0.0, ""notes"": ""Neutral by default; can accompany hawkish or dovish decisions.""}, {""phrase"": ""risks to both sides"", ""direction"": ""neutral"", ""theme"": ""balanced_risks"", ""count"": 2, ""weight"": 0.0, ""scaled_count"": 1.6931471805599454, ""scaled_contribution"": 0.0, ""notes"": """"}, {""phrase"": ""target range for the federal funds rate"", ""direction"": ""hawkish"", ""theme"": ""restrictive_stance"", ""count"": 7, ""weight"": 2.0, ""scaled_count"": 2.9459101490553135, ""scaled_contribution"": 5.891820298110627, ""notes"": ""FED-specific policy implementation phrasing; context matters for balance sheet phrases.""}]",scored,
FED_DOC_B6AE96406438,FED,2025-03-19,,FOMC statement,Monetary Policy,statement,FED_2025_03,data\FED\Monetary Policy\2025-03-19 - FOMC statement.txt,https://www.federalreserve.gov/monetarypolicy/files/monetary20250319a1.pdf,3.386294361119891,Hawkish,0.349,hawkish,3.386294361119891,0.0,3.386294361119891,5,6,"[{""phrase"": ""incoming data"", ""direction"": ""neutral"", ""theme"": ""data_dependence"", ""count"": 1, ""weight"": 0.0, ""scaled_count"": 1.0, ""scaled_contribution"": 0.0, ""notes"": ""Neutral by default; can accompany hawkish or dovish decisions.""}, {""phrase"": ""evolving outlook"", ""direction"": ""neutral"", ""theme"": ""data_dependence"", ""count"": 1, ""weight"": 0.0, ""scaled_count"": 1.0, ""scaled_contribution"": 0.0, ""notes"": ""Neutral by default; can accompany hawkish or dovish decisions.""}, {""phrase"": ""balance of risks"", ""direction"": ""neutral"", ""theme"": ""data_dependence"", ""count"": 1, ""weight"": 0.0, ""scaled_count"": 1.0, ""scaled_contribution"": 0.0, ""notes"": ""Neutral by default; can accompany hawkish or dovish decisions.""}, {""phrase"": ""risks to both sides"", ""direction"": ""neutral"", ""theme"": ""balanced_risks"", ""count"": 1, ""weight"": 0.0, ""scaled_count"": 1.0, ""scaled_contribution"": 0.0, ""notes"": """"}, {""phrase"": ""target range for the federal funds rate"", ""direction"": ""hawkish"", ""theme"": ""restrictive_stance"", ""count"": 2, ""weight"": 2.0, ""scaled_count"": 1.6931471805599454, ""scaled_contribution"": 3.386294361119891, ""notes"": ""FED-specific policy implementation phrasing; context matters for balance sheet phrases.""}]",scored,
FED_DOC_82E91E742D87,FED,2025-03-21,Christopher J. Waller,Statement by Governor Christopher J. Waller,Speeches,speech,FED_2025_03,data\FED\Speeches\2025-03-21 - Christopher J. Waller - Statement by Governor Christopher J. Waller.txt,https://www.federalreserve.gov/newsevents/speech/waller20250321a.htm,0.0,Neutral,0.0,none,0.0,0.0,0.0,0,0,[],scored,
FED_DOC_C0860A46537A,FED,2025-03-24,Michael S. Barr,Helping Small Businesses Reach Their Potential,Speeches,speech,FED_2025_03,data\FED\Speeches\2025-03-24 - Michael S. Barr - Helping Small Businesses Reach Their Potential.txt,https://www.federalreserve.gov/newsevents/speech/barr20250324a.htm,0.0,Neutral,0.0,none,0.0,0.0,0.0,0,0,[],scored,
FED_DOC_9EA9924DDAEF,FED,2025-03-25,Adriana D. Kugler,"Latinos, Entrepreneurs, and the U.S. Economy",Speeches,speech,FED_2025_03,"data\FED\Speeches\2025-03-25 - Adriana D. Kugler - Latinos, Entrepreneurs, and the U.S. Economy.txt",https://www.federalreserve.gov/newsevents/speech/kugler20250325a.htm,-2.0,Neutral-Dovish,0.302,dovish,0.0,2.0,-2.0,4,5,"[{""phrase"": ""incoming data"", ""direction"": ""neutral"", ""theme"": ""data_dependence"", ""count"": 2, ""weight"": 0.0, ""scaled_count"": 1.6931471805599454, ""scaled_contribution"": 0.0, ""notes"": ""Neutral by default; can accompany hawkish or dovish decisions.""}, {""phrase"": ""evolving outlook"", ""direction"": ""neutral"", ""theme"": ""data_dependence"", ""count"": 1, ""weight"": 0.0, ""scaled_count"": 1.0, ""scaled_contribution"": 0.0, ""notes"": ""Neutral by default; can accompany hawkish or dovish decisions.""}, {""phrase"": ""balance of risks"", ""direction"": ""neutral"", ""theme"": ""data_dependence"", ""count"": 1, ""weight"": 0.0, ""scaled_count"": 1.0, ""scaled_contribution"": 0.0, ""notes"": ""Neutral by default; can accompany hawkish or dovish decisions.""}, {""phrase"": ""labor market has cooled"", ""direction"": ""dovish"", ""theme"": ""labour_market_cooling"", ""count"": 1, ""weight"": -2.0, ""scaled_count"": 1.0, ""scaled_contribution"": -2.0, ""notes"": """"}]",scored,
FED_DOC_3CDBA627F18F,FED,2025-04-02,Inflation Expectations and Monetary Policymaking,Inflation Expectations and Monetary Policymaking,Speeches,speech,FED_2025_03,data\FED\Speeches\2025-04-02 - Inflation Expectations and Monetary Policymaking - Inflation Expectations and Monetary Policymaking.txt,https://www.federalreserve.gov/newsevents/speech/kugler20250402a.htm,10.0,Strongly Hawkish,0.603,hawkish,11.079441541679836,1.0,10.079441541679836,8,10,"[{""phrase"": ""inflation is high"", ""direction"": ""hawkish"", ""theme"": ""inflation_too_high"", ""count"": 1, ""weight"": 2.0, ""scaled_count"": 1.0, ""scaled_contribution"": 2.0, ""notes"": """"}, {""phrase"": ""de-anchoring of inflation expectations"", ""direction"": ""hawkish"", ""theme"": ""inflation_expectations"", ""count"": 2, ""weight"": 3.0, ""scaled_count"": 1.6931471805599454, ""scaled_contribution"": 5.079441541679836, ""notes"": """"}, {""phrase"": ""upside risks to inflation"", ""direction"": ""hawkish"", ""theme"": ""upside_inflation_risks"", ""count"": 1, ""weight"": 2.0, ""scaled_count"": 1.0, ""scaled_contribution"": 2.0, ""notes"": """"}, {""phrase"": ""incoming data"", ""direction"": ""neutral"", ""theme"": ""data_dependence"", ""count"": 2, ""weight"": 0.0, ""scaled_count"": 1.6931471805599454, ""scaled_contribution"": 0.0, ""notes"": ""Neutral by default; can accompany hawkish or dovish decisions.""}, {""phrase"": ""evolving outlook"", ""direction"": ""neutral"", ""theme"": ""data_dependence"", ""count"": 1, ""weight"": 0.0, ""scaled_count"": 1.0, ""scaled_contribution"": 0.0, ""notes"": ""Neutral by default; can accompany hawkish or dovish decisions.""}, {""phrase"": ""balance of risks"", ""direction"": ""neutral"", ""theme"": ""data_dependence"", ""count"": 1, ""weight"": 0.0, ""scaled_count"": 1.0, ""scaled_contribution"": 0.0, ""notes"": ""Neutral by default; can accompany hawkish or dovish decisions.""}, {""phrase"": ""progress on inflation"", ""direction"": ""dovish"", ""theme"": ""inflation_progress"", ""count"": 1, ""weight"": -1.0, ""scaled_count"": 1.0, ""scaled_contribution"": -1.0, ""notes"": """"}, {""phrase"": ""target range for the federal funds rate"", ""direction"": ""hawkish"", ""theme"": ""restrictive_stance"", ""count"": 1, ""weight"": 2.0, ""scaled_count"": 1.0, ""scaled_contribution"": 2.0, ""notes"": ""FED-specific policy implementation phrasing; context matters for balance sheet phrases.""}]",scored,
FED_DOC_B5A65767993B,FED,2025-04-03,Lisa D. Cook,The Economic Outlook and Path of Policy,Speeches,speech,FED_2025_03,data\FED\Speeches\2025-04-03 - Lisa D. Cook - The Economic Outlook and Path of Policy.txt,https://www.federalreserve.gov/newsevents/speech/cook20250403a.htm,2.0,Neutral-Hawkish,0.362,hawkish,5.0,3.0,2.0,6,6,"[{""phrase"": ""risk of unanchored inflation expectations"", ""direction"": ""hawkish"", ""theme"": ""inflation_expectations"", ""count"": 1, ""weight"": 3.0, ""scaled_count"": 1.0, ""scaled_contribution"": 3.0, ""notes"": """"}, {""phrase"": ""financial conditions have eased"", ""direction"": ""hawkish"", ""theme"": ""financial_conditions_too_loose"", ""count"": 1, ""weight"": 2.0, ""scaled_count"": 1.0, ""scaled_contribution"": 2.0, ""notes"": """"}, {""phrase"": ""risks to both sides"", ""direction"": ""neutral"", ""theme"": ""balanced_risks"", ""count"": 1, ""weight"": 0.0, ""scaled_count"": 1.0, ""scaled_contribution"": 0.0, ""notes"": """"}, {""phrase"": ""inflation has moderated"", ""direction"": ""dovish"", ""theme"": ""inflation_progress"", ""count"": 1, ""weight"": -1.0, ""scaled_count"": 1.0, ""scaled_contribution"": -1.0, ""notes"": """"}, {""phrase"": ""progress on inflation"", ""direction"": ""dovish"", ""theme"": ""inflation_progress"", ""count"": 1, ""weight"": -1.0, ""scaled_count"": 1.0, ""scaled_contribution"": -1.0, ""notes"": """"}, {""phrase"": ""further progress on inflation"", ""direction"": ""dovish"", ""theme"": ""inflation_progress"", ""count"": 1, ""weight"": -1.0, ""scaled_count"": 1.0, ""scaled_contribution"": -1.0, ""notes"": """"}]",scored,
FED_DOC_18D173CC2EEB,FED,2025-04-03,Philip N. Jefferson,U.S. Economic Outlook and Central Bank Communications,Speeches,speech,FED_2025_03,data\FED\Speeches\2025-04-03 - Philip N. Jefferson - U.S. Economic Outlook and Central Bank Communications.txt,https://www.federalreserve.gov/newsevents/speech/jefferson20250403a.htm,-0.6931471805599454,Neutral-Dovish,0.311,dovish,2.0,2.6931471805599454,-0.6931471805599454,6,8,"[{""phrase"": ""incoming data"", ""direction"": ""neutral"", ""theme"": ""data_dependence"", ""count"": 2, ""weight"": 0.0, ""scaled_count"": 1.6931471805599454, ""scaled_contribution"": 0.0, ""notes"": ""Neutral by default; can accompany hawkish or dovish decisions.""}, {""phrase"": ""evolving outlook"", ""direction"": ""neutral"", ""theme"": ""data_dependence"", ""count"": 1, ""weight"": 0.0, ""scaled_count"": 1.0, ""scaled_contribution"": 0.0, ""notes"": ""Neutral by default; can accompany hawkish or dovish decisions.""}, {""phrase"": ""balance of risks"", ""direction"": ""neutral"", ""theme"": ""data_dependence"", ""count"": 1, ""weight"": 0.0, ""scaled_count"": 1.0, ""scaled_contribution"": 0.0, ""notes"": ""Neutral by default; can accompany hawkish or dovish decisions.""}, {""phrase"": ""inflation has eased"", ""direction"": ""dovish"", ""theme"": ""inflation_progress"", ""count"": 1, ""weight"": -1.0, ""scaled_count"": 1.0, ""scaled_contribution"": -1.0, ""notes"": """"}, {""phrase"": ""progress on inflation"", ""direction"": ""dovish"", ""theme"": ""inflation_progress"", ""count"": 2, ""weight"": -1.0, ""scaled_count"": 1.6931471805599454, ""scaled_contribution"": -1.6931471805599454, ""notes"": """"}, {""phrase"": ""target range for the federal funds rate"", ""direction"": ""hawkish"", ""theme"": ""restrictive_stance"", ""count"": 1, ""weight"": 2.0, ""scaled_count"": 1.0, ""scaled_contribution"": 2.0, ""notes"": ""FED-specific policy implementation phrasing; context matters for balance sheet phrases.""}]",scored,
FED_DOC_E251637757F5,FED,2025-04-04,Michael S. Barr,"AI, Fintechs, and Banks",Speeches,speech,FED_2025_03,"data\FED\Speeches\2025-04-04 - Michael S. Barr - AI, Fintechs, and Banks.txt",https://www.federalreserve.gov/newsevents/speech/barr20250404a.htm,0.0,Neutral,0.0,none,0.0,0.0,0.0,0,0,[],scored,
FED_DOC_9691E83FDD8C,FED,2025-04-04,Jerome H. Powell,Economic Outlook,Speeches,speech,FED_2025_03,data\FED\Speeches\2025-04-04 - Jerome H. Powell - Economic Outlook.txt,https://www.federalreserve.gov/newsevents/speech/powell20250404a.htm,-1.0,Neutral-Dovish,0.239,dovish,0.0,1.0,-1.0,4,5,"[{""phrase"": ""incoming data"", ""direction"": ""neutral"", ""theme"": ""data_dependence"", ""count"": 2, ""weight"": 0.0, ""scaled_count"": 1.6931471805599454, ""scaled_contribution"": 0.0, ""notes"": ""Neutral by default; can accompany hawkish or dovish decisions.""}, {""phrase"": ""evolving outlook"", ""direction"": ""neutral"", ""theme"": ""data_dependence"", ""count"": 1, ""weight"": 0.0, ""scaled_count"": 1.0, ""scaled_contribution"": 0.0, ""notes"": ""Neutral by default; can accompany hawkish or dovish decisions.""}, {""phrase"": ""balance of risks"", ""direction"": ""neutral"", ""theme"": ""data_dependence"", ""count"": 1, ""weight"": 0.0, ""scaled_count"": 1.0, ""scaled_contribution"": 0.0, ""notes"": ""Neutral by default; can accompany hawkish or dovish decisions.""}, {""phrase"": ""inflation has declined"", ""direction"": ""dovish"", ""theme"": ""inflation_progress"", ""count"": 1, ""weight"": -1.0, ""scaled_count"": 1.0, ""scaled_contribution"": -1.0, ""notes"": """"}]",scored,
FED_DOC_B697A0402D6E,FED,2025-04-07,Adriana D. Kugler,Inflation Dynamics and the Phillips Curve,Speeches,speech,FED_2025_03,data\FED\Speeches\2025-04-07 - Adriana D. Kugler - Inflation Dynamics and the Phillips Curve.txt,https://www.federalreserve.gov/newsevents/speech/kugler20250407a.htm,0.0,Neutral,0.0,none,0.0,0.0,0.0,0,0,[],scored,
FED_DOC_DA3BA011B550,FED,2025-04-14,A Tale of Two Outlooks,A Tale of Two Outlooks,Speeches,speech,FED_2025_03,data\FED\Speeches\2025-04-14 - A Tale of Two Outlooks - A Tale of Two Outlooks.txt,https://www.federalreserve.gov/newsevents/speech/waller20250414a.htm,-4.0,Dovish,0.556,dovish,0.0,4.0,-4.0,3,3,"[{""phrase"": ""wait and see"", ""direction"": ""neutral"", ""theme"": ""data_dependence"", ""count"": 1, ""weight"": 0.0, ""scaled_count"": 1.0, ""scaled_contribution"": 0.0, ""notes"": ""Neutral by default; can accompany hawkish or dovish decisions.""}, {""phrase"": ""risk of recession"", ""direction"": ""dovish"", ""theme"": ""recession_slack_risk"", ""count"": 1, ""weight"": -2.0, ""scaled_count"": 1.0, ""scaled_contribution"": -2.0, ""notes"": """"}, {""phrase"": ""sharp slowdown"", ""direction"": ""dovish"", ""theme"": ""recession_slack_risk"", ""count"": 1, ""weight"": -2.0, ""scaled_count"": 1.0, ""scaled_contribution"": -2.0, ""notes"": """"}]",scored,
FED_DOC_66E4746ED9FE,FED,2025-04-15,Lisa D. Cook,2025 Distinguished Alumna Award Acceptance Remarks,Speeches,speech,FED_2025_03,data\FED\Speeches\2025-04-15 - Lisa D. Cook - 2025 Distinguished Alumna Award Acceptance Remarks.txt,https://www.federalreserve.gov/newsevents/speech/cook20250415a.htm,0.0,Neutral,0.0,none,0.0,0.0,0.0,0,0,[],scored,
FED_DOC_8EEC58439500,FED,2025-04-16,Jerome H. Powell,Economic Outlook,Speeches,speech,FED_2025_03,data\FED\Speeches\2025-04-16 - Jerome H. Powell - Economic Outlook.txt,https://www.federalreserve.gov/newsevents/speech/powell20250416a.htm,-3.0,Dovish,0.532,dovish,0.0,3.0,-3.0,5,7,"[{""phrase"": ""incoming data"", ""direction"": ""neutral"", ""theme"": ""data_dependence"", ""count"": 3, ""weight"": 0.0, ""scaled_count"": 2.09861228866811, ""scaled_contribution"": 0.0, ""notes"": ""Neutral by default; can accompany hawkish or dovish decisions.""}, {""phrase"": ""evolving outlook"", ""direction"": ""neutral"", ""theme"": ""data_dependence"", ""count"": 1, ""weight"": 0.0, ""scaled_count"": 1.0, ""scaled_contribution"": 0.0, ""notes"": ""Neutral by default; can accompany hawkish or dovish decisions.""}, {""phrase"": ""balance of risks"", ""direction"": ""neutral"", ""theme"": ""data_dependence"", ""count"": 1, ""weight"": 0.0, ""scaled_count"": 1.0, ""scaled_contribution"": 0.0, ""notes"": ""Neutral by default; can accompany hawkish or dovish decisions.""}, {""phrase"": ""progress on inflation"", ""direction"": ""dovish"", ""theme"": ""inflation_progress"", ""count"": 1, ""weight"": -1.0, ""scaled_count"": 1.0, ""scaled_contribution"": -1.0, ""notes"": """"}, {""phrase"": ""job growth has slowed"", ""direction"": ""dovish"", ""theme"": ""labour_market_cooling"", ""count"": 1, ""weight"": -2.0, ""scaled_count"": 1.0, ""scaled_contribution"": -2.0, ""notes"": """"}]",scored,
FED_DOC_B188CCD889EA,FED,2025-04-17,Michael S. Barr,Deepfakes and the AI Arms Race in Bank Cybersecurity,Speeches,speech,FED_2025_03,data\FED\Speeches\2025-04-17 - Michael S. Barr - Deepfakes and the AI Arms Race in Bank Cybersecurity.txt,https://www.federalreserve.gov/newsevents/speech/barr20250417a.htm,0.0,Neutral,0.0,none,0.0,0.0,0.0,0,0,[],scored,
FED_DOC_54E3A3DF8F52,FED,2025-04-22,Philip N. Jefferson,Economic Mobility and the Dual Mandate,Speeches,speech,FED_2025_03,data\FED\Speeches\2025-04-22 - Philip N. Jefferson - Economic Mobility and the Dual Mandate.txt,https://www.federalreserve.gov/newsevents/speech/jefferson20250422a.htm,0.0,Neutral,0.0,none,0.0,0.0,0.0,0,0,[],scored,
FED_DOC_36CFE0F8138B,FED,2025-04-22,Transmission of Monetary Policy,Transmission of Monetary Policy,Speeches,speech,FED_2025_03,data\FED\Speeches\2025-04-22 - Transmission of Monetary Policy - Transmission of Monetary Policy.txt,https://www.federalreserve.gov/newsevents/speech/kugler20250422a.htm,7.583518938456111,Hawkish,0.72,hawkish,7.583518938456111,0.0,7.583518938456111,3,6,"[{""phrase"": ""upside risks to inflation"", ""direction"": ""hawkish"", ""theme"": ""upside_inflation_risks"", ""count"": 2, ""weight"": 2.0, ""scaled_count"": 1.6931471805599454, ""scaled_contribution"": 3.386294361119891, ""notes"": """"}, {""phrase"": ""incoming data"", ""direction"": ""neutral"", ""theme"": ""data_dependence"", ""count"": 1, ""weight"": 0.0, ""scaled_count"": 1.0, ""scaled_contribution"": 0.0, ""notes"": ""Neutral by default; can accompany hawkish or dovish decisions.""}, {""phrase"": ""target range for the federal funds rate"", ""direction"": ""hawkish"", ""theme"": ""restrictive_stance"", ""count"": 3, ""weight"": 2.0, ""scaled_count"": 2.09861228866811, ""scaled_contribution"": 4.19722457733622, ""notes"": ""FED-specific policy implementation phrasing; context matters for balance sheet phrases.""}]",scored,
FED_DOC_B34E93849BD6,FED,2025-04-23,Welcoming Remarks,Welcoming Remarks,Speeches,speech,FED_2025_03,data\FED\Speeches\2025-04-23 - Welcoming Remarks - Welcoming Remarks.txt,https://www.federalreserve.gov/newsevents/speech/waller20250423a.htm,0.0,Neutral,0.0,none,0.0,0.0,0.0,0,0,[],scored,
FED_DOC_A4248C684F07,FED,2025-05-03,Lisa D. Cook,Four Guides for the Journey Ahead,Speeches,speech,FED_2025_03,data\FED\Speeches\2025-05-03 - Lisa D. Cook - Four Guides for the Journey Ahead.txt,https://www.federalreserve.gov/newsevents/speech/cook20250503a.htm,0.0,Neutral,0.0,none,0.0,0.0,0.0,0,0,[],scored,
FED_DOC_6D55A5AC940F,FED,2025-05-07,,FOMC minutes,Minutes,minutes,FED_2025_05,data\FED\Minutes\2025-05-07 - FOMC minutes.txt,https://www.federalreserve.gov/monetarypolicy/files/fomcminutes20250507.pdf,7.58351893845611,Hawkish,0.782,hawkish,7.58351893845611,0.0,7.58351893845611,7,18,"[{""phrase"": ""upside risks to inflation"", ""direction"": ""hawkish"", ""theme"": ""upside_inflation_risks"", ""count"": 1, ""weight"": 2.0, ""scaled_count"": 1.0, ""scaled_contribution"": 2.0, ""notes"": """"}, {""phrase"": ""incoming data"", ""direction"": ""neutral"", ""theme"": ""data_dependence"", ""count"": 3, ""weight"": 0.0, ""scaled_count"": 2.09861228866811, ""scaled_contribution"": 0.0, ""notes"": ""Neutral by default; can accompany hawkish or dovish decisions.""}, {""phrase"": ""evolving outlook"", ""direction"": ""neutral"", ""theme"": ""data_dependence"", ""count"": 2, ""weight"": 0.0, ""scaled_count"": 1.6931471805599454, ""scaled_contribution"": 0.0, ""notes"": ""Neutral by default; can accompany hawkish or dovish decisions.""}, {""phrase"": ""balance of risks"", ""direction"": ""neutral"", ""theme"": ""data_dependence"", ""count"": 3, ""weight"": 0.0, ""scaled_count"": 2.09861228866811, ""scaled_contribution"": 0.0, ""notes"": ""Neutral by default; can accompany hawkish or dovish decisions.""}, {""phrase"": ""risks have become more balanced"", ""direction"": ""neutral"", ""theme"": ""balanced_risks"", ""count"": 1, ""weight"": 0.0, ""scaled_count"": 1.0, ""scaled_contribution"": 0.0, ""notes"": """"}, {""phrase"": ""risks to both sides"", ""direction"": ""neutral"", ""theme"": ""balanced_risks"", ""count"": 2, ""weight"": 0.0, ""scaled_count"": 1.6931471805599454, ""scaled_contribution"": 0.0, ""notes"": """"}, {""phrase"": ""target range for the federal funds rate"", ""direction"": ""hawkish"", ""theme"": ""restrictive_stance"", ""count"": 6, ""weight"": 2.0, ""scaled_count"": 2.791759469228055, ""scaled_contribution"": 5.58351893845611, ""notes"": ""FED-specific policy implementation phrasing; context matters for balance sheet phrases.""}]",scored,
FED_DOC_46531E694893,FED,2025-05-07,,FOMC statement,Monetary Policy,statement,FED_2025_05,data\FED\Monetary Policy\2025-05-07 - FOMC statement.txt,https://www.federalreserve.gov/monetarypolicy/files/monetary20250507a1.pdf,3.386294361119891,Hawkish,0.349,hawkish,3.386294361119891,0.0,3.386294361119891,5,6,"[{""phrase"": ""incoming data"", ""direction"": ""neutral"", ""theme"": ""data_dependence"", ""count"": 1, ""weight"": 0.0, ""scaled_count"": 1.0, ""scaled_contribution"": 0.0, ""notes"": ""Neutral by default; can accompany hawkish or dovish decisions.""}, {""phrase"": ""evolving outlook"", ""direction"": ""neutral"", ""theme"": ""data_dependence"", ""count"": 1, ""weight"": 0.0, ""scaled_count"": 1.0, ""scaled_contribution"": 0.0, ""notes"": ""Neutral by default; can accompany hawkish or dovish decisions.""}, {""phrase"": ""balance of risks"", ""direction"": ""neutral"", ""theme"": ""data_dependence"", ""count"": 1, ""weight"": 0.0, ""scaled_count"": 1.0, ""scaled_contribution"": 0.0, ""notes"": ""Neutral by default; can accompany hawkish or dovish decisions.""}, {""phrase"": ""risks to both sides"", ""direction"": ""neutral"", ""theme"": ""balanced_risks"", ""count"": 1, ""weight"": 0.0, ""scaled_count"": 1.0, ""scaled_contribution"": 0.0, ""notes"": """"}, {""phrase"": ""target range for the federal funds rate"", ""direction"": ""hawkish"", ""theme"": ""restrictive_stance"", ""count"": 2, ""weight"": 2.0, ""scaled_count"": 1.6931471805599454, ""scaled_contribution"": 3.386294361119891, ""notes"": ""FED-specific policy implementation phrasing; context matters for balance sheet phrases.""}]",scored,
FED_DOC_4D7A52A0DBE8,FED,2025-05-09,Michael S. Barr,Artificial Intelligence and the Labor Market: A Scenario-Based Approach,Speeches,speech,FED_2025_05,data\FED\Speeches\2025-05-09 - Michael S. Barr - Artificial Intelligence and the Labor Market_ A Scenario-Based Approach.txt,https://www.federalreserve.gov/newsevents/speech/barr20250509a.htm,-2.0,Neutral-Dovish,0.302,dovish,0.0,2.0,-2.0,1,1,"[{""phrase"": ""disinflationary process"", ""direction"": ""dovish"", ""theme"": ""disinflation"", ""count"": 1, ""weight"": -2.0, ""scaled_count"": 1.0, ""scaled_contribution"": -2.0, ""notes"": """"}]",scored,
FED_DOC_45EE57B13D29,FED,2025-05-09,Assessing Maximum Employment,Assessing Maximum Employment,Speeches,speech,FED_2025_05,data\FED\Speeches\2025-05-09 - Assessing Maximum Employment - Assessing Maximum Employment.txt,https://www.federalreserve.gov/newsevents/speech/kugler20250509a.htm,-3.386294361119891,Dovish,0.349,dovish,0.0,3.386294361119891,-3.386294361119891,1,2,"[{""phrase"": ""slack in the economy"", ""direction"": ""dovish"", ""theme"": ""recession_slack_risk"", ""count"": 2, ""weight"": -2.0, ""scaled_count"": 1.6931471805599454, ""scaled_contribution"": -3.386294361119891, ""notes"": """"}]",scored,
FED_DOC_BF16EE476921,FED,2025-05-09,Opening Remarks on Productivity Dynamics,Opening Remarks on Productivity Dynamics,Speeches,speech,FED_2025_05,data\FED\Speeches\2025-05-09 - Opening Remarks on Productivity Dynamics - Opening Remarks on Productivity Dynamics.txt,https://www.federalreserve.gov/newsevents/speech/cook20250509a.htm,-3.386294361119891,Dovish,0.349,dovish,0.0,3.386294361119891,-3.386294361119891,1,2,"[{""phrase"": ""slack in the economy"", ""direction"": ""dovish"", ""theme"": ""recession_slack_risk"", ""count"": 2, ""weight"": -2.0, ""scaled_count"": 1.6931471805599454, ""scaled_contribution"": -3.386294361119891, ""notes"": """"}]",scored,
FED_DOC_32324173AB65,FED,2025-05-09,Christopher J. Waller,"Thank You, John",Speeches,speech,FED_2025_05,"data\FED\Speeches\2025-05-09 - Christopher J. Waller - Thank You, John.txt",https://www.federalreserve.gov/newsevents/speech/waller20250509a.htm,0.0,Neutral,0.0,none,0.0,0.0,0.0,0,0,[],scored,
FED_DOC_D7012616B6C0,FED,2025-05-12,Economic Outlook,Economic Outlook,Speeches,speech,FED_2025_05,data\FED\Speeches\2025-05-12 - Economic Outlook - Economic Outlook.txt,https://www.federalreserve.gov/newsevents/speech/kugler20250512a.htm,2.0,Neutral-Hawkish,0.355,hawkish,4.0,2.0,2.0,3,3,"[{""phrase"": ""disinflation has slowed"", ""direction"": ""hawkish"", ""theme"": ""inflation_persistence"", ""count"": 1, ""weight"": 2.0, ""scaled_count"": 1.0, ""scaled_contribution"": 2.0, ""notes"": """"}, {""phrase"": ""upside risks to inflation"", ""direction"": ""hawkish"", ""theme"": ""upside_inflation_risks"", ""count"": 1, ""weight"": 2.0, ""scaled_count"": 1.0, ""scaled_contribution"": 2.0, ""notes"": """"}, {""phrase"": ""disinflationary process"", ""direction"": ""dovish"", ""theme"": ""disinflation"", ""count"": 1, ""weight"": -2.0, ""scaled_count"": 1.0, ""scaled_contribution"": -2.0, ""notes"": """"}]",scored,
FED_DOC_8C8C9198E0DB,FED,2025-05-14,Philip N. Jefferson,Economic Outlook,Speeches,speech,FED_2025_05,data\FED\Speeches\2025-05-14 - Philip N. Jefferson - Economic Outlook.txt,https://www.federalreserve.gov/newsevents/speech/jefferson20250514a.htm,0.0,Neutral,0.15,none,0.0,0.0,0.0,4,4,"[{""phrase"": ""incoming data"", ""direction"": ""neutral"", ""theme"": ""data_dependence"", ""count"": 1, ""weight"": 0.0, ""scaled_count"": 1.0, ""scaled_contribution"": 0.0, ""notes"": ""Neutral by default; can accompany hawkish or dovish decisions.""}, {""phrase"": ""evolving outlook"", ""direction"": ""neutral"", ""theme"": ""data_dependence"", ""count"": 1, ""weight"": 0.0, ""scaled_count"": 1.0, ""scaled_contribution"": 0.0, ""notes"": ""Neutral by default; can accompany hawkish or dovish decisions.""}, {""phrase"": ""balance of risks"", ""direction"": ""neutral"", ""theme"": ""data_dependence"", ""count"": 1, ""weight"": 0.0, ""scaled_count"": 1.0, ""scaled_contribution"": 0.0, ""notes"": ""Neutral by default; can accompany hawkish or dovish decisions.""}, {""phrase"": ""risks to both sides"", ""direction"": ""neutral"", ""theme"": ""balanced_risks"", ""count"": 1, ""weight"": 0.0, ""scaled_count"": 1.0, ""scaled_contribution"": 0.0, ""notes"": """"}]",scored,
FED_DOC_30051E8E98CA,FED,2025-05-14,Christopher J. Waller,The Role of Economic Research in Central Banking,Speeches,speech,FED_2025_05,data\FED\Speeches\2025-05-14 - Christopher J. Waller - The Role of Economic Research in Central Banking.txt,https://www.federalreserve.gov/newsevents/speech/waller20250514a.htm,-2.0,Neutral-Dovish,0.302,dovish,0.0,2.0,-2.0,1,1,"[{""phrase"": ""economic slack"", ""direction"": ""dovish"", ""theme"": ""recession_slack_risk"", ""count"": 1, ""weight"": -2.0, ""scaled_count"": 1.0, ""scaled_contribution"": -2.0, ""notes"": """"}]",scored,
FED_DOC_375034EB4A13,FED,2025-05-15,Opening Remarks,Opening Remarks,Speeches,speech,FED_2025_05,data\FED\Speeches\2025-05-15 - Opening Remarks - Opening Remarks.txt,https://www.federalreserve.gov/newsevents/speech/barr20250515a.htm,0.0,Neutral,0.0,none,0.0,0.0,0.0,0,0,[],scored,
FED_DOC_EA4E152AA4D9,FED,2025-05-19,Philip N. Jefferson,Liquidity Facilities: Purposes and Functions,Speeches,speech,FED_2025_05,data\FED\Speeches\2025-05-19 - Philip N. Jefferson - Liquidity Facilities_ Purposes and Functions.txt,https://www.federalreserve.gov/newsevents/speech/jefferson20250519a.htm,2.0,Neutral-Hawkish,0.302,hawkish,2.0,0.0,2.0,1,1,"[{""phrase"": ""target range for the federal funds rate"", ""direction"": ""hawkish"", ""theme"": ""restrictive_stance"", ""count"": 1, ""weight"": 2.0, ""scaled_count"": 1.0, ""scaled_contribution"": 2.0, ""notes"": ""FED-specific policy implementation phrasing; context matters for balance sheet phrases.""}]",scored,
FED_DOC_FCFF62A0FD6F,FED,2025-05-20,Commencement Remarks,Commencement Remarks,Speeches,speech,FED_2025_05,data\FED\Speeches\2025-05-20 - Commencement Remarks - Commencement Remarks.txt,https://www.federalreserve.gov/newsevents/speech/kugler20250520a.htm,0.0,Neutral,0.0,none,0.0,0.0,0.0,0,0,[],scored,
FED_DOC_27316DE6F12F,FED,2025-05-23,A View on Financial Stability,A View on Financial Stability,Speeches,speech,FED_2025_05,data\FED\Speeches\2025-05-23 - A View on Financial Stability - A View on Financial Stability.txt,https://www.federalreserve.gov/newsevents/speech/cook20250523a.htm,0.0,Neutral,0.0,none,0.0,0.0,0.0,0,0,[],scored,
FED_DOC_F4855C4DD12F,FED,2025-05-25,Jerome H. Powell,Baccalaureate Remarks,Speeches,speech,FED_2025_05,data\FED\Speeches\2025-05-25 - Jerome H. Powell - Baccalaureate Remarks.txt,https://www.federalreserve.gov/newsevents/speech/powell20250525a.htm,0.0,Neutral,0.0,none,0.0,0.0,0.0,0,0,[],scored,
FED_DOC_46EBEC1AC13F,FED,2025-05-29,Opening Remarks,Opening Remarks,Speeches,speech,FED_2025_05,data\FED\Speeches\2025-05-29 - Opening Remarks - Opening Remarks.txt,https://www.federalreserve.gov/newsevents/speech/kugler20250529a.htm,0.0,Neutral,0.0,none,0.0,0.0,0.0,0,0,[],scored,
FED_DOC_B73362F9427F,FED,2025-06-01,Christopher J. Waller,"The Effects of Tariffs on the Three Iâs: Inflation, Inflation Persistence, and Inflation Expectations",Speeches,speech,FED_2025_05,"data\FED\Speeches\2025-06-01 - Christopher J. Waller - The Effects of Tariffs on the Three Iâs_ Inflation, Inflation Persistence, and Inflation Expectations.txt",https://www.federalreserve.gov/newsevents/speech/waller20250601a.htm,8.828313737302302,Strongly Hawkish,0.574,hawkish,9.828313737302302,1.0,8.828313737302302,3,7,"[{""phrase"": ""inflation persistence"", ""direction"": ""hawkish"", ""theme"": ""inflation_persistence"", ""count"": 5, ""weight"": 3.0, ""scaled_count"": 2.6094379124341005, ""scaled_contribution"": 7.8283137373023015, ""notes"": """"}, {""phrase"": ""upside risks to inflation"", ""direction"": ""hawkish"", ""theme"": ""upside_inflation_risks"", ""count"": 1, ""weight"": 2.0, ""scaled_count"": 1.0, ""scaled_contribution"": 2.0, ""notes"": """"}, {""phrase"": ""progress on inflation"", ""direction"": ""dovish"", ""theme"": ""inflation_progress"", ""count"": 1, ""weight"": -1.0, ""scaled_count"": 1.0, ""scaled_contribution"": -1.0, ""notes"": """"}]",scored,
FED_DOC_D4034FCF52C1,FED,2025-06-02,Jerome H. Powell,Opening Remarks,Speeches,speech,FED_2025_05,data\FED\Speeches\2025-06-02 - Jerome H. Powell - Opening Remarks.txt,https://www.federalreserve.gov/newsevents/speech/powell20250602a.htm,0.0,Neutral,0.0,none,0.0,0.0,0.0,0,0,[],scored,
FED_DOC_F30041EB7E0D,FED,2025-06-03,Economic Outlook,Economic Outlook,Speeches,speech,FED_2025_05,data\FED\Speeches\2025-06-03 - Economic Outlook - Economic Outlook.txt,https://www.federalreserve.gov/newsevents/speech/cook20250603a.htm,2.0,Neutral-Hawkish,0.252,hawkish,3.0,1.0,2.0,3,3,"[{""phrase"": ""inflation expectations have risen"", ""direction"": ""hawkish"", ""theme"": ""inflation_expectations"", ""count"": 1, ""weight"": 3.0, ""scaled_count"": 1.0, ""scaled_contribution"": 3.0, ""notes"": """"}, {""phrase"": ""risks to both sides"", ""direction"": ""neutral"", ""theme"": ""balanced_risks"", ""count"": 1, ""weight"": 0.0, ""scaled_count"": 1.0, ""scaled_contribution"": 0.0, ""notes"": """"}, {""phrase"": ""inflation has declined"", ""direction"": ""dovish"", ""theme"": ""inflation_progress"", ""count"": 1, ""weight"": -1.0, ""scaled_count"": 1.0, ""scaled_contribution"": -1.0, ""notes"": """"}]",scored,
FED_DOC_99553F9575EE,FED,2025-06-04,Welcoming Remarks,Welcoming Remarks,Speeches,speech,FED_2025_05,data\FED\Speeches\2025-06-04 - Welcoming Remarks - Welcoming Remarks.txt,https://www.federalreserve.gov/newsevents/speech/cook20250604a.htm,0.0,Neutral,0.15,none,0.0,0.0,0.0,1,1,"[{""phrase"": ""incoming data"", ""direction"": ""neutral"", ""theme"": ""data_dependence"", ""count"": 1, ""weight"": 0.0, ""scaled_count"": 1.0, ""scaled_contribution"": 0.0, ""notes"": ""Neutral by default; can accompany hawkish or dovish decisions.""}]",scored,
FED_DOC_635B547DC7F9,FED,2025-06-05,Adriana D. Kugler,The Economic Outlook and Appropriate Monetary Policy,Speeches,speech,FED_2025_05,data\FED\Speeches\2025-06-05 - Adriana D. Kugler - The Economic Outlook and Appropriate Monetary Policy.txt,https://www.federalreserve.gov/newsevents/speech/kugler20250605a.htm,4.386294361119891,Hawkish,0.499,hawkish,7.386294361119891,3.0,4.386294361119891,5,6,"[{""phrase"": ""disinflation has slowed"", ""direction"": ""hawkish"", ""theme"": ""inflation_persistence"", ""count"": 1, ""weight"": 2.0, ""scaled_count"": 1.0, ""scaled_contribution"": 2.0, ""notes"": """"}, {""phrase"": ""upside risks to inflation"", ""direction"": ""hawkish"", ""theme"": ""upside_inflation_risks"", ""count"": 2, ""weight"": 2.0, ""scaled_count"": 1.6931471805599454, ""scaled_contribution"": 3.386294361119891, ""notes"": """"}, {""phrase"": ""greater upside risks to inflation"", ""direction"": ""hawkish"", ""theme"": ""upside_inflation_risks"", ""count"": 1, ""weight"": 2.0, ""scaled_count"": 1.0, ""scaled_contribution"": 2.0, ""notes"": """"}, {""phrase"": ""inflation has declined"", ""direction"": ""dovish"", ""theme"": ""inflation_progress"", ""count"": 1, ""weight"": -1.0, ""scaled_count"": 1.0, ""scaled_contribution"": -1.0, ""notes"": """"}, {""phrase"": ""disinflationary process"", ""direction"": ""dovish"", ""theme"": ""disinflation"", ""count"": 1, ""weight"": -2.0, ""scaled_count"": 1.0, ""scaled_contribution"": -2.0, ""notes"": """"}]",scored,
FED_DOC_BE72629825FD,FED,2025-06-06,Watch Live,Taking a Fresh Look at Supervision and Regulation,Speeches,speech,FED_2025_05,data\FED\Speeches\2025-06-06 - Watch Live - Taking a Fresh Look at Supervision and Regulation.txt,https://www.federalreserve.gov/newsevents/speech/bowman20250606a.htm,0.0,Neutral,0.0,none,0.0,0.0,0.0,0,0,[],scored,
FED_DOC_C2C6D118B0F9,FED,2025-06-18,,FOMC minutes,Minutes,minutes,FED_2025_06,data\FED\Minutes\2025-06-18 - FOMC minutes.txt,https://www.federalreserve.gov/monetarypolicy/files/fomcminutes20250618.pdf,8.591673732008658,Strongly Hawkish,0.617,hawkish,10.591673732008658,2.0,8.591673732008658,7,26,"[{""phrase"": ""upside risks to inflation"", ""direction"": ""hawkish"", ""theme"": ""upside_inflation_risks"", ""count"": 3, ""weight"": 2.0, ""scaled_count"": 2.09861228866811, ""scaled_contribution"": 4.19722457733622, ""notes"": """"}, {""phrase"": ""incoming data"", ""direction"": ""neutral"", ""theme"": ""data_dependence"", ""count"": 4, ""weight"": 0.0, ""scaled_count"": 2.386294361119891, ""scaled_contribution"": 0.0, ""notes"": ""Neutral by default; can accompany hawkish or dovish decisions.""}, {""phrase"": ""evolving outlook"", ""direction"": ""neutral"", ""theme"": ""data_dependence"", ""count"": 2, ""weight"": 0.0, ""scaled_count"": 1.6931471805599454, ""scaled_contribution"": 0.0, ""notes"": ""Neutral by default; can accompany hawkish or dovish decisions.""}, {""phrase"": ""balance of risks"", ""direction"": ""neutral"", ""theme"": ""data_dependence"", ""count"": 5, ""weight"": 0.0, ""scaled_count"": 2.6094379124341005, ""scaled_contribution"": 0.0, ""notes"": ""Neutral by default; can accompany hawkish or dovish decisions.""}, {""phrase"": ""risks to both sides"", ""direction"": ""neutral"", ""theme"": ""balanced_risks"", ""count"": 2, ""weight"": 0.0, ""scaled_count"": 1.6931471805599454, ""scaled_contribution"": 0.0, ""notes"": """"}, {""phrase"": ""downside risks to growth"", ""direction"": ""dovish"", ""theme"": ""downside_growth_risks"", ""count"": 1, ""weight"": -2.0, ""scaled_count"": 1.0, ""scaled_contribution"": -2.0, ""notes"": """"}, {""phrase"": ""target range for the federal funds rate"", ""direction"": ""hawkish"", ""theme"": ""restrictive_stance"", ""count"": 9, ""weight"": 2.0, ""scaled_count"": 3.1972245773362196, ""scaled_contribution"": 6.394449154672439, ""notes"": ""FED-specific policy implementation phrasing; context matters for balance sheet phrases.""}]",scored,
FED_DOC_9DAEA125EB24,FED,2025-06-18,,FOMC statement,Monetary Policy,statement,FED_2025_06,data\FED\Monetary Policy\2025-06-18 - FOMC statement.txt,https://www.federalreserve.gov/monetarypolicy/files/monetary20250618a1.pdf,3.386294361119891,Hawkish,0.349,hawkish,3.386294361119891,0.0,3.386294361119891,5,6,"[{""phrase"": ""incoming data"", ""direction"": ""neutral"", ""theme"": ""data_dependence"", ""count"": 1, ""weight"": 0.0, ""scaled_count"": 1.0, ""scaled_contribution"": 0.0, ""notes"": ""Neutral by default; can accompany hawkish or dovish decisions.""}, {""phrase"": ""evolving outlook"", ""direction"": ""neutral"", ""theme"": ""data_dependence"", ""count"": 1, ""weight"": 0.0, ""scaled_count"": 1.0, ""scaled_contribution"": 0.0, ""notes"": ""Neutral by default; can accompany hawkish or dovish decisions.""}, {""phrase"": ""balance of risks"", ""direction"": ""neutral"", ""theme"": ""data_dependence"", ""count"": 1, ""weight"": 0.0, ""scaled_count"": 1.0, ""scaled_contribution"": 0.0, ""notes"": ""Neutral by default; can accompany hawkish or dovish decisions.""}, {""phrase"": ""risks to both sides"", ""direction"": ""neutral"", ""theme"": ""balanced_risks"", ""count"": 1, ""weight"": 0.0, ""scaled_count"": 1.0, ""scaled_contribution"": 0.0, ""notes"": """"}, {""phrase"": ""target range for the federal funds rate"", ""direction"": ""hawkish"", ""theme"": ""restrictive_stance"", ""count"": 2, ""weight"": 2.0, ""scaled_count"": 1.6931471805599454, ""scaled_contribution"": 3.386294361119891, ""notes"": ""FED-specific policy implementation phrasing; context matters for balance sheet phrases.""}]",scored,
FED_DOC_B21CBB02A1E4,FED,2025-06-23,Michelle W. Bowman,Unintended Policy Shifts and Unexpected Consequences,Speeches,speech,FED_2025_06,data\FED\Speeches\2025-06-23 - Michelle W. Bowman - Unintended Policy Shifts and Unexpected Consequences.txt,https://www.federalreserve.gov/newsevents/speech/bowman20250623a.htm,-1.0,Neutral-Dovish,0.316,dovish,2.0,3.0,-1.0,6,8,"[{""phrase"": ""incoming data"", ""direction"": ""neutral"", ""theme"": ""data_dependence"", ""count"": 1, ""weight"": 0.0, ""scaled_count"": 1.0, ""scaled_contribution"": 0.0, ""notes"": ""Neutral by default; can accompany hawkish or dovish decisions.""}, {""phrase"": ""balance of risks"", ""direction"": ""neutral"", ""theme"": ""data_dependence"", ""count"": 3, ""weight"": 0.0, ""scaled_count"": 2.09861228866811, ""scaled_contribution"": 0.0, ""notes"": ""Neutral by default; can accompany hawkish or dovish decisions.""}, {""phrase"": ""risks to both sides"", ""direction"": ""neutral"", ""theme"": ""balanced_risks"", ""count"": 1, ""weight"": 0.0, ""scaled_count"": 1.0, ""scaled_contribution"": 0.0, ""notes"": """"}, {""phrase"": ""inflation has declined"", ""direction"": ""dovish"", ""theme"": ""inflation_progress"", ""count"": 1, ""weight"": -1.0, ""scaled_count"": 1.0, ""scaled_contribution"": -1.0, ""notes"": """"}, {""phrase"": ""slack in the economy"", ""direction"": ""dovish"", ""theme"": ""recession_slack_risk"", ""count"": 1, ""weight"": -2.0, ""scaled_count"": 1.0, ""scaled_contribution"": -2.0, ""notes"": """"}, {""phrase"": ""target range for the federal funds rate"", ""direction"": ""hawkish"", ""theme"": ""restrictive_stance"", ""count"": 1, ""weight"": 2.0, ""scaled_count"": 1.0, ""scaled_contribution"": 2.0, ""notes"": ""FED-specific policy implementation phrasing; context matters for balance sheet phrases.""}]",scored,
FED_DOC_6798A4B4DCD9,FED,2025-06-23,Welcoming Remarks,Welcoming Remarks,Speeches,speech,FED_2025_06,data\FED\Speeches\2025-06-23 - Welcoming Remarks - Welcoming Remarks.txt,https://www.federalreserve.gov/newsevents/speech/kugler20250623a.htm,0.0,Neutral,0.0,none,0.0,0.0,0.0,0,0,[],scored,
FED_DOC_84A53E8BC692,FED,2025-06-24,Opening Remarks,Opening Remarks,Speeches,speech,FED_2025_06,data\FED\Speeches\2025-06-24 - Opening Remarks - Opening Remarks.txt,https://www.federalreserve.gov/newsevents/speech/barr20250624a.htm,3.0,Hawkish,0.365,hawkish,3.0,0.0,3.0,2,2,"[{""phrase"": ""inflation persistence"", ""direction"": ""hawkish"", ""theme"": ""inflation_persistence"", ""count"": 1, ""weight"": 3.0, ""scaled_count"": 1.0, ""scaled_contribution"": 3.0, ""notes"": """"}, {""phrase"": ""wait and see"", ""direction"": ""neutral"", ""theme"": ""data_dependence"", ""count"": 1, ""weight"": 0.0, ""scaled_count"": 1.0, ""scaled_contribution"": 0.0, ""notes"": ""Neutral by default; can accompany hawkish or dovish decisions.""}]",scored,
FED_DOC_A3D92C551FEE,FED,2025-06-26,Michael S. Barr,Community Development at the Federal Reserve,Speeches,speech,FED_2025_06,data\FED\Speeches\2025-06-26 - Michael S. Barr - Community Development at the Federal Reserve.txt,https://www.federalreserve.gov/newsevents/speech/barr20250626a.htm,3.0,Hawkish,0.365,hawkish,3.0,0.0,3.0,2,2,"[{""phrase"": ""inflation persistence"", ""direction"": ""hawkish"", ""theme"": ""inflation_persistence"", ""count"": 1, ""weight"": 3.0, ""scaled_count"": 1.0, ""scaled_contribution"": 3.0, ""notes"": """"}, {""phrase"": ""wait and see"", ""direction"": ""neutral"", ""theme"": ""data_dependence"", ""count"": 1, ""weight"": 0.0, ""scaled_count"": 1.0, ""scaled_contribution"": 0.0, ""notes"": ""Neutral by default; can accompany hawkish or dovish decisions.""}]",scored,
FED_DOC_DB98A8730080,FED,2025-07-10,Christopher J. Waller,Demystifying the Federal Reserve's Balance Sheet,Speeches,speech,FED_2025_06,data\FED\Speeches\2025-07-10 - Christopher J. Waller - Demystifying the Federal Reserve's Balance Sheet.txt,https://www.federalreserve.gov/newsevents/speech/waller20250710a.htm,0.0,Neutral,0.0,none,0.0,0.0,0.0,0,0,[],scored,
FED_DOC_040E145A4C99,FED,2025-07-15,Expanding Financial Inclusion,Expanding Financial Inclusion,Speeches,speech,FED_2025_06,data\FED\Speeches\2025-07-15 - Expanding Financial Inclusion - Expanding Financial Inclusion.txt,https://www.federalreserve.gov/newsevents/speech/barr20250715a.htm,0.0,Neutral,0.0,none,0.0,0.0,0.0,0,0,[],scored,
FED_DOC_D7A16662B5A3,FED,2025-07-15,Welcoming Remarks,Welcoming Remarks,Speeches,speech,FED_2025_06,data\FED\Speeches\2025-07-15 - Welcoming Remarks - Welcoming Remarks.txt,https://www.federalreserve.gov/newsevents/speech/bowman20250715a.htm,0.0,Neutral,0.0,none,0.0,0.0,0.0,0,0,[],scored,
FED_DOC_C371049E586C,FED,2025-07-16,Michael S. Barr,Booms and Busts and the Regulatory Cycle,Speeches,speech,FED_2025_06,data\FED\Speeches\2025-07-16 - Michael S. Barr - Booms and Busts and the Regulatory Cycle.txt,https://www.federalreserve.gov/newsevents/speech/barr20250716a.htm,0.0,Neutral,0.0,none,0.0,0.0,0.0,0,0,[],scored,
FED_DOC_B8CC5594432F,FED,2025-07-17,Adriana D. Kugler,A View of the Housing Market and U.S. Economic Outlook,Speeches,speech,FED_2025_06,data\FED\Speeches\2025-07-17 - Adriana D. Kugler - A View of the Housing Market and U.S. Economic Outlook.txt,https://www.federalreserve.gov/newsevents/speech/kugler20250717a.htm,0.0,Neutral,0.15,none,0.0,0.0,0.0,2,2,"[{""phrase"": ""evolving outlook"", ""direction"": ""neutral"", ""theme"": ""data_dependence"", ""count"": 1, ""weight"": 0.0, ""scaled_count"": 1.0, ""scaled_contribution"": 0.0, ""notes"": ""Neutral by default; can accompany hawkish or dovish decisions.""}, {""phrase"": ""risks to both sides"", ""direction"": ""neutral"", ""theme"": ""balanced_risks"", ""count"": 1, ""weight"": 0.0, ""scaled_count"": 1.0, ""scaled_contribution"": 0.0, ""notes"": """"}]",scored,
FED_DOC_2B2B8E10C95E,FED,2025-07-17,Lisa D. Cook,AI: A Fed Policymaker's View,Speeches,speech,FED_2025_06,data\FED\Speeches\2025-07-17 - Lisa D. Cook - AI_ A Fed Policymaker's View.txt,https://www.federalreserve.gov/newsevents/speech/cook20250717a.htm,0.0,Neutral,0.15,none,0.0,0.0,0.0,3,3,"[{""phrase"": ""incoming data"", ""direction"": ""neutral"", ""theme"": ""data_dependence"", ""count"": 1, ""weight"": 0.0, ""scaled_count"": 1.0, ""scaled_contribution"": 0.0, ""notes"": ""Neutral by default; can accompany hawkish or dovish decisions.""}, {""phrase"": ""evolving outlook"", ""direction"": ""neutral"", ""theme"": ""data_dependence"", ""count"": 1, ""weight"": 0.0, ""scaled_count"": 1.0, ""scaled_contribution"": 0.0, ""notes"": ""Neutral by default; can accompany hawkish or dovish decisions.""}, {""phrase"": ""risks to both sides"", ""direction"": ""neutral"", ""theme"": ""balanced_risks"", ""count"": 1, ""weight"": 0.0, ""scaled_count"": 1.0, ""scaled_contribution"": 0.0, ""notes"": """"}]",scored,
FED_DOC_F21861C74D89,FED,2025-07-17,The Case for Cutting Now,The Case for Cutting Now,Speeches,speech,FED_2025_06,data\FED\Speeches\2025-07-17 - The Case for Cutting Now - The Case for Cutting Now.txt,https://www.federalreserve.gov/newsevents/speech/waller20250717a.htm,5.0,Hawkish,0.514,hawkish,7.0,2.0,5.0,4,4,"[{""phrase"": ""inflation persistence"", ""direction"": ""hawkish"", ""theme"": ""inflation_persistence"", ""count"": 1, ""weight"": 3.0, ""scaled_count"": 1.0, ""scaled_contribution"": 3.0, ""notes"": """"}, {""phrase"": ""upside risks to inflation"", ""direction"": ""hawkish"", ""theme"": ""upside_inflation_risks"", ""count"": 1, ""weight"": 2.0, ""scaled_count"": 1.0, ""scaled_contribution"": 2.0, ""notes"": """"}, {""phrase"": ""close to neutral"", ""direction"": ""dovish"", ""theme"": ""easing_cut_bias"", ""count"": 1, ""weight"": -2.0, ""scaled_count"": 1.0, ""scaled_contribution"": -2.0, ""notes"": """"}, {""phrase"": ""target range for the federal funds rate"", ""direction"": ""hawkish"", ""theme"": ""restrictive_stance"", ""count"": 1, ""weight"": 2.0, ""scaled_count"": 1.0, ""scaled_contribution"": 2.0, ""notes"": ""FED-specific policy implementation phrasing; context matters for balance sheet phrases.""}]",scored,
FED_DOC_F80C58D5C881,FED,2025-07-22,Jerome H. Powell,Opening Remarks,Speeches,speech,FED_2025_06,data\FED\Speeches\2025-07-22 - Jerome H. Powell - Opening Remarks.txt,https://www.federalreserve.gov/newsevents/speech/powell20250722a.htm,0.0,Neutral,0.0,none,0.0,0.0,0.0,0,0,[],scored,
FED_DOC_33A96A3F4A4A,FED,2025-07-30,,FOMC minutes,Minutes,minutes,FED_2025_07,data\FED\Minutes\2025-07-30 - FOMC minutes.txt,https://www.federalreserve.gov/monetarypolicy/files/fomcminutes20250730.pdf,5.407945608651872,Hawkish,0.635,hawkish,11.605170185988092,6.19722457733622,5.407945608651872,9,30,"[{""phrase"": ""inflation persistence"", ""direction"": ""hawkish"", ""theme"": ""inflation_persistence"", ""count"": 1, ""weight"": 3.0, ""scaled_count"": 1.0, ""scaled_contribution"": 3.0, ""notes"": """"}, {""phrase"": ""upside risks to inflation"", ""direction"": ""hawkish"", ""theme"": ""upside_inflation_risks"", ""count"": 1, ""weight"": 2.0, ""scaled_count"": 1.0, ""scaled_contribution"": 2.0, ""notes"": """"}, {""phrase"": ""incoming data"", ""direction"": ""neutral"", ""theme"": ""data_dependence"", ""count"": 5, ""weight"": 0.0, ""scaled_count"": 2.6094379124341005, ""scaled_contribution"": 0.0, ""notes"": ""Neutral by default; can accompany hawkish or dovish decisions.""}, {""phrase"": ""evolving outlook"", ""direction"": ""neutral"", ""theme"": ""data_dependence"", ""count"": 2, ""weight"": 0.0, ""scaled_count"": 1.6931471805599454, ""scaled_contribution"": 0.0, ""notes"": ""Neutral by default; can accompany hawkish or dovish decisions.""}, {""phrase"": ""balance of risks"", ""direction"": ""neutral"", ""theme"": ""data_dependence"", ""count"": 4, ""weight"": 0.0, ""scaled_count"": 2.386294361119891, ""scaled_contribution"": 0.0, ""notes"": ""Neutral by default; can accompany hawkish or dovish decisions.""}, {""phrase"": ""risks to both sides"", ""direction"": ""neutral"", ""theme"": ""balanced_risks"", ""count"": 3, ""weight"": 0.0, ""scaled_count"": 2.09861228866811, ""scaled_contribution"": 0.0, ""notes"": """"}, {""phrase"": ""economic slack"", ""direction"": ""dovish"", ""theme"": ""recession_slack_risk"", ""count"": 1, ""weight"": -2.0, ""scaled_count"": 1.0, ""scaled_contribution"": -2.0, ""notes"": """"}, {""phrase"": ""target range for the federal funds rate"", ""direction"": ""hawkish"", ""theme"": ""restrictive_stance"", ""count"": 10, ""weight"": 2.0, ""scaled_count"": 3.302585092994046, ""scaled_contribution"": 6.605170185988092, ""notes"": ""FED-specific policy implementation phrasing; context matters for balance sheet phrases.""}, {""phrase"": ""lower the target range"", ""direction"": ""dovish"", ""theme"": ""easing_cut_bias"", ""count"": 3, ""weight"": -2.0, ""scaled_count"": 2.09861228866811, ""scaled_contribution"": -4.19722457733622, ""notes"": ""Balance sheet language may not map one-for-one to rate stance.""}]",scored,
FED_DOC_071349E655F3,FED,2025-07-30,,FOMC statement,Monetary Policy,statement,FED_2025_07,data\FED\Monetary Policy\2025-07-30 - FOMC statement.txt,https://www.federalreserve.gov/monetarypolicy/files/monetary20250730a1.pdf,2.19722457733622,Neutral-Hawkish,0.378,hawkish,4.19722457733622,2.0,2.19722457733622,6,8,"[{""phrase"": ""incoming data"", ""direction"": ""neutral"", ""theme"": ""data_dependence"", ""count"": 1, ""weight"": 0.0, ""scaled_count"": 1.0, ""scaled_contribution"": 0.0, ""notes"": ""Neutral by default; can accompany hawkish or dovish decisions.""}, {""phrase"": ""evolving outlook"", ""direction"": ""neutral"", ""theme"": ""data_dependence"", ""count"": 1, ""weight"": 0.0, ""scaled_count"": 1.0, ""scaled_contribution"": 0.0, ""notes"": ""Neutral by default; can accompany hawkish or dovish decisions.""}, {""phrase"": ""balance of risks"", ""direction"": ""neutral"", ""theme"": ""data_dependence"", ""count"": 1, ""weight"": 0.0, ""scaled_count"": 1.0, ""scaled_contribution"": 0.0, ""notes"": ""Neutral by default; can accompany hawkish or dovish decisions.""}, {""phrase"": ""risks to both sides"", ""direction"": ""neutral"", ""theme"": ""balanced_risks"", ""count"": 1, ""weight"": 0.0, ""scaled_count"": 1.0, ""scaled_contribution"": 0.0, ""notes"": """"}, {""phrase"": ""target range for the federal funds rate"", ""direction"": ""hawkish"", ""theme"": ""restrictive_stance"", ""count"": 3, ""weight"": 2.0, ""scaled_count"": 2.09861228866811, ""scaled_contribution"": 4.19722457733622, ""notes"": ""FED-specific policy implementation phrasing; context matters for balance sheet phrases.""}, {""phrase"": ""lower the target range"", ""direction"": ""dovish"", ""theme"": ""easing_cut_bias"", ""count"": 1, ""weight"": -2.0, ""scaled_count"": 1.0, ""scaled_contribution"": -2.0, ""notes"": ""Balance sheet language may not map one-for-one to rate stance.""}]",scored,
FED_DOC_78729FD1BC78,FED,2025-08-01,Christopher J. Waller,Statement by Governor Christopher J. Waller,Speeches,speech,FED_2025_07,data\FED\Speeches\2025-08-01 - Christopher J. Waller - Statement by Governor Christopher J. Waller.txt,https://www.federalreserve.gov/newsevents/speech/waller20250801a.htm,0.0,Neutral,0.155,none,2.0,2.0,0.0,4,5,"[{""phrase"": ""upside risks to inflation"", ""direction"": ""hawkish"", ""theme"": ""upside_inflation_risks"", ""count"": 1, ""weight"": 2.0, ""scaled_count"": 1.0, ""scaled_contribution"": 2.0, ""notes"": """"}, {""phrase"": ""incoming data"", ""direction"": ""neutral"", ""theme"": ""data_dependence"", ""count"": 1, ""weight"": 0.0, ""scaled_count"": 1.0, ""scaled_contribution"": 0.0, ""notes"": ""Neutral by default; can accompany hawkish or dovish decisions.""}, {""phrase"": ""wait and see"", ""direction"": ""neutral"", ""theme"": ""data_dependence"", ""count"": 2, ""weight"": 0.0, ""scaled_count"": 1.6931471805599454, ""scaled_contribution"": 0.0, ""notes"": ""Neutral by default; can accompany hawkish or dovish decisions.""}, {""phrase"": ""close to neutral"", ""direction"": ""dovish"", ""theme"": ""easing_cut_bias"", ""count"": 1, ""weight"": -2.0, ""scaled_count"": 1.0, ""scaled_contribution"": -2.0, ""notes"": """"}]",scored,
FED_DOC_F4B45AF4E5DB,FED,2025-08-01,Michelle W. Bowman,Statement by Vice Chair for Supervision Michelle W. Bowman,Speeches,speech,FED_2025_07,data\FED\Speeches\2025-08-01 - Michelle W. Bowman - Statement by Vice Chair for Supervision Michelle W. Bowman.txt,https://www.federalreserve.gov/newsevents/speech/bowman20250801a.htm,3.386294361119891,Hawkish,0.435,hawkish,5.386294361119891,2.0,3.386294361119891,3,4,"[{""phrase"": ""upside risks to price stability"", ""direction"": ""hawkish"", ""theme"": ""upside_inflation_risks"", ""count"": 1, ""weight"": 2.0, ""scaled_count"": 1.0, ""scaled_contribution"": 2.0, ""notes"": """"}, {""phrase"": ""target range for the federal funds rate"", ""direction"": ""hawkish"", ""theme"": ""restrictive_stance"", ""count"": 2, ""weight"": 2.0, ""scaled_count"": 1.6931471805599454, ""scaled_contribution"": 3.386294361119891, ""notes"": ""FED-specific policy implementation phrasing; context matters for balance sheet phrases.""}, {""phrase"": ""lower the target range"", ""direction"": ""dovish"", ""theme"": ""easing_cut_bias"", ""count"": 1, ""weight"": -2.0, ""scaled_count"": 1.0, ""scaled_contribution"": -2.0, ""notes"": ""Balance sheet language may not map one-for-one to rate stance.""}]",scored,
FED_DOC_425C4974F38D,FED,2025-08-09,Michelle W. Bowman,Thoughts on the Economy and Community Bank Capital,Speeches,speech,FED_2025_07,data\FED\Speeches\2025-08-09 - Michelle W. Bowman - Thoughts on the Economy and Community Bank Capital.txt,https://www.federalreserve.gov/newsevents/speech/bowman20250809a.htm,1.0,Neutral-Hawkish,0.421,hawkish,7.0,6.0,1.0,7,8,"[{""phrase"": ""inflation remains elevated"", ""direction"": ""hawkish"", ""theme"": ""inflation_too_high"", ""count"": 1, ""weight"": 3.0, ""scaled_count"": 1.0, ""scaled_contribution"": 3.0, ""notes"": """"}, {""phrase"": ""upside risks to price stability"", ""direction"": ""hawkish"", ""theme"": ""upside_inflation_risks"", ""count"": 1, ""weight"": 2.0, ""scaled_count"": 1.0, ""scaled_contribution"": 2.0, ""notes"": """"}, {""phrase"": ""incoming data"", ""direction"": ""neutral"", ""theme"": ""data_dependence"", ""count"": 2, ""weight"": 0.0, ""scaled_count"": 1.6931471805599454, ""scaled_contribution"": 0.0, ""notes"": ""Neutral by default; can accompany hawkish or dovish decisions.""}, {""phrase"": ""remove some policy restraint"", ""direction"": ""dovish"", ""theme"": ""easing_cut_bias"", ""count"": 1, ""weight"": -2.0, ""scaled_count"": 1.0, ""scaled_contribution"": -2.0, ""notes"": """"}, {""phrase"": ""slack in the economy"", ""direction"": ""dovish"", ""theme"": ""recession_slack_risk"", ""count"": 1, ""weight"": -2.0, ""scaled_count"": 1.0, ""scaled_contribution"": -2.0, ""notes"": """"}, {""phrase"": ""sharp slowdown"", ""direction"": ""dovish"", ""theme"": ""recession_slack_risk"", ""count"": 1, ""weight"": -2.0, ""scaled_count"": 1.0, ""scaled_contribution"": -2.0, ""notes"": """"}, {""phrase"": ""target range for the federal funds rate"", ""direction"": ""hawkish"", ""theme"": ""restrictive_stance"", ""count"": 1, ""weight"": 2.0, ""scaled_count"": 1.0, ""scaled_contribution"": 2.0, ""notes"": ""FED-specific policy implementation phrasing; context matters for balance sheet phrases.""}]",scored,
FED_DOC_1927AA70A0AA,FED,2025-08-19,Embracing Innovation,Embracing Innovation,Speeches,speech,FED_2025_07,data\FED\Speeches\2025-08-19 - Embracing Innovation - Embracing Innovation.txt,https://www.federalreserve.gov/newsevents/speech/bowman20250819a.htm,0.0,Neutral,0.0,none,0.0,0.0,0.0,0,0,[],scored,
FED_DOC_49BCECDED3C4,FED,2025-08-20,Technological Advancements in Payments,Technological Advancements in Payments,Speeches,speech,FED_2025_07,data\FED\Speeches\2025-08-20 - Technological Advancements in Payments - Technological Advancements in Payments.txt,https://www.federalreserve.gov/newsevents/speech/waller20250820a.htm,0.0,Neutral,0.0,none,0.0,0.0,0.0,0,0,[],scored,
FED_DOC_071377F69523,FED,2025-08-22,,Statement on Longer-Run Goals and Monetary Policy Strategy,Monetary Policy,statement,FED_2025_07,data\FED\Monetary Policy\2025-08-22 - Statement on Longer-Run Goals and Monetary Policy Strategy.txt,https://www.federalreserve.gov/newsevents/pressreleases/monetary20250822a.htm,0.0,Neutral,0.0,none,0.0,0.0,0.0,0,0,[],scored,
FED_DOC_5D9DF8DDF930,FED,2025-08-22,Jerome H. Powell,Monetary Policy and the Fedâs Framework Review,Speeches,speech,FED_2025_07,data\FED\Speeches\2025-08-22 - Jerome H. Powell - Monetary Policy and the Fedâs Framework Review.txt,https://www.federalreserve.gov/newsevents/speech/powell20250822a.htm,3.0,Hawkish,0.414,hawkish,5.0,2.0,3.0,6,9,"[{""phrase"": ""upside risks to inflation"", ""direction"": ""hawkish"", ""theme"": ""upside_inflation_risks"", ""count"": 1, ""weight"": 2.0, ""scaled_count"": 1.0, ""scaled_contribution"": 2.0, ""notes"": """"}, {""phrase"": ""risks to inflation are tilted to the upside"", ""direction"": ""hawkish"", ""theme"": ""upside_inflation_risks"", ""count"": 1, ""weight"": 2.0, ""scaled_count"": 1.0, ""scaled_contribution"": 2.0, ""notes"": """"}, {""phrase"": ""restrictive territory"", ""direction"": ""hawkish"", ""theme"": ""restrictive_stance"", ""count"": 1, ""weight"": 1.0, ""scaled_count"": 1.0, ""scaled_contribution"": 1.0, ""notes"": """"}, {""phrase"": ""balance of risks"", ""direction"": ""neutral"", ""theme"": ""data_dependence"", ""count"": 4, ""weight"": 0.0, ""scaled_count"": 2.386294361119891, ""scaled_contribution"": 0.0, ""notes"": ""Neutral by default; can accompany hawkish or dovish decisions.""}, {""phrase"": ""proceed carefully"", ""direction"": ""neutral"", ""theme"": ""data_dependence"", ""count"": 1, ""weight"": 0.0, ""scaled_count"": 1.0, ""scaled_contribution"": 0.0, ""notes"": ""Neutral by default; can accompany hawkish or dovish decisions.""}, {""phrase"": ""slack in the economy"", ""direction"": ""dovish"", ""theme"": ""recession_slack_risk"", ""count"": 1, ""weight"": -2.0, ""scaled_count"": 1.0, ""scaled_contribution"": -2.0, ""notes"": """"}]",scored,
FED_DOC_AD10AEC9D012,FED,2025-08-28,Christopher J. Waller,Letâs Get On with It,Speeches,speech,FED_2025_07,data\FED\Speeches\2025-08-28 - Christopher J. Waller - Letâs Get On with It.txt,https://www.federalreserve.gov/newsevents/speech/waller20250828a.htm,2.0,Neutral-Hawkish,0.302,hawkish,2.0,0.0,2.0,2,2,"[{""phrase"": ""upside risks to inflation"", ""direction"": ""hawkish"", ""theme"": ""upside_inflation_risks"", ""count"": 1, ""weight"": 2.0, ""scaled_count"": 1.0, ""scaled_contribution"": 2.0, ""notes"": """"}, {""phrase"": ""incoming data"", ""direction"": ""neutral"", ""theme"": ""data_dependence"", ""count"": 1, ""weight"": 0.0, ""scaled_count"": 1.0, ""scaled_contribution"": 0.0, ""notes"": ""Neutral by default; can accompany hawkish or dovish decisions.""}]",scored,
FED_DOC_24ED074230BE,FED,2025-09-17,,FOMC minutes,Minutes,minutes,FED_2025_09,data\FED\Minutes\2025-09-17 - FOMC minutes.txt,https://www.federalreserve.gov/monetarypolicy/files/fomcminutes20250917.pdf,4.772588722239782,Hawkish,0.547,hawkish,9.991464547107983,5.218875824868201,4.772588722239782,7,31,"[{""phrase"": ""upside risks to inflation"", ""direction"": ""hawkish"", ""theme"": ""upside_inflation_risks"", ""count"": 2, ""weight"": 2.0, ""scaled_count"": 1.6931471805599454, ""scaled_contribution"": 3.386294361119891, ""notes"": """"}, {""phrase"": ""incoming data"", ""direction"": ""neutral"", ""theme"": ""data_dependence"", ""count"": 3, ""weight"": 0.0, ""scaled_count"": 2.09861228866811, ""scaled_contribution"": 0.0, ""notes"": ""Neutral by default; can accompany hawkish or dovish decisions.""}, {""phrase"": ""evolving outlook"", ""direction"": ""neutral"", ""theme"": ""data_dependence"", ""count"": 2, ""weight"": 0.0, ""scaled_count"": 1.6931471805599454, ""scaled_contribution"": 0.0, ""notes"": ""Neutral by default; can accompany hawkish or dovish decisions.""}, {""phrase"": ""balance of risks"", ""direction"": ""neutral"", ""theme"": ""data_dependence"", ""count"": 7, ""weight"": 0.0, ""scaled_count"": 2.9459101490553135, ""scaled_contribution"": 0.0, ""notes"": ""Neutral by default; can accompany hawkish or dovish decisions.""}, {""phrase"": ""risks to both sides"", ""direction"": ""neutral"", ""theme"": ""balanced_risks"", ""count"": 2, ""weight"": 0.0, ""scaled_count"": 1.6931471805599454, ""scaled_contribution"": 0.0, ""notes"": """"}, {""phrase"": ""target range for the federal funds rate"", ""direction"": ""hawkish"", ""theme"": ""restrictive_stance"", ""count"": 10, ""weight"": 2.0, ""scaled_count"": 3.302585092994046, ""scaled_contribution"": 6.605170185988092, ""notes"": ""FED-specific policy implementation phrasing; context matters for balance sheet phrases.""}, {""phrase"": ""lower the target range"", ""direction"": ""dovish"", ""theme"": ""easing_cut_bias"", ""count"": 5, ""weight"": -2.0, ""scaled_count"": 2.6094379124341005, ""scaled_contribution"": -5.218875824868201, ""notes"": ""Balance sheet language may not map one-for-one to rate stance.""}]",scored,
FED_DOC_4B2F70170969,FED,2025-09-17,,FOMC statement,Monetary Policy,statement,FED_2025_09,data\FED\Monetary Policy\2025-09-17 - FOMC statement.txt,https://www.federalreserve.gov/monetarypolicy/files/monetary20250917a1.pdf,0.8109302162163292,Neutral-Hawkish,0.325,hawkish,4.19722457733622,3.386294361119891,0.8109302162163292,6,10,"[{""phrase"": ""incoming data"", ""direction"": ""neutral"", ""theme"": ""data_dependence"", ""count"": 1, ""weight"": 0.0, ""scaled_count"": 1.0, ""scaled_contribution"": 0.0, ""notes"": ""Neutral by default; can accompany hawkish or dovish decisions.""}, {""phrase"": ""evolving outlook"", ""direction"": ""neutral"", ""theme"": ""data_dependence"", ""count"": 1, ""weight"": 0.0, ""scaled_count"": 1.0, ""scaled_contribution"": 0.0, ""notes"": ""Neutral by default; can accompany hawkish or dovish decisions.""}, {""phrase"": ""balance of risks"", ""direction"": ""neutral"", ""theme"": ""data_dependence"", ""count"": 2, ""weight"": 0.0, ""scaled_count"": 1.6931471805599454, ""scaled_contribution"": 0.0, ""notes"": ""Neutral by default; can accompany hawkish or dovish decisions.""}, {""phrase"": ""risks to both sides"", ""direction"": ""neutral"", ""theme"": ""balanced_risks"", ""count"": 1, ""weight"": 0.0, ""scaled_count"": 1.0, ""scaled_contribution"": 0.0, ""notes"": """"}, {""phrase"": ""target range for the federal funds rate"", ""direction"": ""hawkish"", ""theme"": ""restrictive_stance"", ""count"": 3, ""weight"": 2.0, ""scaled_count"": 2.09861228866811, ""scaled_contribution"": 4.19722457733622, ""notes"": ""FED-specific policy implementation phrasing; context matters for balance sheet phrases.""}, {""phrase"": ""lower the target range"", ""direction"": ""dovish"", ""theme"": ""easing_cut_bias"", ""count"": 2, ""weight"": -2.0, ""scaled_count"": 1.6931471805599454, ""scaled_contribution"": -3.386294361119891, ""notes"": ""Balance sheet language may not map one-for-one to rate stance.""}]",scored,
FED_DOC_CBAB127CB945,FED,2025-09-22,Stephen I. Miran,Nonmonetary Forces and Appropriate Monetary Policy,Speeches,speech,FED_2025_09,data\FED\Speeches\2025-09-22 - Stephen I. Miran - Nonmonetary Forces and Appropriate Monetary Policy.txt,https://www.federalreserve.gov/newsevents/speech/miran20250922a.htm,1.0,Neutral-Hawkish,0.239,hawkish,1.0,0.0,1.0,1,1,"[{""phrase"": ""restrictive territory"", ""direction"": ""hawkish"", ""theme"": ""restrictive_stance"", ""count"": 1, ""weight"": 1.0, ""scaled_count"": 1.0, ""scaled_contribution"": 1.0, ""notes"": """"}]",scored,
FED_DOC_D24462A86705,FED,2025-09-23,Jerome H. Powell,Economic Outlook,Speeches,speech,FED_2025_09,data\FED\Speeches\2025-09-23 - Jerome H. Powell - Economic Outlook.txt,https://www.federalreserve.gov/newsevents/speech/powell20250923a.htm,5.0,Hawkish,0.489,hawkish,6.0,1.0,5.0,8,11,"[{""phrase"": ""inflation remains high"", ""direction"": ""hawkish"", ""theme"": ""inflation_too_high"", ""count"": 1, ""weight"": 2.0, ""scaled_count"": 1.0, ""scaled_contribution"": 2.0, ""notes"": """"}, {""phrase"": ""risks to inflation are tilted to the upside"", ""direction"": ""hawkish"", ""theme"": ""upside_inflation_risks"", ""count"": 1, ""weight"": 2.0, ""scaled_count"": 1.0, ""scaled_contribution"": 2.0, ""notes"": """"}, {""phrase"": ""incoming data"", ""direction"": ""neutral"", ""theme"": ""data_dependence"", ""count"": 2, ""weight"": 0.0, ""scaled_count"": 1.6931471805599454, ""scaled_contribution"": 0.0, ""notes"": ""Neutral by default; can accompany hawkish or dovish decisions.""}, {""phrase"": ""evolving outlook"", ""direction"": ""neutral"", ""theme"": ""data_dependence"", ""count"": 1, ""weight"": 0.0, ""scaled_count"": 1.0, ""scaled_contribution"": 0.0, ""notes"": ""Neutral by default; can accompany hawkish or dovish decisions.""}, {""phrase"": ""balance of risks"", ""direction"": ""neutral"", ""theme"": ""data_dependence"", ""count"": 3, ""weight"": 0.0, ""scaled_count"": 2.09861228866811, ""scaled_contribution"": 0.0, ""notes"": ""Neutral by default; can accompany hawkish or dovish decisions.""}, {""phrase"": ""two-sided risks"", ""direction"": ""neutral"", ""theme"": ""balanced_risks"", ""count"": 1, ""weight"": 0.0, ""scaled_count"": 1.0, ""scaled_contribution"": 0.0, ""notes"": """"}, {""phrase"": ""inflation has eased"", ""direction"": ""dovish"", ""theme"": ""inflation_progress"", ""count"": 1, ""weight"": -1.0, ""scaled_count"": 1.0, ""scaled_contribution"": -1.0, ""notes"": """"}, {""phrase"": ""target range for the federal funds rate"", ""direction"": ""hawkish"", ""theme"": ""restrictive_stance"", ""count"": 1, ""weight"": 2.0, ""scaled_count"": 1.0, ""scaled_contribution"": 2.0, ""notes"": ""FED-specific policy implementation phrasing; context matters for balance sheet phrases.""}]",scored,
FED_DOC_A0E15CEE4A0B,FED,2025-09-23,Closing Thoughts,Views on the Economy and Monetary Policy,Speeches,speech,FED_2025_09,data\FED\Speeches\2025-09-23 - Closing Thoughts - Views on the Economy and Monetary Policy.txt,https://www.federalreserve.gov/newsevents/speech/bowman20250923a.htm,1.0,Neutral-Hawkish,0.421,hawkish,7.0,6.0,1.0,8,10,"[{""phrase"": ""inflation remains elevated"", ""direction"": ""hawkish"", ""theme"": ""inflation_too_high"", ""count"": 1, ""weight"": 3.0, ""scaled_count"": 1.0, ""scaled_contribution"": 3.0, ""notes"": """"}, {""phrase"": ""upside risks to price stability"", ""direction"": ""hawkish"", ""theme"": ""upside_inflation_risks"", ""count"": 1, ""weight"": 2.0, ""scaled_count"": 1.0, ""scaled_contribution"": 2.0, ""notes"": """"}, {""phrase"": ""incoming data"", ""direction"": ""neutral"", ""theme"": ""data_dependence"", ""count"": 3, ""weight"": 0.0, ""scaled_count"": 2.09861228866811, ""scaled_contribution"": 0.0, ""notes"": ""Neutral by default; can accompany hawkish or dovish decisions.""}, {""phrase"": ""balance of risks"", ""direction"": ""neutral"", ""theme"": ""data_dependence"", ""count"": 1, ""weight"": 0.0, ""scaled_count"": 1.0, ""scaled_contribution"": 0.0, ""notes"": ""Neutral by default; can accompany hawkish or dovish decisions.""}, {""phrase"": ""remove some policy restraint"", ""direction"": ""dovish"", ""theme"": ""easing_cut_bias"", ""count"": 1, ""weight"": -2.0, ""scaled_count"": 1.0, ""scaled_contribution"": -2.0, ""notes"": """"}, {""phrase"": ""slack in the economy"", ""direction"": ""dovish"", ""theme"": ""recession_slack_risk"", ""count"": 1, ""weight"": -2.0, ""scaled_count"": 1.0, ""scaled_contribution"": -2.0, ""notes"": """"}, {""phrase"": ""target range for the federal funds rate"", ""direction"": ""hawkish"", ""theme"": ""restrictive_stance"", ""count"": 1, ""weight"": 2.0, ""scaled_count"": 1.0, ""scaled_contribution"": 2.0, ""notes"": ""FED-specific policy implementation phrasing; context matters for balance sheet phrases.""}, {""phrase"": ""lower the target range"", ""direction"": ""dovish"", ""theme"": ""easing_cut_bias"", ""count"": 1, ""weight"": -2.0, ""scaled_count"": 1.0, ""scaled_contribution"": -2.0, ""notes"": ""Balance sheet language may not map one-for-one to rate stance.""}]",scored,
FED_DOC_35556FBCC485,FED,2025-09-25,Michael S. Barr,Preserving the Dynamism and Credibility of Stress Testing,Speeches,speech,FED_2025_09,data\FED\Speeches\2025-09-25 - Michael S. Barr - Preserving the Dynamism and Credibility of Stress Testing.txt,https://www.federalreserve.gov/newsevents/speech/barr20250925a.htm,0.0,Neutral,0.0,none,0.0,0.0,0.0,0,0,[],scored,
FED_DOC_526FEBB57CC5,FED,2025-09-26,Michelle W. Bowman,Thoughts on Monetary Policy Decisionmaking and Challenges Ahead,Speeches,speech,FED_2025_09,data\FED\Speeches\2025-09-26 - Michelle W. Bowman - Thoughts on Monetary Policy Decisionmaking and Challenges Ahead.txt,https://www.federalreserve.gov/newsevents/speech/bowman20250926a.htm,-0.6137056388801092,Neutral-Dovish,0.298,dovish,3.386294361119891,4.0,-0.6137056388801092,5,8,"[{""phrase"": ""incoming data"", ""direction"": ""neutral"", ""theme"": ""data_dependence"", ""count"": 2, ""weight"": 0.0, ""scaled_count"": 1.6931471805599454, ""scaled_contribution"": 0.0, ""notes"": ""Neutral by default; can accompany hawkish or dovish decisions.""}, {""phrase"": ""balance of risks"", ""direction"": ""neutral"", ""theme"": ""data_dependence"", ""count"": 2, ""weight"": 0.0, ""scaled_count"": 1.6931471805599454, ""scaled_contribution"": 0.0, ""notes"": ""Neutral by default; can accompany hawkish or dovish decisions.""}, {""phrase"": ""remove some policy restraint"", ""direction"": ""dovish"", ""theme"": ""easing_cut_bias"", ""count"": 1, ""weight"": -2.0, ""scaled_count"": 1.0, ""scaled_contribution"": -2.0, ""notes"": """"}, {""phrase"": ""slack in the economy"", ""direction"": ""dovish"", ""theme"": ""recession_slack_risk"", ""count"": 1, ""weight"": -2.0, ""scaled_count"": 1.0, ""scaled_contribution"": -2.0, ""notes"": """"}, {""phrase"": ""target range for the federal funds rate"", ""direction"": ""hawkish"", ""theme"": ""restrictive_stance"", ""count"": 2, ""weight"": 2.0, ""scaled_count"": 1.6931471805599454, ""scaled_contribution"": 3.386294361119891, ""notes"": ""FED-specific policy implementation phrasing; context matters for balance sheet phrases.""}]",scored,
FED_DOC_4D05F26D7680,FED,2025-09-29,Christopher J. Waller,The Next Frontier of Payments Innovation,Speeches,speech,FED_2025_09,data\FED\Speeches\2025-09-29 - Christopher J. Waller - The Next Frontier of Payments Innovation.txt,https://www.federalreserve.gov/newsevents/speech/waller20250929a.htm,0.0,Neutral,0.0,none,0.0,0.0,0.0,0,0,[],scored,
FED_DOC_CB9D7E5D3864,FED,2025-09-30,Philip N. Jefferson,Monetary Policy Frameworks and the U.S. Economic Outlook,Speeches,speech,FED_2025_09,data\FED\Speeches\2025-09-30 - Philip N. Jefferson - Monetary Policy Frameworks and the U.S. Economic Outlook.txt,https://www.federalreserve.gov/newsevents/speech/jefferson20250930a.htm,-7.386294361119891,Dovish,0.688,dovish,0.0,7.386294361119891,-7.386294361119891,7,11,"[{""phrase"": ""incoming data"", ""direction"": ""neutral"", ""theme"": ""data_dependence"", ""count"": 2, ""weight"": 0.0, ""scaled_count"": 1.6931471805599454, ""scaled_contribution"": 0.0, ""notes"": ""Neutral by default; can accompany hawkish or dovish decisions.""}, {""phrase"": ""evolving outlook"", ""direction"": ""neutral"", ""theme"": ""data_dependence"", ""count"": 2, ""weight"": 0.0, ""scaled_count"": 1.6931471805599454, ""scaled_contribution"": 0.0, ""notes"": ""Neutral by default; can accompany hawkish or dovish decisions.""}, {""phrase"": ""balance of risks"", ""direction"": ""neutral"", ""theme"": ""data_dependence"", ""count"": 2, ""weight"": 0.0, ""scaled_count"": 1.6931471805599454, ""scaled_contribution"": 0.0, ""notes"": ""Neutral by default; can accompany hawkish or dovish decisions.""}, {""phrase"": ""risks to both sides"", ""direction"": ""neutral"", ""theme"": ""balanced_risks"", ""count"": 1, ""weight"": 0.0, ""scaled_count"": 1.0, ""scaled_contribution"": 0.0, ""notes"": """"}, {""phrase"": ""labor market is softening"", ""direction"": ""dovish"", ""theme"": ""labour_market_cooling"", ""count"": 1, ""weight"": -2.0, ""scaled_count"": 1.0, ""scaled_contribution"": -2.0, ""notes"": """"}, {""phrase"": ""employment growth has slowed"", ""direction"": ""dovish"", ""theme"": ""labour_market_cooling"", ""count"": 2, ""weight"": -2.0, ""scaled_count"": 1.6931471805599454, ""scaled_contribution"": -3.386294361119891, ""notes"": """"}, {""phrase"": ""slack in the economy"", ""direction"": ""dovish"", ""theme"": ""recession_slack_risk"", ""count"": 1, ""weight"": -2.0, ""scaled_count"": 1.0, ""scaled_contribution"": -2.0, ""notes"": """"}]",scored,
FED_DOC_B50FFE12E512,FED,2025-10-03,Philip N. Jefferson,Economic Outlook and the Fedâs Monetary Policy Framework,Speeches,speech,FED_2025_09,data\FED\Speeches\2025-10-03 - Philip N. Jefferson - Economic Outlook and the Fedâs Monetary Policy Framework.txt,https://www.federalreserve.gov/newsevents/speech/jefferson20251003a.htm,-6.0,Dovish,0.657,dovish,0.0,6.0,-6.0,7,7,"[{""phrase"": ""incoming data"", ""direction"": ""neutral"", ""theme"": ""data_dependence"", ""count"": 1, ""weight"": 0.0, ""scaled_count"": 1.0, ""scaled_contribution"": 0.0, ""notes"": ""Neutral by default; can accompany hawkish or dovish decisions.""}, {""phrase"": ""evolving outlook"", ""direction"": ""neutral"", ""theme"": ""data_dependence"", ""count"": 1, ""weight"": 0.0, ""scaled_count"": 1.0, ""scaled_contribution"": 0.0, ""notes"": ""Neutral by default; can accompany hawkish or dovish decisions.""}, {""phrase"": ""balance of risks"", ""direction"": ""neutral"", ""theme"": ""data_dependence"", ""count"": 1, ""weight"": 0.0, ""scaled_count"": 1.0, ""scaled_contribution"": 0.0, ""notes"": ""Neutral by default; can accompany hawkish or dovish decisions.""}, {""phrase"": ""risks to both sides"", ""direction"": ""neutral"", ""theme"": ""balanced_risks"", ""count"": 1, ""weight"": 0.0, ""scaled_count"": 1.0, ""scaled_contribution"": 0.0, ""notes"": """"}, {""phrase"": ""labor market is softening"", ""direction"": ""dovish"", ""theme"": ""labour_market_cooling"", ""count"": 1, ""weight"": -2.0, ""scaled_count"": 1.0, ""scaled_contribution"": -2.0, ""notes"": """"}, {""phrase"": ""employment growth has slowed"", ""direction"": ""dovish"", ""theme"": ""labour_market_cooling"", ""count"": 1, ""weight"": -2.0, ""scaled_count"": 1.0, ""scaled_contribution"": -2.0, ""notes"": """"}, {""phrase"": ""slack in the economy"", ""direction"": ""dovish"", ""theme"": ""recession_slack_risk"", ""count"": 1, ""weight"": -2.0, ""scaled_count"": 1.0, ""scaled_contribution"": -2.0, ""notes"": """"}]",scored,
FED_DOC_96075950B680,FED,2025-10-07,Welcome Remarks,Welcome Remarks,Speeches,speech,FED_2025_09,data\FED\Speeches\2025-10-07 - Welcome Remarks - Welcome Remarks.txt,https://www.federalreserve.gov/newsevents/speech/bowman20251007a.htm,0.0,Neutral,0.0,none,0.0,0.0,0.0,0,0,[],scored,
FED_DOC_D04CBDE5B2C9,FED,2025-10-08,Michael S. Barr,Community Banking: The Cornerstone of Building Communities,Speeches,speech,FED_2025_09,data\FED\Speeches\2025-10-08 - Michael S. Barr - Community Banking_ The Cornerstone of Building Communities.txt,https://www.federalreserve.gov/newsevents/speech/barr20251008a.htm,0.0,Neutral,0.0,none,0.0,0.0,0.0,0,0,[],scored,
FED_DOC_FFA4FA5DA2F8,FED,2025-10-08,Michael S. Barr,Economic Data and Research in Indian Country,Speeches,speech,FED_2025_09,data\FED\Speeches\2025-10-08 - Michael S. Barr - Economic Data and Research in Indian Country.txt,https://www.federalreserve.gov/newsevents/speech/barr20251008b.htm,0.0,Neutral,0.0,none,0.0,0.0,0.0,0,0,[],scored,
FED_DOC_0F8E61CD579F,FED,2025-10-09,Michelle W. Bowman,Community Banking: Looking Toward the Future,Speeches,speech,FED_2025_09,data\FED\Speeches\2025-10-09 - Michelle W. Bowman - Community Banking_ Looking Toward the Future.txt,https://www.federalreserve.gov/newsevents/speech/bowman20251009b.htm,0.0,Neutral,0.0,none,0.0,0.0,0.0,0,0,[],scored,
FED_DOC_4050F8B427BA,FED,2025-10-09,Opening Remarks,Opening Remarks,Speeches,speech,FED_2025_09,data\FED\Speeches\2025-10-09 - Opening Remarks - Opening Remarks.txt,https://www.federalreserve.gov/newsevents/speech/bowman20251009a.htm,0.0,Neutral,0.0,none,0.0,0.0,0.0,0,0,[],scored,
FED_DOC_1F21099EED2E,FED,2025-10-09,Michael S. Barr,The Economic Outlook and Monetary Policy,Speeches,speech,FED_2025_09,data\FED\Speeches\2025-10-09 - Michael S. Barr - The Economic Outlook and Monetary Policy.txt,https://www.federalreserve.gov/newsevents/speech/barr20251009a.htm,0.0,Neutral,0.155,none,2.0,2.0,0.0,5,7,"[{""phrase"": ""upside risks to inflation"", ""direction"": ""hawkish"", ""theme"": ""upside_inflation_risks"", ""count"": 1, ""weight"": 2.0, ""scaled_count"": 1.0, ""scaled_contribution"": 2.0, ""notes"": """"}, {""phrase"": ""incoming data"", ""direction"": ""neutral"", ""theme"": ""data_dependence"", ""count"": 1, ""weight"": 0.0, ""scaled_count"": 1.0, ""scaled_contribution"": 0.0, ""notes"": ""Neutral by default; can accompany hawkish or dovish decisions.""}, {""phrase"": ""balance of risks"", ""direction"": ""neutral"", ""theme"": ""data_dependence"", ""count"": 2, ""weight"": 0.0, ""scaled_count"": 1.6931471805599454, ""scaled_contribution"": 0.0, ""notes"": ""Neutral by default; can accompany hawkish or dovish decisions.""}, {""phrase"": ""risks to both sides"", ""direction"": ""neutral"", ""theme"": ""balanced_risks"", ""count"": 2, ""weight"": 0.0, ""scaled_count"": 1.6931471805599454, ""scaled_contribution"": 0.0, ""notes"": """"}, {""phrase"": ""demand has softened"", ""direction"": ""dovish"", ""theme"": ""demand_weakening"", ""count"": 1, ""weight"": -2.0, ""scaled_count"": 1.0, ""scaled_contribution"": -2.0, ""notes"": """"}]",scored,
FED_DOC_79E2C4D868C6,FED,2025-10-09,Jerome H. Powell,Welcoming Remarks,Speeches,speech,FED_2025_09,data\FED\Speeches\2025-10-09 - Jerome H. Powell - Welcoming Remarks.txt,https://www.federalreserve.gov/newsevents/speech/powell20251009a.htm,0.0,Neutral,0.0,none,0.0,0.0,0.0,0,0,[],scored,
FED_DOC_3DDDF8B17DCB,FED,2025-10-14,Jerome H. Powell,Understanding the Fedâs Balance Sheet,Speeches,speech,FED_2025_09,data\FED\Speeches\2025-10-14 - Jerome H. Powell - Understanding the Fedâs Balance Sheet.txt,https://www.federalreserve.gov/newsevents/speech/powell20251014a.htm,0.0,Neutral,0.15,none,0.0,0.0,0.0,2,3,"[{""phrase"": ""meeting-by-meeting"", ""direction"": ""neutral"", ""theme"": ""data_dependence"", ""count"": 1, ""weight"": 0.0, ""scaled_count"": 1.0, ""scaled_contribution"": 0.0, ""notes"": ""Neutral by default; can accompany hawkish or dovish decisions.""}, {""phrase"": ""balance of risks"", ""direction"": ""neutral"", ""theme"": ""data_dependence"", ""count"": 2, ""weight"": 0.0, ""scaled_count"": 1.6931471805599454, ""scaled_contribution"": 0.0, ""notes"": ""Neutral by default; can accompany hawkish or dovish decisions.""}]",scored,
FED_DOC_175ED3046F18,FED,2025-10-15,Christopher J. Waller,Innovation at the Speed of AI,Speeches,speech,FED_2025_09,data\FED\Speeches\2025-10-15 - Christopher J. Waller - Innovation at the Speed of AI.txt,https://www.federalreserve.gov/newsevents/speech/waller20251015a.htm,0.0,Neutral,0.0,none,0.0,0.0,0.0,0,0,[],scored,
FED_DOC_395C7D53F698,FED,2025-10-16,Christopher J. Waller,Cutting Rates in the Face of Conflicting Data,Speeches,speech,FED_2025_09,data\FED\Speeches\2025-10-16 - Christopher J. Waller - Cutting Rates in the Face of Conflicting Data.txt,https://www.federalreserve.gov/newsevents/speech/waller20251016a.htm,0.0,Neutral,0.0,none,0.0,0.0,0.0,0,0,[],scored,
FED_DOC_F5C650B767D7,FED,2025-10-16,Michael S. Barr,Exploring the Possibilities and Risks of New Payment Technologies,Speeches,speech,FED_2025_09,data\FED\Speeches\2025-10-16 - Michael S. Barr - Exploring the Possibilities and Risks of New Payment Technologies.txt,https://www.federalreserve.gov/newsevents/speech/barr20251016a.htm,0.0,Neutral,0.0,none,0.0,0.0,0.0,0,0,[],scored,
FED_DOC_70322661AAB0,FED,2025-10-16,Welcome Remarks,Welcome Remarks,Speeches,speech,FED_2025_09,data\FED\Speeches\2025-10-16 - Welcome Remarks - Welcome Remarks.txt,https://www.federalreserve.gov/newsevents/speech/bowman20251016a.htm,0.0,Neutral,0.0,none,0.0,0.0,0.0,0,0,[],scored,
FED_DOC_5E538743C4E7,FED,2025-10-21,Christopher J. Waller,Embracing New Technologies and Players in Payments,Speeches,speech,FED_2025_09,data\FED\Speeches\2025-10-21 - Christopher J. Waller - Embracing New Technologies and Players in Payments.txt,https://www.federalreserve.gov/newsevents/speech/waller20251021a.htm,0.0,Neutral,0.0,none,0.0,0.0,0.0,0,0,[],scored,
FED_DOC_C6473B03DB1A,FED,2025-10-22,Brief Remarks,Brief Remarks,Speeches,speech,FED_2025_09,data\FED\Speeches\2025-10-22 - Brief Remarks - Brief Remarks.txt,https://www.federalreserve.gov/newsevents/speech/barr20251022a.htm,0.0,Neutral,0.0,none,0.0,0.0,0.0,0,0,[],scored,
FED_DOC_57C0A19F94EC,FED,2025-10-23,Michael S. Barr,Supporting Investment in Communities: The First 25 Years of the New Markets Tax Credit,Speeches,speech,FED_2025_09,data\FED\Speeches\2025-10-23 - Michael S. Barr - Supporting Investment in Communities_ The First 25 Years of the New Markets Tax Credit.txt,https://www.federalreserve.gov/newsevents/speech/barr20251023a.htm,0.0,Neutral,0.0,none,0.0,0.0,0.0,0,0,[],scored,
FED_DOC_8B3C70D2391C,FED,2025-10-29,,FOMC minutes,Minutes,minutes,FED_2025_10,data\FED\Minutes\2025-10-29 - FOMC minutes.txt,https://www.federalreserve.gov/monetarypolicy/files/fomcminutes20251029.pdf,7.297317251174762,Hawkish,0.569,hawkish,12.516193076042963,5.218875824868201,7.297317251174762,9,36,"[{""phrase"": ""upside risks to inflation"", ""direction"": ""hawkish"", ""theme"": ""upside_inflation_risks"", ""count"": 2, ""weight"": 2.0, ""scaled_count"": 1.6931471805599454, ""scaled_contribution"": 3.386294361119891, ""notes"": """"}, {""phrase"": ""risk of higher inflation"", ""direction"": ""hawkish"", ""theme"": ""upside_inflation_risks"", ""count"": 1, ""weight"": 2.0, ""scaled_count"": 1.0, ""scaled_contribution"": 2.0, ""notes"": """"}, {""phrase"": ""incoming data"", ""direction"": ""neutral"", ""theme"": ""data_dependence"", ""count"": 4, ""weight"": 0.0, ""scaled_count"": 2.386294361119891, ""scaled_contribution"": 0.0, ""notes"": ""Neutral by default; can accompany hawkish or dovish decisions.""}, {""phrase"": ""evolving outlook"", ""direction"": ""neutral"", ""theme"": ""data_dependence"", ""count"": 2, ""weight"": 0.0, ""scaled_count"": 1.6931471805599454, ""scaled_contribution"": 0.0, ""notes"": ""Neutral by default; can accompany hawkish or dovish decisions.""}, {""phrase"": ""balance of risks"", ""direction"": ""neutral"", ""theme"": ""data_dependence"", ""count"": 5, ""weight"": 0.0, ""scaled_count"": 2.6094379124341005, ""scaled_contribution"": 0.0, ""notes"": ""Neutral by default; can accompany hawkish or dovish decisions.""}, {""phrase"": ""two-sided risks"", ""direction"": ""neutral"", ""theme"": ""balanced_risks"", ""count"": 1, ""weight"": 0.0, ""scaled_count"": 1.0, ""scaled_contribution"": 0.0, ""notes"": """"}, {""phrase"": ""risks to both sides"", ""direction"": ""neutral"", ""theme"": ""balanced_risks"", ""count"": 3, ""weight"": 0.0, ""scaled_count"": 2.09861228866811, ""scaled_contribution"": 0.0, ""notes"": """"}, {""phrase"": ""target range for the federal funds rate"", ""direction"": ""hawkish"", ""theme"": ""restrictive_stance"", ""count"": 13, ""weight"": 2.0, ""scaled_count"": 3.5649493574615367, ""scaled_contribution"": 7.1298987149230735, ""notes"": ""FED-specific policy implementation phrasing; context matters for balance sheet phrases.""}, {""phrase"": ""lower the target range"", ""direction"": ""dovish"", ""theme"": ""easing_cut_bias"", ""count"": 5, ""weight"": -2.0, ""scaled_count"": 2.6094379124341005, ""scaled_contribution"": -5.218875824868201, ""notes"": ""Balance sheet language may not map one-for-one to rate stance.""}]",scored,
FED_DOC_6B553EBA9B62,FED,2025-10-29,,FOMC statement,Monetary Policy,statement,FED_2025_10,data\FED\Monetary Policy\2025-10-29 - FOMC statement.txt,https://www.federalreserve.gov/monetarypolicy/files/monetary20251029a1.pdf,1.3862943611198908,Neutral-Hawkish,0.382,hawkish,4.772588722239782,3.386294361119891,1.3862943611198908,6,11,"[{""phrase"": ""incoming data"", ""direction"": ""neutral"", ""theme"": ""data_dependence"", ""count"": 1, ""weight"": 0.0, ""scaled_count"": 1.0, ""scaled_contribution"": 0.0, ""notes"": ""Neutral by default; can accompany hawkish or dovish decisions.""}, {""phrase"": ""evolving outlook"", ""direction"": ""neutral"", ""theme"": ""data_dependence"", ""count"": 1, ""weight"": 0.0, ""scaled_count"": 1.0, ""scaled_contribution"": 0.0, ""notes"": ""Neutral by default; can accompany hawkish or dovish decisions.""}, {""phrase"": ""balance of risks"", ""direction"": ""neutral"", ""theme"": ""data_dependence"", ""count"": 2, ""weight"": 0.0, ""scaled_count"": 1.6931471805599454, ""scaled_contribution"": 0.0, ""notes"": ""Neutral by default; can accompany hawkish or dovish decisions.""}, {""phrase"": ""risks to both sides"", ""direction"": ""neutral"", ""theme"": ""balanced_risks"", ""count"": 1, ""weight"": 0.0, ""scaled_count"": 1.0, ""scaled_contribution"": 0.0, ""notes"": """"}, {""phrase"": ""target range for the federal funds rate"", ""direction"": ""hawkish"", ""theme"": ""restrictive_stance"", ""count"": 4, ""weight"": 2.0, ""scaled_count"": 2.386294361119891, ""scaled_contribution"": 4.772588722239782, ""notes"": ""FED-specific policy implementation phrasing; context matters for balance sheet phrases.""}, {""phrase"": ""lower the target range"", ""direction"": ""dovish"", ""theme"": ""easing_cut_bias"", ""count"": 2, ""weight"": -2.0, ""scaled_count"": 1.6931471805599454, ""scaled_contribution"": -3.386294361119891, ""notes"": ""Balance sheet language may not map one-for-one to rate stance.""}]",scored,
FED_DOC_F412F757EE02,FED,2025-10-30,Opening Remarks,Opening Remarks,Speeches,speech,FED_2025_10,data\FED\Speeches\2025-10-30 - Opening Remarks - Opening Remarks.txt,https://www.federalreserve.gov/newsevents/speech/bowman20251030a.htm,0.0,Neutral,0.0,none,0.0,0.0,0.0,0,0,[],scored,
FED_DOC_6368B0CB177E,FED,2025-11-03,Lisa D. Cook,The Economic Outlook and Monetary Policy,Speeches,speech,FED_2025_10,data\FED\Speeches\2025-11-03 - Lisa D. Cook - The Economic Outlook and Monetary Policy.txt,https://www.federalreserve.gov/newsevents/speech/cook20251103a.htm,-2.0,Neutral-Dovish,0.355,dovish,2.0,4.0,-2.0,6,6,"[{""phrase"": ""upside risks to inflation"", ""direction"": ""hawkish"", ""theme"": ""upside_inflation_risks"", ""count"": 1, ""weight"": 2.0, ""scaled_count"": 1.0, ""scaled_contribution"": 2.0, ""notes"": """"}, {""phrase"": ""incoming data"", ""direction"": ""neutral"", ""theme"": ""data_dependence"", ""count"": 1, ""weight"": 0.0, ""scaled_count"": 1.0, ""scaled_contribution"": 0.0, ""notes"": ""Neutral by default; can accompany hawkish or dovish decisions.""}, {""phrase"": ""balance of risks"", ""direction"": ""neutral"", ""theme"": ""data_dependence"", ""count"": 1, ""weight"": 0.0, ""scaled_count"": 1.0, ""scaled_contribution"": 0.0, ""notes"": ""Neutral by default; can accompany hawkish or dovish decisions.""}, {""phrase"": ""risks to both sides"", ""direction"": ""neutral"", ""theme"": ""balanced_risks"", ""count"": 1, ""weight"": 0.0, ""scaled_count"": 1.0, ""scaled_contribution"": 0.0, ""notes"": """"}, {""phrase"": ""labor market is softening"", ""direction"": ""dovish"", ""theme"": ""labour_market_cooling"", ""count"": 1, ""weight"": -2.0, ""scaled_count"": 1.0, ""scaled_contribution"": -2.0, ""notes"": """"}, {""phrase"": ""lower the target range"", ""direction"": ""dovish"", ""theme"": ""easing_cut_bias"", ""count"": 1, ""weight"": -2.0, ""scaled_count"": 1.0, ""scaled_contribution"": -2.0, ""notes"": ""Balance sheet language may not map one-for-one to rate stance.""}]",scored,
FED_DOC_2EC571D46FE1,FED,2025-11-07,Stephen I. Miran,A Global Stablecoin Glut: Implications for Monetary Policy,Speeches,speech,FED_2025_10,data\FED\Speeches\2025-11-07 - Stephen I. Miran - A Global Stablecoin Glut_ Implications for Monetary Policy.txt,https://www.federalreserve.gov/newsevents/speech/miran20251107a.htm,0.0,Neutral,0.0,none,0.0,0.0,0.0,0,0,[],scored,
FED_DOC_2A1B3CDD1BC0,FED,2025-11-07,Philip N. Jefferson,AI and the Economy,Speeches,speech,FED_2025_10,data\FED\Speeches\2025-11-07 - Philip N. Jefferson - AI and the Economy.txt,https://www.federalreserve.gov/newsevents/speech/jefferson20251107a.htm,-2.0,Neutral-Dovish,0.302,dovish,0.0,2.0,-2.0,5,6,"[{""phrase"": ""meeting-by-meeting"", ""direction"": ""neutral"", ""theme"": ""data_dependence"", ""count"": 1, ""weight"": 0.0, ""scaled_count"": 1.0, ""scaled_contribution"": 0.0, ""notes"": ""Neutral by default; can accompany hawkish or dovish decisions.""}, {""phrase"": ""incoming data"", ""direction"": ""neutral"", ""theme"": ""data_dependence"", ""count"": 1, ""weight"": 0.0, ""scaled_count"": 1.0, ""scaled_contribution"": 0.0, ""notes"": ""Neutral by default; can accompany hawkish or dovish decisions.""}, {""phrase"": ""evolving outlook"", ""direction"": ""neutral"", ""theme"": ""data_dependence"", ""count"": 1, ""weight"": 0.0, ""scaled_count"": 1.0, ""scaled_contribution"": 0.0, ""notes"": ""Neutral by default; can accompany hawkish or dovish decisions.""}, {""phrase"": ""balance of risks"", ""direction"": ""neutral"", ""theme"": ""data_dependence"", ""count"": 2, ""weight"": 0.0, ""scaled_count"": 1.6931471805599454, ""scaled_contribution"": 0.0, ""notes"": ""Neutral by default; can accompany hawkish or dovish decisions.""}, {""phrase"": ""economic slack"", ""direction"": ""dovish"", ""theme"": ""recession_slack_risk"", ""count"": 1, ""weight"": -2.0, ""scaled_count"": 1.0, ""scaled_contribution"": -2.0, ""notes"": """"}]",scored,
FED_DOC_34D2BCF41028,FED,2025-11-11,AI and Central Banking,AI and Central Banking,Speeches,speech,FED_2025_10,data\FED\Speeches\2025-11-11 - AI and Central Banking - AI and Central Banking.txt,https://www.federalreserve.gov/newsevents/speech/barr20251111a.htm,0.0,Neutral,0.0,none,0.0,0.0,0.0,0,0,[],scored,
FED_DOC_922296F6ED5F,FED,2025-11-17,Philip N. Jefferson,Economic Outlook and Monetary Policy,Speeches,speech,FED_2025_10,data\FED\Speeches\2025-11-17 - Philip N. Jefferson - Economic Outlook and Monetary Policy.txt,https://www.federalreserve.gov/newsevents/speech/jefferson20251117a.htm,2.0,Neutral-Hawkish,0.302,hawkish,2.0,0.0,2.0,5,8,"[{""phrase"": ""upside risks to inflation"", ""direction"": ""hawkish"", ""theme"": ""upside_inflation_risks"", ""count"": 1, ""weight"": 2.0, ""scaled_count"": 1.0, ""scaled_contribution"": 2.0, ""notes"": """"}, {""phrase"": ""meeting-by-meeting"", ""direction"": ""neutral"", ""theme"": ""data_dependence"", ""count"": 1, ""weight"": 0.0, ""scaled_count"": 1.0, ""scaled_contribution"": 0.0, ""notes"": ""Neutral by default; can accompany hawkish or dovish decisions.""}, {""phrase"": ""incoming data"", ""direction"": ""neutral"", ""theme"": ""data_dependence"", ""count"": 1, ""weight"": 0.0, ""scaled_count"": 1.0, ""scaled_contribution"": 0.0, ""notes"": ""Neutral by default; can accompany hawkish or dovish decisions.""}, {""phrase"": ""evolving outlook"", ""direction"": ""neutral"", ""theme"": ""data_dependence"", ""count"": 1, ""weight"": 0.0, ""scaled_count"": 1.0, ""scaled_contribution"": 0.0, ""notes"": ""Neutral by default; can accompany hawkish or dovish decisions.""}, {""phrase"": ""balance of risks"", ""direction"": ""neutral"", ""theme"": ""data_dependence"", ""count"": 4, ""weight"": 0.0, ""scaled_count"": 2.386294361119891, ""scaled_contribution"": 0.0, ""notes"": ""Neutral by default; can accompany hawkish or dovish decisions.""}]",scored,
FED_DOC_C94663569E5E,FED,2025-11-17,Christopher J. Waller,The Case for Continuing Rate Cuts,Speeches,speech,FED_2025_10,data\FED\Speeches\2025-11-17 - Christopher J. Waller - The Case for Continuing Rate Cuts.txt,https://www.federalreserve.gov/newsevents/speech/waller20251117a.htm,-2.0,Neutral-Dovish,0.302,dovish,0.0,2.0,-2.0,1,1,"[{""phrase"": ""sharp slowdown"", ""direction"": ""dovish"", ""theme"": ""recession_slack_risk"", ""count"": 1, ""weight"": -2.0, ""scaled_count"": 1.0, ""scaled_contribution"": -2.0, ""notes"": """"}]",scored,
FED_DOC_563CEF193E88,FED,2025-11-18,Michael S. Barr,"The Case for Strong, Effective Banking Supervision",Speeches,speech,FED_2025_10,"data\FED\Speeches\2025-11-18 - Michael S. Barr - The Case for Strong, Effective Banking Supervision.txt",https://www.federalreserve.gov/newsevents/speech/barr20251118a.htm,0.0,Neutral,0.0,none,0.0,0.0,0.0,0,0,[],scored,
FED_DOC_24349764EBB9,FED,2025-11-19,Stephen I. Miran,Regulatory Dominance of the Federal Reserveâs Balance Sheet,Speeches,speech,FED_2025_10,data\FED\Speeches\2025-11-19 - Stephen I. Miran - Regulatory Dominance of the Federal Reserveâs Balance Sheet.txt,https://www.federalreserve.gov/newsevents/speech/miran20251119a.htm,0.0,Neutral,0.0,none,0.0,0.0,0.0,0,0,[],scored,
FED_DOC_D6D43F6D5BD5,FED,2025-11-20,Lisa D. Cook,A Policymakerâs View of Financial Stability,Speeches,speech,FED_2025_10,data\FED\Speeches\2025-11-20 - Lisa D. Cook - A Policymakerâs View of Financial Stability.txt,https://www.federalreserve.gov/newsevents/speech/cook20251120a.htm,0.0,Neutral,0.0,none,0.0,0.0,0.0,0,0,[],scored,
FED_DOC_E5B83E572E47,FED,2025-11-21,Philip N. Jefferson,"AI, the Economy, and Financial Stability",Speeches,speech,FED_2025_10,"data\FED\Speeches\2025-11-21 - Philip N. Jefferson - AI, the Economy, and Financial Stability.txt",https://www.federalreserve.gov/newsevents/speech/jefferson20251121a.htm,-2.0,Neutral-Dovish,0.302,dovish,0.0,2.0,-2.0,1,1,"[{""phrase"": ""economic slack"", ""direction"": ""dovish"", ""theme"": ""recession_slack_risk"", ""count"": 1, ""weight"": -2.0, ""scaled_count"": 1.0, ""scaled_contribution"": -2.0, ""notes"": """"}]",scored,
FED_DOC_36A6A4D6C144,FED,2025-11-21,Welcoming Remarks,Welcoming Remarks,Speeches,speech,FED_2025_10,data\FED\Speeches\2025-11-21 - Welcoming Remarks - Welcoming Remarks.txt,https://www.federalreserve.gov/newsevents/speech/barr20251121a.htm,0.0,Neutral,0.0,none,0.0,0.0,0.0,0,0,[],scored,
FED_DOC_BDEF610F7E90,FED,2025-12-01,Jerome H. Powell,Opening Remarks,Speeches,speech,FED_2025_10,data\FED\Speeches\2025-12-01 - Jerome H. Powell - Opening Remarks.txt,https://www.federalreserve.gov/newsevents/speech/powell20251201a.htm,0.0,Neutral,0.0,none,0.0,0.0,0.0,0,0,[],scored,
FED_DOC_92C5EE209D5D,FED,2025-12-10,,FOMC minutes,Minutes,minutes,FED_2025_12,data\FED\Minutes\2025-12-10 - FOMC minutes.txt,https://www.federalreserve.gov/monetarypolicy/files/fomcminutes20251210.pdf,10.0,Strongly Hawkish,0.615,hawkish,15.664409020350408,5.218875824868201,10.445533195482207,9,39,"[{""phrase"": ""persistent inflation pressures"", ""direction"": ""hawkish"", ""theme"": ""inflation_persistence"", ""count"": 1, ""weight"": 3.0, ""scaled_count"": 1.0, ""scaled_contribution"": 3.0, ""notes"": """"}, {""phrase"": ""upside risks to inflation"", ""direction"": ""hawkish"", ""theme"": ""upside_inflation_risks"", ""count"": 2, ""weight"": 2.0, ""scaled_count"": 1.6931471805599454, ""scaled_contribution"": 3.386294361119891, ""notes"": """"}, {""phrase"": ""risk of higher inflation"", ""direction"": ""hawkish"", ""theme"": ""upside_inflation_risks"", ""count"": 1, ""weight"": 2.0, ""scaled_count"": 1.0, ""scaled_contribution"": 2.0, ""notes"": """"}, {""phrase"": ""incoming data"", ""direction"": ""neutral"", ""theme"": ""data_dependence"", ""count"": 4, ""weight"": 0.0, ""scaled_count"": 2.386294361119891, ""scaled_contribution"": 0.0, ""notes"": ""Neutral by default; can accompany hawkish or dovish decisions.""}, {""phrase"": ""evolving outlook"", ""direction"": ""neutral"", ""theme"": ""data_dependence"", ""count"": 3, ""weight"": 0.0, ""scaled_count"": 2.09861228866811, ""scaled_contribution"": 0.0, ""notes"": ""Neutral by default; can accompany hawkish or dovish decisions.""}, {""phrase"": ""balance of risks"", ""direction"": ""neutral"", ""theme"": ""data_dependence"", ""count"": 7, ""weight"": 0.0, ""scaled_count"": 2.9459101490553135, ""scaled_contribution"": 0.0, ""notes"": ""Neutral by default; can accompany hawkish or dovish decisions.""}, {""phrase"": ""risks to both sides"", ""direction"": ""neutral"", ""theme"": ""balanced_risks"", ""count"": 2, ""weight"": 0.0, ""scaled_count"": 1.6931471805599454, ""scaled_contribution"": 0.0, ""notes"": """"}, {""phrase"": ""target range for the federal funds rate"", ""direction"": ""hawkish"", ""theme"": ""restrictive_stance"", ""count"": 14, ""weight"": 2.0, ""scaled_count"": 3.6390573296152584, ""scaled_contribution"": 7.278114659230517, ""notes"": ""FED-specific policy implementation phrasing; context matters for balance sheet phrases.""}, {""phrase"": ""lower the target range"", ""direction"": ""dovish"", ""theme"": ""easing_cut_bias"", ""count"": 5, ""weight"": -2.0, ""scaled_count"": 2.6094379124341005, ""scaled_contribution"": -5.218875824868201, ""notes"": ""Balance sheet language may not map one-for-one to rate stance.""}]",scored,
FED_DOC_D3F6FC67E443,FED,2025-12-10,,FOMC statement,Monetary Policy,statement,FED_2025_12,data\FED\Monetary Policy\2025-12-10 - FOMC statement.txt,https://www.federalreserve.gov/monetarypolicy/files/monetary20251210a1.pdf,1.3862943611198908,Neutral-Hawkish,0.382,hawkish,4.772588722239782,3.386294361119891,1.3862943611198908,6,11,"[{""phrase"": ""incoming data"", ""direction"": ""neutral"", ""theme"": ""data_dependence"", ""count"": 1, ""weight"": 0.0, ""scaled_count"": 1.0, ""scaled_contribution"": 0.0, ""notes"": ""Neutral by default; can accompany hawkish or dovish decisions.""}, {""phrase"": ""evolving outlook"", ""direction"": ""neutral"", ""theme"": ""data_dependence"", ""count"": 1, ""weight"": 0.0, ""scaled_count"": 1.0, ""scaled_contribution"": 0.0, ""notes"": ""Neutral by default; can accompany hawkish or dovish decisions.""}, {""phrase"": ""balance of risks"", ""direction"": ""neutral"", ""theme"": ""data_dependence"", ""count"": 2, ""weight"": 0.0, ""scaled_count"": 1.6931471805599454, ""scaled_contribution"": 0.0, ""notes"": ""Neutral by default; can accompany hawkish or dovish decisions.""}, {""phrase"": ""risks to both sides"", ""direction"": ""neutral"", ""theme"": ""balanced_risks"", ""count"": 1, ""weight"": 0.0, ""scaled_count"": 1.0, ""scaled_contribution"": 0.0, ""notes"": """"}, {""phrase"": ""target range for the federal funds rate"", ""direction"": ""hawkish"", ""theme"": ""restrictive_stance"", ""count"": 4, ""weight"": 2.0, ""scaled_count"": 2.386294361119891, ""scaled_contribution"": 4.772588722239782, ""notes"": ""FED-specific policy implementation phrasing; context matters for balance sheet phrases.""}, {""phrase"": ""lower the target range"", ""direction"": ""dovish"", ""theme"": ""easing_cut_bias"", ""count"": 2, ""weight"": -2.0, ""scaled_count"": 1.6931471805599454, ""scaled_contribution"": -3.386294361119891, ""notes"": ""Balance sheet language may not map one-for-one to rate stance.""}]",scored,
FED_DOC_BBF4CF589076,FED,2025-12-15,The Inflation Outlook,The Inflation Outlook,Speeches,speech,FED_2025_12,data\FED\Speeches\2025-12-15 - The Inflation Outlook - The Inflation Outlook.txt,https://www.federalreserve.gov/newsevents/speech/miran20251215a.htm,0.0,Neutral,0.0,none,0.0,0.0,0.0,0,0,[],scored,
FED_DOC_00A4CAC24036,FED,2026-01-07,Michelle W. Bowman,Modernizing Supervision and Regulation: 2025 and the Path Ahead,Speeches,speech,FED_2025_12,data\FED\Speeches\2026-01-07 - Michelle W. Bowman - Modernizing Supervision and Regulation_ 2025 and the Path Ahead.txt,https://www.federalreserve.gov/newsevents/speech/bowman20260107a.htm,0.0,Neutral,0.0,none,0.0,0.0,0.0,0,0,[],scored,
FED_DOC_5AC4F39A96F8,FED,2026-01-11,Jerome H. Powell,Statement from Federal Reserve Chair Jerome H. Powell,Speeches,speech,FED_2025_12,data\FED\Speeches\2026-01-11 - Jerome H. Powell - Statement from Federal Reserve Chair Jerome H. Powell.txt,https://www.federalreserve.gov/newsevents/speech/powell20260111a.htm,0.0,Neutral,0.0,none,0.0,0.0,0.0,0,0,[],scored,
FED_DOC_BE9A20271EC2,FED,2026-01-14,Stephen I. Miran,"Regulations, the Supply Side, and Monetary Policy",Speeches,speech,FED_2025_12,"data\FED\Speeches\2026-01-14 - Stephen I. Miran - Regulations, the Supply Side, and Monetary Policy.txt",https://www.federalreserve.gov/newsevents/speech/miran20260114a.htm,-2.0,Neutral-Dovish,0.302,dovish,0.0,2.0,-2.0,1,1,"[{""phrase"": ""slack in the economy"", ""direction"": ""dovish"", ""theme"": ""recession_slack_risk"", ""count"": 1, ""weight"": -2.0, ""scaled_count"": 1.0, ""scaled_contribution"": -2.0, ""notes"": """"}]",scored,
FED_DOC_3985834A441C,FED,2026-01-16,Philip N. Jefferson,Economic Outlook and Monetary Policy Implementation,Speeches,speech,FED_2025_12,data\FED\Speeches\2026-01-16 - Philip N. Jefferson - Economic Outlook and Monetary Policy Implementation.txt,https://www.federalreserve.gov/newsevents/speech/jefferson20260116a.htm,-2.0,Neutral-Dovish,0.302,dovish,0.0,2.0,-2.0,5,7,"[{""phrase"": ""incoming data"", ""direction"": ""neutral"", ""theme"": ""data_dependence"", ""count"": 2, ""weight"": 0.0, ""scaled_count"": 1.6931471805599454, ""scaled_contribution"": 0.0, ""notes"": ""Neutral by default; can accompany hawkish or dovish decisions.""}, {""phrase"": ""evolving outlook"", ""direction"": ""neutral"", ""theme"": ""data_dependence"", ""count"": 1, ""weight"": 0.0, ""scaled_count"": 1.0, ""scaled_contribution"": 0.0, ""notes"": ""Neutral by default; can accompany hawkish or dovish decisions.""}, {""phrase"": ""balance of risks"", ""direction"": ""neutral"", ""theme"": ""data_dependence"", ""count"": 2, ""weight"": 0.0, ""scaled_count"": 1.6931471805599454, ""scaled_contribution"": 0.0, ""notes"": ""Neutral by default; can accompany hawkish or dovish decisions.""}, {""phrase"": ""risks to both sides"", ""direction"": ""neutral"", ""theme"": ""balanced_risks"", ""count"": 1, ""weight"": 0.0, ""scaled_count"": 1.0, ""scaled_contribution"": 0.0, ""notes"": """"}, {""phrase"": ""demand has softened"", ""direction"": ""dovish"", ""theme"": ""demand_weakening"", ""count"": 1, ""weight"": -2.0, ""scaled_count"": 1.0, ""scaled_contribution"": -2.0, ""notes"": """"}]",scored,
FED_DOC_A9E5ECA1C637,FED,2026-01-16,Michelle W. Bowman,Outlook for the Economy and Monetary Policy,Speeches,speech,FED_2025_12,data\FED\Speeches\2026-01-16 - Michelle W. Bowman - Outlook for the Economy and Monetary Policy.txt,https://www.federalreserve.gov/newsevents/speech/bowman20260116a.htm,3.0,Hawkish,0.394,hawkish,5.0,2.0,3.0,6,9,"[{""phrase"": ""inflation remains elevated"", ""direction"": ""hawkish"", ""theme"": ""inflation_too_high"", ""count"": 1, ""weight"": 3.0, ""scaled_count"": 1.0, ""scaled_contribution"": 3.0, ""notes"": """"}, {""phrase"": ""incoming data"", ""direction"": ""neutral"", ""theme"": ""data_dependence"", ""count"": 1, ""weight"": 0.0, ""scaled_count"": 1.0, ""scaled_contribution"": 0.0, ""notes"": ""Neutral by default; can accompany hawkish or dovish decisions.""}, {""phrase"": ""evolving outlook"", ""direction"": ""neutral"", ""theme"": ""data_dependence"", ""count"": 1, ""weight"": 0.0, ""scaled_count"": 1.0, ""scaled_contribution"": 0.0, ""notes"": ""Neutral by default; can accompany hawkish or dovish decisions.""}, {""phrase"": ""balance of risks"", ""direction"": ""neutral"", ""theme"": ""data_dependence"", ""count"": 4, ""weight"": 0.0, ""scaled_count"": 2.386294361119891, ""scaled_contribution"": 0.0, ""notes"": ""Neutral by default; can accompany hawkish or dovish decisions.""}, {""phrase"": ""target range for the federal funds rate"", ""direction"": ""hawkish"", ""theme"": ""restrictive_stance"", ""count"": 1, ""weight"": 2.0, ""scaled_count"": 1.0, ""scaled_contribution"": 2.0, ""notes"": ""FED-specific policy implementation phrasing; context matters for balance sheet phrases.""}, {""phrase"": ""lower the target range"", ""direction"": ""dovish"", ""theme"": ""easing_cut_bias"", ""count"": 1, ""weight"": -2.0, ""scaled_count"": 1.0, ""scaled_contribution"": -2.0, ""notes"": ""Balance sheet language may not map one-for-one to rate stance.""}]",scored,
FED_DOC_071821156599,FED,2026-01-28,,FOMC minutes,Minutes,minutes,FED_2026_01,data\FED\Minutes\2026-01-28 - FOMC minutes.txt,https://www.federalreserve.gov/monetarypolicy/files/fomcminutes20260128.pdf,1.8325814637483102,Neutral-Hawkish,0.453,hawkish,6.605170185988092,4.772588722239782,1.8325814637483102,6,29,"[{""phrase"": ""incoming data"", ""direction"": ""neutral"", ""theme"": ""data_dependence"", ""count"": 6, ""weight"": 0.0, ""scaled_count"": 2.791759469228055, ""scaled_contribution"": 0.0, ""notes"": ""Neutral by default; can accompany hawkish or dovish decisions.""}, {""phrase"": ""evolving outlook"", ""direction"": ""neutral"", ""theme"": ""data_dependence"", ""count"": 3, ""weight"": 0.0, ""scaled_count"": 2.09861228866811, ""scaled_contribution"": 0.0, ""notes"": ""Neutral by default; can accompany hawkish or dovish decisions.""}, {""phrase"": ""balance of risks"", ""direction"": ""neutral"", ""theme"": ""data_dependence"", ""count"": 4, ""weight"": 0.0, ""scaled_count"": 2.386294361119891, ""scaled_contribution"": 0.0, ""notes"": ""Neutral by default; can accompany hawkish or dovish decisions.""}, {""phrase"": ""risks to both sides"", ""direction"": ""neutral"", ""theme"": ""balanced_risks"", ""count"": 2, ""weight"": 0.0, ""scaled_count"": 1.6931471805599454, ""scaled_contribution"": 0.0, ""notes"": """"}, {""phrase"": ""target range for the federal funds rate"", ""direction"": ""hawkish"", ""theme"": ""restrictive_stance"", ""count"": 10, ""weight"": 2.0, ""scaled_count"": 3.302585092994046, ""scaled_contribution"": 6.605170185988092, ""notes"": ""FED-specific policy implementation phrasing; context matters for balance sheet phrases.""}, {""phrase"": ""lower the target range"", ""direction"": ""dovish"", ""theme"": ""easing_cut_bias"", ""count"": 4, ""weight"": -2.0, ""scaled_count"": 2.386294361119891, ""scaled_contribution"": -4.772588722239782, ""notes"": ""Balance sheet language may not map one-for-one to rate stance.""}]",scored,
FED_DOC_C110B384B484,FED,2026-01-28,,FOMC statement,Monetary Policy,statement,FED_2026_01,data\FED\Monetary Policy\2026-01-28 - FOMC statement.txt,https://www.federalreserve.gov/monetarypolicy/files/monetary20260128a1.pdf,2.19722457733622,Neutral-Hawkish,0.378,hawkish,4.19722457733622,2.0,2.19722457733622,6,8,"[{""phrase"": ""incoming data"", ""direction"": ""neutral"", ""theme"": ""data_dependence"", ""count"": 1, ""weight"": 0.0, ""scaled_count"": 1.0, ""scaled_contribution"": 0.0, ""notes"": ""Neutral by default; can accompany hawkish or dovish decisions.""}, {""phrase"": ""evolving outlook"", ""direction"": ""neutral"", ""theme"": ""data_dependence"", ""count"": 1, ""weight"": 0.0, ""scaled_count"": 1.0, ""scaled_contribution"": 0.0, ""notes"": ""Neutral by default; can accompany hawkish or dovish decisions.""}, {""phrase"": ""balance of risks"", ""direction"": ""neutral"", ""theme"": ""data_dependence"", ""count"": 1, ""weight"": 0.0, ""scaled_count"": 1.0, ""scaled_contribution"": 0.0, ""notes"": ""Neutral by default; can accompany hawkish or dovish decisions.""}, {""phrase"": ""risks to both sides"", ""direction"": ""neutral"", ""theme"": ""balanced_risks"", ""count"": 1, ""weight"": 0.0, ""scaled_count"": 1.0, ""scaled_contribution"": 0.0, ""notes"": """"}, {""phrase"": ""target range for the federal funds rate"", ""direction"": ""hawkish"", ""theme"": ""restrictive_stance"", ""count"": 3, ""weight"": 2.0, ""scaled_count"": 2.09861228866811, ""scaled_contribution"": 4.19722457733622, ""notes"": ""FED-specific policy implementation phrasing; context matters for balance sheet phrases.""}, {""phrase"": ""lower the target range"", ""direction"": ""dovish"", ""theme"": ""easing_cut_bias"", ""count"": 1, ""weight"": -2.0, ""scaled_count"": 1.0, ""scaled_contribution"": -2.0, ""notes"": ""Balance sheet language may not map one-for-one to rate stance.""}]",scored,
FED_DOC_2B4929C624D0,FED,2026-01-30,Michelle W. Bowman,Outlook for the Economy and Monetary Policy,Speeches,speech,FED_2026_01,data\FED\Speeches\2026-01-30 - Michelle W. Bowman - Outlook for the Economy and Monetary Policy.txt,https://www.federalreserve.gov/newsevents/speech/bowman20260130a.htm,0.0,Neutral,0.15,none,0.0,0.0,0.0,3,3,"[{""phrase"": ""incoming data"", ""direction"": ""neutral"", ""theme"": ""data_dependence"", ""count"": 1, ""weight"": 0.0, ""scaled_count"": 1.0, ""scaled_contribution"": 0.0, ""notes"": ""Neutral by default; can accompany hawkish or dovish decisions.""}, {""phrase"": ""evolving outlook"", ""direction"": ""neutral"", ""theme"": ""data_dependence"", ""count"": 1, ""weight"": 0.0, ""scaled_count"": 1.0, ""scaled_contribution"": 0.0, ""notes"": ""Neutral by default; can accompany hawkish or dovish decisions.""}, {""phrase"": ""balance of risks"", ""direction"": ""neutral"", ""theme"": ""data_dependence"", ""count"": 1, ""weight"": 0.0, ""scaled_count"": 1.0, ""scaled_contribution"": 0.0, ""notes"": ""Neutral by default; can accompany hawkish or dovish decisions.""}]",scored,
FED_DOC_AE96B46D54F1,FED,2026-01-30,Christopher J. Waller,Statement by Governor Christopher J. Waller,Speeches,speech,FED_2026_01,data\FED\Speeches\2026-01-30 - Christopher J. Waller - Statement by Governor Christopher J. Waller.txt,https://www.federalreserve.gov/newsevents/speech/waller20260130a.htm,3.0,Hawkish,0.365,hawkish,3.0,0.0,3.0,1,1,"[{""phrase"": ""inflation is elevated"", ""direction"": ""hawkish"", ""theme"": ""inflation_too_high"", ""count"": 1, ""weight"": 3.0, ""scaled_count"": 1.0, ""scaled_contribution"": 3.0, ""notes"": """"}]",scored,
FED_DOC_8E5E682F516A,FED,2026-02-04,Economic Outlook,Economic Outlook,Speeches,speech,FED_2026_01,data\FED\Speeches\2026-02-04 - Economic Outlook - Economic Outlook.txt,https://www.federalreserve.gov/newsevents/speech/cook20260204a.htm,2.0,Neutral-Hawkish,0.252,hawkish,3.0,1.0,2.0,4,4,"[{""phrase"": ""inflation remains above target"", ""direction"": ""hawkish"", ""theme"": ""inflation_too_high"", ""count"": 1, ""weight"": 3.0, ""scaled_count"": 1.0, ""scaled_contribution"": 3.0, ""notes"": """"}, {""phrase"": ""incoming data"", ""direction"": ""neutral"", ""theme"": ""data_dependence"", ""count"": 1, ""weight"": 0.0, ""scaled_count"": 1.0, ""scaled_contribution"": 0.0, ""notes"": ""Neutral by default; can accompany hawkish or dovish decisions.""}, {""phrase"": ""balance of risks"", ""direction"": ""neutral"", ""theme"": ""data_dependence"", ""count"": 1, ""weight"": 0.0, ""scaled_count"": 1.0, ""scaled_contribution"": 0.0, ""notes"": ""Neutral by default; can accompany hawkish or dovish decisions.""}, {""phrase"": ""progress on inflation"", ""direction"": ""dovish"", ""theme"": ""inflation_progress"", ""count"": 1, ""weight"": -1.0, ""scaled_count"": 1.0, ""scaled_contribution"": -1.0, ""notes"": """"}]",scored,
FED_DOC_15AD70037D44,FED,2026-02-06,Philip N. Jefferson,Economic Outlook and Supply-Side (Dis)Inflation Dynamics,Speeches,speech,FED_2026_01,data\FED\Speeches\2026-02-06 - Philip N. Jefferson - Economic Outlook and Supply-Side (Dis)Inflation Dynamics.txt,https://www.federalreserve.gov/newsevents/speech/jefferson20260206a.htm,-5.772588722239782,Dovish,0.633,dovish,5.0,10.772588722239782,-5.772588722239782,11,15,"[{""phrase"": ""inflation remains elevated"", ""direction"": ""hawkish"", ""theme"": ""inflation_too_high"", ""count"": 1, ""weight"": 3.0, ""scaled_count"": 1.0, ""scaled_contribution"": 3.0, ""notes"": """"}, {""phrase"": ""upside risks to inflation"", ""direction"": ""hawkish"", ""theme"": ""upside_inflation_risks"", ""count"": 1, ""weight"": 2.0, ""scaled_count"": 1.0, ""scaled_contribution"": 2.0, ""notes"": """"}, {""phrase"": ""meeting-by-meeting"", ""direction"": ""neutral"", ""theme"": ""data_dependence"", ""count"": 1, ""weight"": 0.0, ""scaled_count"": 1.0, ""scaled_contribution"": 0.0, ""notes"": ""Neutral by default; can accompany hawkish or dovish decisions.""}, {""phrase"": ""incoming data"", ""direction"": ""neutral"", ""theme"": ""data_dependence"", ""count"": 2, ""weight"": 0.0, ""scaled_count"": 1.6931471805599454, ""scaled_contribution"": 0.0, ""notes"": ""Neutral by default; can accompany hawkish or dovish decisions.""}, {""phrase"": ""evolving outlook"", ""direction"": ""neutral"", ""theme"": ""data_dependence"", ""count"": 1, ""weight"": 0.0, ""scaled_count"": 1.0, ""scaled_contribution"": 0.0, ""notes"": ""Neutral by default; can accompany hawkish or dovish decisions.""}, {""phrase"": ""balance of risks"", ""direction"": ""neutral"", ""theme"": ""data_dependence"", ""count"": 1, ""weight"": 0.0, ""scaled_count"": 1.0, ""scaled_contribution"": 0.0, ""notes"": ""Neutral by default; can accompany hawkish or dovish decisions.""}, {""phrase"": ""risks to both sides"", ""direction"": ""neutral"", ""theme"": ""balanced_risks"", ""count"": 2, ""weight"": 0.0, ""scaled_count"": 1.6931471805599454, ""scaled_contribution"": 0.0, ""notes"": """"}, {""phrase"": ""disinflationary process"", ""direction"": ""dovish"", ""theme"": ""disinflation"", ""count"": 2, ""weight"": -2.0, ""scaled_count"": 1.6931471805599454, ""scaled_contribution"": -3.386294361119891, ""notes"": """"}, {""phrase"": ""demand has softened"", ""direction"": ""dovish"", ""theme"": ""demand_weakening"", ""count"": 1, ""weight"": -2.0, ""scaled_count"": 1.0, ""scaled_contribution"": -2.0, ""notes"": """"}, {""phrase"": ""economic slack"", ""direction"": ""dovish"", ""theme"": ""recession_slack_risk"", ""count"": 2, ""weight"": -2.0, ""scaled_count"": 1.6931471805599454, ""scaled_contribution"": -3.386294361119891, ""notes"": """"}, {""phrase"": ""lower the target range"", ""direction"": ""dovish"", ""theme"": ""easing_cut_bias"", ""count"": 1, ""weight"": -2.0, ""scaled_count"": 1.0, ""scaled_contribution"": -2.0, ""notes"": ""Balance sheet language may not map one-for-one to rate stance.""}]",scored,
FED_DOC_5D01C02457E0,FED,2026-02-16,Michelle W. Bowman,"Revitalizing Bank Mortgage Lending, One Step with Basel",Speeches,speech,FED_2026_01,"data\FED\Speeches\2026-02-16 - Michelle W. Bowman - Revitalizing Bank Mortgage Lending, One Step with Basel.txt",https://www.federalreserve.gov/newsevents/speech/bowman20260216a.htm,0.0,Neutral,0.0,none,0.0,0.0,0.0,0,0,[],scored,
FED_DOC_23F7F90BB819,FED,2026-02-17,Michael S. Barr,What Will Artificial Intelligence Mean for the Labor Market and the Economy?,Speeches,speech,FED_2026_01,data\FED\Speeches\2026-02-17 - Michael S. Barr - What Will Artificial Intelligence Mean for the Labor Market and the Economy_.txt,https://www.federalreserve.gov/newsevents/speech/barr20260217a.htm,0.0,Neutral,0.15,none,0.0,0.0,0.0,3,4,"[{""phrase"": ""incoming data"", ""direction"": ""neutral"", ""theme"": ""data_dependence"", ""count"": 1, ""weight"": 0.0, ""scaled_count"": 1.0, ""scaled_contribution"": 0.0, ""notes"": ""Neutral by default; can accompany hawkish or dovish decisions.""}, {""phrase"": ""evolving outlook"", ""direction"": ""neutral"", ""theme"": ""data_dependence"", ""count"": 1, ""weight"": 0.0, ""scaled_count"": 1.0, ""scaled_contribution"": 0.0, ""notes"": ""Neutral by default; can accompany hawkish or dovish decisions.""}, {""phrase"": ""balance of risks"", ""direction"": ""neutral"", ""theme"": ""data_dependence"", ""count"": 2, ""weight"": 0.0, ""scaled_count"": 1.6931471805599454, ""scaled_contribution"": 0.0, ""notes"": ""Neutral by default; can accompany hawkish or dovish decisions.""}]",scored,
FED_DOC_4F3729E6CFA8,FED,2026-02-19,Opening Remarks,Opening Remarks,Speeches,speech,FED_2026_01,data\FED\Speeches\2026-02-19 - Opening Remarks - Opening Remarks.txt,https://www.federalreserve.gov/newsevents/speech/bowman20260219a.htm,0.0,Neutral,0.0,none,0.0,0.0,0.0,0,0,[],scored,
FED_DOC_734BF48EA856,FED,2026-02-23,Christopher J. Waller,Labor Market Data: Signal or Noise?,Speeches,speech,FED_2026_01,data\FED\Speeches\2026-02-23 - Christopher J. Waller - Labor Market Data_ Signal or Noise_.txt,https://www.federalreserve.gov/newsevents/speech/waller20260223a.htm,1.0,Neutral-Hawkish,0.204,hawkish,2.0,1.0,1.0,3,3,"[{""phrase"": ""risk of higher inflation"", ""direction"": ""hawkish"", ""theme"": ""upside_inflation_risks"", ""count"": 1, ""weight"": 2.0, ""scaled_count"": 1.0, ""scaled_contribution"": 2.0, ""notes"": """"}, {""phrase"": ""balance of risks"", ""direction"": ""neutral"", ""theme"": ""data_dependence"", ""count"": 1, ""weight"": 0.0, ""scaled_count"": 1.0, ""scaled_contribution"": 0.0, ""notes"": ""Neutral by default; can accompany hawkish or dovish decisions.""}, {""phrase"": ""progress on inflation"", ""direction"": ""dovish"", ""theme"": ""inflation_progress"", ""count"": 1, ""weight"": -1.0, ""scaled_count"": 1.0, ""scaled_contribution"": -1.0, ""notes"": """"}]",scored,
FED_DOC_639A3D3D4B2F,FED,2026-02-24,Lisa D. Cook,Opening Remarks for the âAI and Productivity across the Economyâ Panel,Speeches,speech,FED_2026_01,data\FED\Speeches\2026-02-24 - Lisa D. Cook - Opening Remarks for the âAI and Productivity across the Economyâ Panel.txt,https://www.federalreserve.gov/newsevents/speech/cook20260224a.htm,0.0,Neutral,0.0,none,0.0,0.0,0.0,0,0,[],scored,
FED_DOC_4F1F62DAB39C,FED,2026-02-24,Christopher J. Waller,Operationalizing AI at the Federal Reserve,Speeches,speech,FED_2026_01,data\FED\Speeches\2026-02-24 - Christopher J. Waller - Operationalizing AI at the Federal Reserve.txt,https://www.federalreserve.gov/newsevents/speech/waller20260224a.htm,0.0,Neutral,0.0,none,0.0,0.0,0.0,0,0,[],scored,
FED_DOC_6879DD38A21B,FED,2026-02-26,Supervision and Regulation,Supervision and Regulation,Speeches,speech,FED_2026_01,data\FED\Speeches\2026-02-26 - Supervision and Regulation - Supervision and Regulation.txt,https://www.federalreserve.gov/newsevents/speech/bowman20260226a.htm,0.0,Neutral,0.0,none,0.0,0.0,0.0,0,0,[],scored,
FED_DOC_E506EC50F6D5,FED,2026-03-03,Michelle W. Bowman,"Liquidity Resiliency, Financial Stability, and the Role of the Federal Reserve",Speeches,speech,FED_2026_01,"data\FED\Speeches\2026-03-03 - Michelle W. Bowman - Liquidity Resiliency, Financial Stability, and the Role of the Federal Reserve.txt",https://www.federalreserve.gov/newsevents/speech/bowman20260303a.htm,0.0,Neutral,0.0,none,0.0,0.0,0.0,0,0,[],scored,
FED_DOC_F252770C032B,FED,2026-03-12,Michelle W. Bowman,Capital Rules for the Real Economy,Speeches,speech,FED_2026_01,data\FED\Speeches\2026-03-12 - Michelle W. Bowman - Capital Rules for the Real Economy.txt,https://www.federalreserve.gov/newsevents/speech/bowman20260312a.htm,0.0,Neutral,0.0,none,0.0,0.0,0.0,0,0,[],scored,
FED_DOC_46C1266C103E,FED,2026-03-18,,FOMC minutes,Minutes,minutes,FED_2026_03,data\FED\Minutes\2026-03-18 - FOMC minutes.txt,https://www.federalreserve.gov/monetarypolicy/files/fomcminutes20260318.pdf,5.218875824868201,Hawkish,0.565,hawkish,9.991464547107983,4.772588722239782,5.218875824868201,8,35,"[{""phrase"": ""upside risks to inflation"", ""direction"": ""hawkish"", ""theme"": ""upside_inflation_risks"", ""count"": 2, ""weight"": 2.0, ""scaled_count"": 1.6931471805599454, ""scaled_contribution"": 3.386294361119891, ""notes"": """"}, {""phrase"": ""meeting-by-meeting"", ""direction"": ""neutral"", ""theme"": ""data_dependence"", ""count"": 1, ""weight"": 0.0, ""scaled_count"": 1.0, ""scaled_contribution"": 0.0, ""notes"": ""Neutral by default; can accompany hawkish or dovish decisions.""}, {""phrase"": ""incoming data"", ""direction"": ""neutral"", ""theme"": ""data_dependence"", ""count"": 7, ""weight"": 0.0, ""scaled_count"": 2.9459101490553135, ""scaled_contribution"": 0.0, ""notes"": ""Neutral by default; can accompany hawkish or dovish decisions.""}, {""phrase"": ""evolving outlook"", ""direction"": ""neutral"", ""theme"": ""data_dependence"", ""count"": 4, ""weight"": 0.0, ""scaled_count"": 2.386294361119891, ""scaled_contribution"": 0.0, ""notes"": ""Neutral by default; can accompany hawkish or dovish decisions.""}, {""phrase"": ""balance of risks"", ""direction"": ""neutral"", ""theme"": ""data_dependence"", ""count"": 5, ""weight"": 0.0, ""scaled_count"": 2.6094379124341005, ""scaled_contribution"": 0.0, ""notes"": ""Neutral by default; can accompany hawkish or dovish decisions.""}, {""phrase"": ""risks to both sides"", ""direction"": ""neutral"", ""theme"": ""balanced_risks"", ""count"": 2, ""weight"": 0.0, ""scaled_count"": 1.6931471805599454, ""scaled_contribution"": 0.0, ""notes"": """"}, {""phrase"": ""target range for the federal funds rate"", ""direction"": ""hawkish"", ""theme"": ""restrictive_stance"", ""count"": 10, ""weight"": 2.0, ""scaled_count"": 3.302585092994046, ""scaled_contribution"": 6.605170185988092, ""notes"": ""FED-specific policy implementation phrasing; context matters for balance sheet phrases.""}, {""phrase"": ""lower the target range"", ""direction"": ""dovish"", ""theme"": ""easing_cut_bias"", ""count"": 4, ""weight"": -2.0, ""scaled_count"": 2.386294361119891, ""scaled_contribution"": -4.772588722239782, ""notes"": ""Balance sheet language may not map one-for-one to rate stance.""}]",scored,
FED_DOC_AA84114F7571,FED,2026-03-18,,FOMC statement,Monetary Policy,statement,FED_2026_03,data\FED\Monetary Policy\2026-03-18 - FOMC statement.txt,https://www.federalreserve.gov/monetarypolicy/files/monetary20260318a1.pdf,2.19722457733622,Neutral-Hawkish,0.378,hawkish,4.19722457733622,2.0,2.19722457733622,6,8,"[{""phrase"": ""incoming data"", ""direction"": ""neutral"", ""theme"": ""data_dependence"", ""count"": 1, ""weight"": 0.0, ""scaled_count"": 1.0, ""scaled_contribution"": 0.0, ""notes"": ""Neutral by default; can accompany hawkish or dovish decisions.""}, {""phrase"": ""evolving outlook"", ""direction"": ""neutral"", ""theme"": ""data_dependence"", ""count"": 1, ""weight"": 0.0, ""scaled_count"": 1.0, ""scaled_contribution"": 0.0, ""notes"": ""Neutral by default; can accompany hawkish or dovish decisions.""}, {""phrase"": ""balance of risks"", ""direction"": ""neutral"", ""theme"": ""data_dependence"", ""count"": 1, ""weight"": 0.0, ""scaled_count"": 1.0, ""scaled_contribution"": 0.0, ""notes"": ""Neutral by default; can accompany hawkish or dovish decisions.""}, {""phrase"": ""risks to both sides"", ""direction"": ""neutral"", ""theme"": ""balanced_risks"", ""count"": 1, ""weight"": 0.0, ""scaled_count"": 1.0, ""scaled_contribution"": 0.0, ""notes"": """"}, {""phrase"": ""target range for the federal funds rate"", ""direction"": ""hawkish"", ""theme"": ""restrictive_stance"", ""count"": 3, ""weight"": 2.0, ""scaled_count"": 2.09861228866811, ""scaled_contribution"": 4.19722457733622, ""notes"": ""FED-specific policy implementation phrasing; context matters for balance sheet phrases.""}, {""phrase"": ""lower the target range"", ""direction"": ""dovish"", ""theme"": ""easing_cut_bias"", ""count"": 1, ""weight"": -2.0, ""scaled_count"": 1.0, ""scaled_contribution"": -2.0, ""notes"": ""Balance sheet language may not map one-for-one to rate stance.""}]",scored,
FED_DOC_9E3FB2D80B20,FED,2026-03-21,Jerome H. Powell,Acceptance Remarks,Speeches,speech,FED_2026_03,data\FED\Speeches\2026-03-21 - Jerome H. Powell - Acceptance Remarks.txt,https://www.federalreserve.gov/newsevents/speech/powell20260321a.htm,0.0,Neutral,0.0,none,0.0,0.0,0.0,0,0,[],scored,
FED_DOC_7F0A49B1D47E,FED,2026-03-24,Developing Communities through Public-private Partnerships,Developing Communities through Public-private Partnerships,Speeches,speech,FED_2026_03,data\FED\Speeches\2026-03-24 - Developing Communities through Public-private Partnerships - Developing Communities through Public-private Partnerships.txt,https://www.federalreserve.gov/newsevents/speech/barr20260324a.htm,0.0,Neutral,0.0,none,0.0,0.0,0.0,0,0,[],scored,
FED_DOC_AE52E1DA1565,FED,2026-03-26,Michael S. Barr,Brief Remarks on the Economic Outlook and Monetary Policy,Speeches,speech,FED_2026_03,data\FED\Speeches\2026-03-26 - Michael S. Barr - Brief Remarks on the Economic Outlook and Monetary Policy.txt,https://www.federalreserve.gov/newsevents/speech/barr20260326a.htm,4.0,Hawkish,0.434,hawkish,6.0,2.0,4.0,5,5,"[{""phrase"": ""inflation persistence"", ""direction"": ""hawkish"", ""theme"": ""inflation_persistence"", ""count"": 1, ""weight"": 3.0, ""scaled_count"": 1.0, ""scaled_contribution"": 3.0, ""notes"": """"}, {""phrase"": ""inflation expectations have risen"", ""direction"": ""hawkish"", ""theme"": ""inflation_expectations"", ""count"": 1, ""weight"": 3.0, ""scaled_count"": 1.0, ""scaled_contribution"": 3.0, ""notes"": """"}, {""phrase"": ""incoming data"", ""direction"": ""neutral"", ""theme"": ""data_dependence"", ""count"": 1, ""weight"": 0.0, ""scaled_count"": 1.0, ""scaled_contribution"": 0.0, ""notes"": ""Neutral by default; can accompany hawkish or dovish decisions.""}, {""phrase"": ""balance of risks"", ""direction"": ""neutral"", ""theme"": ""data_dependence"", ""count"": 1, ""weight"": 0.0, ""scaled_count"": 1.0, ""scaled_contribution"": 0.0, ""notes"": ""Neutral by default; can accompany hawkish or dovish decisions.""}, {""phrase"": ""disinflationary process"", ""direction"": ""dovish"", ""theme"": ""disinflation"", ""count"": 1, ""weight"": -2.0, ""scaled_count"": 1.0, ""scaled_contribution"": -2.0, ""notes"": """"}]",scored,
FED_DOC_FA7D3A44E4E8,FED,2026-03-26,Philip N. Jefferson,Economic Outlook and Energy Effects,Speeches,speech,FED_2026_03,data\FED\Speeches\2026-03-26 - Philip N. Jefferson - Economic Outlook and Energy Effects.txt,https://www.federalreserve.gov/newsevents/speech/jefferson20260326a.htm,0.0,Neutral,0.155,none,2.0,2.0,0.0,5,5,"[{""phrase"": ""incoming data"", ""direction"": ""neutral"", ""theme"": ""data_dependence"", ""count"": 1, ""weight"": 0.0, ""scaled_count"": 1.0, ""scaled_contribution"": 0.0, ""notes"": ""Neutral by default; can accompany hawkish or dovish decisions.""}, {""phrase"": ""evolving outlook"", ""direction"": ""neutral"", ""theme"": ""data_dependence"", ""count"": 1, ""weight"": 0.0, ""scaled_count"": 1.0, ""scaled_contribution"": 0.0, ""notes"": ""Neutral by default; can accompany hawkish or dovish decisions.""}, {""phrase"": ""balance of risks"", ""direction"": ""neutral"", ""theme"": ""data_dependence"", ""count"": 1, ""weight"": 0.0, ""scaled_count"": 1.0, ""scaled_contribution"": 0.0, ""notes"": ""Neutral by default; can accompany hawkish or dovish decisions.""}, {""phrase"": ""disinflationary process"", ""direction"": ""dovish"", ""theme"": ""disinflation"", ""count"": 1, ""weight"": -2.0, ""scaled_count"": 1.0, ""scaled_contribution"": -2.0, ""notes"": """"}, {""phrase"": ""target range for the federal funds rate"", ""direction"": ""hawkish"", ""theme"": ""restrictive_stance"", ""count"": 1, ""weight"": 2.0, ""scaled_count"": 1.0, ""scaled_contribution"": 2.0, ""notes"": ""FED-specific policy implementation phrasing; context matters for balance sheet phrases.""}]",scored,
FED_DOC_8BC658E9E0EC,FED,2026-03-26,Stephen I. Miran,Prospects for Shrinking the Fedâs Balance Sheet,Speeches,speech,FED_2026_03,data\FED\Speeches\2026-03-26 - Stephen I. Miran - Prospects for Shrinking the Fedâs Balance Sheet.txt,https://www.federalreserve.gov/newsevents/speech/miran20260326a.htm,0.0,Neutral,0.0,none,0.0,0.0,0.0,0,0,[],scored,
FED_DOC_98288CC3DA94,FED,2026-03-26,Reflections on Financial Stability,Reflections on Financial Stability,Speeches,speech,FED_2026_03,data\FED\Speeches\2026-03-26 - Reflections on Financial Stability - Reflections on Financial Stability.txt,https://www.federalreserve.gov/newsevents/speech/cook20260326a.htm,0.0,Neutral,0.0,none,0.0,0.0,0.0,0,0,[],scored,
FED_DOC_2D07723FC6C1,FED,2026-03-31,Brief Remarks on Stablecoins,Brief Remarks on Stablecoins,Speeches,speech,FED_2026_03,data\FED\Speeches\2026-03-31 - Brief Remarks on Stablecoins - Brief Remarks on Stablecoins.txt,https://www.federalreserve.gov/newsevents/speech/barr20260331a.htm,0.0,Neutral,0.0,none,0.0,0.0,0.0,0,0,[],scored,
FED_DOC_90CD027144B2,FED,2026-03-31,Supporting Small Businesses,Supporting Small Businesses,Speeches,speech,FED_2026_03,data\FED\Speeches\2026-03-31 - Supporting Small Businesses - Supporting Small Businesses.txt,https://www.federalreserve.gov/newsevents/speech/bowman20260331a.htm,0.0,Neutral,0.0,none,0.0,0.0,0.0,0,0,[],scored,
FED_DOC_E812A26DC7B5,FED,2026-04-07,Philip N. Jefferson,Economic Outlook and the Labor Market,Speeches,speech,FED_2026_03,data\FED\Speeches\2026-04-07 - Philip N. Jefferson - Economic Outlook and the Labor Market.txt,https://www.federalreserve.gov/newsevents/speech/jefferson20260407a.htm,-1.0,Neutral-Dovish,0.316,dovish,2.0,3.0,-1.0,7,7,"[{""phrase"": ""incoming data"", ""direction"": ""neutral"", ""theme"": ""data_dependence"", ""count"": 1, ""weight"": 0.0, ""scaled_count"": 1.0, ""scaled_contribution"": 0.0, ""notes"": ""Neutral by default; can accompany hawkish or dovish decisions.""}, {""phrase"": ""evolving outlook"", ""direction"": ""neutral"", ""theme"": ""data_dependence"", ""count"": 1, ""weight"": 0.0, ""scaled_count"": 1.0, ""scaled_contribution"": 0.0, ""notes"": ""Neutral by default; can accompany hawkish or dovish decisions.""}, {""phrase"": ""balance of risks"", ""direction"": ""neutral"", ""theme"": ""data_dependence"", ""count"": 1, ""weight"": 0.0, ""scaled_count"": 1.0, ""scaled_contribution"": 0.0, ""notes"": ""Neutral by default; can accompany hawkish or dovish decisions.""}, {""phrase"": ""risks to both sides"", ""direction"": ""neutral"", ""theme"": ""balanced_risks"", ""count"": 1, ""weight"": 0.0, ""scaled_count"": 1.0, ""scaled_contribution"": 0.0, ""notes"": """"}, {""phrase"": ""inflation has eased"", ""direction"": ""dovish"", ""theme"": ""inflation_progress"", ""count"": 1, ""weight"": -1.0, ""scaled_count"": 1.0, ""scaled_contribution"": -1.0, ""notes"": """"}, {""phrase"": ""disinflationary process"", ""direction"": ""dovish"", ""theme"": ""disinflation"", ""count"": 1, ""weight"": -2.0, ""scaled_count"": 1.0, ""scaled_contribution"": -2.0, ""notes"": """"}, {""phrase"": ""target range for the federal funds rate"", ""direction"": ""hawkish"", ""theme"": ""restrictive_stance"", ""count"": 1, ""weight"": 2.0, ""scaled_count"": 1.0, ""scaled_contribution"": 2.0, ""notes"": ""FED-specific policy implementation phrasing; context matters for balance sheet phrases.""}]",scored,
FED_DOC_80D847C74428,FED,2026-04-14,Michael S. Barr,Rural Communities: Worth the Investment,Speeches,speech,FED_2026_03,data\FED\Speeches\2026-04-14 - Michael S. Barr - Rural Communities_ Worth the Investment.txt,https://www.federalreserve.gov/newsevents/speech/barr20260414a.htm,0.0,Neutral,0.0,none,0.0,0.0,0.0,0,0,[],scored,
FED_DOC_A31AF50DD11E,FED,2026-04-17,One Transitory Shock After Another,One Transitory Shock After Another,Speeches,speech,FED_2026_03,data\FED\Speeches\2026-04-17 - One Transitory Shock After Another - One Transitory Shock After Another.txt,https://www.federalreserve.gov/newsevents/speech/waller20260417a.htm,0.0,Neutral,0.0,none,0.0,0.0,0.0,0,0,[],scored,
FED_DOC_3501D9B90D6A,FED,2026-04-21,Christopher J. Waller,Modernizing Federal Reserve Operations in the 21st Century,Speeches,speech,FED_2026_03,data\FED\Speeches\2026-04-21 - Christopher J. Waller - Modernizing Federal Reserve Operations in the 21st Century.txt,https://www.federalreserve.gov/newsevents/speech/waller20260421a.htm,0.0,Neutral,0.0,none,0.0,0.0,0.0,0,0,[],scored,
FED_DOC_518E0987424C,FED,2026-04-29,,FOMC minutes,Minutes,minutes,FED_2026_04,data\FED\Minutes\2026-04-29 - FOMC minutes.txt,https://www.federalreserve.gov/monetarypolicy/files/fomcminutes20260429.pdf,1.9437602816771236,Neutral-Hawkish,0.526,hawkish,11.795790545596741,9.852030263919618,1.9437602816771236,10,32,"[{""phrase"": ""inflation is elevated"", ""direction"": ""hawkish"", ""theme"": ""inflation_too_high"", ""count"": 1, ""weight"": 3.0, ""scaled_count"": 1.0, ""scaled_contribution"": 3.0, ""notes"": """"}, {""phrase"": ""upside risks to inflation"", ""direction"": ""hawkish"", ""theme"": ""upside_inflation_risks"", ""count"": 1, ""weight"": 2.0, ""scaled_count"": 1.0, ""scaled_contribution"": 2.0, ""notes"": """"}, {""phrase"": ""meeting-by-meeting"", ""direction"": ""neutral"", ""theme"": ""data_dependence"", ""count"": 1, ""weight"": 0.0, ""scaled_count"": 1.0, ""scaled_contribution"": 0.0, ""notes"": ""Neutral by default; can accompany hawkish or dovish decisions.""}, {""phrase"": ""incoming data"", ""direction"": ""neutral"", ""theme"": ""data_dependence"", ""count"": 4, ""weight"": 0.0, ""scaled_count"": 2.386294361119891, ""scaled_contribution"": 0.0, ""notes"": ""Neutral by default; can accompany hawkish or dovish decisions.""}, {""phrase"": ""evolving outlook"", ""direction"": ""neutral"", ""theme"": ""data_dependence"", ""count"": 3, ""weight"": 0.0, ""scaled_count"": 2.09861228866811, ""scaled_contribution"": 0.0, ""notes"": ""Neutral by default; can accompany hawkish or dovish decisions.""}, {""phrase"": ""balance of risks"", ""direction"": ""neutral"", ""theme"": ""data_dependence"", ""count"": 3, ""weight"": 0.0, ""scaled_count"": 2.09861228866811, ""scaled_contribution"": 0.0, ""notes"": ""Neutral by default; can accompany hawkish or dovish decisions.""}, {""phrase"": ""risks to both sides"", ""direction"": ""neutral"", ""theme"": ""balanced_risks"", ""count"": 2, ""weight"": 0.0, ""scaled_count"": 1.6931471805599454, ""scaled_contribution"": 0.0, ""notes"": """"}, {""phrase"": ""easing bias"", ""direction"": ""dovish"", ""theme"": ""easing_cut_bias"", ""count"": 2, ""weight"": -3.0, ""scaled_count"": 1.6931471805599454, ""scaled_contribution"": -5.079441541679836, ""notes"": """"}, {""phrase"": ""target range for the federal funds rate"", ""direction"": ""hawkish"", ""theme"": ""restrictive_stance"", ""count"": 11, ""weight"": 2.0, ""scaled_count"": 3.3978952727983707, ""scaled_contribution"": 6.795790545596741, ""notes"": ""FED-specific policy implementation phrasing; context matters for balance sheet phrases.""}, {""phrase"": ""lower the target range"", ""direction"": ""dovish"", ""theme"": ""easing_cut_bias"", ""count"": 4, ""weight"": -2.0, ""scaled_count"": 2.386294361119891, ""scaled_contribution"": -4.772588722239782, ""notes"": ""Balance sheet language may not map one-for-one to rate stance.""}]",scored,
FED_DOC_483ADFC55AB2,FED,2026-04-29,,FOMC statement,Monetary Policy,statement,FED_2026_04,data\FED\Monetary Policy\2026-04-29 - FOMC statement.txt,https://www.federalreserve.gov/monetarypolicy/files/monetary20260429a1.pdf,2.7725887222397816,Neutral-Hawkish,0.506,hawkish,7.772588722239782,5.0,2.7725887222397816,8,11,"[{""phrase"": ""inflation is elevated"", ""direction"": ""hawkish"", ""theme"": ""inflation_too_high"", ""count"": 1, ""weight"": 3.0, ""scaled_count"": 1.0, ""scaled_contribution"": 3.0, ""notes"": """"}, {""phrase"": ""incoming data"", ""direction"": ""neutral"", ""theme"": ""data_dependence"", ""count"": 1, ""weight"": 0.0, ""scaled_count"": 1.0, ""scaled_contribution"": 0.0, ""notes"": ""Neutral by default; can accompany hawkish or dovish decisions.""}, {""phrase"": ""evolving outlook"", ""direction"": ""neutral"", ""theme"": ""data_dependence"", ""count"": 1, ""weight"": 0.0, ""scaled_count"": 1.0, ""scaled_contribution"": 0.0, ""notes"": ""Neutral by default; can accompany hawkish or dovish decisions.""}, {""phrase"": ""balance of risks"", ""direction"": ""neutral"", ""theme"": ""data_dependence"", ""count"": 1, ""weight"": 0.0, ""scaled_count"": 1.0, ""scaled_contribution"": 0.0, ""notes"": ""Neutral by default; can accompany hawkish or dovish decisions.""}, {""phrase"": ""risks to both sides"", ""direction"": ""neutral"", ""theme"": ""balanced_risks"", ""count"": 1, ""weight"": 0.0, ""scaled_count"": 1.0, ""scaled_contribution"": 0.0, ""notes"": """"}, {""phrase"": ""easing bias"", ""direction"": ""dovish"", ""theme"": ""easing_cut_bias"", ""count"": 1, ""weight"": -3.0, ""scaled_count"": 1.0, ""scaled_contribution"": -3.0, ""notes"": """"}, {""phrase"": ""target range for the federal funds rate"", ""direction"": ""hawkish"", ""theme"": ""restrictive_stance"", ""count"": 4, ""weight"": 2.0, ""scaled_count"": 2.386294361119891, ""scaled_contribution"": 4.772588722239782, ""notes"": ""FED-specific policy implementation phrasing; context matters for balance sheet phrases.""}, {""phrase"": ""lower the target range"", ""direction"": ""dovish"", ""theme"": ""easing_cut_bias"", ""count"": 1, ""weight"": -2.0, ""scaled_count"": 1.0, ""scaled_contribution"": -2.0, ""notes"": ""Balance sheet language may not map one-for-one to rate stance.""}]",scored,
FED_DOC_17DA4AAFD88D,FED,2026-05-01,Michelle W. Bowman,Artificial Intelligence in the Financial System,Speeches,speech,FED_2026_04,data\FED\Speeches\2026-05-01 - Michelle W. Bowman - Artificial Intelligence in the Financial System.txt,https://www.federalreserve.gov/newsevents/speech/bowman20260501a.htm,0.0,Neutral,0.15,none,0.0,0.0,0.0,1,1,"[{""phrase"": ""balance of risks"", ""direction"": ""neutral"", ""theme"": ""data_dependence"", ""count"": 1, ""weight"": 0.0, ""scaled_count"": 1.0, ""scaled_contribution"": 0.0, ""notes"": ""Neutral by default; can accompany hawkish or dovish decisions.""}]",scored,
FED_DOC_FDBF1675216E,FED,2026-05-05,Michelle W. Bowman,A Coordinated Approach to Consumer Fraud Protection,Speeches,speech,FED_2026_04,data\FED\Speeches\2026-05-05 - Michelle W. Bowman - A Coordinated Approach to Consumer Fraud Protection.txt,https://www.federalreserve.gov/newsevents/speech/bowman20260505a.htm,0.0,Neutral,0.0,none,0.0,0.0,0.0,0,0,[],scored,
FED_DOC_A13274C40ADF,FED,2026-05-08,Lisa D. Cook,Perspectives on Tokenization and Implications for the Financial System,Speeches,speech,FED_2026_04,data\FED\Speeches\2026-05-08 - Lisa D. Cook - Perspectives on Tokenization and Implications for the Financial System.txt,https://www.federalreserve.gov/newsevents/speech/cook20260508a.htm,0.0,Neutral,0.0,none,0.0,0.0,0.0,0,0,[],scored,
FED_DOC_D3BB7599D602,FED,2026-05-08,Christopher J. Waller,Update On Federal Reserve Bank Operations,Speeches,speech,FED_2026_04,data\FED\Speeches\2026-05-08 - Christopher J. Waller - Update On Federal Reserve Bank Operations.txt,https://www.federalreserve.gov/newsevents/speech/waller20260508a.htm,0.0,Neutral,0.0,none,0.0,0.0,0.0,0,0,[],scored,
FED_DOC_AC6001390A99,FED,2026-05-08,Michelle W. Bowman,When Regulation Reshapes Markets: The Migration of Corporate Lending,Speeches,speech,FED_2026_04,data\FED\Speeches\2026-05-08 - Michelle W. Bowman - When Regulation Reshapes Markets_ The Migration of Corporate Lending.txt,https://www.federalreserve.gov/newsevents/speech/bowman20260508a.htm,0.0,Neutral,0.0,none,0.0,0.0,0.0,0,0,[],scored,
FED_DOC_30D90A4339EA,FED,2026-05-14,Michael S. Barr,Efficient and Effective Central Banking: Beyond the Balance Sheet,Speeches,speech,FED_2026_04,data\FED\Speeches\2026-05-14 - Michael S. Barr - Efficient and Effective Central Banking_ Beyond the Balance Sheet.txt,https://www.federalreserve.gov/newsevents/speech/barr20260514a.htm,0.0,Neutral,0.0,none,0.0,0.0,0.0,0,0,[],scored,
FED_DOC_9F5E3486F1AA,FED,2026-05-14,Opening Remarks,Opening Remarks,Speeches,speech,FED_2026_04,data\FED\Speeches\2026-05-14 - Opening Remarks - Opening Remarks.txt,https://www.federalreserve.gov/newsevents/speech/bowman20260514a.htm,0.0,Neutral,0.0,none,0.0,0.0,0.0,0,0,[],scored,
FED_DOC_AD23B3BA97E2,FED,2026-05-20,Measuring Financial Health,Measuring Financial Health,Speeches,speech,FED_2026_04,data\FED\Speeches\2026-05-20 - Measuring Financial Health - Measuring Financial Health.txt,https://www.federalreserve.gov/newsevents/speech/barr20260520a.htm,2.0,Neutral-Hawkish,0.302,hawkish,2.0,0.0,2.0,1,1,"[{""phrase"": ""more work to do"", ""direction"": ""hawkish"", ""theme"": ""need_for_further_tightening"", ""count"": 1, ""weight"": 2.0, ""scaled_count"": 1.0, ""scaled_contribution"": 2.0, ""notes"": """"}]",scored,
FED_DOC_CB60C8342E21,FED,2026-05-22,Policy Risks Have Changed,Policy Risks Have Changed,Speeches,speech,FED_2026_04,data\FED\Speeches\2026-05-22 - Policy Risks Have Changed - Policy Risks Have Changed.txt,https://www.federalreserve.gov/newsevents/speech/waller20260522a.htm,-1.0,Neutral-Dovish,0.254,dovish,2.0,3.0,-1.0,2,2,"[{""phrase"": ""easing bias"", ""direction"": ""dovish"", ""theme"": ""easing_cut_bias"", ""count"": 1, ""weight"": -3.0, ""scaled_count"": 1.0, ""scaled_contribution"": -3.0, ""notes"": """"}, {""phrase"": ""target range for the federal funds rate"", ""direction"": ""hawkish"", ""theme"": ""restrictive_stance"", ""count"": 1, ""weight"": 2.0, ""scaled_count"": 1.0, ""scaled_contribution"": 2.0, ""notes"": ""FED-specific policy implementation phrasing; context matters for balance sheet phrases.""}]",scored,
FED_DOC_345C020CA9AB,FED,2026-05-27,Philip N. Jefferson,Global Economic Developments and the U.S. Economy,Speeches,speech,FED_2026_04,data\FED\Speeches\2026-05-27 - Philip N. Jefferson - Global Economic Developments and the U.S. Economy.txt,https://www.federalreserve.gov/newsevents/speech/jefferson20260527a.htm,2.0,Neutral-Hawkish,0.355,hawkish,4.0,2.0,2.0,6,6,"[{""phrase"": ""upside risks to inflation"", ""direction"": ""hawkish"", ""theme"": ""upside_inflation_risks"", ""count"": 1, ""weight"": 2.0, ""scaled_count"": 1.0, ""scaled_contribution"": 2.0, ""notes"": """"}, {""phrase"": ""incoming data"", ""direction"": ""neutral"", ""theme"": ""data_dependence"", ""count"": 1, ""weight"": 0.0, ""scaled_count"": 1.0, ""scaled_contribution"": 0.0, ""notes"": ""Neutral by default; can accompany hawkish or dovish decisions.""}, {""phrase"": ""evolving outlook"", ""direction"": ""neutral"", ""theme"": ""data_dependence"", ""count"": 1, ""weight"": 0.0, ""scaled_count"": 1.0, ""scaled_contribution"": 0.0, ""notes"": ""Neutral by default; can accompany hawkish or dovish decisions.""}, {""phrase"": ""balance of risks"", ""direction"": ""neutral"", ""theme"": ""data_dependence"", ""count"": 1, ""weight"": 0.0, ""scaled_count"": 1.0, ""scaled_contribution"": 0.0, ""notes"": ""Neutral by default; can accompany hawkish or dovish decisions.""}, {""phrase"": ""downside risks to growth"", ""direction"": ""dovish"", ""theme"": ""downside_growth_risks"", ""count"": 1, ""weight"": -2.0, ""scaled_count"": 1.0, ""scaled_contribution"": -2.0, ""notes"": """"}, {""phrase"": ""target range for the federal funds rate"", ""direction"": ""hawkish"", ""theme"": ""restrictive_stance"", ""count"": 1, ""weight"": 2.0, ""scaled_count"": 1.0, ""scaled_contribution"": 2.0, ""notes"": ""FED-specific policy implementation phrasing; context matters for balance sheet phrases.""}]",scored,
FED_DOC_59CF7795E8BA,FED,2026-05-27,Lisa D. Cook,The Opportunities and Risks AI Presents for the Economy and Financial System,Speeches,speech,FED_2026_04,data\FED\Speeches\2026-05-27 - Lisa D. Cook - The Opportunities and Risks AI Presents for the Economy and Financial System.txt,https://www.federalreserve.gov/newsevents/speech/cook20260527a.htm,0.0,Neutral,0.15,none,0.0,0.0,0.0,1,1,"[{""phrase"": ""risks to both sides"", ""direction"": ""neutral"", ""theme"": ""balanced_risks"", ""count"": 1, ""weight"": 0.0, ""scaled_count"": 1.0, ""scaled_contribution"": 0.0, ""notes"": """"}]",scored,
FED_DOC_9B12B4B196CF,FED,2026-05-29,Watch Live,A Framework for Practical Monetary Policy Decision Making,Speeches,speech,FED_2026_04,data\FED\Speeches\2026-05-29 - Watch Live - A Framework for Practical Monetary Policy Decision Making.txt,https://www.federalreserve.gov/newsevents/speech/bowman20260529a.htm,10.0,Strongly Hawkish,0.615,hawkish,15.772588722239782,4.772588722239782,11.0,10,19,"[{""phrase"": ""inflation is above target"", ""direction"": ""hawkish"", ""theme"": ""inflation_too_high"", ""count"": 1, ""weight"": 3.0, ""scaled_count"": 1.0, ""scaled_contribution"": 3.0, ""notes"": """"}, {""phrase"": ""inflation is high"", ""direction"": ""hawkish"", ""theme"": ""inflation_too_high"", ""count"": 1, ""weight"": 2.0, ""scaled_count"": 1.0, ""scaled_contribution"": 2.0, ""notes"": """"}, {""phrase"": ""additional policy restraint"", ""direction"": ""hawkish"", ""theme"": ""need_for_further_tightening"", ""count"": 1, ""weight"": 2.0, ""scaled_count"": 1.0, ""scaled_contribution"": 2.0, ""notes"": """"}, {""phrase"": ""labor market is tight"", ""direction"": ""hawkish"", ""theme"": ""labour_market_strength"", ""count"": 1, ""weight"": 2.0, ""scaled_count"": 1.0, ""scaled_contribution"": 2.0, ""notes"": """"}, {""phrase"": ""incoming data"", ""direction"": ""neutral"", ""theme"": ""data_dependence"", ""count"": 2, ""weight"": 0.0, ""scaled_count"": 1.6931471805599454, ""scaled_contribution"": 0.0, ""notes"": ""Neutral by default; can accompany hawkish or dovish decisions.""}, {""phrase"": ""evolving outlook"", ""direction"": ""neutral"", ""theme"": ""data_dependence"", ""count"": 1, ""weight"": 0.0, ""scaled_count"": 1.0, ""scaled_contribution"": 0.0, ""notes"": ""Neutral by default; can accompany hawkish or dovish decisions.""}, {""phrase"": ""balance of risks"", ""direction"": ""neutral"", ""theme"": ""data_dependence"", ""count"": 3, ""weight"": 0.0, ""scaled_count"": 2.09861228866811, ""scaled_contribution"": 0.0, ""notes"": ""Neutral by default; can accompany hawkish or dovish decisions.""}, {""phrase"": ""close to neutral"", ""direction"": ""dovish"", ""theme"": ""easing_cut_bias"", ""count"": 4, ""weight"": -2.0, ""scaled_count"": 2.386294361119891, ""scaled_contribution"": -4.772588722239782, ""notes"": """"}, {""phrase"": ""target range for the federal funds rate"", ""direction"": ""hawkish"", ""theme"": ""restrictive_stance"", ""count"": 4, ""weight"": 2.0, ""scaled_count"": 2.386294361119891, ""scaled_contribution"": 4.772588722239782, ""notes"": ""FED-specific policy implementation phrasing; context matters for balance sheet phrases.""}, {""phrase"": ""federal funds rate at a restrictive level"", ""direction"": ""hawkish"", ""theme"": ""restrictive_stance"", ""count"": 1, ""weight"": 2.0, ""scaled_count"": 1.0, ""scaled_contribution"": 2.0, ""notes"": ""FED-specific policy implementation phrasing; context matters for balance sheet phrases.""}]",scored,
FED_DOC_32FD66862A5A,FED,2026-05-31,Acceptance Remarks,Acceptance Remarks,Speeches,speech,FED_2026_04,data\FED\Speeches\2026-05-31 - Acceptance Remarks - Acceptance Remarks.txt,https://www.federalreserve.gov/newsevents/speech/powell20260531a.htm,0.0,Neutral,0.0,none,0.0,0.0,0.0,0,0,[],scored,
