meeting_id,bank,meeting_date,doc_id,document_subtype,category,title,speaker,date_au,days_after_meeting,text_file,source_url,meeting_relation,linkage_confidence
BOC_2024_06_A,BOC,2024-06-05,DOC_F1EAD218ED7F,statement,Monetary Policy,Bank of Canada Interest Rate Announcement,,2024-06-05,0,data\BOC\Monetary Policy\2024-06-05 - Bank of Canada Interest Rate Announcement.txt,https://www.bankofcanada.ca/2024/06/bank-canada-interest-rate-announcement-june-5-2024/,anchor_statement,1.0
BOC_2024_06_B,BOC,2024-06-07,DOC_DDE4C277C3C8,statement,Monetary Policy,Monetary Policy Report,,2024-06-07,0,data\BOC\Monetary Policy\2024-06-07 - Monetary Policy Report.txt,https://www.bankofcanada.ca/publications/mpr/mpr-2024-07/,anchor_statement,1.0
BOC_2024_06_B,BOC,2024-06-07,DOC_8AFF2E066A0E,speech,Speeches,"Speech by Sharon Kozicki, Deputy Governor of the Bank of Canada",Sharon Kozicki,2024-06-13,6,"data\BOC\Speeches\2024-06-13 - Sharon Kozicki - Speech by Sharon Kozicki, Deputy Governor of the Bank of Canada.txt",https://www.bankofcanada.ca/2024/06/speech-sharon-kozicki-june-13-2024/,speech_after_meeting,0.7
BOC_2024_06_B,BOC,2024-06-07,DOC_9A58245B39AE,speech,Speeches,"Speech by Tiff Macklem, Governor of the Bank of Canada",Tiff Macklem,2024-06-24,17,"data\BOC\Speeches\2024-06-24 - Tiff Macklem - Speech by Tiff Macklem, Governor of the Bank of Canada.txt",https://www.bankofcanada.ca/2024/06/speech-tiff-macklem-june-24-2024/,speech_after_meeting,0.7
BOC_2024_09,BOC,2024-09-04,DOC_01B6D5B757F1,statement,Monetary Policy,Bank of Canada Interest Rate Announcement,,2024-09-04,0,data\BOC\Monetary Policy\2024-09-04 - Bank of Canada Interest Rate Announcement.txt,https://www.bankofcanada.ca/2024/09/bank-canada-interest-rate-announcement-september-4-2024/,anchor_statement,1.0
BOC_2024_09,BOC,2024-09-04,DOC_81340A81C5C6,speech,Speeches,"Speech by Tiff Macklem, Governor of the Bank of Canada",Tiff Macklem,2024-09-10,6,"data\BOC\Speeches\2024-09-10 - Tiff Macklem - Speech by Tiff Macklem, Governor of the Bank of Canada.txt",https://www.bankofcanada.ca/2024/09/speech-tiff-macklem-september-10-2024/,speech_after_meeting,0.7
BOC_2024_09,BOC,2024-09-04,DOC_35F68B0A2842,speech,Speeches,"Speech by Nicolas Vincent, External Deputy Governor of the Bank of Canada",Nicolas Vincent,2024-09-19,15,"data\BOC\Speeches\2024-09-19 - Nicolas Vincent - Speech by Nicolas Vincent, External Deputy Governor of the Bank of Canada.txt",https://www.bankofcanada.ca/2024/09/speech-nicolas-vincent-external-deputy-governor-september-19-2024/,speech_after_meeting,0.7
BOC_2024_09,BOC,2024-09-04,DOC_CB49EE1844F4,speech,Speeches,"Speech by Tiff Macklem, Governor of the Bank of Canada",Tiff Macklem,2024-09-20,16,"data\BOC\Speeches\2024-09-20 - Tiff Macklem - Speech by Tiff Macklem, Governor of the Bank of Canada.txt",https://www.bankofcanada.ca/2024/09/speech-tiff-macklem-governor-september-20-2024/,speech_after_meeting,0.7
BOC_2024_10,BOC,2024-10-23,DOC_BFFB7A606DCD,statement,Monetary Policy,Monetary Policy Report,,2024-10-23,0,data\BOC\Monetary Policy\2024-10-23 - Monetary Policy Report.txt,https://www.bankofcanada.ca/publications/mpr/mpr-2024-10-23/,anchor_statement,1.0
BOC_2024_10,BOC,2024-10-23,DOC_D1EC23BCC82A,speech,Speeches,"Speech by Carolyn Rogers, Senior Deputy Governor of the Bank of Canada",Carolyn Rogers,2024-11-06,14,"data\BOC\Speeches\2024-11-06 - Carolyn Rogers - Speech by Carolyn Rogers, Senior Deputy Governor of the Bank of Canada.txt",https://www.bankofcanada.ca/2024/11/speech-carolyn-rogers-november-6-2024/,speech_after_meeting,0.7
BOC_2024_10,BOC,2024-10-23,DOC_75FF7BDDAB35,speech,Speeches,"Speech by Rhys Mendes, Deputy Governor of the Bank of Canada",Rhys Mendes,2024-11-26,34,"data\BOC\Speeches\2024-11-26 - Rhys Mendes - Speech by Rhys Mendes, Deputy Governor of the Bank of Canada.txt",https://www.bankofcanada.ca/2024/11/speech-rhys-mendes-november-26-2024/,speech_after_meeting,0.7
BOC_2024_12,BOC,2024-12-11,DOC_E3C08C98EC76,statement,Monetary Policy,Bank of Canada Interest Rate Announcement,,2024-12-11,0,data\BOC\Monetary Policy\2024-12-11 - Bank of Canada Interest Rate Announcement.txt,https://www.bankofcanada.ca/2024/12/bank-canada-interest-rate-announcement-december-11-2024/,anchor_statement,1.0
BOC_2024_12,BOC,2024-12-11,DOC_BA58AB581BA1,speech,Speeches,"Speech by Tiff Macklem, Governor of the Bank of Canada",Tiff Macklem,2024-12-16,5,"data\BOC\Speeches\2024-12-16 - Tiff Macklem - Speech by Tiff Macklem, Governor of the Bank of Canada.txt",https://www.bankofcanada.ca/2024/12/speech-tiff-macklem-december-16-2024/,speech_after_meeting,0.7
BOC_2024_12,BOC,2024-12-11,DOC_70B2EA7AAEFC,speech,Speeches,"Speech by Toni Gravelle, Deputy Governor of the Bank of Canada",Toni Gravelle,2025-01-16,36,"data\BOC\Speeches\2025-01-16 - Toni Gravelle - Speech by Toni Gravelle, Deputy Governor of the Bank of Canada.txt",https://www.bankofcanada.ca/2025/01/speech-toni-gravelle-january-16-2025/,speech_after_meeting,0.7
BOC_2025_01,BOC,2025-01-29,DOC_2228339F66ED,statement,Monetary Policy,Monetary Policy Report,,2025-01-29,0,data\BOC\Monetary Policy\2025-01-29 - Monetary Policy Report.txt,https://www.bankofcanada.ca/publications/mpr/mpr-2025-01-29/,anchor_statement,1.0
BOC_2025_01,BOC,2025-01-29,DOC_57A84EB338D9,speech,Speeches,"Speech by Tiff Macklem, Governor of the Bank of Canada",Tiff Macklem,2025-02-21,23,"data\BOC\Speeches\2025-02-21 - Tiff Macklem - Speech by Tiff Macklem, Governor of the Bank of Canada.txt",https://www.bankofcanada.ca/2025/02/speech-tiff-macklem-february-21-2025/,speech_after_meeting,0.7
BOC_2025_03,BOC,2025-03-12,DOC_779D85D625B8,statement,Monetary Policy,Bank of Canada Interest Rate Announcement,,2025-03-12,0,data\BOC\Monetary Policy\2025-03-12 - Bank of Canada Interest Rate Announcement.txt,https://www.bankofcanada.ca/2025/03/bank-canada-interest-rate-announcement-march-12-2025/,anchor_statement,1.0
BOC_2025_03,BOC,2025-03-12,DOC_D8CD47CB7994,speech,Speeches,"Speech by Tiff Macklem, Governor of the Bank of Canada",Tiff Macklem,2025-03-20,8,"data\BOC\Speeches\2025-03-20 - Tiff Macklem - Speech by Tiff Macklem, Governor of the Bank of Canada.txt",https://www.bankofcanada.ca/2025/03/speech-tiff-macklem-governor-march-20-2025/,speech_after_meeting,0.7
BOC_2025_04,BOC,2025-04-16,DOC_0991EB1A9864,statement,Monetary Policy,Monetary Policy Report,,2025-04-16,0,data\BOC\Monetary Policy\2025-04-16 - Monetary Policy Report.txt,https://www.bankofcanada.ca/publications/mpr/mpr-2025-04-16/,anchor_statement,1.0
BOC_2025_06,BOC,2025-06-04,DOC_CC9B4BF65709,statement,Monetary Policy,Bank of Canada Interest Rate Announcement,,2025-06-04,0,data\BOC\Monetary Policy\2025-06-04 - Bank of Canada Interest Rate Announcement.txt,https://www.bankofcanada.ca/2025/06/bank-canada-interest-rate-announcement-june-4-2025/,anchor_statement,1.0
BOC_2025_06,BOC,2025-06-04,DOC_036A1141404C,speech,Speeches,"Speech by Sharon Kozicki, Deputy Governor of the Bank of Canada",Sharon Kozicki,2025-06-05,1,"data\BOC\Speeches\2025-06-05 - Sharon Kozicki - Speech by Sharon Kozicki, Deputy Governor of the Bank of Canada.txt",https://www.bankofcanada.ca/2025/06/speech-sharon-kozicki-june-5-2025/,speech_after_meeting,0.7
BOC_2025_06,BOC,2025-06-04,DOC_3D804668D246,speech,Speeches,"Speech by Tiff Macklem, Governor of the Bank of Canada",Tiff Macklem,2025-06-18,14,"data\BOC\Speeches\2025-06-18 - Tiff Macklem - Speech by Tiff Macklem, Governor of the Bank of Canada.txt",https://www.bankofcanada.ca/2025/06/speech-tiff-macklem-2025-06-18/,speech_after_meeting,0.7
BOC_2025_07,BOC,2025-07-30,DOC_E0C2D118ACCD,statement,Monetary Policy,Monetary Policy Report,,2025-07-30,0,data\BOC\Monetary Policy\2025-07-30 - Monetary Policy Report.txt,https://www.bankofcanada.ca/publications/mpr/mpr-2025-07-30/,anchor_statement,1.0
BOC_2025_07,BOC,2025-07-30,DOC_22CA8F5695EF,speech,Speeches,"Speech by Tiff Macklem, Governor of the Bank of Canada",Tiff Macklem,2025-08-26,27,"data\BOC\Speeches\2025-08-26 - Tiff Macklem - Speech by Tiff Macklem, Governor of the Bank of Canada.txt",https://www.bankofcanada.ca/2025/08/speech-tiff-macklem-august-26-2025/,speech_after_meeting,0.7
BOC_2025_09,BOC,2025-09-17,DOC_9557ADF0277D,statement,Monetary Policy,Bank of Canada Interest Rate Announcement,,2025-09-17,0,data\BOC\Monetary Policy\2025-09-17 - Bank of Canada Interest Rate Announcement.txt,https://www.bankofcanada.ca/2025/09/bank-canada-interest-rate-announcement-september-17-2025/,anchor_statement,1.0
BOC_2025_09,BOC,2025-09-17,DOC_C27419F82665,speech,Speeches,"Speech by Tiff Macklem, Governor of the Bank of Canada",Tiff Macklem,2025-09-23,6,"data\BOC\Speeches\2025-09-23 - Tiff Macklem - Speech by Tiff Macklem, Governor of the Bank of Canada.txt",https://www.bankofcanada.ca/2025/09/speech-tiff-macklem-september-23-2025/,speech_after_meeting,0.7
BOC_2025_09,BOC,2025-09-17,DOC_F8EBEDC409CE,speech,Speeches,"Speech by Rhys Mendes, Deputy Governor of the Bank of Canada",Rhys Mendes,2025-10-02,15,"data\BOC\Speeches\2025-10-02 - Rhys Mendes - Speech by Rhys Mendes, Deputy Governor of the Bank of Canada.txt",https://www.bankofcanada.ca/2025/10/speech-rhys-mendes-october-2-2025/,speech_after_meeting,0.7
BOC_2025_09,BOC,2025-09-17,DOC_21E7F276C289,speech,Speeches,"Speech by Carolyn Rogers, Senior Deputy Governor of the Bank of Canada",Carolyn Rogers,2025-10-09,22,"data\BOC\Speeches\2025-10-09 - Carolyn Rogers - Speech by Carolyn Rogers, Senior Deputy Governor of the Bank of Canada.txt",https://www.bankofcanada.ca/2025/10/speech-carolyn-rogers-2025-10-09/,speech_after_meeting,0.7
BOC_2025_10,BOC,2025-10-29,DOC_DFF43FF2E3B8,statement,Monetary Policy,Monetary Policy Report,,2025-10-29,0,data\BOC\Monetary Policy\2025-10-29 - Monetary Policy Report.txt,https://www.bankofcanada.ca/publications/mpr/mpr-2025-10-29/,anchor_statement,1.0
BOC_2025_10,BOC,2025-10-29,DOC_626B3C0F1A44,speech,Speeches,"Speech by Nicolas Vincent, External Deputy Governor of the Bank of Canada",Nicolas Vincent,2025-11-19,21,"data\BOC\Speeches\2025-11-19 - Nicolas Vincent - Speech by Nicolas Vincent, External Deputy Governor of the Bank of Canada.txt",https://www.bankofcanada.ca/2025/11/speech-nicolas-vincent-2025-11-19/,speech_after_meeting,0.7
BOC_2025_12_A,BOC,2025-12-10,DOC_58B67E58A9A5,statement,Monetary Policy,Bank of Canada Interest Rate Announcement,,2025-12-10,0,data\BOC\Monetary Policy\2025-12-10 - Bank of Canada Interest Rate Announcement.txt,https://www.bankofcanada.ca/2025/12/bank-of-canada-interest-rate-announcement-2025-12-10/,anchor_statement,1.0
BOC_2025_12_B,BOC,2025-12-10,DOC_847F032FCF63,statement,Monetary Policy,Interest Rate Announcement,,2025-12-10,0,data\BOC\Monetary Policy\2025-12-10 - Interest Rate Announcement.txt,https://www.bankofcanada.ca/2025/12/interest-rate-announcement-december-10-2025/,anchor_statement,1.0
BOC_2025_12_B,BOC,2025-12-10,DOC_71BD5422906E,speech,Speeches,"Speech by Tiff Macklem, Governor of the Bank of Canada",Tiff Macklem,2025-12-16,6,"data\BOC\Speeches\2025-12-16 - Tiff Macklem - Speech by Tiff Macklem, Governor of the Bank of Canada.txt",https://www.bankofcanada.ca/2025/12/speech-tiff-macklem-2025-12-16/,speech_after_meeting,0.7
BOC_2026_01_A,BOC,2026-01-28,DOC_5BBB43FAC9EC,statement,Monetary Policy,Interest Rate Announcement and Monetary Policy Report,,2026-01-28,0,data\BOC\Monetary Policy\2026-01-28 - Interest Rate Announcement and Monetary Policy Report.txt,https://www.bankofcanada.ca/2026/01/interest-rate-announcement-and-monetary-policy-report-january-28-2026/,anchor_statement,1.0
BOC_2026_01_B,BOC,2026-01-28,DOC_374B2DED440C,statement,Monetary Policy,Monetary Policy Report,,2026-01-28,0,data\BOC\Monetary Policy\2026-01-28 - Monetary Policy Report.txt,https://www.bankofcanada.ca/publications/mpr/mpr-2026-01-28/,anchor_statement,1.0
BOC_2026_01_B,BOC,2026-01-28,DOC_FC10D4B7BE42,speech,Speeches,"Speech by Tiff Macklem, Governor of the Bank of Canada",Tiff Macklem,2026-02-05,8,"data\BOC\Speeches\2026-02-05 - Tiff Macklem - Speech by Tiff Macklem, Governor of the Bank of Canada.txt",https://www.bankofcanada.ca/2026/02/speech-by-tiff-macklem-governor-of-the-bank-of-canada-2026-02-05/,speech_after_meeting,0.7
BOC_2026_01_B,BOC,2026-01-28,DOC_0E7444F4C5EC,speech,Speeches,"Speech by Sharon Kozicki, Deputy Governor of the Bank of Canada",Sharon Kozicki,2026-03-02,33,"data\BOC\Speeches\2026-03-02 - Sharon Kozicki - Speech by Sharon Kozicki, Deputy Governor of the Bank of Canada.txt",https://www.bankofcanada.ca/2026/03/speech-by-sharon-kozicki-2026-03-02/,speech_after_meeting,0.7
BOC_2026_03_A,BOC,2026-03-18,DOC_C78A323CFD04,statement,Monetary Policy,Bank of Canada Interest Rate Announcement,,2026-03-18,0,data\BOC\Monetary Policy\2026-03-18 - Bank of Canada Interest Rate Announcement.txt,https://www.bankofcanada.ca/2026/03/bank-of-canada-interest-rate-announcement-2026-03-18/,anchor_statement,1.0
BOC_2026_03_B,BOC,2026-03-18,DOC_55713EF8FE92,statement,Monetary Policy,Interest Rate Announcement,,2026-03-18,0,data\BOC\Monetary Policy\2026-03-18 - Interest Rate Announcement.txt,https://www.bankofcanada.ca/2026/03/interest-rate-announcement-march-18-2026/,anchor_statement,1.0
BOC_2026_03_B,BOC,2026-03-18,DOC_E8A15D787C55,speech,Speeches,"Speech by Carolyn Rogers, Senior Deputy Governor of the Bank of Canada",Carolyn Rogers,2026-03-26,8,"data\BOC\Speeches\2026-03-26 - Carolyn Rogers - Speech by Carolyn Rogers, Senior Deputy Governor of the Bank of Canada.txt",https://www.bankofcanada.ca/2026/03/speech-carolyn-rogers-2026-03-26/,speech_after_meeting,0.7
BOC_2026_04_A,BOC,2026-04-29,DOC_02A8DFA9C4A8,statement,Monetary Policy,Interest Rate Announcement and Monetary Policy Report,,2026-04-29,0,data\BOC\Monetary Policy\2026-04-29 - Interest Rate Announcement and Monetary Policy Report.txt,https://www.bankofcanada.ca/2026/04/interest-rate-announcement-and-monetary-policy-report-april-29-2026/,anchor_statement,1.0
BOC_2026_04_B,BOC,2026-04-29,DOC_E735138C9D8A,statement,Monetary Policy,Monetary Policy Report,,2026-04-29,0,data\BOC\Monetary Policy\2026-04-29 - Monetary Policy Report.txt,https://www.bankofcanada.ca/publications/mpr/mpr-2026-04-29/,anchor_statement,1.0
BOC_2026_04_C,BOC,2026-04-29,DOC_9BF697388A5F,statement,Monetary Policy,Monetary Policy Report—April 2026,,2026-04-29,0,data\BOC\Monetary Policy\2026-04-29 - Monetary Policy Report—April 2026.txt,https://www.bankofcanada.ca/publications/mpr/mpr-2026-04-29/,anchor_statement,1.0
BOC_2026_04_C,BOC,2026-04-29,DOC_69448DDFD2A6,speech,Speeches,"Speech by Michelle Alexopoulos, External Deputy Governor of the Bank of Canada",Michelle Alexopoulos,2026-05-13,14,"data\BOC\Speeches\2026-05-13 - Michelle Alexopoulos - Speech by Michelle Alexopoulos, External Deputy Governor of the Bank of Canada.txt",https://www.bankofcanada.ca/2026/05/speech-michelle-alexopoulos-2026-05-13/,speech_after_meeting,0.7
BOC_2026_04_C,BOC,2026-04-29,DOC_84B3C030EACD,speech,Speeches,"Speech by Nicolas Vincent, External Deputy Governor of the Bank of Canada",Nicolas Vincent,2026-05-26,27,"data\BOC\Speeches\2026-05-26 - Nicolas Vincent - Speech by Nicolas Vincent, External Deputy Governor of the Bank of Canada.txt",https://www.bankofcanada.ca/2026/05/speech-nicolas-vincent-2026-05-26/,speech_after_meeting,0.7
BOC_2026_04_C,BOC,2026-04-29,DOC_E933F85F2E4D,speech,Speeches,BOC Speeches,Michelle Alexopoulos,2026-06-01,33,data\BOC\Speeches\2026-06-01 - Michelle Alexopoulos - BOC Speeches.txt,https://www.bankofcanada.ca/wp-content/uploads/2026/05/remarks-130526.pdf,speech_after_meeting,0.7
BOE_2021_06_D,BOE,2021-06-01,DOC_E24194C5485F,speech,Speeches,A new dawn for payments - speech by Victoria Cleland,Victoria Cleland,2021-06-01,0,data\BOE\Speeches\2021-06-01 - Victoria Cleland - A new dawn for payments - speech by Victoria Cleland.txt,https://www.bankofengland.co.uk/-/media/boe/files/speech/2021/june/a-new-dawn-for-payments-annex.pdf,speech_after_meeting,0.7
BOE_2021_06_D,BOE,2021-06-01,DOC_79464A36D570,speech,Speeches,Accessible FX market disclosures: Transparency for a virtual environment - speech by Rohan Churm,Rohan Churm,2021-06-01,0,data\BOE\Speeches\2021-06-01 - Rohan Churm - Accessible FX market disclosures_ Transparency for a virtual environment - speech by Rohan Churm.txt,https://www.bankofengland.co.uk/-/media/boe/files/speech/2021/July/accessible-fx-market-disclosures-transparency-for-a-virtual-environment-annex-and-references.pdf,speech_after_meeting,0.7
BOE_2021_06_D,BOE,2021-06-01,DOC_2A38C271951A,speech,Speeches,Adaptability and resilience in the mutuals sector - speech by Charlotte Gerken,Charlotte Gerken,2021-06-01,0,data\BOE\Speeches\2021-06-01 - Charlotte Gerken - Adaptability and resilience in the mutuals sector - speech by Charlotte Gerken.txt,https://www.bankofengland.co.uk/speech/2021/october/charlotte-gerken-speech-at-the-association-of-financial-mutuals-conference,speech_after_meeting,0.7
BOE_2021_06_D,BOE,2021-06-01,DOC_3E2FE09080D9,speech,Speeches,An update on the economic outlook - speech by Gertjan Vlieghe,Gertjan Vlieghe,2021-06-01,0,data\BOE\Speeches\2021-06-01 - Gertjan Vlieghe - An update on the economic outlook - speech by Gertjan Vlieghe.txt,https://www.bankofengland.co.uk/-/media/boe/files/speech/2021/february/an-update-on-the-economic-outlook-speech-by-gertjan-vlieghe.pdf,speech_after_meeting,0.7
BOE_2021_06_D,BOE,2021-06-01,DOC_A12F817C22D1,speech,Speeches,Banknote character - speech by Andrew Bailey,Andrew Bailey,2021-06-01,0,data\BOE\Speeches\2021-06-01 - Andrew Bailey - Banknote character - speech by Andrew Bailey.txt,https://www.bankofengland.co.uk/speech/2021/march/andrew-bailey-unveil-of-the-alan-turing-50-polymer-banknote,speech_after_meeting,0.7
BOE_2021_06_D,BOE,2021-06-01,DOC_405A9BD2F81A,speech,Speeches,"Bigger, broader, faster, stronger? How much should tomorrow’s central bank balance sheets do – and what should we leave to financial markets? Some principles for good parenting - speech by Andrew Hauser",Andrew Hauser,2021-06-01,0,"data\BOE\Speeches\2021-06-01 - Andrew Hauser - Bigger, broader, faster, stronger_ How much should tomorrow’s central bank balance sheets do – and what should we leave t.txt",https://www.bankofengland.co.uk/-/media/boe/files/speech/2021/september/bigger-broader-faster-stronger-speech-by-andrew-hauser.pdf,speech_after_meeting,0.7
BOE_2021_06_D,BOE,2021-06-01,DOC_65DB8E20721C,speech,Speeches,Brave new world - speech by Sam Woods,Sam Woods,2021-06-01,0,data\BOE\Speeches\2021-06-01 - Sam Woods - Brave new world - speech by Sam Woods.txt,https://www.bankofengland.co.uk/speech/2021/march/sam-woods-association-of-british-insurers-executives-neds-and-chairs-network-webinar,speech_after_meeting,0.7
BOE_2021_06_D,BOE,2021-06-01,DOC_5B0DE7A93D80,speech,Speeches,Building financial market resilience: From diagnosis to prescription - speech by Jonathan Hall,Jonathan Hall,2021-06-01,0,data\BOE\Speeches\2021-06-01 - Jonathan Hall - Building financial market resilience_ From diagnosis to prescription - speech by Jonathan Hall.txt,https://www.bankofengland.co.uk/speech/2021/may/jon-hall-building-financial-market-resilience,speech_after_meeting,0.7
BOE_2021_06_D,BOE,2021-06-01,DOC_3C63A4D6FDCC,speech,Speeches,Building strong and simple: the first step - speech by Victoria Saporta,Victoria Saporta,2021-06-01,0,data\BOE\Speeches\2021-06-01 - Victoria Saporta - Building strong and simple_ the first step - speech by Victoria Saporta.txt,https://www.bankofengland.co.uk/speech/2021/april/victoria-saporta-boe-webinar-on-pra-policymaking-and-the-strong-and-simple-discussion-paper,speech_after_meeting,0.7
BOE_2021_06_D,BOE,2021-06-01,DOC_B77DC324D96A,speech,Speeches,Central Bank Digital Currency: An update on the Bank of England’s work - speech by Tom Mutton,Tom Mutton,2021-06-01,0,data\BOE\Speeches\2021-06-01 - Tom Mutton - Central Bank Digital Currency_ An update on the Bank of England’s work - speech by Tom Mutton.txt,https://www.bankofengland.co.uk/speech/2021/june/tom-mutton-pre-recorded-keynote-speech-the-future-of-fintech-digital-conference,speech_after_meeting,0.7
BOE_2021_06_D,BOE,2021-06-01,DOC_2C8889EC9B1F,speech,Speeches,Climate change – Plotting our course to Net Zero - speech by Sarah Breeden,Sarah Breeden,2021-06-01,0,data\BOE\Speeches\2021-06-01 - Sarah Breeden - Climate change – Plotting our course to Net Zero - speech by Sarah Breeden.txt,https://www.bankofengland.co.uk/speech/2021/may/sarah-breeden-managing-the-impact-of-climate-change,speech_after_meeting,0.7
BOE_2021_06_D,BOE,2021-06-01,DOC_2328C0561156,speech,Speeches,Covid and the composition of spending - speech by Ben Broadbent,Ben Broadbent,2021-06-01,0,data\BOE\Speeches\2021-06-01 - Ben Broadbent - Covid and the composition of spending - speech by Ben Broadbent.txt,https://www.bankofengland.co.uk/-/media/boe/files/speech/2021/january/covid-and-the-composition-of-spending-speech-by-ben-broadbent.pdf,speech_after_meeting,0.7
BOE_2021_06_D,BOE,2021-06-01,DOC_30214EF5BB2B,speech,Speeches,Cyber Risk: 2015 to 2027 and the Penrose steps - speech by Lyndon Nelson,Lyndon Nelson,2021-06-01,0,data\BOE\Speeches\2021-06-01 - Lyndon Nelson - Cyber Risk_ 2015 to 2027 and the Penrose steps - speech by Lyndon Nelson.txt,https://www.bankofengland.co.uk/speech/2021/may/lyndon-nelson-the-8th-operational-resilience-and-cyber-security-summit,speech_after_meeting,0.7
BOE_2021_06_D,BOE,2021-06-01,DOC_173D381AE8E1,speech,Speeches,Descending safely: Life after Libor - speech by Andrew Bailey,Andrew Bailey,2021-06-01,0,data\BOE\Speeches\2021-06-01 - Andrew Bailey - Descending safely_ Life after Libor - speech by Andrew Bailey.txt,https://www.bankofengland.co.uk/speech/2021/may/andrew-bailey-a-moderated-discussion-with-john-williams-president-of-ny-fed,speech_after_meeting,0.7
BOE_2021_06_D,BOE,2021-06-01,DOC_D0E12E8DB1C9,speech,Speeches,Developments in the PRA’s supervision of annuity providers - speech by Charlotte Gerken,Charlotte Gerken,2021-06-01,0,data\BOE\Speeches\2021-06-01 - Charlotte Gerken - Developments in the PRA’s supervision of annuity providers - speech by Charlotte Gerken.txt,https://www.bankofengland.co.uk/speech/2021/april/charlotte-gerken-pre-recorded-18th-bulk-annuities-conference,speech_after_meeting,0.7
BOE_2021_06_D,BOE,2021-06-01,DOC_9366AF01A892,speech,Speeches,Do we need ‘public money’? - speech by Jon Cunliffe,Jon Cunliffe,2021-06-01,0,data\BOE\Speeches\2021-06-01 - Jon Cunliffe - Do we need ‘public money’_ - speech by Jon Cunliffe.txt,https://www.bankofengland.co.uk/speech/2021/may/jon-cunliffe-omfif-digital-monetary-institute-meeting,speech_after_meeting,0.7
BOE_2021_06_D,BOE,2021-06-01,DOC_E8534E6C022A,speech,Speeches,Emerging prudential lessons from the Covid stress - speech by Victoria Saporta,Victoria Saporta,2021-06-01,0,data\BOE\Speeches\2021-06-01 - Victoria Saporta - Emerging prudential lessons from the Covid stress - speech by Victoria Saporta.txt,https://www.bankofengland.co.uk/-/media/boe/files/speech/2021/july/emerging-prudential-lessons-from-the-covid-stress-speech-by-victoria-saporta.pdf,speech_after_meeting,0.7
BOE_2021_06_D,BOE,2021-06-01,DOC_09C2C8FDECBE,speech,Speeches,From master masons to information architects: how standards can transform reporting (and bring benefits well beyond it) - speech by Gareth Ramsay,Gareth Ramsay,2021-06-01,0,data\BOE\Speeches\2021-06-01 - Gareth Ramsay - From master masons to information architects_ how standards can transform reporting (and bring benefits well beyond it) -.txt,https://www.bankofengland.co.uk/speech/2021/april/gareth-ramsay-webinar-hosted-by-the-edm-council,speech_after_meeting,0.7
BOE_2021_06_D,BOE,2021-06-01,DOC_4B695E132D30,speech,Speeches,Future world of work - speech by Joanna Place,Joanna Place,2021-06-01,0,data\BOE\Speeches\2021-06-01 - Joanna Place - Future world of work - speech by Joanna Place.txt,https://www.bankofengland.co.uk/speech/2021/july/joanna-place-speech-at-the-investment-association-future-world-of-work,speech_after_meeting,0.7
BOE_2021_06_D,BOE,2021-06-01,DOC_2B832F5499C3,speech,Speeches,Getting over Covid - speech by Andrew Bailey,Andrew Bailey,2021-06-01,0,data\BOE\Speeches\2021-06-01 - Andrew Bailey - Getting over Covid - speech by Andrew Bailey.txt,https://www.bankofengland.co.uk/-/media/boe/files/speech/2021/march/getting-over-covid-speech-by-andrew-bailey.pdf,speech_after_meeting,0.7
BOE_2021_06_D,BOE,2021-06-01,DOC_57ADAA6B42FF,speech,Speeches,Goldilocks and the three pillars: how much capital is just right? - speech by Anna Sweeney,Anna Sweeney,2021-06-01,0,data\BOE\Speeches\2021-06-01 - Anna Sweeney - Goldilocks and the three pillars_ how much capital is just right_ - speech by Anna Sweeney.txt,https://www.bankofengland.co.uk/speech/2021/february/anna-sweeney-westminster-business-forum,speech_after_meeting,0.7
BOE_2021_06_D,BOE,2021-06-01,DOC_3DCDAF813A5E,speech,Speeches,Housing – the quiet decade - speech by Jon Cunliffe,Jon Cunliffe,2021-06-01,0,data\BOE\Speeches\2021-06-01 - Jon Cunliffe - Housing – the quiet decade - speech by Jon Cunliffe.txt,https://www.bankofengland.co.uk/-/media/boe/files/speech/2021/may/housing-the-quiet-decade-speech-by-jon-cunliffe.pdf,speech_after_meeting,0.7
BOE_2021_06_D,BOE,2021-06-01,DOC_EB60FF4E4AF8,speech,Speeches,Inflation now and then - speech by Jonathan Haskel,Jonathan Haskel,2021-06-01,0,data\BOE\Speeches\2021-06-01 - Jonathan Haskel - Inflation now and then - speech by Jonathan Haskel.txt,https://www.bankofengland.co.uk/-/media/boe/files/speech/2021/november/inflation-now-and-then-speech-by-jonathan-haskel.pdf,speech_after_meeting,0.7
BOE_2021_06_D,BOE,2021-06-01,DOC_9C0202BE09C0,speech,Speeches,Inflation: a tiger by the tail? - speech by Andy Haldane,Andy Haldane,2021-06-01,0,data\BOE\Speeches\2021-06-01 - Andy Haldane - Inflation_ a tiger by the tail_ - speech by Andy Haldane.txt,https://www.bankofengland.co.uk/-/media/boe/files/speech/2021/february/inflation-a-tiger-by-the-tail-speech-by-andy-haldane.pdf,speech_after_meeting,0.7
BOE_2021_06_D,BOE,2021-06-01,DOC_16B45FE02E83,speech,Speeches,Innovation to serve the public interest - speech by Andrew Bailey,Andrew Bailey,2021-06-01,0,data\BOE\Speeches\2021-06-01 - Andrew Bailey - Innovation to serve the public interest - speech by Andrew Bailey.txt,https://www.bankofengland.co.uk/speech/2021/june/andrew-bailey-cityuk-annual-conference,speech_after_meeting,0.7
BOE_2021_06_D,BOE,2021-06-01,DOC_8ED6CEB795EF,speech,Speeches,"International trade, global supply chains and monetary policy - speech by Silvana Tenreyro",Silvana Tenreyro,2021-06-01,0,"data\BOE\Speeches\2021-06-01 - Silvana Tenreyro - International trade, global supply chains and monetary policy - speech by Silvana Tenreyro.txt",https://www.bankofengland.co.uk/-/media/boe/files/speech/2021/october/international-trade-global-supply-chains-and-monetary-policy-speech-annex.pdf,speech_after_meeting,0.7
BOE_2021_06_D,BOE,2021-06-01,DOC_867F79F88FD0,speech,Speeches,Is ‘crypto’ a financial stability risk? - speech by Jon Cunliffe,Jon Cunliffe,2021-06-01,0,data\BOE\Speeches\2021-06-01 - Jon Cunliffe - Is ‘crypto’ a financial stability risk_ - speech by Jon Cunliffe.txt,https://www.bankofengland.co.uk/speech/2021/october/jon-cunliffe-swifts-sibos-2021,speech_after_meeting,0.7
BOE_2021_06_D,BOE,2021-06-01,DOC_B610D9A858CB,speech,Speeches,"It’s a recovery, but not as we know it - speech by Andrew Bailey",Andrew Bailey,2021-06-01,0,"data\BOE\Speeches\2021-06-01 - Andrew Bailey - It’s a recovery, but not as we know it - speech by Andrew Bailey.txt",https://www.bankofengland.co.uk/speech/2021/july/andrew-bailey-speech-at-the-mansion-house-financial-professional-services-event,speech_after_meeting,0.7
BOE_2021_06_D,BOE,2021-06-01,DOC_3FDD3B943ACD,speech,Speeches,It’s not easy being green – but that shouldn’t stop us: how central banks can use their monetary policy portfolios to support orderly transition to net zero - speech by Andrew Hauser,Andrew Hauser,2021-06-01,0,data\BOE\Speeches\2021-06-01 - Andrew Hauser - It’s not easy being green – but that shouldn’t stop us_ how central banks can use their monetary policy portfolios to sup.txt,https://www.bankofengland.co.uk/-/media/boe/files/speech/2021/may/its-not-easy-being-green-but-that-shouldnt-stop-us-speech-by-andrew-hauser.pdf,speech_after_meeting,0.7
BOE_2021_06_D,BOE,2021-06-01,DOC_D01F33615B07,speech,Speeches,"Lags, trade-offs and the challenges facing monetary policy - speech by Ben Broadbent",Ben Broadbent,2021-06-01,0,"data\BOE\Speeches\2021-06-01 - Ben Broadbent - Lags, trade-offs and the challenges facing monetary policy - speech by Ben Broadbent.txt",https://www.bankofengland.co.uk/-/media/boe/files/speech/2021/december/lags-trade-offs-and-the-challenges-facing-monetary-policy-speech-by-ben-broadbent.pdf,speech_after_meeting,0.7
BOE_2021_06_D,BOE,2021-06-01,DOC_9CA17590528A,speech,Speeches,Laying the Foundations for a Net Zero Financial System - speech by Andrew Bailey,Andrew Bailey,2021-06-01,0,data\BOE\Speeches\2021-06-01 - Andrew Bailey - Laying the Foundations for a Net Zero Financial System - speech by Andrew Bailey.txt,https://www.bankofengland.co.uk/speech/2021/november/andrew-bailey-speech-at-cop26-laying-the-foundations-for-a-net-zero-financial-system,speech_after_meeting,0.7
BOE_2021_06_D,BOE,2021-06-01,DOC_57A397A82EF7,speech,Speeches,Lessons from the pandemic: Has the simpler post-2008 financial system held up? And where do we go from here? - speech by Christina Segal-Knowles,Christina Segal-Knowles,2021-06-01,0,data\BOE\Speeches\2021-06-01 - Christina Segal-Knowles - Lessons from the pandemic_ Has the simpler post-2008 financial system held up_ And where do we go from here_ -.txt,https://www.bankofengland.co.uk/-/media/boe/files/speech/2021/january/has-the-simpler-post-2008-financial-system-held-up-speech-by-christina-segal-knowles.pdf,speech_after_meeting,0.7
BOE_2021_06_D,BOE,2021-06-01,DOC_E4E4CE16832C,speech,Speeches,Let’s talk about negative interest rates - speech by Silvana Tenreyro,Silvana Tenreyro,2021-06-01,0,data\BOE\Speeches\2021-06-01 - Silvana Tenreyro - Let’s talk about negative interest rates - speech by Silvana Tenreyro.txt,https://www.bankofengland.co.uk/-/media/boe/files/speech/2021/january/lets-talk-about-negative-interest-rates-speech-by-silvana-tenreyro.pdf,speech_after_meeting,0.7
BOE_2021_06_D,BOE,2021-06-01,DOC_06016EFDD2A9,speech,Speeches,Meeting varied people - speech by Andrew Bailey,Andrew Bailey,2021-06-01,0,data\BOE\Speeches\2021-06-01 - Andrew Bailey - Meeting varied people - speech by Andrew Bailey.txt,https://www.bankofengland.co.uk/speech/2021/april/andrew-bailey-keynote-speech-at-the-bank-of-england-virtual-event,speech_after_meeting,0.7
BOE_2021_06_D,BOE,2021-06-01,DOC_62255BD4DB40,speech,Speeches,Mismatch - speech by Ben Broadbent,Ben Broadbent,2021-06-01,0,data\BOE\Speeches\2021-06-01 - Ben Broadbent - Mismatch - speech by Ben Broadbent.txt,https://www.bankofengland.co.uk/-/media/boe/files/speech/2021/july/mismatch-speech-by-ben-broadbent.pdf,speech_after_meeting,0.7
BOE_2021_06_D,BOE,2021-06-01,DOC_FC280407CE6C,speech,Speeches,Modern challenges for the modern central bank: perspectives from the Bank of England - speech by Andrew Bailey,Andrew Bailey,2021-06-01,0,data\BOE\Speeches\2021-06-01 - Andrew Bailey - Modern challenges for the modern central bank_ perspectives from the Bank of England - speech by Andrew Bailey.txt,https://www.bankofengland.co.uk/speech/2021/february/andrew-bailey-lse-event-german-symposium,speech_after_meeting,0.7
BOE_2021_06_D,BOE,2021-06-01,DOC_0133BCF0EABA,speech,Speeches,Mutual interests - speech by Sam Woods,Sam Woods,2021-06-01,0,data\BOE\Speeches\2021-06-01 - Sam Woods - Mutual interests - speech by Sam Woods.txt,https://www.bankofengland.co.uk/speech/2021/may/sam-woods-building-societies-association-annual-conference-from-covid-19-to-a-new-mutual-economy,speech_after_meeting,0.7
BOE_2021_06_D,BOE,2021-06-01,DOC_9208127E9F82,speech,Speeches,Navigating the economy through the Covid crisis - speech by Dave Ramsden,Dave Ramsden,2021-06-01,0,data\BOE\Speeches\2021-06-01 - Dave Ramsden - Navigating the economy through the Covid crisis - speech by Dave Ramsden.txt,https://www.bankofengland.co.uk/-/media/boe/files/speech/2021/july/navigating-the-economy-through-the-covid-crisis-speech-by-dave-ramsden.pdf,speech_after_meeting,0.7
BOE_2021_06_D,BOE,2021-06-01,DOC_AB81B880F109,speech,Speeches,Opening remarks: meeting varied people - speech by Andrea Rosen,Andrea Rosen,2021-06-01,0,data\BOE\Speeches\2021-06-01 - Andrea Rosen - Opening remarks_ meeting varied people - speech by Andrea Rosen.txt,https://www.bankofengland.co.uk/speech/2021/april/andrea-rosen-opening-remarks-at-bank-of-england-virtual-event,speech_after_meeting,0.7
BOE_2021_06_D,BOE,2021-06-01,DOC_7C483D02578B,speech,Speeches,Operational resilience – outcomes in practice - speech by Lyndon Nelson,Lyndon Nelson,2021-06-01,0,data\BOE\Speeches\2021-06-01 - Lyndon Nelson - Operational resilience – outcomes in practice - speech by Lyndon Nelson.txt,https://www.bankofengland.co.uk/speech/2021/may/lyndon-nelson-uk-finance-webinar-building-operational-resilience,speech_after_meeting,0.7
BOE_2021_06_D,BOE,2021-06-01,DOC_009BC694CC6F,speech,Speeches,Prudentist - speech by Sam Woods,Sam Woods,2021-06-01,0,data\BOE\Speeches\2021-06-01 - Sam Woods - Prudentist - speech by Sam Woods.txt,https://www.bankofengland.co.uk/speech/2021/september/sam-woods-speech-at-mansion-house,speech_after_meeting,0.7
BOE_2021_06_D,BOE,2021-06-01,DOC_244F81271D05,speech,Speeches,QE as an economic policy tool - what does it do and how should we use it? - speech by Dave Ramsden,Dave Ramsden,2021-06-01,0,data\BOE\Speeches\2021-06-01 - Dave Ramsden - QE as an economic policy tool - what does it do and how should we use it_ - speech by Dave Ramsden.txt,https://www.bankofengland.co.uk/-/media/boe/files/speech/2021/february/qe-as-an-economic-policy-tool-what-does-it-do-and-how-should-we-use-it-speech-by-dave-ramsden.pdf,speech_after_meeting,0.7
BOE_2021_06_D,BOE,2021-06-01,DOC_C53F15F3639B,speech,Speeches,Reforming Solvency II: Delivering policyholder protection - speech by Andrew Bailey,Andrew Bailey,2021-06-01,0,data\BOE\Speeches\2021-06-01 - Andrew Bailey - Reforming Solvency II_ Delivering policyholder protection - speech by Andrew Bailey.txt,https://www.bankofengland.co.uk/speech/2021/december/andrew-bailey-speech-at-the-ifoa-delivering-policyholder-protection-in-insurance-regulation,speech_after_meeting,0.7
BOE_2021_06_D,BOE,2021-06-01,DOC_023C81FF2227,speech,Speeches,Remarks on challenges to the economic outlook - speech by Jonathan Haskel,Jonathan Haskel,2021-06-01,0,data\BOE\Speeches\2021-06-01 - Jonathan Haskel - Remarks on challenges to the economic outlook - speech by Jonathan Haskel.txt,https://www.bankofengland.co.uk/-/media/boe/files/speech/2021/march/remarks-on-challenges-to-the-economic-outlook-speech-by-jonathan-haskel.pdf,speech_after_meeting,0.7
BOE_2021_06_D,BOE,2021-06-01,DOC_174D4498667F,speech,Speeches,Response to the Covid-19 pandemic: UK and US experiences - Speech by Silvana Tenreyro,Silvana Tenreyro,2021-06-01,0,data\BOE\Speeches\2021-06-01 - Silvana Tenreyro - Response to the Covid-19 pandemic_ UK and US experiences - Speech by Silvana Tenreyro.txt,https://www.bankofengland.co.uk/-/media/boe/files/speech/2021/march/silvana-tenreyro-response-to-the-covid-19-pandemic.pdf,speech_after_meeting,0.7
BOE_2021_06_D,BOE,2021-06-01,DOC_99EBD3C3CA60,speech,Speeches,Responsible openness in the Insurance Sector - speech by Anna Sweeney,Anna Sweeney,2021-06-01,0,data\BOE\Speeches\2021-06-01 - Anna Sweeney - Responsible openness in the Insurance Sector - speech by Anna Sweeney.txt,https://www.bankofengland.co.uk/speech/2021/may/anna-sweeney-association-of-british-insurers-prudential-regulation,speech_after_meeting,0.7
BOE_2021_06_D,BOE,2021-06-01,DOC_18B2878398D2,speech,Speeches,Responsible openness: The PRA’s approach to supervising banks - speech by David Bailey,David Bailey,2021-06-01,0,data\BOE\Speeches\2021-06-01 - David Bailey - Responsible openness_ The PRA’s approach to supervising banks - speech by David Bailey.txt,https://www.bankofengland.co.uk/speech/2021/january/david-bailey-boe-afb-afme-webinar-on-a-forthcoming-consultation,speech_after_meeting,0.7
BOE_2021_06_D,BOE,2021-06-01,DOC_A8F973B57674,speech,Speeches,Running out of room: revisiting the 3D perspective on low interest rates - Gertjan Vlieghe,Gertjan Vlieghe,2021-06-01,0,data\BOE\Speeches\2021-06-01 - Gertjan Vlieghe - Running out of room_ revisiting the 3D perspective on low interest rates - Gertjan Vlieghe.txt,https://www.bankofengland.co.uk/-/media/boe/files/speech/2021/july/running-out-of-room-revisiting-the-3d-perspective-on-low-interest-rates-speech-by-gertjan-vlieghe.pdf,speech_after_meeting,0.7
BOE_2021_06_D,BOE,2021-06-01,DOC_6F970BDA25BA,speech,Speeches,Solvency II Review: Protecting Policyholders while improving the regime - speech by Anna Sweeney,Anna Sweeney,2021-06-01,0,data\BOE\Speeches\2021-06-01 - Anna Sweeney - Solvency II Review_ Protecting Policyholders while improving the regime - speech by Anna Sweeney.txt,https://www.bankofengland.co.uk/speech/2021/june/anna-sweeney-j-p-morgan-european-insurance,speech_after_meeting,0.7
BOE_2021_06_D,BOE,2021-06-01,DOC_67AFF03F83F3,speech,Speeches,Solvency II Review: Unlocking the potential - speech by Gareth Truran,Gareth Truran,2021-06-01,0,data\BOE\Speeches\2021-06-01 - Gareth Truran - Solvency II Review_ Unlocking the potential - speech by Gareth Truran.txt,https://www.bankofengland.co.uk/speech/2021/september/gareth-truran-speech-at-the-bank-of-america-26-financials-ceo-conference,speech_after_meeting,0.7
BOE_2021_06_D,BOE,2021-06-01,DOC_C7BBDBD1ADD3,speech,Speeches,Stablecoins: What’s old is new again - speech by Christina Segal-Knowles,Christina Segal-Knowles,2021-06-01,0,data\BOE\Speeches\2021-06-01 - Christina Segal-Knowles - Stablecoins_ What’s old is new again - speech by Christina Segal-Knowles.txt,https://www.bankofengland.co.uk/speech/2021/june/christina-segal-knowles-speech-at-the-westminster-eforum-poicy-conference,speech_after_meeting,0.7
BOE_2021_06_D,BOE,2021-06-01,DOC_6CCC6C3DD2BC,speech,Speeches,Supply and demand during and after the pandemic - speech by Michael Saunders,Michael Saunders,2021-06-01,0,data\BOE\Speeches\2021-06-01 - Michael Saunders - Supply and demand during and after the pandemic - speech by Michael Saunders.txt,https://www.bankofengland.co.uk/-/media/boe/files/speech/2021/march/supply-and-demand-during-and-after-the-pandemic-speech-by-michael-saunders.pdf,speech_after_meeting,0.7
BOE_2021_06_D,BOE,2021-06-01,DOC_39808C843136,speech,Speeches,Tackling climate for real: progress and next steps - speech by Andrew Bailey,Andrew Bailey,2021-06-01,0,data\BOE\Speeches\2021-06-01 - Andrew Bailey - Tackling climate for real_ progress and next steps - speech by Andrew Bailey.txt,https://www.bankofengland.co.uk/speech/2021/june/andrew-bailey-bis-bank-of-france-imf-ngfs-green-swan-conference,speech_after_meeting,0.7
BOE_2021_06_D,BOE,2021-06-01,DOC_3709D88714D6,speech,Speeches,Tackling climate for real: the role of central banks - speech by Andrew Bailey,Andrew Bailey,2021-06-01,0,data\BOE\Speeches\2021-06-01 - Andrew Bailey - Tackling climate for real_ the role of central banks - speech by Andrew Bailey.txt,https://www.bankofengland.co.uk/speech/2021/june/andrew-bailey-reuters-events-global-responsible-business-2021,speech_after_meeting,0.7
BOE_2021_06_D,BOE,2021-06-01,DOC_3C8F890050F1,speech,Speeches,Taking our second chance to make MMFs more resilient - speech by Andrew Bailey,Andrew Bailey,2021-06-01,0,data\BOE\Speeches\2021-06-01 - Andrew Bailey - Taking our second chance to make MMFs more resilient - speech by Andrew Bailey.txt,https://www.bankofengland.co.uk/speech/2021/may/andrew-bailey-international-swaps-and-derivatives-association,speech_after_meeting,0.7
BOE_2021_06_D,BOE,2021-06-01,DOC_E8032445205D,speech,Speeches,The Bank of England and fintech: public support for private innovation - speech by Dave Ramsden,Dave Ramsden,2021-06-01,0,data\BOE\Speeches\2021-06-01 - Dave Ramsden - The Bank of England and fintech_ public support for private innovation - speech by Dave Ramsden.txt,https://www.bankofengland.co.uk/speech/2021/april/dave-ramsden-uk-fintech-week-2021-keynote,speech_after_meeting,0.7
BOE_2021_06_D,BOE,2021-06-01,DOC_8DC692AD1B1D,speech,Speeches,The PRA’s role in improving the processes that support insurers’ investment - speech by Charlotte Gerken,Charlotte Gerken,2021-06-01,0,data\BOE\Speeches\2021-06-01 - Charlotte Gerken - The PRA’s role in improving the processes that support insurers’ investment - speech by Charlotte Gerken.txt,https://www.bankofengland.co.uk/speech/2021/november/charlotte-gerken-keynote-speaker-at-the-insurance-asset-management-conference-2021,speech_after_meeting,0.7
BOE_2021_06_D,BOE,2021-06-01,DOC_E8D27023A6A7,speech,Speeches,The UK’s approach to cross-border clearing - speech by Christina Segal-Knowles,Christina Segal-Knowles,2021-06-01,0,data\BOE\Speeches\2021-06-01 - Christina Segal-Knowles - The UK’s approach to cross-border clearing - speech by Christina Segal-Knowles.txt,https://www.bankofengland.co.uk/-/media/boe/files/speech/2021/november/the-uks-approach-to-cross-border-clearing-speech-by-christina-segal-knowles.pdf,speech_after_meeting,0.7
BOE_2021_06_D,BOE,2021-06-01,DOC_4D643F565F5B,speech,Speeches,The UK’s progress on resolvability - speech by Dave Ramsden,Dave Ramsden,2021-06-01,0,data\BOE\Speeches\2021-06-01 - Dave Ramsden - The UK’s progress on resolvability - speech by Dave Ramsden.txt,https://www.bankofengland.co.uk/speech/2021/february/dave-ramsden-institute-of-chartered-accountants-in-england-wales,speech_after_meeting,0.7
BOE_2021_06_D,BOE,2021-06-01,DOC_3FF7400B8FB4,speech,Speeches,The case for an open financial system - speech by Andrew Bailey,Andrew Bailey,2021-06-01,0,data\BOE\Speeches\2021-06-01 - Andrew Bailey - The case for an open financial system - speech by Andrew Bailey.txt,https://www.bankofengland.co.uk/speech/2021/february/andrew-bailey-mansion-house,speech_after_meeting,0.7
BOE_2021_06_D,BOE,2021-06-01,DOC_BB06D4033559,speech,Speeches,The hard yards - speech by Andrew Bailey,Andrew Bailey,2021-06-01,0,data\BOE\Speeches\2021-06-01 - Andrew Bailey - The hard yards - speech by Andrew Bailey.txt,https://www.bankofengland.co.uk/speech/2021/september/andrew-bailey-guest-speaker-at-the-society-of-professional-economists-annual-dinner-2021,speech_after_meeting,0.7
BOE_2021_06_D,BOE,2021-06-01,DOC_C248D823C033,speech,Speeches,The inflation outlook - speech by Michael Saunders,Michael Saunders,2021-06-01,0,data\BOE\Speeches\2021-06-01 - Michael Saunders - The inflation outlook - speech by Michael Saunders.txt,https://www.bankofengland.co.uk/speech/2021/july/michael-saunders-speech-the-inflation-outlook,speech_after_meeting,0.7
BOE_2021_06_D,BOE,2021-06-01,DOC_56EF9ACDA179,speech,Speeches,The outlook for inflation and monetary policy - speech by Michael Saunders,Michael Saunders,2021-06-01,0,data\BOE\Speeches\2021-06-01 - Michael Saunders - The outlook for inflation and monetary policy - speech by Michael Saunders.txt,https://www.bankofengland.co.uk/speech/2021/december/michael-saunders-speech-at-a-boe-hosted-event,speech_after_meeting,0.7
BOE_2021_06_D,BOE,2021-06-01,DOC_B9F7C4ED05DC,speech,Speeches,"Thirty years of hurt, never stopped me dreaming - speech by Andy Haldane",Andy Haldane,2021-06-01,0,"data\BOE\Speeches\2021-06-01 - Andy Haldane - Thirty years of hurt, never stopped me dreaming - speech by Andy Haldane.txt",https://www.bankofengland.co.uk/-/media/boe/files/speech/2021/june/thirty-years-of-hurt-never-stopped-me-dreaming-speech-by-andy-haldane-references.pdf,speech_after_meeting,0.7
BOE_2021_06_D,BOE,2021-06-01,DOC_F9029B082966,speech,Speeches,UK Monetary Policy – ‘Crossing the river by feeling the stones’ - speech by Huw Pill,Huw Pill,2021-06-01,0,data\BOE\Speeches\2021-06-01 - Huw Pill - UK Monetary Policy – ‘Crossing the river by feeling the stones’ - speech by Huw Pill.txt,https://www.bankofengland.co.uk/speech/2021/november/huw-pill-speech-on-the-economic-outlook-hosted-by-the-cbi-north-east,speech_after_meeting,0.7
BOE_2021_06_D,BOE,2021-06-01,DOC_66C87413128B,speech,Speeches,Under the western sky: the crypto frontier - speech by Carolyn A Wilkins,Carolyn A Wilkins,2021-06-01,0,data\BOE\Speeches\2021-06-01 - Carolyn A Wilkins - Under the western sky_ the crypto frontier - speech by Carolyn A Wilkins.txt,https://www.bankofengland.co.uk/-/media/BoE/Files/speech/2021/November/under-the-western-sky-the-crypto-frontier-carolyn-a-wilkins-speech-annex.pdf,speech_after_meeting,0.7
BOE_2021_06_D,BOE,2021-06-01,DOC_C27A014058DC,speech,Speeches,What are government bond yields telling us about the economic outlook? - speech by Gertjan Vlieghe,Gertjan Vlieghe,2021-06-01,0,data\BOE\Speeches\2021-06-01 - Gertjan Vlieghe - What are government bond yields telling us about the economic outlook_ - speech by Gertjan Vlieghe.txt,https://www.bankofengland.co.uk/-/media/boe/files/speech/2021/may/what-are-government-bond-yields-telling-us-about-the-economic-outlook-speech-by-gertjan-vlieghe.pdf,speech_after_meeting,0.7
BOE_2021_06_D,BOE,2021-06-01,DOC_FCC6F57363A2,speech,Speeches,Why central banks need new tools for dealing with market dysfunction - speech by Andrew Hauser,Andrew Hauser,2021-06-01,0,data\BOE\Speeches\2021-06-01 - Andrew Hauser - Why central banks need new tools for dealing with market dysfunction - speech by Andrew Hauser.txt,https://www.bankofengland.co.uk/-/media/boe/files/speech/2021/january/why-central-banks-need-new-tools-for-dealing-with-market-dysfunction-speech-by-andrew-hauser.pdf,speech_after_meeting,0.7
BOE_2021_06_D,BOE,2021-06-01,DOC_8F7FA1DCEEED,speech,Speeches,Will the pandemic “scar” the economy? - remarks by Jonathan Haskel,Jonathan Haskel,2021-06-01,0,data\BOE\Speeches\2021-06-01 - Jonathan Haskel - Will the pandemic “scar” the economy_ - remarks by Jonathan Haskel.txt,https://www.bankofengland.co.uk/-/media/boe/files/speech/2021/july/will-the-pandemic-scar-the-economy-remarks-by-jonathan-haskel.pdf,speech_after_meeting,0.7
BOE_2021_06_A,BOE,2021-06-01,DOC_E70CD84B1976,statement,Monetary Policy,Monetary Policy Report - August 2021,,2021-06-01,0,data\BOE\Monetary Policy\2021-06-01 - Monetary Policy Report - August 2021.txt,https://www.bankofengland.co.uk/-/media/boe/files/monetary-policy-report/2021/august/monetary-policy-report-august-2021.pdf,anchor_statement,1.0
BOE_2021_06_B,BOE,2021-06-01,DOC_5284249B44B9,statement,Monetary Policy,Monetary Policy Report - February 2021,,2021-06-01,0,data\BOE\Monetary Policy\2021-06-01 - Monetary Policy Report - February 2021.txt,https://www.bankofengland.co.uk/-/media/boe/files/monetary-policy-report/2021/february/monetary-policy-report-february-2021.pdf,anchor_statement,1.0
BOE_2021_06_C,BOE,2021-06-01,DOC_B8CEB039FD93,statement,Monetary Policy,Monetary Policy Report - May 2021,,2021-06-01,0,data\BOE\Monetary Policy\2021-06-01 - Monetary Policy Report - May 2021.txt,https://www.bankofengland.co.uk/-/media/boe/files/monetary-policy-report/2021/may/monetary-policy-report-may-2021.pdf,anchor_statement,1.0
BOE_2021_06_D,BOE,2021-06-01,DOC_58740ADFFA25,statement,Monetary Policy,Monetary Policy Report - November 2021,,2021-06-01,0,data\BOE\Monetary Policy\2021-06-01 - Monetary Policy Report - November 2021.txt,https://www.bankofengland.co.uk/-/media/boe/files/monetary-policy-report/2021/november/monetary-policy-report-november-2021.pdf,anchor_statement,1.0
BOE_2022_06_D,BOE,2022-06-01,DOC_16EF7E4A2288,speech,Speeches,A monetary policymaker faces uncertainty − speech by Catherine L Mann,Catherine L Mann,2022-06-01,0,data\BOE\Speeches\2022-06-01 - Catherine L Mann - A monetary policymaker faces uncertainty − speech by Catherine L Mann.txt,https://www.bankofengland.co.uk/speech/2022/april/catherine-l-mann-speech-at-a-boe-webinar-monetary-policy-decision-making-facing-uncertainties,speech_after_meeting,0.7
BOE_2022_06_D,BOE,2022-06-01,DOC_99AF56A0C473,speech,Speeches,A resilient financial system - speech by Andrew Bailey,Andrew Bailey,2022-06-01,0,data\BOE\Speeches\2022-06-01 - Andrew Bailey - A resilient financial system - speech by Andrew Bailey.txt,https://www.bankofengland.co.uk/speech/2022/february/andrew-bailey-speech-at-thecityuk-annual-dinner,speech_after_meeting,0.7
BOE_2022_06_D,BOE,2022-06-01,DOC_CAE5284120DE,speech,Speeches,Balancing on the net-zero tightrope − speech by Sarah Breeden,Sarah Breeden,2022-06-01,0,data\BOE\Speeches\2022-06-01 - Sarah Breeden - Balancing on the net-zero tightrope − speech by Sarah Breeden.txt,https://www.bankofengland.co.uk/speech/2022/april/sarah-breeden-thecityuk-international-conference,speech_after_meeting,0.7
BOE_2022_06_D,BOE,2022-06-01,DOC_4E48C8449878,speech,Speeches,"Bringing inflation back to the 2% target, no ifs no buts − speech by Andrew Bailey",Andrew Bailey,2022-06-01,0,"data\BOE\Speeches\2022-06-01 - Andrew Bailey - Bringing inflation back to the 2% target, no ifs no buts − speech by Andrew Bailey.txt",https://www.bankofengland.co.uk/speech/2022/july/andrew-bailey-speech-at-mansion-house-financial-and-professional-services-dinner,speech_after_meeting,0.7
BOE_2022_06_D,BOE,2022-06-01,DOC_638C136A4D54,speech,Speeches,Bufferati - speech by Sam Woods,Sam Woods,2022-06-01,0,data\BOE\Speeches\2022-06-01 - Sam Woods - Bufferati - speech by Sam Woods.txt,https://www.bankofengland.co.uk/speech/2022/april/sam-woods-speaking-at-city-week-2022-developments-in-prudential-regulation-in-the-uk,speech_after_meeting,0.7
BOE_2022_06_D,BOE,2022-06-01,DOC_8AC9A32C8AB7,speech,Speeches,Building trust in macroprudential policy − speech by Colette Bowe,Colette Bowe,2022-06-01,0,data\BOE\Speeches\2022-06-01 - Colette Bowe - Building trust in macroprudential policy − speech by Colette Bowe.txt,https://www.bankofengland.co.uk/speech/2022/november/colette-bowe-speaker-at-the-university-of-birmingham-business-school,speech_after_meeting,0.7
BOE_2022_06_D,BOE,2022-06-01,DOC_281C71ECF2AC,speech,Speeches,Capital and (for a change) Liquidity Buffers − speech by Victoria Saporta,Victoria Saporta,2022-06-01,0,data\BOE\Speeches\2022-06-01 - Victoria Saporta - Capital and (for a change) Liquidity Buffers − speech by Victoria Saporta.txt,https://www.bankofengland.co.uk/speech/2022/july/victoria-saporta-speech-at-the-bank-of-england-capital-and-for-a-change-liquidity-buffers,speech_after_meeting,0.7
BOE_2022_06_D,BOE,2022-06-01,DOC_9F88431C18E4,speech,Speeches,Central clearing: three lessons and a path forward − speech by Christina Segal-Knowles,Christina Segal-Knowles,2022-06-01,0,data\BOE\Speeches\2022-06-01 - Christina Segal-Knowles - Central clearing_ three lessons and a path forward − speech by Christina Segal-Knowles.txt,https://www.bankofengland.co.uk/speech/2022/may/christina-segal-knowles-speech-at-the-each-30th-anniversary-celebration,speech_after_meeting,0.7
BOE_2022_06_D,BOE,2022-06-01,DOC_45ECD4AC84C4,speech,Speeches,"Challenge, convene, collaborate and create − speech by Sir Dave Ramsden",Sir Dave Ramsden,2022-06-01,0,"data\BOE\Speeches\2022-06-01 - Sir Dave Ramsden - Challenge, convene, collaborate and create − speech by Sir Dave Ramsden.txt",https://www.bankofengland.co.uk/speech/2022/november/challenge-convene-collaborate-and-create-speech-by-sir-dave-ramsden,speech_after_meeting,0.7
BOE_2022_06_D,BOE,2022-06-01,DOC_04BC24756633,speech,Speeches,Climate Biennial Exploratory Scenario: Insurance Insights – speech by Stefan Claus,Stefan Claus,2022-06-01,0,data\BOE\Speeches\2022-06-01 - Stefan Claus - Climate Biennial Exploratory Scenario_ Insurance Insights – speech by Stefan Claus.txt,https://www.bankofengland.co.uk/speech/2022/june/anna-sweeney-speech-at-the-association-of-british-insurers-climate-change-summit-2022,speech_after_meeting,0.7
BOE_2022_06_D,BOE,2022-06-01,DOC_E349750A4FB9,speech,Speeches,Climate capital − speech by Sam Woods,Sam Woods,2022-06-01,0,data\BOE\Speeches\2022-06-01 - Sam Woods - Climate capital − speech by Sam Woods.txt,https://www.bankofengland.co.uk/speech/2022/may/sam-woods-speech-on-the-results-of-the-climate-bes-exercise-on-financial-risks-from-climate-change,speech_after_meeting,0.7
BOE_2022_06_D,BOE,2022-06-01,DOC_7C38B59B4A8E,speech,Speeches,Competitiveness and productive investment: What parts do they play in the reform of insurance regulation? – speech by Charlotte Gerken,Charlotte Gerken,2022-06-01,0,data\BOE\Speeches\2022-06-01 - Charlotte Gerken - Competitiveness and productive investment_ What parts do they play in the reform of insurance regulation_ – speech by.txt,https://www.bankofengland.co.uk/-/media/boe/files/speech/2022/june/charlotte-gerken-competitiveness-and-productive-investment-speech-annex.pdf,speech_after_meeting,0.7
BOE_2022_06_D,BOE,2022-06-01,DOC_E24802840D0B,speech,Speeches,Current monetary policy – opening remarks by Jonathan Haskel,Jonathan Haskel,2022-06-01,0,data\BOE\Speeches\2022-06-01 - Jonathan Haskel - Current monetary policy – opening remarks by Jonathan Haskel.txt,https://www.bankofengland.co.uk/speech/2022/october/current-monetary-policy-opening-remarks-by-jonathan-haskel,speech_after_meeting,0.7
BOE_2022_06_D,BOE,2022-06-01,DOC_0679752474DF,speech,Speeches,Economic outlook − speech by Huw Pill,Huw Pill,2022-06-01,0,data\BOE\Speeches\2022-06-01 - Huw Pill - Economic outlook − speech by Huw Pill.txt,https://www.bankofengland.co.uk/speech/2022/july/huw-pill-speech-at-the-sheffield-hallam-university,speech_after_meeting,0.7
BOE_2022_06_D,BOE,2022-06-01,DOC_A67841744E10,speech,Speeches,Four Rs: Creating the conditions for long-term sustainable growth in the life annuity sector – speech by Charlotte Gerken,Charlotte Gerken,2022-06-01,0,data\BOE\Speeches\2022-06-01 - Charlotte Gerken - Four Rs_ Creating the conditions for long-term sustainable growth in the life annuity sector – speech by Charlotte Ger.txt,https://www.bankofengland.co.uk/speech/2022/may/charlotte-gerken-speech-at-the-19th-conference-on-bulk-annuities,speech_after_meeting,0.7
BOE_2022_06_D,BOE,2022-06-01,DOC_05337DC43A73,speech,Speeches,"Governance of “Decentralised” Finance: Get up, Stand up! − speech by Carolyn Wilkins",Carolyn Wilkins,2022-06-01,0,"data\BOE\Speeches\2022-06-01 - Carolyn Wilkins - Governance of “Decentralised” Finance_ Get up, Stand up! − speech by Carolyn Wilkins.txt",https://www.bankofengland.co.uk/speech/2022/october/carolyn-wilkins-speech-at-ucl-centre-for-blockchain-technologies,speech_after_meeting,0.7
BOE_2022_06_D,BOE,2022-06-01,DOC_1F4B145640EA,speech,Speeches,Growth and competitiveness − speech by Sam Woods,Sam Woods,2022-06-01,0,data\BOE\Speeches\2022-06-01 - Sam Woods - Growth and competitiveness − speech by Sam Woods.txt,https://www.bankofengland.co.uk/speech/2022/october/sam-woods-speech-at-mansion-house,speech_after_meeting,0.7
BOE_2022_06_D,BOE,2022-06-01,DOC_94FE2EF6E1D6,speech,Speeches,Household indebtedness and financial stability − speech by Colette Bowe,Colette Bowe,2022-06-01,0,data\BOE\Speeches\2022-06-01 - Colette Bowe - Household indebtedness and financial stability − speech by Colette Bowe.txt,https://www.bankofengland.co.uk/speech/2022/september/colette-bowe-speech-at-the-2nd-research-workshop,speech_after_meeting,0.7
BOE_2022_06_D,BOE,2022-06-01,DOC_80F858DA8428,speech,Speeches,Implementing Basel 3.1 in the UK − speech by Phil Evans,Phil Evans,2022-06-01,0,data\BOE\Speeches\2022-06-01 - Phil Evans - Implementing Basel 3.1 in the UK − speech by Phil Evans.txt,https://www.bankofengland.co.uk/speech/2022/december/phil-evans-speech-at-uk-finance-on-basel-3-1-consultation,speech_after_meeting,0.7
BOE_2022_06_D,BOE,2022-06-01,DOC_864CA3CFE3D9,speech,Speeches,"Inflation expectations, inflation persistence, and monetary policy strategy – speech by Catherine L. Mann",Catherine L. Mann,2022-06-01,0,"data\BOE\Speeches\2022-06-01 - Catherine L. Mann - Inflation expectations, inflation persistence, and monetary policy strategy – speech by Catherine L. Mann.txt",https://www.bankofengland.co.uk/speech/2022/september/catherine-l-mann-53rd-annual-conference-of-the-money-macro-and-finance-society,speech_after_meeting,0.7
BOE_2022_06_D,BOE,2022-06-01,DOC_2236FA1B728E,speech,Speeches,"Innovation in post trade services - opportunities, risks and the role for the public sector − speech by Sir Jon Cunliffe",Sir Jon Cunliffe,2022-06-01,0,"data\BOE\Speeches\2022-06-01 - Sir Jon Cunliffe - Innovation in post trade services - opportunities, risks and the role for the public sector − speech by Sir Jon Cunlif.txt",https://www.bankofengland.co.uk/speech/2022/september/jon-cunliffe-keynote-speech-at-the-afme-operations-post-trade-technology-innovation-conference,speech_after_meeting,0.7
BOE_2022_06_D,BOE,2022-06-01,DOC_A100CEBE258E,speech,Speeches,"It’s the risk management, stupid! − speech by Anil Kashyap",Anil Kashyap,2022-06-01,0,"data\BOE\Speeches\2022-06-01 - Anil Kashyap - It’s the risk management, stupid! − speech by Anil Kashyap.txt",https://www.bankofengland.co.uk/speech/2022/july/anil-kashyap-speech-on-climate-reporting-and-risk-management,speech_after_meeting,0.7
BOE_2022_06_D,BOE,2022-06-01,DOC_16373CC2CCEC,speech,Speeches,Learning from the dash for cash – findings and next steps for margining practices - speech by Sir Jon Cunliffe,Sir Jon Cunliffe,2022-06-01,0,data\BOE\Speeches\2022-06-01 - Sir Jon Cunliffe - Learning from the dash for cash – findings and next steps for margining practices - speech by Sir Jon Cunliffe.txt,https://www.bankofengland.co.uk/speech/2022/february/jon-cunliffe-keynote-address-fia-sifma-asset-management-derivatives-forum,speech_after_meeting,0.7
BOE_2022_06_D,BOE,2022-06-01,DOC_F631DF6C1424,speech,Speeches,Macropru – fit for the future? − speech by Sarah Breeden,Sarah Breeden,2022-06-01,0,data\BOE\Speeches\2022-06-01 - Sarah Breeden - Macropru – fit for the future_ − speech by Sarah Breeden.txt,https://www.bankofengland.co.uk/speech/2022/april/sarah-breeden-speech-at-lancaster-university-during-an-agency-visit-to-the-north-west,speech_after_meeting,0.7
BOE_2022_06_D,BOE,2022-06-01,DOC_14880ACCBF30,speech,Speeches,Message received and understood − speech by Dave Ramsden,Dave Ramsden,2022-06-01,0,data\BOE\Speeches\2022-06-01 - Dave Ramsden - Message received and understood − speech by Dave Ramsden.txt,https://www.bankofengland.co.uk/speech/2022/september/dave-ramsden-panellist-at-the-joint-conference-with-the-bank-of-lithuania,speech_after_meeting,0.7
BOE_2022_06_D,BOE,2022-06-01,DOC_6D59B6F72956,speech,Speeches,Monetary and financial stability and the invasion of Ukraine − speech by Jon Cunliffe,Jon Cunliffe,2022-06-01,0,data\BOE\Speeches\2022-06-01 - Jon Cunliffe - Monetary and financial stability and the invasion of Ukraine − speech by Jon Cunliffe.txt,https://www.bankofengland.co.uk/-/media/boe/files/speech/2022/april/monetary-and-financial-stability-and-the-invasion-of-ukraine-speech-by-jon-cunliffe.pdf,speech_after_meeting,0.7
BOE_2022_06_D,BOE,2022-06-01,DOC_39067D3D1919,speech,Speeches,Monetary policy and central bank asset purchases: Substitutes and complements − speech by Huw Pill,Huw Pill,2022-06-01,0,data\BOE\Speeches\2022-06-01 - Huw Pill - Monetary policy and central bank asset purchases_ Substitutes and complements − speech by Huw Pill.txt,https://www.bankofengland.co.uk/speech/2022/november/huw-pill-speech-at-the-beesley-lecture-series,speech_after_meeting,0.7
BOE_2022_06_D,BOE,2022-06-01,DOC_BA1A86E745A8,speech,Speeches,Monetary policy and financial stability interventions in difficult times − speech by Andrew Bailey,Andrew Bailey,2022-06-01,0,data\BOE\Speeches\2022-06-01 - Andrew Bailey - Monetary policy and financial stability interventions in difficult times − speech by Andrew Bailey.txt,https://www.bankofengland.co.uk/speech/2022/october/andrew-bailey-opening-remarks-and-panellist-37th-annual-international-banking-seminar,speech_after_meeting,0.7
BOE_2022_06_D,BOE,2022-06-01,DOC_395A09648AF3,speech,Speeches,Monetary policy with a steady hand - speech by Huw Pill,Huw Pill,2022-06-01,0,data\BOE\Speeches\2022-06-01 - Huw Pill - Monetary policy with a steady hand - speech by Huw Pill.txt,https://www.bankofengland.co.uk/-/media/boe/files/speech/2022/monetary-policy-with-a-steady-hand-annex.pdf,speech_after_meeting,0.7
BOE_2022_06_D,BOE,2022-06-01,DOC_00A61B191236,speech,Speeches,Monetary policy: an anchor in challenging times - speech by Huw Pill,Huw Pill,2022-06-01,0,data\BOE\Speeches\2022-06-01 - Huw Pill - Monetary policy_ an anchor in challenging times - speech by Huw Pill.txt,https://www.bankofengland.co.uk/speech/2022/october/huw-pill-in-conversation-with-scdi,speech_after_meeting,0.7
BOE_2022_06_D,BOE,2022-06-01,DOC_452EA40585B1,speech,Speeches,Navigating market signals: MaPS for policy makers – remarks by Andrea Rosen,Andrea Rosen,2022-06-01,0,data\BOE\Speeches\2022-06-01 - Andrea Rosen - Navigating market signals_ MaPS for policy makers – remarks by Andrea Rosen.txt,https://www.bankofengland.co.uk/speech/2022/june/andrea-rosen-remarks-at-the-association-for-financial-markets-in-europe-event,speech_after_meeting,0.7
BOE_2022_06_D,BOE,2022-06-01,DOC_B2C59E8E6229,speech,Speeches,New tides − speech by Nathanaël Benjamin,Nathanaël Benjamin,2022-06-01,0,data\BOE\Speeches\2022-06-01 - Nathanaël Benjamin - New tides − speech by Nathanaël Benjamin.txt,https://www.bankofengland.co.uk/speech/2022/july/nathanael-benjamin-speech-at-uk-finance-new-tides,speech_after_meeting,0.7
BOE_2022_06_D,BOE,2022-06-01,DOC_0F9DF3989A29,speech,Speeches,"Old dogs, new tricks: adapting central bank balance sheets to a world of digital currencies - remarks by Andrew Hauser",Andrew Hauser,2022-06-01,0,"data\BOE\Speeches\2022-06-01 - Andrew Hauser - Old dogs, new tricks_ adapting central bank balance sheets to a world of digital currencies - remarks by Andrew Hauser.txt",https://www.bankofengland.co.uk/-/media/boe/files/speech/2022/june/old-dogs-new-tricks-adapting-central-bank-balance-sheets-digital-currencies-remarks-by-andrew-hauser.pdf,speech_after_meeting,0.7
BOE_2022_06_D,BOE,2022-06-01,DOC_88EAE1DF1273,speech,Speeches,On returning inflation back to target - speech by Catherine L Mann,Catherine L Mann,2022-06-01,0,data\BOE\Speeches\2022-06-01 - Catherine L Mann - On returning inflation back to target - speech by Catherine L Mann.txt,https://www.bankofengland.co.uk/-/media/boe/files/speech/2022/on-returning-inflation-back-to-target-speech-by-catherine-l-mann.pdf,speech_after_meeting,0.7
BOE_2022_06_D,BOE,2022-06-01,DOC_63C7B6C98CCA,speech,Speeches,Opening remarks at OeNB monetary policy panel by Andrew Bailey,Andrew Bailey,2022-06-01,0,data\BOE\Speeches\2022-06-01 - Andrew Bailey - Opening remarks at OeNB monetary policy panel by Andrew Bailey.txt,https://www.bankofengland.co.uk/speech/2022/may/andrew-bailey-panellist-at-the-oesterreichische-national-bank-annual-economic-conference,speech_after_meeting,0.7
BOE_2022_06_D,BOE,2022-06-01,DOC_28264D6193F1,speech,Speeches,Operational resilience: next steps on the PRA’s supervisory roadmap − speech by David Bailey,David Bailey,2022-06-01,0,data\BOE\Speeches\2022-06-01 - David Bailey - Operational resilience_ next steps on the PRA’s supervisory roadmap − speech by David Bailey.txt,https://www.bankofengland.co.uk/speech/2022/april/david-bailey-speaker-at-uk-finance-event-operational-resilience-beyond-2022,speech_after_meeting,0.7
BOE_2022_06_D,BOE,2022-06-01,DOC_912877B4F715,speech,Speeches,Recent UK monetary policy in a changing economy − speech by Jonathan Haskel,Jonathan Haskel,2022-06-01,0,data\BOE\Speeches\2022-06-01 - Jonathan Haskel - Recent UK monetary policy in a changing economy − speech by Jonathan Haskel.txt,https://www.bankofengland.co.uk/-/media/boe/files/speech/2022/november/recent-uk-monetary-policy-in-a-changing-economy-speech-by-jonathan-haskel.pdf,speech_after_meeting,0.7
BOE_2022_06_D,BOE,2022-06-01,DOC_80AF3FF3BF89,speech,Speeches,Recent developments in the economy and markets − speech by Huw Pill,Huw Pill,2022-06-01,0,data\BOE\Speeches\2022-06-01 - Huw Pill - Recent developments in the economy and markets − speech by Huw Pill.txt,https://www.bankofengland.co.uk/speech/2022/september/huw-pill-speech-at-the-institute-of-directors-dinner,speech_after_meeting,0.7
BOE_2022_06_D,BOE,2022-06-01,DOC_FD34DCD0BC95,speech,Speeches,Recollections on financial stability - speech by Jon Cunliffe,Jon Cunliffe,2022-06-01,0,data\BOE\Speeches\2022-06-01 - Jon Cunliffe - Recollections on financial stability - speech by Jon Cunliffe.txt,https://www.bankofengland.co.uk/-/media/boe/files/speech/2022/the-state-of-financial-stability-speech-by-jon-cunliffe.pdf,speech_after_meeting,0.7
BOE_2022_06_D,BOE,2022-06-01,DOC_B3522D84AE3E,speech,Speeches,"Reflections on DeFi, digital currencies and regulation - speech by Jon Cunliffe",Jon Cunliffe,2022-06-01,0,"data\BOE\Speeches\2022-06-01 - Jon Cunliffe - Reflections on DeFi, digital currencies and regulation - speech by Jon Cunliffe.txt",https://www.bankofengland.co.uk/speech/2022/november/jon-cunliffe-keynote-speech-and-panel-at-warwick-conference-on-defi-digital-currencies,speech_after_meeting,0.7
BOE_2022_06_D,BOE,2022-06-01,DOC_69EBF25EDBAC,speech,Speeches,Reliable partners – speech by Ben Broadbent,Ben Broadbent,2022-06-01,0,data\BOE\Speeches\2022-06-01 - Ben Broadbent - Reliable partners – speech by Ben Broadbent.txt,https://www.bankofengland.co.uk/speech/2022/march/ben-broadbent-speech-at-niesr-in-partnership-with-the-money-macro-and-finance-society,speech_after_meeting,0.7
BOE_2022_06_D,BOE,2022-06-01,DOC_39186401F67C,speech,Speeches,Returning inflation to target − speech by Huw Pill,Huw Pill,2022-06-01,0,data\BOE\Speeches\2022-06-01 - Huw Pill - Returning inflation to target − speech by Huw Pill.txt,https://www.bankofengland.co.uk/speech/2022/july/huw-pill-keynote-address-at-the-qatar-centre-for-global-banking-and-finance-2022-conference,speech_after_meeting,0.7
BOE_2022_06_D,BOE,2022-06-01,DOC_8CCBD2E973FE,speech,Speeches,Risks from leverage: how did a small corner of the pensions industry threaten financial stability? − speech by Sarah Breeden,Sarah Breeden,2022-06-01,0,data\BOE\Speeches\2022-06-01 - Sarah Breeden - Risks from leverage_ how did a small corner of the pensions industry threaten financial stability_ − speech by Sarah Bree.txt,https://www.bankofengland.co.uk/speech/2022/november/sarah-breeden-speech-at-isda-aimi-boe-on-nbfi-and-leverage,speech_after_meeting,0.7
BOE_2022_06_D,BOE,2022-06-01,DOC_9458400F1789,speech,Speeches,Rowing in unison to enhance cross-border payments − speech by Victoria Cleland,Victoria Cleland,2022-06-01,0,data\BOE\Speeches\2022-06-01 - Victoria Cleland - Rowing in unison to enhance cross-border payments − speech by Victoria Cleland.txt,https://www.bankofengland.co.uk/-/media/boe/files/speech/2022/june/rowing-in-unison-to-enhance-cross-border-paymentsspeech-by-victoria-cleland-annex-1.pdf,speech_after_meeting,0.7
BOE_2022_06_D,BOE,2022-06-01,DOC_D38433A41754,speech,Speeches,"Shocks, inflation, and the policy response − speech by Dave Ramsden",Dave Ramsden,2022-06-01,0,"data\BOE\Speeches\2022-06-01 - Dave Ramsden - Shocks, inflation, and the policy response − speech by Dave Ramsden.txt",https://www.bankofengland.co.uk/speech/2022/october/dave-ramsden-speech-at-the-securities-industry-conference,speech_after_meeting,0.7
BOE_2022_06_D,BOE,2022-06-01,DOC_5C7EB9C5308C,speech,Speeches,"Shocks, uncertainty, and the monetary policy response - speech by Dave Ramsden",Dave Ramsden,2022-06-01,0,"data\BOE\Speeches\2022-06-01 - Dave Ramsden - Shocks, uncertainty, and the monetary policy response - speech by Dave Ramsden.txt",https://www.bankofengland.co.uk/speech/2022/february/dave-ramsden-speech-at-the-national-farmers-union-conference-2022,speech_after_meeting,0.7
BOE_2022_06_D,BOE,2022-06-01,DOC_712C13202D6F,speech,Speeches,Solvency II: Striking the balance − speech by Sam Woods,Sam Woods,2022-06-01,0,data\BOE\Speeches\2022-06-01 - Sam Woods - Solvency II_ Striking the balance − speech by Sam Woods.txt,https://www.bankofengland.co.uk/speech/2022/july/sam-woods-speech-given-at-the-bank-of-england-solvency-ii-striking-the-balance,speech_after_meeting,0.7
BOE_2022_06_D,BOE,2022-06-01,DOC_ABC8B98A2CD8,speech,Speeches,Some lessons from the Crypto Winter − speech by Sir Jon Cunliffe,Sir Jon Cunliffe,2022-06-01,0,data\BOE\Speeches\2022-06-01 - Sir Jon Cunliffe - Some lessons from the Crypto Winter − speech by Sir Jon Cunliffe.txt,https://www.bankofengland.co.uk/speech/2022/july/jon-cunliffe-speech-on-crypto-market-developments-at-the-british-high-commission-singapore,speech_after_meeting,0.7
BOE_2022_06_D,BOE,2022-06-01,DOC_916E019540A9,speech,Speeches,"Some reflections on Monetary Policy past, present and future − speech by Michael Saunders",Michael Saunders,2022-06-01,0,"data\BOE\Speeches\2022-06-01 - Michael Saunders - Some reflections on Monetary Policy past, present and future − speech by Michael Saunders.txt",https://www.bankofengland.co.uk/speech/2022/july/michael-saunders-speech-at-the-resolution-foundation,speech_after_meeting,0.7
BOE_2022_06_D,BOE,2022-06-01,DOC_FF035527BD7F,speech,Speeches,That was the year that was − speech by Dave Ramsden,Dave Ramsden,2022-06-01,0,data\BOE\Speeches\2022-06-01 - Dave Ramsden - That was the year that was − speech by Dave Ramsden.txt,https://www.bankofengland.co.uk/-/media/boe/files/speech/2022/november/that-was-the-year-that-was-speech-by-dave-ramsden.pdf,speech_after_meeting,0.7
BOE_2022_06_D,BOE,2022-06-01,DOC_9114B300D0B1,speech,Speeches,The PRA's future approach to policy − speech by Vicky Saporta,Vicky Saporta,2022-06-01,0,data\BOE\Speeches\2022-06-01 - Vicky Saporta - The PRA's future approach to policy − speech by Vicky Saporta.txt,https://www.bankofengland.co.uk/speech/2022/september/vicky-saporta-speech-at-the-city-and-financial-the-future-of-uk-financial-services-regulation-summit,speech_after_meeting,0.7
BOE_2022_06_D,BOE,2022-06-01,DOC_180F8A465E86,speech,Speeches,The PRA’s supervisory priorities for the insurance sector in 2022 - speech by Charlotte Gerken,Charlotte Gerken,2022-06-01,0,data\BOE\Speeches\2022-06-01 - Charlotte Gerken - The PRA’s supervisory priorities for the insurance sector in 2022 - speech by Charlotte Gerken.txt,https://www.bankofengland.co.uk/speech/2022/march/charlotte-gerken-speech-at-norton-rose-fulbright-llp-pra-priorities-for-the-insurance-sector,speech_after_meeting,0.7
BOE_2022_06_D,BOE,2022-06-01,DOC_09C53B1612A3,speech,Speeches,The UK economic outlook and monetary policy - speech by Michael Saunders,Michael Saunders,2022-06-01,0,data\BOE\Speeches\2022-06-01 - Michael Saunders - The UK economic outlook and monetary policy - speech by Michael Saunders.txt,https://www.bankofengland.co.uk/speech/2022/march/michael-saunders-speech-at-the-university-of-east-anglia,speech_after_meeting,0.7
BOE_2022_06_D,BOE,2022-06-01,DOC_205C6C9D845A,speech,Speeches,"The economic landscape: structural change, global R * and the missing-investment puzzle − speech by Andrew Bailey",Andrew Bailey,2022-06-01,0,"data\BOE\Speeches\2022-06-01 - Andrew Bailey - The economic landscape_ structural change, global R _ and the missing-investment puzzle − speech by Andrew Bailey.txt",https://www.bankofengland.co.uk/-/media/boe/files/speech/2022/july/structural-change-global-rstar-and-the-missing-investment-puzzle.pdf,speech_after_meeting,0.7
BOE_2022_06_D,BOE,2022-06-01,DOC_53C0B7746DDA,speech,Speeches,The economic situation and monetary policy − speech by Huw Pill,Huw Pill,2022-06-01,0,data\BOE\Speeches\2022-06-01 - Huw Pill - The economic situation and monetary policy − speech by Huw Pill.txt,https://www.bankofengland.co.uk/speech/2022/may/huw-pill-speech-during-an-agency-visit-to-wales-hosted-by-acca-cymru-wales,speech_after_meeting,0.7
BOE_2022_06_D,BOE,2022-06-01,DOC_0719D406713E,speech,Speeches,The economy and policy trade-offs - speech by Silvana Tenreyro,Silvana Tenreyro,2022-06-01,0,data\BOE\Speeches\2022-06-01 - Silvana Tenreyro - The economy and policy trade-offs - speech by Silvana Tenreyro.txt,https://www.bankofengland.co.uk/-/media/boe/files/speech/2022/the-economy-and-policy-trade-offs-speech-by-silvana-tenreyro.pdf,speech_after_meeting,0.7
BOE_2022_06_D,BOE,2022-06-01,DOC_B7AA96CBD510,speech,Speeches,The future of international insurance in the UK − speech by Alan Sheppard,Alan Sheppard,2022-06-01,0,data\BOE\Speeches\2022-06-01 - Alan Sheppard - The future of international insurance in the UK − speech by Alan Sheppard.txt,https://www.bankofengland.co.uk/speech/2022/april/alan-sheppard-speaker-at-the-westminster-business-forum,speech_after_meeting,0.7
BOE_2022_06_D,BOE,2022-06-01,DOC_7B52E190AB83,speech,Speeches,The inflationary consequences of real shocks − speech by Ben Broadbent,Ben Broadbent,2022-06-01,0,data\BOE\Speeches\2022-06-01 - Ben Broadbent - The inflationary consequences of real shocks − speech by Ben Broadbent.txt,https://www.bankofengland.co.uk/-/media/boe/files/speech/2022/october/the-inflationary-consequences-of-real-shocksspeech-by-ben-broadbent-annex.pdf,speech_after_meeting,0.7
BOE_2022_06_D,BOE,2022-06-01,DOC_154918331F09,speech,Speeches,The nature of risk − speech by Sarah Breeden,Sarah Breeden,2022-06-01,0,data\BOE\Speeches\2022-06-01 - Sarah Breeden - The nature of risk − speech by Sarah Breeden.txt,https://www.bankofengland.co.uk/speech/2022/october/the-nature-of-risk-speech-by-sarah-breeden,speech_after_meeting,0.7
BOE_2022_06_D,BOE,2022-06-01,DOC_CD5B040B4EB7,speech,Speeches,The path to 2 per cent − speech by Silvana Tenreyro,Silvana Tenreyro,2022-06-01,0,data\BOE\Speeches\2022-06-01 - Silvana Tenreyro - The path to 2 per cent − speech by Silvana Tenreyro.txt,https://www.bankofengland.co.uk/speech/2022/november/silvana-tenreyro-keynote-speech-at-the-society-of-professional-economists-annual-conference,speech_after_meeting,0.7
BOE_2022_06_D,BOE,2022-06-01,DOC_370D7223C3F5,speech,Speeches,The road to enhanced payments - speech by Victoria Cleland,Victoria Cleland,2022-06-01,0,data\BOE\Speeches\2022-06-01 - Victoria Cleland - The road to enhanced payments - speech by Victoria Cleland.txt,https://www.bankofengland.co.uk/speech/2022/march/victoria-cleland-keynote-address-central-bank-spring-meetings,speech_after_meeting,0.7
BOE_2022_06_D,BOE,2022-06-01,DOC_D25E56549B16,speech,Speeches,The route back to 2% inflation − speech by Michael Saunders,Michael Saunders,2022-06-01,0,data\BOE\Speeches\2022-06-01 - Michael Saunders - The route back to 2% inflation − speech by Michael Saunders.txt,https://www.bankofengland.co.uk/speech/2022/may/michael-saunders-speech-at-the-resolution-foundation-event,speech_after_meeting,0.7
BOE_2022_06_D,BOE,2022-06-01,DOC_387E20EC66A1,speech,Speeches,Thirteen days in October: how central bank balance sheets can support monetary and financial stability − speech by Andrew Hauser,Andrew Hauser,2022-06-01,0,data\BOE\Speeches\2022-06-01 - Andrew Hauser - Thirteen days in October_ how central bank balance sheets can support monetary and financial stability − speech by Andrew.txt,https://www.bankofengland.co.uk/-/media/boe/files/speech/2022/november/thirteen-days-in-october-speech-by-andrew-hauser.pdf,speech_after_meeting,0.7
BOE_2022_06_D,BOE,2022-06-01,DOC_F7C9F482E97D,speech,Speeches,UK monetary policy in the context of global spillovers – speech by Catherine L. Mann,Catherine L. Mann,2022-06-01,0,data\BOE\Speeches\2022-06-01 - Catherine L. Mann - UK monetary policy in the context of global spillovers – speech by Catherine L. Mann.txt,https://www.bankofengland.co.uk/speech/2022/june/catherine-l-mann-speech-at-a-market-news-international-connect-event,speech_after_meeting,0.7
BOE_2022_06_D,BOE,2022-06-01,DOC_1F726B4E51CA,speech,Speeches,What did the monetarists ever do for us? − speech by Huw Pill,Huw Pill,2022-06-01,0,data\BOE\Speeches\2022-06-01 - Huw Pill - What did the monetarists ever do for us_ − speech by Huw Pill.txt,https://www.bankofengland.co.uk/-/media/boe/files/speech/2022/june/huw-pill-what-did-the-monetarists-ever-do-for-us-speech-annex.pdf,speech_after_meeting,0.7
BOE_2022_06_D,BOE,2022-06-01,DOC_90701BCC103D,speech,Speeches,What will operational resilience look like going forward? An overview of the supervisory regulatory position − speech by Duncan Mackinnon,Duncan Mackinnon,2022-06-01,0,data\BOE\Speeches\2022-06-01 - Duncan Mackinnon - What will operational resilience look like going forward_ An overview of the supervisory regulatory position − speech.txt,https://www.bankofengland.co.uk/speech/2022/may/duncan-mackinnon-speech-at-the-city-and-financial-9th-annual-operational-resilience,speech_after_meeting,0.7
BOE_2022_06_D,BOE,2022-06-01,DOC_5E3E2158251F,speech,Speeches,Who’s concentrating? Trends in the life insurance sector and the need for strong reinsurance and investment risk management − speech by Charlotte Gerken,Charlotte Gerken,2022-06-01,0,data\BOE\Speeches\2022-06-01 - Charlotte Gerken - Who’s concentrating_ Trends in the life insurance sector and the need for strong reinsurance and investment risk manag.txt,https://www.bankofengland.co.uk/-/media/boe/files/speech/2022/september/charlotte-gerken-whos-concentrating-speech-annex.pdf,speech_after_meeting,0.7
BOE_2022_06_D,BOE,2022-06-01,DOC_7C30E0ADD0C5,speech,Speeches,Why macroprudential policy needs to tackle financial stability risks from climate change − speech by Elisabeth Stheeman,Elisabeth Stheeman,2022-06-01,0,data\BOE\Speeches\2022-06-01 - Elisabeth Stheeman - Why macroprudential policy needs to tackle financial stability risks from climate change − speech by Elisabeth Sthee.txt,https://www.bankofengland.co.uk/speech/2022/april/elisabeth-stheeman-speech-at-queen-university,speech_after_meeting,0.7
BOE_2022_06_A,BOE,2022-06-01,DOC_559C176C2AB6,statement,Monetary Policy,Monetary Policy Report - August 2022,,2022-06-01,0,data\BOE\Monetary Policy\2022-06-01 - Monetary Policy Report - August 2022.txt,https://www.bankofengland.co.uk/-/media/boe/files/monetary-policy-report/2022/august/monetary-policy-report-august-2022.pdf,anchor_statement,1.0
BOE_2022_06_B,BOE,2022-06-01,DOC_37C6AD0A061C,statement,Monetary Policy,Monetary Policy Report - February 2022,,2022-06-01,0,data\BOE\Monetary Policy\2022-06-01 - Monetary Policy Report - February 2022.txt,https://www.bankofengland.co.uk/-/media/boe/files/monetary-policy-report/2022/february/monetary-policy-report-february-2022.pdf,anchor_statement,1.0
BOE_2022_06_C,BOE,2022-06-01,DOC_0CE4F50B3860,statement,Monetary Policy,Monetary Policy Report - May 2022,,2022-06-01,0,data\BOE\Monetary Policy\2022-06-01 - Monetary Policy Report - May 2022.txt,https://www.bankofengland.co.uk/-/media/boe/files/monetary-policy-report/2022/may/monetary-policy-report-may-2022.pdf,anchor_statement,1.0
BOE_2022_06_D,BOE,2022-06-01,DOC_9652B33D7643,statement,Monetary Policy,Monetary Policy Report - November 2022,,2022-06-01,0,data\BOE\Monetary Policy\2022-06-01 - Monetary Policy Report - November 2022.txt,https://www.bankofengland.co.uk/-/media/boe/files/monetary-policy-report/2022/november/monetary-policy-report-november-2022.pdf,anchor_statement,1.0
BOE_2023_06_D,BOE,2023-06-01,DOC_C42DD9B64AFB,speech,Speeches,'Yesterday’s logic' − speech by Nathanaël Benjamin,Nathanaël Benjamin,2023-06-01,0,data\BOE\Speeches\2023-06-01 - Nathanaël Benjamin - 'Yesterday’s logic' − speech by Nathanaël Benjamin.txt,https://www.bankofengland.co.uk/speech/2023/july/nathanael-benjamin-speech-at-uk-finance-pra-2023-supervisory-priorities-for-international-banks,speech_after_meeting,0.7
BOE_2023_06_D,BOE,2023-06-01,DOC_B3AAE8779620,speech,Speeches,A cost-of-living crisis: Inflation during an unprecedented terms of trade shock - speech by Swati Dhingra,Swati Dhingra,2023-06-01,0,data\BOE\Speeches\2023-06-01 - Swati Dhingra - A cost-of-living crisis_ Inflation during an unprecedented terms of trade shock - speech by Swati Dhingra.txt,https://www.bankofengland.co.uk/-/media/boe/files/speech/2023/march/a-cost-of-living-crisis-speech-by-swati-dhingra.pdf,speech_after_meeting,0.7
BOE_2023_06_D,BOE,2023-06-01,DOC_0087971208CA,speech,Speeches,A journey of 1000 miles begins with a single step: filling gaps in the central bank liquidity toolkit - speech by Andrew Hauser,Andrew Hauser,2023-06-01,0,data\BOE\Speeches\2023-06-01 - Andrew Hauser - A journey of 1000 miles begins with a single step_ filling gaps in the central bank liquidity toolkit - speech by Andrew.txt,https://www.bankofengland.co.uk/speech/2023/september/andrew-hauser-speech-at-market-news-international-connect-event,speech_after_meeting,0.7
BOE_2023_06_D,BOE,2023-06-01,DOC_42C73D4B7A27,speech,Speeches,A measure of wheat for a penny: food price inflation in historical perspective - speech by Andrew Bailey,Andrew Bailey,2023-06-01,0,data\BOE\Speeches\2023-06-01 - Andrew Bailey - A measure of wheat for a penny_ food price inflation in historical perspective - speech by Andrew Bailey.txt,https://www.bankofengland.co.uk/-/media/boe/files/speech/2023/november/a-measure-of-wheat-for-a-penny-speech-by-andrew-bailey.pdf,speech_after_meeting,0.7
BOE_2023_06_D,BOE,2023-06-01,DOC_DA7A72D82FA8,speech,Speeches,Are we there yet? A journey into monetary policy and medium-term factors − speech by Megan Greene,Megan Greene,2023-06-01,0,data\BOE\Speeches\2023-06-01 - Megan Greene - Are we there yet_ A journey into monetary policy and medium-term factors − speech by Megan Greene.txt,https://www.bankofengland.co.uk/speech/2023/november/megan-greene-speech-at-leeds-university,speech_after_meeting,0.7
BOE_2023_06_D,BOE,2023-06-01,DOC_C22F3AF0BE24,speech,Speeches,Back to the future − speech by Dave Ramsden,Dave Ramsden,2023-06-01,0,data\BOE\Speeches\2023-06-01 - Dave Ramsden - Back to the future − speech by Dave Ramsden.txt,https://www.bankofengland.co.uk/-/media/boe/files/speech/2023/november/back-to-the-future-speech-by-dave-ramsden.pdf,speech_after_meeting,0.7
BOE_2023_06_D,BOE,2023-06-01,DOC_E6F5929E997F,speech,Speeches,Bank failures − speech by Sam Woods,Sam Woods,2023-06-01,0,data\BOE\Speeches\2023-06-01 - Sam Woods - Bank failures − speech by Sam Woods.txt,https://www.bankofengland.co.uk/speech/2023/october/sam-woods-speech-at-the-city-banquet-mansion-house,speech_after_meeting,0.7
BOE_2023_06_D,BOE,2023-06-01,DOC_43AF72E8B5E9,speech,Speeches,Clearing in the 2020s: the Bank of England's approach to policy reform and international cooperation - speech by Sasha Mills,Sasha Mills,2023-06-01,0,data\BOE\Speeches\2023-06-01 - Sasha Mills - Clearing in the 2020s_ the Bank of England's approach to policy reform and international cooperation - speech by Sasha Mill.txt,https://www.bankofengland.co.uk/speech/2023/november/sasha-mills-keynote-speech-at-isda-derivatives-trading-forum-london,speech_after_meeting,0.7
BOE_2023_06_D,BOE,2023-06-01,DOC_EC735F6420EC,speech,Speeches,Climate action: approaching a tipping point? − speech by Sarah Breeden,Sarah Breeden,2023-06-01,0,data\BOE\Speeches\2023-06-01 - Sarah Breeden - Climate action_ approaching a tipping point_ − speech by Sarah Breeden.txt,https://www.bankofengland.co.uk/speech/2023/april/sarah-breeden-speech-chapter-zero-anniversary,speech_after_meeting,0.7
BOE_2023_06_D,BOE,2023-06-01,DOC_A3BBD7544795,speech,Speeches,Climate policy and monetary policy: interactions and implications - speech by Catherine L. Mann,Catherine L. Mann,2023-06-01,0,data\BOE\Speeches\2023-06-01 - Catherine L. Mann - Climate policy and monetary policy_ interactions and implications - speech by Catherine L. Mann.txt,https://www.bankofengland.co.uk/-/media/boe/files/speech/2023/june/monetary-policy-in-the-face-of-large-shocks-speech-by-silvana-tenreyro.pdf,speech_after_meeting,0.7
BOE_2023_06_D,BOE,2023-06-01,DOC_6CD51A4E6E80,speech,Speeches,Competitiveness and growth: continuing the conversation − speech by Victoria Saporta,Victoria Saporta,2023-06-01,0,data\BOE\Speeches\2023-06-01 - Victoria Saporta - Competitiveness and growth_ continuing the conversation − speech by Victoria Saporta.txt,https://www.bankofengland.co.uk/speech/2023/september/victoria-saporta-speech-at-prudential-regulation-authority,speech_after_meeting,0.7
BOE_2023_06_D,BOE,2023-06-01,DOC_FC8BF4309BC4,speech,Speeches,Cyber risks and operational resilience: getting prepared − speech by Elisabeth Stheeman,Elisabeth Stheeman,2023-06-01,0,data\BOE\Speeches\2023-06-01 - Elisabeth Stheeman - Cyber risks and operational resilience_ getting prepared − speech by Elisabeth Stheeman.txt,https://www.bankofengland.co.uk/speech/2023/october/elisabeth-stheeman-speech-at-the-london-school-of-economics-conference,speech_after_meeting,0.7
BOE_2023_06_D,BOE,2023-06-01,DOC_4BE493BB12FC,speech,Speeches,"Expectations, lags, and the transmission of monetary policy - speech by Catherine L. Mann",Catherine L. Mann,2023-06-01,0,"data\BOE\Speeches\2023-06-01 - Catherine L. Mann - Expectations, lags, and the transmission of monetary policy - speech by Catherine L. Mann.txt",https://www.bankofengland.co.uk/-/media/boe/files/speech/2023/february/expectations-lags-and-the-transmission-of-monetary-policy-speech-by-catherine-l-mann.pdf,speech_after_meeting,0.7
BOE_2023_06_D,BOE,2023-06-01,DOC_42C96626A95E,speech,Speeches,Financial stability risks from the non-bank sector: thinking system wide − speech by Lee Foulger,Lee Foulger,2023-06-01,0,data\BOE\Speeches\2023-06-01 - Lee Foulger - Financial stability risks from the non-bank sector_ thinking system wide − speech by Lee Foulger.txt,https://www.bankofengland.co.uk/speech/2023/june/speech-by-lee-foulger-at-financial-supervisory-authority-of-norway,speech_after_meeting,0.7
BOE_2023_06_D,BOE,2023-06-01,DOC_EA87F47FB586,speech,Speeches,Fundamental Spreads − speech by Sam Woods,Sam Woods,2023-06-01,0,data\BOE\Speeches\2023-06-01 - Sam Woods - Fundamental Spreads − speech by Sam Woods.txt,https://www.bankofengland.co.uk/speech/2023/february/sam-woods-keynote-speech-association-british-insurers-dinner,speech_after_meeting,0.7
BOE_2023_06_D,BOE,2023-06-01,DOC_6B65047F1DCD,speech,Speeches,Getting inflation back to the 2% target − speech by Andrew Bailey,Andrew Bailey,2023-06-01,0,data\BOE\Speeches\2023-06-01 - Andrew Bailey - Getting inflation back to the 2% target − speech by Andrew Bailey.txt,https://www.bankofengland.co.uk/speech/2023/may/andrew-bailey-keynote-speech-british-chambers-of-commerce-global-annual-conference,speech_after_meeting,0.7
BOE_2023_06_D,BOE,2023-06-01,DOC_5091E9C51F84,speech,Speeches,Global action to enhance cross-border payments − speech by Victoria Cleland,Victoria Cleland,2023-06-01,0,data\BOE\Speeches\2023-06-01 - Victoria Cleland - Global action to enhance cross-border payments − speech by Victoria Cleland.txt,https://www.bankofengland.co.uk/speech/2023/june/victoria-cleland-keynote-speech-at-global-bank-payments-summit,speech_after_meeting,0.7
BOE_2023_06_D,BOE,2023-06-01,DOC_AD4FE9989C42,speech,Speeches,Going with the flow: how liquidity risks have evolved in the higher rate environment − remarks by Dave Ramsden,Dave Ramsden,2023-06-01,0,data\BOE\Speeches\2023-06-01 - Dave Ramsden - Going with the flow_ how liquidity risks have evolved in the higher rate environment − remarks by Dave Ramsden.txt,https://www.bankofengland.co.uk/speech/2023/november/dave-ramsden-remarks-at-the-7th-annual-conference-of-the-european-systemic-risk-board,speech_after_meeting,0.7
BOE_2023_06_D,BOE,2023-06-01,DOC_0383BD2299FD,speech,Speeches,ISO 20022: Reaping the benefits for the payments ecosystem − remarks by Victoria Cleland,Victoria Cleland,2023-06-01,0,data\BOE\Speeches\2023-06-01 - Victoria Cleland - ISO 20022_ Reaping the benefits for the payments ecosystem − remarks by Victoria Cleland.txt,https://www.bankofengland.co.uk/speech/2023/october/victoria-cleland-keynote-speech-at-the-digital-innovation-summit,speech_after_meeting,0.7
BOE_2023_06_D,BOE,2023-06-01,DOC_3FF252F273A0,speech,Speeches,Implications of current wage inflation − speech by Jonathan Haskel,Jonathan Haskel,2023-06-01,0,data\BOE\Speeches\2023-06-01 - Jonathan Haskel - Implications of current wage inflation − speech by Jonathan Haskel.txt,https://www.bankofengland.co.uk/-/media/boe/files/speech/2023/september/inflation-models-and-research-distilling-dynamics-for-monetary-policy-decision-making.pdf,speech_after_meeting,0.7
BOE_2023_06_D,BOE,2023-06-01,DOC_49C8F07E49C7,speech,Speeches,Inflation is a ‘wicked problem’ − speech by Huw Pill,Huw Pill,2023-06-01,0,data\BOE\Speeches\2023-06-01 - Huw Pill - Inflation is a ‘wicked problem’ − speech by Huw Pill.txt,https://www.bankofengland.co.uk/speech/2023/february/huw-pill-fireside-chat-at-the-warwick-think-tank-on-the-uk-economy,speech_after_meeting,0.7
BOE_2023_06_D,BOE,2023-06-01,DOC_DBC34BB56B2A,speech,Speeches,Inflation models and research: distilling dynamics for monetary policy decision-making - speech by Catherine L. Mann,Catherine L. Mann,2023-06-01,0,data\BOE\Speeches\2023-09-11 - Catherine L. Mann - Inflation models and research_ distilling dynamics for monetary policy decision-making - speech by Catherine L. Mann.txt,https://www.bankofengland.co.uk/-/media/boe/files/speech/2023/september/inflation-models-and-research-distilling-dynamics-for-monetary-policy-decision-making.pdf,speech_after_meeting,0.7
BOE_2023_06_D,BOE,2023-06-01,DOC_ADAC69E3B45C,speech,Speeches,Inflation persistence and monetary policy − speech by Huw Pill,Huw Pill,2023-06-01,0,data\BOE\Speeches\2023-06-01 - Huw Pill - Inflation persistence and monetary policy − speech by Huw Pill.txt,https://www.bankofengland.co.uk/speech/2023/april/huw-pill-speech-at-the-international-centre-for-monetary-and-banking-studies-public-lecture,speech_after_meeting,0.7
BOE_2023_06_D,BOE,2023-06-01,DOC_71632D0CBBFE,speech,Speeches,"Interconnectedness, Innovation and Unintended Consequences: What macroprudential policy can do to assess fragilities outside of the banking sector − speech by Randall S. Kroszner",Randall S. Kroszner,2023-06-01,0,"data\BOE\Speeches\2023-06-01 - Randall S. Kroszner - Interconnectedness, Innovation and Unintended Consequences_ What macroprudential policy can do to assess fragilitie.txt",https://www.bankofengland.co.uk/-/media/boe/files/speech/2023/november/interconnectedness-innovation-and-unintended-consequences-annex.pdf,speech_after_meeting,0.7
BOE_2023_06_D,BOE,2023-06-01,DOC_C79478F8933F,speech,Speeches,Investing in financial stability − speech by Sarah Breeden,Sarah Breeden,2023-06-01,0,data\BOE\Speeches\2023-06-01 - Sarah Breeden - Investing in financial stability − speech by Sarah Breeden.txt,https://www.bankofengland.co.uk/speech/2023/april/sarah-breeden-insolvency-practitioners-annual-conference,speech_after_meeting,0.7
BOE_2023_06_D,BOE,2023-06-01,DOC_EEED184ACC27,speech,Speeches,"It’s not the plane, it’s the pilot - speech by Shoib Khan",Shoib Khan,2023-06-01,0,"data\BOE\Speeches\2023-06-01 - Shoib Khan - It’s not the plane, it’s the pilot - speech by Shoib Khan.txt",https://www.bankofengland.co.uk/speech/2023/march/shoib-khan-speech-at-the-westminster-business-forum-on-risk-management,speech_after_meeting,0.7
BOE_2023_06_D,BOE,2023-06-01,DOC_B17DDCC63668,speech,Speeches,"Leadership, strategy and resilience − speech by Afua Kyei",Afua Kyei,2023-06-01,0,"data\BOE\Speeches\2023-06-01 - Afua Kyei - Leadership, strategy and resilience − speech by Afua Kyei.txt",https://www.bankofengland.co.uk/speech/2023/march/afua-kyei-speech-at-the-world-finance-forum-london-2023,speech_after_meeting,0.7
BOE_2023_06_D,BOE,2023-06-01,DOC_531CEA2A9C39,speech,Speeches,Looking through a glass onion: lessons from the 2022 LDI intervention − speech by Andrew Hauser,Andrew Hauser,2023-06-01,0,data\BOE\Speeches\2023-06-01 - Andrew Hauser - Looking through a glass onion_ lessons from the 2022 LDI intervention − speech by Andrew Hauser.txt,https://www.bankofengland.co.uk/speech/2023/march/andrew-hauser-opening-remarks-at-university-of-chicago-booth-school-of-business-workshop,speech_after_meeting,0.7
BOE_2023_06_D,BOE,2023-06-01,DOC_22F42F0D7F74,speech,Speeches,Making progress on cross-border payments – remarks by Victoria Cleland,Victoria Cleland,2023-06-01,0,data\BOE\Speeches\2023-06-01 - Victoria Cleland - Making progress on cross-border payments – remarks by Victoria Cleland.txt,https://www.bankofengland.co.uk/speech/2023/march/victoria-cleland-pre-recorded-panellist-at-the-silk-road-cash-payments-conference,speech_after_meeting,0.7
BOE_2023_06_D,BOE,2023-06-01,DOC_BCCCBBFE48B8,speech,Speeches,Moderation in all things - speech by Charlotte Gerken,Charlotte Gerken,2023-06-01,0,data\BOE\Speeches\2023-06-01 - Charlotte Gerken - Moderation in all things - speech by Charlotte Gerken.txt,https://www.bankofengland.co.uk/-/media/boe/files/speech/2023/april/moderation-in-all-things-speech-by-charlotte-gerken-annex.pdf,speech_after_meeting,0.7
BOE_2023_06_D,BOE,2023-06-01,DOC_F67F43B4660C,speech,Speeches,Monetary and financial stability: lessons from recent times - speech by Andrew Bailey,Andrew Bailey,2023-06-01,0,data\BOE\Speeches\2023-06-01 - Andrew Bailey - Monetary and financial stability_ lessons from recent times - speech by Andrew Bailey.txt,https://www.bankofengland.co.uk/speech/2023/april/andrew-bailey-remarks-at-the-institute-of-international-finance,speech_after_meeting,0.7
BOE_2023_06_D,BOE,2023-06-01,DOC_00AC37FDBFE6,speech,Speeches,Monetary policy as engineering? − speech by Sarah Breeden,Sarah Breeden,2023-06-01,0,data\BOE\Speeches\2023-06-01 - Sarah Breeden - Monetary policy as engineering_ − speech by Sarah Breeden.txt,https://www.bankofengland.co.uk/-/media/boe/files/speech/2023/december/monetary-policy-as-engineering-speech-by-sarah-breeden.pdf,speech_after_meeting,0.7
BOE_2023_06_D,BOE,2023-06-01,DOC_0D18A3931F2B,speech,Speeches,Monetary policy in the face of large shocks − speech by Silvana Tenreyro,Silvana Tenreyro,2023-06-01,0,data\BOE\Speeches\2023-06-29 - Silvana Tenreyro - Monetary policy in the face of large shocks − speech by Silvana Tenreyro.txt,https://www.bankofengland.co.uk/-/media/boe/files/speech/2023/june/monetary-policy-in-the-face-of-large-shocks-speech-by-silvana-tenreyro.pdf,speech_after_meeting,0.7
BOE_2023_06_D,BOE,2023-06-01,DOC_06458B9CB255,speech,Speeches,Monetary policy: prices versus quantities - speech by Ben Broadbent,Ben Broadbent,2023-06-01,0,data\BOE\Speeches\2023-06-01 - Ben Broadbent - Monetary policy_ prices versus quantities - speech by Ben Broadbent.txt,https://www.bankofengland.co.uk/speech/2023/april/ben-broadbent-speech-hosted-by-national-institute-of-economic-and-social-research,speech_after_meeting,0.7
BOE_2023_06_D,BOE,2023-06-01,DOC_C5B7D75B2A73,speech,Speeches,Money and payments: a ‘black ships’ moment? - speech by Jon Cunliffe,Jon Cunliffe,2023-06-01,0,data\BOE\Speeches\2023-06-01 - Jon Cunliffe - Money and payments_ a ‘black ships’ moment_ - speech by Jon Cunliffe.txt,https://www.bankofengland.co.uk/speech/2023/october/jon-cunliffe-speech-at-the-economics-of-payments-xii-conference,speech_after_meeting,0.7
BOE_2023_06_D,BOE,2023-06-01,DOC_A9C8E835FB82,speech,Speeches,Money: A question of purpose and trust − speech by Carolyn Wilkins,Carolyn Wilkins,2023-06-01,0,data\BOE\Speeches\2023-06-01 - Carolyn Wilkins - Money_ A question of purpose and trust − speech by Carolyn Wilkins.txt,https://www.bankofengland.co.uk/speech/2023/may/carolyn-wilkins-keynote-speech-at-omfif,speech_after_meeting,0.7
BOE_2023_06_D,BOE,2023-06-01,DOC_BEE1AFD723C0,speech,Speeches,New prospects for money - speech by Andrew Bailey,Andrew Bailey,2023-06-01,0,data\BOE\Speeches\2023-06-01 - Andrew Bailey - New prospects for money - speech by Andrew Bailey.txt,https://www.bankofengland.co.uk/speech/2023/july/andrew-bailey-speech-at-the-financial-and-professional-services-dinner,speech_after_meeting,0.7
BOE_2023_06_D,BOE,2023-06-01,DOC_A5DE657AB1B4,speech,Speeches,Opening remarks at the 50th anniversary of the London Foreign Exchange Joint Standing Committee (FXJSC) - Andrew Bailey,Andrew Bailey,2023-06-01,0,data\BOE\Speeches\2023-06-01 - Andrew Bailey - Opening remarks at the 50th anniversary of the London Foreign Exchange Joint Standing Committee (FXJSC) - Andrew Bailey.txt,https://www.bankofengland.co.uk/speech/2023/november/andrew-bailey-remarks-at-the-50-year-anniversary-of-the-london-fxjsc,speech_after_meeting,0.7
BOE_2023_06_D,BOE,2023-06-01,DOC_0BC1D1D23F5A,speech,Speeches,Openness beats fragmentation - speech by Andrew Bailey,Andrew Bailey,2023-06-01,0,data\BOE\Speeches\2023-06-01 - Andrew Bailey - Openness beats fragmentation - speech by Andrew Bailey.txt,https://www.bankofengland.co.uk/speech/2023/november/andrew-bailey-keynote-address-at-the-central-bank-of-ireland,speech_after_meeting,0.7
BOE_2023_06_D,BOE,2023-06-01,DOC_EAE41B50C12A,speech,Speeches,Payments: it’s all change − speech by Victoria Cleland,Victoria Cleland,2023-06-01,0,data\BOE\Speeches\2023-06-01 - Victoria Cleland - Payments_ it’s all change − speech by Victoria Cleland.txt,https://www.bankofengland.co.uk/speech/2023/july/victoria-cleland-speech-at-the-uk-finance-payments-summer-reception-benefits-of-renewing-rtgs,speech_after_meeting,0.7
BOE_2023_06_D,BOE,2023-06-01,DOC_C826FB96EE10,speech,Speeches,Price and monetary policy transmission in a globalised economy − speech by Swati Dhingra,Swati Dhingra,2023-06-01,0,data\BOE\Speeches\2023-06-01 - Swati Dhingra - Price and monetary policy transmission in a globalised economy − speech by Swati Dhingra.txt,https://www.bankofengland.co.uk/speech/2023/june/swati-dhingra-speech-manchester-met-uni,speech_after_meeting,0.7
BOE_2023_06_D,BOE,2023-06-01,DOC_A36B4B3D647F,speech,Speeches,Quantitative easing and quantitative tightening − speech by Silvana Tenreyro,Silvana Tenreyro,2023-06-01,0,data\BOE\Speeches\2023-06-01 - Silvana Tenreyro - Quantitative easing and quantitative tightening − speech by Silvana Tenreyro.txt,https://www.bankofengland.co.uk/speech/2023/april/quantitative-easing-quantitative-tightening-speech-silvana-tenreyro,speech_after_meeting,0.7
BOE_2023_06_D,BOE,2023-06-01,DOC_03BF6C87ED37,speech,Speeches,Quantitative tightening: the story so far − speech by Dave Ramsden,Dave Ramsden,2023-06-01,0,data\BOE\Speeches\2023-06-01 - Dave Ramsden - Quantitative tightening_ the story so far − speech by Dave Ramsden.txt,https://www.bankofengland.co.uk/speech/2023/july/dave-ramsden-speech-on-quantitative-tightening-chaired-by-money-macro-and-finance-society,speech_after_meeting,0.7
BOE_2023_06_D,BOE,2023-06-01,DOC_69B57AEEC28D,speech,Speeches,Signal versus noise - speech by Ben Broadbent,Ben Broadbent,2023-06-01,0,data\BOE\Speeches\2023-06-01 - Ben Broadbent - Signal versus noise - speech by Ben Broadbent.txt,https://www.bankofengland.co.uk/-/media/boe/files/speech/2023/december/annex-signal-versus-noise-speech-by-ben-broadbent.pdf,speech_after_meeting,0.7
BOE_2023_06_D,BOE,2023-06-01,DOC_B0A66CF6B330,speech,Speeches,Solvency UK: Maintaining the momentum - speech by Gareth Truran,Gareth Truran,2023-06-01,0,data\BOE\Speeches\2023-06-01 - Gareth Truran - Solvency UK_ Maintaining the momentum - speech by Gareth Truran.txt,https://www.bankofengland.co.uk/speech/2023/september/gareth-truran-keynote-speech-at-bank-of-america-financials-ceo-conference,speech_after_meeting,0.7
BOE_2023_06_D,BOE,2023-06-01,DOC_3D6ECBFB914D,speech,Speeches,Stepping into the spotlight – speech by Afua Kyei,Afua Kyei,2023-06-01,0,data\BOE\Speeches\2023-06-01 - Afua Kyei - Stepping into the spotlight – speech by Afua Kyei.txt,https://www.bankofengland.co.uk/speech/2023/april/afua-kyei-fireside-chat-at-the-institute-of-practitioners,speech_after_meeting,0.7
BOE_2023_06_D,BOE,2023-06-01,DOC_4E545C5E487D,speech,Speeches,Supervision and Data − to boldly regulate as no one has regulated before − speech by Rebecca Jackson,Rebecca Jackson,2023-06-01,0,data\BOE\Speeches\2023-06-01 - Rebecca Jackson - Supervision and Data − to boldly regulate as no one has regulated before − speech by Rebecca Jackson.txt,https://www.bankofengland.co.uk/speech/2023/may/rebecca-jackson-association-of-foreign-banks-mansion-house-lunch,speech_after_meeting,0.7
BOE_2023_06_D,BOE,2023-06-01,DOC_1F54AC775F4C,speech,Speeches,Supply matters − speech by Andrew Bailey,Andrew Bailey,2023-06-01,0,data\BOE\Speeches\2023-06-01 - Andrew Bailey - Supply matters − speech by Andrew Bailey.txt,https://www.bankofengland.co.uk/speech/2023/march/andrew-bailey-speech-at-london-school-of-economics,speech_after_meeting,0.7
BOE_2023_06_D,BOE,2023-06-01,DOC_E63F51E834F9,speech,Speeches,The Bank of England’s approach to enforcement: a decade in the making − speech by Oliver Dearie,Oliver Dearie,2023-06-01,0,data\BOE\Speeches\2023-06-01 - Oliver Dearie - The Bank of England’s approach to enforcement_ a decade in the making − speech by Oliver Dearie.txt,https://www.bankofengland.co.uk/speech/2023/june/speech-by-oliver-dearie-at-financial-services-lawyer-association-conference,speech_after_meeting,0.7
BOE_2023_06_D,BOE,2023-06-01,DOC_894D65B8064C,speech,Speeches,The building blocks of resilience - speech by Sarah Breeden,Sarah Breeden,2023-06-01,0,data\BOE\Speeches\2023-06-01 - Sarah Breeden - The building blocks of resilience - speech by Sarah Breeden.txt,https://www.bankofengland.co.uk/speech/2023/june/sarah-breeden-westminster-business-forum,speech_after_meeting,0.7
BOE_2023_06_D,BOE,2023-06-01,DOC_C736C1C8BFA1,speech,Speeches,The challenges and opportunities ahead for the mutual sector − speech by David Bailey,David Bailey,2023-06-01,0,data\BOE\Speeches\2023-06-01 - David Bailey - The challenges and opportunities ahead for the mutual sector − speech by David Bailey.txt,https://www.bankofengland.co.uk/speech/2023/may/david-bailey-speech-at-the-building-societies-annual-conference-2023,speech_after_meeting,0.7
BOE_2023_06_D,BOE,2023-06-01,DOC_28D4CC64D3E8,speech,Speeches,The cost of living - speech by Andrew Bailey,Andrew Bailey,2023-06-01,0,data\BOE\Speeches\2023-06-01 - Andrew Bailey - The cost of living - speech by Andrew Bailey.txt,https://www.bankofengland.co.uk/speech/2023/march/andrew-bailey-speech-at-cost-of-living-crisis-conference-brunswick-group,speech_after_meeting,0.7
BOE_2023_06_D,BOE,2023-06-01,DOC_6B1876038E7F,speech,Speeches,The digital pound − speech by Jon Cunliffe,Jon Cunliffe,2023-06-01,0,data\BOE\Speeches\2023-06-01 - Jon Cunliffe - The digital pound − speech by Jon Cunliffe.txt,https://www.bankofengland.co.uk/speech/2023/february/jon-cunliffe-speech-at-uk-finance-update-on-central-bank-digital-currency,speech_after_meeting,0.7
BOE_2023_06_D,BOE,2023-06-01,DOC_EB66AEA0CC90,speech,Speeches,The economic costs of restricting trade: the experience of the UK - speech by Ben Broadbent,Ben Broadbent,2023-06-01,0,data\BOE\Speeches\2023-06-01 - Ben Broadbent - The economic costs of restricting trade_ the experience of the UK - speech by Ben Broadbent.txt,https://www.bankofengland.co.uk/speech/2023/august/ben-broadbent-panellist-at-2023-economic-policy-symposium-jackson-hole-wyoming,speech_after_meeting,0.7
BOE_2023_06_D,BOE,2023-06-01,DOC_66734F0BD3A3,speech,Speeches,The end of the (Libor) world as we know it – remarks by Arif Merali,Arif Merali,2023-06-01,0,data\BOE\Speeches\2023-06-01 - Arif Merali - The end of the (Libor) world as we know it – remarks by Arif Merali.txt,https://www.bankofengland.co.uk/speech/2023/september/arif-merali-remarks-from-industry-panel-on-libor-transition,speech_after_meeting,0.7
BOE_2023_06_D,BOE,2023-06-01,DOC_762E2C2AB4F6,speech,Speeches,The feeling is Mutual − speech by Shoib Khan,Shoib Khan,2023-06-01,0,data\BOE\Speeches\2023-06-01 - Shoib Khan - The feeling is Mutual − speech by Shoib Khan.txt,https://www.bankofengland.co.uk/speech/2023/september/shoib-khan-speech-at-the-association-of-financial-mutuals-annual-conference,speech_after_meeting,0.7
BOE_2023_06_D,BOE,2023-06-01,DOC_1D4B986DEBD5,speech,Speeches,The modern gatekeeper − speech by Nathanaël Benjamin,Nathanaël Benjamin,2023-06-01,0,data\BOE\Speeches\2023-06-01 - Nathanaël Benjamin - The modern gatekeeper − speech by Nathanaël Benjamin.txt,https://www.bankofengland.co.uk/speech/2023/november/nathanael-benjamin-speech-at-the-city-uk,speech_after_meeting,0.7
BOE_2023_06_D,BOE,2023-06-01,DOC_337E725FF2BE,speech,Speeches,The regulatory foundations of international competitiveness and growth − speech by Vicky Saporta,Vicky Saporta,2023-06-01,0,data\BOE\Speeches\2023-06-01 - Vicky Saporta - The regulatory foundations of international competitiveness and growth − speech by Vicky Saporta.txt,https://www.bankofengland.co.uk/speech/2023/february/victoria-saporta-speech-on-financial-regulation-and-competitiveness-and-growth,speech_after_meeting,0.7
BOE_2023_06_D,BOE,2023-06-01,DOC_E1AD7CEAB0E9,speech,Speeches,The shape of things to come: innovation in payments and money − speech by Sir Jon Cunliffe,Sir Jon Cunliffe,2023-06-01,0,data\BOE\Speeches\2023-06-01 - Sir Jon Cunliffe - The shape of things to come_ innovation in payments and money − speech by Sir Jon Cunliffe.txt,https://www.bankofengland.co.uk/speech/2023/april/jon-cunliffe-keynote-speech-at-the-innovate-finance-global-summit,speech_after_meeting,0.7
BOE_2023_06_D,BOE,2023-06-01,DOC_305C945CC623,speech,Speeches,The weekend starts here − speech by Dave Ramsden,Dave Ramsden,2023-06-01,0,data\BOE\Speeches\2023-06-01 - Dave Ramsden - The weekend starts here − speech by Dave Ramsden.txt,https://www.bankofengland.co.uk/speech/2023/december/dave-ramsden-speech-at-deloitte-academy-on-the-banks-resolution-regime,speech_after_meeting,0.7
BOE_2023_06_D,BOE,2023-06-01,DOC_00A45ED62A58,speech,Speeches,Towards a gold standard on climate transition planning − speech by Ben Stimson,Ben Stimson,2023-06-01,0,data\BOE\Speeches\2023-06-01 - Ben Stimson - Towards a gold standard on climate transition planning − speech by Ben Stimson.txt,https://www.bankofengland.co.uk/speech/2023/june/ben-stimson-keynote-speech-on-boe-climate-transition-plan,speech_after_meeting,0.7
BOE_2023_06_D,BOE,2023-06-01,DOC_595CD56995C0,speech,Speeches,Turning Points and Monetary Policy Strategy - speech by Catherine L. Mann,Catherine L. Mann,2023-06-01,0,data\BOE\Speeches\2023-06-01 - Catherine L. Mann - Turning Points and Monetary Policy Strategy - speech by Catherine L. Mann.txt,https://www.bankofengland.co.uk/speech/2023/february/catherine-l-mann-lamfalussy-lectures-conference-new-dimensions-of-central-baking-post-covid,speech_after_meeting,0.7
BOE_2023_06_D,BOE,2023-06-01,DOC_45D9B405D76D,speech,Speeches,Two sides of the same coin – delivering monetary and financial stability timelessly – speech by Sarah Breeden,Sarah Breeden,2023-06-01,0,data\BOE\Speeches\2023-06-01 - Sarah Breeden - Two sides of the same coin – delivering monetary and financial stability timelessly – speech by Sarah Breeden.txt,https://www.bankofengland.co.uk/speech/2023/march/sarah-breeden-speech-on-macro-prudential-monetary-policy-interactions-at-leeds-university,speech_after_meeting,0.7
BOE_2023_06_D,BOE,2023-06-01,DOC_3CA0E182CA12,speech,Speeches,UK inflation since the pandemic: How did we get here and where are we going? − speech by Jonathan Haskel,Jonathan Haskel,2023-06-01,0,data\BOE\Speeches\2023-06-01 - Jonathan Haskel - UK inflation since the pandemic_ How did we get here and where are we going_ − speech by Jonathan Haskel.txt,https://www.bankofengland.co.uk/-/media/boe/files/speech/2023/november/uk-inflation-since-the-pandemic-how-did-we-get-here-and-where-are-we-going-speech-by-jonathan-haskel.pdf,speech_after_meeting,0.7
BOE_2023_06_D,BOE,2023-06-01,DOC_D47C5E167039,speech,Speeches,UK monetary policy outlook − speech by Huw Pill,Huw Pill,2023-06-01,0,data\BOE\Speeches\2023-06-01 - Huw Pill - UK monetary policy outlook − speech by Huw Pill.txt,https://www.bankofengland.co.uk/speech/2023/january/huw-pill-chair-and-general-discussant-at-the-american-economics-association-annual-meeting,speech_after_meeting,0.7
BOE_2023_06_D,BOE,2023-06-01,DOC_BD01A667758B,speech,Speeches,"What’s driving inflation: wages, profits, or energy prices? − speech by Jonathan Haskel",Jonathan Haskel,2023-06-01,0,"data\BOE\Speeches\2023-06-01 - Jonathan Haskel - What’s driving inflation_ wages, profits, or energy prices_ − speech by Jonathan Haskel.txt",https://www.bankofengland.co.uk/-/media/boe/files/speech/2023/may/whats-driving-inflation-wages-profits-or-energy-prices-speech-by-jonathan-haskel.pdf,speech_after_meeting,0.7
BOE_2023_06_D,BOE,2023-06-01,DOC_ECD435B39CF3,speech,Speeches,With leverage comes responsibility − speech by Jonathan Hall,Jonathan Hall,2023-06-01,0,data\BOE\Speeches\2023-06-01 - Jonathan Hall - With leverage comes responsibility − speech by Jonathan Hall.txt,https://www.bankofengland.co.uk/speech/2023/june/jonathan-hall-speech-at-niesr,speech_after_meeting,0.7
BOE_2023_06_D,BOE,2023-06-01,DOC_A50C1E2E301C,speech,Speeches,‘Less is more’ or ‘Less is a bore’? Re-calibrating the role of central bank reserves - speech by Andrew Hauser,Andrew Hauser,2023-06-01,0,data\BOE\Speeches\2023-06-01 - Andrew Hauser - ‘Less is more’ or ‘Less is a bore’_ Re-calibrating the role of central bank reserves - speech by Andrew Hauser.txt,https://www.bankofengland.co.uk/speech/2023/november/andrew-hauser-keynote-speech-bank-of-england-watchers-conference,speech_after_meeting,0.7
BOE_2023_06_A,BOE,2023-06-01,DOC_1BEADDFB6324,statement,Monetary Policy,Monetary Policy Report - August 2023,,2023-06-01,0,data\BOE\Monetary Policy\2023-06-01 - Monetary Policy Report - August 2023.txt,https://www.bankofengland.co.uk/-/media/boe/files/monetary-policy-report/2023/august/monetary-policy-report-august-2023.pdf,anchor_statement,1.0
BOE_2023_06_B,BOE,2023-06-01,DOC_C9880DD6A6ED,statement,Monetary Policy,Monetary Policy Report - February 2023,,2023-06-01,0,data\BOE\Monetary Policy\2023-06-01 - Monetary Policy Report - February 2023.txt,https://www.bankofengland.co.uk/-/media/boe/files/monetary-policy-report/2023/february/monetary-policy-report-february-2023.pdf,anchor_statement,1.0
BOE_2023_06_C,BOE,2023-06-01,DOC_A31277180804,statement,Monetary Policy,Monetary Policy Report - May 2023,,2023-06-01,0,data\BOE\Monetary Policy\2023-06-01 - Monetary Policy Report - May 2023.txt,https://www.bankofengland.co.uk/-/media/boe/files/monetary-policy-report/2023/may/monetary-policy-report-may-2023.pdf,anchor_statement,1.0
BOE_2023_06_D,BOE,2023-06-01,DOC_3D5471F8542D,statement,Monetary Policy,Monetary Policy Report - November 2023,,2023-06-01,0,data\BOE\Monetary Policy\2023-06-01 - Monetary Policy Report - November 2023.txt,https://www.bankofengland.co.uk/-/media/boe/files/monetary-policy-report/2023/november/monetary-policy-report-november-2023.pdf,anchor_statement,1.0
BOE_2024_06_D,BOE,2024-06-01,DOC_2D066A638EAA,speech,Speeches,A balanced approach to finishing Basel 3.1 in the UK − speech by Phil Evans,Phil Evans,2024-06-01,0,data\BOE\Speeches\2024-06-01 - Phil Evans - A balanced approach to finishing Basel 3.1 in the UK − speech by Phil Evans.txt,https://www.bankofengland.co.uk/speech/2024/september/phil-evans-speech-uk-finance-a-balanced-approach-to-finishing-basel-in-the-uk,speech_after_meeting,0.7
BOE_2024_06_D,BOE,2024-06-01,DOC_A51CB764B9F3,speech,Speeches,"A data revolution: Built together, for everyone - speech by James Benford",James Benford,2024-06-01,0,"data\BOE\Speeches\2024-06-01 - James Benford - A data revolution_ Built together, for everyone - speech by James Benford.txt",https://www.bankofengland.co.uk/speech/2024/july/speech-given-by-james-benford-at-the-fca-data-innovation-for-future-of-regulation,speech_after_meeting,0.7
BOE_2024_06_D,BOE,2024-06-01,DOC_9404C05138D2,speech,Speeches,A multi-tool for cross-border payments: the power of Legal Entity Identifiers − speech by Victoria Cleland,Victoria Cleland,2024-06-01,0,data\BOE\Speeches\2024-06-01 - Victoria Cleland - A multi-tool for cross-border payments_ the power of Legal Entity Identifiers − speech by Victoria Cleland.txt,https://www.bankofengland.co.uk/speech/2024/july/victoria-cleland-speech-financial-stability-board-regulatory-oversight-committee,speech_after_meeting,0.7
BOE_2024_06_D,BOE,2024-06-01,DOC_9F2733C63625,speech,Speeches,A rich vein or fool’s gold? Economic forecasts during large shocks − speech by Swati Dhingra,Swati Dhingra,2024-06-01,0,data\BOE\Speeches\2024-06-01 - Swati Dhingra - A rich vein or fool’s gold_ Economic forecasts during large shocks − speech by Swati Dhingra.txt,https://www.bankofengland.co.uk/-/media/boe/files/speech/2024/may/remarks-given-by-swati-dhingra-at-econdat-2024.pdf,speech_after_meeting,0.7
BOE_2024_06_D,BOE,2024-06-01,DOC_87316961397F,speech,Speeches,A weathervane for a changing world: refreshing our data and analytics strategy − speech by James Benford,James Benford,2024-06-01,0,data\BOE\Speeches\2024-06-01 - James Benford - A weathervane for a changing world_ refreshing our data and analytics strategy − speech by James Benford.txt,https://www.bankofengland.co.uk/speech/2024/march/james-benford-speech-at-the-big-data-ai-world-conference,speech_after_meeting,0.7
BOE_2024_06_D,BOE,2024-06-01,DOC_51A9F859051D,speech,Speeches,Back to the Future 2: Keeping inflation close to the 2% target − speech by Dave Ramsden,Dave Ramsden,2024-06-01,0,data\BOE\Speeches\2024-06-01 - Dave Ramsden - Back to the Future 2_ Keeping inflation close to the 2% target − speech by Dave Ramsden.txt,https://www.bankofengland.co.uk/-/media/boe/files/speech/2024/april/outlier-or-laggard-divergence-and-convergence-in-the-uks-recent-inflation-performance.pdf,speech_after_meeting,0.7
BOE_2024_06_D,BOE,2024-06-01,DOC_A4E6151C1C0E,speech,Speeches,Balancing the productivity opportunities of financial technology and AI against the potential risks − speech by Randall S. Kroszner,Randall S. Kroszner,2024-06-01,0,data\BOE\Speeches\2024-06-01 - Randall S. Kroszner - Balancing the productivity opportunities of financial technology and AI against the potential risks − speech by Ran.txt,https://www.bankofengland.co.uk/speech/2024/may/randall-kroszner-keynote-address-at-london-city-week,speech_after_meeting,0.7
BOE_2024_06_D,BOE,2024-06-01,DOC_AC105A24CC11,speech,Speeches,Beyond faster horses: Wholesale Financial Markets in the Digital Age - speech by Sasha Mills,Sasha Mills,2024-06-01,0,data\BOE\Speeches\2024-06-01 - Sasha Mills - Beyond faster horses_ Wholesale Financial Markets in the Digital Age - speech by Sasha Mills.txt,https://www.bankofengland.co.uk/speech/2024/november/beyond-faster-horses-wholesale-financial-markets-in-the-digital-age,speech_after_meeting,0.7
BOE_2024_06_D,BOE,2024-06-01,DOC_EAC2D9EEA376,speech,Speeches,"Bond trading, innovation and evolution: a Bank of England Perspective − speech by Dave Ramsden",Dave Ramsden,2024-06-01,0,"data\BOE\Speeches\2024-06-01 - Dave Ramsden - Bond trading, innovation and evolution_ a Bank of England Perspective − speech by Dave Ramsden.txt",https://www.bankofengland.co.uk/speech/2024/february/david-ramsden-keynote-address-at-association-for-financial-markets-forum,speech_after_meeting,0.7
BOE_2024_06_D,BOE,2024-06-01,DOC_90B98D559FBF,speech,Speeches,Building operational resilience at the heart of the financial system − speech by Sasha Mills,Sasha Mills,2024-06-01,0,data\BOE\Speeches\2024-06-01 - Sasha Mills - Building operational resilience at the heart of the financial system − speech by Sasha Mills.txt,https://www.bankofengland.co.uk/speech/2024/april/sasha-mills-speech-at-london-institute-of-banking-and-finance-securing-financial-stability,speech_after_meeting,0.7
BOE_2024_06_D,BOE,2024-06-01,DOC_35F518980E99,speech,Speeches,Competing for growth − speech by Sam Woods,Sam Woods,2024-06-01,0,data\BOE\Speeches\2024-06-01 - Sam Woods - Competing for growth − speech by Sam Woods.txt,https://www.bankofengland.co.uk/-/media/boe/files/speech/2024/october/competing-for-growth-speech-by-sam-woods.pdf,speech_after_meeting,0.7
BOE_2024_06_D,BOE,2024-06-01,DOC_12D3B88AD576,speech,Speeches,Competing on a Global Stage − speech by Shoib Khan,Shoib Khan,2024-06-01,0,data\BOE\Speeches\2024-06-01 - Shoib Khan - Competing on a Global Stage − speech by Shoib Khan.txt,https://www.bankofengland.co.uk/speech/2024/september/shoib-khan-speech-at-the-29th-bank-of-america-financials-ceo-conference,speech_after_meeting,0.7
BOE_2024_06_D,BOE,2024-06-01,DOC_C86BD2A89FBF,speech,Speeches,Cross-checking − speech by Huw Pill,Huw Pill,2024-06-01,0,data\BOE\Speeches\2024-06-01 - Huw Pill - Cross-checking − speech by Huw Pill.txt,https://www.bankofengland.co.uk/-/media/boe/files/speech/2024/april/strategy-and-stance.pdf,speech_after_meeting,0.7
BOE_2024_06_D,BOE,2024-06-01,DOC_DEE7F7900C4E,speech,Speeches,Empower executive role model − speech by Afua Kyei,Afua Kyei,2024-06-01,0,data\BOE\Speeches\2024-06-01 - Afua Kyei - Empower executive role model − speech by Afua Kyei.txt,https://www.bankofengland.co.uk/speech/2024/july/empower-role-model-speech-by-afua-kyei,speech_after_meeting,0.7
BOE_2024_06_D,BOE,2024-06-01,DOC_C3F5CF889411,speech,Speeches,Engaging with the machine: AI and financial stability − speech by Sarah Breeden,Sarah Breeden,2024-06-01,0,data\BOE\Speeches\2024-06-01 - Sarah Breeden - Engaging with the machine_ AI and financial stability − speech by Sarah Breeden.txt,https://www.bankofengland.co.uk/speech/2024/october/sarah-breeden-keynote-speech-at-the-hong-kong-monetary-authority,speech_after_meeting,0.7
BOE_2024_06_D,BOE,2024-06-01,DOC_F15470C3B05D,speech,Speeches,Engineering revisited - speech by Sarah Breeden,Sarah Breeden,2024-06-01,0,data\BOE\Speeches\2024-06-01 - Sarah Breeden - Engineering revisited - speech by Sarah Breeden.txt,https://www.bankofengland.co.uk/speech/2024/february/sarah-breeden-keynote-speech-uk-women-in-economics-annual-networking,speech_after_meeting,0.7
BOE_2024_06_D,BOE,2024-06-01,DOC_3B8B20D03961,speech,Speeches,Enhancing our national asset: Maximising the value of data collections across the financial sector − speech by James Benford,James Benford,2024-06-01,0,data\BOE\Speeches\2024-06-01 - James Benford - Enhancing our national asset_ Maximising the value of data collections across the financial sector − speech by James Benf.txt,https://www.bankofengland.co.uk/speech/2024/october/james-benford-keynote-speech-at-the-a-team-group-regtech-summit,speech_after_meeting,0.7
BOE_2024_06_D,BOE,2024-06-01,DOC_F59B8E00C76C,speech,Speeches,Financial stability at your service − speech by Sarah Breeden,Sarah Breeden,2024-06-01,0,data\BOE\Speeches\2024-06-01 - Sarah Breeden - Financial stability at your service − speech by Sarah Breeden.txt,https://www.bankofengland.co.uk/speech/2024/september/sarah-breeden-remarks-from-the-wharton-imf-transatlantic-dialogue,speech_after_meeting,0.7
BOE_2024_06_D,BOE,2024-06-01,DOC_5014273F7ECE,speech,Speeches,From NICE… to not so nice - speech by Ben Broadbent,Ben Broadbent,2024-06-01,0,data\BOE\Speeches\2024-06-01 - Ben Broadbent - From NICE… to not so nice - speech by Ben Broadbent.txt,https://www.bankofengland.co.uk/speech/2024/may/ben-broadbent-ccbs-new-evidence-on-the-monetary-transmission-mechanism-workshop,speech_after_meeting,0.7
BOE_2024_06_D,BOE,2024-06-01,DOC_48BA9373B6BE,speech,Speeches,Getting the balance right: ensuring the Bank’s balance sheet can support financial stability − speech by Dave Ramsden,Dave Ramsden,2024-06-01,0,data\BOE\Speeches\2024-06-01 - Dave Ramsden - Getting the balance right_ ensuring the Bank’s balance sheet can support financial stability − speech by Dave Ramsden.txt,https://www.bankofengland.co.uk/speech/2024/december/dave-ramsden-speech-at-omfif-on-financial-stability-and-the-boe-toolkit,speech_after_meeting,0.7
BOE_2024_06_D,BOE,2024-06-01,DOC_C725E58E7E3C,speech,Speeches,Growth − speech by Andrew Bailey,Andrew Bailey,2024-06-01,0,data\BOE\Speeches\2024-06-01 - Andrew Bailey - Growth − speech by Andrew Bailey.txt,https://www.bankofengland.co.uk/speech/2024/november/andrew-bailey-speech-at-the-annual-financial-and-professional-services-dinner,speech_after_meeting,0.7
BOE_2024_06_D,BOE,2024-06-01,DOC_73812D4462A4,speech,Speeches,Innovation in Digital Assets in the Financial System and the Bank − speech by Sasha Mills,Sasha Mills,2024-06-01,0,data\BOE\Speeches\2024-06-01 - Sasha Mills - Innovation in Digital Assets in the Financial System and the Bank − speech by Sasha Mills.txt,https://www.bankofengland.co.uk/speech/2024/october/sasha-mills-keynote-speech-at-the-digital-assets-week,speech_after_meeting,0.7
BOE_2024_06_D,BOE,2024-06-01,DOC_D49253CEE169,speech,Speeches,Late call − speech by Nathanaël Benjamin,Nathanaël Benjamin,2024-06-01,0,data\BOE\Speeches\2024-06-01 - Nathanaël Benjamin - Late call − speech by Nathanaël Benjamin.txt,https://www.bankofengland.co.uk/speech/2024/july/nathanael-benjamin-speech-followed-by-panel-preparing-for-liquidity-stresses,speech_after_meeting,0.7
BOE_2024_06_D,BOE,2024-06-01,DOC_035A56A50A60,speech,Speeches,Let’s get ready to repo! - speech by Victoria Saporta,Victoria Saporta,2024-06-01,0,data\BOE\Speeches\2024-06-01 - Victoria Saporta - Let’s get ready to repo! - speech by Victoria Saporta.txt,https://www.bankofengland.co.uk/speech/2024/july/victoria-saporta-speech-at-afme-seminar,speech_after_meeting,0.7
BOE_2024_06_D,BOE,2024-06-01,DOC_A9CAFD7FBA20,speech,Speeches,Loughborough lecture: Banking today - speech by Andrew Bailey,Andrew Bailey,2024-06-01,0,data\BOE\Speeches\2024-06-01 - Andrew Bailey - Loughborough lecture_ Banking today - speech by Andrew Bailey.txt,https://www.bankofengland.co.uk/speech/2024/february/andrew-bailey-lecture-at-loughborough-university,speech_after_meeting,0.7
BOE_2024_06_D,BOE,2024-06-01,DOC_5EB16321E1F4,speech,Speeches,"Managing the present, shaping the future - speech by Clare Lombardelli",Clare Lombardelli,2024-06-01,0,"data\BOE\Speeches\2024-06-01 - Clare Lombardelli - Managing the present, shaping the future - speech by Clare Lombardelli.txt",https://www.bankofengland.co.uk/speech/2024/november/clare-lombardelli-speech-at-the-3rd-boe-watchers-conference,speech_after_meeting,0.7
BOE_2024_06_D,BOE,2024-06-01,DOC_3941BFC5DD35,speech,Speeches,"Market resilience, non-bank financial institutions and the central bank toolkit – practical next steps− speech by Nick Butt",Nick Butt,2024-06-01,0,"data\BOE\Speeches\2024-06-01 - Nick Butt - Market resilience, non-bank financial institutions and the central bank toolkit – practical next steps− speech by Nick Butt.txt",https://www.bankofengland.co.uk/speech/2024/march/nick-butt-keynote-speech-at-isda-virtual-conference-procyclicality-and-margin-practices,speech_after_meeting,0.7
BOE_2024_06_D,BOE,2024-06-01,DOC_B0A85A1AA06D,speech,Speeches,Michael D. Gill Memorial Society Lecture − Andrew Bailey,Andrew Bailey,2024-06-01,0,data\BOE\Speeches\2024-06-01 - Andrew Bailey - Michael D. Gill Memorial Society Lecture − Andrew Bailey.txt,https://www.bankofengland.co.uk/speech/2024/october/andrew-bailey-mike-gill-memorial-lecture,speech_after_meeting,0.7
BOE_2024_06_D,BOE,2024-06-01,DOC_DDB7C2B5C570,speech,Speeches,Mind the gap(s): Inflation data and prospects - speech by Catherine L. Mann,Catherine L. Mann,2024-06-01,0,data\BOE\Speeches\2024-06-01 - Catherine L. Mann - Mind the gap(s)_ Inflation data and prospects - speech by Catherine L. Mann.txt,https://www.bankofengland.co.uk/speech/2024/february/catherine-l-mann-speech-at-the-official-monetary-and-financial-institution,speech_after_meeting,0.7
BOE_2024_06_D,BOE,2024-06-01,DOC_3A9B1138C47B,speech,Speeches,Modernising the trains and rails of UK payments − speech by Sarah Breeden,Sarah Breeden,2024-06-01,0,data\BOE\Speeches\2024-06-01 - Sarah Breeden - Modernising the trains and rails of UK payments − speech by Sarah Breeden.txt,https://www.bankofengland.co.uk/speech/2024/april/sarah-breeden-keynote-speech-at-the-innovate-finance-global-summit-2024,speech_after_meeting,0.7
BOE_2024_06_D,BOE,2024-06-01,DOC_B12F99DC77B8,speech,Speeches,Monetary Policy Strategy − remarks by Huw Pill,Huw Pill,2024-06-01,0,data\BOE\Speeches\2024-06-01 - Huw Pill - Monetary Policy Strategy − remarks by Huw Pill.txt,https://www.bankofengland.co.uk/-/media/boe/files/speech/2024/march/remarks-by-huw-pill-monetary-policy-strategy.pdf,speech_after_meeting,0.7
BOE_2024_06_D,BOE,2024-06-01,DOC_44D868121FEB,speech,Speeches,Money’s too tight (to mention) – speech by Swati Dhingra,Swati Dhingra,2024-06-01,0,data\BOE\Speeches\2024-06-01 - Swati Dhingra - Money’s too tight (to mention) – speech by Swati Dhingra.txt,https://www.bankofengland.co.uk/-/media/boe/files/speech/2024/february/moneys-too-tight-to-mention-swati-dhingra.pdf,speech_after_meeting,0.7
BOE_2024_06_D,BOE,2024-06-01,DOC_380DE38000E2,speech,Speeches,Monsters in the deep? − speech by Jonathan Hall,Jonathan Hall,2024-06-01,0,data\BOE\Speeches\2024-06-01 - Jonathan Hall - Monsters in the deep_ − speech by Jonathan Hall.txt,https://www.bankofengland.co.uk/speech/2024/may/jon-hall-speech-at-the-university-of-exeter,speech_after_meeting,0.7
BOE_2024_06_D,BOE,2024-06-01,DOC_C49F6DE4BEBB,speech,Speeches,"Non-bank risks, financial stability and the role of private credit – speech by Lee Foulger",Lee Foulger,2024-06-01,0,"data\BOE\Speeches\2024-06-01 - Lee Foulger - Non-bank risks, financial stability and the role of private credit – speech by Lee Foulger.txt",https://www.bankofengland.co.uk/speech/2024/january/lee-foulger-keynote-address-at-the-dealcatalyst-afme-european-direct-lending,speech_after_meeting,0.7
BOE_2024_06_D,BOE,2024-06-01,DOC_26AEDE500108,speech,Speeches,Not-so-private questions − speech by Nathanaël Benjamin,Nathanaël Benjamin,2024-06-01,0,data\BOE\Speeches\2024-06-01 - Nathanaël Benjamin - Not-so-private questions − speech by Nathanaël Benjamin.txt,https://www.bankofengland.co.uk/-/media/boe/files/speech/2024/april/speech-by-nathanael-benjamin-at-bloomberg.pdf,speech_after_meeting,0.7
BOE_2024_06_D,BOE,2024-06-01,DOC_70077EA95E21,speech,Speeches,Once more unto the breach - speech by Philippe Lintern,Philippe Lintern,2024-06-01,0,data\BOE\Speeches\2024-06-01 - Philippe Lintern - Once more unto the breach - speech by Philippe Lintern.txt,https://www.bankofengland.co.uk/speech/2024/december/philippe-lintern-speech-at-fx-markets-europe-on-global-fx-code,speech_after_meeting,0.7
BOE_2024_06_D,BOE,2024-06-01,DOC_DD96F8C8C9FA,speech,Speeches,Outlier or laggard: divergence and convergence in the UK’s recent inflation performance - speech by Dave Ramsden,Dave Ramsden,2024-06-01,0,data\BOE\Speeches\2024-04-19 - Dave Ramsden - Outlier or laggard_ divergence and convergence in the UK’s recent inflation performance - speech by Dave Ramsden.txt,https://www.bankofengland.co.uk/-/media/boe/files/speech/2024/april/outlier-or-laggard-divergence-and-convergence-in-the-uks-recent-inflation-performance.pdf,speech_after_meeting,0.7
BOE_2024_06_D,BOE,2024-06-01,DOC_2663D2D1B194,speech,Speeches,Payment cycles: An update on the Future Roadmap for the RTGS service - speech by Victoria Cleland,Victoria Cleland,2024-06-01,0,data\BOE\Speeches\2024-06-01 - Victoria Cleland - Payment cycles_ An update on the Future Roadmap for the RTGS service - speech by Victoria Cleland.txt,https://www.bankofengland.co.uk/speech/2024/december/speech-by-victoria-cleland-on-the-future-roadmap-of-bank-of-england-rtgs-service,speech_after_meeting,0.7
BOE_2024_06_D,BOE,2024-06-01,DOC_A349E6F14E08,speech,Speeches,Policy spillovers when external shocks persist and domestic activity diverges - speech by Catherine L. Mann,Catherine L. Mann,2024-06-01,0,data\BOE\Speeches\2024-09-20 - Catherine L. Mann - Policy spillovers when external shocks persist and domestic activity diverges - speech by Catherine L. Mann.txt,https://www.bankofengland.co.uk/-/media/boe/files/speech/2024/september/policy-spillovers-speech-by-catherine-mann.pdf,speech_after_meeting,0.7
BOE_2024_06_D,BOE,2024-06-01,DOC_B76DC4469AE5,speech,Speeches,Private equity financing − speech by Rebecca Jackson,Rebecca Jackson,2024-06-01,0,data\BOE\Speeches\2024-06-01 - Rebecca Jackson - Private equity financing − speech by Rebecca Jackson.txt,https://www.bankofengland.co.uk/speech/2024/april/rebecca-jackson-speech-uk-finance-on-private-equity-focused-thematic-review,speech_after_meeting,0.7
BOE_2024_06_D,BOE,2024-06-01,DOC_42B777968944,speech,Speeches,Reflecting on recent times – speech by Andrew Bailey,Andrew Bailey,2024-06-01,0,data\BOE\Speeches\2024-06-01 - Andrew Bailey - Reflecting on recent times – speech by Andrew Bailey.txt,https://www.bankofengland.co.uk/speech/2024/august/andrew-bailey-speech-federal-reserve-bank-of-kansas-annual-jackson-hole-economic-policy-symposium,speech_after_meeting,0.7
BOE_2024_06_D,BOE,2024-06-01,DOC_57638722D738,speech,Speeches,Solvency UK – time to build − speech by Gareth Truran,Gareth Truran,2024-06-01,0,data\BOE\Speeches\2024-06-01 - Gareth Truran - Solvency UK – time to build − speech by Gareth Truran.txt,https://www.bankofengland.co.uk/speech/2024/july/gareth-truran-at-insurance-asset-risk-webinar,speech_after_meeting,0.7
BOE_2024_06_D,BOE,2024-06-01,DOC_B1DAE2E1BDCC,speech,Speeches,Strategy and stance – remarks by Huw Pill,Huw Pill,2024-06-01,0,data\BOE\Speeches\2024-06-01 - Huw Pill - Strategy and stance – remarks by Huw Pill.txt,https://www.bankofengland.co.uk/-/media/boe/files/speech/2024/april/strategy-and-stance.pdf,speech_after_meeting,0.7
BOE_2024_06_D,BOE,2024-06-01,DOC_06CD7A48A639,speech,Speeches,Strong and Simple – completing the picture - speech by David Bailey,David Bailey,2024-06-01,0,data\BOE\Speeches\2024-06-01 - David Bailey - Strong and Simple – completing the picture - speech by David Bailey.txt,https://www.bankofengland.co.uk/speech/2024/september/david-bailey-speech-at-building-societies-association,speech_after_meeting,0.7
BOE_2024_06_D,BOE,2024-06-01,DOC_FC984AA96DD1,speech,Speeches,"TRUSTED AI: Ethical, safe, and effective application of artificial intelligence at the Bank of England − speech by James Benford",James Benford,2024-06-01,0,"data\BOE\Speeches\2024-06-01 - James Benford - TRUSTED AI_ Ethical, safe, and effective application of artificial intelligence at the Bank of England − speech by James.txt",https://www.bankofengland.co.uk/speech/2024/september/james-benford-speech-at-the-central-bank-ai-inaugural-conference,speech_after_meeting,0.7
BOE_2024_06_D,BOE,2024-06-01,DOC_8FF3DFADCACD,speech,Speeches,The Great Moderation 20 years on – and beyond – speech by Catherine L. Mann,Catherine L. Mann,2024-06-01,0,data\BOE\Speeches\2024-06-01 - Catherine L. Mann - The Great Moderation 20 years on – and beyond – speech by Catherine L. Mann.txt,https://www.bankofengland.co.uk/-/media/boe/files/speech/2024/september/policy-spillovers-speech-by-catherine-mann.pdf,speech_after_meeting,0.7
BOE_2024_06_D,BOE,2024-06-01,DOC_9FE7F06F4F0F,speech,Speeches,The Real Time Gross Settlement service: an open platform to drive innovation - speech by Victoria Cleland,Victoria Cleland,2024-06-01,0,data\BOE\Speeches\2024-06-01 - Victoria Cleland - The Real Time Gross Settlement service_ an open platform to drive innovation - speech by Victoria Cleland.txt,https://www.bankofengland.co.uk/speech/2024/january/victoria-cleland-speech-on-supporting-payments-innovation-through-rtgs,speech_after_meeting,0.7
BOE_2024_06_D,BOE,2024-06-01,DOC_D09A59B93D8A,speech,Speeches,The SWES: using system-wide scenario analysis to spot systemic risks − speech by Lee Foulger,Lee Foulger,2024-06-01,0,data\BOE\Speeches\2024-06-01 - Lee Foulger - The SWES_ using system-wide scenario analysis to spot systemic risks − speech by Lee Foulger.txt,https://www.bankofengland.co.uk/speech/2024/december/lee-foulger-speech-at-bloomberg-uk-policy-series,speech_after_meeting,0.7
BOE_2024_06_D,BOE,2024-06-01,DOC_6BEB16EEB8A2,speech,Speeches,The UK’s Digital Securities Sandbox: supporting the next frontier of innovation− speech by Sasha Mills,Sasha Mills,2024-06-01,0,data\BOE\Speeches\2024-06-01 - Sasha Mills - The UK’s Digital Securities Sandbox_ supporting the next frontier of innovation− speech by Sasha Mills.txt,https://www.bankofengland.co.uk/speech/2024/may/sasha-mills-keynote-address-at-london-city-week,speech_after_meeting,0.7
BOE_2024_06_D,BOE,2024-06-01,DOC_B3552EBB1D85,speech,Speeches,The future of money and payments - speech by Andrew Bailey,Andrew Bailey,2024-06-01,0,data\BOE\Speeches\2024-06-01 - Andrew Bailey - The future of money and payments - speech by Andrew Bailey.txt,https://www.bankofengland.co.uk/speech/2024/october/andrew-bailey-panellist-at-the-g30-39-annual-international-banking-seminar,speech_after_meeting,0.7
BOE_2024_06_D,BOE,2024-06-01,DOC_34220A60C1F6,speech,Speeches,The importance of central bank reserves - lecture by Andrew Bailey,Andrew Bailey,2024-06-01,0,data\BOE\Speeches\2024-06-01 - Andrew Bailey - The importance of central bank reserves - lecture by Andrew Bailey.txt,https://www.bankofengland.co.uk/speech/2024/may/andrew-bailey-lecture-london-school-of-economics-charles-goodhart,speech_after_meeting,0.7
BOE_2024_06_D,BOE,2024-06-01,DOC_3BA4954A85E6,speech,Speeches,The proposed UK regime for critical third parties – speech by Gareth Truran,Gareth Truran,2024-06-01,0,data\BOE\Speeches\2024-06-01 - Gareth Truran - The proposed UK regime for critical third parties – speech by Gareth Truran.txt,https://www.bankofengland.co.uk/speech/2024/march/gareth-truran-keynote-speech-at-the-techuk-summit,speech_after_meeting,0.7
BOE_2024_06_D,BOE,2024-06-01,DOC_7624E5A73375,speech,Speeches,Today’s challenges in Financial Stability: the new and the not so new - speech by Andrew Bailey,Andrew Bailey,2024-06-01,0,data\BOE\Speeches\2024-06-01 - Andrew Bailey - Today’s challenges in Financial Stability_ the new and the not so new - speech by Andrew Bailey.txt,https://www.bankofengland.co.uk/speech/2024/october/andrew-bailey-keynote-address-at-the-bloomberg-global-regulatory-forum,speech_after_meeting,0.7
BOE_2024_06_D,BOE,2024-06-01,DOC_3DF380ECF31B,speech,Speeches,Transformation and conjuncture − remarks by Huw Pill,Huw Pill,2024-06-01,0,data\BOE\Speeches\2024-06-01 - Huw Pill - Transformation and conjuncture − remarks by Huw Pill.txt,https://www.bankofengland.co.uk/speech/2024/july/huw-pill-speech-at-asia-house,speech_after_meeting,0.7
BOE_2024_06_D,BOE,2024-06-01,DOC_581D1DFFA726,speech,Speeches,Two puzzles: recent UK labour market dynamics − speech by Megan Greene,Megan Greene,2024-06-01,0,data\BOE\Speeches\2024-06-01 - Megan Greene - Two puzzles_ recent UK labour market dynamics − speech by Megan Greene.txt,https://www.bankofengland.co.uk/speech/2024/may/megan-greene-speech-at-make-uk-the-current-state-of-britains-labour-market,speech_after_meeting,0.7
BOE_2024_06_D,BOE,2024-06-01,DOC_5A0134454C81,speech,Speeches,UK inflation: What's done and what's to come - speech by Jonathan Haskel,Jonathan Haskel,2024-06-01,0,data\BOE\Speeches\2024-06-01 - Jonathan Haskel - UK inflation_ What's done and what's to come - speech by Jonathan Haskel.txt,https://www.bankofengland.co.uk/-/media/boe/files/speech/2024/july/uk-inflation-whats-done-and-whats-to-come-speech-by-jonathan-haskel.pdf,speech_after_meeting,0.7
BOE_2024_06_D,BOE,2024-06-01,DOC_BE089921CB9D,speech,Speeches,What’s next? Bulk annuity insurers – Regulatory developments − speech by Lisa Leaman,Lisa Leaman,2024-06-01,0,data\BOE\Speeches\2024-06-01 - Lisa Leaman - What’s next_ Bulk annuity insurers – Regulatory developments − speech by Lisa Leaman.txt,https://www.bankofengland.co.uk/speech/2024/april/lisa-leaman-speech-21st-conference-on-bulk-annuities,speech_after_meeting,0.7
BOE_2024_06_D,BOE,2024-06-01,DOC_7E43E6761100,speech,Speeches,Who’s buying? The outlook for consumption in a rate cutting cycle − speech by Megan Greene,Megan Greene,2024-06-01,0,data\BOE\Speeches\2024-06-01 - Megan Greene - Who’s buying_ The outlook for consumption in a rate cutting cycle − speech by Megan Greene.txt,https://www.bankofengland.co.uk/-/media/boe/files/speech/2024/september/whos-buying-speech-by-megan-greene.pdf,speech_after_meeting,0.7
BOE_2024_06_D,BOE,2024-06-01,DOC_394E27546926,speech,Speeches,Worlds apart? UK inflation and monetary policy in an international context - speech by Megan Greene,Megan Greene,2024-06-01,0,data\BOE\Speeches\2024-06-01 - Megan Greene - Worlds apart_ UK inflation and monetary policy in an international context - speech by Megan Greene.txt,https://www.bankofengland.co.uk/speech/2024/february/megan-greene-fireside-chat-with-brian-coulton-chief-economist-fitch-ratings,speech_after_meeting,0.7
BOE_2024_06_A,BOE,2024-06-01,DOC_A3F608AA9809,statement,Monetary Policy,Monetary Policy Report - August 2024,,2024-06-01,0,data\BOE\Monetary Policy\2024-06-01 - Monetary Policy Report - August 2024.txt,https://www.bankofengland.co.uk/-/media/boe/files/monetary-policy-report/2024/august/monetary-policy-report-august-2024.pdf,anchor_statement,1.0
BOE_2024_06_B,BOE,2024-06-01,DOC_0E92B2C7AA06,statement,Monetary Policy,Monetary Policy Report - February 2024,,2024-06-01,0,data\BOE\Monetary Policy\2024-06-01 - Monetary Policy Report - February 2024.txt,https://www.bankofengland.co.uk/-/media/boe/files/monetary-policy-report/2024/february/monetary-policy-report-february-2024.pdf,anchor_statement,1.0
BOE_2024_06_C,BOE,2024-06-01,DOC_D1640C68A179,statement,Monetary Policy,Monetary Policy Report - May 2024,,2024-06-01,0,data\BOE\Monetary Policy\2024-06-01 - Monetary Policy Report - May 2024.txt,https://www.bankofengland.co.uk/-/media/boe/files/monetary-policy-report/2024/may/monetary-policy-report-may-2024.pdf,anchor_statement,1.0
BOE_2024_06_D,BOE,2024-06-01,DOC_DDB9454E5AF6,statement,Monetary Policy,Monetary Policy Report - November 2024,,2024-06-01,0,data\BOE\Monetary Policy\2024-06-01 - Monetary Policy Report - November 2024.txt,https://www.bankofengland.co.uk/-/media/boe/files/monetary-policy-report/2024/november/monetary-policy-report-november-2024.pdf,anchor_statement,1.0
BOE_2025_06_D,BOE,2025-06-01,DOC_21DC4A874C3E,speech,Speeches,A Central Banker’s view of global challenges and expectations for the Bretton Woods Institutions’ response − remarks by Andrew Bailey,Andrew Bailey,2025-06-01,0,data\BOE\Speeches\2025-06-01 - Andrew Bailey - A Central Banker’s view of global challenges and expectations for the Bretton Woods Institutions’ response − remarks by A.txt,https://www.bankofengland.co.uk/speech/2025/january/andrew-bailey-remarks-at-bretton-woods-institutions-cambridge,speech_after_meeting,0.7
BOE_2025_06_D,BOE,2025-06-01,DOC_DC49271736DD,speech,Speeches,A feature not a bug − speech by Megan Greene,Megan Greene,2025-06-01,0,data\BOE\Speeches\2025-06-01 - Megan Greene - A feature not a bug − speech by Megan Greene.txt,https://www.bankofengland.co.uk/-/media/boe/files/speech/2025/june/speech-megan-greene-national-institute-of-economic-and-social-research.pdf,speech_after_meeting,0.7
BOE_2025_06_D,BOE,2025-06-01,DOC_4AA4D42217F1,speech,Speeches,A system-wide approach to system-wide resilience: CCPs and their users − speech by Sarah Breeden,Sarah Breeden,2025-06-01,0,data\BOE\Speeches\2025-06-01 - Sarah Breeden - A system-wide approach to system-wide resilience_ CCPs and their users − speech by Sarah Breeden.txt,https://www.bankofengland.co.uk/speech/2025/may/sarah-breeden-keynote-address-at-the-international-swaps-and-derivatives-association,speech_after_meeting,0.7
BOE_2025_06_D,BOE,2025-06-01,DOC_685688326561,speech,Speeches,A systemic risk perspective on operational resilience − speech by Liz Oakes,Liz Oakes,2025-06-01,0,data\BOE\Speeches\2025-06-01 - Liz Oakes - A systemic risk perspective on operational resilience − speech by Liz Oakes.txt,https://www.bankofengland.co.uk/speech/2025/september/liz-oakes-keynote-speech-at-the-cross-market-operational-resilience-group-2025-conference,speech_after_meeting,0.7
BOE_2025_06_D,BOE,2025-06-01,DOC_8AFA01DB7C7D,speech,Speeches,Acclimatised − speech by Sam Woods,Sam Woods,2025-06-01,0,data\BOE\Speeches\2025-06-01 - Sam Woods - Acclimatised − speech by Sam Woods.txt,https://www.bankofengland.co.uk/speech/2025/october/sam-woods-speech-at-annual-city-banquet-at-mansion-house,speech_after_meeting,0.7
BOE_2025_06_D,BOE,2025-06-01,DOC_29AEEEA99747,speech,Speeches,"Accountants can influence growth, competitiveness and innovation in the UK to boost the economy − speech by Afua Kyei",Afua Kyei,2025-06-01,0,"data\BOE\Speeches\2025-06-01 - Afua Kyei - Accountants can influence growth, competitiveness and innovation in the UK to boost the economy − speech by Afua Kyei.txt",https://www.bankofengland.co.uk/speech/2025/march/afua-kyei-speaking-at-the-chartered-accountant-student-society-of-london-annual-society-ball,speech_after_meeting,0.7
BOE_2025_06_D,BOE,2025-06-01,DOC_7FBD95863870,speech,Speeches,Advancing settlement: central bank money for the next era of payments − speech by Victoria Cleland,Victoria Cleland,2025-06-01,0,data\BOE\Speeches\2025-06-01 - Victoria Cleland - Advancing settlement_ central bank money for the next era of payments − speech by Victoria Cleland.txt,https://www.bankofengland.co.uk/speech/2025/october/victoria-cleland-opening-remarks-at-the-boe-bis-dlt-innovation-challenge-showcase,speech_after_meeting,0.7
BOE_2025_06_D,BOE,2025-06-01,DOC_6D357F4F0DA0,speech,Speeches,Are we underestimating changes in financial markets? - speech by Andrew Bailey,Andrew Bailey,2025-06-01,0,data\BOE\Speeches\2025-06-01 - Andrew Bailey - Are we underestimating changes in financial markets_ - speech by Andrew Bailey.txt,https://www.bankofengland.co.uk/speech/2025/february/andrew-bailey-keynote-speech-university-of-chicago-booth-school-of-business,speech_after_meeting,0.7
BOE_2025_06_D,BOE,2025-06-01,DOC_83207811CFCA,speech,Speeches,Basel 3.1: Market Risk − speech by Phil Evans,Phil Evans,2025-06-01,0,data\BOE\Speeches\2025-06-01 - Phil Evans - Basel 3.1_ Market Risk − speech by Phil Evans.txt,https://www.bankofengland.co.uk/speech/2025/december/philip-evans-speech-at-the-international-swaps-and-derivatives,speech_after_meeting,0.7
BOE_2025_06_D,BOE,2025-06-01,DOC_D61391048828,speech,Speeches,Between a shock and a hard place: trade fragmentation and monetary policy – speech by Swati Dhingra,Swati Dhingra,2025-06-01,0,data\BOE\Speeches\2025-06-01 - Swati Dhingra - Between a shock and a hard place_ trade fragmentation and monetary policy – speech by Swati Dhingra.txt,https://www.bankofengland.co.uk/speech/2025/february/swati-dhingra-speech-dow-lecture-niesr-trade-fragmentation-and-monetary-policy,speech_after_meeting,0.7
BOE_2025_06_D,BOE,2025-06-01,DOC_7E91D23D62BB,speech,Speeches,Building tomorrow’s markets: the digitalisation of finance − speech by Sasha Mills,Sasha Mills,2025-06-01,0,data\BOE\Speeches\2025-06-01 - Sasha Mills - Building tomorrow’s markets_ the digitalisation of finance − speech by Sasha Mills.txt,https://www.bankofengland.co.uk/speech/2025/july/sasha-mills-keynote-address-at-city-week-2025,speech_after_meeting,0.7
BOE_2025_06_D,BOE,2025-06-01,DOC_00AE79C4B848,speech,Speeches,Building trust and supporting innovation in the multi-moneyverse − speech by Sarah Breeden,Sarah Breeden,2025-06-01,0,data\BOE\Speeches\2025-06-01 - Sarah Breeden - Building trust and supporting innovation in the multi-moneyverse − speech by Sarah Breeden.txt,https://www.bankofengland.co.uk/speech/2025/september/sarah-breeden-keynote-speech-at-the-boe-and-warwick-business-school,speech_after_meeting,0.7
BOE_2025_06_D,BOE,2025-06-01,DOC_7BA75EAA330D,speech,Speeches,Bumps in the road? − speech by Sarah Breeden,Sarah Breeden,2025-06-01,0,data\BOE\Speeches\2025-06-01 - Sarah Breeden - Bumps in the road_ − speech by Sarah Breeden.txt,https://www.bankofengland.co.uk/speech/2025/september/sarah-breeden-speech-cardiff-business-school-afternoon-briefing,speech_after_meeting,0.7
BOE_2025_06_D,BOE,2025-06-01,DOC_2E78BADDD57B,speech,Speeches,Central Banking in extreme adversity - speech by Andrew Bailey,Andrew Bailey,2025-06-01,0,data\BOE\Speeches\2025-06-01 - Andrew Bailey - Central Banking in extreme adversity - speech by Andrew Bailey.txt,https://www.bankofengland.co.uk/speech/2025/june/andrew-bailey-speech-at-the-annual-research-conference-kyiv,speech_after_meeting,0.7
BOE_2025_06_D,BOE,2025-06-01,DOC_834896C3DAEE,speech,Speeches,Central bank communications and uncertainty - remarks by Clare Lombardelli,Clare Lombardelli,2025-06-01,0,data\BOE\Speeches\2025-06-01 - Clare Lombardelli - Central bank communications and uncertainty - remarks by Clare Lombardelli.txt,https://www.bankofengland.co.uk/speech/2025/may/central-bank-communications-and-uncertainty-remarks-by-clare-lombardelli,speech_after_meeting,0.7
BOE_2025_06_D,BOE,2025-06-01,DOC_1F2240F57BD8,speech,Speeches,Challenges to financial stability - speech by Andrew Bailey,Andrew Bailey,2025-06-01,0,data\BOE\Speeches\2025-06-01 - Andrew Bailey - Challenges to financial stability - speech by Andrew Bailey.txt,https://www.bankofengland.co.uk/speech/2025/october/andrew-bailey-keynote-speech-at-klaas-knott-farewell-symposium,speech_after_meeting,0.7
BOE_2025_06_D,BOE,2025-06-01,DOC_535767563606,speech,Speeches,Data governance to set us free − speech by James Benford,James Benford,2025-06-01,0,data\BOE\Speeches\2025-06-01 - James Benford - Data governance to set us free − speech by James Benford.txt,https://www.bankofengland.co.uk/speech/2025/may/james-benford-speaking-at-the-gartner-data-and-analytics-conference,speech_after_meeting,0.7
BOE_2025_06_D,BOE,2025-06-01,DOC_17F6175531B4,speech,Speeches,Diversion ahead − speech by Alan Taylor,Alan Taylor,2025-06-01,0,data\BOE\Speeches\2025-06-01 - Alan Taylor - Diversion ahead − speech by Alan Taylor.txt,https://www.bankofengland.co.uk/speech/2025/october/alan-taylor-remarks-and-fireside-chat-with-gillian-tett-at-cambridge,speech_after_meeting,0.7
BOE_2025_06_D,BOE,2025-06-01,DOC_2B75BB312EE1,speech,Speeches,Evolving UK monetary policy in an evolving world − speech by Huw Pill,Huw Pill,2025-06-01,0,data\BOE\Speeches\2025-06-01 - Huw Pill - Evolving UK monetary policy in an evolving world − speech by Huw Pill.txt,https://www.bankofengland.co.uk/-/media/boe/files/speech/2025/october/evolving-uk-monetary-policy-in-an-evolving-world-speech-by-huw-pill.pdf,speech_after_meeting,0.7
BOE_2025_06_D,BOE,2025-06-01,DOC_D4CE3537789C,speech,Speeches,Explaining the consumption gap - speech by Catherine L Mann,Catherine L Mann,2025-06-01,0,data\BOE\Speeches\2025-06-01 - Catherine L Mann - Explaining the consumption gap - speech by Catherine L Mann.txt,https://www.bankofengland.co.uk/speech/2025/october/catherine-l-mann-keynote-speech-at-resolution-foundation,speech_after_meeting,0.7
BOE_2025_06_D,BOE,2025-06-01,DOC_4A57EA7F7254,speech,Speeches,Financial Market Infrastructure (FMI) regulation in a changing world: our priorities for 2025 − speech by Sasha Mills,Sasha Mills,2025-06-01,0,data\BOE\Speeches\2025-06-01 - Sasha Mills - Financial Market Infrastructure (FMI) regulation in a changing world_ our priorities for 2025 − speech by Sasha Mills.txt,https://www.bankofengland.co.uk/speech/2025/february/sasha-mills-remarks-chair-ceo-ineds-roundtable-for-uk-financial-market-infrastructure-firms,speech_after_meeting,0.7
BOE_2025_06_D,BOE,2025-06-01,DOC_AAD2632E27CD,speech,Speeches,Financial stability and growth: The Financial Policy Committee’s mandate and the question of balance − speech by Jonathan Hall,Jonathan Hall,2025-06-01,0,data\BOE\Speeches\2025-06-01 - Jonathan Hall - Financial stability and growth_ The Financial Policy Committee’s mandate and the question of balance − speech by Jonathan.txt,https://www.bankofengland.co.uk/speech/2025/october/jonathan-hall-speech-at-confederation-of-british-industry-balancing-financial-stability-and-growth,speech_after_meeting,0.7
BOE_2025_06_D,BOE,2025-06-01,DOC_CC7E1C8E9572,speech,Speeches,"Financial stability in light of new global challenges: global shocks, interconnections and central counterparties − speech by Randy Kroszner",Randy Kroszner,2025-06-01,0,"data\BOE\Speeches\2025-06-01 - Randy Kroszner - Financial stability in light of new global challenges_ global shocks, interconnections and central counterparties − spee.txt",https://www.bankofengland.co.uk/speech/2025/june/randall-kroszner-keynote-address-and-fireside-chat-at-fias-international-derivatives-expo,speech_after_meeting,0.7
BOE_2025_06_D,BOE,2025-06-01,DOC_9B0E34FBE924,speech,Speeches,Five ‘C’s for Central Bank Research − speech by Catherine L. Mann,Catherine L. Mann,2025-06-01,0,data\BOE\Speeches\2025-06-01 - Catherine L. Mann - Five ‘C’s for Central Bank Research − speech by Catherine L. Mann.txt,https://www.bankofengland.co.uk/speech/2025/august/catherine-l-mann-panellist-at-conference-commemorating-100th-anniversary-founding-banco-de-mexico,speech_after_meeting,0.7
BOE_2025_06_D,BOE,2025-06-01,DOC_79C4B6DC18B4,speech,Speeches,"From new ideas to new market structures, how innovation is reshaping the financial system − speech by Sasha Mills",Sasha Mills,2025-06-01,0,"data\BOE\Speeches\2025-06-01 - Sasha Mills - From new ideas to new market structures, how innovation is reshaping the financial system − speech by Sasha Mills.txt",https://www.bankofengland.co.uk/speech/2025/october/sasha-mills-keynote-speech-at-the-association-of-financial-markets-in-europes-annual-operations,speech_after_meeting,0.7
BOE_2025_06_D,BOE,2025-06-01,DOC_A93997EB53DF,speech,Speeches,From trading floors to policy calls: the value and evolution of our interactions with financial markets − speech by Andrea Rosen,Andrea Rosen,2025-06-01,0,data\BOE\Speeches\2025-06-01 - Andrea Rosen - From trading floors to policy calls_ the value and evolution of our interactions with financial markets − speech by Andrea.txt,https://www.bankofengland.co.uk/speech/2025/june/andrea-rosen-speech-at-the-ccbs-transforming-monetary-policy-conference,speech_after_meeting,0.7
BOE_2025_06_D,BOE,2025-06-01,DOC_D1357AA6769D,speech,Speeches,Funded realignment: balancing innovation and risk − speech by Vicky White,Vicky White,2025-06-01,0,data\BOE\Speeches\2025-06-01 - Vicky White - Funded realignment_ balancing innovation and risk − speech by Vicky White.txt,https://www.bankofengland.co.uk/speech/2025/september/vicky-white-speech-at-the-bank-of-america-annual-ceo-conference,speech_after_meeting,0.7
BOE_2025_06_D,BOE,2025-06-01,DOC_872F995A2D95,speech,Speeches,Geopolitics and financial stability: a plan beats no plan − speech by Carolyn Wilkins,Carolyn Wilkins,2025-06-01,0,data\BOE\Speeches\2025-06-01 - Carolyn Wilkins - Geopolitics and financial stability_ a plan beats no plan − speech by Carolyn Wilkins.txt,https://www.bankofengland.co.uk/speech/2025/january/carolyn-wilkins-fireside-chat-at-fitch-ratings-geopolitics-and-financial-stability,speech_after_meeting,0.7
BOE_2025_06_D,BOE,2025-06-01,DOC_7CE164635B4F,speech,Speeches,Getting liquidity where it is needed − speech by Nathanaël Benjamin,Nathanaël Benjamin,2025-06-01,0,data\BOE\Speeches\2025-06-01 - Nathanaël Benjamin - Getting liquidity where it is needed − speech by Nathanaël Benjamin.txt,https://www.bankofengland.co.uk/speech/2025/july/nathanael-benjamin-speech-at-omfif-economic-and-monetary-policy-institute,speech_after_meeting,0.7
BOE_2025_06_D,BOE,2025-06-01,DOC_747CCCB116B3,speech,Speeches,Global Economic Outlook Panel – panel remarks by Andrew Bailey,Andrew Bailey,2025-06-01,0,data\BOE\Speeches\2025-06-01 - Andrew Bailey - Global Economic Outlook Panel – panel remarks by Andrew Bailey.txt,https://www.bankofengland.co.uk/speech/2025/october/global-economic-outlook-panel-panel-remarks-by-andrew-bailey,speech_after_meeting,0.7
BOE_2025_06_D,BOE,2025-06-01,DOC_272CA8FE7667,speech,Speeches,Growth: What does it take in today’s world? - Lecture by Andrew Bailey,Andrew Bailey,2025-06-01,0,data\BOE\Speeches\2025-06-01 - Andrew Bailey - Growth_ What does it take in today’s world_ - Lecture by Andrew Bailey.txt,https://www.bankofengland.co.uk/speech/2025/march/andrew-bailey-university-of-leicester-chancellors-distinguished-lecture,speech_after_meeting,0.7
BOE_2025_06_D,BOE,2025-06-01,DOC_1FDEEDFFC021,speech,Speeches,Holding the anchor in turbulent waters – speech by Catherine L. Mann,Catherine L. Mann,2025-06-01,0,data\BOE\Speeches\2025-06-01 - Catherine L. Mann - Holding the anchor in turbulent waters – speech by Catherine L. Mann.txt,https://www.bankofengland.co.uk/speech/2025/march/catherine-l-mann-keynote-lecture-reserve-bank-of-new-zealand-research-conference,speech_after_meeting,0.7
BOE_2025_06_D,BOE,2025-06-01,DOC_A7D694D28206,speech,Speeches,Innovating wholesale payments: building a resilient and innovative future − speech by Victoria Cleland,Victoria Cleland,2025-06-01,0,data\BOE\Speeches\2025-06-01 - Victoria Cleland - Innovating wholesale payments_ building a resilient and innovative future − speech by Victoria Cleland.txt,https://www.bankofengland.co.uk/speech/2025/march/victoria-cleland-speech-at-pay360,speech_after_meeting,0.7
BOE_2025_06_D,BOE,2025-06-01,DOC_1B992596373D,speech,Speeches,Innovation and regulation - striking the balance - speech by David Bailey,David Bailey,2025-06-01,0,data\BOE\Speeches\2025-06-01 - David Bailey - Innovation and regulation - striking the balance - speech by David Bailey.txt,https://www.bankofengland.co.uk/speech/2025/june/david-bailey-speech-at-risk-net-live-europe,speech_after_meeting,0.7
BOE_2025_06_D,BOE,2025-06-01,DOC_7961FE47DA2C,speech,Speeches,Innovation in UK Financial Markets - shortening the settlement cycle – speech by Sasha Mills,Sasha Mills,2025-06-01,0,data\BOE\Speeches\2025-06-01 - Sasha Mills - Innovation in UK Financial Markets - shortening the settlement cycle – speech by Sasha Mills.txt,https://www.bankofengland.co.uk/speech/2025/february/sasha-mills-speech-at-uk-accelerated-settlement-market-event-kpmg,speech_after_meeting,0.7
BOE_2025_06_D,BOE,2025-06-01,DOC_1FE303F960B6,speech,Speeches,International payment rails: the value of a harmonised gauge − speech by Sarah Breeden,Sarah Breeden,2025-06-01,0,data\BOE\Speeches\2025-06-01 - Sarah Breeden - International payment rails_ the value of a harmonised gauge − speech by Sarah Breeden.txt,https://www.bankofengland.co.uk/speech/2025/may/sarah-breeden-panellist-at-the-global-finance-technology-network,speech_after_meeting,0.7
BOE_2025_06_D,BOE,2025-06-01,DOC_4A03E673253E,speech,Speeches,Investment in Scotland - speech by Andrew Bailey,Andrew Bailey,2025-06-01,0,data\BOE\Speeches\2025-06-01 - Andrew Bailey - Investment in Scotland - speech by Andrew Bailey.txt,https://www.bankofengland.co.uk/speech/2025/october/andrew-bailey-keynote-speech-at-scotland-global-investment-summit-2025,speech_after_meeting,0.7
BOE_2025_06_D,BOE,2025-06-01,DOC_EAEE13F2AA91,speech,Speeches,Joining the dots - speech by Nathanaël Benjamin,Nathanaël Benjamin,2025-06-01,0,data\BOE\Speeches\2025-06-01 - Nathanaël Benjamin - Joining the dots - speech by Nathanaël Benjamin.txt,https://www.bankofengland.co.uk/speech/2025/january/nathanael-benjamin-speech-at-the-city-uk-the-future-of-stress-testing,speech_after_meeting,0.7
BOE_2025_06_D,BOE,2025-06-01,DOC_F6A369559FE9,speech,Speeches,Learning by doing − speech by Victoria Saporta,Victoria Saporta,2025-06-01,0,data\BOE\Speeches\2025-06-01 - Victoria Saporta - Learning by doing − speech by Victoria Saporta.txt,https://www.bankofengland.co.uk/speech/2025/june/victoria-saporta-speech-at-the-bank-of-finland-and-suerf-conference-monetary-policy-implementation,speech_after_meeting,0.7
BOE_2025_06_D,BOE,2025-06-01,DOC_508C687C2347,speech,Speeches,Lighting the fuse for innovation in insurance − speech by Shoib Khan,Shoib Khan,2025-06-01,0,data\BOE\Speeches\2025-06-01 - Shoib Khan - Lighting the fuse for innovation in insurance − speech by Shoib Khan.txt,https://www.bankofengland.co.uk/speech/2025/november/shoib-khan-speech-at-marketforcelive-insurance-innovators-summit-2025,speech_after_meeting,0.7
BOE_2025_06_D,BOE,2025-06-01,DOC_C3F645BEBE27,speech,Speeches,Maintaining Momentum: Managing Climate risk in a changing world − speech by David Bailey,David Bailey,2025-06-01,0,data\BOE\Speeches\2025-06-01 - David Bailey - Maintaining Momentum_ Managing Climate risk in a changing world − speech by David Bailey.txt,https://www.bankofengland.co.uk/speech/2025/april/david-bailey-speech-at-a-climate-financial-risk-forum,speech_after_meeting,0.7
BOE_2025_06_D,BOE,2025-06-01,DOC_2013A2508D1D,speech,Speeches,Monetary policy in uncertain times - speech by Andrew Bailey,Andrew Bailey,2025-06-01,0,data\BOE\Speeches\2025-06-01 - Andrew Bailey - Monetary policy in uncertain times - speech by Andrew Bailey.txt,https://www.bankofengland.co.uk/speech/2025/may/andrew-bailey-keynote-address-at-the-reykjavik-economic-conference-2025,speech_after_meeting,0.7
BOE_2025_06_D,BOE,2025-06-01,DOC_87882925A5B7,speech,Speeches,Mutual momentum: Advances in Building Society regulation - speech by Charlotte Gerken,Charlotte Gerken,2025-06-01,0,data\BOE\Speeches\2025-06-01 - Charlotte Gerken - Mutual momentum_ Advances in Building Society regulation - speech by Charlotte Gerken.txt,https://www.bankofengland.co.uk/speech/2025/may/mutual-momentum-advances-in-building-society-regulation-speech-by-charlotte-gerken,speech_after_meeting,0.7
BOE_2025_06_D,BOE,2025-06-01,DOC_DEB7676FCFA6,speech,Speeches,Navigating an uncertain outlook: the signals from the labour market − speech by Dave Ramsden,Dave Ramsden,2025-06-01,0,data\BOE\Speeches\2025-06-01 - Dave Ramsden - Navigating an uncertain outlook_ the signals from the labour market − speech by Dave Ramsden.txt,https://www.bankofengland.co.uk/speech/2025/june/dave-ramsden-speech-and-panellist-at-the-barclays-cepr-monetary-policy-forum-2025,speech_after_meeting,0.7
BOE_2025_06_D,BOE,2025-06-01,DOC_704194989C4E,speech,Speeches,Not just token gestures − speech by Sarah Breeden,Sarah Breeden,2025-06-01,0,data\BOE\Speeches\2025-06-01 - Sarah Breeden - Not just token gestures − speech by Sarah Breeden.txt,https://www.bankofengland.co.uk/speech/2025/october/sarah-breeden-panellist-at-fintech-foundation-2025-dc-fiintech-week,speech_after_meeting,0.7
BOE_2025_06_D,BOE,2025-06-01,DOC_A72230B7DA41,speech,Speeches,Not such an island after all − speech by Megan Greene,Megan Greene,2025-06-01,0,data\BOE\Speeches\2025-06-01 - Megan Greene - Not such an island after all − speech by Megan Greene.txt,https://www.bankofengland.co.uk/speech/2025/february/megan-greene-speech-at-the-institute-of-directors,speech_after_meeting,0.7
BOE_2025_06_D,BOE,2025-06-01,DOC_07012AB4AFFF,speech,Speeches,On QT − remarks by Huw Pill,Huw Pill,2025-06-01,0,data\BOE\Speeches\2025-06-01 - Huw Pill - On QT − remarks by Huw Pill.txt,https://www.bankofengland.co.uk/speech/2025/september/huw-pill-fireside-chat-at-the-inaugural-pictet-research-institute-symposium,speech_after_meeting,0.7
BOE_2025_06_D,BOE,2025-06-01,DOC_F9F033FB5835,speech,Speeches,Overseeing BPA growth safely - Speech by Gareth Truran,Gareth Truran,2025-06-01,0,data\BOE\Speeches\2025-06-01 - Gareth Truran - Overseeing BPA growth safely - Speech by Gareth Truran.txt,https://www.bankofengland.co.uk/speech/2025/april/gareth-truran-speech-at-the-22nd-conference-on-bulk-annuities,speech_after_meeting,0.7
BOE_2025_06_D,BOE,2025-06-01,DOC_EB0977B49EB2,speech,Speeches,Picking what matters – speech by Nathanaël Benjamin,Nathanaël Benjamin,2025-06-01,0,data\BOE\Speeches\2025-06-01 - Nathanaël Benjamin - Picking what matters – speech by Nathanaël Benjamin.txt,https://www.bankofengland.co.uk/speech/2025/june/nathanael-benjamin-speech-at-the-global-investment-management-summit,speech_after_meeting,0.7
BOE_2025_06_D,BOE,2025-06-01,DOC_9E8644D3C3D8,speech,Speeches,Prime brokerage - speech by Rebecca Jackson,Rebecca Jackson,2025-06-01,0,data\BOE\Speeches\2025-06-01 - Rebecca Jackson - Prime brokerage - speech by Rebecca Jackson.txt,https://www.bankofengland.co.uk/speech/2025/january/rebecca-jackson-speech-at-uk-finance-prime-brokerage,speech_after_meeting,0.7
BOE_2025_06_D,BOE,2025-06-01,DOC_8917EA47AC3E,speech,Speeches,Promoting innovation while guarding against financial stability risks − speech by Randy Kroszner,Randy Kroszner,2025-06-01,0,data\BOE\Speeches\2025-06-01 - Randy Kroszner - Promoting innovation while guarding against financial stability risks − speech by Randy Kroszner.txt,https://www.bankofengland.co.uk/speech/2025/december/randy-kroszner-keynote-address-at-the-arab-monetary-fund,speech_after_meeting,0.7
BOE_2025_06_D,BOE,2025-06-01,DOC_79BB06E4237F,speech,Speeches,Quantitative tightening and monetary policy stance − speech by Catherine L. Mann,Catherine L. Mann,2025-06-01,0,data\BOE\Speeches\2025-06-01 - Catherine L. Mann - Quantitative tightening and monetary policy stance − speech by Catherine L. Mann.txt,https://www.bankofengland.co.uk/speech/2025/june/catherine-l-mann-fireside-chat-at-the-federal-reserve-board-of-governors,speech_after_meeting,0.7
BOE_2025_06_D,BOE,2025-06-01,DOC_CA8EC4E6146F,speech,Speeches,RTGS 2: a launchpad for innovation − speech by Victoria Cleland,Victoria Cleland,2025-06-01,0,data\BOE\Speeches\2025-06-01 - Victoria Cleland - RTGS 2_ a launchpad for innovation − speech by Victoria Cleland.txt,https://www.bankofengland.co.uk/speech/2025/june/victoria-cleland-keynote-speech-at-the-uk-finance-digital-innovation-summit,speech_after_meeting,0.7
BOE_2025_06_D,BOE,2025-06-01,DOC_74C3CBF45020,speech,Speeches,Reading between the lines − speech by Sarah Breeden,Sarah Breeden,2025-06-01,0,data\BOE\Speeches\2025-06-01 - Sarah Breeden - Reading between the lines − speech by Sarah Breeden.txt,https://www.bankofengland.co.uk/speech/2025/january/sarah-breeden-speech-at-the-university-of-edinburgh,speech_after_meeting,0.7
BOE_2025_06_D,BOE,2025-06-01,DOC_6FA240180F54,speech,Speeches,Removing Frictions − speech by Nathanaël Benjamin,Nathanaël Benjamin,2025-06-01,0,data\BOE\Speeches\2025-06-01 - Nathanaël Benjamin - Removing Frictions − speech by Nathanaël Benjamin.txt,https://www.bankofengland.co.uk/speech/2025/december/nathanael-benjamin-speech-at-womble-bond-dickinson,speech_after_meeting,0.7
BOE_2025_06_D,BOE,2025-06-01,DOC_CF0754C9C518,speech,Speeches,Renewed RTGS: Digital public infrastructure as a platform for innovation − speech by Dave Ramsden,Dave Ramsden,2025-06-01,0,data\BOE\Speeches\2025-06-01 - Dave Ramsden - Renewed RTGS_ Digital public infrastructure as a platform for innovation − speech by Dave Ramsden.txt,https://www.bankofengland.co.uk/speech/2025/april/dave-ramsden-keynote-speech-at-innovate-finance-global-summit,speech_after_meeting,0.7
BOE_2025_06_D,BOE,2025-06-01,DOC_D31BABEA8328,speech,Speeches,Revisiting the Norman Conquest of $4.86. Thoughts for the world today - speech by Andrew Bailey,Andrew Bailey,2025-06-01,0,data\BOE\Speeches\2025-06-01 - Andrew Bailey - Revisiting the Norman Conquest of $4.86. Thoughts for the world today - speech by Andrew Bailey.txt,https://www.bankofengland.co.uk/speech/2025/june/andrew-bailey-opening-remarks-at-britains-return-to-the-gold-standard-in-1925-conference,speech_after_meeting,0.7
BOE_2025_06_D,BOE,2025-06-01,DOC_1723974FB252,speech,Speeches,State of trade - speech by Andrew Bailey,Andrew Bailey,2025-06-01,0,data\BOE\Speeches\2025-06-01 - Andrew Bailey - State of trade - speech by Andrew Bailey.txt,https://www.bankofengland.co.uk/speech/2025/may/andrew-bailey-speech-followed-by-fireside-chat-with-francine-lacqua-bloomberg,speech_after_meeting,0.7
BOE_2025_06_D,BOE,2025-06-01,DOC_16F22114CC36,speech,Speeches,Strengthening market resilience: navigating evolving dynamics in sovereign markets − speech by Lee Foulger,Lee Foulger,2025-06-01,0,data\BOE\Speeches\2025-06-01 - Lee Foulger - Strengthening market resilience_ navigating evolving dynamics in sovereign markets − speech by Lee Foulger.txt,https://www.bankofengland.co.uk/speech/2025/november/lee-foulger-keynote-speech-at-the-association-of-financial-market,speech_after_meeting,0.7
BOE_2025_06_D,BOE,2025-06-01,DOC_46720F41360D,speech,Speeches,"Surveys, forecasts and scenarios: setting UK monetary policy under uncertainty − speech by Dave Ramsden",Dave Ramsden,2025-06-01,0,"data\BOE\Speeches\2025-06-01 - Dave Ramsden - Surveys, forecasts and scenarios_ setting UK monetary policy under uncertainty − speech by Dave Ramsden.txt",https://www.bankofengland.co.uk/speech/2025/february/dave-ramsden-keynote-speech-stellenbosch-university-on-monetary-policy-geopolitical-fragmentation,speech_after_meeting,0.7
BOE_2025_06_D,BOE,2025-06-01,DOC_99FD64081AE2,speech,Speeches,Synchronisation and beyond: enabling the next wave of financial innovation − speech by Victoria Cleland,Victoria Cleland,2025-06-01,0,data\BOE\Speeches\2025-06-01 - Victoria Cleland - Synchronisation and beyond_ enabling the next wave of financial innovation − speech by Victoria Cleland.txt,https://www.bankofengland.co.uk/speech/2025/july/victoria-cleland-keynote-address-at-city-week-2025,speech_after_meeting,0.7
BOE_2025_06_D,BOE,2025-06-01,DOC_AD4E156E7051,speech,Speeches,Tariffed with the same brush: confronting today’s challenges to trade − speech by Swati Dhingra,Swati Dhingra,2025-06-01,0,data\BOE\Speeches\2025-06-01 - Swati Dhingra - Tariffed with the same brush_ confronting today’s challenges to trade − speech by Swati Dhingra.txt,https://www.bankofengland.co.uk/speech/2025/october/swati-dhingra-speech-at-the-central-bank-of-ireland-escb-cluster-2-academic-conference,speech_after_meeting,0.7
BOE_2025_06_D,BOE,2025-06-01,DOC_C09FD704B945,speech,Speeches,The February 2025 Monetary Policy Report — and my vote - speech by Catherine L. Mann,Catherine L. Mann,2025-06-01,0,data\BOE\Speeches\2025-06-01 - Catherine L. Mann - The February 2025 Monetary Policy Report — and my vote - speech by Catherine L. Mann.txt,https://www.bankofengland.co.uk/speech/2025/february/catherine-l-mann-speech-at-leeds-beckett-university-economic-prospects,speech_after_meeting,0.7
BOE_2025_06_D,BOE,2025-06-01,DOC_4206DC8EF604,speech,Speeches,The UK economy in an unpredictable world – speech by Andrew Bailey,Andrew Bailey,2025-06-01,0,data\BOE\Speeches\2025-06-01 - Andrew Bailey - The UK economy in an unpredictable world – speech by Andrew Bailey.txt,https://www.bankofengland.co.uk/speech/2025/june/andrew-bailey-keynote-speech-at-the-british-chambers-of-commerce-global-annual-conference,speech_after_meeting,0.7
BOE_2025_06_D,BOE,2025-06-01,DOC_156F235508D5,speech,Speeches,The courage not to act − remarks by Huw Pill,Huw Pill,2025-06-01,0,data\BOE\Speeches\2025-06-01 - Huw Pill - The courage not to act − remarks by Huw Pill.txt,https://www.bankofengland.co.uk/-/media/boe/files/speech/2025/may/the-courage-not-to-act-remarks-by-huw-pill.pdf,speech_after_meeting,0.7
BOE_2025_06_D,BOE,2025-06-01,DOC_3385258371AE,speech,Speeches,The crucial role of financial stability in a central bank’s policy strategy framework - speech by Randall Kroszner,Randall Kroszner,2025-06-01,0,data\BOE\Speeches\2025-06-01 - Randall Kroszner - The crucial role of financial stability in a central bank’s policy strategy framework - speech by Randall Kroszner.txt,https://www.bankofengland.co.uk/speech/2025/june/randall-kroszner-dinner-speech-at-ecb-conference-on-financial-stability-and-macroprudential-policy,speech_after_meeting,0.7
BOE_2025_06_D,BOE,2025-06-01,DOC_A1C6CA4FEC08,speech,Speeches,The end of the road − speech by Alan Taylor,Alan Taylor,2025-06-01,0,data\BOE\Speeches\2025-06-01 - Alan Taylor - The end of the road − speech by Alan Taylor.txt,https://www.bankofengland.co.uk/-/media/boe/files/speech/2025/july/the-end-of-the-road-speech-by-alan-taylor.pdf,speech_after_meeting,0.7
BOE_2025_06_D,BOE,2025-06-01,DOC_52780896738A,speech,Speeches,The evolving landscape of UK financial mutuals: every challenge is an opportunity − speech by Laura Wallis,Laura Wallis,2025-06-01,0,data\BOE\Speeches\2025-06-01 - Laura Wallis - The evolving landscape of UK financial mutuals_ every challenge is an opportunity − speech by Laura Wallis.txt,https://www.bankofengland.co.uk/speech/2025/december/laura-wallis-speech-given-at-the-building-societies-association-and-bayes-business-school,speech_after_meeting,0.7
BOE_2025_06_D,BOE,2025-06-01,DOC_6EBF6499321C,speech,Speeches,The evolving liquidity landscape − speech by Victoria Saporta,Victoria Saporta,2025-06-01,0,data\BOE\Speeches\2025-06-01 - Victoria Saporta - The evolving liquidity landscape − speech by Victoria Saporta.txt,https://www.bankofengland.co.uk/speech/2025/november/victoria-saporta-panellist-at-the-european-central-bank-conference-on-money-markets,speech_after_meeting,0.7
BOE_2025_06_D,BOE,2025-06-01,DOC_45D3DFC7FEFD,speech,Speeches,"The future of the multilateral economic system, and some news on the UK payments infrastructure - speech by Andrew Bailey",Andrew Bailey,2025-06-01,0,"data\BOE\Speeches\2025-06-01 - Andrew Bailey - The future of the multilateral economic system, and some news on the UK payments infrastructure - speech by Andrew Bailey.txt",https://www.bankofengland.co.uk/speech/2025/july/andrew-bailey-speech-at-the-annual-financial-and-professional-services-dinner-mansion-house,speech_after_meeting,0.7
BOE_2025_06_D,BOE,2025-06-01,DOC_47CCD2D94820,speech,Speeches,The heat is on: why monetary policy makers are increasingly focusing on the impact of climate risks - speech by James Talbot,James Talbot,2025-06-01,0,data\BOE\Speeches\2025-06-01 - James Talbot - The heat is on_ why monetary policy makers are increasingly focusing on the impact of climate risks - speech by James Talb.txt,https://www.bankofengland.co.uk/speech/2025/may/james-talbot-speech-at-university-of-oxford-on-climate,speech_after_meeting,0.7
BOE_2025_06_D,BOE,2025-06-01,DOC_CA26CCFB4572,speech,Speeches,The last half mile − speech by Alan Taylor,Alan Taylor,2025-06-01,0,data\BOE\Speeches\2025-06-01 - Alan Taylor - The last half mile − speech by Alan Taylor.txt,https://www.bankofengland.co.uk/speech/2025/january/alan-taylor-speech-at-leeds-university-inflation-dynamics-and-outlook,speech_after_meeting,0.7
BOE_2025_06_D,BOE,2025-06-01,DOC_43FBD3B65CE6,speech,Speeches,The meaning of reserve currency − remarks by Andrew Bailey,Andrew Bailey,2025-06-01,0,data\BOE\Speeches\2025-06-01 - Andrew Bailey - The meaning of reserve currency − remarks by Andrew Bailey.txt,https://www.bankofengland.co.uk/speech/2025/july/meaning-of-reserve-currency-remarks-andrew-bailey,speech_after_meeting,0.7
BOE_2025_06_D,BOE,2025-06-01,DOC_83D41D05943E,speech,Speeches,The sky’s the limit: shaping the UK’s digital financial future - speech by Sasha Mills,Sasha Mills,2025-06-01,0,data\BOE\Speeches\2025-06-01 - Sasha Mills - The sky’s the limit_ shaping the UK’s digital financial future - speech by Sasha Mills.txt,https://www.bankofengland.co.uk/speech/2025/january/sasha-mills-speech-at-the-tokenisation-summit,speech_after_meeting,0.7
BOE_2025_06_D,BOE,2025-06-01,DOC_FC76C531C09B,speech,Speeches,The supply side demands more attention − speech by Megan Greene,Megan Greene,2025-06-01,0,data\BOE\Speeches\2025-06-01 - Megan Greene - The supply side demands more attention − speech by Megan Greene.txt,https://www.bankofengland.co.uk/speech/2025/september/megan-greene-university-of-glasgow-business-school,speech_after_meeting,0.7
BOE_2025_06_D,BOE,2025-06-01,DOC_95FE479B9B38,speech,Speeches,"Uncertainty, structural change and monetary policy strategy - speech by Huw Pill",Huw Pill,2025-06-01,0,"data\BOE\Speeches\2025-06-01 - Huw Pill - Uncertainty, structural change and monetary policy strategy - speech by Huw Pill.txt",https://www.bankofengland.co.uk/speech/2025/october/huw-pill-speech-at-the-maxwell-fry-annual-lecture,speech_after_meeting,0.7
BOE_2025_06_D,BOE,2025-06-01,DOC_D71B98DAD310,speech,Speeches,Unexpected curves − remarks by Alan Taylor,Alan Taylor,2025-06-01,0,data\BOE\Speeches\2025-06-01 - Alan Taylor - Unexpected curves − remarks by Alan Taylor.txt,https://www.bankofengland.co.uk/speech/2025/july/alan-taylor-panellist-at-ecb-forum-on-central-banking-2025,speech_after_meeting,0.7
BOE_2025_06_D,BOE,2025-06-01,DOC_8FD555AA52C9,speech,Speeches,Weathering the storm: stability in a changing climate - speech by Sarah Breeden,Sarah Breeden,2025-06-01,0,data\BOE\Speeches\2025-06-01 - Sarah Breeden - Weathering the storm_ stability in a changing climate - speech by Sarah Breeden.txt,https://www.bankofengland.co.uk/speech/2025/july/sarah-breeden-speech-at-the-annual-chapman-barrigan-lecture-series,speech_after_meeting,0.7
BOE_2025_06_D,BOE,2025-06-01,DOC_3A9DEEA91702,speech,Speeches,What if things are different? - speech by Clare Lombardelli,Clare Lombardelli,2025-06-01,0,data\BOE\Speeches\2025-06-01 - Clare Lombardelli - What if things are different_ - speech by Clare Lombardelli.txt,https://www.bankofengland.co.uk/speech/2025/may/clare-lombardelli-keynote-speech-at-the-bank-of-england-bank-watchers-conference,speech_after_meeting,0.7
BOE_2025_06_A,BOE,2025-06-01,DOC_9C89C4ACCFFF,statement,Monetary Policy,Monetary Policy Report - August 2025,,2025-06-01,0,data\BOE\Monetary Policy\2025-06-01 - Monetary Policy Report - August 2025.txt,https://www.bankofengland.co.uk/-/media/boe/files/monetary-policy-report/2025/august/monetary-policy-report-august-2025.pdf,anchor_statement,1.0
BOE_2025_06_B,BOE,2025-06-01,DOC_643898D84C7C,statement,Monetary Policy,Monetary Policy Report - February 2025,,2025-06-01,0,data\BOE\Monetary Policy\2025-06-01 - Monetary Policy Report - February 2025.txt,https://www.bankofengland.co.uk/-/media/boe/files/monetary-policy-report/2025/february/monetary-policy-report-february-2025.pdf,anchor_statement,1.0
BOE_2025_06_C,BOE,2025-06-01,DOC_D3EAC3BB3BE5,statement,Monetary Policy,Monetary Policy Report - May 2025,,2025-06-01,0,data\BOE\Monetary Policy\2025-06-01 - Monetary Policy Report - May 2025.txt,https://www.bankofengland.co.uk/-/media/boe/files/monetary-policy-report/2025/may/monetary-policy-report-may-2025.pdf,anchor_statement,1.0
BOE_2025_06_D,BOE,2025-06-01,DOC_9CE70AC2A23C,statement,Monetary Policy,Monetary Policy Report - November 2025,,2025-06-01,0,data\BOE\Monetary Policy\2025-06-01 - Monetary Policy Report - November 2025.txt,https://www.bankofengland.co.uk/-/media/boe/files/monetary-policy-report/2025/november/monetary-policy-report-november-2025.pdf,anchor_statement,1.0
BOE_2026_06_B,BOE,2026-06-01,DOC_67CB5D69C29A,speech,Speeches,Building a banking regime for the future - speech by David Bailey,David Bailey,2026-06-01,0,data\BOE\Speeches\2026-06-01 - David Bailey - Building a banking regime for the future - speech by David Bailey.txt,https://www.bankofengland.co.uk/speech/2026/april/david-bailey-speech-jp-morgan-uk-banks-asset-and-liability-mgmt-conference,speech_after_meeting,0.7
BOE_2026_06_B,BOE,2026-06-01,DOC_340F2A8FCBD7,speech,Speeches,Can AI make cutlery? - speech by Andrew Bailey,Andrew Bailey,2026-06-01,0,data\BOE\Speeches\2026-06-01 - Andrew Bailey - Can AI make cutlery_ - speech by Andrew Bailey.txt,https://www.bankofengland.co.uk/speech/2026/may/andrew-bailey-speech-at-cutlers-feast-sheffield,speech_after_meeting,0.7
BOE_2026_06_B,BOE,2026-06-01,DOC_DBEE1920EDE8,speech,Speeches,Central Bank Independence – in need of further thinking - Speech by Andrew Bailey,Andrew Bailey,2026-06-01,0,data\BOE\Speeches\2026-06-01 - Andrew Bailey - Central Bank Independence – in need of further thinking - Speech by Andrew Bailey.txt,https://www.bankofengland.co.uk/speech/2026/april/andrew-bailey-panellist-at-columbia-university-new-york,speech_after_meeting,0.7
BOE_2026_06_B,BOE,2026-06-01,DOC_B77ECACC1F49,speech,Speeches,Clinical supervision − speech by Sam Woods,Sam Woods,2026-06-01,0,data\BOE\Speeches\2026-06-01 - Sam Woods - Clinical supervision − speech by Sam Woods.txt,https://www.bankofengland.co.uk/speech/2026/may/sam-woods-speech-at-the-henry-thornton-lecture-bayes-business-school,speech_after_meeting,0.7
BOE_2026_06_B,BOE,2026-06-01,DOC_097A039992EB,speech,Speeches,Data as a dialogue – speech by Vicky White,Vicky White,2026-06-01,0,data\BOE\Speeches\2026-06-01 - Vicky White - Data as a dialogue – speech by Vicky White.txt,https://www.bankofengland.co.uk/speech/2026/march/vicky-white-speech-at-connect-global-group-4th-annual-treasury-and-capital-markets-forum,speech_after_meeting,0.7
BOE_2026_06_B,BOE,2026-06-01,DOC_805DA74C5924,speech,Speeches,"Driving over the peak, or a false summit? − speech by Alan Taylor",Alan Taylor,2026-06-01,0,"data\BOE\Speeches\2026-06-01 - Alan Taylor - Driving over the peak, or a false summit_ − speech by Alan Taylor.txt",https://www.bankofengland.co.uk/-/media/boe/files/speech/2026/speech-by-alan-taylor-at-national-university-of-singapore.pdf,speech_after_meeting,0.7
BOE_2026_06_B,BOE,2026-06-01,DOC_F08F2A3F908D,speech,Speeches,Forks in the Curve: whether and how to respond to monetary policy divergence - speech by Megan Greene,Megan Greene,2026-06-01,0,data\BOE\Speeches\2026-06-01 - Megan Greene - Forks in the Curve_ whether and how to respond to monetary policy divergence - speech by Megan Greene.txt,https://www.bankofengland.co.uk/speech/2026/january/megan-greene-speech-at-the-resolution-foundation-worlds-apart,speech_after_meeting,0.7
BOE_2026_06_B,BOE,2026-06-01,DOC_89CEB4833D14,speech,Speeches,Frenemies at the gates − speech by Rebecca Jackson,Rebecca Jackson,2026-06-01,0,data\BOE\Speeches\2026-06-01 - Rebecca Jackson - Frenemies at the gates − speech by Rebecca Jackson.txt,https://www.bankofengland.co.uk/speech/2026/february/rebecca-jackson-speech-on-intraday-risk-management-and-principal-trading,speech_after_meeting,0.7
BOE_2026_06_B,BOE,2026-06-01,DOC_544565DEF587,speech,Speeches,Getting fit for the future − speech by Afua Kyei,Afua Kyei,2026-06-01,0,data\BOE\Speeches\2026-06-01 - Afua Kyei - Getting fit for the future − speech by Afua Kyei.txt,https://www.bankofengland.co.uk/speech/2026/january/getting-fit-for-the-future-speech-by-afua-kyei,speech_after_meeting,0.7
BOE_2026_06_B,BOE,2026-06-01,DOC_B2275CC28FF3,speech,Speeches,Getting the right directions − speech by Alan Taylor,Alan Taylor,2026-06-01,0,data\BOE\Speeches\2026-06-01 - Alan Taylor - Getting the right directions − speech by Alan Taylor.txt,https://www.bankofengland.co.uk/speech/2026/march/speech-by-alan-taylor-getting-the-right-directions,speech_after_meeting,0.7
BOE_2026_06_B,BOE,2026-06-01,DOC_EC032561D545,speech,Speeches,Global imbalances in a more fragmented world – remarks by Andrew Bailey,Andrew Bailey,2026-06-01,0,data\BOE\Speeches\2026-06-01 - Andrew Bailey - Global imbalances in a more fragmented world – remarks by Andrew Bailey.txt,https://www.bankofengland.co.uk/speech/2026/january/andrew-bailey-meeting-of-the-bellagio-group-2026-at-the-boe,speech_after_meeting,0.7
BOE_2026_06_B,BOE,2026-06-01,DOC_A017FC885FFB,speech,Speeches,Here we go again? Assessing the inflation risks of the recent energy shock − speech by Megan Greene,Megan Greene,2026-06-01,0,data\BOE\Speeches\2026-06-01 - Megan Greene - Here we go again_ Assessing the inflation risks of the recent energy shock − speech by Megan Greene.txt,https://www.bankofengland.co.uk/-/media/boe/files/speech/2026/here-we-go-again-assessing-the-inflation-risks-of-the-recent-energy-shock-speech-by-megan-greene.pdf,speech_after_meeting,0.7
BOE_2026_06_B,BOE,2026-06-01,DOC_A4F24DC53E06,speech,Speeches,Innovation and Resilience in the BPA Sector – speech by Gareth Truran,Gareth Truran,2026-06-01,0,data\BOE\Speeches\2026-06-01 - Gareth Truran - Innovation and Resilience in the BPA Sector – speech by Gareth Truran.txt,https://www.bankofengland.co.uk/speech/2026/april/gareth-truran-the-23rd-conference-on-bulk-annuities,speech_after_meeting,0.7
BOE_2026_06_B,BOE,2026-06-01,DOC_3081B94BAB95,speech,Speeches,Maintaining momentum: progress in mutual supervision − speech by Charlotte Gerken,Charlotte Gerken,2026-06-01,0,data\BOE\Speeches\2026-06-01 - Charlotte Gerken - Maintaining momentum_ progress in mutual supervision − speech by Charlotte Gerken.txt,https://www.bankofengland.co.uk/speech/2026/april/charlotte-gerken-speech-and-panel-at-the-building-societies-annual-conference,speech_after_meeting,0.7
BOE_2026_06_B,BOE,2026-06-01,DOC_D4A20EA113E2,speech,Speeches,"Measure, Model, Tackle, Tailor: The Bank of England’s approach to assessing and managing climate impacts across its core objectives - speech by James Talbot",James Talbot,2026-06-01,0,"data\BOE\Speeches\2026-06-01 - James Talbot - Measure, Model, Tackle, Tailor_ The Bank of England’s approach to assessing and managing climate impacts across its core o.txt",https://www.bankofengland.co.uk/speech/2026/february/james-talbot-speech-at-the-london-school-of-economics,speech_after_meeting,0.7
BOE_2026_06_B,BOE,2026-06-01,DOC_FF59F87EC8A8,speech,Speeches,Modernising money and markets − speech by Sarah Breeden,Sarah Breeden,2026-06-01,0,data\BOE\Speeches\2026-06-01 - Sarah Breeden - Modernising money and markets − speech by Sarah Breeden.txt,https://www.bankofengland.co.uk/speech/2026/may/sarah-breeden-speech-at-city-week-the-future-of-money-in-a-digital-world,speech_after_meeting,0.7
BOE_2026_06_B,BOE,2026-06-01,DOC_1C56A03859F1,speech,Speeches,Modernising the liquidity framework for banks and building societies - speech by Phil Evans,Phil Evans,2026-06-01,0,data\BOE\Speeches\2026-06-01 - Phil Evans - Modernising the liquidity framework for banks and building societies - speech by Phil Evans.txt,https://www.bankofengland.co.uk/speech/2026/march/phil-evans-speech-at-the-university-of-leeds,speech_after_meeting,0.7
BOE_2026_06_B,BOE,2026-06-01,DOC_FD2BD582BBE7,speech,Speeches,"Old exposures, new actors: implications for monetary policy of the UK’s external imbalances − speech by Catherine L. Mann",Catherine L. Mann,2026-06-01,0,"data\BOE\Speeches\2026-06-01 - Catherine L. Mann - Old exposures, new actors_ implications for monetary policy of the UK’s external imbalances − speech by Catherine L.txt",https://www.bankofengland.co.uk/-/media/boe/files/speech/2026/old-exposures-new-actors-speech-by-catherine-l-mann.pdf,speech_after_meeting,0.7
BOE_2026_06_B,BOE,2026-06-01,DOC_B838A2DCDA49,speech,Speeches,Operational resilience in a rapidly changing world − speech by Liz Oakes,Liz Oakes,2026-06-01,0,data\BOE\Speeches\2026-06-01 - Liz Oakes - Operational resilience in a rapidly changing world − speech by Liz Oakes.txt,https://www.bankofengland.co.uk/speech/2026/may/liz-oakes-speech-and-panel-at-the-kpmg-and-fitch-ratings-london-banking-summit,speech_after_meeting,0.7
BOE_2026_06_B,BOE,2026-06-01,DOC_C41F1A68A3E5,speech,Speeches,Reforming cross-border payments – speech by Andrew Bailey,Andrew Bailey,2026-06-01,0,data\BOE\Speeches\2026-06-01 - Andrew Bailey - Reforming cross-border payments – speech by Andrew Bailey.txt,https://www.bankofengland.co.uk/speech/2026/march/andrew-bailey-opening-remarks-at-financial-stability-board-payments-summit,speech_after_meeting,0.7
BOE_2026_06_B,BOE,2026-06-01,DOC_3BD418E15599,speech,Speeches,Remaining anchored: Monetary Policy in an unpredictable world - speech by Andrew Bailey,Andrew Bailey,2026-06-01,0,data\BOE\Speeches\2026-06-01 - Andrew Bailey - Remaining anchored_ Monetary Policy in an unpredictable world - speech by Andrew Bailey.txt,https://www.bankofengland.co.uk/speech/2026/may/andrew-bailey-speech-at-the-reykjavik-2026-economic-conference,speech_after_meeting,0.7
BOE_2026_06_B,BOE,2026-06-01,DOC_7516B470DD0B,speech,Speeches,Robustness - speech by Huw Pill,Huw Pill,2026-06-01,0,data\BOE\Speeches\2026-06-01 - Huw Pill - Robustness - speech by Huw Pill.txt,https://www.bankofengland.co.uk/-/media/boe/files/speech/2026/speech-given-by-huw-pill.pdf,speech_after_meeting,0.7
BOE_2026_06_B,BOE,2026-06-01,DOC_D6FF1E320765,speech,Speeches,Stopping for gas − speech by Alan Taylor,Alan Taylor,2026-06-01,0,data\BOE\Speeches\2026-06-01 - Alan Taylor - Stopping for gas − speech by Alan Taylor.txt,https://www.bankofengland.co.uk/-/media/boe/files/speech/2026/stopping-for-gas.pdf,speech_after_meeting,0.7
BOE_2026_06_B,BOE,2026-06-01,DOC_5F5349C2F9C6,speech,Speeches,Talking ’bout next generation − speech by Sarah Breeden,Sarah Breeden,2026-06-01,0,data\BOE\Speeches\2026-06-01 - Sarah Breeden - Talking ’bout next generation − speech by Sarah Breeden.txt,https://www.bankofengland.co.uk/speech/2026/february/sarah-breeden-keynote-speech-at-the-city-financial-annual-payments-regulation-and-innovation-summit,speech_after_meeting,0.7
BOE_2026_06_B,BOE,2026-06-01,DOC_D53AAD212A80,speech,Speeches,The Importance of Choice in Payments − speech by Victoria Cleland,Victoria Cleland,2026-06-01,0,data\BOE\Speeches\2026-06-01 - Victoria Cleland - The Importance of Choice in Payments − speech by Victoria Cleland.txt,https://www.bankofengland.co.uk/speech/2026/may/victoria-cleland-fireside-chat-at-the-currency-research-banknote-conference,speech_after_meeting,0.7
BOE_2026_06_B,BOE,2026-06-01,DOC_792B49A10C29,speech,Speeches,The evolution of the Bank’s approach to resolution − speech by Dave Ramsden,Dave Ramsden,2026-06-01,0,data\BOE\Speeches\2026-06-01 - Dave Ramsden - The evolution of the Bank’s approach to resolution − speech by Dave Ramsden.txt,https://www.bankofengland.co.uk/speech/2026/january/dave-ramsden-speech-at-kings-college-london-the-evolution-of-resolution,speech_after_meeting,0.7
BOE_2026_06_B,BOE,2026-06-01,DOC_752AC6E030B2,speech,Speeches,The world today – remarks by Andrew Bailey,Andrew Bailey,2026-06-01,0,data\BOE\Speeches\2026-06-01 - Andrew Bailey - The world today – remarks by Andrew Bailey.txt,https://www.bankofengland.co.uk/speech/2026/february/andrew-bailey-speech-at-the-imf-saudi-ministry-of-finance,speech_after_meeting,0.7
BOE_2026_06_B,BOE,2026-06-01,DOC_E495B08D328E,speech,Speeches,This time is different? Speech by Sarah Breeden,Sarah Breeden,2026-06-01,0,data\BOE\Speeches\2026-06-01 - Sarah Breeden - This time is different_ Speech by Sarah Breeden.txt,https://www.bankofengland.co.uk/speech/2026/april/sarah-breeden-at-the-program-on-international-financial-systems-and-harvard-law-school,speech_after_meeting,0.7
BOE_2026_06_B,BOE,2026-06-01,DOC_8B8ED2128977,speech,Speeches,Two-way street − speech by Alan Taylor,Alan Taylor,2026-06-01,0,data\BOE\Speeches\2026-06-01 - Alan Taylor - Two-way street − speech by Alan Taylor.txt,https://www.bankofengland.co.uk/speech/2026/april/alan-taylor-at-a-joint-conference-at-the-banque-de-france,speech_after_meeting,0.7
BOE_2026_06_A,BOE,2026-06-01,DOC_5B23170272EC,statement,Monetary Policy,Monetary Policy Report - April 2026,,2026-06-01,0,data\BOE\Monetary Policy\2026-06-01 - Monetary Policy Report - April 2026.txt,https://www.bankofengland.co.uk/-/media/boe/files/monetary-policy-report/2026/april/monetary-policy-report-april-2026.pdf,anchor_statement,1.0
BOE_2026_06_B,BOE,2026-06-01,DOC_8D662D2D46B1,statement,Monetary Policy,Monetary Policy Report - February 2026,,2026-06-01,0,data\BOE\Monetary Policy\2026-06-01 - Monetary Policy Report - February 2026.txt,https://www.bankofengland.co.uk/-/media/boe/files/monetary-policy-report/2026/february/monetary-policy-report-february-2026.pdf,anchor_statement,1.0
BOJ_2026_01,BOJ,2026-01-23,DOC_D626A0DF25A3,statement,Monetary Policy,Statement on Monetary Policy [PDF 171KB],,2026-01-23,0,data\BOJ\Monetary Policy\2026-01-23 - Statement on Monetary Policy [PDF 171KB].txt,https://www.boj.or.jp/en/mopo/mpmdeci/mpr_2026/k260123a.pdf,anchor_statement,1.0
BOJ_2026_01,BOJ,2026-01-23,DOC_3874183220B5,speech,Speeches,"""Economic Activity, Prices, and Monetary Policy in Japan"" (Speech at a Meeting with Local Leaders in Ehime)",MASU Kazuyuki,2026-02-06,14,"data\BOJ\Speeches\2026-02-06 - MASU Kazuyuki - _Economic Activity, Prices, and Monetary Policy in Japan_ (Speech at a Meeting with Local Leaders in Ehime).txt",https://www.boj.or.jp/en/about/press/koen_2026/ko260206a.htm,speech_after_meeting,0.7
BOJ_2026_01,BOJ,2026-01-23,DOC_088EB8FD782D,speech,Speeches,"""Economic Activity, Prices, and Monetary Policy in Japan"" (Speech at a Meeting Held by the Kanagawa Keizai Doyukai)",the Kanagawa Keizai Doyukai),2026-02-13,21,"data\BOJ\Speeches\2026-02-13 - the Kanagawa Keizai Doyukai) - _Economic Activity, Prices, and Monetary Policy in Japan_ (Speech at a Meeting Held by the Kanagawa Keizai.txt",https://www.boj.or.jp/en/about/press/koen_2026/ko260213a.htm,speech_after_meeting,0.7
BOJ_2026_01,BOJ,2026-01-23,DOC_8A8AB22101BD,speech,Speeches,"""Points Forming Lines, Evolving to Surfaces""(Opening Remarks at the 10th Meeting of the Liaison and Coordination Committee on Central Bank Digital Currency)",KAMIYAMA Kazushige,2026-02-17,25,"data\BOJ\Speeches\2026-02-17 - KAMIYAMA Kazushige - _Points Forming Lines, Evolving to Surfaces_(Opening Remarks at the 10th Meeting of the Liaison and Coordination Com.txt",https://www.boj.or.jp/en/about/press/koen_2026/ko260217a.htm,speech_after_meeting,0.7
BOJ_2026_01,BOJ,2026-01-23,DOC_DD10F34865C4,speech,Speeches,"""Economic Activity, Prices, and Monetary Policy in Japan"" (Speech at a Meeting with Local Leaders in Kyoto)",TAKATA Hajime,2026-02-26,34,"data\BOJ\Speeches\2026-02-26 - TAKATA Hajime - _Economic Activity, Prices, and Monetary Policy in Japan_ (Speech at a Meeting with Local Leaders in Kyoto).txt",https://www.boj.or.jp/en/about/press/koen_2026/ko260226a.htm,speech_after_meeting,0.7
BOJ_2026_01,BOJ,2026-01-23,DOC_210A78B98728,speech,Speeches,"""Japan's Economy and Monetary Policy"" (Speech at a Meeting with Local Leaders in Wakayama)",HIMINO Ryozo,2026-03-02,38,data\BOJ\Speeches\2026-03-02 - HIMINO Ryozo - _Japan's Economy and Monetary Policy_ (Speech at a Meeting with Local Leaders in Wakayama).txt,https://www.boj.or.jp/en/about/press/koen_2026/ko260302a.htm,speech_after_meeting,0.7
BOJ_2026_01,BOJ,2026-01-23,DOC_39157E7586EB,speech,Speeches,"""The New Financial Ecosystem and the Role of Central Banks"" (Remarks at the FIN/SUM 2026)",UEDA Kazuo,2026-03-03,39,data\BOJ\Speeches\2026-03-03 - UEDA Kazuo - _The New Financial Ecosystem and the Role of Central Banks_ (Remarks at the FIN_SUM 2026).txt,https://www.boj.or.jp/en/about/press/koen_2026/ko260303a.htm,speech_after_meeting,0.7
BOJ_2026_03,BOJ,2026-03-19,DOC_C9CF6C08F3CA,statement,Monetary Policy,Statement on Monetary Policy [PDF 134KB],,2026-03-19,0,data\BOJ\Monetary Policy\2026-03-19 - Statement on Monetary Policy [PDF 134KB].txt,https://www.boj.or.jp/en/mopo/mpmdeci/mpr_2026/k260319a.pdf,anchor_statement,1.0
BOJ_2026_04,BOJ,2026-04-28,DOC_FDB6D2AC0B8E,statement,Monetary Policy,Statement on Monetary Policy [PDF 92KB],,2026-04-28,0,data\BOJ\Monetary Policy\2026-04-28 - Statement on Monetary Policy [PDF 92KB].txt,https://www.boj.or.jp/en/mopo/mpmdeci/mpr_2026/k260428a.pdf,anchor_statement,1.0
BOJ_2026_04,BOJ,2026-04-28,DOC_80A6121EA880,speech,Speeches,"""Economic Activity, Prices, and Monetary Policy in Japan"" (Speech at a Meeting Held by the Kagoshima Keizai Doyukai)",the Kagoshima Keizai Doyukai),2026-05-14,16,"data\BOJ\Speeches\2026-05-14 - the Kagoshima Keizai Doyukai) - _Economic Activity, Prices, and Monetary Policy in Japan_ (Speech at a Meeting Held by the Kagoshima Keiz.txt",https://www.boj.or.jp/en/about/press/koen_2026/ko260514a.htm,speech_after_meeting,0.7
BOJ_2026_04,BOJ,2026-04-28,DOC_F0C4F3DAD288,speech,Speeches,"""Promoting the Evolution and Stability of Japan's Financial System"" (Remarks at the AIMA Japan Annual Forum 2026)",KAMIYAMA Kazushige,2026-05-15,17,data\BOJ\Speeches\2026-05-15 - KAMIYAMA Kazushige - _Promoting the Evolution and Stability of Japan's Financial System_ (Remarks at the AIMA Japan Annual Forum 2026).txt,https://www.boj.or.jp/en/about/press/koen_2026/ko260515a.htm,speech_after_meeting,0.7
BOJ_2026_04,BOJ,2026-04-28,DOC_9FC59BC0D2D4,speech,Speeches,"""Singleness of Money and the Role of Central Banks"" (Speech at the Japan Society of Monetary Economics)",HIMINO Ryozo,2026-05-16,18,data\BOJ\Speeches\2026-05-16 - HIMINO Ryozo - _Singleness of Money and the Role of Central Banks_ (Speech at the Japan Society of Monetary Economics).txt,https://www.boj.or.jp/en/about/press/koen_2026/ko260516a.htm,speech_after_meeting,0.7
BOJ_2026_04,BOJ,2026-04-28,DOC_4CA7102E8E0D,speech,Speeches,"""Economic Activity, Prices, and Monetary Policy in Japan"" (Speech at a Meeting with Local Leaders in Fukuoka)",KOEDA Junko,2026-05-21,23,"data\BOJ\Speeches\2026-05-21 - KOEDA Junko - _Economic Activity, Prices, and Monetary Policy in Japan_ (Speech at a Meeting with Local Leaders in Fukuoka).txt",https://www.boj.or.jp/en/about/press/koen_2026/ko260521a.htm,speech_after_meeting,0.7
BOJ_2026_04,BOJ,2026-04-28,DOC_D9075F0EECD9,speech,Speeches,"Opening Remarks at the 2026 BOJ-IMES Conference Hosted by the Institute for Monetary and Economic Studies, Bank of Japan",UEDA Kazuo,2026-05-27,29,"data\BOJ\Speeches\2026-05-27 - UEDA Kazuo - Opening Remarks at the 2026 BOJ-IMES Conference Hosted by the Institute for Monetary and Economic Studies, Bank of Japan.txt",https://www.boj.or.jp/en/about/press/koen_2026/ko260527a.htm,speech_after_meeting,0.7
ECB_2021_01,ECB,2021-01-21,DOC_703E3243D8CF,press_conference,Press Conference Q&A,"Christine Lagarde, Luis de Guindos: Introductory statement to the press conference (with Q&A)","Christine Lagarde, Luis de Guindos",2021-01-21,0,"data\ECB\Press Conference Q&A\2021-01-21 - Christine Lagarde, Luis de Guindos_ Introductory statement to the press conference (with Q&A).txt",https://www.ecb.europa.eu/press/press_conference/monetary-policy-statement/2021/html/ecb.is210121~e601112a72.en.html,press_conference_for_meeting,0.9
ECB_2021_01,ECB,2021-01-21,DOC_DC59BC94B47C,statement,Monetary Policy,Monetary policy decisions,,2021-01-21,0,data\ECB\Monetary Policy\2021-01-21 - Monetary policy decisions.txt,https://www.ecb.europa.eu/press/pr/date/2021/html/ecb.mp210121~eb9154682e.en.html,anchor_statement,1.0
ECB_2021_01,ECB,2021-01-21,DOC_140C243ECBBD,speech,Speeches,Climate change and central banking,Keynote speech by Christine Lagarde,2021-01-25,4,data\ECB\Speeches\2021-01-25 - Keynote speech by Christine Lagarde - Climate change and central banking.txt,https://www.ecb.europa.eu/press/key/date/2021/html/ecb.sp210125~f87e826ca5.en.html,speech_after_meeting,0.7
ECB_2021_01,ECB,2021-01-21,DOC_AEB1CF9E2579,speech,Speeches,The sovereign-bank-corporate nexus – virtuous or vicious?,Speech by Isabel Schnabel,2021-01-28,7,data\ECB\Speeches\2021-01-28 - Speech by Isabel Schnabel - The sovereign-bank-corporate nexus – virtuous or vicious_.txt,https://www.ecb.europa.eu/press/key/date/2021/html/ecb.sp210128~8f5dc86601.en.html,speech_after_meeting,0.7
ECB_2021_01,ECB,2021-01-21,DOC_1CE0171F7CFC,speech,Speeches,European Parliament plenary debate on the ECB Annual Report,Introductory statement by Christine Lagarde,2021-02-08,18,data\ECB\Speeches\2021-02-08 - Introductory statement by Christine Lagarde - European Parliament plenary debate on the ECB Annual Report.txt,https://www.ecb.europa.eu/press/key/date/2021/html/ecb.sp210208~296c27d246.en.html,speech_after_meeting,0.7
ECB_2021_01,ECB,2021-01-21,DOC_F88933276646,speech,Speeches,"Investing in our climate, social and economic resilience: What are the main policy priorities?",Christine Lagarde,2021-02-22,32,"data\ECB\Speeches\2021-02-22 - Christine Lagarde - Investing in our climate, social and economic resilience_ What are the main policy priorities_.txt",https://www.ecb.europa.eu/press/key/date/2021/html/ecb.sp210222~baf3d08a02.en.html,speech_after_meeting,0.7
ECB_2021_01,ECB,2021-01-21,DOC_92643C7C3F22,speech,Speeches,The compass of monetary policy: favourable financing conditions,The compass of monetary policy,2021-02-25,35,data\ECB\Speeches\2021-02-25 - The compass of monetary policy - The compass of monetary policy_ favourable financing conditions.txt,https://www.ecb.europa.eu/press/key/date/2021/html/ecb.sp210225~7e2955b6e5.en.html,speech_after_meeting,0.7
ECB_2021_01,ECB,2021-01-21,DOC_68F9E4F9833F,speech,Speeches,Unconventional fiscal and monetary policy at the zero lower bound,Isabel Schnabel,2021-02-26,36,data\ECB\Speeches\2021-02-26 - Isabel Schnabel - Unconventional fiscal and monetary policy at the zero lower bound.txt,https://www.ecb.europa.eu/press/key/date/2021/html/ecb.sp210226~ff6ad267d4.en.html,speech_after_meeting,0.7
ECB_2021_01,ECB,2021-01-21,DOC_1CF060C04938,speech,Speeches,Macroprudential policy after the COVID-19 pandemic,,2021-03-01,39,data\ECB\Speeches\2021-03-01 - Macroprudential policy after the COVID-19 pandemic.txt,https://www.ecb.europa.eu/press/key/date/2021/html/ecb.sp210301~207a2ecf7e.en.html,speech_after_meeting,0.7
ECB_2021_01,ECB,2021-01-21,DOC_CA3047521E70,speech,Speeches,Mind the gap(s): monetary policy and the way out of the pandemic,Mind the gap(s),2021-03-02,40,data\ECB\Speeches\2021-03-02 - Mind the gap(s) - Mind the gap(s)_ monetary policy and the way out of the pandemic.txt,https://www.ecb.europa.eu/press/key/date/2021/html/ecb.sp210302~b618d33987.en.html,speech_after_meeting,0.7
ECB_2021_01,ECB,2021-01-21,DOC_D41968469462,speech,Speeches,Central clearing and the changing landscape,Fabio Panetta,2021-03-03,41,data\ECB\Speeches\2021-03-03 - Fabio Panetta - Central clearing and the changing landscape.txt,https://www.ecb.europa.eu/press/key/date/2021/html/ecb.sp210303~3a3d6522b0.en.html,speech_after_meeting,0.7
ECB_2021_03,ECB,2021-03-11,DOC_C73C73EEB630,press_conference,Press Conference Q&A,"Christine Lagarde, Luis de Guindos: Introductory statement to the press conference (with Q&A)","Christine Lagarde, Luis de Guindos",2021-03-11,0,"data\ECB\Press Conference Q&A\2021-03-11 - Christine Lagarde, Luis de Guindos_ Introductory statement to the press conference (with Q&A).txt",https://www.ecb.europa.eu/press/press_conference/monetary-policy-statement/2021/html/ecb.is210311~d368d7151a.en.html,press_conference_for_meeting,0.9
ECB_2021_03,ECB,2021-03-11,DOC_B8E1D0741044,statement,Monetary Policy,Monetary policy decisions,,2021-03-11,0,data\ECB\Monetary Policy\2021-03-11 - Monetary policy decisions.txt,https://www.ecb.europa.eu/press/pr/date/2021/html/ecb.mp210311~35ba71f535.en.html,anchor_statement,1.0
ECB_2021_03,ECB,2021-03-11,DOC_E354C92ED449,speech,Speeches,Hearing of the Committee on Economic and Monetary Affairs of the European Parliament,Introductory statement by Christine Lagarde,2021-03-18,7,data\ECB\Speeches\2021-03-18 - Introductory statement by Christine Lagarde - Hearing of the Committee on Economic and Monetary Affairs of the European Parliament.txt,https://www.ecb.europa.eu/press/key/date/2021/html/ecb.sp210318~c9815a6845.en.html,speech_after_meeting,0.7
ECB_2021_03,ECB,2021-03-11,DOC_94A7C3834A4F,speech,Speeches,Paving the path to recovery by preserving favourable financing conditions,preserving favourable financing conditions,2021-03-25,14,data\ECB\Speeches\2021-03-25 - preserving favourable financing conditions - Paving the path to recovery by preserving favourable financing conditions.txt,https://www.ecb.europa.eu/press/key/date/2021/html/ecb.sp210325~e424a7f6cf.en.html,speech_after_meeting,0.7
ECB_2021_03,ECB,2021-03-11,DOC_0708D80058DB,speech,Speeches,Stabilising the economic outlook,Stabilising the economic outlook,2021-03-27,16,data\ECB\Speeches\2021-03-27 - Stabilising the economic outlook - Stabilising the economic outlook.txt,https://www.ecb.europa.eu/press/key/date/2021/html/ecb.sp210327~7b65e6526e.en.html,speech_after_meeting,0.7
ECB_2021_03,ECB,2021-03-11,DOC_5DF19C6F2FBE,speech,Speeches,IMFC Statement,Statement by Christine Lagarde,2021-04-08,28,data\ECB\Speeches\2021-04-08 - Statement by Christine Lagarde - IMFC Statement.txt,https://www.ecb.europa.eu/press/key/date/2021/html/ecb.sp210408~87574463be.en.html,speech_after_meeting,0.7
ECB_2021_03,ECB,2021-03-11,DOC_8DEB7EBD47CE,speech,Speeches,Presentation of the ECB Annual Report 2020 to the Committee on Economic and Monetary Affairs of the European Parliament,"Luis de Guindos, Vice",2021-04-14,34,"data\ECB\Speeches\2021-04-14 - Luis de Guindos, Vice - Presentation of the ECB Annual Report 2020 to the Committee on Economic and Monetary Affairs of the European Parl.txt",https://www.ecb.europa.eu/press/key/date/2021/html/ecb.sp210414~4291d0b4db.en.html,speech_after_meeting,0.7
ECB_2021_04,ECB,2021-04-22,DOC_BEA24D1525A8,press_conference,Press Conference Q&A,"Christine Lagarde, Luis de Guindos: Introductory statement to the press conference (with Q&A)","Christine Lagarde, Luis de Guindos",2021-04-22,0,"data\ECB\Press Conference Q&A\2021-04-22 - Christine Lagarde, Luis de Guindos_ Introductory statement to the press conference (with Q&A).txt",https://www.ecb.europa.eu/press/press_conference/monetary-policy-statement/2021/html/ecb.is210422~b0ad2d3414.en.html,press_conference_for_meeting,0.9
ECB_2021_04,ECB,2021-04-22,DOC_7631561D0A30,statement,Monetary Policy,Monetary policy decisions,,2021-04-22,0,data\ECB\Monetary Policy\2021-04-22 - Monetary policy decisions.txt,https://www.ecb.europa.eu/press/pr/date/2021/html/ecb.mp210422~f075ebe1f0.en.html,anchor_statement,1.0
ECB_2021_04,ECB,2021-04-22,DOC_E9A8CE491CCA,speech,Speeches,Monetary autonomy in a globalised world,Welcome address by Fabio Panetta,2021-04-26,4,data\ECB\Speeches\2021-04-26 - Welcome address by Fabio Panetta - Monetary autonomy in a globalised world.txt,https://www.ecb.europa.eu/press/key/date/2021/html/ecb.sp210426~0ac9c74462.en.html,speech_after_meeting,0.7
ECB_2021_04,ECB,2021-04-22,DOC_D2956A095C5B,speech,Speeches,All the way to zero: guiding banks towards a carbon-neutral Europe,All the way to zero,2021-04-29,7,data\ECB\Speeches\2021-04-29 - All the way to zero - All the way to zero_ guiding banks towards a carbon-neutral Europe.txt,https://www.ecb.europa.eu/press/key/date/2021/html/ecb.sp210429~3f8606edca.en.html,speech_after_meeting,0.7
ECB_2021_04,ECB,2021-04-22,DOC_FD7329C40035,speech,Speeches,Towards a green capital markets union for Europe,Speech by Christine Lagarde,2021-05-06,14,data\ECB\Speeches\2021-05-06 - Speech by Christine Lagarde - Towards a green capital markets union for Europe.txt,https://www.ecb.europa.eu/press/key/date/2021/html/ecb.sp210506~4ec98730ee.en.html,speech_after_meeting,0.7
ECB_2021_04,ECB,2021-04-22,DOC_535897F7F3B4,speech,Speeches,At the edge of tomorrow: preparing the future of European retail payments,At the edge of tomorrow,2021-05-19,27,data\ECB\Speeches\2021-05-19 - At the edge of tomorrow - At the edge of tomorrow_ preparing the future of European retail payments.txt,https://www.ecb.europa.eu/press/key/date/2021/html/ecb.sp210519~6a4523d953.en.html,speech_after_meeting,0.7
ECB_2021_04,ECB,2021-04-22,DOC_E7D4F56BEF7D,speech,Speeches,Climate change and financial integration,"Luis de Guindos, Vice",2021-05-27,35,"data\ECB\Speeches\2021-05-27 - Luis de Guindos, Vice - Climate change and financial integration.txt",https://www.ecb.europa.eu/press/key/date/2021/html/ecb.sp210527~6500964615.en.html,speech_after_meeting,0.7
ECB_2021_04,ECB,2021-04-22,DOC_22EE47486154,speech,Speeches,Learning the right lessons from the past,Speech by Christine Lagarde,2021-06-02,41,data\ECB\Speeches\2021-06-02 - Speech by Christine Lagarde - Learning the right lessons from the past.txt,https://www.ecb.europa.eu/press/key/date/2021/html/ecb.sp210602~41661afb3a.en.html,speech_after_meeting,0.7
ECB_2021_04,ECB,2021-04-22,DOC_A44B7F9D09A4,speech,Speeches,The embrace of the horizon: Forcefully moving with the changing tide for climate action in financial sector policies,The embrace of the horizon,2021-06-03,42,data\ECB\Speeches\2021-06-03 - The embrace of the horizon - The embrace of the horizon_ Forcefully moving with the changing tide for climate action in financial sector.txt,https://www.ecb.europa.eu/press/key/date/2021/html/ecb.sp210603~2da57607e2.en.html,speech_after_meeting,0.7
ECB_2021_06,ECB,2021-06-10,DOC_BCCFB8557434,press_conference,Press Conference Q&A,"Christine Lagarde, Luis de Guindos: Introductory statement to the press conference (with Q&A)","Christine Lagarde, Luis de Guindos",2021-06-10,0,"data\ECB\Press Conference Q&A\2021-06-10 - Christine Lagarde, Luis de Guindos_ Introductory statement to the press conference (with Q&A).txt",https://www.ecb.europa.eu/press/press_conference/monetary-policy-statement/2021/html/ecb.is210610~115f4c0246.en.html,press_conference_for_meeting,0.9
ECB_2021_06,ECB,2021-06-10,DOC_BCB102E507F0,statement,Monetary Policy,Monetary policy decisions,,2021-06-10,0,data\ECB\Monetary Policy\2021-06-10 - Monetary policy decisions.txt,https://www.ecb.europa.eu/press/pr/date/2021/html/ecb.mp210610~b4d5381df0.en.html,anchor_statement,1.0
ECB_2021_06,ECB,2021-06-10,DOC_A37DE1117442,speech,Speeches,From market neutrality to market efficiency,Welcome address by Isabel Schnabel,2021-06-14,4,data\ECB\Speeches\2021-06-14 - Welcome address by Isabel Schnabel - From market neutrality to market efficiency.txt,https://www.ecb.europa.eu/press/key/date/2021/html/ecb.sp210614~162bd7c253.en.html,speech_after_meeting,0.7
ECB_2021_06,ECB,2021-06-10,DOC_8045648136E1,speech,Speeches,Cash still king in times of COVID-19,Keynote speech by Fabio Panetta,2021-06-15,5,data\ECB\Speeches\2021-06-15 - Keynote speech by Fabio Panetta - Cash still king in times of COVID-19.txt,https://www.ecb.europa.eu/press/key/date/2021/html/ecb.sp210615~05b32c4e55.en.html,speech_after_meeting,0.7
ECB_2021_06,ECB,2021-06-10,DOC_65B4F16A0758,speech,Speeches,Patchy data is a good start: from Kuznets and Clark to supervisors and climate,Patchy data is a good start,2021-06-16,6,data\ECB\Speeches\2021-06-16 - Patchy data is a good start - Patchy data is a good start_ from Kuznets and Clark to supervisors and climate.txt,https://www.ecb.europa.eu/press/key/date/2021/html/ecb.sp210616~44c5a95300.en.html,speech_after_meeting,0.7
ECB_2021_06,ECB,2021-06-10,DOC_3B31C102B92F,speech,Speeches,Hearing of the Committee on Economic and Monetary Affairs of the European Parliament,Introductory statement by Christine Lagarde,2021-06-21,11,data\ECB\Speeches\2021-06-21 - Introductory statement by Christine Lagarde - Hearing of the Committee on Economic and Monetary Affairs of the European Parliament.txt,https://www.ecb.europa.eu/press/key/date/2021/html/ecb.sp210621~352acef702.en.html,speech_after_meeting,0.7
ECB_2021_06,ECB,2021-06-10,DOC_08BC278AA3B6,speech,Speeches,Financing a green and digital recovery,Speech by Christine Lagarde,2021-06-29,19,data\ECB\Speeches\2021-06-29 - Speech by Christine Lagarde - Financing a green and digital recovery.txt,https://www.ecb.europa.eu/press/key/date/2021/html/ecb.sp210629~e6458f8392.en.html,speech_after_meeting,0.7
ECB_2021_06,ECB,2021-06-10,DOC_DFB995EB1A07,speech,Speeches,Escaping low inflation?,Speech by Isabel Schnabel,2021-07-03,23,data\ECB\Speeches\2021-07-03 - Speech by Isabel Schnabel - Escaping low inflation_.txt,https://www.ecb.europa.eu/press/key/date/2021/html/ecb.sp210703~f221554ff2.en.html,speech_after_meeting,0.7
ECB_2021_06,ECB,2021-06-10,DOC_B4524FBE158C,speech,Speeches,"Climate Change and Central Banks: Analysing, Advising and Acting",Climate Change and Central Banks,2021-07-11,31,"data\ECB\Speeches\2021-07-11 - Climate Change and Central Banks - Climate Change and Central Banks_ Analysing, Advising and Acting.txt",https://www.ecb.europa.eu/press/key/date/2021/html/ecb.sp210711~ffe35034d0.en.html,speech_after_meeting,0.7
ECB_2021_06,ECB,2021-06-10,DOC_23CFB5086F07,speech,Speeches,A new strategy for a changing world,Speech by Isabel Schnabel,2021-07-14,34,data\ECB\Speeches\2021-07-14 - Speech by Isabel Schnabel - A new strategy for a changing world.txt,https://www.ecb.europa.eu/press/key/date/2021/html/ecb.sp210714~0d62f657bc.en.html,speech_after_meeting,0.7
ECB_2021_07,ECB,2021-07-22,DOC_0A0800031A2F,other,Press Conference Q&A,"Christine Lagarde, Luis de Guindos: Monetary policy statement (with Q&A)","Christine Lagarde, Luis de Guindos",2021-07-22,0,"data\ECB\Press Conference Q&A\2021-07-22 - Christine Lagarde, Luis de Guindos_ Monetary policy statement (with Q&A).txt",https://www.ecb.europa.eu/press/press_conference/monetary-policy-statement/2021/html/ecb.is210722~13e7f5e795.en.html,other_in_meeting_window,0.4
ECB_2021_07,ECB,2021-07-22,DOC_516FC908994F,statement,Monetary Policy,Monetary policy decisions,,2021-07-22,0,data\ECB\Monetary Policy\2021-07-22 - Monetary policy decisions.txt,https://www.ecb.europa.eu/press/pr/date/2021/html/ecb.mp210722~48dc3b436b.en.html,anchor_statement,1.0
ECB_2021_07,ECB,2021-07-22,DOC_5D7A34C2A8B4,speech,Speeches,The rise of non-bank finance and its implications for monetary policy transmission,Speech by Isabel Schnabel,2021-08-24,33,data\ECB\Speeches\2021-08-24 - Speech by Isabel Schnabel - The rise of non-bank finance and its implications for monetary policy transmission.txt,https://www.ecb.europa.eu/press/key/date/2021/html/ecb.sp210824~9ab47b501b.en.html,speech_after_meeting,0.7
ECB_2021_09,ECB,2021-09-09,DOC_4F7EDC99375B,other,Press Conference Q&A,"Christine Lagarde, Luis de Guindos: Monetary policy statement (with Q&A)","Christine Lagarde, Luis de Guindos",2021-09-09,0,"data\ECB\Press Conference Q&A\2021-09-09 - Christine Lagarde, Luis de Guindos_ Monetary policy statement (with Q&A).txt",https://www.ecb.europa.eu/press/press_conference/monetary-policy-statement/2021/html/ecb.is210909~b2d882f724.en.html,other_in_meeting_window,0.4
ECB_2021_09,ECB,2021-09-09,DOC_E5FDF02F015F,statement,Monetary Policy,Monetary policy decisions,,2021-09-09,0,data\ECB\Monetary Policy\2021-09-09 - Monetary policy decisions.txt,https://www.ecb.europa.eu/press/pr/date/2021/html/ecb.mp210909~2c94b35639.en.html,anchor_statement,1.0
ECB_2021_09,ECB,2021-09-09,DOC_53BFFAD36073,speech,Speeches,New narratives on monetary policy – the spectre of inflation,the spectre of inflation,2021-09-13,4,data\ECB\Speeches\2021-09-13 - the spectre of inflation - New narratives on monetary policy – the spectre of inflation.txt,https://www.ecb.europa.eu/press/key/date/2021/html/ecb.sp210913~031462fe79.en.html,speech_after_meeting,0.7
ECB_2021_09,ECB,2021-09-09,DOC_69E9D5BEBE68,speech,Speeches,The monetary policy non-puzzle in bond markets,Speech by Isabel Schnabel,2021-09-15,6,data\ECB\Speeches\2021-09-15 - Speech by Isabel Schnabel - The monetary policy non-puzzle in bond markets.txt,https://www.ecb.europa.eu/press/key/date/2021/html/ecb.sp210915~75de3a2dfa.en.html,speech_after_meeting,0.7
ECB_2021_09,ECB,2021-09-09,DOC_AC61455E7440,speech,Speeches,Asset purchases: from crisis to recovery,Asset purchases,2021-09-20,11,data\ECB\Speeches\2021-09-20 - Asset purchases - Asset purchases_ from crisis to recovery.txt,https://www.ecb.europa.eu/press/key/date/2021/html/ecb.sp210920~ae2c7412dc.en.html,speech_after_meeting,0.7
ECB_2021_09,ECB,2021-09-09,DOC_27F291B7E0BF,speech,Speeches,Integrating the climate and environmental challenge into the missions of central banks and supervisors,Frank Elderson,2021-09-23,14,data\ECB\Speeches\2021-09-23 - Frank Elderson - Integrating the climate and environmental challenge into the missions of central banks and supervisors.txt,https://www.ecb.europa.eu/press/key/date/2021/html/ecb.sp210923~0c7bd9c596.en.html,speech_after_meeting,0.7
ECB_2021_09,ECB,2021-09-09,DOC_07BBFE372B40,speech,Speeches,Structural change and central banking: some research priorities,Structural change and central banking,2021-09-24,15,data\ECB\Speeches\2021-09-24 - Structural change and central banking - Structural change and central banking_ some research priorities.txt,https://www.ecb.europa.eu/press/key/date/2021/html/ecb.sp210924~da7423b5e8.en.html,speech_after_meeting,0.7
ECB_2021_09,ECB,2021-09-09,DOC_44E968D14327,speech,Speeches,Monetary policy during an atypical recovery,Speech by Christine Lagarde,2021-09-28,19,data\ECB\Speeches\2021-09-28 - Speech by Christine Lagarde - Monetary policy during an atypical recovery.txt,https://www.ecb.europa.eu/press/key/date/2021/html/ecb.sp210928~4cc57f558d.en.html,speech_after_meeting,0.7
ECB_2021_09,ECB,2021-09-09,DOC_F202449FCAE4,speech,Speeches,Cyber risks and the integrity of digital finance,Fabio Panetta,2021-09-30,21,data\ECB\Speeches\2021-09-30 - Fabio Panetta - Cyber risks and the integrity of digital finance.txt,https://www.ecb.europa.eu/press/key/date/2021/html/ecb.sp210930~e58b5eed9b.en.html,speech_after_meeting,0.7
ECB_2021_09,ECB,2021-09-09,DOC_A0D3078A11C6,speech,Speeches,Lessons from an unusual crisis,Lessons from an unusual crisis,2021-10-01,22,data\ECB\Speeches\2021-10-01 - Lessons from an unusual crisis - Lessons from an unusual crisis.txt,https://www.ecb.europa.eu/press/key/date/2021/html/ecb.sp211001~ca589c6afc.en.html,speech_after_meeting,0.7
ECB_2021_09,ECB,2021-09-09,DOC_A2EE0D7AED26,speech,Speeches,Dynamic regions at the heart of a strong Europe,Speech by Christine Lagarde,2021-10-05,26,data\ECB\Speeches\2021-10-05 - Speech by Christine Lagarde - Dynamic regions at the heart of a strong Europe.txt,https://www.ecb.europa.eu/press/key/date/2021/html/ecb.sp211005~3419fc667f.en.html,speech_after_meeting,0.7
ECB_2021_09,ECB,2021-09-09,DOC_1EC7A822435B,speech,Speeches,Prospects for inflation: sneezes and breezes,Prospects for inflation,2021-10-07,28,data\ECB\Speeches\2021-10-07 - Prospects for inflation - Prospects for inflation_ sneezes and breezes.txt,https://www.ecb.europa.eu/press/key/date/2021/html/ecb.sp211007~ab617e7d60.en.html,speech_after_meeting,0.7
ECB_2021_09,ECB,2021-09-09,DOC_B975D5772C8D,speech,Speeches,Stay safe at the intersection: the confluence of big techs and global stablecoins,Stay safe,2021-10-08,29,data\ECB\Speeches\2021-10-08 - Stay safe - Stay safe at the intersection_ the confluence of big techs and global stablecoins.txt,https://www.ecb.europa.eu/press/key/date/2021/html/ecb.sp211008~3c37b106cf.en.html,speech_after_meeting,0.7
ECB_2021_09,ECB,2021-09-09,DOC_5629E314DEFE,speech,Speeches,The monetary policy toolbox and the effective lower bound,Welcome address by Philip R. Lane,2021-10-11,32,data\ECB\Speeches\2021-10-11 - Welcome address by Philip R. Lane - The monetary policy toolbox and the effective lower bound.txt,https://www.ecb.europa.eu/press/key/date/2021/html/ecb.sp211011~5a5d2e55f1.en.html,speech_after_meeting,0.7
ECB_2021_09,ECB,2021-09-09,DOC_801080C01CCC,speech,Speeches,The contribution of finance to combating climate change,Speech by Christine Lagarde,2021-10-12,33,data\ECB\Speeches\2021-10-12 - Speech by Christine Lagarde - The contribution of finance to combating climate change.txt,https://www.ecb.europa.eu/press/key/date/2021/html/ecb.sp211012~bfe7738d35.en.html,speech_after_meeting,0.7
ECB_2021_09,ECB,2021-09-09,DOC_C8F1F176E3B6,speech,Speeches,IMFC Statement,Statement by Christine Lagarde,2021-10-14,35,data\ECB\Speeches\2021-10-14 - Statement by Christine Lagarde - IMFC Statement.txt,https://www.ecb.europa.eu/press/key/date/2021/html/ecb.sp211014~0ebead6ce2.en.html,speech_after_meeting,0.7
ECB_2021_09,ECB,2021-09-09,DOC_901CD5C9034D,speech,Speeches,Globalisation after the pandemic,Globalisation after the pandemic,2021-10-16,37,data\ECB\Speeches\2021-10-16 - Globalisation after the pandemic - Globalisation after the pandemic.txt,https://www.ecb.europa.eu/press/key/date/2021/html/ecb.sp211016~25550329d5.en.html,speech_after_meeting,0.7
ECB_2021_09,ECB,2021-09-09,DOC_6FAA5D4E180C,speech,Speeches,The role of supervisors and central banks in the climate crisis,Frank Elderson,2021-10-19,40,data\ECB\Speeches\2021-10-19 - Frank Elderson - The role of supervisors and central banks in the climate crisis.txt,https://www.ecb.europa.eu/press/key/date/2021/html/ecb.sp211019~84d1b39bcb.en.html,speech_after_meeting,0.7
ECB_2021_09,ECB,2021-09-09,DOC_6DAFEE7C58A1,speech,Speeches,Overcoming the tragedy of the horizon: requiring banks to translate 2050 targets into milestones,Overcoming the tragedy of the horizon,2021-10-20,41,data\ECB\Speeches\2021-10-20 - Overcoming the tragedy of the horizon - Overcoming the tragedy of the horizon_ requiring banks to translate 2050 targets into milestones.txt,https://www.ecb.europa.eu/press/key/date/2021/html/ecb.sp211020~03fba70983.en.html,speech_after_meeting,0.7
ECB_2021_10,ECB,2021-10-28,DOC_3EFB23E47A68,other,Press Conference Q&A,"Christine Lagarde, Luis de Guindos: Monetary policy statement (with Q&A)","Christine Lagarde, Luis de Guindos",2021-10-28,0,"data\ECB\Press Conference Q&A\2021-10-28 - Christine Lagarde, Luis de Guindos_ Monetary policy statement (with Q&A).txt",https://www.ecb.europa.eu/press/press_conference/monetary-policy-statement/2021/html/ecb.is211028~939f22970b.en.html,other_in_meeting_window,0.4
ECB_2021_10,ECB,2021-10-28,DOC_6E4DD137ACBF,statement,Monetary Policy,Monetary policy decisions,,2021-10-28,0,data\ECB\Monetary Policy\2021-10-28 - Monetary policy decisions.txt,https://www.ecb.europa.eu/press/pr/date/2021/html/ecb.mp211028~85474438a4.en.html,anchor_statement,1.0
ECB_2021_10,ECB,2021-10-28,DOC_3E05C7104716,speech,Speeches,Learning from Lisbon: recovery and resilience in Europe,Learning from Lisbon,2021-11-03,6,data\ECB\Speeches\2021-11-03 - Learning from Lisbon - Learning from Lisbon_ recovery and resilience in Europe.txt,https://www.ecb.europa.eu/press/key/date/2021/html/ecb.sp211103~d0720ef27b.en.html,speech_after_meeting,0.7
ECB_2021_10,ECB,2021-10-28,DOC_FFB9F00F626E,speech,Speeches,Forests and finance,Forests and finance,2021-11-04,7,data\ECB\Speeches\2021-11-04 - Forests and finance - Forests and finance.txt,https://www.ecb.europa.eu/press/key/date/2021/html/ecb.sp211104~701dd5f918.en.html,speech_after_meeting,0.7
ECB_2021_10,ECB,2021-10-28,DOC_DAD4EE55CAFB,speech,Speeches,Central bank digital currencies: a monetary anchor for digital innovation,Central bank digital currencies,2021-11-05,8,data\ECB\Speeches\2021-11-05 - Central bank digital currencies - Central bank digital currencies_ a monetary anchor for digital innovation.txt,https://www.ecb.europa.eu/press/key/date/2021/html/ecb.sp211105~08781cb638.en.html,speech_after_meeting,0.7
ECB_2021_10,ECB,2021-10-28,DOC_91F732829DF0,speech,Speeches,Inflation in the short term and in the medium term,Welcome address by Philip R. Lane,2021-11-08,11,data\ECB\Speeches\2021-11-08 - Welcome address by Philip R. Lane - Inflation in the short term and in the medium term.txt,https://www.ecb.europa.eu/press/key/date/2021/html/ecb.sp211108~c915d47d4c.en.html,speech_after_meeting,0.7
ECB_2021_10,ECB,2021-10-28,DOC_C819A515346D,speech,Speeches,The future of the EU fiscal governance framework: a macroeconomic perspective,Panel intervention by Philip R. Lane,2021-11-12,15,data\ECB\Speeches\2021-11-12 - Panel intervention by Philip R. Lane - The future of the EU fiscal governance framework_ a macroeconomic perspective.txt,https://www.ecb.europa.eu/press/key/date/2021/html/ecb.sp211112~739d3447ab.en.html,speech_after_meeting,0.7
ECB_2021_10,ECB,2021-10-28,DOC_88ECE9099362,speech,Speeches,Hearing of the Committee on Economic and Monetary Affairs of the European Parliament,Introductory statement by Christine Lagarde,2021-11-15,18,data\ECB\Speeches\2021-11-15 - Introductory statement by Christine Lagarde - Hearing of the Committee on Economic and Monetary Affairs of the European Parliament.txt,https://www.ecb.europa.eu/press/key/date/2021/html/ecb.sp211115~6fa9a12c1e.en.html,speech_after_meeting,0.7
ECB_2021_10,ECB,2021-10-28,DOC_061A4D8D9417,speech,Speeches,"Reflation, not stagflation",Speech by Isabel Schnabel,2021-11-17,20,"data\ECB\Speeches\2021-11-17 - Speech by Isabel Schnabel - Reflation, not stagflation.txt",https://www.ecb.europa.eu/press/key/date/2021/html/ecb.sp211117~78f0a1f435.en.html,speech_after_meeting,0.7
ECB_2021_10,ECB,2021-10-28,DOC_31F2AC4DF37C,speech,Speeches,Designing a digital euro for the retail payments landscape of tomorrow,Introductory remarks by Fabio Panetta,2021-11-18,21,data\ECB\Speeches\2021-11-18 - Introductory remarks by Fabio Panetta - Designing a digital euro for the retail payments landscape of tomorrow.txt,https://www.ecb.europa.eu/press/key/date/2021/html/ecb.sp211118~b36013b7c5.en.html,speech_after_meeting,0.7
ECB_2021_10,ECB,2021-10-28,DOC_3B92FBD07C07,speech,Speeches,Ralph Koijen’s contribution to research on the pricing of risk in equity and insurance markets,"Luis de Guindos, Vice",2021-11-22,25,"data\ECB\Speeches\2021-11-22 - Luis de Guindos, Vice - Ralph Koijen’s contribution to research on the pricing of risk in equity and insurance markets.txt",https://www.ecb.europa.eu/press/key/date/2021/html/ecb.sp211122~75b8a1488c.en.html,speech_after_meeting,0.7
ECB_2021_10,ECB,2021-10-28,DOC_EB8065EE3060,speech,Speeches,Patient monetary policy amid a rocky recovery,Speech by Fabio Panetta,2021-11-24,27,data\ECB\Speeches\2021-11-24 - Speech by Fabio Panetta - Patient monetary policy amid a rocky recovery.txt,https://www.ecb.europa.eu/press/key/date/2021/html/ecb.sp211124~a0bb243dfe.en.html,speech_after_meeting,0.7
ECB_2021_10,ECB,2021-10-28,DOC_22EA1A985520,speech,Speeches,When you need change to preserve continuity: climate emergency and the role of law,Frank Elderson,2021-11-25,28,data\ECB\Speeches\2021-11-25 - Frank Elderson - When you need change to preserve continuity_ climate emergency and the role of law.txt,https://www.ecb.europa.eu/press/key/date/2021/html/ecb.sp211125~2da387f2ce.en.html,speech_after_meeting,0.7
ECB_2021_10,ECB,2021-10-28,DOC_FB89B6E7CAAD,speech,Speeches,Macroprudential policy in Europe – the future depends on what we do today,Welcome remarks by Christine Lagarde,2021-12-08,41,data\ECB\Speeches\2021-12-08 - Welcome remarks by Christine Lagarde - Macroprudential policy in Europe – the future depends on what we do today.txt,https://www.ecb.europa.eu/press/key/date/2021/html/ecb.sp211208~e18612adce.en.html,speech_after_meeting,0.7
ECB_2021_10,ECB,2021-10-28,DOC_BD864E3F64CE,speech,Speeches,The present and future of money in the digital age,Lecture by Fabio Panetta,2021-12-10,43,data\ECB\Speeches\2021-12-10 - Lecture by Fabio Panetta - The present and future of money in the digital age.txt,https://www.ecb.europa.eu/press/key/date/2021/html/ecb.sp211210~09b6887f8b.en.html,speech_after_meeting,0.7
ECB_2021_12,ECB,2021-12-16,DOC_7A2C6D323725,other,Press Conference Q&A,"Christine Lagarde, Luis de Guindos: Monetary policy statement (with Q&A)","Christine Lagarde, Luis de Guindos",2021-12-16,0,"data\ECB\Press Conference Q&A\2021-12-16 - Christine Lagarde, Luis de Guindos_ Monetary policy statement (with Q&A).txt",https://www.ecb.europa.eu/press/press_conference/monetary-policy-statement/2021/html/ecb.is211216~9abaace28e.en.html,other_in_meeting_window,0.4
ECB_2021_12,ECB,2021-12-16,DOC_D3FEC5B8811D,statement,Monetary Policy,Monetary policy decisions,,2021-12-16,0,data\ECB\Monetary Policy\2021-12-16 - Monetary policy decisions.txt,https://www.ecb.europa.eu/press/pr/date/2021/html/ecb.mp211216~1b6d3a1fd8.en.html,anchor_statement,1.0
ECB_2021_12,ECB,2021-12-16,DOC_677C0C27C686,speech,Speeches,Looking through higher energy prices? Monetary policy and the green transition,Isabel Schnabel,2022-01-08,23,data\ECB\Speeches\2022-01-08 - Isabel Schnabel - Looking through higher energy prices_ Monetary policy and the green transition.txt,https://www.ecb.europa.eu/press/key/date/2022/html/ecb.sp220108~0425a24eb7.en.html,speech_after_meeting,0.7
ECB_2021_12,ECB,2021-12-16,DOC_07EABA2F7A95,speech,Speeches,Remarks by Christine Lagarde at a virtual ceremony marking the change of office of the President of the Bundesbank,Christine Lagarde,2022-01-11,26,data\ECB\Speeches\2022-01-11 - Christine Lagarde - Remarks by Christine Lagarde at a virtual ceremony marking the change of office of the President of the Bundesbank.txt,https://www.ecb.europa.eu/press/key/date/2022/html/ecb.sp220111~1778c4939d.en.html,speech_after_meeting,0.7
ECB_2021_12,ECB,2021-12-16,DOC_407683BF69B8,speech,Speeches,Conference of Parliamentary Committees for Union Affairs (COSAC),,2022-01-14,29,data\ECB\Speeches\2022-01-14 - Conference of Parliamentary Committees for Union Affairs (COSAC).txt,https://www.ecb.europa.eu/press/key/date/2022/html/ecb.sp220114~fe1e70ec1a.en.html,speech_after_meeting,0.7
ECB_2022_02,ECB,2022-02-03,DOC_B60D1CE903F2,other,Press Conference Q&A,"Christine Lagarde, Luis de Guindos: Monetary policy statement (with Q&A)","Christine Lagarde, Luis de Guindos",2022-02-03,0,"data\ECB\Press Conference Q&A\2022-02-03 - Christine Lagarde, Luis de Guindos_ Monetary policy statement (with Q&A).txt",https://www.ecb.europa.eu/press/press_conference/monetary-policy-statement/2022/html/ecb.is220203~ca7001dec0.en.html,other_in_meeting_window,0.4
ECB_2022_02,ECB,2022-02-03,DOC_CC8AB2A3A406,statement,Monetary Policy,Monetary policy decisions,,2022-02-03,0,data\ECB\Monetary Policy\2022-02-03 - Monetary policy decisions.txt,https://www.ecb.europa.eu/press/pr/date/2022/html/ecb.mp220203~90fbe94662.en.html,anchor_statement,1.0
ECB_2022_02,ECB,2022-02-03,DOC_7BDC9AA80F63,speech,Speeches,Hearing of the Committee on Economic and Monetary Affairs of the European Parliament,Introductory statement by Christine Lagarde,2022-02-07,4,data\ECB\Speeches\2022-02-07 - Introductory statement by Christine Lagarde - Hearing of the Committee on Economic and Monetary Affairs of the European Parliament.txt,https://www.ecb.europa.eu/press/key/date/2022/html/ecb.sp220207~7208d9e3a2.en.html,speech_after_meeting,0.7
ECB_2022_02,ECB,2022-02-03,DOC_741945F96AEF,speech,Speeches,Managing Europe’s economic recovery after the pandemic,"Luis de Guindos, Vice",2022-02-10,7,"data\ECB\Speeches\2022-02-10 - Luis de Guindos, Vice - Managing Europe’s economic recovery after the pandemic.txt",https://www.ecb.europa.eu/press/key/date/2022/html/ecb.sp220210~2923b1c6d4.en.html,speech_after_meeting,0.7
ECB_2022_02,ECB,2022-02-03,DOC_F0FEDB2B5B70,speech,Speeches,20th anniversary of the entry into circulation of euro banknotes and coins,Speech by Christine Lagarde,2022-02-14,11,data\ECB\Speeches\2022-02-14 - Speech by Christine Lagarde - 20th anniversary of the entry into circulation of euro banknotes and coins.txt,https://www.ecb.europa.eu/press/key/date/2022/html/ecb.sp220214~2c44645ea0.en.html,speech_after_meeting,0.7
ECB_2022_02,ECB,2022-02-03,DOC_B6BD5961282B,speech,Speeches,Towards an immersive supervisory approach to the management of climate-related and environmental risks in the banking sector,Frank Elderson,2022-02-18,15,data\ECB\Speeches\2022-02-18 - Frank Elderson - Towards an immersive supervisory approach to the management of climate-related and environmental risks in the banking se.txt,https://www.ecb.europa.eu/press/key/date/2022/html/ecb.sp220218~c55e646426.en.html,speech_after_meeting,0.7
ECB_2022_02,ECB,2022-02-03,DOC_2ADFFE459666,speech,Speeches,Prudential pathways to Paris,Prudential pathways to Paris,2022-02-23,20,data\ECB\Speeches\2022-02-23 - Prudential pathways to Paris - Prudential pathways to Paris.txt,https://www.ecb.europa.eu/press/key/date/2022/html/ecb.sp220223~7505dcf777.en.html,speech_after_meeting,0.7
ECB_2022_02,ECB,2022-02-03,DOC_6E7CF0EA3EB0,speech,Speeches,Finding the right sequence,Finding the right sequence,2022-02-24,21,data\ECB\Speeches\2022-02-24 - Finding the right sequence - Finding the right sequence.txt,https://www.ecb.europa.eu/press/key/date/2022/html/ecb.sp220224~232cb567cd.en.html,speech_after_meeting,0.7
ECB_2022_02,ECB,2022-02-03,DOC_3BA31DB5929D,speech,Speeches,Small steps in a dark room: guiding policy on the path out of the pandemic,Small steps in a dark room,2022-02-28,25,data\ECB\Speeches\2022-02-28 - Small steps in a dark room - Small steps in a dark room_ guiding policy on the path out of the pandemic.txt,https://www.ecb.europa.eu/press/key/date/2022/html/ecb.sp220228~2ce9f09429.en.html,speech_after_meeting,0.7
ECB_2022_02,ECB,2022-02-03,DOC_415F78DE9EEF,speech,Speeches,The monetary policy strategy of the ECB: the playbook for monetary policy decisions,Philip R. Lane,2022-03-02,27,data\ECB\Speeches\2022-03-02 - Philip R. Lane - The monetary policy strategy of the ECB_ the playbook for monetary policy decisions.txt,https://www.ecb.europa.eu/press/key/date/2022/html/ecb.sp220302~8031458eab.en.html,speech_after_meeting,0.7
ECB_2022_03,ECB,2022-03-10,DOC_82FBF729D815,other,Press Conference Q&A,"Christine Lagarde, Luis de Guindos: Monetary policy statement (with Q&A)","Christine Lagarde, Luis de Guindos",2022-03-10,0,"data\ECB\Press Conference Q&A\2022-03-10 - Christine Lagarde, Luis de Guindos_ Monetary policy statement (with Q&A).txt",https://www.ecb.europa.eu/press/press_conference/monetary-policy-statement/2022/html/ecb.is220310~1bc8c1b1ca.en.html,other_in_meeting_window,0.4
ECB_2022_03,ECB,2022-03-10,DOC_AC44E6777D5B,statement,Monetary Policy,Monetary policy decisions,,2022-03-10,0,data\ECB\Monetary Policy\2022-03-10 - Monetary policy decisions.txt,https://www.ecb.europa.eu/press/pr/date/2022/html/ecb.mp220310~2d19f8ba60.en.html,anchor_statement,1.0
ECB_2022_03,ECB,2022-03-10,DOC_3D73FCE8F553,speech,Speeches,Full disclosure: coming to grips with an inconvenient truth,Full disclosure,2022-03-14,4,data\ECB\Speeches\2022-03-14 - Full disclosure - Full disclosure_ coming to grips with an inconvenient truth.txt,https://www.ecb.europa.eu/press/key/date/2022/html/ecb.sp220314~41d74ce161.en.html,speech_after_meeting,0.7
ECB_2022_03,ECB,2022-03-10,DOC_CFF89A9D775D,speech,Speeches,Remarks on the euro area economy,,2022-03-15,5,data\ECB\Speeches\2022-03-15 - Remarks on the euro area economy.txt,https://www.ecb.europa.eu/press/key/date/2022/html/ecb.sp220315~c861c9d88f.en.html,speech_after_meeting,0.7
ECB_2022_03,ECB,2022-03-10,DOC_5AB5D5935F69,speech,Speeches,Monetary policy in an uncertain world,Speech by Christine Lagarde,2022-03-17,7,data\ECB\Speeches\2022-03-17 - Speech by Christine Lagarde - Monetary policy in an uncertain world.txt,https://www.ecb.europa.eu/press/key/date/2022/html/ecb.sp220317~9d2f052c92.en.html,speech_after_meeting,0.7
ECB_2022_03,ECB,2022-03-10,DOC_288C5EC3F803,speech,Speeches,Building a robust and diversified clearing ecosystem,Fabio Panetta,2022-03-22,12,data\ECB\Speeches\2022-03-22 - Fabio Panetta - Building a robust and diversified clearing ecosystem.txt,https://www.ecb.europa.eu/press/key/date/2022/html/ecb.sp220322~fb2f159779.en.html,speech_after_meeting,0.7
ECB_2022_03,ECB,2022-03-10,DOC_F455414EB4A9,speech,Speeches,Proportioning policy action to the evidence: making the monetary policy strategy of the ECB concrete,Proportioning policy action to the evidence,2022-03-24,14,data\ECB\Speeches\2022-03-24 - Proportioning policy action to the evidence - Proportioning policy action to the evidence_ making the monetary policy strategy of the ECB.txt,https://www.ecb.europa.eu/press/key/date/2022/html/ecb.sp220324~61c5afb6b9.en.html,speech_after_meeting,0.7
ECB_2022_03,ECB,2022-03-10,DOC_83F67877DF02,speech,Speeches,Finding resilience in times of uncertainty,Christine Lagarde,2022-03-30,20,data\ECB\Speeches\2022-03-30 - Christine Lagarde - Finding resilience in times of uncertainty.txt,https://www.ecb.europa.eu/press/key/date/2022/html/ecb.sp220330~49ddaafb85.en.html,speech_after_meeting,0.7
ECB_2022_03,ECB,2022-03-10,DOC_EA9682B87C8F,speech,Speeches,Monetary policy during the pandemic: the role of the PEPP,Monetary policy during the pandemic,2022-03-31,21,data\ECB\Speeches\2022-03-31 - Monetary policy during the pandemic - Monetary policy during the pandemic_ the role of the PEPP.txt,https://www.ecb.europa.eu/press/key/date/2022/html/ecb.sp220331~b11d74f249.en.html,speech_after_meeting,0.7
ECB_2022_03,ECB,2022-03-10,DOC_623940F0B705,speech,Speeches,Managing policy trade-offs,Managing policy trade-offs,2022-04-02,23,data\ECB\Speeches\2022-04-02 - Managing policy trade-offs - Managing policy trade-offs.txt,https://www.ecb.europa.eu/press/key/date/2022/html/ecb.sp220402~9af4336c23.en.html,speech_after_meeting,0.7
ECB_2022_03,ECB,2022-03-10,DOC_13FD7C4CD85C,speech,Speeches,An EU financial system for the future,"Luis de Guindos, Vice",2022-04-06,27,"data\ECB\Speeches\2022-04-06 - Luis de Guindos, Vice - An EU financial system for the future.txt",https://www.ecb.europa.eu/press/key/date/2022/html/ecb.sp220406~d3d0ce4b13.en.html,speech_after_meeting,0.7
ECB_2022_03,ECB,2022-03-10,DOC_4719AEE908B2,speech,Speeches,More than an intellectual game: exploring the monetary policy and financial stability implications of central bank digital currencies,More than an intellectual game,2022-04-08,29,data\ECB\Speeches\2022-04-08 - More than an intellectual game - More than an intellectual game_ exploring the monetary policy and financial stability implications of ce.txt,https://www.ecb.europa.eu/press/key/date/2022/html/ecb.sp220408~980e39957b.en.html,speech_after_meeting,0.7
ECB_2022_04,ECB,2022-04-14,DOC_EE91A4C9053A,other,Press Conference Q&A,"Christine Lagarde, Luis de Guindos: Monetary policy statement (with Q&A)","Christine Lagarde, Luis de Guindos",2022-04-14,0,"data\ECB\Press Conference Q&A\2022-04-14 - Christine Lagarde, Luis de Guindos_ Monetary policy statement (with Q&A).txt",https://www.ecb.europa.eu/press/press_conference/monetary-policy-statement/2022/html/ecb.is220414~fa5c8fe142.en.html,other_in_meeting_window,0.4
ECB_2022_04,ECB,2022-04-14,DOC_DADE39041E8E,statement,Monetary Policy,Monetary policy decisions,,2022-04-14,0,data\ECB\Monetary Policy\2022-04-14 - Monetary policy decisions.txt,https://www.ecb.europa.eu/press/pr/date/2022/html/ecb.mp220414~d1b76520c6.en.html,anchor_statement,1.0
ECB_2022_04,ECB,2022-04-14,DOC_DEF7B6208BAF,speech,Speeches,IMFC Statement,Statement by Christine Lagarde,2022-04-21,7,data\ECB\Speeches\2022-04-21 - Statement by Christine Lagarde - IMFC Statement.txt,https://www.ecb.europa.eu/press/key/date/2022/html/ecb.sp220421~589f9733bc.en.html,speech_after_meeting,0.7
ECB_2022_04,ECB,2022-04-14,DOC_93A723AE72E7,speech,Speeches,A new global map: European resilience in a changing world,A new global map,2022-04-22,8,data\ECB\Speeches\2022-04-22 - A new global map - A new global map_ European resilience in a changing world.txt,https://www.ecb.europa.eu/press/key/date/2022/html/ecb.sp220422~c43af3db20.en.html,speech_after_meeting,0.7
ECB_2022_04,ECB,2022-04-14,DOC_BBA004316EC0,speech,Speeches,For a few cryptos more: the Wild West of crypto finance,For a few cryptos more,2022-04-25,11,data\ECB\Speeches\2022-04-25 - For a few cryptos more - For a few cryptos more_ the Wild West of crypto finance.txt,https://www.ecb.europa.eu/press/key/date/2022/html/ecb.sp220425~6436006db0.en.html,speech_after_meeting,0.7
ECB_2022_04,ECB,2022-04-14,DOC_575229AEAB0D,speech,Speeches,Statistical implications of the ECB’s monetary policy strategy review,Keynote speech by Philip R. Lane,2022-04-27,13,data\ECB\Speeches\2022-04-27 - Keynote speech by Philip R. Lane - Statistical implications of the ECB’s monetary policy strategy review.txt,https://www.ecb.europa.eu/press/key/date/2022/html/ecb.sp220427~df7c9ea061.en.html,speech_after_meeting,0.7
ECB_2022_04,ECB,2022-04-14,DOC_576D84CB7EF9,speech,Speeches,Presentation of the ECB Annual Report 2021 to the Committee on Economic and Monetary Affairs of the European Parliament,"Luis de Guindos, Vice",2022-04-28,14,"data\ECB\Speeches\2022-04-28 - Luis de Guindos, Vice - Presentation of the ECB Annual Report 2021 to the Committee on Economic and Monetary Affairs of the European Parl.txt",https://www.ecb.europa.eu/press/key/date/2022/html/ecb.sp220428~4e38b8ed52.en.html,speech_after_meeting,0.7
ECB_2022_04,ECB,2022-04-14,DOC_0C61A9EDD245,speech,Speeches,The euro area outlook: some analytical considerations,The euro area outlook,2022-05-05,21,data\ECB\Speeches\2022-05-05 - The euro area outlook - The euro area outlook_ some analytical considerations.txt,https://www.ecb.europa.eu/press/key/date/2022/html/ecb.sp220505~dcbd30ecb6.en.html,speech_after_meeting,0.7
ECB_2022_04,ECB,2022-04-14,DOC_92F57BFA96E3,speech,Speeches,Challenges along Europe’s road,Speech by Christine Lagarde,2022-05-11,27,data\ECB\Speeches\2022-05-11 - Speech by Christine Lagarde - Challenges along Europe’s road.txt,https://www.ecb.europa.eu/press/key/date/2022/html/ecb.sp220511~4c8d4500f6.en.html,speech_after_meeting,0.7
ECB_2022_04,ECB,2022-04-14,DOC_0AE6D471E1A4,speech,Speeches,Public money for the digital era: towards a digital euro,Public money for the digital era,2022-05-16,32,data\ECB\Speeches\2022-05-16 - Public money for the digital era - Public money for the digital era_ towards a digital euro.txt,https://www.ecb.europa.eu/press/key/date/2022/html/ecb.sp220516~454821f0e3.en.html,speech_after_meeting,0.7
ECB_2022_04,ECB,2022-04-14,DOC_9F1E67E4CA07,speech,Speeches,Building the Financial System of the 21st Century,,2022-05-19,35,data\ECB\Speeches\2022-05-19 - Building the Financial System of the 21st Century.txt,https://www.ecb.europa.eu/press/key/date/2022/html/ecb.sp220519~d262d1ba32.en.html,speech_after_meeting,0.7
ECB_2022_04,ECB,2022-04-14,DOC_E7693596BF7D,speech,Speeches,Normalising monetary policy in non-normal times,Fabio Panetta,2022-05-25,41,data\ECB\Speeches\2022-05-25 - Fabio Panetta - Normalising monetary policy in non-normal times.txt,https://www.ecb.europa.eu/press/key/date/2022/html/ecb.sp220525~eef274e856.en.html,speech_after_meeting,0.7
ECB_2022_04,ECB,2022-04-14,DOC_40B18BCD9384,speech,Speeches,Adapting to the fast-moving cyber threat landscape: no room for complacency,Fabio Panetta,2022-06-01,48,data\ECB\Speeches\2022-06-01 - Fabio Panetta - Adapting to the fast-moving cyber threat landscape_ no room for complacency.txt,https://www.ecb.europa.eu/press/key/date/2022/html/ecb.sp220601~89cc3f518c.en.html,speech_after_meeting,0.7
ECB_2022_06,ECB,2022-06-09,DOC_7B6E3436FCAC,other,Press Conference Q&A,"Christine Lagarde, Luis de Guindos: Monetary policy statement (with Q&A)","Christine Lagarde, Luis de Guindos",2022-06-09,0,"data\ECB\Press Conference Q&A\2022-06-09 - Christine Lagarde, Luis de Guindos_ Monetary policy statement (with Q&A).txt",https://www.ecb.europa.eu/press/press_conference/monetary-policy-statement/2022/html/ecb.is220609~abe7c95b19.en.html,other_in_meeting_window,0.4
ECB_2022_06,ECB,2022-06-09,DOC_BA2C2B2993E3,statement,Monetary Policy,Monetary policy decisions,,2022-06-09,0,data\ECB\Monetary Policy\2022-06-09 - Monetary policy decisions.txt,https://www.ecb.europa.eu/press/pr/date/2022/html/ecb.mp220609~122666c272.en.html,anchor_statement,1.0
ECB_2022_06,ECB,2022-06-09,DOC_BFD33696DA4C,speech,Speeches,"Supervising banks’ governance: structure, behaviour and culture",Supervising banks’ governance,2022-06-11,2,"data\ECB\Speeches\2022-06-11 - Supervising banks’ governance - Supervising banks’ governance_ structure, behaviour and culture.txt",https://www.ecb.europa.eu/press/key/date/2022/html/ecb.sp220611~01ae4a6b1c.en.html,speech_after_meeting,0.7
ECB_2022_06,ECB,2022-06-09,DOC_9332B6958054,speech,Speeches,United in diversity – Challenges for monetary policy in a currency union,Isabel Schnabel,2022-06-14,5,data\ECB\Speeches\2022-06-14 - Isabel Schnabel - United in diversity – Challenges for monetary policy in a currency union.txt,https://www.ecb.europa.eu/press/key/date/2022/html/ecb.sp220614~67eda62c44.en.html,speech_after_meeting,0.7
ECB_2022_06,ECB,2022-06-09,DOC_1088AF553886,speech,Speeches,The digital euro and the evolution of the financial system,Introductory statement by Fabio Panetta,2022-06-15,6,data\ECB\Speeches\2022-06-15 - Introductory statement by Fabio Panetta - The digital euro and the evolution of the financial system.txt,https://www.ecb.europa.eu/press/key/date/2022/html/ecb.sp220615~0b859eb8bc.en.html,speech_after_meeting,0.7
ECB_2022_06,ECB,2022-06-09,DOC_72EB395D2A8A,speech,Speeches,Bringing European payments to the next stage: a public-private endeavour,Fabio Panetta,2022-06-16,7,data\ECB\Speeches\2022-06-16 - Fabio Panetta - Bringing European payments to the next stage_ a public-private endeavour.txt,https://www.ecb.europa.eu/press/key/date/2022/html/ecb.sp220616~9f8d1e277b.en.html,speech_after_meeting,0.7
ECB_2022_06,ECB,2022-06-09,DOC_7F5F9EF2A9E0,speech,Speeches,Hearing of the Committee on Economic and Monetary Affairs of the European Parliament,Speech by Christine Lagarde,2022-06-20,11,data\ECB\Speeches\2022-06-20 - Speech by Christine Lagarde - Hearing of the Committee on Economic and Monetary Affairs of the European Parliament.txt,https://www.ecb.europa.eu/press/key/date/2022/html/ecb.sp220620~b91bded4f1.en.html,speech_after_meeting,0.7
ECB_2022_06,ECB,2022-06-09,DOC_8766F5B2C88F,speech,Speeches,"Good, bad and hopeful news: the latest on the supervision of climate risks","Good, bad and hopeful news",2022-06-22,13,"data\ECB\Speeches\2022-06-22 - Good, bad and hopeful news - Good, bad and hopeful news_ the latest on the supervision of climate risks.txt",https://www.ecb.europa.eu/press/key/date/2022/html/ecb.sp220622~860a2aef6b.en.html,speech_after_meeting,0.7
ECB_2022_06,ECB,2022-06-09,DOC_81A62CEF84E4,speech,Speeches,Price stability and policy transmission in the euro area,Speech by Christine Lagarde,2022-06-28,19,data\ECB\Speeches\2022-06-28 - Speech by Christine Lagarde - Price stability and policy transmission in the euro area.txt,https://www.ecb.europa.eu/press/key/date/2022/html/ecb.sp220628~754ac25107.en.html,speech_after_meeting,0.7
ECB_2022_06,ECB,2022-06-09,DOC_EBAC3DB9139E,speech,Speeches,Europe as a common shield: protecting the euro area economy from global shocks,Europe as a common shield,2022-07-01,22,data\ECB\Speeches\2022-07-01 - Europe as a common shield - Europe as a common shield_ protecting the euro area economy from global shocks.txt,https://www.ecb.europa.eu/press/key/date/2022/html/ecb.sp220701~254252d76e.en.html,speech_after_meeting,0.7
ECB_2022_06,ECB,2022-06-09,DOC_8F383A88C67A,speech,Speeches,Challenges for monetary policy,"Luis de Guindos, Vice",2022-07-04,25,"data\ECB\Speeches\2022-07-04 - Luis de Guindos, Vice - Challenges for monetary policy.txt",https://www.ecb.europa.eu/press/key/date/2022/html/ecb.sp220704~9f5fc26b43.en.html,speech_after_meeting,0.7
ECB_2022_07,ECB,2022-07-21,DOC_967D1CFFDADF,other,Press Conference Q&A,"Christine Lagarde, Luis de Guindos: Monetary policy statement (with Q&A)","Christine Lagarde, Luis de Guindos",2022-07-21,0,"data\ECB\Press Conference Q&A\2022-07-21 - Christine Lagarde, Luis de Guindos_ Monetary policy statement (with Q&A).txt",https://www.ecb.europa.eu/press/press_conference/monetary-policy-statement/2022/html/ecb.is220721~51ef267c68.en.html,other_in_meeting_window,0.4
ECB_2022_07,ECB,2022-07-21,DOC_65076AA9A6D3,statement,Monetary Policy,Monetary policy decisions,,2022-07-21,0,data\ECB\Monetary Policy\2022-07-21 - Monetary policy decisions.txt,https://www.ecb.europa.eu/press/pr/date/2022/html/ecb.mp220721~53e5bdd317.en.html,anchor_statement,1.0
ECB_2022_07,ECB,2022-07-21,DOC_E6969138D41A,speech,Speeches,Monetary policy and the Great Volatility,Isabel Schnabel,2022-08-27,37,data\ECB\Speeches\2022-08-27 - Isabel Schnabel - Monetary policy and the Great Volatility.txt,https://www.ecb.europa.eu/press/key/date/2022/html/ecb.sp220827~93f7d07535.en.html,speech_after_meeting,0.7
ECB_2022_07,ECB,2022-07-21,DOC_C106E75A1FED,speech,Speeches,Monetary policy in the euro area: the next phase,Monetary policy in the euro area,2022-08-29,39,data\ECB\Speeches\2022-08-29 - Monetary policy in the euro area - Monetary policy in the euro area_ the next phase.txt,https://www.ecb.europa.eu/press/key/date/2022/html/ecb.sp220829~b9fac50217.en.html,speech_after_meeting,0.7
ECB_2022_09,ECB,2022-09-08,DOC_A500CB6BAB5D,other,Press Conference Q&A,"Christine Lagarde, Luis de Guindos: Monetary policy statement (with Q&A)","Christine Lagarde, Luis de Guindos",2022-09-08,0,"data\ECB\Press Conference Q&A\2022-09-08 - Christine Lagarde, Luis de Guindos_ Monetary policy statement (with Q&A).txt",https://www.ecb.europa.eu/press/press_conference/monetary-policy-statement/2022/html/ecb.is220908~cd8363c58e.en.html,other_in_meeting_window,0.4
ECB_2022_09,ECB,2022-09-08,DOC_6A5DED1097C7,statement,Monetary Policy,Monetary policy decisions,,2022-09-08,0,data\ECB\Monetary Policy\2022-09-08 - Monetary policy decisions.txt,https://www.ecb.europa.eu/press/pr/date/2022/html/ecb.mp220908~c1b6839378.en.html,anchor_statement,1.0
ECB_2022_09,ECB,2022-09-08,DOC_1CCAEE52C033,speech,Speeches,Reconciling the macro and micro evidence on the effects of monetary policy,Welcome address by Isabel Schnabel,2022-09-12,4,data\ECB\Speeches\2022-09-12 - Welcome address by Isabel Schnabel - Reconciling the macro and micro evidence on the effects of monetary policy.txt,https://www.ecb.europa.eu/press/key/date/2022/html/ecb.sp220912~3d48b8f309.en.html,speech_after_meeting,0.7
ECB_2022_09,ECB,2022-09-08,DOC_33723A77D291,speech,Speeches,Monetary policy and the money market,Opening remarks by Philip R. Lane,2022-09-14,6,data\ECB\Speeches\2022-09-14 - Opening remarks by Philip R. Lane - Monetary policy and the money market.txt,https://www.ecb.europa.eu/press/key/date/2022/html/ecb.sp220914~79c898d157.en.html,speech_after_meeting,0.7
ECB_2022_09,ECB,2022-09-08,DOC_15D4A369493E,speech,Speeches,Euro area current policy challenges,Euro area current policy challenges,2022-09-15,7,data\ECB\Speeches\2022-09-15 - Euro area current policy challenges - Euro area current policy challenges.txt,https://www.ecb.europa.eu/press/key/date/2022/html/ecb.sp220915~84012f3dea.en.html,speech_after_meeting,0.7
ECB_2022_09,ECB,2022-09-08,DOC_6FA014DD0BA5,speech,Speeches,Monetary policy in the euro area,,2022-09-20,12,data\ECB\Speeches\2022-09-20 - Monetary policy in the euro area.txt,https://www.ecb.europa.eu/press/key/date/2022/html/ecb.sp220920~c3afc1a441.en.html,speech_after_meeting,0.7
ECB_2022_09,ECB,2022-09-08,DOC_8D64FE62831C,speech,Speeches,Demystifying wholesale central bank digital currency,Fabio Panetta,2022-09-26,18,data\ECB\Speeches\2022-09-26 - Fabio Panetta - Demystifying wholesale central bank digital currency.txt,https://www.ecb.europa.eu/press/key/date/2022/html/ecb.sp220926~5f9b85685a.en.html,speech_after_meeting,0.7
ECB_2022_09,ECB,2022-09-08,DOC_C1C992F568E9,speech,Speeches,The ECB’s monetary policy strategy: delivering our mandate in all circumstances,The ECB’s monetary policy strategy,2022-09-28,20,data\ECB\Speeches\2022-09-28 - The ECB’s monetary policy strategy - The ECB’s monetary policy strategy_ delivering our mandate in all circumstances.txt,https://www.ecb.europa.eu/press/key/date/2022/html/ecb.sp220928~13fb6e1240.en.html,speech_after_meeting,0.7
ECB_2022_09,ECB,2022-09-08,DOC_4B0395CA1C7C,speech,Speeches,Building on our strengths: the role of the public and private sectors in the digital euro ecosystem,Building on our strengths,2022-09-29,21,data\ECB\Speeches\2022-09-29 - Building on our strengths - Building on our strengths_ the role of the public and private sectors in the digital euro ecosystem.txt,https://www.ecb.europa.eu/press/key/date/2022/html/ecb.sp220929~91a3775a2a.en.html,speech_after_meeting,0.7
ECB_2022_09,ECB,2022-09-08,DOC_97720610170A,speech,Speeches,Monetary policy in a cost-of-living crisis,Speech by Isabel Schnabel,2022-09-30,22,data\ECB\Speeches\2022-09-30 - Speech by Isabel Schnabel - Monetary policy in a cost-of-living crisis.txt,https://www.ecb.europa.eu/press/key/date/2022/html/ecb.sp220930~9dac17b1fe.en.html,speech_after_meeting,0.7
ECB_2022_09,ECB,2022-09-08,DOC_8D929C6939D4,speech,Speeches,The transmission of monetary policy,The transmission of monetary policy,2022-10-11,33,data\ECB\Speeches\2022-10-11 - The transmission of monetary policy - The transmission of monetary policy.txt,https://www.ecb.europa.eu/press/key/date/2022/html/ecb.sp221011~5062b44330.en.html,speech_after_meeting,0.7
ECB_2022_09,ECB,2022-09-08,DOC_BE9C8C0DDD56,speech,Speeches,IMFC Statement,Statement by Christine Lagarde,2022-10-14,36,data\ECB\Speeches\2022-10-14 - Statement by Christine Lagarde - IMFC Statement.txt,https://www.ecb.europa.eu/press/key/date/2022/html/ecb.sp221014~c09c0b8fbc.en.html,speech_after_meeting,0.7
ECB_2022_10,ECB,2022-10-27,DOC_2BFA85E21A9A,other,Press Conference Q&A,"Christine Lagarde, Luis de Guindos: Monetary policy statement (with Q&A)","Christine Lagarde, Luis de Guindos",2022-10-27,0,"data\ECB\Press Conference Q&A\2022-10-27 - Christine Lagarde, Luis de Guindos_ Monetary policy statement (with Q&A).txt",https://www.ecb.europa.eu/press/press_conference/monetary-policy-statement/2022/html/ecb.is221027~358a06a35f.en.html,other_in_meeting_window,0.4
ECB_2022_10,ECB,2022-10-27,DOC_6A8FE960C5AE,statement,Monetary Policy,Monetary policy decisions,,2022-10-27,0,data\ECB\Monetary Policy\2022-10-27 - Monetary policy decisions.txt,https://www.ecb.europa.eu/press/pr/date/2022/html/ecb.mp221027~df1d778b84.en.html,anchor_statement,1.0
ECB_2022_10,ECB,2022-10-27,DOC_113FA2EDB6FD,speech,Speeches,Mind the step: calibrating monetary policy in a volatile environment,Mind the step,2022-11-03,7,data\ECB\Speeches\2022-11-03 - Mind the step - Mind the step_ calibrating monetary policy in a volatile environment.txt,https://www.ecb.europa.eu/press/key/date/2022/html/ecb.sp221103~881bc2c186.en.html,speech_after_meeting,0.7
ECB_2022_10,ECB,2022-10-27,DOC_9B6544B11891,speech,Speeches,The euro area economy and the energy transition,"Luis de Guindos, Vice",2022-11-04,8,"data\ECB\Speeches\2022-11-04 - Luis de Guindos, Vice - The euro area economy and the energy transition.txt",https://www.ecb.europa.eu/press/key/date/2022/html/ecb.sp221104~b1fcbec7e6.en.html,speech_after_meeting,0.7
ECB_2022_10,ECB,2022-10-27,DOC_69A50346903D,speech,Speeches,Digital euro: a common European project,Digital euro,2022-11-07,11,data\ECB\Speeches\2022-11-07 - Digital euro - Digital euro_ a common European project.txt,https://www.ecb.europa.eu/press/key/date/2022/html/ecb.sp221107~dcc0cd8ed9.en.html,speech_after_meeting,0.7
ECB_2022_10,ECB,2022-10-27,DOC_7370A03C492E,speech,Speeches,Delivering on the Glasgow Declaration: actions by the ECB on the road through Sharm El-Sheikh to a Paris-compatible path,Delivering on the Glasgow Declaration,2022-11-09,13,data\ECB\Speeches\2022-11-09 - Delivering on the Glasgow Declaration - Delivering on the Glasgow Declaration_ actions by the ECB on the road through Sharm El-Sheikh to.txt,https://www.ecb.europa.eu/press/key/date/2022/html/ecb.sp221109~e0c1f2520d.en.html,speech_after_meeting,0.7
ECB_2022_10,ECB,2022-10-27,DOC_FAC6CAA094C1,speech,Speeches,Investing in Europe’s future: The case for a rethink,Investing in Europe’s future,2022-11-11,15,data\ECB\Speeches\2022-11-11 - Investing in Europe’s future - Investing in Europe’s future_ The case for a rethink.txt,https://www.ecb.europa.eu/press/key/date/2022/html/ecb.sp221111~9dfd501542.en.html,speech_after_meeting,0.7
ECB_2022_10,ECB,2022-10-27,DOC_0FF2D7A4A487,speech,Speeches,The complexity of monetary policy,The complexity of monetary policy,2022-11-14,18,data\ECB\Speeches\2022-11-14 - The complexity of monetary policy - The complexity of monetary policy.txt,https://www.ecb.europa.eu/press/key/date/2022/html/ecb.sp221114~23b213922c.en.html,speech_after_meeting,0.7
ECB_2022_10,ECB,2022-10-27,DOC_9FF20FD82879,speech,Speeches,Maintaining prudence when navigating unexpected tides and firming currents,Christine Lagarde recently highlighted.,2022-11-15,19,data\ECB\Speeches\2022-11-15 - Christine Lagarde recently highlighted - Maintaining prudence when navigating unexpected tides and firming currents.txt,https://www.ecb.europa.eu/press/key/date/2022/html/ecb.sp221115~2bad2ebaec.en.html,speech_after_meeting,0.7
ECB_2022_10,ECB,2022-10-27,DOC_A93CB5443DC3,speech,Speeches,Monetary policy in a new environment,Speech by Christine Lagarde,2022-11-18,22,data\ECB\Speeches\2022-11-18 - Speech by Christine Lagarde - Monetary policy in a new environment.txt,https://www.ecb.europa.eu/press/key/date/2022/html/ecb.sp221118~639420cee0.en.html,speech_after_meeting,0.7
ECB_2022_10,ECB,2022-10-27,DOC_9E3EA2B14BCD,speech,Speeches,Finding the right mix: monetary-fiscal interaction at times of high inflation,Finding the right mix,2022-11-24,28,data\ECB\Speeches\2022-11-24 - Finding the right mix - Finding the right mix_ monetary-fiscal interaction at times of high inflation.txt,https://www.ecb.europa.eu/press/key/date/2022/html/ecb.sp221124~fa733bc432.en.html,speech_after_meeting,0.7
ECB_2022_10,ECB,2022-10-27,DOC_AC9BEC0C5399,speech,Speeches,Hearing of the Committee on Economic and Monetary Affairs of the European Parliament,Speech by Christine Lagarde,2022-11-28,32,data\ECB\Speeches\2022-11-28 - Speech by Christine Lagarde - Hearing of the Committee on Economic and Monetary Affairs of the European Parliament.txt,https://www.ecb.europa.eu/press/key/date/2022/html/ecb.sp221128~5a858fbefd.en.html,speech_after_meeting,0.7
ECB_2022_10,ECB,2022-10-27,DOC_1A8558F19918,speech,Speeches,Macroprudential policy in Europe: building resilience in a challenging environment,Macroprudential policy in Europe,2022-12-08,42,data\ECB\Speeches\2022-12-08 - Macroprudential policy in Europe - Macroprudential policy in Europe_ building resilience in a challenging environment.txt,https://www.ecb.europa.eu/press/key/date/2022/html/ecb.sp221208~f83c604a23.en.html,speech_after_meeting,0.7
ECB_2022_12,ECB,2022-12-15,DOC_CDE5355AD170,other,Press Conference Q&A,"Christine Lagarde, Luis de Guindos: Monetary policy statement (with Q&A)","Christine Lagarde, Luis de Guindos",2022-12-15,0,"data\ECB\Press Conference Q&A\2022-12-15 - Christine Lagarde, Luis de Guindos_ Monetary policy statement (with Q&A).txt",https://www.ecb.europa.eu/press/press_conference/monetary-policy-statement/2022/html/ecb.is221215~197ac630ae.en.html,other_in_meeting_window,0.4
ECB_2022_12,ECB,2022-12-15,DOC_81FE69806C33,statement,Monetary Policy,Monetary policy decisions,,2022-12-15,0,data\ECB\Monetary Policy\2022-12-15 - Monetary policy decisions.txt,https://www.ecb.europa.eu/press/pr/date/2022/html/ecb.mp221215~f3461d7b6e.en.html,anchor_statement,1.0
ECB_2022_12,ECB,2022-12-15,DOC_C4B3C885D6A8,speech,Speeches,Monetary policy tightening and the green transition,Speech by Isabel Schnabel,2023-01-10,26,data\ECB\Speeches\2023-01-10 - Speech by Isabel Schnabel - Monetary policy tightening and the green transition.txt,https://www.ecb.europa.eu/press/key/date/2023/html/ecb.sp230110~21c89bef1b.en.html,speech_after_meeting,0.7
ECB_2022_12,ECB,2022-12-15,DOC_D042A4A4B9D2,speech,Speeches,"The digital euro: our money wherever, whenever we need it",The digital euro,2023-01-23,39,"data\ECB\Speeches\2023-01-23 - The digital euro - The digital euro_ our money wherever, whenever we need it.txt",https://www.ecb.europa.eu/press/key/date/2023/html/ecb.sp230123~2f8271ed76.en.html,speech_after_meeting,0.7
ECB_2023_02,ECB,2023-02-02,DOC_A6685714D96C,other,Press Conference Q&A,"Christine Lagarde, Luis de Guindos: Monetary policy statement (with Q&A)","Christine Lagarde, Luis de Guindos",2023-02-02,0,"data\ECB\Press Conference Q&A\2023-02-02 - Christine Lagarde, Luis de Guindos_ Monetary policy statement (with Q&A).txt",https://www.ecb.europa.eu/press/press_conference/monetary-policy-statement/2023/html/ecb.is230202~4313651089.en.html,other_in_meeting_window,0.4
ECB_2023_02,ECB,2023-02-02,DOC_2A03BDE6EAA9,statement,Monetary Policy,Monetary policy decisions,,2023-02-02,0,data\ECB\Monetary Policy\2023-02-02 - Monetary policy decisions.txt,https://www.ecb.europa.eu/press/pr/date/2023/html/ecb.mp230202~08a972ac76.en.html,anchor_statement,1.0
ECB_2023_02,ECB,2023-02-02,DOC_043DBB0FE9BC,speech,Speeches,European Parliament plenary debate on the ECB Annual Report,Speech by Christine Lagarde,2023-02-15,13,data\ECB\Speeches\2023-02-15 - Speech by Christine Lagarde - European Parliament plenary debate on the ECB Annual Report.txt,https://www.ecb.europa.eu/press/key/date/2023/html/ecb.sp230215~a512d68d9f.en.html,speech_after_meeting,0.7
ECB_2023_02,ECB,2023-02-02,DOC_4CA28F782CE5,speech,Speeches,Monetary policy after the energy shock,Fabio Panetta,2023-02-16,14,data\ECB\Speeches\2023-02-16 - Fabio Panetta - Monetary policy after the energy shock.txt,https://www.ecb.europa.eu/press/key/date/2023/html/ecb.sp230216~a297a41feb.en.html,speech_after_meeting,0.7
ECB_2023_02,ECB,2023-02-02,DOC_13B978F172F2,speech,Speeches,Quantitative tightening: rationale and market impact,Quantitative tightening,2023-03-02,28,data\ECB\Speeches\2023-03-02 - Quantitative tightening - Quantitative tightening_ rationale and market impact.txt,https://www.ecb.europa.eu/press/key/date/2023/html/ecb.sp230302~41273ad467.en.html,speech_after_meeting,0.7
ECB_2023_02,ECB,2023-02-02,DOC_DF7943646E71,speech,Speeches,Underlying inflation,Lecture by Philip R. Lane,2023-03-06,32,data\ECB\Speeches\2023-03-06 - Lecture by Philip R. Lane - Underlying inflation.txt,https://www.ecb.europa.eu/press/key/date/2023/html/ecb.sp230306~57f17143da.en.html,speech_after_meeting,0.7
ECB_2023_02,ECB,2023-02-02,DOC_553BE359160C,speech,Speeches,The Quick and the Dead: building up cyber resilience in the financial sector,The Quick and the Dead,2023-03-08,34,data\ECB\Speeches\2023-03-08 - The Quick and the Dead - The Quick and the Dead_ building up cyber resilience in the financial sector.txt,https://www.ecb.europa.eu/press/key/date/2023/html/ecb.sp230308~92211cd1f5.en.html,speech_after_meeting,0.7
ECB_2023_03,ECB,2023-03-16,DOC_8FE49ECA0884,other,Press Conference Q&A,"Christine Lagarde, Luis de Guindos: Monetary policy statement (with Q&A)","Christine Lagarde, Luis de Guindos",2023-03-16,0,"data\ECB\Press Conference Q&A\2023-03-16 - Christine Lagarde, Luis de Guindos_ Monetary policy statement (with Q&A).txt",https://www.ecb.europa.eu/press/press_conference/monetary-policy-statement/2023/html/ecb.is230316~6c10b087b5.en.html,other_in_meeting_window,0.4
ECB_2023_03,ECB,2023-03-16,DOC_29AE3F7765C9,statement,Monetary Policy,Monetary policy decisions,,2023-03-16,0,data\ECB\Monetary Policy\2023-03-16 - Monetary policy decisions.txt,https://www.ecb.europa.eu/press/pr/date/2023/html/ecb.mp230316~aad5249f30.en.html,anchor_statement,1.0
ECB_2023_03,ECB,2023-03-16,DOC_037140BE58B4,speech,Speeches,Hearing of the Committee on Economic and Monetary Affairs of the European Parliament,Speech by Christine Lagarde,2023-03-20,4,data\ECB\Speeches\2023-03-20 - Speech by Christine Lagarde - Hearing of the Committee on Economic and Monetary Affairs of the European Parliament.txt,https://www.ecb.europa.eu/press/key/date/2023/html/ecb.sp230320~8cfe38e846.en.html,speech_after_meeting,0.7
ECB_2023_03,ECB,2023-03-16,DOC_699851DD7B10,speech,Speeches,The path ahead,Speech by Christine Lagarde,2023-03-22,6,data\ECB\Speeches\2023-03-22 - Speech by Christine Lagarde - The path ahead.txt,https://www.ecb.europa.eu/press/key/date/2023/html/ecb.sp230322~306119d102.en.html,speech_after_meeting,0.7
ECB_2023_03,ECB,2023-03-16,DOC_D0F6C7C28869,speech,Speeches,Urgent and vitally important: 2023 as a key milestone in stepping up the management of climate and environmental risks,Urgent and vitally important,2023-03-27,11,data\ECB\Speeches\2023-03-27 - Urgent and vitally important - Urgent and vitally important_ 2023 as a key milestone in stepping up the management of climate and environ.txt,https://www.ecb.europa.eu/press/key/date/2023/html/ecb.sp230327~595cc102da.en.html,speech_after_meeting,0.7
ECB_2023_03,ECB,2023-03-16,DOC_C1A8BA29CBEC,speech,Speeches,Outlook for the euro area economy and financial stability,"Luis de Guindos, Vice",2023-04-01,16,"data\ECB\Speeches\2023-04-01 - Luis de Guindos, Vice - Outlook for the euro area economy and financial stability.txt",https://www.ecb.europa.eu/press/key/date/2023/html/ecb.sp230401~d66e5a2335.en.html,speech_after_meeting,0.7
ECB_2023_03,ECB,2023-03-16,DOC_294E97424BE0,speech,Speeches,IMFC Statement,Statement by Christine Lagarde,2023-04-14,29,data\ECB\Speeches\2023-04-14 - Statement by Christine Lagarde - IMFC Statement.txt,https://www.ecb.europa.eu/press/key/date/2023/html/ecb.sp230414~48b38bc71c.en.html,speech_after_meeting,0.7
ECB_2023_03,ECB,2023-03-16,DOC_BE9D3959451A,speech,Speeches,Central banks in a fragmenting world,Speech by Christine Lagarde,2023-04-17,32,data\ECB\Speeches\2023-04-17 - Speech by Christine Lagarde - Central banks in a fragmenting world.txt,https://www.ecb.europa.eu/press/key/date/2023/html/ecb.sp230417~9f8d34fbd6.en.html,speech_after_meeting,0.7
ECB_2023_03,ECB,2023-03-16,DOC_43E3A568BAF9,speech,Speeches,Monetary policy tightening and the financing of firms,Keynote address by Philip R. Lane,2023-04-19,34,data\ECB\Speeches\2023-04-19 - Keynote address by Philip R. Lane - Monetary policy tightening and the financing of firms.txt,https://www.ecb.europa.eu/press/key/date/2023/html/ecb.sp230419~09fe9b3295.en.html,speech_after_meeting,0.7
ECB_2023_03,ECB,2023-03-16,DOC_90BF21E310F5,speech,Speeches,Policymakers as policy takers – accounting for climate-related and environmental factors in banking supervision and monetary policy,Speech by Frank Elderson,2023-04-21,36,data\ECB\Speeches\2023-04-21 - Speech by Frank Elderson - Policymakers as policy takers – accounting for climate-related and environmental factors in banking supervisio.txt,https://www.ecb.europa.eu/press/key/date/2023/html/ecb.sp230421~489cd977e0.en.html,speech_after_meeting,0.7
ECB_2023_03,ECB,2023-03-16,DOC_FE0E301DE6DB,speech,Speeches,United we stand: European integration as a response to global fragmentation,United we stand,2023-04-24,39,data\ECB\Speeches\2023-04-24 - United we stand - United we stand_ European integration as a response to global fragmentation.txt,https://www.ecb.europa.eu/press/key/date/2023/html/ecb.sp230424~67a4af298c.en.html,speech_after_meeting,0.7
ECB_2023_05,ECB,2023-05-04,DOC_148B8D3D6765,other,Press Conference Q&A,"Christine Lagarde, Luis de Guindos: Monetary policy statement (with Q&A)","Christine Lagarde, Luis de Guindos",2023-05-04,0,"data\ECB\Press Conference Q&A\2023-05-04 - Christine Lagarde, Luis de Guindos_ Monetary policy statement (with Q&A).txt",https://www.ecb.europa.eu/press/press_conference/monetary-policy-statement/2023/html/ecb.is230504~f242392c72.en.html,other_in_meeting_window,0.4
ECB_2023_05,ECB,2023-05-04,DOC_2121768F933D,statement,Monetary Policy,Monetary policy decisions,,2023-05-04,0,data\ECB\Monetary Policy\2023-05-04 - Monetary policy decisions.txt,https://www.ecb.europa.eu/press/pr/date/2023/html/ecb.mp230504~cdfd11a697.en.html,anchor_statement,1.0
ECB_2023_05,ECB,2023-05-04,DOC_5D5E2D8AAD6D,speech,Speeches,Closing gaps to bend the trend: embedding the flow of finance in the transition,Closing gaps to bend the trend,2023-05-05,1,data\ECB\Speeches\2023-05-05 - Closing gaps to bend the trend - Closing gaps to bend the trend_ embedding the flow of finance in the transition.txt,https://www.ecb.europa.eu/press/key/date/2023/html/ecb.sp230505~06e499fce7.en.html,speech_after_meeting,0.7
ECB_2023_05,ECB,2023-05-04,DOC_8159CDEF6CA1,speech,Speeches,Laudatory speech,Laudatory speech by Christine Lagarde,2023-05-16,12,data\ECB\Speeches\2023-05-16 - Laudatory speech by Christine Lagarde - Laudatory speech.txt,https://www.ecb.europa.eu/press/key/date/2023/html/ecb.sp230516~f6f9794177.en.html,speech_after_meeting,0.7
ECB_2023_05,ECB,2023-05-04,DOC_6A3E257516C1,speech,Speeches,Monetary and financial stability – can they be separated?,Speech by Isabel Schnabel,2023-05-19,15,data\ECB\Speeches\2023-05-19 - Speech by Isabel Schnabel - Monetary and financial stability – can they be separated_.txt,https://www.ecb.europa.eu/press/key/date/2023/html/ecb.sp230519~de2f790b1c.en.html,speech_after_meeting,0.7
ECB_2023_05,ECB,2023-05-04,DOC_8B79D687E138,speech,Speeches,Towards a stronger non-bank financial sector,,2023-05-23,19,data\ECB\Speeches\2023-05-23 - Towards a stronger non-bank financial sector.txt,https://www.ecb.europa.eu/press/key/date/2023/html/ecb.sp230523~22f6621da7.en.html,speech_after_meeting,0.7
ECB_2023_05,ECB,2023-05-04,DOC_74237E4567F6,speech,Speeches,Twenty-five years of the ECB,Opening remarks by Christine Lagarde,2023-05-24,20,data\ECB\Speeches\2023-05-24 - Opening remarks by Christine Lagarde - Twenty-five years of the ECB.txt,https://www.ecb.europa.eu/press/key/date/2023/html/ecb.sp230524~4e026cefbc.en.html,speech_after_meeting,0.7
ECB_2023_05,ECB,2023-05-04,DOC_8B5F4EFDD463,speech,Speeches,Presentation of the ECB Annual Report 2022 to the Committee on Economic and Monetary Affairs of the European Parliament,"Luis de Guindos, Vice",2023-05-25,21,"data\ECB\Speeches\2023-05-25 - Luis de Guindos, Vice - Presentation of the ECB Annual Report 2022 to the Committee on Economic and Monetary Affairs of the European Parl.txt",https://www.ecb.europa.eu/press/key/date/2023/html/ecb.sp230525~17a96d98fc.en.html,speech_after_meeting,0.7
ECB_2023_05,ECB,2023-05-04,DOC_50FB3CEB0E85,speech,Speeches,The fight against inflation,Speech by Christine Lagarde,2023-06-01,28,data\ECB\Speeches\2023-06-01 - Speech by Christine Lagarde - The fight against inflation.txt,https://www.ecb.europa.eu/press/key/date/2023/html/ecb.sp230601~2740cf2320.en.html,speech_after_meeting,0.7
ECB_2023_05,ECB,2023-05-04,DOC_7A1C08A5872A,speech,Speeches,Hearing of the Committee on Economic and Monetary Affairs of the European Parliament,Speech by Christine Lagarde,2023-06-05,32,data\ECB\Speeches\2023-06-05 - Speech by Christine Lagarde - Hearing of the Committee on Economic and Monetary Affairs of the European Parliament.txt,https://www.ecb.europa.eu/press/key/date/2023/html/ecb.sp230605~0aadd43ce7.en.html,speech_after_meeting,0.7
ECB_2023_05,ECB,2023-05-04,DOC_A329631447F7,speech,Speeches,Banking Union and Capital Markets Union: high time to move on,Banking Union and Capital Markets Union,2023-06-07,34,data\ECB\Speeches\2023-06-07 - Banking Union and Capital Markets Union - Banking Union and Capital Markets Union_ high time to move on.txt,https://www.ecb.europa.eu/press/key/date/2023/html/ecb.sp230607~eaf4f8b47a.en.html,speech_after_meeting,0.7
ECB_2023_05,ECB,2023-05-04,DOC_A2C3211A64A3,speech,Speeches,EU banking package,EU banking package,2023-06-09,36,data\ECB\Speeches\2023-06-09 - EU banking package - EU banking package.txt,https://www.ecb.europa.eu/press/key/date/2023/html/ecb.sp230609~c9ef904931.en.html,speech_after_meeting,0.7
ECB_2023_06,ECB,2023-06-15,DOC_9C8FBE273A12,other,Press Conference Q&A,"Christine Lagarde, Luis de Guindos: Monetary policy statement (with Q&A)","Christine Lagarde, Luis de Guindos",2023-06-15,0,"data\ECB\Press Conference Q&A\2023-06-15 - Christine Lagarde, Luis de Guindos_ Monetary policy statement (with Q&A).txt",https://www.ecb.europa.eu/press/press_conference/monetary-policy-statement/2023/html/ecb.is230615~3de9d68335.en.html,other_in_meeting_window,0.4
ECB_2023_06,ECB,2023-06-15,DOC_101076A0C836,statement,Monetary Policy,Monetary policy decisions,,2023-06-15,0,data\ECB\Monetary Policy\2023-06-15 - Monetary policy decisions.txt,https://www.ecb.europa.eu/press/pr/date/2023/html/ecb.mp230615~d34cddb4c6.en.html,anchor_statement,1.0
ECB_2023_06,ECB,2023-06-15,DOC_ACF965044269,speech,Speeches,Remarks at G30 dinner,Remarks by Christine Lagarde,2023-06-16,1,data\ECB\Speeches\2023-06-16 - Remarks by Christine Lagarde - Remarks at G30 dinner.txt,https://www.ecb.europa.eu/press/key/date/2023/html/ecb.sp230616~855cf9b61d.en.html,speech_after_meeting,0.7
ECB_2023_06,ECB,2023-06-15,DOC_89893B40EC2F,speech,Speeches,Matteo Maggiori’s contribution to research on international finance and macroeconomics,"Luis de Guindos, Vice",2023-06-20,5,"data\ECB\Speeches\2023-06-20 - Luis de Guindos, Vice - Matteo Maggiori’s contribution to research on international finance and macroeconomics.txt",https://www.ecb.europa.eu/press/key/date/2023/html/ecb.sp230620~96d593594d.en.html,speech_after_meeting,0.7
ECB_2023_06,ECB,2023-06-15,DOC_93FFC6572217,speech,Speeches,Central clearing in turbulent times: frontiers in regulation and oversight,Central clearing in turbulent times,2023-06-22,7,data\ECB\Speeches\2023-06-22 - Central clearing in turbulent times - Central clearing in turbulent times_ frontiers in regulation and oversight.txt,https://www.ecb.europa.eu/press/key/date/2023/html/ecb.sp230622~e1a8c64758.en.html,speech_after_meeting,0.7
ECB_2023_06,ECB,2023-06-15,DOC_9FF8CABA00ED,speech,Speeches,Remarks at the Summit for a new global financing pact,Speech by Christine Lagarde,2023-06-23,8,data\ECB\Speeches\2023-06-23 - Speech by Christine Lagarde - Remarks at the Summit for a new global financing pact.txt,https://www.ecb.europa.eu/press/key/date/2023/html/ecb.sp230623~3e2a3aaa82.en.html,speech_after_meeting,0.7
ECB_2023_06,ECB,2023-06-15,DOC_3CB1D5EAC174,speech,Speeches,Breaking the persistence of inflation,Speech by Christine Lagarde,2023-06-27,12,data\ECB\Speeches\2023-06-27 - Speech by Christine Lagarde - Breaking the persistence of inflation.txt,https://www.ecb.europa.eu/press/key/date/2023/html/ecb.sp230627~b8694e47c8.en.html,speech_after_meeting,0.7
ECB_2023_06,ECB,2023-06-15,DOC_87CEFA316A5E,speech,Speeches,The inflation outlook and monetary policy in the euro area,"Luis de Guindos, Vice",2023-07-07,22,"data\ECB\Speeches\2023-07-07 - Luis de Guindos, Vice - The inflation outlook and monetary policy in the euro area.txt",https://www.ecb.europa.eu/press/key/date/2023/html/ecb.sp230707~8f8f9debc6.en.html,speech_after_meeting,0.7
ECB_2023_06,ECB,2023-06-15,DOC_7BB3737026C5,speech,Speeches,The banking channel of monetary policy tightening in the euro area,Philip R. Lane,2023-07-12,27,data\ECB\Speeches\2023-07-12 - Philip R. Lane - The banking channel of monetary policy tightening in the euro area.txt,https://www.ecb.europa.eu/press/key/date/2023/html/ecb.sp230712~d950906f00.en.html,speech_after_meeting,0.7
ECB_2023_06,ECB,2023-06-15,DOC_295C439596E4,speech,Speeches,Strengthening resilience in a changing geopolitical landscape,Welcome address by Christine Lagarde,2023-07-17,32,data\ECB\Speeches\2023-07-17 - Welcome address by Christine Lagarde - Strengthening resilience in a changing geopolitical landscape.txt,https://www.ecb.europa.eu/press/key/date/2023/html/ecb.sp230717~a9e0adacb8.en.html,speech_after_meeting,0.7
ECB_2023_07,ECB,2023-07-27,DOC_6CDED0AD0E89,other,Press Conference Q&A,"Christine Lagarde, Luis de Guindos: Monetary policy statement (with Q&A)","Christine Lagarde, Luis de Guindos",2023-07-27,0,"data\ECB\Press Conference Q&A\2023-07-27 - Christine Lagarde, Luis de Guindos_ Monetary policy statement (with Q&A).txt",https://www.ecb.europa.eu/press/press_conference/monetary-policy-statement/2023/html/ecb.is230727~e0a11feb2e.en.html,other_in_meeting_window,0.4
ECB_2023_07,ECB,2023-07-27,DOC_2997ECBF7E6F,statement,Monetary Policy,Monetary policy decisions,,2023-07-27,0,data\ECB\Monetary Policy\2023-07-27 - Monetary policy decisions.txt,https://www.ecb.europa.eu/press/pr/date/2023/html/ecb.mp230727~da80cfcf24.en.html,anchor_statement,1.0
ECB_2023_07,ECB,2023-07-27,DOC_E2BD5A52AB81,speech,Speeches,Getting disinflation right,Speech by Fabio Panetta,2023-08-03,7,data\ECB\Speeches\2023-08-03 - Speech by Fabio Panetta - Getting disinflation right.txt,https://www.ecb.europa.eu/press/key/date/2023/html/ecb.sp230803~30bdb2c935.en.html,speech_after_meeting,0.7
ECB_2023_07,ECB,2023-07-27,DOC_93C56953BE8C,speech,Speeches,Policymaking in an age of shifts and breaks,Christine Lagarde,2023-08-25,29,data\ECB\Speeches\2023-08-25 - Christine Lagarde - Policymaking in an age of shifts and breaks.txt,https://www.ecb.europa.eu/press/key/date/2023/html/ecb.sp230825~77711105fe.en.html,speech_after_meeting,0.7
ECB_2023_07,ECB,2023-07-27,DOC_393E79876EA0,speech,Speeches,Disinflation and the Phillips curve,Disinflation and the Phillips curve,2023-08-31,35,data\ECB\Speeches\2023-08-31 - Disinflation and the Phillips curve - Disinflation and the Phillips curve.txt,https://www.ecb.europa.eu/press/key/date/2023/html/ecb.sp230831~c25314a3fc.en.html,speech_after_meeting,0.7
ECB_2023_07,ECB,2023-07-27,DOC_2BAD5C2404B1,speech,Speeches,Shaping Europe’s digital future: the path towards a digital euro,Shaping Europe’s digital future,2023-09-04,39,data\ECB\Speeches\2023-09-04 - Shaping Europe’s digital future - Shaping Europe’s digital future_ the path towards a digital euro.txt,https://www.ecb.europa.eu/press/key/date/2023/html/ecb.sp230904~8f5dff1e57.en.html,speech_after_meeting,0.7
ECB_2023_07,ECB,2023-07-27,DOC_F9B9AA277443,speech,Speeches,What is special about climate-related and environmental risks?,Isabel Schnabel,2023-09-05,40,data\ECB\Speeches\2023-09-05 - Isabel Schnabel - What is special about climate-related and environmental risks_.txt,https://www.ecb.europa.eu/press/key/date/2023/html/ecb.sp230905~8617fdf411.en.html,speech_after_meeting,0.7
ECB_2023_09,ECB,2023-09-14,DOC_1FB7F796C61F,other,Press Conference Q&A,"Christine Lagarde, Luis de Guindos: Monetary policy statement (with Q&A)","Christine Lagarde, Luis de Guindos",2023-09-14,0,"data\ECB\Press Conference Q&A\2023-09-14 - Christine Lagarde, Luis de Guindos_ Monetary policy statement (with Q&A).txt",https://www.ecb.europa.eu/press/press_conference/monetary-policy-statement/2023/html/ecb.is230914~686786984a.en.html,other_in_meeting_window,0.4
ECB_2023_09,ECB,2023-09-14,DOC_3FF482C0E1E2,statement,Monetary Policy,Monetary policy decisions,,2023-09-14,0,data\ECB\Monetary Policy\2023-09-14 - Monetary policy decisions.txt,https://www.ecb.europa.eu/press/pr/date/2023/html/ecb.mp230914~aab39f8c21.en.html,anchor_statement,1.0
ECB_2023_09,ECB,2023-09-14,DOC_DFA921372985,speech,Speeches,Investing in tomorrow: Future-proofing fiscal policies and governance in Europe,Investing in tomorrow,2023-09-20,6,data\ECB\Speeches\2023-09-20 - Investing in tomorrow - Investing in tomorrow_ Future-proofing fiscal policies and governance in Europe.txt,https://www.ecb.europa.eu/press/key/date/2023/html/ecb.sp230920~c21e96e03f.en.html,speech_after_meeting,0.7
ECB_2023_09,ECB,2023-09-14,DOC_ACA4FE824699,speech,Speeches,A Mediterranean Odyssey: from ancient origins to future strength,A Mediterranean Odyssey,2023-09-21,7,data\ECB\Speeches\2023-09-21 - A Mediterranean Odyssey - A Mediterranean Odyssey_ from ancient origins to future strength.txt,https://www.ecb.europa.eu/press/key/date/2023/html/ecb.sp230921~9ae279d5ef.en.html,speech_after_meeting,0.7
ECB_2023_09,ECB,2023-09-14,DOC_881B9C689EF5,speech,Speeches,Disinflation and monetary policy in the euro area,Dinner speech by Philip R. Lane,2023-09-22,8,data\ECB\Speeches\2023-09-22 - Dinner speech by Philip R. Lane - Disinflation and monetary policy in the euro area.txt,https://www.ecb.europa.eu/press/key/date/2023/html/ecb.sp230922~3104733830.en.html,speech_after_meeting,0.7
ECB_2023_09,ECB,2023-09-14,DOC_1D96B66A54E9,speech,Speeches,Hearing of the Committee on Economic and Monetary Affairs of the European Parliament,Speech by Christine Lagarde,2023-09-25,11,data\ECB\Speeches\2023-09-25 - Speech by Christine Lagarde - Hearing of the Committee on Economic and Monetary Affairs of the European Parliament.txt,https://www.ecb.europa.eu/press/key/date/2023/html/ecb.sp230925~036083efca.en.html,speech_after_meeting,0.7
ECB_2023_09,ECB,2023-09-14,DOC_1FA0AEF458D5,speech,Speeches,Towards an orderly energy transition,Towards an orderly energy transition,2023-09-29,15,data\ECB\Speeches\2023-09-29 - Towards an orderly energy transition - Towards an orderly energy transition.txt,https://www.ecb.europa.eu/press/key/date/2023/html/ecb.sp230929~9cd14eddfc.en.html,speech_after_meeting,0.7
ECB_2023_09,ECB,2023-09-14,DOC_CFA5BEEE925C,speech,Speeches,Welcome address,Welcome address by Christine Lagarde,2023-10-04,20,data\ECB\Speeches\2023-10-04 - Welcome address by Christine Lagarde - Welcome address.txt,https://www.ecb.europa.eu/press/key/date/2023/html/ecb.sp231004~61531ca833.en.html,speech_after_meeting,0.7
ECB_2023_09,ECB,2023-09-14,DOC_3774DF703C8F,speech,Speeches,IMFC Statement,Statement by Christine Lagarde,2023-10-14,30,data\ECB\Speeches\2023-10-14 - Statement by Christine Lagarde - IMFC Statement.txt,https://www.ecb.europa.eu/press/key/date/2023/html/ecb.sp231014~60c5eb8328.en.html,speech_after_meeting,0.7
ECB_2023_09,ECB,2023-09-14,DOC_6F4F5C2607EF,speech,Speeches,Macroprudential policy and research: learning from challenging times,Macroprudential policy and research,2023-10-17,33,data\ECB\Speeches\2023-10-17 - Macroprudential policy and research - Macroprudential policy and research_ learning from challenging times.txt,https://www.ecb.europa.eu/press/key/date/2023/html/ecb.sp231017~5c95f7288a.en.html,speech_after_meeting,0.7
ECB_2023_09,ECB,2023-09-14,DOC_8729754040B5,speech,Speeches,Remarks delivered at the Bank of Greece on the occasion of the external Governing Council monetary policy meeting in Athens,Speech by Christine Lagarde,2023-10-25,41,data\ECB\Speeches\2023-10-25 - Speech by Christine Lagarde - Remarks delivered at the Bank of Greece on the occasion of the external Governing Council monetary policy m.txt,https://www.ecb.europa.eu/press/key/date/2023/html/ecb.sp231025~edcc5ca1db.en.html,speech_after_meeting,0.7
ECB_2023_10,ECB,2023-10-26,DOC_1DD4767FE5A8,other,Press Conference Q&A,"Christine Lagarde, Luis de Guindos: Monetary policy statement (with Q&A)","Christine Lagarde, Luis de Guindos",2023-10-26,0,"data\ECB\Press Conference Q&A\2023-10-26 - Christine Lagarde, Luis de Guindos_ Monetary policy statement (with Q&A).txt",https://www.ecb.europa.eu/press/press_conference/monetary-policy-statement/2023/html/ecb.is231026~c23b4eb5f0.en.html,other_in_meeting_window,0.4
ECB_2023_10,ECB,2023-10-26,DOC_80B337156D7D,statement,Monetary Policy,Monetary policy decisions,,2023-10-26,0,data\ECB\Monetary Policy\2023-10-26 - Monetary policy decisions.txt,https://www.ecb.europa.eu/press/pr/date/2023/html/ecb.mp231026~6028cea576.en.html,anchor_statement,1.0
ECB_2023_10,ECB,2023-10-26,DOC_5E90F9E5B5B4,speech,Speeches,The euro area economy and our monetary policy stance,"Luis de Guindos, Vice",2023-10-30,4,"data\ECB\Speeches\2023-10-30 - Luis de Guindos, Vice - The euro area economy and our monetary policy stance.txt",https://www.ecb.europa.eu/press/key/date/2023/html/ecb.sp231030~134add5861.en.html,speech_after_meeting,0.7
ECB_2023_10,ECB,2023-10-26,DOC_A463B852DC5B,speech,Speeches,Central bank liquidity: a macroeconomic perspective,Central bank liquidity,2023-11-09,14,data\ECB\Speeches\2023-11-09 - Central bank liquidity - Central bank liquidity_ a macroeconomic perspective.txt,https://www.ecb.europa.eu/press/key/date/2023/html/ecb.sp231109~fd9153a89f.en.html,speech_after_meeting,0.7
ECB_2023_10,ECB,2023-10-26,DOC_3CD98624DB8A,speech,Speeches,Outlook for the euro area economy and financial stability,"Luis de Guindos, Vice",2023-11-13,18,"data\ECB\Speeches\2023-11-13 - Luis de Guindos, Vice - Outlook for the euro area economy and financial stability.txt",https://www.ecb.europa.eu/press/key/date/2023/html/ecb.sp231113~c3716415a6.en.html,speech_after_meeting,0.7
ECB_2023_10,ECB,2023-10-26,DOC_2ECCEDB1ADD2,speech,Speeches,Making finance fit for Paris: achieving “negative splits”,Making finance fit for Paris,2023-11-14,19,data\ECB\Speeches\2023-11-14 - Making finance fit for Paris - Making finance fit for Paris_ achieving “negative splits”.txt,https://www.ecb.europa.eu/press/key/date/2023/html/ecb.sp231114~5bf50e8b7a.en.html,speech_after_meeting,0.7
ECB_2023_10,ECB,2023-10-26,DOC_984BCD105ED1,speech,Speeches,The ESRB’s first general warning one year on,Welcome remarks by Christine Lagarde,2023-11-16,21,data\ECB\Speeches\2023-11-16 - Welcome remarks by Christine Lagarde - The ESRB’s first general warning one year on.txt,https://www.ecb.europa.eu/press/key/date/2023/html/ecb.sp231116~1bdd773fdc.en.html,speech_after_meeting,0.7
ECB_2023_10,ECB,2023-10-26,DOC_8D67C083DAB0,speech,Speeches,A Kantian shift for the capital markets union,Speech by Christine Lagarde,2023-11-17,22,data\ECB\Speeches\2023-11-17 - Speech by Christine Lagarde - A Kantian shift for the capital markets union.txt,https://www.ecb.europa.eu/press/key/date/2023/html/ecb.sp231117~88389f194b.en.html,speech_after_meeting,0.7
ECB_2023_10,ECB,2023-10-26,DOC_5E1390656167,speech,Speeches,Monetary policy in the euro area: attentive and focused,Monetary policy in the euro area,2023-11-21,26,data\ECB\Speeches\2023-11-21 - Monetary policy in the euro area - Monetary policy in the euro area_ attentive and focused.txt,https://www.ecb.europa.eu/press/key/date/2023/html/ecb.sp231121~5438d564cb.en.html,speech_after_meeting,0.7
ECB_2023_10,ECB,2023-10-26,DOC_92145F4935CA,speech,Speeches,Monetary policy in the climate and nature crises: preserving a “Stabilitätskultur”,Frank Elderson,2023-11-22,27,data\ECB\Speeches\2023-11-22 - Frank Elderson - Monetary policy in the climate and nature crises_ preserving a “Stabilitätskultur”.txt,https://www.ecb.europa.eu/press/key/date/2023/html/ecb.sp231122~e12db02da3.en.html,speech_after_meeting,0.7
ECB_2023_10,ECB,2023-10-26,DOC_83D9AF1B0AF4,speech,Speeches,Hearing of the Committee on Economic and Monetary Affairs of the European Parliament,Speech by Christine Lagarde,2023-11-27,32,data\ECB\Speeches\2023-11-27 - Speech by Christine Lagarde - Hearing of the Committee on Economic and Monetary Affairs of the European Parliament.txt,https://www.ecb.europa.eu/press/key/date/2023/html/ecb.sp231127~a4af2f4e28.en.html,speech_after_meeting,0.7
ECB_2023_10,ECB,2023-10-26,DOC_F7E35B09228A,speech,Speeches,Welcome address at the fifth ECB Forum on Banking Supervision,Speech by Christine Lagarde,2023-11-30,35,data\ECB\Speeches\2023-11-30 - Speech by Christine Lagarde - Welcome address at the fifth ECB Forum on Banking Supervision.txt,https://www.ecb.europa.eu/press/key/date/2023/html/ecb.sp231130~48f5947179.en.html,speech_after_meeting,0.7
ECB_2023_10,ECB,2023-10-26,DOC_C0D99153F335,speech,Speeches,Governance at a turning point,Speech by Christine Lagarde,2023-12-04,39,data\ECB\Speeches\2023-12-04 - Speech by Christine Lagarde - Governance at a turning point.txt,https://www.ecb.europa.eu/press/key/date/2023/html/ecb.sp231204~a2027eb718.en.html,speech_after_meeting,0.7
ECB_2023_10,ECB,2023-10-26,DOC_BA1956EDE9C1,speech,Speeches,"Powers, ability and willingness to act – the mainstay of effective banking supervision",the mainstay of effective banking supervision,2023-12-07,42,"data\ECB\Speeches\2023-12-07 - the mainstay of effective banking supervision - Powers, ability and willingness to act – the mainstay of effective banking supervision.txt",https://www.ecb.europa.eu/press/key/date/2023/html/ecb.sp231207~0a940e45d8.en.html,speech_after_meeting,0.7
ECB_2023_12,ECB,2023-12-14,DOC_4BDC8A4DE9B9,other,Press Conference Q&A,"Christine Lagarde, Luis de Guindos: Monetary policy statement (with Q&A)","Christine Lagarde, Luis de Guindos",2023-12-14,0,"data\ECB\Press Conference Q&A\2023-12-14 - Christine Lagarde, Luis de Guindos_ Monetary policy statement (with Q&A).txt",https://www.ecb.europa.eu/press/press_conference/monetary-policy-statement/2023/html/ecb.is231214~df8627de60.en.html,other_in_meeting_window,0.4
ECB_2023_12,ECB,2023-12-14,DOC_A8A3C0031B27,statement,Monetary Policy,Monetary policy decisions,,2023-12-14,0,data\ECB\Monetary Policy\2023-12-14 - Monetary policy decisions.txt,https://www.ecb.europa.eu/press/pr/date/2023/html/ecb.mp231214~9846e62f62.en.html,anchor_statement,1.0
ECB_2023_12,ECB,2023-12-14,DOC_AF1A2DB412E0,speech,Speeches,The economic outlook and monetary policy in the euro area,"Luis de Guindos, Vice",2024-01-10,27,"data\ECB\Speeches\2024-01-10 - Luis de Guindos, Vice - The economic outlook and monetary policy in the euro area.txt",https://www.ecb.europa.eu/press/key/date/2024/html/ecb.sp240110~cabae85ba4.en.html,speech_after_meeting,0.7
ECB_2023_12,ECB,2023-12-14,DOC_7AB994043080,speech,Speeches,One step ahead: protecting the cyber resilience of financial infrastructures,One step ahead,2024-01-17,34,data\ECB\Speeches\2024-01-17 - One step ahead - One step ahead_ protecting the cyber resilience of financial infrastructures.txt,https://www.ecb.europa.eu/press/key/date/2024/html/ecb.sp240117~3e839b396f.en.html,speech_after_meeting,0.7
ECB_2024_01,ECB,2024-01-25,DOC_89CD608B6AA7,other,Press Conference Q&A,"Christine Lagarde, Luis de Guindos: Monetary policy statement (with Q&A)","Christine Lagarde, Luis de Guindos",2024-01-25,0,"data\ECB\Press Conference Q&A\2024-01-25 - Christine Lagarde, Luis de Guindos_ Monetary policy statement (with Q&A).txt",https://www.ecb.europa.eu/press/press_conference/monetary-policy-statement/2024/html/ecb.is240125~db0f145c32.en.html,other_in_meeting_window,0.4
ECB_2024_01,ECB,2024-01-25,DOC_2884570B22F8,statement,Monetary Policy,Monetary policy decisions,,2024-01-25,0,data\ECB\Monetary Policy\2024-01-25 - Monetary policy decisions.txt,https://www.ecb.europa.eu/press/pr/date/2024/html/ecb.mp240125~f738889bde.en.html,anchor_statement,1.0
ECB_2024_01,ECB,2024-01-25,DOC_1B238F0A35F4,speech,Speeches,Disinflation in the euro area,Philip R. Lane,2024-02-08,14,data\ECB\Speeches\2024-02-08 - Philip R. Lane - Disinflation in the euro area.txt,https://www.ecb.europa.eu/press/key/date/2024/html/ecb.sp240208~e775b07928.en.html,speech_after_meeting,0.7
ECB_2024_01,ECB,2024-01-25,DOC_03E84524D372,speech,Speeches,Modernising finance: the role of central bank money,Modernising finance,2024-02-09,15,data\ECB\Speeches\2024-02-09 - Modernising finance - Modernising finance_ the role of central bank money.txt,https://www.ecb.europa.eu/press/key/date/2024/html/ecb.sp240209~d481464c19.en.html,speech_after_meeting,0.7
ECB_2024_01,ECB,2024-01-25,DOC_EC536E8DCC8F,speech,Speeches,Euro area international financial flows: analytical insights and measurement challenges,Euro area international financial flows,2024-02-12,18,data\ECB\Speeches\2024-02-12 - Euro area international financial flows - Euro area international financial flows_ analytical insights and measurement challenges.txt,https://www.ecb.europa.eu/press/key/date/2024/html/ecb.sp240212~027144d68f.en.html,speech_after_meeting,0.7
ECB_2024_01,ECB,2024-01-25,DOC_CC6B40391ACD,speech,Speeches,"Monetary policy, financial stability and medium-term growth in the euro area",,2024-02-14,20,"data\ECB\Speeches\2024-02-14 - Monetary policy, financial stability and medium-term growth in the euro area.txt",https://www.ecb.europa.eu/press/key/date/2024/html/ecb.sp240214~3397307c2b.en.html,speech_after_meeting,0.7
ECB_2024_01,ECB,2024-01-25,DOC_C6D38482FC88,speech,Speeches,From laggard to leader? Closing the euro area’s technology gap,,2024-02-16,22,data\ECB\Speeches\2024-02-16 - From laggard to leader_ Closing the euro area’s technology gap.txt,https://www.ecb.europa.eu/press/key/date/2024/html/ecb.sp240216~df6f8d9c31.en.html,speech_after_meeting,0.7
ECB_2024_01,ECB,2024-01-25,DOC_1ADFF390E968,speech,Speeches,European Parliament plenary debate on the ECB Annual Report,Speech by Christine Lagarde,2024-02-26,32,data\ECB\Speeches\2024-02-26 - Speech by Christine Lagarde - European Parliament plenary debate on the ECB Annual Report.txt,https://www.ecb.europa.eu/press/key/date/2024/html/ecb.sp240226~5a6908b66e.en.html,speech_after_meeting,0.7
ECB_2024_03,ECB,2024-03-07,DOC_F20B2AFCD75A,other,Press Conference Q&A,"Christine Lagarde, Luis de Guindos: Monetary policy statement (with Q&A)","Christine Lagarde, Luis de Guindos",2024-03-07,0,"data\ECB\Press Conference Q&A\2024-03-07 - Christine Lagarde, Luis de Guindos_ Monetary policy statement (with Q&A).txt",https://www.ecb.europa.eu/press/press_conference/monetary-policy-statement/2024/html/ecb.is240307~314650bd5c.en.html,other_in_meeting_window,0.4
ECB_2024_03,ECB,2024-03-07,DOC_FAC850E3A92A,statement,Monetary Policy,Monetary policy decisions,,2024-03-07,0,data\ECB\Monetary Policy\2024-03-07 - Monetary policy decisions.txt,https://www.ecb.europa.eu/press/pr/date/2024/html/ecb.mp240307~a5fa52b82b.en.html,anchor_statement,1.0
ECB_2024_03,ECB,2024-03-07,DOC_1613566D0227,speech,Speeches,The Eurosystem’s operational framework,Speech by Isabel Schnabel,2024-03-14,7,data\ECB\Speeches\2024-03-14 - Speech by Isabel Schnabel - The Eurosystem’s operational framework.txt,https://www.ecb.europa.eu/press/key/date/2024/html/ecb.sp240314~8b609de772.en.html,speech_after_meeting,0.7
ECB_2024_03,ECB,2024-03-07,DOC_E5CE97733298,speech,Speeches,Building confidence in the path ahead,Christine Lagarde,2024-03-20,13,data\ECB\Speeches\2024-03-20 - Christine Lagarde - Building confidence in the path ahead.txt,https://www.ecb.europa.eu/press/key/date/2024/html/ecb.sp240320~28c9a70818.en.html,speech_after_meeting,0.7
ECB_2024_03,ECB,2024-03-07,DOC_C51A0A82DA04,speech,Speeches,The confidence to act: monetary policy and the role of wages during the disinflation process,The confidence to act,2024-03-27,20,data\ECB\Speeches\2024-03-27 - The confidence to act - The confidence to act_ monetary policy and the role of wages during the disinflation process.txt,https://www.ecb.europa.eu/press/key/date/2024/html/ecb.sp240327~30a05c6862.en.html,speech_after_meeting,0.7
ECB_2024_04,ECB,2024-04-11,DOC_A810E65D8FA6,other,Press Conference Q&A,"Christine Lagarde, Luis de Guindos: Monetary policy statement (with Q&A)","Christine Lagarde, Luis de Guindos",2024-04-11,0,"data\ECB\Press Conference Q&A\2024-04-11 - Christine Lagarde, Luis de Guindos_ Monetary policy statement (with Q&A).txt",https://www.ecb.europa.eu/press/press_conference/monetary-policy-statement/2024/html/ecb.is240411~9974984b58.en.html,other_in_meeting_window,0.4
ECB_2024_04,ECB,2024-04-11,DOC_1B56A15377AB,statement,Monetary Policy,Monetary policy decisions,,2024-04-11,0,data\ECB\Monetary Policy\2024-04-11 - Monetary policy decisions.txt,https://www.ecb.europa.eu/press/pr/date/2024/html/ecb.mp240411~1345644915.en.html,anchor_statement,1.0
ECB_2024_04,ECB,2024-04-11,DOC_F4A9D48EE304,speech,Speeches,“Know thyself” – avoiding policy mistakes in light of the prevailing climate science,Keynote speech by Frank Elderson,2024-04-12,1,data\ECB\Speeches\2024-04-12 - Keynote speech by Frank Elderson - “Know thyself” – avoiding policy mistakes in light of the prevailing climate science.txt,https://www.ecb.europa.eu/press/key/date/2024/html/ecb.sp240412~0d4a2636db.en.html,speech_after_meeting,0.7
ECB_2024_04,ECB,2024-04-11,DOC_E45A36F18E8D,speech,Speeches,Disinflation in the euro area: an update,Disinflation in the euro area,2024-04-15,4,data\ECB\Speeches\2024-04-15 - Disinflation in the euro area - Disinflation in the euro area_ an update.txt,https://www.ecb.europa.eu/press/key/date/2024/html/ecb.sp240415~08ef84923c.en.html,speech_after_meeting,0.7
ECB_2024_04,ECB,2024-04-11,DOC_0C519BF25C43,speech,Speeches,Presentation of the ECB Annual Report 2023 to the Committee on Economic and Monetary Affairs of the European Parliament,"Luis de Guindos, Vice",2024-04-18,7,"data\ECB\Speeches\2024-04-18 - Luis de Guindos, Vice - Presentation of the ECB Annual Report 2023 to the Committee on Economic and Monetary Affairs of the European Parl.txt",https://www.ecb.europa.eu/press/key/date/2024/html/ecb.sp240418~cf8ae6a58e.en.html,speech_after_meeting,0.7
ECB_2024_04,ECB,2024-04-11,DOC_FE94991C38EA,speech,Speeches,IMFC Statement,Statement by Christine Lagarde,2024-04-19,8,data\ECB\Speeches\2024-04-19 - Statement by Christine Lagarde - IMFC Statement.txt,https://www.ecb.europa.eu/press/key/date/2024/html/ecb.sp240419~fab7dbda3e.en.html,speech_after_meeting,0.7
ECB_2024_04,ECB,2024-04-11,DOC_1E641F96163E,speech,Speeches,Unlocking the power of ideas,Speech by Christine Lagarde,2024-04-22,11,data\ECB\Speeches\2024-04-22 - Speech by Christine Lagarde - Unlocking the power of ideas.txt,https://www.ecb.europa.eu/press/key/date/2024/html/ecb.sp240422~0f3299e7bb.en.html,speech_after_meeting,0.7
ECB_2024_04,ECB,2024-04-11,DOC_CA207F243D28,speech,Speeches,"Innovation, integration and independence: taking the Single Euro Payments Area to the next level","Innovation, integration and independence",2024-04-24,13,"data\ECB\Speeches\2024-04-24 - Innovation, integration and independence - Innovation, integration and independence_ taking the Single Euro Payments Area to the next lev.txt",https://www.ecb.europa.eu/press/key/date/2024/html/ecb.sp240424~12ecb60e1b.en.html,speech_after_meeting,0.7
ECB_2024_04,ECB,2024-04-11,DOC_8B5988C52C88,speech,Speeches,Monetary policy and financial stability in the euro area,"Luis de Guindos, Vice",2024-04-29,18,"data\ECB\Speeches\2024-04-29 - Luis de Guindos, Vice - Monetary policy and financial stability in the euro area.txt",https://www.ecb.europa.eu/press/key/date/2024/html/ecb.sp240429~87c3a4f37f.en.html,speech_after_meeting,0.7
ECB_2024_04,ECB,2024-04-11,DOC_A739B284FFFA,speech,Speeches,The analytics of the monetary policy tightening cycle,Guest lecture by Philip R. Lane,2024-05-02,21,data\ECB\Speeches\2024-05-02 - Guest lecture by Philip R. Lane - The analytics of the monetary policy tightening cycle.txt,https://www.ecb.europa.eu/press/key/date/2024/html/ecb.sp240502~4066265c78.en.html,speech_after_meeting,0.7
ECB_2024_04,ECB,2024-04-11,DOC_98FCD6F10B10,speech,Speeches,From laggard to leader? Closing the euro area’s technology gap,Speech by Isabel Schnabel,2024-05-14,33,data\ECB\Speeches\2024-05-14 - Speech by Isabel Schnabel - From laggard to leader_ Closing the euro area’s technology gap.txt,https://www.ecb.europa.eu/press/key/date/2024/html/ecb.sp240514~aff1495bc4.en.html,speech_after_meeting,0.7
ECB_2024_04,ECB,2024-04-11,DOC_660DD4179605,speech,Speeches,Europe’s tragedy of the horizon: the green transition and the role of the ECB,Europe’s tragedy of the horizon,2024-05-26,45,data\ECB\Speeches\2024-05-26 - Europe’s tragedy of the horizon - Europe’s tragedy of the horizon_ the green transition and the role of the ECB.txt,https://www.ecb.europa.eu/press/key/date/2024/html/ecb.sp240526~ef011def12.en.html,speech_after_meeting,0.7
ECB_2024_04,ECB,2024-04-11,DOC_9CA14A89828E,speech,Speeches,Inflation in the euro area,Speech by Philip R. Lane,2024-05-27,46,data\ECB\Speeches\2024-05-27 - Speech by Philip R. Lane - Inflation in the euro area.txt,https://www.ecb.europa.eu/press/key/date/2024/html/ecb.sp240527~13d86a7d66.en.html,speech_after_meeting,0.7
ECB_2024_04,ECB,2024-04-11,DOC_BFEA6549CA06,speech,Speeches,The benefits and costs of asset purchases,Isabel Schnabel,2024-05-28,47,data\ECB\Speeches\2024-05-28 - Isabel Schnabel - The benefits and costs of asset purchases.txt,https://www.ecb.europa.eu/press/key/date/2024/html/ecb.sp240528~a4f151497d.en.html,speech_after_meeting,0.7
ECB_2024_04,ECB,2024-04-11,DOC_E519ED995791,speech,Speeches,Hearing of the Committee on Economic and Monetary Affairs of the European Parliament,Speech by Christine Lagarde,2024-06-01,51,data\ECB\Speeches\2024-06-01 - Speech by Christine Lagarde - Hearing of the Committee on Economic and Monetary Affairs of the European Parliament.txt,https://www.ecb.europa.eu/press/key/date/2024/html/ecb.sp24215~335ae8e307.en.html,speech_after_meeting,0.7
ECB_2024_06,ECB,2024-06-06,DOC_9972FA36851A,other,Press Conference Q&A,"Christine Lagarde, Luis de Guindos: Monetary policy statement (with Q&A)","Christine Lagarde, Luis de Guindos",2024-06-06,0,"data\ECB\Press Conference Q&A\2024-06-06 - Christine Lagarde, Luis de Guindos_ Monetary policy statement (with Q&A).txt",https://www.ecb.europa.eu/press/press_conference/monetary-policy-statement/2024/html/ecb.is240606~d32cd6cc8a.en.html,other_in_meeting_window,0.4
ECB_2024_06,ECB,2024-06-06,DOC_22244984411A,statement,Monetary Policy,Monetary policy decisions,,2024-06-06,0,data\ECB\Monetary Policy\2024-06-06 - Monetary policy decisions.txt,https://www.ecb.europa.eu/press/pr/date/2024/html/ecb.mp240606~2148ecdb3c.en.html,anchor_statement,1.0
ECB_2024_06,ECB,2024-06-06,DOC_AABBB8F5E6D6,speech,Speeches,Is monetary policy dominated by fiscal policy?,fiscal policy?,2024-06-07,1,data\ECB\Speeches\2024-06-07 - fiscal policy_ - Is monetary policy dominated by fiscal policy_.txt,https://www.ecb.europa.eu/press/key/date/2024/html/ecb.sp240607~c6ae070dc0.en.html,speech_after_meeting,0.7
ECB_2024_06,ECB,2024-06-06,DOC_16B5B1402088,speech,Speeches,Monetary policy and the disinflation process,Speech by Philip R. Lane,2024-06-11,5,data\ECB\Speeches\2024-06-11 - Speech by Philip R. Lane - Monetary policy and the disinflation process.txt,https://www.ecb.europa.eu/press/key/date/2024/html/ecb.sp240611~caf9681480.en.html,speech_after_meeting,0.7
ECB_2024_06,ECB,2024-06-06,DOC_3D2B3366DAE2,speech,Speeches,Policymaking in a new risk environment,Speech by Christine Lagarde,2024-06-14,8,data\ECB\Speeches\2024-06-14 - Speech by Christine Lagarde - Policymaking in a new risk environment.txt,https://www.ecb.europa.eu/press/key/date/2024/html/ecb.sp240614~baa283d69a.en.html,speech_after_meeting,0.7
ECB_2024_06,ECB,2024-06-06,DOC_20D8290EDBD3,speech,Speeches,Strengthening European financial markets to ensure a more resilient future,"Luis de Guindos, Vice",2024-06-18,12,"data\ECB\Speeches\2024-06-18 - Luis de Guindos, Vice - Strengthening European financial markets to ensure a more resilient future.txt",https://www.ecb.europa.eu/press/key/date/2024/html/ecb.sp240618~4d5f03fd1b.en.html,speech_after_meeting,0.7
ECB_2024_06,ECB,2024-06-06,DOC_DB7122AC46CA,speech,Speeches,Modern monetary analysis,Speech by Philip R. Lane,2024-06-26,20,data\ECB\Speeches\2024-06-26 - Speech by Philip R. Lane - Modern monetary analysis.txt,https://www.ecb.europa.eu/press/key/date/2024/html/ecb.sp240626~0cdeaedbb1.en.html,speech_after_meeting,0.7
ECB_2024_06,ECB,2024-06-06,DOC_F37BE847F895,speech,Speeches,"Monetary policy in an unusual cycle: the risks, the path and the costs",Monetary policy in an unusual cycle,2024-07-01,25,"data\ECB\Speeches\2024-07-01 - Monetary policy in an unusual cycle - Monetary policy in an unusual cycle_ the risks, the path and the costs.txt",https://www.ecb.europa.eu/press/key/date/2024/html/ecb.sp240701~ba1ae1bd25.en.html,speech_after_meeting,0.7
ECB_2024_07,ECB,2024-07-18,DOC_6299A05835D7,other,Press Conference Q&A,"Christine Lagarde, Luis de Guindos: Monetary policy statement (with Q&A)","Christine Lagarde, Luis de Guindos",2024-07-18,0,"data\ECB\Press Conference Q&A\2024-07-18 - Christine Lagarde, Luis de Guindos_ Monetary policy statement (with Q&A).txt",https://www.ecb.europa.eu/press/press_conference/monetary-policy-statement/2024/html/ecb.is240718~6600b4add6.en.html,other_in_meeting_window,0.4
ECB_2024_07,ECB,2024-07-18,DOC_4F7B2D767C99,statement,Monetary Policy,Monetary policy decisions,,2024-07-18,0,data\ECB\Monetary Policy\2024-07-18 - Monetary policy decisions.txt,https://www.ecb.europa.eu/press/pr/date/2024/html/ecb.mp240718~b9e0ddd9d5.en.html,anchor_statement,1.0
ECB_2024_07,ECB,2024-07-18,DOC_9EA476802455,speech,Speeches,Opening remarks,Welcome address by Philip R. Lane,2024-07-23,5,data\ECB\Speeches\2024-07-23 - Welcome address by Philip R. Lane - Opening remarks.txt,https://www.ecb.europa.eu/press/key/date/2024/html/ecb.sp240723~1ea101a6db.en.html,speech_after_meeting,0.7
ECB_2024_07,ECB,2024-07-18,DOC_A002F5B22B5E,speech,Speeches,The effectiveness and transmission of monetary policy in the euro area,,2024-08-24,37,data\ECB\Speeches\2024-08-24 - The effectiveness and transmission of monetary policy in the euro area.txt,https://www.ecb.europa.eu/press/key/date/2024/html/ecb.sp240824~c215968c41.en.html,speech_after_meeting,0.7
ECB_2024_07,ECB,2024-07-18,DOC_16BCCBB934F2,speech,Speeches,The euro area inflation outlook: a scenario analysis,The euro area inflation outlook,2024-08-30,43,data\ECB\Speeches\2024-08-30 - The euro area inflation outlook - The euro area inflation outlook_ a scenario analysis.txt,https://www.ecb.europa.eu/press/key/date/2024/html/ecb.sp240830~ef0af8d7cc.en.html,speech_after_meeting,0.7
ECB_2024_07,ECB,2024-07-18,DOC_888BC63DC5B0,speech,Speeches,"Nature-related risk: legal implications for central banks, supervisors and financial institutions",Nature-related risk,2024-09-06,50,"data\ECB\Speeches\2024-09-06 - Nature-related risk - Nature-related risk_ legal implications for central banks, supervisors and financial institutions.txt",https://www.ecb.europa.eu/press/key/date/2024/html/ecb.sp240906~54436f6891.en.html,speech_after_meeting,0.7
ECB_2024_09,ECB,2024-09-12,DOC_762092E0AA5B,other,Press Conference Q&A,"Christine Lagarde, Luis de Guindos: Monetary policy statement (with Q&A)","Christine Lagarde, Luis de Guindos",2024-09-12,0,"data\ECB\Press Conference Q&A\2024-09-12 - Christine Lagarde, Luis de Guindos_ Monetary policy statement (with Q&A).txt",https://www.ecb.europa.eu/press/press_conference/monetary-policy-statement/2024/html/ecb.is240912~4f7b17040c.en.html,other_in_meeting_window,0.4
ECB_2024_09,ECB,2024-09-12,DOC_5C6BBCC5E80E,statement,Monetary Policy,Monetary policy decisions,,2024-09-12,0,data\ECB\Monetary Policy\2024-09-12 - Monetary policy decisions.txt,https://www.ecb.europa.eu/press/pr/date/2024/html/ecb.mp240912~67cb23badb.en.html,anchor_statement,1.0
ECB_2024_09,ECB,2024-09-12,DOC_91702E6F67DA,speech,Speeches,Moving from 3.75 to 3.50: explaining the latest rate decision,Moving from 3.75 to 3.50,2024-09-16,4,data\ECB\Speeches\2024-09-16 - Moving from 3.75 to 3.50 - Moving from 3.75 to 3.50_ explaining the latest rate decision.txt,https://www.ecb.europa.eu/press/key/date/2024/html/ecb.sp240916~c0eff5db57.en.html,speech_after_meeting,0.7
ECB_2024_09,ECB,2024-09-12,DOC_A417D2436BC7,speech,Speeches,Setbacks and strides forward: structural shifts and monetary policy in the twenties,Setbacks and strides forward,2024-09-20,8,data\ECB\Speeches\2024-09-20 - Setbacks and strides forward - Setbacks and strides forward_ structural shifts and monetary policy in the twenties.txt,https://www.ecb.europa.eu/press/key/date/2024/html/ecb.sp240920~7edac96692.en.html,speech_after_meeting,0.7
ECB_2024_09,ECB,2024-09-12,DOC_166E735F103F,speech,Speeches,From dependency to autonomy: the role of a digital euro in the European payment landscape,From dependency to autonomy,2024-09-23,11,data\ECB\Speeches\2024-09-23 - From dependency to autonomy - From dependency to autonomy_ the role of a digital euro in the European payment landscape.txt,https://www.ecb.europa.eu/press/key/date/2024/html/ecb.sp240923~cccba29006.en.html,speech_after_meeting,0.7
ECB_2024_09,ECB,2024-09-12,DOC_B90785B4B6B3,speech,Speeches,Technology as a new frontier for macroprudential policy,Welcome address by Christine Lagarde,2024-09-26,14,data\ECB\Speeches\2024-09-26 - Welcome address by Christine Lagarde - Technology as a new frontier for macroprudential policy.txt,https://www.ecb.europa.eu/press/key/date/2024/html/ecb.sp240926~60b239f99b.en.html,speech_after_meeting,0.7
ECB_2024_09,ECB,2024-09-12,DOC_34C9D2CF5993,speech,Speeches,Monetary sovereignty in the digital age: the case for a digital euro,Monetary sovereignty in the digital age,2024-09-27,15,data\ECB\Speeches\2024-09-27 - Monetary sovereignty in the digital age - Monetary sovereignty in the digital age_ the case for a digital euro.txt,https://www.ecb.europa.eu/press/key/date/2024/html/ecb.sp240927~11ed8493a4.en.html,speech_after_meeting,0.7
ECB_2024_09,ECB,2024-09-12,DOC_AA62B09ACF89,speech,Speeches,Hearing of the Committee on Economic and Monetary Affairs of the European Parliament,Speech by Christine Lagarde,2024-09-30,18,data\ECB\Speeches\2024-09-30 - Speech by Christine Lagarde - Hearing of the Committee on Economic and Monetary Affairs of the European Parliament.txt,https://www.ecb.europa.eu/press/key/date/2024/html/ecb.sp240930~c4da646c0d.en.html,speech_after_meeting,0.7
ECB_2024_09,ECB,2024-09-12,DOC_99D45F00A95F,speech,Speeches,"Expectations surveys, central banks and the economy",,2024-10-01,19,"data\ECB\Speeches\2024-10-01 - Expectations surveys, central banks and the economy.txt",https://www.ecb.europa.eu/press/key/date/2024/html/ecb.sp241001~27385f20d3.en.html,speech_after_meeting,0.7
ECB_2024_09,ECB,2024-09-12,DOC_0D8E062D9BE5,speech,Speeches,"Bridging the gap: reviving the euro area’s productivity growth through innovation, investment and integration",Bridging the gap,2024-10-02,20,"data\ECB\Speeches\2024-10-02 - Bridging the gap - Bridging the gap_ reviving the euro area’s productivity growth through innovation, investment and integration.txt",https://www.ecb.europa.eu/press/key/date/2024/html/ecb.sp241002~33cedce2bc.en.html,speech_after_meeting,0.7
ECB_2024_09,ECB,2024-09-12,DOC_B999673F6859,speech,Speeches,Sustainable finance: from “eureka!” to action,Sustainable finance,2024-10-04,22,data\ECB\Speeches\2024-10-04 - Sustainable finance - Sustainable finance_ from “eureka!” to action.txt,https://www.ecb.europa.eu/press/key/date/2024/html/ecb.sp241004~e2c8a5aae1.en.html,speech_after_meeting,0.7
ECB_2024_09,ECB,2024-09-12,DOC_4A24E477D0CD,speech,Speeches,Towards a digital capital markets union,Keynote speech by Piero Cipollone,2024-10-07,25,data\ECB\Speeches\2024-10-07 - Keynote speech by Piero Cipollone - Towards a digital capital markets union.txt,https://www.ecb.europa.eu/press/key/date/2024/html/ecb.sp241007~cc903db51d.en.html,speech_after_meeting,0.7
ECB_2024_09,ECB,2024-09-12,DOC_5E341F86439E,speech,Speeches,Lessons from Ljubljana in uncertain times,Speech by Christine Lagarde,2024-10-16,34,data\ECB\Speeches\2024-10-16 - Speech by Christine Lagarde - Lessons from Ljubljana in uncertain times.txt,https://www.ecb.europa.eu/press/key/date/2024/html/ecb.sp241016~33fd097e21.en.html,speech_after_meeting,0.7
ECB_2024_10,ECB,2024-10-17,DOC_0FF9BD1A346C,other,Press Conference Q&A,"Christine Lagarde, Luis de Guindos: Monetary policy statement (with Q&A)","Christine Lagarde, Luis de Guindos",2024-10-17,0,"data\ECB\Press Conference Q&A\2024-10-17 - Christine Lagarde, Luis de Guindos_ Monetary policy statement (with Q&A).txt",https://www.ecb.europa.eu/press/press_conference/monetary-policy-statement/2024/html/ecb.is241017~59ad385bab.en.html,other_in_meeting_window,0.4
ECB_2024_10,ECB,2024-10-17,DOC_3A80C3D4AC3A,statement,Monetary Policy,Monetary policy decisions,,2024-10-17,0,data\ECB\Monetary Policy\2024-10-17 - Monetary policy decisions.txt,https://www.ecb.europa.eu/press/pr/date/2024/html/ecb.mp241017~aa366eaf20.en.html,anchor_statement,1.0
ECB_2024_10,ECB,2024-10-17,DOC_62B5DDB2B3A2,speech,Speeches,Underlying inflation: an update,Underlying inflation,2024-10-24,7,data\ECB\Speeches\2024-10-24 - Underlying inflation - Underlying inflation_ an update.txt,https://www.ecb.europa.eu/press/key/date/2024/html/ecb.sp241024~ceec66a375.en.html,speech_after_meeting,0.7
ECB_2024_10,ECB,2024-10-17,DOC_A0473423518C,speech,Speeches,IMFC Statement,Statement by Christine Lagarde,2024-10-25,8,data\ECB\Speeches\2024-10-25 - Statement by Christine Lagarde - IMFC Statement.txt,https://www.ecb.europa.eu/press/key/date/2024/html/ecb.sp241025~edea121304.en.html,speech_after_meeting,0.7
ECB_2024_10,ECB,2024-10-17,DOC_C9D592802EEE,speech,Speeches,Monetary policy and financial stability in the euro area,"Luis de Guindos, Vice",2024-10-28,11,"data\ECB\Speeches\2024-10-28 - Luis de Guindos, Vice - Monetary policy and financial stability in the euro area.txt",https://www.ecb.europa.eu/press/key/date/2024/html/ecb.sp241028~4b7dc4f7ac.en.html,speech_after_meeting,0.7
ECB_2024_10,ECB,2024-10-17,DOC_58CFD672849A,speech,Speeches,The first decade of European supervision: taking stock and looking ahead,The first decade of European supervision,2024-11-04,18,data\ECB\Speeches\2024-11-04 - The first decade of European supervision - The first decade of European supervision_ taking stock and looking ahead.txt,https://www.ecb.europa.eu/press/key/date/2024/html/ecb.sp241104~a165c0eb64.en.html,speech_after_meeting,0.7
ECB_2024_10,ECB,2024-10-17,DOC_DF3F688AE07B,speech,Speeches,Competition policy in a changing world,Speech by Christine Lagarde,2024-11-05,19,data\ECB\Speeches\2024-11-05 - Speech by Christine Lagarde - Competition policy in a changing world.txt,https://www.ecb.europa.eu/press/key/date/2024/html/ecb.sp241105~c488bdbb64.en.html,speech_after_meeting,0.7
ECB_2024_10,ECB,2024-10-17,DOC_CFA9B44FEF4B,speech,Speeches,Welcome address at the tenth anniversary of the Single Supervisory Mechanism,Welcome address by Christine Lagarde,2024-11-06,20,data\ECB\Speeches\2024-11-06 - Welcome address by Christine Lagarde - Welcome address at the tenth anniversary of the Single Supervisory Mechanism.txt,https://www.ecb.europa.eu/press/key/date/2024/html/ecb.sp241106~e19b4cd24f.en.html,speech_after_meeting,0.7
ECB_2024_10,ECB,2024-10-17,DOC_70817F1A9658,speech,Speeches,The ECB’s balance sheet reduction: an interim assessment,The ECB’s balance sheet reduction,2024-11-07,21,data\ECB\Speeches\2024-11-07 - The ECB’s balance sheet reduction - The ECB’s balance sheet reduction_ an interim assessment.txt,https://www.ecb.europa.eu/press/key/date/2024/html/ecb.sp241107~7d53987569.en.html,speech_after_meeting,0.7
ECB_2024_10,ECB,2024-10-17,DOC_023F9636439A,speech,Speeches,Reassessing monetary policy tools in a volatile macroeconomic environment,Speech by Isabel Schnabel,2024-11-14,28,data\ECB\Speeches\2024-11-14 - Speech by Isabel Schnabel - Reassessing monetary policy tools in a volatile macroeconomic environment.txt,https://www.ecb.europa.eu/press/key/date/2024/html/ecb.sp241114~af51032e63.en.html,speech_after_meeting,0.7
ECB_2024_10,ECB,2024-10-17,DOC_39ED3C7389AB,speech,Speeches,Some like it hotter: the conditions for a cyclical recovery in euro area productivity,Some like it hotter,2024-11-15,29,data\ECB\Speeches\2024-11-15 - Some like it hotter - Some like it hotter_ the conditions for a cyclical recovery in euro area productivity.txt,https://www.ecb.europa.eu/press/key/date/2024/html/ecb.sp241115~6463794e80.en.html,speech_after_meeting,0.7
ECB_2024_10,ECB,2024-10-17,DOC_074987AE9C7C,speech,Speeches,Reassessing monetary policy tools in a rapidly changing world,Speech by Ms Schnabel,2024-11-16,30,data\ECB\Speeches\2024-11-16 - Speech by Ms Schnabel - Reassessing monetary policy tools in a rapidly changing world.txt,https://www.ecb.europa.eu/press/key/date/2024/html/ecb.sp241116~14514573a6.en.html,speech_after_meeting,0.7
ECB_2024_10,ECB,2024-10-17,DOC_5258B5BA852C,speech,Speeches,Financial stability in the euro area,"Luis de Guindos, Vice",2024-11-18,32,"data\ECB\Speeches\2024-11-18 - Luis de Guindos, Vice - Financial stability in the euro area.txt",https://www.ecb.europa.eu/press/key/date/2024/html/ecb.sp241118~752a75497e.en.html,speech_after_meeting,0.7
ECB_2024_10,ECB,2024-10-17,DOC_4A42CE050B6F,speech,Speeches,"Taking account of nature, naturally",Speech by Frank Elderson,2024-11-19,33,"data\ECB\Speeches\2024-11-19 - Speech by Frank Elderson - Taking account of nature, naturally.txt",https://www.ecb.europa.eu/press/key/date/2024/html/ecb.sp241119~3eeb812c74.en.html,speech_after_meeting,0.7
ECB_2024_10,ECB,2024-10-17,DOC_311A88492566,speech,Speeches,Building a solid cyber defence for the new geopolitical season,Piero Cipollone,2024-11-21,35,data\ECB\Speeches\2024-11-21 - Piero Cipollone - Building a solid cyber defence for the new geopolitical season.txt,https://www.ecb.europa.eu/press/key/date/2024/html/ecb.sp241121~c14201450d.en.html,speech_after_meeting,0.7
ECB_2024_10,ECB,2024-10-17,DOC_A661894DEA58,speech,Speeches,Follow the money: channelling savings into investment and innovation in Europe,Follow the money,2024-11-22,36,data\ECB\Speeches\2024-11-22 - Follow the money - Follow the money_ channelling savings into investment and innovation in Europe.txt,https://www.ecb.europa.eu/press/key/date/2024/html/ecb.sp241122~fb84170883.en.html,speech_after_meeting,0.7
ECB_2024_10,ECB,2024-10-17,DOC_5BF4EDD83904,speech,Speeches,Monetary policy under uncertainty,Keynote speech by Philip R. Lane,2024-11-25,39,data\ECB\Speeches\2024-11-25 - Keynote speech by Philip R. Lane - Monetary policy under uncertainty.txt,https://www.ecb.europa.eu/press/key/date/2024/html/ecb.sp241125~df4c5a69c7.en.html,speech_after_meeting,0.7
ECB_2024_10,ECB,2024-10-17,DOC_4ECFE26B2E01,speech,Speeches,The 25th anniversary of the Euro50 Group: looking ahead to the 50th anniversary,Philip R. Lane,2024-11-28,42,data\ECB\Speeches\2024-11-28 - Philip R. Lane - The 25th anniversary of the Euro50 Group_ looking ahead to the 50th anniversary.txt,https://www.ecb.europa.eu/press/key/date/2024/html/ecb.sp241128~4756dc940f.en.html,speech_after_meeting,0.7
ECB_2024_12,ECB,2024-12-12,DOC_3B0AD99FE401,other,Press Conference Q&A,"Christine Lagarde, Luis de Guindos: Monetary policy statement (with Q&A)","Christine Lagarde, Luis de Guindos",2024-12-12,0,"data\ECB\Press Conference Q&A\2024-12-12 - Christine Lagarde, Luis de Guindos_ Monetary policy statement (with Q&A).txt",https://www.ecb.europa.eu/press/press_conference/monetary-policy-statement/2024/html/ecb.is241212~ce143b3bc8.en.html,other_in_meeting_window,0.4
ECB_2024_12,ECB,2024-12-12,DOC_C937A507C20A,statement,Monetary Policy,Monetary policy decisions,,2024-12-12,0,data\ECB\Monetary Policy\2024-12-12 - Monetary policy decisions.txt,https://www.ecb.europa.eu/press/pr/date/2024/html/ecb.mp241212~2acab6e51e.en.html,anchor_statement,1.0
ECB_2024_12,ECB,2024-12-12,DOC_9CBBD85D8FF9,speech,Speeches,Monetary policy in the euro area,Christine Lagarde,2024-12-16,4,data\ECB\Speeches\2024-12-16 - Christine Lagarde - Monetary policy in the euro area.txt,https://www.ecb.europa.eu/press/key/date/2024/html/ecb.sp241216~7caa8c7202.en.html,speech_after_meeting,0.7
ECB_2024_12,ECB,2024-12-12,DOC_6F7EEC0870EC,speech,Speeches,The euro area outlook and monetary policy,Speech by Philip R. Lane,2024-12-18,6,data\ECB\Speeches\2024-12-18 - Speech by Philip R. Lane - The euro area outlook and monetary policy.txt,https://www.ecb.europa.eu/press/key/date/2024/html/ecb.sp241218~c88acfb65f.en.html,speech_after_meeting,0.7
ECB_2024_12,ECB,2024-12-12,DOC_0FDA22554A10,speech,Speeches,The economic outlook and monetary policy in the euro area,"Luis de Guindos, Vice",2025-01-15,34,"data\ECB\Speeches\2025-01-15 - Luis de Guindos, Vice - The economic outlook and monetary policy in the euro area.txt",https://www.ecb.europa.eu/press/key/date/2025/html/ecb.sp250115~4f46a22389.en.html,speech_after_meeting,0.7
ECB_2024_12,ECB,2024-12-12,DOC_8B285FD7AF5D,speech,Speeches,Central bank independence in an era of volatility,,2025-01-27,46,data\ECB\Speeches\2025-01-27 - Central bank independence in an era of volatility.txt,https://www.ecb.europa.eu/press/key/date/2025/html/ecb.sp250127~16c35af0c0.en.html,speech_after_meeting,0.7
ECB_2025_01,ECB,2025-01-30,DOC_C4E3EE6CDEFF,other,Press Conference Q&A,"Christine Lagarde, Luis de Guindos: Monetary policy statement (with Q&A)","Christine Lagarde, Luis de Guindos",2025-01-30,0,"data\ECB\Press Conference Q&A\2025-01-30 - Christine Lagarde, Luis de Guindos_ Monetary policy statement (with Q&A).txt",https://www.ecb.europa.eu/press/press_conference/monetary-policy-statement/2025/html/ecb.is250130~1f418aa0f4.en.html,other_in_meeting_window,0.4
ECB_2025_01,ECB,2025-01-30,DOC_49A0B89A5BD6,statement,Monetary Policy,Monetary policy decisions,,2025-01-30,0,data\ECB\Monetary Policy\2025-01-30 - Monetary policy decisions.txt,https://www.ecb.europa.eu/press/pr/date/2025/html/ecb.mp250130~530b29e622.en.html,anchor_statement,1.0
ECB_2025_01,ECB,2025-01-30,DOC_F95EA691D39A,speech,Speeches,A middle path for ECB monetary policy,Speech by Philip R. Lane,2025-02-05,6,data\ECB\Speeches\2025-02-05 - Speech by Philip R. Lane - A middle path for ECB monetary policy.txt,https://www.ecb.europa.eu/press/key/date/2025/html/ecb.sp250205~94958ee099.en.html,speech_after_meeting,0.7
ECB_2025_01,ECB,2025-01-30,DOC_95088911DB10,speech,Speeches,European Parliament plenary debate on the ECB Annual Report,Speech by Christine Lagarde,2025-02-10,11,data\ECB\Speeches\2025-02-10 - Speech by Christine Lagarde - European Parliament plenary debate on the ECB Annual Report.txt,https://www.ecb.europa.eu/press/key/date/2025/html/ecb.sp250210~77679a7d66.en.html,speech_after_meeting,0.7
ECB_2025_01,ECB,2025-01-30,DOC_EE2D81B3DA75,speech,Speeches,From concept to delivery: accounting for climate and nature in maintaining price stability and keeping banks safe and sound,From concept to delivery,2025-02-12,13,data\ECB\Speeches\2025-02-12 - From concept to delivery - From concept to delivery_ accounting for climate and nature in maintaining price stability and keeping banks s.txt,https://www.ecb.europa.eu/press/key/date/2025/html/ecb.sp250212~b69d86d8f2.en.html,speech_after_meeting,0.7
ECB_2025_01,ECB,2025-01-30,DOC_ED0A3BF674BF,speech,Speeches,Striking the right balance: the ECB’s balance sheet and its implications for monetary policy,Striking the right balance,2025-02-18,19,data\ECB\Speeches\2025-02-18 - Striking the right balance - Striking the right balance_ the ECB’s balance sheet and its implications for monetary policy.txt,https://www.ecb.europa.eu/press/key/date/2025/html/ecb.sp250218~cc20f3518c.en.html,speech_after_meeting,0.7
ECB_2025_01,ECB,2025-01-30,DOC_EC09F3A4E707,speech,Speeches,No longer convenient? Safe asset abundance and r,Keynote speech by Isabel Schnabel,2025-02-25,26,data\ECB\Speeches\2025-02-25 - Keynote speech by Isabel Schnabel - No longer convenient_ Safe asset abundance and r.txt,https://www.ecb.europa.eu/press/key/date/2025/html/ecb.sp250225~49a8dd911a.en.html,speech_after_meeting,0.7
ECB_2025_03,ECB,2025-03-06,DOC_7E18226B03A7,other,Press Conference Q&A,"Christine Lagarde, Luis de Guindos: Monetary policy statement (with Q&A)","Christine Lagarde, Luis de Guindos",2025-03-06,0,"data\ECB\Press Conference Q&A\2025-03-06 - Christine Lagarde, Luis de Guindos_ Monetary policy statement (with Q&A).txt",https://www.ecb.europa.eu/press/press_conference/monetary-policy-statement/2025/html/ecb.is250306~4307bd0941.en.html,other_in_meeting_window,0.4
ECB_2025_03,ECB,2025-03-06,DOC_050E9F4EBAB4,statement,Monetary Policy,Monetary policy decisions,,2025-03-06,0,data\ECB\Monetary Policy\2025-03-06 - Monetary policy decisions.txt,https://www.ecb.europa.eu/press/pr/date/2025/html/ecb.mp250306~d4340800b3.en.html,anchor_statement,1.0
ECB_2025_03,ECB,2025-03-06,DOC_B1B8D5D1D788,speech,Speeches,A robust strategy for a new era,Christine Lagarde,2025-03-12,6,data\ECB\Speeches\2025-03-12 - Christine Lagarde - A robust strategy for a new era.txt,https://www.ecb.europa.eu/press/key/date/2025/html/ecb.sp250312~915537d675.en.html,speech_after_meeting,0.7
ECB_2025_03,ECB,2025-03-06,DOC_27D026694015,speech,Speeches,"Resilience offers a competitive advantage, especially in uncertain times",Keynote speech by Frank Elderson,2025-03-19,13,"data\ECB\Speeches\2025-03-19 - Keynote speech by Frank Elderson - Resilience offers a competitive advantage, especially in uncertain times.txt",https://www.ecb.europa.eu/press/key/date/2025/html/ecb.sp250319~95a68ad8a3.en.html,speech_after_meeting,0.7
ECB_2025_03,ECB,2025-03-06,DOC_EFFCBCE3D61E,speech,Speeches,Hearing of the Committee on Economic and Monetary Affairs of the European Parliament,Speech by Christine Lagarde,2025-03-20,14,data\ECB\Speeches\2025-03-20 - Speech by Christine Lagarde - Hearing of the Committee on Economic and Monetary Affairs of the European Parliament.txt,https://www.ecb.europa.eu/press/key/date/2025/html/ecb.sp250320~6c2889bbd3.en.html,speech_after_meeting,0.7
ECB_2025_03,ECB,2025-03-06,DOC_C06C8894621D,speech,Speeches,Financial literacy and monetary policy transmission,Speech by Isabel Schnabel,2025-03-27,21,data\ECB\Speeches\2025-03-27 - Speech by Isabel Schnabel - Financial literacy and monetary policy transmission.txt,https://www.ecb.europa.eu/press/key/date/2025/html/ecb.sp250327~4f9c298d91.en.html,speech_after_meeting,0.7
ECB_2025_03,ECB,2025-03-06,DOC_155A533E21CA,speech,Speeches,Enhancing cross-border payments in Europe and beyond,Speech by Piero Cipollone,2025-04-01,26,data\ECB\Speeches\2025-04-01 - Speech by Piero Cipollone - Enhancing cross-border payments in Europe and beyond.txt,https://www.ecb.europa.eu/press/key/date/2025/html/ecb.sp250401~9e1ee05e88.en.html,speech_after_meeting,0.7
ECB_2025_03,ECB,2025-03-06,DOC_F76D045B5B88,speech,Speeches,Financial stability in uncertain times,"Luis de Guindos, Vice",2025-04-03,28,"data\ECB\Speeches\2025-04-03 - Luis de Guindos, Vice - Financial stability in uncertain times.txt",https://www.ecb.europa.eu/press/key/date/2025/html/ecb.sp250403~64e41daf3f.en.html,speech_after_meeting,0.7
ECB_2025_03,ECB,2025-03-06,DOC_B8CCBF74ACCB,speech,Speeches,Empowering Europe: boosting strategic autonomy through the digital euro,Empowering Europe,2025-04-08,33,data\ECB\Speeches\2025-04-08 - Empowering Europe - Empowering Europe_ boosting strategic autonomy through the digital euro.txt,https://www.ecb.europa.eu/press/key/date/2025/html/ecb.sp250408~40820747ef.en.html,speech_after_meeting,0.7
ECB_2025_04,ECB,2025-04-17,DOC_F9AD1FCA6B84,other,Press Conference Q&A,"Christine Lagarde, Luis de Guindos: Monetary policy statement (with Q&A)","Christine Lagarde, Luis de Guindos",2025-04-17,0,"data\ECB\Press Conference Q&A\2025-04-17 - Christine Lagarde, Luis de Guindos_ Monetary policy statement (with Q&A).txt",https://www.ecb.europa.eu/press/press_conference/monetary-policy-statement/2025/html/ecb.is250417~091c625eb6.en.html,other_in_meeting_window,0.4
ECB_2025_04,ECB,2025-04-17,DOC_AB080929FD2C,statement,Monetary Policy,Monetary policy decisions,,2025-04-17,0,data\ECB\Monetary Policy\2025-04-17 - Monetary policy decisions.txt,https://www.ecb.europa.eu/press/pr/date/2025/html/ecb.mp250417~42727d0735.en.html,anchor_statement,1.0
ECB_2025_04,ECB,2025-04-17,DOC_59E5FCB20062,speech,Speeches,IMFC Statement,Statement by Christine Lagarde,2025-04-25,8,data\ECB\Speeches\2025-04-25 - Statement by Christine Lagarde - IMFC Statement.txt,https://www.ecb.europa.eu/press/key/date/2025/html/ecb.sp250425~2ddde574aa.en.html,speech_after_meeting,0.7
ECB_2025_04,ECB,2025-04-17,DOC_05EDDD67C89C,speech,Speeches,Presentation of the ECB Annual Report 2024 to the Committee on Economic and Monetary Affairs of the European Parliament,"Luis de Guindos, Vice",2025-04-28,11,"data\ECB\Speeches\2025-04-28 - Luis de Guindos, Vice - Presentation of the ECB Annual Report 2024 to the Committee on Economic and Monetary Affairs of the European Parl.txt",https://www.ecb.europa.eu/press/key/date/2025/html/ecb.sp250428~9e742b429b.en.html,speech_after_meeting,0.7
ECB_2025_04,ECB,2025-04-17,DOC_7B4762D59501,speech,Speeches,Navigating a fractured horizon: risks and policy options in a fragmenting world,Navigating a fractured horizon,2025-04-29,12,data\ECB\Speeches\2025-04-29 - Navigating a fractured horizon - Navigating a fractured horizon_ risks and policy options in a fragmenting world.txt,https://www.ecb.europa.eu/press/key/date/2025/html/ecb.sp250429~5c32473955.en.html,speech_after_meeting,0.7
ECB_2025_04,ECB,2025-04-17,DOC_EEDB09669706,speech,Speeches,Keeping a steady hand in an unsteady world,Speech by Isabel Schnabel,2025-05-10,23,data\ECB\Speeches\2025-05-10 - Speech by Isabel Schnabel - Keeping a steady hand in an unsteady world.txt,https://www.ecb.europa.eu/press/key/date/2025/html/ecb.sp250510~31aea4f78a.en.html,speech_after_meeting,0.7
ECB_2025_04,ECB,2025-04-17,DOC_AE34C4DBB6EA,speech,Speeches,Harnessing the digital future of payments: Europes path to sovereignty and innovation,Harnessing the digital future of payments,2025-05-15,28,data\ECB\Speeches\2025-05-15 - Harnessing the digital future of payments - Harnessing the digital future of payments_ Europes path to sovereignty and innovation.txt,https://www.ecb.europa.eu/press/key/date/2025/html/ecb.sp250515~fd8adac5a4.en.html,speech_after_meeting,0.7
ECB_2025_04,ECB,2025-04-17,DOC_E9F13E33D080,speech,Speeches,The communication of monetary policy decisions: incorporating risks and uncertainty,The communication of monetary policy decisions,2025-05-16,29,data\ECB\Speeches\2025-05-16 - The communication of monetary policy decisions - The communication of monetary policy decisions_ incorporating risks and uncertainty.txt,https://www.ecb.europa.eu/press/key/date/2025/html/ecb.sp250516~fd6d7138d8.en.html,speech_after_meeting,0.7
ECB_2025_04,ECB,2025-04-17,DOC_090BA6CD39FA,speech,Speeches,"Nature’s bell tolls for thee, economy!",Keynote speech by Frank Elderson,2025-05-22,35,"data\ECB\Speeches\2025-05-22 - Keynote speech by Frank Elderson - Nature’s bell tolls for thee, economy!.txt",https://www.ecb.europa.eu/press/key/date/2025/html/ecb.sp250522~b371549cb6.en.html,speech_after_meeting,0.7
ECB_2025_04,ECB,2025-04-17,DOC_556BDFB434DF,speech,Speeches,Earning influence: lessons from the history of international currencies,Earning influence,2025-05-26,39,data\ECB\Speeches\2025-05-26 - Earning influence - Earning influence_ lessons from the history of international currencies.txt,https://www.ecb.europa.eu/press/key/date/2025/html/ecb.sp250526~d8d4541ce5.en.html,speech_after_meeting,0.7
ECB_2025_06,ECB,2025-06-05,DOC_0B3B358636B2,other,Press Conference Q&A,"Christine Lagarde, Luis de Guindos: Monetary policy statement (with Q&A)","Christine Lagarde, Luis de Guindos",2025-06-05,0,"data\ECB\Press Conference Q&A\2025-06-05 - Christine Lagarde, Luis de Guindos_ Monetary policy statement (with Q&A).txt",https://www.ecb.europa.eu/press/press_conference/monetary-policy-statement/2025/html/ecb.is250605~f00a36ef2b.en.html,other_in_meeting_window,0.4
ECB_2025_06,ECB,2025-06-05,DOC_ACEB876DE494,statement,Monetary Policy,Monetary policy decisions,,2025-06-05,0,data\ECB\Monetary Policy\2025-06-05 - Monetary policy decisions.txt,https://www.ecb.europa.eu/press/pr/date/2025/html/ecb.mp250605~3b5f67d007.en.html,anchor_statement,1.0
ECB_2025_06,ECB,2025-06-05,DOC_D90096F408B1,speech,Speeches,Stemming the tide: safeguarding our ocean and economy,Stemming the tide,2025-06-07,2,data\ECB\Speeches\2025-06-07 - Stemming the tide - Stemming the tide_ safeguarding our ocean and economy.txt,https://www.ecb.europa.eu/press/key/date/2025/html/ecb.sp250607~e6ed4778bc.en.html,speech_after_meeting,0.7
ECB_2025_06,ECB,2025-06-05,DOC_B6C1B31B35DD,speech,Speeches,The rule of law as a constitutional pillar of European central banking,Keynote speech by Frank Elderson,2025-06-09,4,data\ECB\Speeches\2025-06-09 - Keynote speech by Frank Elderson - The rule of law as a constitutional pillar of European central banking.txt,https://www.ecb.europa.eu/press/key/date/2025/html/ecb.sp250609~3b37304c9f.en.html,speech_after_meeting,0.7
ECB_2025_06,ECB,2025-06-05,DOC_28F798DFB1A7,speech,Speeches,Drawing a common map: sustaining global cooperation in a fragmenting world,Drawing a common map,2025-06-11,6,data\ECB\Speeches\2025-06-11 - Drawing a common map - Drawing a common map_ sustaining global cooperation in a fragmenting world.txt,https://www.ecb.europa.eu/press/key/date/2025/html/ecb.sp250611~8936f0665d.en.html,speech_after_meeting,0.7
ECB_2025_06,ECB,2025-06-05,DOC_02C0EEFBA90B,speech,Speeches,Europe at a crossroads: it is high time to complete the Single Market,Europe,2025-06-18,13,data\ECB\Speeches\2025-06-18 - Europe - Europe at a crossroads_ it is high time to complete the Single Market.txt,https://www.ecb.europa.eu/press/key/date/2025/html/ecb.sp250618~3394068884.en.html,speech_after_meeting,0.7
ECB_2025_06,ECB,2025-06-05,DOC_22B8CA690E31,speech,Speeches,Strengthening economies in a stormy and fragmenting world,Christine Lagarde,2025-06-19,14,data\ECB\Speeches\2025-06-19 - Christine Lagarde - Strengthening economies in a stormy and fragmenting world.txt,https://www.ecb.europa.eu/press/key/date/2025/html/ecb.sp250619~1cd73165da.en.html,speech_after_meeting,0.7
ECB_2025_06,ECB,2025-06-05,DOC_4F51429148DB,speech,Speeches,Hearing of the Committee on Economic and Monetary Affairs of the European Parliament,Speech by Christine Lagarde,2025-06-23,18,data\ECB\Speeches\2025-06-23 - Speech by Christine Lagarde - Hearing of the Committee on Economic and Monetary Affairs of the European Parliament.txt,https://www.ecb.europa.eu/press/key/date/2025/html/ecb.sp250623~fd501a6cab.en.html,speech_after_meeting,0.7
ECB_2025_06,ECB,2025-06-05,DOC_BA04EC69A656,speech,Speeches,Monetary policy: new challenges,Monetary policy,2025-06-24,19,data\ECB\Speeches\2025-06-24 - Monetary policy - Monetary policy_ new challenges.txt,https://www.ecb.europa.eu/press/key/date/2025/html/ecb.sp250624~6bc6bae5ac.en.html,speech_after_meeting,0.7
ECB_2025_06,ECB,2025-06-05,DOC_469AA54C3AAD,speech,Speeches,The quest for cheaper and faster cross-border payments: regional and global solutions,Piero Cipollone,2025-06-27,22,data\ECB\Speeches\2025-06-27 - Piero Cipollone - The quest for cheaper and faster cross-border payments_ regional and global solutions.txt,https://www.ecb.europa.eu/press/key/date/2025/html/ecb.sp250627~de084f5b69.en.html,speech_after_meeting,0.7
ECB_2025_06,ECB,2025-06-05,DOC_608AA35DFA36,press_conference,Speeches,PRESS CONFERENCE,Christine Lagarde,2025-06-30,25,data\ECB\Speeches\2025-06-30 - Christine Lagarde - PRESS CONFERENCE.txt,https://www.ecb.europa.eu/press/key/date/2025/html/ecb.sp250630~4a4409f0da.en.html,press_conference_for_meeting,0.8
ECB_2025_06,ECB,2025-06-05,DOC_D357179CDEC5,speech,Speeches,Deepening our commitment to confronting the climate and nature crises,Frank Elderson,2025-07-04,29,data\ECB\Speeches\2025-07-04 - Frank Elderson - Deepening our commitment to confronting the climate and nature crises.txt,https://www.ecb.europa.eu/press/key/date/2025/html/ecb.sp250704~167d74e3c3.en.html,speech_after_meeting,0.7
ECB_2025_06,ECB,2025-06-05,DOC_58DDF20043AC,speech,Speeches,The monetary agenda at the ECB,Remarks by Philip R. Lane,2025-07-09,34,data\ECB\Speeches\2025-07-09 - Remarks by Philip R. Lane - The monetary agenda at the ECB.txt,https://www.ecb.europa.eu/press/key/date/2025/html/ecb.sp250709~7ce2ac26a7.en.html,speech_after_meeting,0.7
ECB_2025_06,ECB,2025-06-05,DOC_D15CE9372F87,speech,Speeches,Shifting payment landscape: what a digital euro will bring,Shifting payment landscape,2025-07-10,35,data\ECB\Speeches\2025-07-10 - Shifting payment landscape - Shifting payment landscape_ what a digital euro will bring.txt,https://www.ecb.europa.eu/press/key/date/2025/html/ecb.sp250710~7d5aeae662.en.html,speech_after_meeting,0.7
ECB_2025_06,ECB,2025-06-05,DOC_C7A6CC0F21C3,speech,Speeches,The digital euro: legal tender in the digital age,The digital euro,2025-07-14,39,data\ECB\Speeches\2025-07-14 - The digital euro - The digital euro_ legal tender in the digital age.txt,https://www.ecb.europa.eu/press/key/date/2025/html/ecb.sp250714~437cfc6a51.en.html,speech_after_meeting,0.7
ECB_2025_07,ECB,2025-07-24,DOC_1E72361C2490,other,Press Conference Q&A,"Christine Lagarde, Luis de Guindos: Monetary policy statement (with Q&A)","Christine Lagarde, Luis de Guindos",2025-07-24,0,"data\ECB\Press Conference Q&A\2025-07-24 - Christine Lagarde, Luis de Guindos_ Monetary policy statement (with Q&A).txt",https://www.ecb.europa.eu/press/press_conference/monetary-policy-statement/2025/html/ecb.is250724~a66e730494.en.html,other_in_meeting_window,0.4
ECB_2025_07,ECB,2025-07-24,DOC_75046968D43E,statement,Monetary Policy,Monetary policy decisions,,2025-07-24,0,data\ECB\Monetary Policy\2025-07-24 - Monetary policy decisions.txt,https://www.ecb.europa.eu/press/pr/date/2025/html/ecb.mp250724~50bc70e13f.en.html,anchor_statement,1.0
ECB_2025_07,ECB,2025-07-24,DOC_50096840A8A7,speech,Speeches,Beyond hysteresis: resilience in Europe’s labour market,Beyond hysteresis,2025-08-23,30,data\ECB\Speeches\2025-08-23 - Beyond hysteresis - Beyond hysteresis_ resilience in Europe’s labour market.txt,https://www.ecb.europa.eu/press/key/date/2025/html/ecb.sp250823~2f476a9a97.en.html,speech_after_meeting,0.7
ECB_2025_07,ECB,2025-07-24,DOC_79FB41C5E8D9,speech,Speeches,Building European autonomy: cooperation and the rule of law,Building European autonomy,2025-09-01,39,data\ECB\Speeches\2025-09-01 - Building European autonomy - Building European autonomy_ cooperation and the rule of law.txt,https://www.ecb.europa.eu/press/key/date/2025/html/ecb.sp250901~54fdcd1e20.en.html,speech_after_meeting,0.7
ECB_2025_07,ECB,2025-07-24,DOC_A27C4FC23B9F,speech,Speeches,Cutting through the noise: exercising good judgment in a world of change,Cutting through the noise,2025-09-03,41,data\ECB\Speeches\2025-09-03 - Cutting through the noise - Cutting through the noise_ exercising good judgment in a world of change.txt,https://www.ecb.europa.eu/press/key/date/2025/html/ecb.sp250903~10647505c7.en.html,speech_after_meeting,0.7
ECB_2025_07,ECB,2025-07-24,DOC_B52F555F9683,speech,Speeches,The digital euro: ensuring resilience and inclusion in digital payments,The digital euro,2025-09-04,42,data\ECB\Speeches\2025-09-04 - The digital euro - The digital euro_ ensuring resilience and inclusion in digital payments.txt,https://www.ecb.europa.eu/press/key/date/2025/html/ecb.sp250904~70ab593276.en.html,speech_after_meeting,0.7
ECB_2025_09,ECB,2025-09-11,DOC_604D8386FAC8,other,Press Conference Q&A,"Christine Lagarde, Luis de Guindos: Monetary policy statement (with Q&A)","Christine Lagarde, Luis de Guindos",2025-09-11,0,"data\ECB\Press Conference Q&A\2025-09-11 - Christine Lagarde, Luis de Guindos_ Monetary policy statement (with Q&A).txt",https://www.ecb.europa.eu/press/press_conference/monetary-policy-statement/2025/html/ecb.is250911~a13675b834.en.html,other_in_meeting_window,0.4
ECB_2025_09,ECB,2025-09-11,DOC_A6325111DD20,statement,Monetary Policy,Monetary policy decisions,,2025-09-11,0,data\ECB\Monetary Policy\2025-09-11 - Monetary policy decisions.txt,https://www.ecb.europa.eu/press/pr/date/2025/html/ecb.mp250911~6afb7a9490.en.html,anchor_statement,1.0
ECB_2025_09,ECB,2025-09-11,DOC_82C900E56A02,speech,Speeches,This time is never different: the importance of safeguarding financial stability,This time is never different,2025-09-17,6,data\ECB\Speeches\2025-09-17 - This time is never different - This time is never different_ the importance of safeguarding financial stability.txt,https://www.ecb.europa.eu/press/key/date/2025/html/ecb.sp250917~d45058c998.en.html,speech_after_meeting,0.7
ECB_2025_09,ECB,2025-09-11,DOC_51AD2FAEBB8B,speech,Speeches,Preparing the future of payments and money: the role of research and innovation,Piero Cipollone,2025-09-26,15,data\ECB\Speeches\2025-09-26 - Piero Cipollone - Preparing the future of payments and money_ the role of research and innovation.txt,https://www.ecb.europa.eu/press/key/date/2025/html/ecb.sp250926~e856d2e386.en.html,speech_after_meeting,0.7
ECB_2025_09,ECB,2025-09-11,DOC_04179BF63A26,speech,Speeches,"Digital euro: protecting our freedom, autonomy and security",Digital euro,2025-09-29,18,"data\ECB\Speeches\2025-09-29 - Digital euro - Digital euro_ protecting our freedom, autonomy and security.txt",https://www.ecb.europa.eu/press/key/date/2025/html/ecb.sp250929~9a94367d26.en.html,speech_after_meeting,0.7
ECB_2025_09,ECB,2025-09-11,DOC_67716DCA5242,speech,Speeches,Trade wars and central banks: lessons from 2025,Trade wars and central banks,2025-09-30,19,data\ECB\Speeches\2025-09-30 - Trade wars and central banks - Trade wars and central banks_ lessons from 2025.txt,https://www.ecb.europa.eu/press/key/date/2025/html/ecb.sp250930~c973459788.en.html,speech_after_meeting,0.7
ECB_2025_09,ECB,2025-09-11,DOC_25E228383FA6,speech,Speeches,From charting the course to staying the course: the path ahead for climate and nature risk supervision,Frank Elderson,2025-10-01,20,data\ECB\Speeches\2025-10-01 - Frank Elderson - From charting the course to staying the course_ the path ahead for climate and nature risk supervision.txt,https://www.ecb.europa.eu/press/key/date/2025/html/ecb.sp251001~ff4e3bc6dc.en.html,speech_after_meeting,0.7
ECB_2025_09,ECB,2025-09-11,DOC_DCB8DC6C9303,speech,Speeches,Monetary policy and financial stability: past lessons for future resilience,Monetary policy and financial stability,2025-10-03,22,data\ECB\Speeches\2025-10-03 - Monetary policy and financial stability - Monetary policy and financial stability_ past lessons for future resilience.txt,https://www.ecb.europa.eu/press/key/date/2025/html/ecb.sp251003~4eea40331a.en.html,speech_after_meeting,0.7
ECB_2025_09,ECB,2025-09-11,DOC_351E447CBD78,speech,Speeches,The conduct of monetary policy,Keynote speech by Philip R. Lane,2025-10-06,25,data\ECB\Speeches\2025-10-06 - Keynote speech by Philip R. Lane - The conduct of monetary policy.txt,https://www.ecb.europa.eu/press/key/date/2025/html/ecb.sp251006~0adce2b3d4.en.html,speech_after_meeting,0.7
ECB_2025_09,ECB,2025-09-11,DOC_F1B255C880D5,speech,Speeches,Turning openness into strength: the moment of the euro,Turning openness into strength,2025-10-07,26,data\ECB\Speeches\2025-10-07 - Turning openness into strength - Turning openness into strength_ the moment of the euro.txt,https://www.ecb.europa.eu/press/key/date/2025/html/ecb.sp251007~4d6ccb7ddf.en.html,speech_after_meeting,0.7
ECB_2025_09,ECB,2025-09-11,DOC_F6105965C031,speech,Speeches,From crisis to collective strength: a successful decade of the Single Resolution Mechanism and the road ahead,From crisis to collective strength,2025-10-15,34,data\ECB\Speeches\2025-10-15 - From crisis to collective strength - From crisis to collective strength_ a successful decade of the Single Resolution Mechanism and the r.txt,https://www.ecb.europa.eu/press/key/date/2025/html/ecb.sp251015~c58dcf6bf6.en.html,speech_after_meeting,0.7
ECB_2025_09,ECB,2025-09-11,DOC_C4F1B98EE35E,speech,Speeches,IMFC Statement,Statement by Christine Lagarde,2025-10-17,36,data\ECB\Speeches\2025-10-17 - Statement by Christine Lagarde - IMFC Statement.txt,https://www.ecb.europa.eu/press/key/date/2025/html/ecb.sp251017~cb692052ae.en.html,speech_after_meeting,0.7
ECB_2025_09,ECB,2025-09-11,DOC_98AEBF2B07BD,speech,Speeches,The transmission of monetary policy: financial conditions and credit dynamics,The transmission of monetary policy,2025-10-21,40,data\ECB\Speeches\2025-10-21 - The transmission of monetary policy - The transmission of monetary policy_ financial conditions and credit dynamics.txt,https://www.ecb.europa.eu/press/key/date/2025/html/ecb.sp251021~a757abf975.en.html,speech_after_meeting,0.7
ECB_2025_09,ECB,2025-09-11,DOC_EF1E6023A364,speech,Speeches,Acceptance speech 2025 Pádraig Ó hUiginn Award,Remarks by Philip R. Lane,2025-10-23,42,data\ECB\Speeches\2025-10-23 - Remarks by Philip R. Lane - Acceptance speech 2025 Pádraig Ó hUiginn Award.txt,https://www.ecb.europa.eu/press/key/date/2025/html/ecb.sp251023~64d8bd110e.en.html,speech_after_meeting,0.7
ECB_2025_09,ECB,2025-09-11,DOC_79BDE631B3EE,speech,Speeches,Making supervision simpler: the role of supervisory guides,Making supervision simpler,2025-10-27,46,data\ECB\Speeches\2025-10-27 - Making supervision simpler - Making supervision simpler_ the role of supervisory guides.txt,https://www.ecb.europa.eu/press/key/date/2025/html/ecb.sp251027~5b1a7050b2.en.html,speech_after_meeting,0.7
ECB_2025_09,ECB,2025-09-11,DOC_2B00CE2AB897,speech,Speeches,Remarks delivered at the Palazzo Vecchio on the occasion of the external Governing Council monetary policy meeting in Florence,Speech by Christine Lagarde,2025-10-29,48,data\ECB\Speeches\2025-10-29 - Speech by Christine Lagarde - Remarks delivered at the Palazzo Vecchio on the occasion of the external Governing Council monetary policy.txt,https://www.ecb.europa.eu/press/key/date/2025/html/ecb.sp251029~f83bffe5ad.en.html,speech_after_meeting,0.7
ECB_2025_10,ECB,2025-10-30,DOC_04361559403B,other,Press Conference Q&A,"Christine Lagarde, Luis de Guindos: Monetary policy statement (with Q&A)","Christine Lagarde, Luis de Guindos",2025-10-30,0,"data\ECB\Press Conference Q&A\2025-10-30 - Christine Lagarde, Luis de Guindos_ Monetary policy statement (with Q&A).txt",https://www.ecb.europa.eu/press/press_conference/monetary-policy-statement/2025/html/ecb.is251030~4f74dde15e.en.html,other_in_meeting_window,0.4
ECB_2025_10,ECB,2025-10-30,DOC_3CED66B6DA40,statement,Monetary Policy,Monetary policy decisions,,2025-10-30,0,data\ECB\Monetary Policy\2025-10-30 - Monetary policy decisions.txt,https://www.ecb.europa.eu/press/pr/date/2025/html/ecb.mp251030~cf0540b5c0.en.html,anchor_statement,1.0
ECB_2025_10,ECB,2025-10-30,DOC_AD0E0A46CE31,speech,Speeches,Bulgaria on the euro’s doorstep: towards a shared future,Bulgaria on the euro’s doorstep,2025-11-04,5,data\ECB\Speeches\2025-11-04 - Bulgaria on the euro’s doorstep - Bulgaria on the euro’s doorstep_ towards a shared future.txt,https://www.ecb.europa.eu/press/key/date/2025/html/ecb.sp251104~37e3eb95c0.en.html,speech_after_meeting,0.7
ECB_2025_10,ECB,2025-10-30,DOC_B317BCBD805D,speech,Speeches,Towards a new Eurosystem balance sheet,Speech by Isabel Schnabel,2025-11-06,7,data\ECB\Speeches\2025-11-06 - Speech by Isabel Schnabel - Towards a new Eurosystem balance sheet.txt,https://www.ecb.europa.eu/press/key/date/2025/html/ecb.sp251106~1133f93311.en.html,speech_after_meeting,0.7
ECB_2025_10,ECB,2025-10-30,DOC_61F884E9E140,speech,Speeches,Resilient banks through effective supervision: a pillar of Europe’s competitiveness,Resilient banks through effective supervision,2025-11-14,15,data\ECB\Speeches\2025-11-14 - Resilient banks through effective supervision - Resilient banks through effective supervision_ a pillar of Europe’s competitiveness.txt,https://www.ecb.europa.eu/press/key/date/2025/html/ecb.sp251114~5895764cc6.en.html,speech_after_meeting,0.7
ECB_2025_10,ECB,2025-10-30,DOC_7A333B02F8CD,speech,Speeches,Financial stability in the euro area,"Luis de Guindos, Vice",2025-11-17,18,"data\ECB\Speeches\2025-11-17 - Luis de Guindos, Vice - Financial stability in the euro area.txt",https://www.ecb.europa.eu/press/key/date/2025/html/ecb.sp251117~319ec8d663.en.html,speech_after_meeting,0.7
ECB_2025_10,ECB,2025-10-30,DOC_54DC7F204085,speech,Speeches,From resilience to strength: unleashing Europe’s domestic market,From resilience to strength,2025-11-21,22,data\ECB\Speeches\2025-11-21 - From resilience to strength - From resilience to strength_ unleashing Europe’s domestic market.txt,https://www.ecb.europa.eu/press/key/date/2025/html/ecb.sp251121~bd4c7eacd0.en.html,speech_after_meeting,0.7
ECB_2025_10,ECB,2025-10-30,DOC_983DEE5A1003,speech,Speeches,Fiscal policy and growth in Europe,Christine Lagarde,2025-11-22,23,data\ECB\Speeches\2025-11-22 - Christine Lagarde - Fiscal policy and growth in Europe.txt,https://www.ecb.europa.eu/press/key/date/2025/html/ecb.sp251122~41974d60f1.en.html,speech_after_meeting,0.7
ECB_2025_10,ECB,2025-10-30,DOC_594D7DBB034F,speech,Speeches,Inflation deviations and monetary policy,Inflation deviations and monetary policy,2025-12-03,34,data\ECB\Speeches\2025-12-03 - Inflation deviations and monetary policy - Inflation deviations and monetary policy.txt,https://www.ecb.europa.eu/press/key/date/2025/html/ecb.sp251203~0aa6ff1366.en.html,speech_after_meeting,0.7
ECB_2025_10,ECB,2025-10-30,DOC_882A5DE111C9,speech,Speeches,The transformation of money: technological disruption and the future of financial services,The transformation of money,2025-12-08,39,data\ECB\Speeches\2025-12-08 - The transformation of money - The transformation of money_ technological disruption and the future of financial services.txt,https://www.ecb.europa.eu/press/key/date/2025/html/ecb.sp251208~4c07c78304.en.html,speech_after_meeting,0.7
ECB_2025_12,ECB,2025-12-18,DOC_E8671B45A3C3,other,Press Conference Q&A,"Christine Lagarde, Luis de Guindos: Monetary policy statement (with Q&A)","Christine Lagarde, Luis de Guindos",2025-12-18,0,"data\ECB\Press Conference Q&A\2025-12-18 - Christine Lagarde, Luis de Guindos_ Monetary policy statement (with Q&A).txt",https://www.ecb.europa.eu/press/press_conference/monetary-policy-statement/2025/html/ecb.is251218~3a10402adb.en.html,other_in_meeting_window,0.4
ECB_2025_12,ECB,2025-12-18,DOC_0FA6FDA7657E,statement,Monetary Policy,Monetary policy decisions,,2025-12-18,0,data\ECB\Monetary Policy\2025-12-18 - Monetary policy decisions.txt,https://www.ecb.europa.eu/press/pr/date/2025/html/ecb.mp251218~58b0e415a6.en.html,anchor_statement,1.0
ECB_2025_12,ECB,2025-12-18,DOC_FE271F3C4E89,speech,Speeches,The future of money: a central bank perspective,The future of money,2025-12-19,1,data\ECB\Speeches\2025-12-19 - The future of money - The future of money_ a central bank perspective.txt,https://www.ecb.europa.eu/press/key/date/2025/html/ecb.sp251219~fd2fee081a.en.html,speech_after_meeting,0.7
ECB_2025_12,ECB,2025-12-18,DOC_E34178AB1F21,speech,Speeches,The euro in a changing world,Keynote speech by Philip R. Lane,2026-01-09,22,data\ECB\Speeches\2026-01-09 - Keynote speech by Philip R. Lane - The euro in a changing world.txt,https://www.ecb.europa.eu/press/key/date/2026/html/ecb.sp260109~7a044d36db.en.html,speech_after_meeting,0.7
ECB_2025_12,ECB,2025-12-18,DOC_85457190A714,speech,Speeches,Monetary policy and financial stability in the euro area,"Luis de Guindos, Vice",2026-01-14,27,"data\ECB\Speeches\2026-01-14 - Luis de Guindos, Vice - Monetary policy and financial stability in the euro area.txt",https://www.ecb.europa.eu/press/key/date/2026/html/ecb.sp260114~21e6c577a8.en.html,speech_after_meeting,0.7
ECB_2025_12,ECB,2025-12-18,DOC_D6D985B5C328,speech,Speeches,Hearing of the Committee on Economic and Monetary Affairs of the European Parliament,Bank resilience in challenging times,2026-01-28,41,data\ECB\Speeches\2026-01-28 - Bank resilience in challenging times - Hearing of the Committee on Economic and Monetary Affairs of the European Parliament.txt,https://www.ecb.europa.eu/press/key/date/2026/html/ecb.sp260128~c294dcefde.en.html,speech_after_meeting,0.7
ECB_2026_02,ECB,2026-02-05,DOC_95A6AF56EA39,other,Press Conference Q&A,"Christine Lagarde, Luis de Guindos: Monetary policy statement (with Q&A)","Christine Lagarde, Luis de Guindos",2026-02-05,0,"data\ECB\Press Conference Q&A\2026-02-05 - Christine Lagarde, Luis de Guindos_ Monetary policy statement (with Q&A).txt",https://www.ecb.europa.eu/press/press_conference/monetary-policy-statement/2026/html/ecb.is260205~50858cb986.en.html,other_in_meeting_window,0.4
ECB_2026_02,ECB,2026-02-05,DOC_EBCDB2DE5C65,statement,Monetary Policy,Monetary policy decisions,,2026-02-05,0,data\ECB\Monetary Policy\2026-02-05 - Monetary policy decisions.txt,https://www.ecb.europa.eu/press/pr/date/2026/html/ecb.mp260205~001d26959b.en.html,anchor_statement,1.0
ECB_2026_02,ECB,2026-02-05,DOC_6A5C27ED731D,speech,Speeches,The digital euro: strengthening Europe’s payments ecosystem,The digital euro,2026-02-06,1,data\ECB\Speeches\2026-02-06 - The digital euro - The digital euro_ strengthening Europe’s payments ecosystem.txt,https://www.ecb.europa.eu/press/key/date/2026/html/ecb.sp260206~dd5354fe95.en.html,speech_after_meeting,0.7
ECB_2026_02,ECB,2026-02-05,DOC_6DA04C096B1F,speech,Speeches,Made in Europe,Speech by Isabel Schnabel,2026-02-11,6,data\ECB\Speeches\2026-02-11 - Speech by Isabel Schnabel - Made in Europe.txt,https://www.ecb.europa.eu/press/key/date/2026/html/ecb.sp260211~2822ae9612.en.html,speech_after_meeting,0.7
ECB_2026_02,ECB,2026-02-05,DOC_BCBBD41B3208,speech,Speeches,Europe and monetary sovereignty,Speech by Piero Cipollone,2026-02-12,7,data\ECB\Speeches\2026-02-12 - Speech by Piero Cipollone - Europe and monetary sovereignty.txt,https://www.ecb.europa.eu/press/key/date/2026/html/ecb.sp260212~9fabe9baaa.en.html,speech_after_meeting,0.7
ECB_2026_02,ECB,2026-02-05,DOC_3327B7C64428,speech,Speeches,Preparing for geoeconomic fragmentation,Preparing for geoeconomic fragmentation,2026-02-14,9,data\ECB\Speeches\2026-02-14 - Preparing for geoeconomic fragmentation - Preparing for geoeconomic fragmentation.txt,https://www.ecb.europa.eu/press/key/date/2026/html/ecb.sp260214~8944ba0fee.en.html,speech_after_meeting,0.7
ECB_2026_02,ECB,2026-02-05,DOC_1791B52A46FC,speech,Speeches,The digital euro: enhancing payments in the euro area,The digital euro,2026-02-19,14,data\ECB\Speeches\2026-02-19 - The digital euro - The digital euro_ enhancing payments in the euro area.txt,https://www.ecb.europa.eu/press/key/date/2026/html/ecb.sp260219~e9f59ca8c0.en.html,speech_after_meeting,0.7
ECB_2026_02,ECB,2026-02-05,DOC_4BBBB6FB304A,speech,Speeches,The order that took centuries to build,Acceptance speech by Christine Lagarde,2026-02-20,15,data\ECB\Speeches\2026-02-20 - Acceptance speech by Christine Lagarde - The order that took centuries to build.txt,https://www.ecb.europa.eu/press/key/date/2026/html/ecb.sp260220~58ceaf28ff.en.html,speech_after_meeting,0.7
ECB_2026_02,ECB,2026-02-05,DOC_1CD279D229B4,speech,Speeches,Turning size into scale: Europe’s new growth model,Turning size into scale,2026-02-23,18,data\ECB\Speeches\2026-02-23 - Turning size into scale - Turning size into scale_ Europe’s new growth model.txt,https://www.ecb.europa.eu/press/key/date/2026/html/ecb.sp260223~4c2aa74452.en.html,speech_after_meeting,0.7
ECB_2026_02,ECB,2026-02-05,DOC_1F31750BE9EB,speech,Speeches,Hearing of the Committee on Economic and Monetary Affairs of the European Parliament,Speech by Christine Lagarde,2026-02-26,21,data\ECB\Speeches\2026-02-26 - Speech by Christine Lagarde - Hearing of the Committee on Economic and Monetary Affairs of the European Parliament.txt,https://www.ecb.europa.eu/press/key/date/2026/html/ecb.sp260226~87d6c12449.en.html,speech_after_meeting,0.7
ECB_2026_02,ECB,2026-02-05,DOC_502CDEBF30E0,speech,Speeches,"Technology, fragmentation and the new uncertainty",,2026-03-05,28,"data\ECB\Speeches\2026-03-05 - Technology, fragmentation and the new uncertainty.txt",https://www.ecb.europa.eu/press/key/date/2026/html/ecb.sp260305~b091c4a651.en.html,speech_after_meeting,0.7
ECB_2026_02,ECB,2026-02-05,DOC_DA14E929B4FA,speech,Speeches,"Nature in decline, economy on the line: the importance of international cooperation for managing nature-related risks",Frank Elderson,2026-03-09,32,"data\ECB\Speeches\2026-03-09 - Frank Elderson - Nature in decline, economy on the line_ the importance of international cooperation for managing nature-related risks.txt",https://www.ecb.europa.eu/press/key/date/2026/html/ecb.sp260309~6cfdbd02b7.en.html,speech_after_meeting,0.7
ECB_2026_03,ECB,2026-03-19,DOC_EB0559A1465E,other,Press Conference Q&A,"Christine Lagarde, Luis de Guindos: Monetary policy statement (with Q&A)","Christine Lagarde, Luis de Guindos",2026-03-19,0,"data\ECB\Press Conference Q&A\2026-03-19 - Christine Lagarde, Luis de Guindos_ Monetary policy statement (with Q&A).txt",https://www.ecb.europa.eu/press/press_conference/monetary-policy-statement/2026/html/ecb.is260319~93b1cbad97.en.html,other_in_meeting_window,0.4
ECB_2026_03,ECB,2026-03-19,DOC_3B37AF6242F9,statement,Monetary Policy,Monetary policy decisions,,2026-03-19,0,data\ECB\Monetary Policy\2026-03-19 - Monetary policy decisions.txt,https://www.ecb.europa.eu/press/pr/date/2026/html/ecb.mp260319~3057739775.en.html,anchor_statement,1.0
ECB_2026_03,ECB,2026-03-19,DOC_55C65AD1D055,speech,Speeches,Building the rails for Europe’s tokenised financial markets,Piero Cipollone,2026-03-23,4,data\ECB\Speeches\2026-03-23 - Piero Cipollone - Building the rails for Europe’s tokenised financial markets.txt,https://www.ecb.europa.eu/press/key/date/2026/html/ecb.sp260323~a88f20c049.en.html,speech_after_meeting,0.7
ECB_2026_03,ECB,2026-03-19,DOC_08BCF918C1E9,speech,Speeches,The digital euro: preparing for a potential launch,The digital euro,2026-03-24,5,data\ECB\Speeches\2026-03-24 - The digital euro - The digital euro_ preparing for a potential launch.txt,https://www.ecb.europa.eu/press/key/date/2026/html/ecb.sp260324~66f71f7577.en.html,speech_after_meeting,0.7
ECB_2026_03,ECB,2026-03-19,DOC_3B72E5BB531C,speech,Speeches,Navigating energy shocks: risks and policy responses,Navigating energy shocks,2026-03-25,6,data\ECB\Speeches\2026-03-25 - Navigating energy shocks - Navigating energy shocks_ risks and policy responses.txt,https://www.ecb.europa.eu/press/key/date/2026/html/ecb.sp260325~ac2916a211.en.html,speech_after_meeting,0.7
ECB_2026_03,ECB,2026-03-19,DOC_626D74193A05,speech,Speeches,Navigating turbulence: challenges for Europe and the path ahead,Navigating turbulence,2026-03-26,7,data\ECB\Speeches\2026-03-26 - Navigating turbulence - Navigating turbulence_ challenges for Europe and the path ahead.txt,https://www.ecb.europa.eu/press/key/date/2026/html/ecb.sp260326~cbb4721baf.en.html,speech_after_meeting,0.7
ECB_2026_03,ECB,2026-03-19,DOC_3CA4D7F40448,speech,Speeches,The digital euro in a fragmenting world: ensuring Europe’s resilience and autonomy in payments,Public lecture by Piero Cipollone,2026-04-01,13,data\ECB\Speeches\2026-04-01 - Public lecture by Piero Cipollone - The digital euro in a fragmenting world_ ensuring Europe’s resilience and autonomy in payments.txt,https://www.ecb.europa.eu/press/key/date/2026/html/ecb.sp260401~d9106c31db.en.html,speech_after_meeting,0.7
ECB_2026_03,ECB,2026-03-19,DOC_344CD1A04103,speech,Speeches,Sparking the transformation of finance: tokenisation and the role of central banks,Sparking the transformation of finance,2026-04-15,27,data\ECB\Speeches\2026-04-15 - Sparking the transformation of finance - Sparking the transformation of finance_ tokenisation and the role of central banks.txt,https://www.ecb.europa.eu/press/key/date/2026/html/ecb.sp260415~868b59bca9.en.html,speech_after_meeting,0.7
ECB_2026_03,ECB,2026-03-19,DOC_0DD51E3CECC1,speech,Speeches,The energy shock: where we stand and what we need to know,The energy shock,2026-04-20,32,data\ECB\Speeches\2026-04-20 - The energy shock - The energy shock_ where we stand and what we need to know.txt,https://www.ecb.europa.eu/press/key/date/2026/html/ecb.sp260420~cdf674023e.en.html,speech_after_meeting,0.7
ECB_2026_03,ECB,2026-03-19,DOC_05E8319AE34F,speech,Speeches,Expanding the supply of euro safe assets,Philip R. Lane,2026-04-22,34,data\ECB\Speeches\2026-04-22 - Philip R. Lane - Expanding the supply of euro safe assets.txt,https://www.ecb.europa.eu/press/key/date/2026/html/ecb.sp260422~0242ad3585.en.html,speech_after_meeting,0.7
ECB_2026_04,ECB,2026-04-30,DOC_AB0925C088A1,other,Press Conference Q&A,"Christine Lagarde, Luis de Guindos: Monetary policy statement (with Q&A)","Christine Lagarde, Luis de Guindos",2026-04-30,0,"data\ECB\Press Conference Q&A\2026-04-30 - Christine Lagarde, Luis de Guindos_ Monetary policy statement (with Q&A).txt",https://www.ecb.europa.eu/press/press_conference/monetary-policy-statement/2026/html/ecb.is260430~f99cb123a8.en.html,other_in_meeting_window,0.4
ECB_2026_04,ECB,2026-04-30,DOC_EB7BB3602688,statement,Monetary Policy,Monetary policy decisions,,2026-04-30,0,data\ECB\Monetary Policy\2026-04-30 - Monetary policy decisions.txt,https://www.ecb.europa.eu/press/pr/date/2026/html/ecb.mp260430~81b7179e6f.en.html,anchor_statement,1.0
ECB_2026_04,ECB,2026-04-30,DOC_A42F9AE85A21,speech,Speeches,"Digital assets, payment efficiency and monetary policy",Piero Cipollone,2026-05-04,4,"data\ECB\Speeches\2026-05-04 - Piero Cipollone - Digital assets, payment efficiency and monetary policy.txt",https://www.ecb.europa.eu/press/key/date/2026/html/ecb.sp260504~3e75e8b138.en.html,speech_after_meeting,0.7
ECB_2026_04,ECB,2026-04-30,DOC_85FD9207B9AE,speech,Speeches,"Climate, nature and monetary policy",Introductory remarks by Christine Lagarde,2026-05-05,5,"data\ECB\Speeches\2026-05-05 - Introductory remarks by Christine Lagarde - Climate, nature and monetary policy.txt",https://www.ecb.europa.eu/press/key/date/2026/html/ecb.sp260505~936c9c11b5.en.html,speech_after_meeting,0.7
ECB_2026_04,ECB,2026-04-30,DOC_B6E03F24316C,speech,Speeches,The new energy shock: economic scenarios and policy implications,The new energy shock,2026-05-06,6,data\ECB\Speeches\2026-05-06 - The new energy shock - The new energy shock_ economic scenarios and policy implications.txt,https://www.ecb.europa.eu/press/key/date/2026/html/ecb.sp260506~1bbd4ed780.en.html,speech_after_meeting,0.7
ECB_2026_04,ECB,2026-04-30,DOC_47F6E0DD7452,speech,Speeches,Deepening financial integration to support Europe’s prosperity,"Luis de Guindos, Vice",2026-05-07,7,"data\ECB\Speeches\2026-05-07 - Luis de Guindos, Vice - Deepening financial integration to support Europe’s prosperity.txt",https://www.ecb.europa.eu/press/key/date/2026/html/ecb.sp260507~c99288185f.en.html,speech_after_meeting,0.7
ECB_2026_04,ECB,2026-04-30,DOC_1BED0A84793A,speech,Speeches,Stablecoins and the future of money: separating functions from instruments,Stablecoins and the future of money,2026-05-08,8,data\ECB\Speeches\2026-05-08 - Stablecoins and the future of money - Stablecoins and the future of money_ separating functions from instruments.txt,https://www.ecb.europa.eu/press/key/date/2026/html/ecb.sp260508~dd909fbed1.en.html,speech_after_meeting,0.7
ECB_2026_04,ECB,2026-04-30,DOC_DEA94B5E151E,speech,Speeches,Boosting prosperity through deeper integration,Boosting prosperity through deeper integration,2026-05-12,12,data\ECB\Speeches\2026-05-12 - Boosting prosperity through deeper integration - Boosting prosperity through deeper integration.txt,https://www.ecb.europa.eu/press/key/date/2026/html/ecb.sp260512~640d289749.en.html,speech_after_meeting,0.7
ECB_2026_04,ECB,2026-04-30,DOC_D33079FE89E4,speech,Speeches,Analytical perspectives on energy supply shocks,Dinner remarks by Philip R. Lane,2026-05-13,13,data\ECB\Speeches\2026-05-13 - Dinner remarks by Philip R. Lane - Analytical perspectives on energy supply shocks.txt,https://www.ecb.europa.eu/press/key/date/2026/html/ecb.sp260513~5b14c78806.en.html,speech_after_meeting,0.7
ECB_2026_04,ECB,2026-04-30,DOC_08AC1A690C4B,speech,Speeches,Europe and the world economy,Keynote speech by Philip R. Lane,2026-05-22,22,data\ECB\Speeches\2026-05-22 - Keynote speech by Philip R. Lane - Europe and the world economy.txt,https://www.ecb.europa.eu/press/key/date/2026/html/ecb.sp260522~f0f11a5f05.en.html,speech_after_meeting,0.7
ECB_2026_04,ECB,2026-04-30,DOC_2CE99663AB86,speech,Speeches,When It Matters Most: Upholding Independence in Challenging Times,When It Matters Most,2026-05-28,28,data\ECB\Speeches\2026-05-28 - When It Matters Most - When It Matters Most_ Upholding Independence in Challenging Times.txt,https://www.ecb.europa.eu/press/key/date/2026/html/ecb.sp260528~0cb263f599.en.html,speech_after_meeting,0.7
ECB_2026_04,ECB,2026-04-30,DOC_9C2ACBD02327,speech,Speeches,From money market funds to stablecoins: lessons for central banks,From money market funds to stablecoins,2026-06-01,32,data\ECB\Speeches\2026-06-01 - From money market funds to stablecoins - From money market funds to stablecoins_ lessons for central banks.txt,https://www.ecb.europa.eu/press/key/date/2026/html/ecb.sp260601~38dffe5ec5.en.html,speech_after_meeting,0.7
ECB_2026_04,ECB,2026-04-30,DOC_C1B7B4557A08,speech,Speeches,A European perspective on currency and convergence,"Boris Vujčić, Vice",2026-06-02,33,"data\ECB\Speeches\2026-06-02 - Boris Vujčić, Vice - A European perspective on currency and convergence.txt",https://www.ecb.europa.eu/press/key/date/2026/html/ecb.sp260602~101b71c594.en.html,speech_after_meeting,0.7
FED_2021_01,FED,2021-01-27,DOC_A6039C8D2684,minutes,Minutes,FOMC minutes,,2021-01-27,0,data\FED\Minutes\2021-01-27 - FOMC minutes.txt,https://www.federalreserve.gov/monetarypolicy/files/fomcminutes20210127.pdf,minutes_for_prior_meeting,0.9
FED_2021_01,FED,2021-01-27,DOC_B9CDE799F003,statement,Monetary Policy,FOMC statement,,2021-01-27,0,data\FED\Monetary Policy\2021-01-27 - FOMC statement.txt,https://www.federalreserve.gov/monetarypolicy/files/monetary20210127a1.pdf,anchor_statement,1.0
FED_2021_01,FED,2021-01-27,DOC_D1989C2D3689,speech,Speeches,Getting Back to a Strong Labor Market,Jerome H. Powell,2021-02-10,14,data\FED\Speeches\2021-02-10 - Jerome H. Powell - Getting Back to a Strong Labor Market.txt,https://www.federalreserve.gov/newsevents/speech/powell20210210a.htm,speech_after_meeting,0.7
FED_2021_01,FED,2021-01-27,DOC_A99E7B794EDF,speech,Speeches,My Perspective on Bank Regulation and Supervision,Michelle W. Bowman,2021-02-16,20,data\FED\Speeches\2021-02-16 - Michelle W. Bowman - My Perspective on Bank Regulation and Supervision.txt,https://www.federalreserve.gov/newsevents/speech/bowman20210216a.htm,speech_after_meeting,0.7
FED_2021_01,FED,2021-01-27,DOC_9FA884EE5543,speech,Speeches,The Role of Financial Institutions in Tackling the Challenges of Climate Change,Lael Brainard,2021-02-18,22,data\FED\Speeches\2021-02-18 - Lael Brainard - The Role of Financial Institutions in Tackling the Challenges of Climate Change.txt,https://www.federalreserve.gov/newsevents/speech/brainard20210218a.htm,speech_after_meeting,0.7
FED_2021_01,FED,2021-01-27,DOC_C6C764474807,speech,Speeches,Economic Inclusion in Lower-Income Communities,Economic Inclusion in Lower-Income Communities,2021-02-22,26,data\FED\Speeches\2021-02-22 - Economic Inclusion in Lower-Income Communities - Economic Inclusion in Lower-Income Communities.txt,https://www.federalreserve.gov/newsevents/speech/bowman20210222a.htm,speech_after_meeting,0.7
FED_2021_01,FED,2021-01-27,DOC_2D76B92874F1,speech,Speeches,How Should We Think about Full Employment in the Federal Reserve's Dual Mandate?,Lael Brainard,2021-02-24,28,data\FED\Speeches\2021-02-24 - Lael Brainard - How Should We Think about Full Employment in the Federal Reserve's Dual Mandate_.txt,https://www.federalreserve.gov/newsevents/speech/brainard20210224a.htm,speech_after_meeting,0.7
FED_2021_01,FED,2021-01-27,DOC_167497A7F46A,speech,Speeches,U.S. Economic Outlook and Monetary Policy,Richard H. Clarida,2021-02-24,28,data\FED\Speeches\2021-02-24 - Richard H. Clarida - U.S. Economic Outlook and Monetary Policy.txt,https://www.federalreserve.gov/newsevents/speech/clarida20210224a.htm,speech_after_meeting,0.7
FED_2021_01,FED,2021-01-27,DOC_8DC10F392688,speech,Speeches,Themistocles and the Mathematicians: The Role of Stress Testing,Randal K. Quarles,2021-02-25,29,data\FED\Speeches\2021-02-25 - Randal K. Quarles - Themistocles and the Mathematicians_ The Role of Stress Testing.txt,https://www.federalreserve.gov/newsevents/speech/quarles20210225a.htm,speech_after_meeting,0.7
FED_2021_01,FED,2021-01-27,DOC_CBB9DCB3F0CC,speech,Speeches,Some Preliminary Financial Stability Lessons from the COVID-19 Shock,Lael Brainard,2021-03-01,33,data\FED\Speeches\2021-03-01 - Lael Brainard - Some Preliminary Financial Stability Lessons from the COVID-19 Shock.txt,https://www.federalreserve.gov/newsevents/speech/brainard20210301a.htm,speech_after_meeting,0.7
FED_2021_01,FED,2021-01-27,DOC_093BA66C734F,speech,Speeches,U.S. Economic Outlook and Monetary Policy: An Update,Lael Brainard,2021-03-02,34,data\FED\Speeches\2021-03-02 - Lael Brainard - U.S. Economic Outlook and Monetary Policy_ An Update.txt,https://www.federalreserve.gov/newsevents/speech/brainard20210302a.htm,speech_after_meeting,0.7
FED_2021_03,FED,2021-03-17,DOC_720F3770B9C5,minutes,Minutes,FOMC minutes,,2021-03-17,0,data\FED\Minutes\2021-03-17 - FOMC minutes.txt,https://www.federalreserve.gov/monetarypolicy/files/fomcminutes20210317.pdf,minutes_for_prior_meeting,0.9
FED_2021_03,FED,2021-03-17,DOC_F1DF90B22339,statement,Monetary Policy,FOMC statement,,2021-03-17,0,data\FED\Monetary Policy\2021-03-17 - FOMC statement.txt,https://www.federalreserve.gov/monetarypolicy/files/monetary20210317a1.pdf,anchor_statement,1.0
FED_2021_03,FED,2021-03-17,DOC_109E9C765C04,speech,Speeches,Closing Remarks,Jerome H. Powell,2021-03-18,1,data\FED\Speeches\2021-03-18 - Jerome H. Powell - Closing Remarks.txt,https://www.federalreserve.gov/newsevents/speech/powell20210318a.htm,speech_after_meeting,0.7
FED_2021_03,FED,2021-03-17,DOC_8E5CC1BCB7D4,speech,Speeches,Keynote Remarks,Keynote Remarks,2021-03-22,5,data\FED\Speeches\2021-03-22 - Keynote Remarks - Keynote Remarks.txt,https://www.federalreserve.gov/newsevents/speech/quarles20210322a.htm,speech_after_meeting,0.7
FED_2021_03,FED,2021-03-17,DOC_31FEDFA8098B,speech,Speeches,The Economic Outlook and Prospects for Small Business,Michelle W. Bowman,2021-03-22,5,data\FED\Speeches\2021-03-22 - Michelle W. Bowman - The Economic Outlook and Prospects for Small Business.txt,https://www.federalreserve.gov/newsevents/speech/bowman20210322a.htm,speech_after_meeting,0.7
FED_2021_03,FED,2021-03-17,DOC_6161E4A1A204,speech,Speeches,Financial Stability Implications of Climate Change,Lael Brainard,2021-03-23,6,data\FED\Speeches\2021-03-23 - Lael Brainard - Financial Stability Implications of Climate Change.txt,https://www.federalreserve.gov/newsevents/speech/brainard20210323a.htm,speech_after_meeting,0.7
FED_2021_03,FED,2021-03-17,DOC_716DF8847034,speech,Speeches,Remaining Patient as the Outlook Brightens,Lael Brainard,2021-03-23,6,data\FED\Speeches\2021-03-23 - Lael Brainard - Remaining Patient as the Outlook Brightens.txt,https://www.federalreserve.gov/newsevents/speech/brainard20210323b.htm,speech_after_meeting,0.7
FED_2021_03,FED,2021-03-17,DOC_D41A8AE74E26,speech,Speeches,U.S. Economic Outlook and Monetary Policy,Richard H. Clarida,2021-03-25,8,data\FED\Speeches\2021-03-25 - Richard H. Clarida - U.S. Economic Outlook and Monetary Policy.txt,https://www.federalreserve.gov/newsevents/speech/clarida20210325a.htm,speech_after_meeting,0.7
FED_2021_03,FED,2021-03-17,DOC_978F2C556A54,speech,Speeches,TreasuryâFederal Reserve Cooperation and the Importance of Central Bank Independence,Christopher J. Waller,2021-03-29,12,data\FED\Speeches\2021-03-29 - Christopher J. Waller - TreasuryâFederal Reserve Cooperation and the Importance of Central Bank Independence.txt,https://www.federalreserve.gov/newsevents/speech/waller20210329a.htm,speech_after_meeting,0.7
FED_2021_03,FED,2021-03-17,DOC_F5DD022560EB,speech,Speeches,"The FSB in 2021: Addressing Financial Stability Challenges in an Age of Interconnectedness, Innovation, and Change",,2021-03-30,13,"data\FED\Speeches\2021-03-30 - The FSB in 2021_ Addressing Financial Stability Challenges in an Age of Interconnectedness, Innovation, and Change.txt",https://www.federalreserve.gov/newsevents/speech/quarles20210330a.htm,speech_after_meeting,0.7
FED_2021_03,FED,2021-03-17,DOC_2EC7BB16BD4B,speech,Speeches,The Federal Reserve's New Framework and Outcome-Based Forward Guidance,Richard H. Clarida,2021-04-14,28,data\FED\Speeches\2021-04-14 - Richard H. Clarida - The Federal Reserve's New Framework and Outcome-Based Forward Guidance.txt,https://www.federalreserve.gov/newsevents/speech/clarida20210414a.htm,speech_after_meeting,0.7
FED_2021_04,FED,2021-04-28,DOC_14D3CDF77916,minutes,Minutes,FOMC minutes,,2021-04-28,0,data\FED\Minutes\2021-04-28 - FOMC minutes.txt,https://www.federalreserve.gov/monetarypolicy/files/fomcminutes20210428.pdf,minutes_for_prior_meeting,0.9
FED_2021_04,FED,2021-04-28,DOC_B766A2A61F74,statement,Monetary Policy,FOMC statement,,2021-04-28,0,data\FED\Monetary Policy\2021-04-28 - FOMC statement.txt,https://www.federalreserve.gov/monetarypolicy/files/monetary20210428a1.pdf,anchor_statement,1.0
FED_2021_04,FED,2021-04-28,DOC_4E3AF9E6DC5D,speech,Speeches,Community Development,Jerome H. Powell,2021-05-03,5,data\FED\Speeches\2021-05-03 - Jerome H. Powell - Community Development.txt,https://www.federalreserve.gov/newsevents/speech/powell20210503a.htm,speech_after_meeting,0.7
FED_2021_04,FED,2021-04-28,DOC_49F1D8168DA7,speech,Speeches,The Economic Outlook and Implications for Monetary Policy,Michelle W. Bowman,2021-05-05,7,data\FED\Speeches\2021-05-05 - Michelle W. Bowman - The Economic Outlook and Implications for Monetary Policy.txt,https://www.federalreserve.gov/newsevents/speech/bowman20210505a.htm,speech_after_meeting,0.7
FED_2021_04,FED,2021-04-28,DOC_E93103AFE502,speech,Speeches,Patience and Progress as the Economy Reopens and Recovers,Lael Brainard,2021-05-11,13,data\FED\Speeches\2021-05-11 - Lael Brainard - Patience and Progress as the Economy Reopens and Recovers.txt,https://www.federalreserve.gov/newsevents/speech/brainard20210511a.htm,speech_after_meeting,0.7
FED_2021_04,FED,2021-04-28,DOC_BECFAC912D80,speech,Speeches,U.S. Economic Outlook and Monetary Policy,Richard H. Clarida,2021-05-12,14,data\FED\Speeches\2021-05-12 - Richard H. Clarida - U.S. Economic Outlook and Monetary Policy.txt,https://www.federalreserve.gov/newsevents/speech/clarida20210512a.htm,speech_after_meeting,0.7
FED_2021_04,FED,2021-04-28,DOC_CEE76203C745,speech,Speeches,The Economic Outlook and Monetary Policy,Christopher J. Waller,2021-05-13,15,data\FED\Speeches\2021-05-13 - Christopher J. Waller - The Economic Outlook and Monetary Policy.txt,https://www.federalreserve.gov/newsevents/speech/waller20210513a.htm,speech_after_meeting,0.7
FED_2021_04,FED,2021-04-28,DOC_CA6B2E0B696A,speech,Speeches,"Sovereign Markets, Global Factors",Richard H. Clarida,2021-05-17,19,"data\FED\Speeches\2021-05-17 - Richard H. Clarida - Sovereign Markets, Global Factors.txt",https://www.federalreserve.gov/newsevents/speech/clarida20210517a.htm,speech_after_meeting,0.7
FED_2021_04,FED,2021-04-28,DOC_F51C4D1A838B,speech,Speeches,Private Money and Central Bank Money as Payments Go Digital: an Update on CBDCs,Lael Brainard,2021-05-24,26,data\FED\Speeches\2021-05-24 - Lael Brainard - Private Money and Central Bank Money as Payments Go Digital_ an Update on CBDCs.txt,https://www.federalreserve.gov/newsevents/speech/brainard20210524a.htm,speech_after_meeting,0.7
FED_2021_04,FED,2021-04-28,DOC_811DDA559AA8,speech,Speeches,Remarks,,2021-05-26,28,data\FED\Speeches\2021-05-26 - Remarks.txt,https://www.federalreserve.gov/newsevents/speech/quarles20210526a.htm,speech_after_meeting,0.7
FED_2021_04,FED,2021-04-28,DOC_E3AD9FFD4760,speech,Speeches,The Economic Outlook and Monetary Policy,Randal K. Quarles,2021-05-26,28,data\FED\Speeches\2021-05-26 - Randal K. Quarles - The Economic Outlook and Monetary Policy.txt,https://www.federalreserve.gov/newsevents/speech/quarles20210526b.htm,speech_after_meeting,0.7
FED_2021_04,FED,2021-04-28,DOC_6F5583AD985B,speech,Speeches,Remaining Steady as the Economy Reopens,Lael Brainard,2021-06-01,34,data\FED\Speeches\2021-06-01 - Lael Brainard - Remaining Steady as the Economy Reopens.txt,https://www.federalreserve.gov/newsevents/speech/brainard20210601a.htm,speech_after_meeting,0.7
FED_2021_04,FED,2021-04-28,DOC_7987F6B7F83D,speech,Speeches,"Jet Flight, Mail Bags, and Banking Regulation",Randal K. Quarles,2021-06-03,36,"data\FED\Speeches\2021-06-03 - Randal K. Quarles - Jet Flight, Mail Bags, and Banking Regulation.txt",https://www.federalreserve.gov/newsevents/speech/quarles20210603a.htm,speech_after_meeting,0.7
FED_2021_06,FED,2021-06-16,DOC_9887E195832C,minutes,Minutes,FOMC minutes,,2021-06-16,0,data\FED\Minutes\2021-06-16 - FOMC minutes.txt,https://www.federalreserve.gov/monetarypolicy/files/fomcminutes20210616.pdf,minutes_for_prior_meeting,0.9
FED_2021_06,FED,2021-06-16,DOC_AF698697F313,statement,Monetary Policy,FOMC statement,,2021-06-16,0,data\FED\Monetary Policy\2021-06-16 - FOMC statement.txt,https://www.federalreserve.gov/monetarypolicy/files/monetary20210616a1.pdf,anchor_statement,1.0
FED_2021_06,FED,2021-06-16,DOC_DE5F08971786,speech,Speeches,Building Economic Resilience in Communities,Building Economic Resilience in Communities,2021-06-23,7,data\FED\Speeches\2021-06-23 - Building Economic Resilience in Communities - Building Economic Resilience in Communities.txt,https://www.federalreserve.gov/newsevents/speech/bowman20210623a.htm,speech_after_meeting,0.7
FED_2021_06,FED,2021-06-16,DOC_459BE97E35B7,speech,Speeches,Parachute Pants and Central Bank Money,Randal K. Quarles,2021-06-28,12,data\FED\Speeches\2021-06-28 - Randal K. Quarles - Parachute Pants and Central Bank Money.txt,https://www.federalreserve.gov/newsevents/speech/quarles20210628a.htm,speech_after_meeting,0.7
FED_2021_06,FED,2021-06-16,DOC_F4ABCEE274DA,speech,Speeches,Disclosures and Data: Building Strong Foundations for Addressing Climate-Related Financial Risks,Randal K. Quarles,2021-07-11,25,data\FED\Speeches\2021-07-11 - Randal K. Quarles - Disclosures and Data_ Building Strong Foundations for Addressing Climate-Related Financial Risks.txt,https://www.federalreserve.gov/newsevents/speech/quarles20210711a.htm,speech_after_meeting,0.7
FED_2021_07,FED,2021-07-28,DOC_2BE2F1980B2C,minutes,Minutes,FOMC minutes,,2021-07-28,0,data\FED\Minutes\2021-07-28 - FOMC minutes.txt,https://www.federalreserve.gov/monetarypolicy/files/fomcminutes20210728.pdf,minutes_for_prior_meeting,0.9
FED_2021_07,FED,2021-07-28,DOC_F83A81E665B0,statement,Monetary Policy,FOMC statement,,2021-07-28,0,data\FED\Monetary Policy\2021-07-28 - FOMC statement.txt,https://www.federalreserve.gov/monetarypolicy/files/monetary20210728a1.pdf,anchor_statement,1.0
FED_2021_07,FED,2021-07-28,DOC_E18F3E64F7A6,speech,Speeches,Assessing Progress as the Economy Moves from Reopening to Recovery,Lael Brainard,2021-07-30,2,data\FED\Speeches\2021-07-30 - Lael Brainard - Assessing Progress as the Economy Moves from Reopening to Recovery.txt,https://www.federalreserve.gov/newsevents/speech/brainard20210730a.htm,speech_after_meeting,0.7
FED_2021_07,FED,2021-07-28,DOC_A2E289CA8EFD,speech,Speeches,Welcoming Remarks,Welcoming Remarks,2021-08-03,6,data\FED\Speeches\2021-08-03 - Welcoming Remarks - Welcoming Remarks.txt,https://www.federalreserve.gov/newsevents/speech/bowman20210803a.htm,speech_after_meeting,0.7
FED_2021_07,FED,2021-07-28,DOC_02F037FBECDC,speech,Speeches,"Outlooks, Outcomes, and Prospects for U.S. Monetary Policy",Richard H. Clarida,2021-08-04,7,"data\FED\Speeches\2021-08-04 - Richard H. Clarida - Outlooks, Outcomes, and Prospects for U.S. Monetary Policy.txt",https://www.federalreserve.gov/newsevents/speech/clarida20210804a.htm,speech_after_meeting,0.7
FED_2021_07,FED,2021-07-28,DOC_4C0137185F7E,speech,Speeches,CBDC: A Solution in Search of a Problem?,Christopher J. Waller,2021-08-05,8,data\FED\Speeches\2021-08-05 - Christopher J. Waller - CBDC_ A Solution in Search of a Problem_.txt,https://www.federalreserve.gov/newsevents/speech/waller20210805a.htm,speech_after_meeting,0.7
FED_2021_07,FED,2021-07-28,DOC_EBFD2CD57B7F,speech,Speeches,Welcoming Remarks,Jerome H. Powell,2021-08-17,20,data\FED\Speeches\2021-08-17 - Jerome H. Powell - Welcoming Remarks.txt,https://www.federalreserve.gov/newsevents/speech/powell20210817a.htm,speech_after_meeting,0.7
FED_2021_07,FED,2021-07-28,DOC_296CFEC7CD45,speech,Speeches,Monetary Policy in the Time of COVID,Jerome H. Powell,2021-08-27,30,data\FED\Speeches\2021-08-27 - Jerome H. Powell - Monetary Policy in the Time of COVID.txt,https://www.federalreserve.gov/newsevents/speech/powell20210827a.htm,speech_after_meeting,0.7
FED_2021_07,FED,2021-07-28,DOC_395985311916,speech,Speeches,Community Bank Access to Innovation,Community Bank Access to Innovation,2021-09-09,43,data\FED\Speeches\2021-09-09 - Community Bank Access to Innovation - Community Bank Access to Innovation.txt,https://www.federalreserve.gov/newsevents/speech/bowman20210909a.htm,speech_after_meeting,0.7
FED_2021_09,FED,2021-09-22,DOC_15B6A5A825D8,minutes,Minutes,FOMC minutes,,2021-09-22,0,data\FED\Minutes\2021-09-22 - FOMC minutes.txt,https://www.federalreserve.gov/monetarypolicy/files/fomcminutes20210922.pdf,minutes_for_prior_meeting,0.9
FED_2021_09,FED,2021-09-22,DOC_EBC59530A876,statement,Monetary Policy,FOMC statement,,2021-09-22,0,data\FED\Monetary Policy\2021-09-22 - FOMC statement.txt,https://www.federalreserve.gov/monetarypolicy/files/monetary20210922a1.pdf,anchor_statement,1.0
FED_2021_09,FED,2021-09-22,DOC_E556356BBE9D,speech,Speeches,Introductory Remarks,Jerome H. Powell,2021-09-24,2,data\FED\Speeches\2021-09-24 - Jerome H. Powell - Introductory Remarks.txt,https://www.federalreserve.gov/newsevents/speech/powell20210924a.htm,speech_after_meeting,0.7
FED_2021_09,FED,2021-09-22,DOC_309D5A801BD4,speech,Speeches,Navigating Delta Headwinds on the Path to a Full Recovery,Lael Brainard,2021-09-27,5,data\FED\Speeches\2021-09-27 - Lael Brainard - Navigating Delta Headwinds on the Path to a Full Recovery.txt,https://www.federalreserve.gov/newsevents/speech/brainard20210927a.htm,speech_after_meeting,0.7
FED_2021_09,FED,2021-09-22,DOC_B3A36DE2C6BD,speech,Speeches,Creating a New Model for the Future of Supervision,Michelle W. Bowman,2021-09-28,6,data\FED\Speeches\2021-09-28 - Michelle W. Bowman - Creating a New Model for the Future of Supervision.txt,https://www.federalreserve.gov/newsevents/speech/bowman20210928a.htm,speech_after_meeting,0.7
FED_2021_09,FED,2021-09-22,DOC_E202CE5D8EEE,speech,Speeches,Goodbye to All That: The End of LIBOR,Randal K. Quarles,2021-10-05,13,data\FED\Speeches\2021-10-05 - Randal K. Quarles - Goodbye to All That_ The End of LIBOR.txt,https://www.federalreserve.gov/newsevents/speech/quarles20211005a.htm,speech_after_meeting,0.7
FED_2021_09,FED,2021-09-22,DOC_48752476C512,speech,Speeches,Building Climate Scenario Analysis on the Foundations of Economic Research,Lael Brainard,2021-10-07,15,data\FED\Speeches\2021-10-07 - Lael Brainard - Building Climate Scenario Analysis on the Foundations of Economic Research.txt,https://www.federalreserve.gov/newsevents/speech/brainard20211007a.htm,speech_after_meeting,0.7
FED_2021_09,FED,2021-09-22,DOC_A8B682FA5C31,speech,Speeches,U.S. Economic Outlook and Monetary Policy,Richard H. Clarida,2021-10-12,20,data\FED\Speeches\2021-10-12 - Richard H. Clarida - U.S. Economic Outlook and Monetary Policy.txt,https://www.federalreserve.gov/newsevents/speech/clarida20211012a.htm,speech_after_meeting,0.7
FED_2021_09,FED,2021-09-22,DOC_1A3AF921C3D0,speech,Speeches,Financial Inclusion and Economic Challenges in the Shadow of the Pandemic: A Conversation with Tribal Leaders,Lael Brainard,2021-10-13,21,data\FED\Speeches\2021-10-13 - Lael Brainard - Financial Inclusion and Economic Challenges in the Shadow of the Pandemic_ A Conversation with Tribal Leaders.txt,https://www.federalreserve.gov/newsevents/speech/brainard20211013a.htm,speech_after_meeting,0.7
FED_2021_09,FED,2021-09-22,DOC_D14E7E781E00,speech,Speeches,The View from Here: The Outlook for the U.S. Economy and Implications for Monetary Policy,Michelle W. Bowman,2021-10-13,21,data\FED\Speeches\2021-10-13 - Michelle W. Bowman - The View from Here_ The Outlook for the U.S. Economy and Implications for Monetary Policy.txt,https://www.federalreserve.gov/newsevents/speech/bowman20211013a.htm,speech_after_meeting,0.7
FED_2021_09,FED,2021-09-22,DOC_930A561867E9,speech,Speeches,Financial Stability and Coordination in Times of Crisis,Randal K. Quarles,2021-10-18,26,data\FED\Speeches\2021-10-18 - Randal K. Quarles - Financial Stability and Coordination in Times of Crisis.txt,https://www.federalreserve.gov/newsevents/speech/quarles20211018a.htm,speech_after_meeting,0.7
FED_2021_09,FED,2021-09-22,DOC_6897BB7A0DA6,speech,Speeches,The Economic Outlook and a Cautionary Tale on âIdiosyncraticâ Price Changes and Inflation,Christopher J. Waller,2021-10-19,27,data\FED\Speeches\2021-10-19 - Christopher J. Waller - The Economic Outlook and a Cautionary Tale on âIdiosyncraticâ Price Changes and Inflation.txt,https://www.federalreserve.gov/newsevents/speech/waller20211019a.htm,speech_after_meeting,0.7
FED_2021_09,FED,2021-09-22,DOC_688791B68D0C,speech,Speeches,Welcoming Remarks,Welcoming Remarks,2021-10-19,27,data\FED\Speeches\2021-10-19 - Welcoming Remarks - Welcoming Remarks.txt,https://www.federalreserve.gov/newsevents/speech/bowman20211019a.htm,speech_after_meeting,0.7
FED_2021_09,FED,2021-09-22,DOC_08D9FCBAB99F,speech,Speeches,How Long is Too Long? How High is Too High?: Managing Recent Inflation Developments within the FOMCâs Monetary Policy Framework,Randal K. Quarles,2021-10-20,28,data\FED\Speeches\2021-10-20 - Randal K. Quarles - How Long is Too Long_ How High is Too High_ Managing Recent Inflation Developments within the FOMCâs Monetary Polic.txt,https://www.federalreserve.gov/newsevents/speech/quarles20211020a.htm,speech_after_meeting,0.7
FED_2021_09,FED,2021-09-22,DOC_E33872CEEB0C,speech,Speeches,The Lack of New Bank Formations is a Significant Issue for the Banking Industry,Michelle W. Bowman,2021-10-22,30,data\FED\Speeches\2021-10-22 - Michelle W. Bowman - The Lack of New Bank Formations is a Significant Issue for the Banking Industry.txt,https://www.federalreserve.gov/newsevents/speech/bowman20211022a.htm,speech_after_meeting,0.7
FED_2021_11,FED,2021-11-03,DOC_79313CF650B6,minutes,Minutes,FOMC minutes,,2021-11-03,0,data\FED\Minutes\2021-11-03 - FOMC minutes.txt,https://www.federalreserve.gov/monetarypolicy/files/fomcminutes20211103.pdf,minutes_for_prior_meeting,0.9
FED_2021_11,FED,2021-11-03,DOC_A25BBF08463A,statement,Monetary Policy,FOMC statement,,2021-11-03,0,data\FED\Monetary Policy\2021-11-03 - FOMC statement.txt,https://www.federalreserve.gov/monetarypolicy/files/monetary20211103a1.pdf,anchor_statement,1.0
FED_2021_11,FED,2021-11-03,DOC_E9C42DF66787,speech,Speeches,Flexible Average Inflation Targeting and Prospects for U.S. Monetary Policy,Richard H. Clarida,2021-11-08,5,data\FED\Speeches\2021-11-08 - Richard H. Clarida - Flexible Average Inflation Targeting and Prospects for U.S. Monetary Policy.txt,https://www.federalreserve.gov/newsevents/speech/clarida20211108a.htm,speech_after_meeting,0.7
FED_2021_11,FED,2021-11-03,DOC_3DC4B02B0BC7,speech,Speeches,Opening Remarks,Jerome H. Powell,2021-11-08,5,data\FED\Speeches\2021-11-08 - Jerome H. Powell - Opening Remarks.txt,https://www.federalreserve.gov/newsevents/speech/powell20211108a.htm,speech_after_meeting,0.7
FED_2021_11,FED,2021-11-03,DOC_F56EC3331F73,speech,Speeches,The U.S. Housing and Mortgage Market: Risks and Resilience,Michelle W. Bowman,2021-11-08,5,data\FED\Speeches\2021-11-08 - Michelle W. Bowman - The U.S. Housing and Mortgage Market_ Risks and Resilience.txt,https://www.federalreserve.gov/newsevents/speech/bowman20211108a.htm,speech_after_meeting,0.7
FED_2021_11,FED,2021-11-03,DOC_55AC407AAB0E,speech,Speeches,Opening Remarks,Jerome H. Powell,2021-11-09,6,data\FED\Speeches\2021-11-09 - Jerome H. Powell - Opening Remarks.txt,https://www.federalreserve.gov/newsevents/speech/powell20211109a.htm,speech_after_meeting,0.7
FED_2021_11,FED,2021-11-03,DOC_DE16B74686E6,speech,Speeches,Reflections on Stablecoins and Payments Innovations,Christopher J. Waller,2021-11-17,14,data\FED\Speeches\2021-11-17 - Christopher J. Waller - Reflections on Stablecoins and Payments Innovations.txt,https://www.federalreserve.gov/newsevents/speech/waller20211117a.htm,speech_after_meeting,0.7
FED_2021_11,FED,2021-11-03,DOC_A0F04E718745,speech,Speeches,Economic Outlook,Economic Outlook,2021-11-19,16,data\FED\Speeches\2021-11-19 - Economic Outlook - Economic Outlook.txt,https://www.federalreserve.gov/newsevents/speech/waller20211119a.htm,speech_after_meeting,0.7
FED_2021_11,FED,2021-11-03,DOC_067630A03BBB,speech,Speeches,"Perspectives on Global Monetary Policy Coordination, Cooperation, and Correlation",Richard H. Clarida,2021-11-19,16,"data\FED\Speeches\2021-11-19 - Richard H. Clarida - Perspectives on Global Monetary Policy Coordination, Cooperation, and Correlation.txt",https://www.federalreserve.gov/newsevents/speech/clarida20211119a.htm,speech_after_meeting,0.7
FED_2021_11,FED,2021-11-03,DOC_801A507CEA19,speech,Speeches,"Engagement, Research and Policy: Integrating Indigenous Voices into Economic Inclusion at the Federal Reserve",Michelle W. Bowman,2021-11-29,26,"data\FED\Speeches\2021-11-29 - Michelle W. Bowman - Engagement, Research and Policy_ Integrating Indigenous Voices into Economic Inclusion at the Federal Reserve.txt",https://www.federalreserve.gov/newsevents/speech/bowman20211129a.htm,speech_after_meeting,0.7
FED_2021_11,FED,2021-11-03,DOC_0D3BEA180082,speech,Speeches,Opening Remarks,Jerome H. Powell,2021-11-29,26,data\FED\Speeches\2021-11-29 - Jerome H. Powell - Opening Remarks.txt,https://www.federalreserve.gov/newsevents/speech/powell20211129a.htm,speech_after_meeting,0.7
FED_2021_11,FED,2021-11-03,DOC_ABFFFC01A62B,speech,Speeches,Federal Reserve Independence: Foundations and Responsibilities,Richard H. Clarida,2021-11-30,27,data\FED\Speeches\2021-11-30 - Richard H. Clarida - Federal Reserve Independence_ Foundations and Responsibilities.txt,https://www.federalreserve.gov/newsevents/speech/clarida20211130a.htm,speech_after_meeting,0.7
FED_2021_11,FED,2021-11-03,DOC_B856ED3CFF11,speech,Speeches,Between the Hither and the Farther Shore: Thoughts on Unfinished Business,Randal K. Quarles,2021-12-02,29,data\FED\Speeches\2021-12-02 - Randal K. Quarles - Between the Hither and the Farther Shore_ Thoughts on Unfinished Business.txt,https://www.federalreserve.gov/newsevents/speech/quarles20211202a.htm,speech_after_meeting,0.7
FED_2021_12,FED,2021-12-15,DOC_C51656387D53,minutes,Minutes,FOMC minutes,,2021-12-15,0,data\FED\Minutes\2021-12-15 - FOMC minutes.txt,https://www.federalreserve.gov/monetarypolicy/files/fomcminutes20211215.pdf,minutes_for_prior_meeting,0.9
FED_2021_12,FED,2021-12-15,DOC_D4AC23A3E0CB,statement,Monetary Policy,FOMC statement,,2021-12-15,0,data\FED\Monetary Policy\2021-12-15 - FOMC statement.txt,https://www.federalreserve.gov/monetarypolicy/files/monetary20211215a1.pdf,anchor_statement,1.0
FED_2021_12,FED,2021-12-15,DOC_5104C3D598A1,speech,Speeches,A Hopeless and Imperative Endeavor: Lessons from the Pandemic for Economic Forecasters,Christopher J. Waller,2021-12-17,2,data\FED\Speeches\2021-12-17 - Christopher J. Waller - A Hopeless and Imperative Endeavor_ Lessons from the Pandemic for Economic Forecasters.txt,https://www.federalreserve.gov/newsevents/speech/waller20211217a.htm,speech_after_meeting,0.7
FED_2022_01,FED,2022-01-26,DOC_E1296E6BABD3,minutes,Minutes,FOMC minutes,,2022-01-26,0,data\FED\Minutes\2022-01-26 - FOMC minutes.txt,https://www.federalreserve.gov/monetarypolicy/files/fomcminutes20220126.pdf,minutes_for_prior_meeting,0.9
FED_2022_01,FED,2022-01-26,DOC_6EA63600B6E6,statement,Monetary Policy,FOMC statement,,2022-01-26,0,data\FED\Monetary Policy\2022-01-26 - FOMC statement.txt,https://www.federalreserve.gov/monetarypolicy/files/monetary20220126a1.pdf,anchor_statement,1.0
FED_2022_01,FED,2022-01-26,DOC_6549A97BA416,speech,Speeches,"Comments on ""Some Benefits and Risks of a Hot Economy""",Christopher J. Waller,2022-02-18,23,data\FED\Speeches\2022-02-18 - Christopher J. Waller - Comments on _Some Benefits and Risks of a Hot Economy_.txt,https://www.federalreserve.gov/newsevents/speech/waller20220218a.htm,speech_after_meeting,0.7
FED_2022_01,FED,2022-01-26,DOC_9AAB24AB7440,speech,Speeches,Preparing for the Financial System of the Future,Lael Brainard,2022-02-18,23,data\FED\Speeches\2022-02-18 - Lael Brainard - Preparing for the Financial System of the Future.txt,https://www.federalreserve.gov/newsevents/speech/brainard20220218a.htm,speech_after_meeting,0.7
FED_2022_01,FED,2022-01-26,DOC_A75F6DE9621F,speech,Speeches,High Inflation and the Outlook for Monetary Policy,Michelle W. Bowman,2022-02-21,26,data\FED\Speeches\2022-02-21 - Michelle W. Bowman - High Inflation and the Outlook for Monetary Policy.txt,https://www.federalreserve.gov/newsevents/speech/bowman20220221a.htm,speech_after_meeting,0.7
FED_2022_01,FED,2022-01-26,DOC_7326BB90F476,speech,Speeches,Fighting Inflation with Rate Hikes and Balance Sheet Reduction,Christopher J. Waller,2022-02-24,29,data\FED\Speeches\2022-02-24 - Christopher J. Waller - Fighting Inflation with Rate Hikes and Balance Sheet Reduction.txt,https://www.federalreserve.gov/newsevents/speech/waller20220224a.htm,speech_after_meeting,0.7
FED_2022_03,FED,2022-03-16,DOC_ACDC751C5B07,minutes,Minutes,FOMC minutes,,2022-03-16,0,data\FED\Minutes\2022-03-16 - FOMC minutes.txt,https://www.federalreserve.gov/monetarypolicy/files/fomcminutes20220316.pdf,minutes_for_prior_meeting,0.9
FED_2022_03,FED,2022-03-16,DOC_1B8FFEA724BB,statement,Monetary Policy,FOMC statement,,2022-03-16,0,data\FED\Monetary Policy\2022-03-16 - FOMC statement.txt,https://www.federalreserve.gov/monetarypolicy/files/monetary20220316a1.pdf,anchor_statement,1.0
FED_2022_03,FED,2022-03-16,DOC_3A6FC2995A40,speech,Speeches,Welcoming Remarks,Welcoming Remarks,2022-03-18,2,data\FED\Speeches\2022-03-18 - Welcoming Remarks - Welcoming Remarks.txt,https://www.federalreserve.gov/newsevents/speech/bowman20220318a.htm,speech_after_meeting,0.7
FED_2022_03,FED,2022-03-16,DOC_4D2F6C089423,speech,Speeches,Restoring Price Stability,Pro Tempore Jerome H. Powell,2022-03-21,5,data\FED\Speeches\2022-03-21 - Pro Tempore Jerome H. Powell - Restoring Price Stability.txt,https://www.federalreserve.gov/newsevents/speech/powell20220321a.htm,speech_after_meeting,0.7
FED_2022_03,FED,2022-03-16,DOC_F8617E1600FA,speech,Speeches,The Red Hot Housing Market: the Role of Policy and Implications for Housing Affordability,Christopher J. Waller,2022-03-24,8,data\FED\Speeches\2022-03-24 - Christopher J. Waller - The Red Hot Housing Market_ the Role of Policy and Implications for Housing Affordability.txt,https://www.federalreserve.gov/newsevents/speech/waller20220324a.htm,speech_after_meeting,0.7
FED_2022_03,FED,2022-03-16,DOC_AC6CDC4FDD36,speech,Speeches,Variation in the Inflation Experiences of Households,Lael Brainard,2022-04-05,20,data\FED\Speeches\2022-04-05 - Lael Brainard - Variation in the Inflation Experiences of Households.txt,https://www.federalreserve.gov/newsevents/speech/brainard20220405a.htm,speech_after_meeting,0.7
FED_2022_05,FED,2022-05-04,DOC_765967B363BB,minutes,Minutes,FOMC minutes,,2022-05-04,0,data\FED\Minutes\2022-05-04 - FOMC minutes.txt,https://www.federalreserve.gov/monetarypolicy/files/fomcminutes20220504.pdf,minutes_for_prior_meeting,0.9
FED_2022_05,FED,2022-05-04,DOC_01ECCF02DE6D,statement,Monetary Policy,FOMC statement,,2022-05-04,0,data\FED\Monetary Policy\2022-05-04 - FOMC statement.txt,https://www.federalreserve.gov/monetarypolicy/files/monetary20220504a1.pdf,anchor_statement,1.0
FED_2022_05,FED,2022-05-04,DOC_B168A9EB0096,speech,Speeches,Reflections on Monetary Policy in 2021,Christopher J. Waller,2022-05-06,2,data\FED\Speeches\2022-05-06 - Christopher J. Waller - Reflections on Monetary Policy in 2021.txt,https://www.federalreserve.gov/newsevents/speech/waller20220506a.htm,speech_after_meeting,0.7
FED_2022_05,FED,2022-05-04,DOC_F83FAE352B85,speech,Speeches,Welcoming Remarks,Jerome H. Powell,2022-05-24,20,data\FED\Speeches\2022-05-24 - Jerome H. Powell - Welcoming Remarks.txt,https://www.federalreserve.gov/newsevents/speech/powell20220524a.htm,speech_after_meeting,0.7
FED_2022_05,FED,2022-05-04,DOC_7CE1386F893C,speech,Speeches,Commencement Remarks,Lael Brainard,2022-05-25,21,data\FED\Speeches\2022-05-25 - Lael Brainard - Commencement Remarks.txt,https://www.federalreserve.gov/newsevents/speech/brainard20220525a.htm,speech_after_meeting,0.7
FED_2022_05,FED,2022-05-04,DOC_5638871E7903,speech,Speeches,"Responding to High Inflation, with Some Thoughts on a Soft Landing",Christopher J. Waller,2022-05-30,26,"data\FED\Speeches\2022-05-30 - Christopher J. Waller - Responding to High Inflation, with Some Thoughts on a Soft Landing.txt",https://www.federalreserve.gov/newsevents/speech/waller20220530a.htm,speech_after_meeting,0.7
FED_2022_05,FED,2022-05-04,DOC_6704B5480198,speech,Speeches,Risk in the Crypto Markets,Risk in the Crypto Markets,2022-06-03,30,data\FED\Speeches\2022-06-03 - Risk in the Crypto Markets - Risk in the Crypto Markets.txt,https://www.federalreserve.gov/newsevents/speech/waller20220603a.htm,speech_after_meeting,0.7
FED_2022_06,FED,2022-06-15,DOC_C5558630B881,minutes,Minutes,FOMC minutes,,2022-06-15,0,data\FED\Minutes\2022-06-15 - FOMC minutes.txt,https://www.federalreserve.gov/monetarypolicy/files/fomcminutes20220615.pdf,minutes_for_prior_meeting,0.9
FED_2022_06,FED,2022-06-15,DOC_A83DEA2795D6,statement,Monetary Policy,FOMC statement,,2022-06-15,0,data\FED\Monetary Policy\2022-06-15 - FOMC statement.txt,https://www.federalreserve.gov/monetarypolicy/files/monetary20220615a1.pdf,anchor_statement,1.0
FED_2022_06,FED,2022-06-15,DOC_3E880B2EDA46,speech,Speeches,Welcoming Remarks,Jerome H. Powell,2022-06-17,2,data\FED\Speeches\2022-06-17 - Jerome H. Powell - Welcoming Remarks.txt,https://www.federalreserve.gov/newsevents/speech/powell20220617a.htm,speech_after_meeting,0.7
FED_2022_06,FED,2022-06-15,DOC_EC90AD97C722,speech,Speeches,Lessons Learned on Normalizing Monetary Policy,Christopher J. Waller,2022-06-18,3,data\FED\Speeches\2022-06-18 - Christopher J. Waller - Lessons Learned on Normalizing Monetary Policy.txt,https://www.federalreserve.gov/newsevents/speech/waller20220618a.htm,speech_after_meeting,0.7
FED_2022_06,FED,2022-06-15,DOC_59F0F3A48B5D,speech,Speeches,The Outlook for Inflation and Monetary Policy,Michelle W. Bowman,2022-06-23,8,data\FED\Speeches\2022-06-23 - Michelle W. Bowman - The Outlook for Inflation and Monetary Policy.txt,https://www.federalreserve.gov/newsevents/speech/bowman20220623a.htm,speech_after_meeting,0.7
FED_2022_06,FED,2022-06-15,DOC_AD69E976D4DD,speech,Speeches,Crypto-Assets and Decentralized Finance through a Financial Stability Lens,Lael Brainard,2022-07-08,23,data\FED\Speeches\2022-07-08 - Lael Brainard - Crypto-Assets and Decentralized Finance through a Financial Stability Lens.txt,https://www.federalreserve.gov/newsevents/speech/brainard20220708a.htm,speech_after_meeting,0.7
FED_2022_06,FED,2022-06-15,DOC_4CE878A3D358,speech,Speeches,Monetary Policy in a World of Conflicting Data,Christopher J. Waller,2022-07-14,29,data\FED\Speeches\2022-07-14 - Christopher J. Waller - Monetary Policy in a World of Conflicting Data.txt,https://www.federalreserve.gov/newsevents/speech/waller20220714a.htm,speech_after_meeting,0.7
FED_2022_06,FED,2022-06-15,DOC_3D62EA3E03F5,speech,Speeches,Strengthening the CRA: A Conversation with Representatives of Native Communities,Lael Brainard,2022-07-19,34,data\FED\Speeches\2022-07-19 - Lael Brainard - Strengthening the CRA_ A Conversation with Representatives of Native Communities.txt,https://www.federalreserve.gov/newsevents/speech/brainard20220719a.htm,speech_after_meeting,0.7
FED_2022_07,FED,2022-07-27,DOC_66D7AF562B19,minutes,Minutes,FOMC minutes,,2022-07-27,0,data\FED\Minutes\2022-07-27 - FOMC minutes.txt,https://www.federalreserve.gov/monetarypolicy/files/fomcminutes20220727.pdf,minutes_for_prior_meeting,0.9
FED_2022_07,FED,2022-07-27,DOC_9F659D82DDEA,statement,Monetary Policy,FOMC statement,,2022-07-27,0,data\FED\Monetary Policy\2022-07-27 - FOMC statement.txt,https://www.federalreserve.gov/monetarypolicy/files/monetary20220727a1.pdf,anchor_statement,1.0
FED_2022_07,FED,2022-07-27,DOC_CC37429C0096,speech,Speeches,Fighting Inflation in Challenging Times,Fighting Inflation in Challenging Times,2022-08-06,10,data\FED\Speeches\2022-08-06 - Fighting Inflation in Challenging Times - Fighting Inflation in Challenging Times.txt,https://www.federalreserve.gov/newsevents/speech/bowman20220806a.htm,speech_after_meeting,0.7
FED_2022_07,FED,2022-07-27,DOC_8F5A922C7876,speech,Speeches,"Technology, Innovation, and Financial Services",Michelle W. Bowman,2022-08-17,21,"data\FED\Speeches\2022-08-17 - Michelle W. Bowman - Technology, Innovation, and Financial Services.txt",https://www.federalreserve.gov/newsevents/speech/bowman20220817a.htm,speech_after_meeting,0.7
FED_2022_07,FED,2022-07-27,DOC_9C66730908EE,speech,Speeches,Working Women in the Pandemic Era,Michelle W. Bowman,2022-08-17,21,data\FED\Speeches\2022-08-17 - Michelle W. Bowman - Working Women in the Pandemic Era.txt,https://www.federalreserve.gov/newsevents/speech/bowman20220817b.htm,speech_after_meeting,0.7
FED_2022_07,FED,2022-07-27,DOC_369FB684CF2B,speech,Speeches,Monetary Policy and Price Stability,Jerome H. Powell,2022-08-26,30,data\FED\Speeches\2022-08-26 - Jerome H. Powell - Monetary Policy and Price Stability.txt,https://www.federalreserve.gov/newsevents/speech/powell20220826a.htm,speech_after_meeting,0.7
FED_2022_07,FED,2022-07-27,DOC_A6A496C9BED2,speech,Speeches,Progress on Fast Payments for All: An Update on FedNow,Lael Brainard,2022-08-29,33,data\FED\Speeches\2022-08-29 - Lael Brainard - Progress on Fast Payments for All_ An Update on FedNow.txt,https://www.federalreserve.gov/newsevents/speech/brainard20220829a.htm,speech_after_meeting,0.7
FED_2022_07,FED,2022-07-27,DOC_C0AC9AAFD847,speech,Speeches,Bringing Inflation Down,Lael Brainard,2022-09-07,42,data\FED\Speeches\2022-09-07 - Lael Brainard - Bringing Inflation Down.txt,https://www.federalreserve.gov/newsevents/speech/brainard20220907a.htm,speech_after_meeting,0.7
FED_2022_07,FED,2022-07-27,DOC_6CD45CA20399,speech,Speeches,Making the Financial System Safer and Fairer,Stablecoins as Private Money,2022-09-07,42,data\FED\Speeches\2022-09-07 - Stablecoins as Private Money - Making the Financial System Safer and Fairer.txt,https://www.federalreserve.gov/newsevents/speech/barr20220907a.htm,speech_after_meeting,0.7
FED_2022_07,FED,2022-07-27,DOC_73931354B52E,speech,Speeches,The Economic Outlook: Time to Let the Data Do the Talking,Christopher J. Waller,2022-09-09,44,data\FED\Speeches\2022-09-09 - Christopher J. Waller - The Economic Outlook_ Time to Let the Data Do the Talking.txt,https://www.federalreserve.gov/newsevents/speech/waller20220909a.htm,speech_after_meeting,0.7
FED_2022_09,FED,2022-09-21,DOC_30C9D0D91F8D,minutes,Minutes,FOMC minutes,,2022-09-21,0,data\FED\Minutes\2022-09-21 - FOMC minutes.txt,https://www.federalreserve.gov/monetarypolicy/files/fomcminutes20220921.pdf,minutes_for_prior_meeting,0.9
FED_2022_09,FED,2022-09-21,DOC_82596B8FA70D,statement,Monetary Policy,FOMC statement,,2022-09-21,0,data\FED\Monetary Policy\2022-09-21 - FOMC statement.txt,https://www.federalreserve.gov/monetarypolicy/files/monetary20220921a1.pdf,anchor_statement,1.0
FED_2022_09,FED,2022-09-21,DOC_730475AF3128,speech,Speeches,The New Landscape for Banking Competition,Michelle W. Bowman,2022-09-28,7,data\FED\Speeches\2022-09-28 - Michelle W. Bowman - The New Landscape for Banking Competition.txt,https://www.federalreserve.gov/newsevents/speech/bowman20220928a.htm,speech_after_meeting,0.7
FED_2022_09,FED,2022-09-21,DOC_58684D283390,speech,Speeches,Welcoming Remarks,Jerome H. Powell,2022-09-28,7,data\FED\Speeches\2022-09-28 - Jerome H. Powell - Welcoming Remarks.txt,https://www.federalreserve.gov/newsevents/speech/powell20220928a.htm,speech_after_meeting,0.7
FED_2022_09,FED,2022-09-21,DOC_299D2902C1CB,speech,Speeches,Global Financial Stability Considerations for Monetary Policy in a High-Inflation Environment,Lael Brainard,2022-09-30,9,data\FED\Speeches\2022-09-30 - Lael Brainard - Global Financial Stability Considerations for Monetary Policy in a High-Inflation Environment.txt,https://www.federalreserve.gov/newsevents/speech/brainard20220930a.htm,speech_after_meeting,0.7
FED_2022_09,FED,2022-09-21,DOC_DDC9E029908A,speech,Speeches,Large Bank Supervision and Regulation,Large Bank Supervision and Regulation,2022-09-30,9,data\FED\Speeches\2022-09-30 - Large Bank Supervision and Regulation - Large Bank Supervision and Regulation.txt,https://www.federalreserve.gov/newsevents/speech/bowman20220930a.htm,speech_after_meeting,0.7
FED_2022_09,FED,2022-09-21,DOC_E033E7C183F4,speech,Speeches,Technologyâs Impact on the Post-Pandemic Economy,Philip N. Jefferson,2022-10-04,13,data\FED\Speeches\2022-10-04 - Philip N. Jefferson - Technologyâs Impact on the Post-Pandemic Economy.txt,https://www.federalreserve.gov/newsevents/speech/jefferson20221004a.htm,speech_after_meeting,0.7
FED_2022_09,FED,2022-09-21,DOC_B5E408EB4FED,speech,Speeches,Economic Outlook,Economic Outlook,2022-10-06,15,data\FED\Speeches\2022-10-06 - Economic Outlook - Economic Outlook.txt,https://www.federalreserve.gov/newsevents/speech/cook20221006a.htm,speech_after_meeting,0.7
FED_2022_09,FED,2022-09-21,DOC_B272B8C1A4C0,speech,Speeches,The Economic Outlook with a Look at the Housing Market,Christopher J. Waller,2022-10-06,15,data\FED\Speeches\2022-10-06 - Christopher J. Waller - The Economic Outlook with a Look at the Housing Market.txt,https://www.federalreserve.gov/newsevents/speech/waller20221006a.htm,speech_after_meeting,0.7
FED_2022_09,FED,2022-09-21,DOC_180610C75707,speech,Speeches,Restoring Price Stability in an Uncertain Economic Environment,Lael Brainard,2022-10-10,19,data\FED\Speeches\2022-10-10 - Lael Brainard - Restoring Price Stability in an Uncertain Economic Environment.txt,https://www.federalreserve.gov/newsevents/speech/brainard20221010a.htm,speech_after_meeting,0.7
FED_2022_09,FED,2022-09-21,DOC_67A446CDD875,speech,Speeches,Forward Guidance as a Monetary Policy Tool: Considerations for the Current Economic Environment,Michelle W. Bowman,2022-10-12,21,data\FED\Speeches\2022-10-12 - Michelle W. Bowman - Forward Guidance as a Monetary Policy Tool_ Considerations for the Current Economic Environment.txt,https://www.federalreserve.gov/newsevents/speech/bowman20221012a.htm,speech_after_meeting,0.7
FED_2022_09,FED,2022-09-21,DOC_97B9C8E3B013,speech,Speeches,Managing the Promise and Risk of Financial Innovation,Regulating Stablecoins,2022-10-12,21,data\FED\Speeches\2022-10-12 - Regulating Stablecoins - Managing the Promise and Risk of Financial Innovation.txt,https://www.federalreserve.gov/newsevents/speech/barr20221012a.htm,speech_after_meeting,0.7
FED_2022_09,FED,2022-09-21,DOC_779B8AB234D4,speech,Speeches,The U.S. Dollar and Central Bank Digital Currencies,Christopher J. Waller,2022-10-14,23,data\FED\Speeches\2022-10-14 - Christopher J. Waller - The U.S. Dollar and Central Bank Digital Currencies.txt,https://www.federalreserve.gov/newsevents/speech/waller20221014a.htm,speech_after_meeting,0.7
FED_2022_09,FED,2022-09-21,DOC_D2947DC67540,speech,Speeches,Welcoming Remarks,Welcoming Remarks,2022-10-20,29,data\FED\Speeches\2022-10-20 - Welcoming Remarks - Welcoming Remarks.txt,https://www.federalreserve.gov/newsevents/speech/bowman20221020a.htm,speech_after_meeting,0.7
FED_2022_11,FED,2022-11-02,DOC_35A3359E47C0,minutes,Minutes,FOMC minutes,,2022-11-02,0,data\FED\Minutes\2022-11-02 - FOMC minutes.txt,https://www.federalreserve.gov/monetarypolicy/files/fomcminutes20221102.pdf,minutes_for_prior_meeting,0.9
FED_2022_11,FED,2022-11-02,DOC_6B14C0BC340D,statement,Monetary Policy,FOMC statement,,2022-11-02,0,data\FED\Monetary Policy\2022-11-02 - FOMC statement.txt,https://www.federalreserve.gov/monetarypolicy/files/monetary20221102a1.pdf,anchor_statement,1.0
FED_2022_11,FED,2022-11-02,DOC_7F020B18CA41,speech,Speeches,The Economic Outlook and a Word of Caution on Inflation,Christopher J. Waller,2022-11-16,14,data\FED\Speeches\2022-11-16 - Christopher J. Waller - The Economic Outlook and a Word of Caution on Inflation.txt,https://www.federalreserve.gov/newsevents/speech/waller20221116a.htm,speech_after_meeting,0.7
FED_2022_11,FED,2022-11-02,DOC_23DCFBBD6B42,speech,Speeches,Financial Education,Financial Education,2022-11-17,15,data\FED\Speeches\2022-11-17 - Financial Education - Financial Education.txt,https://www.federalreserve.gov/newsevents/speech/bowman20221117a.htm,speech_after_meeting,0.7
FED_2022_11,FED,2022-11-02,DOC_594157576908,speech,Speeches,Opportunity and Inclusive Economic Growth,Opportunity and Inclusive Economic Growth,2022-11-17,15,data\FED\Speeches\2022-11-17 - Opportunity and Inclusive Economic Growth - Opportunity and Inclusive Economic Growth.txt,https://www.federalreserve.gov/newsevents/speech/jefferson20221117a.htm,speech_after_meeting,0.7
FED_2022_11,FED,2022-11-02,DOC_5509BBBBEADE,speech,Speeches,"What Can We Learn from the Pandemic and the War about Supply Shocks, Inflation, and Monetary Policy?",Lael Brainard,2022-11-28,26,"data\FED\Speeches\2022-11-28 - Lael Brainard - What Can We Learn from the Pandemic and the War about Supply Shocks, Inflation, and Monetary Policy_.txt",https://www.federalreserve.gov/newsevents/speech/brainard20221128a.htm,speech_after_meeting,0.7
FED_2022_11,FED,2022-11-02,DOC_C7D8EB840867,speech,Speeches,Inflation and the Labor Market,Jerome H. Powell,2022-11-30,28,data\FED\Speeches\2022-11-30 - Jerome H. Powell - Inflation and the Labor Market.txt,https://www.federalreserve.gov/newsevents/speech/powell20221130a.htm,speech_after_meeting,0.7
FED_2022_11,FED,2022-11-02,DOC_CB7007CA1575,speech,Speeches,The Economic Outlook and U.S. Productivity,Lisa D. Cook,2022-11-30,28,data\FED\Speeches\2022-11-30 - Lisa D. Cook - The Economic Outlook and U.S. Productivity.txt,https://www.federalreserve.gov/newsevents/speech/cook20221130a.htm,speech_after_meeting,0.7
FED_2022_11,FED,2022-11-02,DOC_BBCA21B7302F,speech,Speeches,Why Bank Capital Matters,Why Bank Capital Matters,2022-12-01,29,data\FED\Speeches\2022-12-01 - Why Bank Capital Matters - Why Bank Capital Matters.txt,https://www.federalreserve.gov/newsevents/speech/barr20221201a.htm,speech_after_meeting,0.7
FED_2022_12,FED,2022-12-14,DOC_B0E6B0A4803A,minutes,Minutes,FOMC minutes,,2022-12-14,0,data\FED\Minutes\2022-12-14 - FOMC minutes.txt,https://www.federalreserve.gov/monetarypolicy/files/fomcminutes20221214.pdf,minutes_for_prior_meeting,0.9
FED_2022_12,FED,2022-12-14,DOC_7BD25D9C17C3,statement,Monetary Policy,FOMC statement,,2022-12-14,0,data\FED\Monetary Policy\2022-12-14 - FOMC statement.txt,https://www.federalreserve.gov/monetarypolicy/files/monetary20221214a1.pdf,anchor_statement,1.0
FED_2022_12,FED,2022-12-14,DOC_C6C1E8E165B3,speech,Speeches,Thoughts on Inflation in a Supply-Constrained Economy,Lisa D. Cook,2023-01-06,23,data\FED\Speeches\2023-01-06 - Lisa D. Cook - Thoughts on Inflation in a Supply-Constrained Economy.txt,https://www.federalreserve.gov/newsevents/speech/cook20230106a.htm,speech_after_meeting,0.7
FED_2022_12,FED,2022-12-14,DOC_FD466DFAF84E,speech,Speeches,Brief Remarks on the Economy and Bank Supervision,Michelle W. Bowman,2023-01-10,27,data\FED\Speeches\2023-01-10 - Michelle W. Bowman - Brief Remarks on the Economy and Bank Supervision.txt,https://www.federalreserve.gov/newsevents/speech/bowman20230110a.htm,speech_after_meeting,0.7
FED_2022_12,FED,2022-12-14,DOC_A38D58CFFCB9,speech,Speeches,"Panel on ""Central Bank Independence and the MandateâEvolving Views""",Jerome H. Powell,2023-01-10,27,data\FED\Speeches\2023-01-10 - Jerome H. Powell - Panel on _Central Bank Independence and the MandateâEvolving Views_.txt,https://www.federalreserve.gov/newsevents/speech/powell20230110a.htm,speech_after_meeting,0.7
FED_2022_12,FED,2022-12-14,DOC_17808E7F5D11,speech,Speeches,Staying the Course to Bring Inflation Down,Lael Brainard,2023-01-19,36,data\FED\Speeches\2023-01-19 - Lael Brainard - Staying the Course to Bring Inflation Down.txt,https://www.federalreserve.gov/newsevents/speech/brainard20230119a.htm,speech_after_meeting,0.7
FED_2022_12,FED,2022-12-14,DOC_047496DD607D,speech,Speeches,A Case for Cautious Optimism,A Case for Cautious Optimism,2023-01-20,37,data\FED\Speeches\2023-01-20 - A Case for Cautious Optimism - A Case for Cautious Optimism.txt,https://www.federalreserve.gov/newsevents/speech/waller20230120a.htm,speech_after_meeting,0.7
FED_2022_12,FED,2022-12-14,DOC_C2E75FF919ED,speech,Speeches,Remarks to Delta Sigma Theta,Remarks to Delta Sigma Theta,2023-01-21,38,data\FED\Speeches\2023-01-21 - Remarks to Delta Sigma Theta - Remarks to Delta Sigma Theta.txt,https://www.federalreserve.gov/newsevents/speech/cook20230121a.htm,speech_after_meeting,0.7
FED_2023_02,FED,2023-02-01,DOC_6243BCF443DA,minutes,Minutes,FOMC minutes,,2023-02-01,0,data\FED\Minutes\2023-02-01 - FOMC minutes.txt,https://www.federalreserve.gov/monetarypolicy/files/fomcminutes20230201.pdf,minutes_for_prior_meeting,0.9
FED_2023_02,FED,2023-02-01,DOC_784A66EE64F2,statement,Monetary Policy,FOMC statement,,2023-02-01,0,data\FED\Monetary Policy\2023-02-01 - FOMC statement.txt,https://www.federalreserve.gov/monetarypolicy/files/monetary20230201a1.pdf,anchor_statement,1.0
FED_2023_02,FED,2023-02-01,DOC_CB8FB8D1B73C,speech,Speeches,Remarks at the âBanking on Financial Inclusionâ Conference,Michael S. Barr,2023-02-07,6,data\FED\Speeches\2023-02-07 - Michael S. Barr - Remarks at the âBanking on Financial Inclusionâ Conference.txt,https://www.federalreserve.gov/newsevents/speech/barr20230207a.htm,speech_after_meeting,0.7
FED_2023_02,FED,2023-02-01,DOC_59447F580B65,speech,Speeches,"The Inflation Rate for Necessities: A Look at Food, Energy and Shelter Inflation",Christopher J. Waller,2023-02-08,7,"data\FED\Speeches\2023-02-08 - Christopher J. Waller - The Inflation Rate for Necessities_ A Look at Food, Energy and Shelter Inflation.txt",https://www.federalreserve.gov/newsevents/speech/waller20230208a.htm,speech_after_meeting,0.7
FED_2023_02,FED,2023-02-01,DOC_0B65E798863E,speech,Speeches,Thoughts on the Crypto Ecosystem,Thoughts on the Crypto Ecosystem,2023-02-10,9,data\FED\Speeches\2023-02-10 - Thoughts on the Crypto Ecosystem - Thoughts on the Crypto Ecosystem.txt,https://www.federalreserve.gov/newsevents/speech/waller20230210a.htm,speech_after_meeting,0.7
FED_2023_02,FED,2023-02-01,DOC_1E233AFE7CBE,speech,Speeches,"Independence, Predictability, and Tailoring in Banking Regulation and Supervision",Michelle W. Bowman,2023-02-13,12,"data\FED\Speeches\2023-02-13 - Michelle W. Bowman - Independence, Predictability, and Tailoring in Banking Regulation and Supervision.txt",https://www.federalreserve.gov/newsevents/speech/bowman20230213a.htm,speech_after_meeting,0.7
FED_2023_02,FED,2023-02-01,DOC_ACF9B2E973D5,speech,Speeches,Welcoming Remarks,Welcoming Remarks,2023-02-15,14,data\FED\Speeches\2023-02-15 - Welcoming Remarks - Welcoming Remarks.txt,https://www.federalreserve.gov/newsevents/speech/bowman20230215a.htm,speech_after_meeting,0.7
FED_2023_02,FED,2023-02-01,DOC_679849A4866A,speech,Speeches,Welcome Remarks,Welcome Remarks,2023-02-16,15,data\FED\Speeches\2023-02-16 - Welcome Remarks - Welcome Remarks.txt,https://www.federalreserve.gov/newsevents/speech/cook20230216a.htm,speech_after_meeting,0.7
FED_2023_02,FED,2023-02-01,DOC_2F70D39A152A,speech,Speeches,"Discussion of the Paper ""Managing Disinflations"" by Stephen G. Cecchetti, Michael E. Feroli, Peter Hooper, Frederic S. Mishkin, and Kermit L. Schoenholtz",Philip N. Jefferson,2023-02-24,23,"data\FED\Speeches\2023-02-24 - Philip N. Jefferson - Discussion of the Paper _Managing Disinflations_ by Stephen G. Cecchetti, Michael E. Feroli, Peter Hooper, Frederic.txt",https://www.federalreserve.gov/newsevents/speech/jefferson20230224a.htm,speech_after_meeting,0.7
FED_2023_02,FED,2023-02-01,DOC_28D5A930FD2E,speech,Speeches,Recent Inflation and the Dual Mandate,Philip N. Jefferson,2023-02-27,26,data\FED\Speeches\2023-02-27 - Philip N. Jefferson - Recent Inflation and the Dual Mandate.txt,https://www.federalreserve.gov/newsevents/speech/jefferson20230227a.htm,speech_after_meeting,0.7
FED_2023_02,FED,2023-02-01,DOC_E98366D81A72,speech,Speeches,Februaryâs Hot Data Releases,Christopher J. Waller,2023-03-02,29,data\FED\Speeches\2023-03-02 - Christopher J. Waller - Februaryâs Hot Data Releases.txt,https://www.federalreserve.gov/newsevents/speech/waller20230302a.htm,speech_after_meeting,0.7
FED_2023_02,FED,2023-02-01,DOC_B3328141495D,speech,Speeches,Panel on âDesign Issues for Central Bank Facilities in the Futureâ,Michelle W. Bowman,2023-03-03,30,data\FED\Speeches\2023-03-03 - Michelle W. Bowman - Panel on âDesign Issues for Central Bank Facilities in the Futureâ.txt,https://www.federalreserve.gov/newsevents/speech/bowman20230303a.htm,speech_after_meeting,0.7
FED_2023_02,FED,2023-02-01,DOC_E077B0248E51,speech,Speeches,Supporting Innovation with Guardrails: The Federal Reserveâs Approach to Supervision and Regulation of Banksâ Crypto-related Activities,Michael S. Barr,2023-03-09,36,data\FED\Speeches\2023-03-09 - Michael S. Barr - Supporting Innovation with Guardrails_ The Federal Reserveâs Approach to Supervision and Regulation of Banksâ Crypt.txt,https://www.federalreserve.gov/newsevents/speech/barr20230309a.htm,speech_after_meeting,0.7
FED_2023_02,FED,2023-02-01,DOC_7FEEAF7FC0B0,speech,Speeches,The Innovation Imperative: Modernizing Traditional Banking,Michelle W. Bowman,2023-03-14,41,data\FED\Speeches\2023-03-14 - Michelle W. Bowman - The Innovation Imperative_ Modernizing Traditional Banking.txt,https://www.federalreserve.gov/newsevents/speech/bowman20230314a.htm,speech_after_meeting,0.7
FED_2023_03,FED,2023-03-22,DOC_E7DF516D256B,minutes,Minutes,FOMC minutes,,2023-03-22,0,data\FED\Minutes\2023-03-22 - FOMC minutes.txt,https://www.federalreserve.gov/monetarypolicy/files/fomcminutes20230322.pdf,minutes_for_prior_meeting,0.9
FED_2023_03,FED,2023-03-22,DOC_D81BFDDEA9D8,statement,Monetary Policy,FOMC statement,,2023-03-22,0,data\FED\Monetary Policy\2023-03-22 - FOMC statement.txt,https://www.federalreserve.gov/monetarypolicy/files/monetary20230322a1.pdf,anchor_statement,1.0
FED_2023_03,FED,2023-03-22,DOC_5D1D245F0BE4,speech,Speeches,Implementation and Transmission of Monetary Policy,Philip N. Jefferson,2023-03-27,5,data\FED\Speeches\2023-03-27 - Philip N. Jefferson - Implementation and Transmission of Monetary Policy.txt,https://www.federalreserve.gov/newsevents/speech/jefferson20230327a.htm,speech_after_meeting,0.7
FED_2023_03,FED,2023-03-22,DOC_ADCA93F0A630,speech,Speeches,Brief Remarks,Brief Remarks,2023-03-29,7,data\FED\Speeches\2023-03-29 - Brief Remarks - Brief Remarks.txt,https://www.federalreserve.gov/newsevents/speech/barr20230329a.htm,speech_after_meeting,0.7
FED_2023_03,FED,2023-03-22,DOC_564750CDD75E,speech,Speeches,The U.S. Economic Outlook and Monetary Policy,Lisa D. Cook,2023-03-31,9,data\FED\Speeches\2023-03-31 - Lisa D. Cook - The U.S. Economic Outlook and Monetary Policy.txt,https://www.federalreserve.gov/newsevents/speech/cook20230331a.htm,speech_after_meeting,0.7
FED_2023_03,FED,2023-03-22,DOC_7846E04CFD2B,speech,Speeches,The Unstable Phillips Curve,The Unstable Phillips Curve,2023-03-31,9,data\FED\Speeches\2023-03-31 - The Unstable Phillips Curve - The Unstable Phillips Curve.txt,https://www.federalreserve.gov/newsevents/speech/waller20230331a.htm,speech_after_meeting,0.7
FED_2023_03,FED,2023-03-22,DOC_AA38C02FEA46,speech,Speeches,Welcoming Remarks,Welcoming Remarks,2023-04-04,13,data\FED\Speeches\2023-04-04 - Welcoming Remarks - Welcoming Remarks.txt,https://www.federalreserve.gov/newsevents/speech/cook20230404a.htm,speech_after_meeting,0.7
FED_2023_03,FED,2023-03-22,DOC_75722C74792D,speech,Speeches,Financial Stabilization and Macroeconomic Stabilization: Two Tools for Two Problems,Christopher J. Waller,2023-04-14,23,data\FED\Speeches\2023-04-14 - Christopher J. Waller - Financial Stabilization and Macroeconomic Stabilization_ Two Tools for Two Problems.txt,https://www.federalreserve.gov/newsevents/speech/waller20230414a.htm,speech_after_meeting,0.7
FED_2023_03,FED,2023-03-22,DOC_5C09C4534174,speech,Speeches,The Consequences of Fewer Banks in the U.S. Banking System,Michelle W. Bowman,2023-04-14,23,data\FED\Speeches\2023-04-14 - Michelle W. Bowman - The Consequences of Fewer Banks in the U.S. Banking System.txt,https://www.federalreserve.gov/newsevents/speech/bowman20230414a.htm,speech_after_meeting,0.7
FED_2023_03,FED,2023-03-22,DOC_39573B2C7858,speech,Speeches,Considerations for a Central Bank Digital Currency,Michelle W. Bowman,2023-04-18,27,data\FED\Speeches\2023-04-18 - Michelle W. Bowman - Considerations for a Central Bank Digital Currency.txt,https://www.federalreserve.gov/newsevents/speech/bowman20230418a.htm,speech_after_meeting,0.7
FED_2023_03,FED,2023-03-22,DOC_7F4CE701C324,speech,Speeches,Brief Remarks,Brief Remarks,2023-04-20,29,data\FED\Speeches\2023-04-20 - Brief Remarks - Brief Remarks.txt,https://www.federalreserve.gov/newsevents/speech/bowman20230420a.htm,speech_after_meeting,0.7
FED_2023_03,FED,2023-03-22,DOC_64A3184745B7,speech,Speeches,Innovation and the Future of Finance,Christopher J. Waller,2023-04-20,29,data\FED\Speeches\2023-04-20 - Christopher J. Waller - Innovation and the Future of Finance.txt,https://www.federalreserve.gov/newsevents/speech/waller20230420a.htm,speech_after_meeting,0.7
FED_2023_03,FED,2023-03-22,DOC_10F31B1CBE6B,speech,Speeches,Important Questions for Economic Research,Important Questions for Economic Research,2023-04-21,30,data\FED\Speeches\2023-04-21 - Important Questions for Economic Research - Important Questions for Economic Research.txt,https://www.federalreserve.gov/newsevents/speech/cook20230421a.htm,speech_after_meeting,0.7
FED_2023_05,FED,2023-05-03,DOC_4F6DA402012B,minutes,Minutes,FOMC minutes,,2023-05-03,0,data\FED\Minutes\2023-05-03 - FOMC minutes.txt,https://www.federalreserve.gov/monetarypolicy/files/fomcminutes20230503.pdf,minutes_for_prior_meeting,0.9
FED_2023_05,FED,2023-05-03,DOC_2E9009700367,statement,Monetary Policy,FOMC statement,,2023-05-03,0,data\FED\Monetary Policy\2023-05-03 - FOMC statement.txt,https://www.federalreserve.gov/monetarypolicy/files/monetary20230503a1.pdf,anchor_statement,1.0
FED_2023_05,FED,2023-05-03,DOC_3E02213F1E95,speech,Speeches,Commencement Address,Commencement Address,2023-05-05,2,data\FED\Speeches\2023-05-05 - Commencement Address - Commencement Address.txt,https://www.federalreserve.gov/newsevents/speech/cook20230505a.htm,speech_after_meeting,0.7
FED_2023_05,FED,2023-05-03,DOC_39D1E67B45E0,speech,Speeches,Climate Change and Financial Stability,Climate Change and Financial Stability,2023-05-11,8,data\FED\Speeches\2023-05-11 - Climate Change and Financial Stability - Climate Change and Financial Stability.txt,https://www.federalreserve.gov/newsevents/speech/waller20230511a.htm,speech_after_meeting,0.7
FED_2023_05,FED,2023-05-03,DOC_91B0FF0D9415,speech,Speeches,On the Assessment of Current Monetary Policy,Philip N. Jefferson,2023-05-12,9,data\FED\Speeches\2023-05-12 - Philip N. Jefferson - On the Assessment of Current Monetary Policy.txt,https://www.federalreserve.gov/newsevents/speech/jefferson20230512a.htm,speech_after_meeting,0.7
FED_2023_05,FED,2023-05-03,DOC_F10497492C3C,speech,Speeches,"The Evolving Nature of Banking, Bank Culture, and Bank Runs",Michelle W. Bowman,2023-05-12,9,"data\FED\Speeches\2023-05-12 - Michelle W. Bowman - The Evolving Nature of Banking, Bank Culture, and Bank Runs.txt",https://www.federalreserve.gov/newsevents/speech/bowman20230512a.htm,speech_after_meeting,0.7
FED_2023_05,FED,2023-05-03,DOC_5F2F5F0B7CBA,speech,Speeches,Commencement Address,Commencement Address,2023-05-13,10,data\FED\Speeches\2023-05-13 - Commencement Address - Commencement Address.txt,https://www.federalreserve.gov/newsevents/speech/cook20230513a.htm,speech_after_meeting,0.7
FED_2023_05,FED,2023-05-03,DOC_661DD2D732BF,speech,Speeches,Commencement Address,Commencement Address,2023-05-15,12,data\FED\Speeches\2023-05-15 - Commencement Address - Commencement Address.txt,https://www.federalreserve.gov/newsevents/speech/cook20230515a.htm,speech_after_meeting,0.7
FED_2023_05,FED,2023-05-03,DOC_995A003B0054,speech,Speeches,The U.S. Economic Outlook and Considerations for Monetary Policy,Philip N. Jefferson,2023-05-18,15,data\FED\Speeches\2023-05-18 - Philip N. Jefferson - The U.S. Economic Outlook and Considerations for Monetary Policy.txt,https://www.federalreserve.gov/newsevents/speech/jefferson20230518a.htm,speech_after_meeting,0.7
FED_2023_05,FED,2023-05-03,DOC_55A4B43DC4D0,speech,Speeches,Considerations for Revisions to the Bank Regulatory Framework,Michelle W. Bowman,2023-05-19,16,data\FED\Speeches\2023-05-19 - Michelle W. Bowman - Considerations for Revisions to the Bank Regulatory Framework.txt,https://www.federalreserve.gov/newsevents/speech/bowman20230519a.htm,speech_after_meeting,0.7
FED_2023_05,FED,2023-05-03,DOC_C0AB0DD234CA,speech,Speeches,"Hike, Skip, or Pause?",Christopher J. Waller,2023-05-24,21,"data\FED\Speeches\2023-05-24 - Christopher J. Waller - Hike, Skip, or Pause_.txt",https://www.federalreserve.gov/newsevents/speech/waller20230524a.htm,speech_after_meeting,0.7
FED_2023_05,FED,2023-05-03,DOC_1E081DE9C0F4,speech,Speeches,Brief Remarks,Brief Remarks,2023-05-31,28,data\FED\Speeches\2023-05-31 - Brief Remarks - Brief Remarks.txt,https://www.federalreserve.gov/newsevents/speech/bowman20230531a.htm,speech_after_meeting,0.7
FED_2023_05,FED,2023-05-03,DOC_79D7AE3A8577,speech,Speeches,Financial Stability and the U.S. Economy,Philip N. Jefferson,2023-05-31,28,data\FED\Speeches\2023-05-31 - Philip N. Jefferson - Financial Stability and the U.S. Economy.txt,https://www.federalreserve.gov/newsevents/speech/jefferson20230531a.htm,speech_after_meeting,0.7
FED_2023_06,FED,2023-06-14,DOC_428814D8999A,minutes,Minutes,FOMC minutes,,2023-06-14,0,data\FED\Minutes\2023-06-14 - FOMC minutes.txt,https://www.federalreserve.gov/monetarypolicy/files/fomcminutes20230614.pdf,minutes_for_prior_meeting,0.9
FED_2023_06,FED,2023-06-14,DOC_EA9560B7BFC9,statement,Monetary Policy,FOMC statement,,2023-06-14,0,data\FED\Monetary Policy\2023-06-14 - FOMC statement.txt,https://www.federalreserve.gov/monetarypolicy/files/monetary20230614a1.pdf,anchor_statement,1.0
FED_2023_06,FED,2023-06-14,DOC_FC407A1C1FB0,speech,Speeches,Financial Stability and Macroeconomic Policy,Financial Stability and Macroeconomic Policy,2023-06-16,2,data\FED\Speeches\2023-06-16 - Financial Stability and Macroeconomic Policy - Financial Stability and Macroeconomic Policy.txt,https://www.federalreserve.gov/newsevents/speech/waller20230616a.htm,speech_after_meeting,0.7
FED_2023_06,FED,2023-06-14,DOC_D4FA59CE926E,speech,Speeches,Opening Remarks,Opening Remarks,2023-06-22,8,data\FED\Speeches\2023-06-22 - Opening Remarks - Opening Remarks.txt,https://www.federalreserve.gov/newsevents/speech/bowman20230622a.htm,speech_after_meeting,0.7
FED_2023_06,FED,2023-06-14,DOC_C50E3456BDF4,speech,Speeches,Welcoming Remarks,Welcoming Remarks,2023-06-22,8,data\FED\Speeches\2023-06-22 - Welcoming Remarks - Welcoming Remarks.txt,https://www.federalreserve.gov/newsevents/speech/waller20230622a.htm,speech_after_meeting,0.7
FED_2023_06,FED,2023-06-14,DOC_69D820970B65,speech,Speeches,Responsive and Responsible Bank Regulation and Supervision,Michelle W. Bowman,2023-06-25,11,data\FED\Speeches\2023-06-25 - Michelle W. Bowman - Responsive and Responsible Bank Regulation and Supervision.txt,https://www.federalreserve.gov/newsevents/speech/bowman20230625a.htm,speech_after_meeting,0.7
FED_2023_06,FED,2023-06-14,DOC_5AEC10BEC78F,speech,Speeches,Financial Stability and Economic Developments,Jerome H. Powell,2023-06-29,15,data\FED\Speeches\2023-06-29 - Jerome H. Powell - Financial Stability and Economic Developments.txt,https://www.federalreserve.gov/newsevents/speech/powell20230629a.htm,speech_after_meeting,0.7
FED_2023_06,FED,2023-06-14,DOC_A419C47AF17D,speech,Speeches,Holistic Capital Review,Holistic Capital Review,2023-07-10,26,data\FED\Speeches\2023-07-10 - Holistic Capital Review - Holistic Capital Review.txt,https://www.federalreserve.gov/newsevents/speech/barr20230710a.htm,speech_after_meeting,0.7
FED_2023_06,FED,2023-06-14,DOC_AC2624F640AE,speech,Speeches,Big Shocks Travel Fast: Why Policy Lags May Be Shorter Than You Think,Christopher J. Waller,2023-07-13,29,data\FED\Speeches\2023-07-13 - Christopher J. Waller - Big Shocks Travel Fast_ Why Policy Lags May Be Shorter Than You Think.txt,https://www.federalreserve.gov/newsevents/speech/waller20230713a.htm,speech_after_meeting,0.7
FED_2023_06,FED,2023-06-14,DOC_4DADF5A8FF7B,speech,Speeches,Furthering the Vision of the Fair Housing Act,Michael S. Barr,2023-07-18,34,data\FED\Speeches\2023-07-18 - Michael S. Barr - Furthering the Vision of the Fair Housing Act.txt,https://www.federalreserve.gov/newsevents/speech/barr20230718a.htm,speech_after_meeting,0.7
FED_2023_07,FED,2023-07-26,DOC_899B5CE7999F,minutes,Minutes,FOMC minutes,,2023-07-26,0,data\FED\Minutes\2023-07-26 - FOMC minutes.txt,https://www.federalreserve.gov/monetarypolicy/files/fomcminutes20230726.pdf,minutes_for_prior_meeting,0.9
FED_2023_07,FED,2023-07-26,DOC_E349351C7759,statement,Monetary Policy,FOMC statement,,2023-07-26,0,data\FED\Monetary Policy\2023-07-26 - FOMC statement.txt,https://www.federalreserve.gov/monetarypolicy/files/monetary20230726a1.pdf,anchor_statement,1.0
FED_2023_07,FED,2023-07-26,DOC_910502A98C3B,speech,Speeches,Brief Remarks on the Economy and Monetary Policy,Michelle W. Bowman,2023-08-05,10,data\FED\Speeches\2023-08-05 - Michelle W. Bowman - Brief Remarks on the Economy and Monetary Policy.txt,https://www.federalreserve.gov/newsevents/speech/bowman20230805a.htm,speech_after_meeting,0.7
FED_2023_07,FED,2023-07-26,DOC_488337565CC4,speech,Speeches,Welcoming Remarks,Welcoming Remarks,2023-08-07,12,data\FED\Speeches\2023-08-07 - Welcoming Remarks - Welcoming Remarks.txt,https://www.federalreserve.gov/newsevents/speech/bowman20230807a.htm,speech_after_meeting,0.7
FED_2023_07,FED,2023-07-26,DOC_AA0839D296EF,speech,Speeches,Welcoming Remarks,Welcoming Remarks,2023-08-22,27,data\FED\Speeches\2023-08-22 - Welcoming Remarks - Welcoming Remarks.txt,https://www.federalreserve.gov/newsevents/speech/bowman20230822a.htm,speech_after_meeting,0.7
FED_2023_07,FED,2023-07-26,DOC_37721B8E2F23,speech,Speeches,Inflation: Progress and the Path Ahead,Jerome H. Powell,2023-08-25,30,data\FED\Speeches\2023-08-25 - Jerome H. Powell - Inflation_ Progress and the Path Ahead.txt,https://www.federalreserve.gov/newsevents/speech/powell20230825a.htm,speech_after_meeting,0.7
FED_2023_07,FED,2023-07-26,DOC_80FE9812E827,speech,Speeches,The Federal Reserveâs Role in Supporting Responsible Innovation,Michael S. Barr,2023-09-08,44,data\FED\Speeches\2023-09-08 - Michael S. Barr - The Federal Reserveâs Role in Supporting Responsible Innovation.txt,https://www.federalreserve.gov/newsevents/speech/barr20230908a.htm,speech_after_meeting,0.7
FED_2023_09,FED,2023-09-20,DOC_37707DD9A879,minutes,Minutes,FOMC minutes,,2023-09-20,0,data\FED\Minutes\2023-09-20 - FOMC minutes.txt,https://www.federalreserve.gov/monetarypolicy/files/fomcminutes20230920.pdf,minutes_for_prior_meeting,0.9
FED_2023_09,FED,2023-09-20,DOC_C69BB7C267D9,statement,Monetary Policy,FOMC statement,,2023-09-20,0,data\FED\Monetary Policy\2023-09-20 - FOMC statement.txt,https://www.federalreserve.gov/monetarypolicy/files/monetary20230920a1.pdf,anchor_statement,1.0
FED_2023_09,FED,2023-09-20,DOC_7D4387EBC882,speech,Speeches,Brief Remarks on the Economy and Monetary Policy,Michelle W. Bowman,2023-09-22,2,data\FED\Speeches\2023-09-22 - Michelle W. Bowman - Brief Remarks on the Economy and Monetary Policy.txt,https://www.federalreserve.gov/newsevents/speech/bowman20230922a.htm,speech_after_meeting,0.7
FED_2023_09,FED,2023-09-20,DOC_D406A4E92428,speech,Speeches,"Generative AI, Productivity, the Labor Market, and Choice Behavior",Lisa D. Cook,2023-09-22,2,"data\FED\Speeches\2023-09-22 - Lisa D. Cook - Generative AI, Productivity, the Labor Market, and Choice Behavior.txt",https://www.federalreserve.gov/newsevents/speech/cook20230922a.htm,speech_after_meeting,0.7
FED_2023_09,FED,2023-09-20,DOC_833FE9E2A350,speech,Speeches,Welcoming Remarks,Welcoming Remarks,2023-09-26,6,data\FED\Speeches\2023-09-26 - Welcoming Remarks - Welcoming Remarks.txt,https://www.federalreserve.gov/newsevents/speech/bowman20230926a.htm,speech_after_meeting,0.7
FED_2023_09,FED,2023-09-20,DOC_CB416552C0AD,speech,Speeches,Panel Remarks,Panel Remarks,2023-09-27,7,data\FED\Speeches\2023-09-27 - Panel Remarks - Panel Remarks.txt,https://www.federalreserve.gov/newsevents/speech/bowman20230927a.htm,speech_after_meeting,0.7
FED_2023_09,FED,2023-09-20,DOC_97058482B149,speech,Speeches,Closing Remarks,Closing Remarks,2023-09-28,8,data\FED\Speeches\2023-09-28 - Closing Remarks - Closing Remarks.txt,https://www.federalreserve.gov/newsevents/speech/cook20230928a.htm,speech_after_meeting,0.7
FED_2023_09,FED,2023-09-20,DOC_81419ABD7666,speech,Speeches,Welcoming Remarks,Jerome H. Powell,2023-09-28,8,data\FED\Speeches\2023-09-28 - Jerome H. Powell - Welcoming Remarks.txt,https://www.federalreserve.gov/newsevents/speech/powell20230928a.htm,speech_after_meeting,0.7
FED_2023_09,FED,2023-09-20,DOC_8AFFBC13BD6D,speech,Speeches,Brief Remarks on the Economy and Bank Regulation,Michelle W. Bowman,2023-10-02,12,data\FED\Speeches\2023-10-02 - Michelle W. Bowman - Brief Remarks on the Economy and Bank Regulation.txt,https://www.federalreserve.gov/newsevents/speech/bowman20231002a.htm,speech_after_meeting,0.7
FED_2023_09,FED,2023-09-20,DOC_C098636BA2D2,speech,Speeches,Monetary Policy and Financial Stability,Monetary Policy and Financial Stability,2023-10-02,12,data\FED\Speeches\2023-10-02 - Monetary Policy and Financial Stability - Monetary Policy and Financial Stability.txt,https://www.federalreserve.gov/newsevents/speech/barr20231002a.htm,speech_after_meeting,0.7
FED_2023_09,FED,2023-09-20,DOC_88225DB1F615,speech,Speeches,"The Role of Research, Data, and Analysis in Banking Reforms",Michelle W. Bowman,2023-10-04,14,"data\FED\Speeches\2023-10-04 - Michelle W. Bowman - The Role of Research, Data, and Analysis in Banking Reforms.txt",https://www.federalreserve.gov/newsevents/speech/bowman20231004a.htm,speech_after_meeting,0.7
FED_2023_09,FED,2023-09-20,DOC_0B424DD775DF,speech,Speeches,Brief Remarks on the Economy and Insights from Past Bank Regulatory Reform Efforts,Michelle W. Bowman,2023-10-07,17,data\FED\Speeches\2023-10-07 - Michelle W. Bowman - Brief Remarks on the Economy and Insights from Past Bank Regulatory Reform Efforts.txt,https://www.federalreserve.gov/newsevents/speech/bowman20231007a.htm,speech_after_meeting,0.7
FED_2023_09,FED,2023-09-20,DOC_B34518FF78CF,speech,Speeches,Capital Supports Lending,Capital Supports Lending,2023-10-09,19,data\FED\Speeches\2023-10-09 - Capital Supports Lending - Capital Supports Lending.txt,https://www.federalreserve.gov/newsevents/speech/barr20231009a.htm,speech_after_meeting,0.7
FED_2023_09,FED,2023-09-20,DOC_6E8DBBF45BBC,speech,Speeches,U.S. Economic Outlook and Monetary Policy Transmission,Philip N. Jefferson,2023-10-09,19,data\FED\Speeches\2023-10-09 - Philip N. Jefferson - U.S. Economic Outlook and Monetary Policy Transmission.txt,https://www.federalreserve.gov/newsevents/speech/jefferson20231009a.htm,speech_after_meeting,0.7
FED_2023_09,FED,2023-09-20,DOC_C0233C4CC834,speech,Speeches,Monetary Policy Analysis and the Development of Federal Reserve Policymaking,Christopher J. Waller,2023-10-10,20,data\FED\Speeches\2023-10-10 - Christopher J. Waller - Monetary Policy Analysis and the Development of Federal Reserve Policymaking.txt,https://www.federalreserve.gov/newsevents/speech/waller20231010a.htm,speech_after_meeting,0.7
FED_2023_09,FED,2023-09-20,DOC_5FE056B21F1D,speech,Speeches,Financial Stability in Uncertain Times,Financial Stability in Uncertain Times,2023-10-11,21,data\FED\Speeches\2023-10-11 - Financial Stability in Uncertain Times - Financial Stability in Uncertain Times.txt,https://www.federalreserve.gov/newsevents/speech/bowman20231011a.htm,speech_after_meeting,0.7
FED_2023_09,FED,2023-09-20,DOC_8DEEB2E1327A,speech,Speeches,Responsible Innovation in Money and Payments,Michelle W. Bowman,2023-10-17,27,data\FED\Speeches\2023-10-17 - Michelle W. Bowman - Responsible Innovation in Money and Payments.txt,https://www.federalreserve.gov/newsevents/speech/bowman20231017a.htm,speech_after_meeting,0.7
FED_2023_09,FED,2023-09-20,DOC_BE4140DF45D7,speech,Speeches,Brief Remarks,Brief Remarks,2023-10-18,28,data\FED\Speeches\2023-10-18 - Brief Remarks - Brief Remarks.txt,https://www.federalreserve.gov/newsevents/speech/bowman20231018a.htm,speech_after_meeting,0.7
FED_2023_09,FED,2023-09-20,DOC_B33DBED4D214,speech,Speeches,Somethingâs Got to Give,Christopher J. Waller,2023-10-18,28,data\FED\Speeches\2023-10-18 - Christopher J. Waller - Somethingâs Got to Give.txt,https://www.federalreserve.gov/newsevents/speech/waller20231018a.htm,speech_after_meeting,0.7
FED_2023_09,FED,2023-09-20,DOC_A80A4720BA90,speech,Speeches,The Evolution of the Federal Reserveâs Employment Mandate,Lisa D. Cook,2023-10-18,28,data\FED\Speeches\2023-10-18 - Lisa D. Cook - The Evolution of the Federal Reserveâs Employment Mandate.txt,https://www.federalreserve.gov/newsevents/speech/cook20231018a.htm,speech_after_meeting,0.7
FED_2023_09,FED,2023-09-20,DOC_D51B9888071F,speech,Speeches,Multiple Scenarios in Stress Testing,Multiple Scenarios in Stress Testing,2023-10-19,29,data\FED\Speeches\2023-10-19 - Multiple Scenarios in Stress Testing - Multiple Scenarios in Stress Testing.txt,https://www.federalreserve.gov/newsevents/speech/barr20231019a.htm,speech_after_meeting,0.7
FED_2023_09,FED,2023-09-20,DOC_B1A92F805EF8,speech,Speeches,Opening Remarks,Philip N. Jefferson,2023-10-19,29,data\FED\Speeches\2023-10-19 - Philip N. Jefferson - Opening Remarks.txt,https://www.federalreserve.gov/newsevents/speech/jefferson20231019a.htm,speech_after_meeting,0.7
FED_2023_09,FED,2023-09-20,DOC_6A8BAF9E62B8,speech,Speeches,Introductory Remarks,Jerome H. Powell,2023-10-25,35,data\FED\Speeches\2023-10-25 - Jerome H. Powell - Introductory Remarks.txt,https://www.federalreserve.gov/newsevents/speech/powell20231025a.htm,speech_after_meeting,0.7
FED_2023_09,FED,2023-09-20,DOC_0DB769ACB7A5,speech,Speeches,Welcome Remarks,Welcome Remarks,2023-10-26,36,data\FED\Speeches\2023-10-26 - Welcome Remarks - Welcome Remarks.txt,https://www.federalreserve.gov/newsevents/speech/waller20231026a.htm,speech_after_meeting,0.7
FED_2023_09,FED,2023-09-20,DOC_E58A40D404AE,speech,Speeches,Opening Remarks,Opening Remarks,2023-10-27,37,data\FED\Speeches\2023-10-27 - Opening Remarks - Opening Remarks.txt,https://www.federalreserve.gov/newsevents/speech/barr20231027a.htm,speech_after_meeting,0.7
FED_2023_11,FED,2023-11-01,DOC_6AC8C7EB2863,minutes,Minutes,FOMC minutes,,2023-11-01,0,data\FED\Minutes\2023-11-01 - FOMC minutes.txt,https://www.federalreserve.gov/monetarypolicy/files/fomcminutes20231101.pdf,minutes_for_prior_meeting,0.9
FED_2023_11,FED,2023-11-01,DOC_3B969F5D300E,statement,Monetary Policy,FOMC statement,,2023-11-01,0,data\FED\Monetary Policy\2023-11-01 - FOMC statement.txt,https://www.federalreserve.gov/monetarypolicy/files/monetary20231101a1.pdf,anchor_statement,1.0
FED_2023_11,FED,2023-11-01,DOC_332448EA5A97,speech,Speeches,Financial Stability: Resilience and Challenges,Lisa D. Cook,2023-11-06,5,data\FED\Speeches\2023-11-06 - Lisa D. Cook - Financial Stability_ Resilience and Challenges.txt,https://www.federalreserve.gov/newsevents/speech/cook20231106a.htm,speech_after_meeting,0.7
FED_2023_11,FED,2023-11-01,DOC_5EF90DD2808E,speech,Speeches,Remarks on the Economy and Bank Supervision and Regulation,Michelle W. Bowman,2023-11-07,6,data\FED\Speeches\2023-11-07 - Michelle W. Bowman - Remarks on the Economy and Bank Supervision and Regulation.txt,https://www.federalreserve.gov/newsevents/speech/bowman20231107a.htm,speech_after_meeting,0.7
FED_2023_11,FED,2023-11-01,DOC_6908091C49CB,speech,Speeches,Using Economic Data to Understand the Economy,Christopher J. Waller,2023-11-07,6,data\FED\Speeches\2023-11-07 - Christopher J. Waller - Using Economic Data to Understand the Economy.txt,https://www.federalreserve.gov/newsevents/speech/waller20231107a.htm,speech_after_meeting,0.7
FED_2023_11,FED,2023-11-01,DOC_622D4DF36E04,speech,Speeches,"Financial Stability: Resilience, Challenges, and Global Connections",Lisa D. Cook,2023-11-08,7,"data\FED\Speeches\2023-11-08 - Lisa D. Cook - Financial Stability_ Resilience, Challenges, and Global Connections.txt",https://www.federalreserve.gov/newsevents/speech/cook20231108a.htm,speech_after_meeting,0.7
FED_2023_11,FED,2023-11-01,DOC_154F64768A83,speech,Speeches,Opening Remarks,Jerome H. Powell,2023-11-08,7,data\FED\Speeches\2023-11-08 - Jerome H. Powell - Opening Remarks.txt,https://www.federalreserve.gov/newsevents/speech/powell20231108a.htm,speech_after_meeting,0.7
FED_2023_11,FED,2023-11-01,DOC_3D197D40208B,speech,Speeches,"Research and Statistics Centennial Anniversary: Past, Present and Future",Philip N. Jefferson,2023-11-08,7,"data\FED\Speeches\2023-11-08 - Philip N. Jefferson - Research and Statistics Centennial Anniversary_ Past, Present and Future.txt",https://www.federalreserve.gov/newsevents/speech/jefferson20231108a.htm,speech_after_meeting,0.7
FED_2023_11,FED,2023-11-01,DOC_F8D8C864138E,speech,Speeches,Opening Remarks,Jerome H. Powell,2023-11-09,8,data\FED\Speeches\2023-11-09 - Jerome H. Powell - Opening Remarks.txt,https://www.federalreserve.gov/newsevents/speech/powell20231109a.htm,speech_after_meeting,0.7
FED_2023_11,FED,2023-11-01,DOC_87BA307FF11D,speech,Speeches,Remarks on the Economy and Prioritization of Bank Supervision and Regulation,Michelle W. Bowman,2023-11-09,8,data\FED\Speeches\2023-11-09 - Michelle W. Bowman - Remarks on the Economy and Prioritization of Bank Supervision and Regulation.txt,https://www.federalreserve.gov/newsevents/speech/bowman20231109a.htm,speech_after_meeting,0.7
FED_2023_11,FED,2023-11-01,DOC_4DB1ECF1A397,speech,Speeches,Welcoming Remarks,Welcoming Remarks,2023-11-13,12,data\FED\Speeches\2023-11-13 - Welcoming Remarks - Welcoming Remarks.txt,https://www.federalreserve.gov/newsevents/speech/cook20231113a.htm,speech_after_meeting,0.7
FED_2023_11,FED,2023-11-01,DOC_2E670DD3B606,speech,Speeches,Elevated Economic Uncertainty: Causes and Consequences,Philip N. Jefferson,2023-11-14,13,data\FED\Speeches\2023-11-14 - Philip N. Jefferson - Elevated Economic Uncertainty_ Causes and Consequences.txt,https://www.federalreserve.gov/newsevents/speech/jefferson20231114a.htm,speech_after_meeting,0.7
FED_2023_11,FED,2023-11-01,DOC_48B5D0005ABA,speech,Speeches,"Global Linkages: Supply, Spillovers, and Common Challenges",Lisa D. Cook,2023-11-16,15,"data\FED\Speeches\2023-11-16 - Lisa D. Cook - Global Linkages_ Supply, Spillovers, and Common Challenges.txt",https://www.federalreserve.gov/newsevents/speech/cook20231116a.htm,speech_after_meeting,0.7
FED_2023_11,FED,2023-11-01,DOC_4CAE20116355,speech,Speeches,The 2023 U.S. Treasury Market Conference,Michael S. Barr,2023-11-16,15,data\FED\Speeches\2023-11-16 - Michael S. Barr - The 2023 U.S. Treasury Market Conference.txt,https://www.federalreserve.gov/newsevents/speech/barr20231116a.htm,speech_after_meeting,0.7
FED_2023_11,FED,2023-11-01,DOC_0ACA90105ED6,speech,Speeches,Reflections on the Economy and Monetary Policy,Michelle W. Bowman,2023-11-28,27,data\FED\Speeches\2023-11-28 - Michelle W. Bowman - Reflections on the Economy and Monetary Policy.txt,https://www.federalreserve.gov/newsevents/speech/bowman20231128a.htm,speech_after_meeting,0.7
FED_2023_11,FED,2023-11-01,DOC_9329FBA5E319,speech,Speeches,Serving Indian Country with the Modernized Community Reinvestment Act,Michael S. Barr,2023-11-28,27,data\FED\Speeches\2023-11-28 - Michael S. Barr - Serving Indian Country with the Modernized Community Reinvestment Act.txt,https://www.federalreserve.gov/newsevents/speech/barr20231128a.htm,speech_after_meeting,0.7
FED_2023_11,FED,2023-11-01,DOC_B9566B15032C,speech,Speeches,Something Appears to Be Giving,Something Appears to Be Giving,2023-11-28,27,data\FED\Speeches\2023-11-28 - Something Appears to Be Giving - Something Appears to Be Giving.txt,https://www.federalreserve.gov/newsevents/speech/waller20231128a.htm,speech_after_meeting,0.7
FED_2023_11,FED,2023-11-01,DOC_F8DCB746BE41,speech,Speeches,Opening Remarks,Jerome H. Powell,2023-12-01,30,data\FED\Speeches\2023-12-01 - Jerome H. Powell - Opening Remarks.txt,https://www.federalreserve.gov/newsevents/speech/powell20231201a.htm,speech_after_meeting,0.7
FED_2023_11,FED,2023-11-01,DOC_A5EDA1EE0947,speech,Speeches,The Importance of Effective Liquidity Risk Management,Michael S. Barr,2023-12-01,30,data\FED\Speeches\2023-12-01 - Michael S. Barr - The Importance of Effective Liquidity Risk Management.txt,https://www.federalreserve.gov/newsevents/speech/barr20231201a.htm,speech_after_meeting,0.7
FED_2023_11,FED,2023-11-01,DOC_473B837D2659,speech,Speeches,Building a More Inclusive Financial System through Collaboration and Action,Michelle W. Bowman,2023-12-05,34,data\FED\Speeches\2023-12-05 - Michelle W. Bowman - Building a More Inclusive Financial System through Collaboration and Action.txt,https://www.federalreserve.gov/newsevents/speech/bowman20231205a.htm,speech_after_meeting,0.7
FED_2023_12,FED,2023-12-13,DOC_9BD1567ED4AA,minutes,Minutes,FOMC minutes,,2023-12-13,0,data\FED\Minutes\2023-12-13 - FOMC minutes.txt,https://www.federalreserve.gov/monetarypolicy/files/fomcminutes20231213.pdf,minutes_for_prior_meeting,0.9
FED_2023_12,FED,2023-12-13,DOC_743F335632F6,statement,Monetary Policy,FOMC statement,,2023-12-13,0,data\FED\Monetary Policy\2023-12-13 - FOMC statement.txt,https://www.federalreserve.gov/monetarypolicy/files/monetary20231213a1.pdf,anchor_statement,1.0
FED_2023_12,FED,2023-12-13,DOC_BF24491DDA80,speech,Speeches,New Yearâs Resolutions for Bank Regulatory Policymakers,Michelle W. Bowman,2024-01-08,26,data\FED\Speeches\2024-01-08 - Michelle W. Bowman - New Yearâs Resolutions for Bank Regulatory Policymakers.txt,https://www.federalreserve.gov/newsevents/speech/bowman20240108a.htm,speech_after_meeting,0.7
FED_2023_12,FED,2023-12-13,DOC_3EA5DD09F0B3,speech,Speeches,Almost as Good as It Getsâ¦But Will It Last?,Christopher J. Waller,2024-01-16,34,data\FED\Speeches\2024-01-16 - Christopher J. Waller - Almost as Good as It Getsâ¦But Will It Last_.txt,https://www.federalreserve.gov/newsevents/speech/waller20240116a.htm,speech_after_meeting,0.7
FED_2023_12,FED,2023-12-13,DOC_0D309F65E186,speech,Speeches,Opening Remarks,Opening Remarks,2024-01-17,35,data\FED\Speeches\2024-01-17 - Opening Remarks - Opening Remarks.txt,https://www.federalreserve.gov/newsevents/speech/barr20240117a.htm,speech_after_meeting,0.7
FED_2023_12,FED,2023-12-13,DOC_272F7E206701,speech,Speeches,The Path Forward for Bank Capital Reform,Michelle W. Bowman,2024-01-17,35,data\FED\Speeches\2024-01-17 - Michelle W. Bowman - The Path Forward for Bank Capital Reform.txt,https://www.federalreserve.gov/newsevents/speech/bowman20240117a.htm,speech_after_meeting,0.7
FED_2024_01,FED,2024-01-31,DOC_C498DF431757,minutes,Minutes,FOMC minutes,,2024-01-31,0,data\FED\Minutes\2024-01-31 - FOMC minutes.txt,https://www.federalreserve.gov/monetarypolicy/files/fomcminutes20240131.pdf,minutes_for_prior_meeting,0.9
FED_2024_01,FED,2024-01-31,DOC_E21671C4A927,statement,Monetary Policy,FOMC statement,,2024-01-31,0,data\FED\Monetary Policy\2024-01-31 - FOMC statement.txt,https://www.federalreserve.gov/monetarypolicy/files/monetary20240131a1.pdf,anchor_statement,1.0
FED_2024_01,FED,2024-01-31,DOC_D8CD1AA44E6F,speech,Speeches,The Future of Banking,The Future of Banking,2024-02-02,2,data\FED\Speeches\2024-02-02 - The Future of Banking - The Future of Banking.txt,https://www.federalreserve.gov/newsevents/speech/bowman20240202a.htm,speech_after_meeting,0.7
FED_2024_01,FED,2024-01-31,DOC_2AA38C088165,speech,Speeches,Supporting Entrepreneurship & Small Businesses,Michelle W. Bowman,2024-02-07,7,data\FED\Speeches\2024-02-07 - Michelle W. Bowman - Supporting Entrepreneurship & Small Businesses.txt,https://www.federalreserve.gov/newsevents/speech/bowman20240207a.htm,speech_after_meeting,0.7
FED_2024_01,FED,2024-01-31,DOC_1431EFEA6702,speech,Speeches,The Outlook for the Economy and Monetary Policy,Adriana D. Kugler,2024-02-07,7,data\FED\Speeches\2024-02-07 - Adriana D. Kugler - The Outlook for the Economy and Monetary Policy.txt,https://www.federalreserve.gov/newsevents/speech/kugler20240207a.htm,speech_after_meeting,0.7
FED_2024_01,FED,2024-01-31,DOC_004A1B1E0AB9,speech,Speeches,Defining a Bank,Defining a Bank,2024-02-12,12,data\FED\Speeches\2024-02-12 - Defining a Bank - Defining a Bank.txt,https://www.federalreserve.gov/newsevents/speech/bowman20240212a.htm,speech_after_meeting,0.7
FED_2024_01,FED,2024-01-31,DOC_96E534180AA7,speech,Speeches,"The Intersection of Monetary Policy, Market Functioning, and Liquidity Risk Management",Michael S. Barr,2024-02-14,14,"data\FED\Speeches\2024-02-14 - Michael S. Barr - The Intersection of Monetary Policy, Market Functioning, and Liquidity Risk Management.txt",https://www.federalreserve.gov/newsevents/speech/barr20240214a.htm,speech_after_meeting,0.7
FED_2024_01,FED,2024-01-31,DOC_2312962CE014,speech,Speeches,Advancing Cross-Border Payments and Financial Inclusion,Michelle W. Bowman,2024-02-15,15,data\FED\Speeches\2024-02-15 - Michelle W. Bowman - Advancing Cross-Border Payments and Financial Inclusion.txt,https://www.federalreserve.gov/newsevents/speech/bowman20240215a.htm,speech_after_meeting,0.7
FED_2024_01,FED,2024-01-31,DOC_19D729ED81D6,speech,Speeches,The Dollar's International Role,The Dollar's International Role,2024-02-15,15,data\FED\Speeches\2024-02-15 - The Dollar's International Role - The Dollar's International Role.txt,https://www.federalreserve.gov/newsevents/speech/waller20240215a.htm,speech_after_meeting,0.7
FED_2024_01,FED,2024-01-31,DOC_D1FA525B21CE,speech,Speeches,"Supervision with Speed, Force, and Agility",Review of Silicon Valley Bank,2024-02-16,16,"data\FED\Speeches\2024-02-16 - Review of Silicon Valley Bank - Supervision with Speed, Force, and Agility.txt",https://www.federalreserve.gov/newsevents/speech/barr20240216a.htm,speech_after_meeting,0.7
FED_2024_01,FED,2024-01-31,DOC_BA31CBED9F34,speech,Speeches,Is This Time Different? Recent Monetary Policy Cycles in Retrospect,Philip N. Jefferson,2024-02-22,22,data\FED\Speeches\2024-02-22 - Philip N. Jefferson - Is This Time Different_ Recent Monetary Policy Cycles in Retrospect.txt,https://www.federalreserve.gov/newsevents/speech/jefferson20240222a.htm,speech_after_meeting,0.7
FED_2024_01,FED,2024-01-31,DOC_011C0AABF0D2,speech,Speeches,Sources of Uncertainty in the Short Run and the Long Run,Lisa D. Cook,2024-02-22,22,data\FED\Speeches\2024-02-22 - Lisa D. Cook - Sources of Uncertainty in the Short Run and the Long Run.txt,https://www.federalreserve.gov/newsevents/speech/cook20240222a.htm,speech_after_meeting,0.7
FED_2024_01,FED,2024-01-31,DOC_7D14F0C53FC0,speech,Speeches,Whatâs the Rush?,Christopher J. Waller,2024-02-22,22,data\FED\Speeches\2024-02-22 - Christopher J. Waller - Whatâs the Rush_.txt,https://www.federalreserve.gov/newsevents/speech/waller20240222a.htm,speech_after_meeting,0.7
FED_2024_01,FED,2024-01-31,DOC_CC2B1F539A7F,speech,Speeches,Reflections on the Economy and Bank Regulation,Michelle W. Bowman,2024-02-27,27,data\FED\Speeches\2024-02-27 - Michelle W. Bowman - Reflections on the Economy and Bank Regulation.txt,https://www.federalreserve.gov/newsevents/speech/bowman20240227a.htm,speech_after_meeting,0.7
FED_2024_01,FED,2024-01-31,DOC_658828BF6554,speech,Speeches,The Importance of Counterparty Credit Risk Management,Michael S. Barr,2024-02-27,27,data\FED\Speeches\2024-02-27 - Michael S. Barr - The Importance of Counterparty Credit Risk Management.txt,https://www.federalreserve.gov/newsevents/speech/barr20240227a.htm,speech_after_meeting,0.7
FED_2024_01,FED,2024-01-31,DOC_5902C1616942,speech,Speeches,Disinflation without a Rise in Unemployment? What Is Different This Time Around,Adriana D. Kugler,2024-03-01,30,data\FED\Speeches\2024-03-01 - Adriana D. Kugler - Disinflation without a Rise in Unemployment_ What Is Different This Time Around.txt,https://www.federalreserve.gov/newsevents/speech/kugler20240301a.htm,speech_after_meeting,0.7
FED_2024_01,FED,2024-01-31,DOC_BCDF45624ACE,speech,Speeches,"Thoughts on Quantitative Tightening, Including Remarks on the Paper ""Quantitative Tightening around the Globe: What Have We Learned?""",Christopher J. Waller,2024-03-01,30,"data\FED\Speeches\2024-03-01 - Christopher J. Waller - Thoughts on Quantitative Tightening, Including Remarks on the Paper _Quantitative Tightening around the Globe_ Wh.txt",https://www.federalreserve.gov/newsevents/speech/waller20240301a.htm,speech_after_meeting,0.7
FED_2024_01,FED,2024-01-31,DOC_1827E142A7B6,speech,Speeches,"Tailoring, Fidelity to the Rule of Law, and Unintended Consequences",Michelle W. Bowman,2024-03-05,34,"data\FED\Speeches\2024-03-05 - Michelle W. Bowman - Tailoring, Fidelity to the Rule of Law, and Unintended Consequences.txt",https://www.federalreserve.gov/newsevents/speech/bowman20240305a.htm,speech_after_meeting,0.7
FED_2024_01,FED,2024-01-31,DOC_894304C5D2D6,speech,Speeches,Reflections on the Economy and Bank Regulation,Michelle W. Bowman,2024-03-07,36,data\FED\Speeches\2024-03-07 - Michelle W. Bowman - Reflections on the Economy and Bank Regulation.txt,https://www.federalreserve.gov/newsevents/speech/bowman20240307a.htm,speech_after_meeting,0.7
FED_2024_03,FED,2024-03-20,DOC_7E3F7C5D2046,minutes,Minutes,FOMC minutes,,2024-03-20,0,data\FED\Minutes\2024-03-20 - FOMC minutes.txt,https://www.federalreserve.gov/monetarypolicy/files/fomcminutes20240320.pdf,minutes_for_prior_meeting,0.9
FED_2024_03,FED,2024-03-20,DOC_DB28C3494C07,statement,Monetary Policy,FOMC statement,,2024-03-20,0,data\FED\Monetary Policy\2024-03-20 - FOMC statement.txt,https://www.federalreserve.gov/monetarypolicy/files/monetary20240320a1.pdf,anchor_statement,1.0
FED_2024_03,FED,2024-03-20,DOC_32C6B2F4AF0B,speech,Speeches,The Dual Mandate and the Balance of Risks,Lisa D. Cook,2024-03-25,5,data\FED\Speeches\2024-03-25 - Lisa D. Cook - The Dual Mandate and the Balance of Risks.txt,https://www.federalreserve.gov/newsevents/speech/cook20240325a.htm,speech_after_meeting,0.7
FED_2024_03,FED,2024-03-20,DOC_0ED47AD48D2A,speech,Speeches,Thereâs Still No Rush,Christopher J. Waller,2024-03-27,7,data\FED\Speeches\2024-03-27 - Christopher J. Waller - Thereâs Still No Rush.txt,https://www.federalreserve.gov/newsevents/speech/waller20240327a.htm,speech_after_meeting,0.7
FED_2024_03,FED,2024-03-20,DOC_2B7F67B3B6E8,speech,Speeches,"Hope, Promise, and Mentors",Lisa D. Cook,2024-04-01,12,"data\FED\Speeches\2024-04-01 - Lisa D. Cook - Hope, Promise, and Mentors.txt",https://www.federalreserve.gov/newsevents/speech/cook20240401a.htm,speech_after_meeting,0.7
FED_2024_03,FED,2024-03-20,DOC_DED80882127D,speech,Speeches,"Bank Mergers and Acquisitions, and De Novo Bank Formation: Implications for the Future of the Banking System",Michelle W. Bowman,2024-04-02,13,"data\FED\Speeches\2024-04-02 - Michelle W. Bowman - Bank Mergers and Acquisitions, and De Novo Bank Formation_ Implications for the Future of the Banking System.txt",https://www.federalreserve.gov/newsevents/speech/bowman20240402a.htm,speech_after_meeting,0.7
FED_2024_03,FED,2024-03-20,DOC_94F15D2180A7,speech,Speeches,"Bank Liquidity, Regulation, and the Fed's Role as Lender of Last Resort",Michelle W. Bowman,2024-04-03,14,"data\FED\Speeches\2024-04-03 - Michelle W. Bowman - Bank Liquidity, Regulation, and the Fed's Role as Lender of Last Resort.txt",https://www.federalreserve.gov/newsevents/speech/bowman20240403a.htm,speech_after_meeting,0.7
FED_2024_03,FED,2024-03-20,DOC_2411C0DDA86B,speech,Speeches,Opening Remarks,Jerome H. Powell,2024-04-03,14,data\FED\Speeches\2024-04-03 - Jerome H. Powell - Opening Remarks.txt,https://www.federalreserve.gov/newsevents/speech/powell20240403a.htm,speech_after_meeting,0.7
FED_2024_03,FED,2024-03-20,DOC_0B7F372ACB48,speech,Speeches,The Outlook for the U.S. Economy and Monetary Policy,Adriana D. Kugler,2024-04-03,14,data\FED\Speeches\2024-04-03 - Adriana D. Kugler - The Outlook for the U.S. Economy and Monetary Policy.txt,https://www.federalreserve.gov/newsevents/speech/kugler20240403a.htm,speech_after_meeting,0.7
FED_2024_03,FED,2024-03-20,DOC_9DEEEC9BD2AA,speech,Speeches,Enriching Data and Analysis in Economics with Real Life Experiences,Adriana D. Kugler,2024-04-04,15,data\FED\Speeches\2024-04-04 - Adriana D. Kugler - Enriching Data and Analysis in Economics with Real Life Experiences.txt,https://www.federalreserve.gov/newsevents/speech/kugler20240404a.htm,speech_after_meeting,0.7
FED_2024_03,FED,2024-03-20,DOC_CEDE40B82E91,speech,Speeches,Risks and Uncertainty in Monetary Policy: Current and Past Considerations,Michelle W. Bowman,2024-04-05,16,data\FED\Speeches\2024-04-05 - Michelle W. Bowman - Risks and Uncertainty in Monetary Policy_ Current and Past Considerations.txt,https://www.federalreserve.gov/newsevents/speech/bowman20240405a.htm,speech_after_meeting,0.7
FED_2024_03,FED,2024-03-20,DOC_D2E5C92B3635,speech,Speeches,Economic Uncertainty and the Evolution of Monetary Policymaking,Philip N. Jefferson,2024-04-16,27,data\FED\Speeches\2024-04-16 - Philip N. Jefferson - Economic Uncertainty and the Evolution of Monetary Policymaking.txt,https://www.federalreserve.gov/newsevents/speech/jefferson20240416a.htm,speech_after_meeting,0.7
FED_2024_03,FED,2024-03-20,DOC_2EDA32D5BA16,speech,Speeches,Opening Remarks,Opening Remarks,2024-04-18,29,data\FED\Speeches\2024-04-18 - Opening Remarks - Opening Remarks.txt,https://www.federalreserve.gov/newsevents/speech/bowman20240418a.htm,speech_after_meeting,0.7
FED_2024_05,FED,2024-05-01,DOC_B0D6A58222F8,minutes,Minutes,FOMC minutes,,2024-05-01,0,data\FED\Minutes\2024-05-01 - FOMC minutes.txt,https://www.federalreserve.gov/monetarypolicy/files/fomcminutes20240501.pdf,minutes_for_prior_meeting,0.9
FED_2024_05,FED,2024-05-01,DOC_9188E02FEF08,statement,Monetary Policy,FOMC statement,,2024-05-01,0,data\FED\Monetary Policy\2024-05-01 - FOMC statement.txt,https://www.federalreserve.gov/monetarypolicy/files/monetary20240501a1.pdf,anchor_statement,1.0
FED_2024_05,FED,2024-05-01,DOC_54F26FB8DBDB,speech,Speeches,Brief Remarks on the Economy and Monetary Policy,Michelle W. Bowman,2024-05-03,2,data\FED\Speeches\2024-05-03 - Michelle W. Bowman - Brief Remarks on the Economy and Monetary Policy.txt,https://www.federalreserve.gov/newsevents/speech/bowman20240503a.htm,speech_after_meeting,0.7
FED_2024_05,FED,2024-05-01,DOC_BBF8C82A61FA,speech,Speeches,"""Oh, the Places Youâll Go and the Things Youâll Do""",Lisa D. Cook,2024-05-04,3,"data\FED\Speeches\2024-05-04 - Lisa D. Cook - _Oh, the Places Youâll Go and the Things Youâll Do_.txt",https://www.federalreserve.gov/newsevents/speech/cook20240504a.htm,speech_after_meeting,0.7
FED_2024_05,FED,2024-05-01,DOC_3490E8CBB199,speech,Speeches,Current Assessment of Financial Stability,Current Assessment of Financial Stability,2024-05-08,7,data\FED\Speeches\2024-05-08 - Current Assessment of Financial Stability - Current Assessment of Financial Stability.txt,https://www.federalreserve.gov/newsevents/speech/cook20240508a.htm,speech_after_meeting,0.7
FED_2024_05,FED,2024-05-01,DOC_A7405DEF69BE,speech,Speeches,Commencement Remarks,Commencement Remarks,2024-05-10,9,data\FED\Speeches\2024-05-10 - Commencement Remarks - Commencement Remarks.txt,https://www.federalreserve.gov/newsevents/speech/barr20240510a.htm,speech_after_meeting,0.7
FED_2024_05,FED,2024-05-01,DOC_CD683C9FC52A,speech,Speeches,Financial Stability Risks: Resiliency and the Role of Regulators,Michelle W. Bowman,2024-05-10,9,data\FED\Speeches\2024-05-10 - Michelle W. Bowman - Financial Stability Risks_ Resiliency and the Role of Regulators.txt,https://www.federalreserve.gov/newsevents/speech/bowman20240510a.htm,speech_after_meeting,0.7
FED_2024_05,FED,2024-05-01,DOC_C6E4781FFCEE,speech,Speeches,Communicating about Monetary Policy,Philip N. Jefferson,2024-05-13,12,data\FED\Speeches\2024-05-13 - Philip N. Jefferson - Communicating about Monetary Policy.txt,https://www.federalreserve.gov/newsevents/speech/jefferson20240513a.htm,speech_after_meeting,0.7
FED_2024_05,FED,2024-05-01,DOC_07A3F9934E12,speech,Speeches,Growth and Change at Community Development Financial Institutions,Lisa D. Cook,2024-05-14,13,data\FED\Speeches\2024-05-14 - Lisa D. Cook - Growth and Change at Community Development Financial Institutions.txt,https://www.federalreserve.gov/newsevents/speech/cook20240514a.htm,speech_after_meeting,0.7
FED_2024_05,FED,2024-05-01,DOC_D57B90CCE69E,speech,Speeches,Innovation and the Evolving Financial Landscape,Michelle W. Bowman,2024-05-15,14,data\FED\Speeches\2024-05-15 - Michelle W. Bowman - Innovation and the Evolving Financial Landscape.txt,https://www.federalreserve.gov/newsevents/speech/bowman20240515a.htm,speech_after_meeting,0.7
FED_2024_05,FED,2024-05-01,DOC_329D427B9CF9,speech,Speeches,"Brief Remarks on the Economy, Monetary Policy, and Bank Regulation",Michelle W. Bowman,2024-05-17,16,"data\FED\Speeches\2024-05-17 - Michelle W. Bowman - Brief Remarks on the Economy, Monetary Policy, and Bank Regulation.txt",https://www.federalreserve.gov/newsevents/speech/bowman20240517a.htm,speech_after_meeting,0.7
FED_2024_05,FED,2024-05-01,DOC_D6D65DE9A4C3,speech,Speeches,"Payments Innovation, Technical Standards, and the Federal Reserve's Roles",Christopher J. Waller,2024-05-17,16,"data\FED\Speeches\2024-05-17 - Christopher J. Waller - Payments Innovation, Technical Standards, and the Federal Reserve's Roles.txt",https://www.federalreserve.gov/newsevents/speech/waller20240517a.htm,speech_after_meeting,0.7
FED_2024_05,FED,2024-05-01,DOC_AEF4521413D9,speech,Speeches,"On the Road Ahead, Cherish the Detours",Adriana D. Kugler,2024-05-18,17,"data\FED\Speeches\2024-05-18 - Adriana D. Kugler - On the Road Ahead, Cherish the Detours.txt",https://www.federalreserve.gov/newsevents/speech/kugler20240518a.htm,speech_after_meeting,0.7
FED_2024_05,FED,2024-05-01,DOC_778FF3ACBBDF,speech,Speeches,Georgetown University Law Center Commencement Address,Jerome H. Powell,2024-05-19,18,data\FED\Speeches\2024-05-19 - Jerome H. Powell - Georgetown University Law Center Commencement Address.txt,https://www.federalreserve.gov/newsevents/speech/powell20240519a.htm,speech_after_meeting,0.7
FED_2024_05,FED,2024-05-01,DOC_04F504377147,speech,Speeches,On Building a Resilient Regulatory Framework,Watch Live,2024-05-20,19,data\FED\Speeches\2024-05-20 - Watch Live - On Building a Resilient Regulatory Framework.txt,https://www.federalreserve.gov/newsevents/speech/barr20240520a.htm,speech_after_meeting,0.7
FED_2024_05,FED,2024-05-01,DOC_FB9CC007D065,speech,Speeches,U.S. Economic Outlook and Housing Price Dynamics,Philip N. Jefferson,2024-05-20,19,data\FED\Speeches\2024-05-20 - Philip N. Jefferson - U.S. Economic Outlook and Housing Price Dynamics.txt,https://www.federalreserve.gov/newsevents/speech/jefferson20240520a.htm,speech_after_meeting,0.7
FED_2024_05,FED,2024-05-01,DOC_FB79A6B9DDC8,speech,Speeches,Welcoming Remarks on the International Role of the U.S. Dollar,Christopher J. Waller,2024-05-20,19,data\FED\Speeches\2024-05-20 - Christopher J. Waller - Welcoming Remarks on the International Role of the U.S. Dollar.txt,https://www.federalreserve.gov/newsevents/speech/waller20240520a.htm,speech_after_meeting,0.7
FED_2024_05,FED,2024-05-01,DOC_2C8F3EC40278,speech,Speeches,"Little by Little, Progress Seems to be Resuming.","Little, Progress Seems to be Resuming.",2024-05-21,20,"data\FED\Speeches\2024-05-21 - Little, Progress Seems to be Resuming - Little by Little, Progress Seems to be Resuming.txt",https://www.federalreserve.gov/newsevents/speech/waller20240521a.htm,speech_after_meeting,0.7
FED_2024_05,FED,2024-05-01,DOC_3DC7A212C1C8,speech,Speeches,Some Thoughts on r*: Why Did It Fall and Will It Rise?,Christopher J. Waller,2024-05-24,23,data\FED\Speeches\2024-05-24 - Christopher J. Waller - Some Thoughts on r_ Why Did It Fall and Will It Rise_.txt,https://www.federalreserve.gov/newsevents/speech/waller20240524a.htm,speech_after_meeting,0.7
FED_2024_05,FED,2024-05-01,DOC_7B037A0587FD,speech,Speeches,The Federal Reserve's Balance Sheet as a Monetary Policy Tool: Past Lessons and Future Considerations,Michelle W. Bowman,2024-05-28,27,data\FED\Speeches\2024-05-28 - Michelle W. Bowman - The Federal Reserve's Balance Sheet as a Monetary Policy Tool_ Past Lessons and Future Considerations.txt,https://www.federalreserve.gov/newsevents/speech/bowman20240528a.htm,speech_after_meeting,0.7
FED_2024_05,FED,2024-05-01,DOC_582A06C5DE9A,speech,Speeches,A New Class of Trailblazers,A New Class of Trailblazers,2024-06-07,37,data\FED\Speeches\2024-06-07 - A New Class of Trailblazers - A New Class of Trailblazers.txt,https://www.federalreserve.gov/newsevents/speech/cook20240607a.htm,speech_after_meeting,0.7
FED_2024_06,FED,2024-06-12,DOC_4D8FF1233001,minutes,Minutes,FOMC minutes,,2024-06-12,0,data\FED\Minutes\2024-06-12 - FOMC minutes.txt,https://www.federalreserve.gov/monetarypolicy/files/fomcminutes20240612.pdf,minutes_for_prior_meeting,0.9
FED_2024_06,FED,2024-06-12,DOC_E90F0043310A,statement,Monetary Policy,FOMC statement,,2024-06-12,0,data\FED\Monetary Policy\2024-06-12 - FOMC statement.txt,https://www.federalreserve.gov/monetarypolicy/files/monetary20240612a1.pdf,anchor_statement,1.0
FED_2024_06,FED,2024-06-12,DOC_77F197BBD8B9,speech,Speeches,Lessons from the American Economic Association Summer Program,Lisa D. Cook,2024-06-14,2,data\FED\Speeches\2024-06-14 - Lisa D. Cook - Lessons from the American Economic Association Summer Program.txt,https://www.federalreserve.gov/newsevents/speech/cook20240614a.htm,speech_after_meeting,0.7
FED_2024_06,FED,2024-06-12,DOC_61D6F345CE48,speech,Speeches,A Transformative Experience,A Transformative Experience,2024-06-17,5,data\FED\Speeches\2024-06-17 - A Transformative Experience - A Transformative Experience.txt,https://www.federalreserve.gov/newsevents/speech/cook20240617a.htm,speech_after_meeting,0.7
FED_2024_06,FED,2024-06-12,DOC_A9A278E07317,speech,Speeches,Innovation in the Financial System,Innovation in the Financial System,2024-06-17,5,data\FED\Speeches\2024-06-17 - Innovation in the Financial System - Innovation in the Financial System.txt,https://www.federalreserve.gov/newsevents/speech/bowman20240617a.htm,speech_after_meeting,0.7
FED_2024_06,FED,2024-06-12,DOC_E10EC7DE1C6B,speech,Speeches,Some Reasons for Optimism about Inflation,Adriana D. Kugler,2024-06-18,6,data\FED\Speeches\2024-06-18 - Adriana D. Kugler - Some Reasons for Optimism about Inflation.txt,https://www.federalreserve.gov/newsevents/speech/kugler20240618a.htm,speech_after_meeting,0.7
FED_2024_06,FED,2024-06-12,DOC_7AE14ADBD1E1,speech,Speeches,Welcoming Remarks,Welcoming Remarks,2024-06-24,12,data\FED\Speeches\2024-06-24 - Welcoming Remarks - Welcoming Remarks.txt,https://www.federalreserve.gov/newsevents/speech/waller20240624a.htm,speech_after_meeting,0.7
FED_2024_06,FED,2024-06-12,DOC_5243D0F9AC46,speech,Speeches,Moving Toward Better Balance and Implications for Monetary Policy,Lisa D. Cook,2024-06-25,13,data\FED\Speeches\2024-06-25 - Lisa D. Cook - Moving Toward Better Balance and Implications for Monetary Policy.txt,https://www.federalreserve.gov/newsevents/speech/cook20240625a.htm,speech_after_meeting,0.7
FED_2024_06,FED,2024-06-12,DOC_9DA8D82ADA21,speech,Speeches,Opening Remarks,Opening Remarks,2024-06-25,13,data\FED\Speeches\2024-06-25 - Opening Remarks - Opening Remarks.txt,https://www.federalreserve.gov/newsevents/speech/bowman20240625b.htm,speech_after_meeting,0.7
FED_2024_06,FED,2024-06-12,DOC_3A99D27BB0C6,speech,Speeches,Perspectives on U.S. Monetary Policy and Bank Capital Reform,Michelle W. Bowman,2024-06-25,13,data\FED\Speeches\2024-06-25 - Michelle W. Bowman - Perspectives on U.S. Monetary Policy and Bank Capital Reform.txt,https://www.federalreserve.gov/newsevents/speech/bowman20240625a.htm,speech_after_meeting,0.7
FED_2024_06,FED,2024-06-12,DOC_A4D6E945FF1E,speech,Speeches,The Consequences of Bank Capital Reform,Michelle W. Bowman,2024-06-26,14,data\FED\Speeches\2024-06-26 - Michelle W. Bowman - The Consequences of Bank Capital Reform.txt,https://www.federalreserve.gov/newsevents/speech/bowman20240626a.htm,speech_after_meeting,0.7
FED_2024_06,FED,2024-06-12,DOC_0A410DFA475F,speech,Speeches,"Brief Remarks on the Economy, Monetary Policy, and Bank Regulation",Michelle W. Bowman,2024-06-27,15,"data\FED\Speeches\2024-06-27 - Michelle W. Bowman - Brief Remarks on the Economy, Monetary Policy, and Bank Regulation.txt",https://www.federalreserve.gov/newsevents/speech/bowman20240627a.htm,speech_after_meeting,0.7
FED_2024_06,FED,2024-06-12,DOC_1F8F1D245AD0,speech,Speeches,"Financial Inclusion: Past, Present, and Hopes for the Future",Michael S. Barr,2024-07-09,27,"data\FED\Speeches\2024-07-09 - Michael S. Barr - Financial Inclusion_ Past, Present, and Hopes for the Future.txt",https://www.federalreserve.gov/newsevents/speech/barr20240709a.htm,speech_after_meeting,0.7
FED_2024_06,FED,2024-06-12,DOC_AEE055287570,speech,Speeches,Promoting an Inclusive Financial System,Promoting an Inclusive Financial System,2024-07-09,27,data\FED\Speeches\2024-07-09 - Promoting an Inclusive Financial System - Promoting an Inclusive Financial System.txt,https://www.federalreserve.gov/newsevents/speech/bowman20240709a.htm,speech_after_meeting,0.7
FED_2024_06,FED,2024-06-12,DOC_9C3C5B206071,speech,Speeches,Common Inflation and Monetary Policy Challenges across Countries,Lisa D. Cook,2024-07-10,28,data\FED\Speeches\2024-07-10 - Lisa D. Cook - Common Inflation and Monetary Policy Challenges across Countries.txt,https://www.federalreserve.gov/newsevents/speech/cook20240710a.htm,speech_after_meeting,0.7
FED_2024_06,FED,2024-06-12,DOC_9070B9890859,speech,Speeches,Opening Remarks,Opening Remarks,2024-07-10,28,data\FED\Speeches\2024-07-10 - Opening Remarks - Opening Remarks.txt,https://www.federalreserve.gov/newsevents/speech/bowman20240710a.htm,speech_after_meeting,0.7
FED_2024_06,FED,2024-06-12,DOC_051D7558FD5D,speech,Speeches,The Challenges Facing Economic Measurement and Creative Solutions,Adriana D. Kugler,2024-07-16,34,data\FED\Speeches\2024-07-16 - Adriana D. Kugler - The Challenges Facing Economic Measurement and Creative Solutions.txt,https://www.federalreserve.gov/newsevents/speech/kugler20240716a.htm,speech_after_meeting,0.7
FED_2024_06,FED,2024-06-12,DOC_53EC6AD53A5A,speech,Speeches,Getting Closer,Getting Closer,2024-07-17,35,data\FED\Speeches\2024-07-17 - Getting Closer - Getting Closer.txt,https://www.federalreserve.gov/newsevents/speech/waller20240717a.htm,speech_after_meeting,0.7
FED_2024_06,FED,2024-06-12,DOC_990D878C7528,speech,Speeches,"Liquidity, Supervision, and Regulatory Reform",Michelle W. Bowman,2024-07-18,36,"data\FED\Speeches\2024-07-18 - Michelle W. Bowman - Liquidity, Supervision, and Regulatory Reform.txt",https://www.federalreserve.gov/newsevents/speech/bowman20240718a.htm,speech_after_meeting,0.7
FED_2024_06,FED,2024-06-12,DOC_B365776CCC3A,speech,Speeches,Opening Remarks,Opening Remarks,2024-07-24,42,data\FED\Speeches\2024-07-24 - Opening Remarks - Opening Remarks.txt,https://www.federalreserve.gov/newsevents/speech/bowman20240724a.htm,speech_after_meeting,0.7
FED_2024_07,FED,2024-07-31,DOC_0EBDE7E68795,minutes,Minutes,FOMC minutes,,2024-07-31,0,data\FED\Minutes\2024-07-31 - FOMC minutes.txt,https://www.federalreserve.gov/monetarypolicy/files/fomcminutes20240731.pdf,minutes_for_prior_meeting,0.9
FED_2024_07,FED,2024-07-31,DOC_C7105885CC22,statement,Monetary Policy,FOMC statement,,2024-07-31,0,data\FED\Monetary Policy\2024-07-31 - FOMC statement.txt,https://www.federalreserve.gov/monetarypolicy/files/monetary20240731a1.pdf,anchor_statement,1.0
FED_2024_07,FED,2024-07-31,DOC_80B000C8067D,speech,Speeches,"Update on the Economic Outlook, and Perspective on Bank Culture, M&A, and Liquidity",Michelle W. Bowman,2024-08-10,10,"data\FED\Speeches\2024-08-10 - Michelle W. Bowman - Update on the Economic Outlook, and Perspective on Bank Culture, M&A, and Liquidity.txt",https://www.federalreserve.gov/newsevents/speech/bowman20240810a.htm,speech_after_meeting,0.7
FED_2024_07,FED,2024-07-31,DOC_3BFCF04A3A64,speech,Speeches,Opening Remarks,Opening Remarks,2024-08-19,19,data\FED\Speeches\2024-08-19 - Opening Remarks - Opening Remarks.txt,https://www.federalreserve.gov/newsevents/speech/waller20240819a.htm,speech_after_meeting,0.7
FED_2024_07,FED,2024-07-31,DOC_6403BB919C8F,speech,Speeches,Remarks on the Economic Outlook and Financial Inclusion,Michelle W. Bowman,2024-08-20,20,data\FED\Speeches\2024-08-20 - Michelle W. Bowman - Remarks on the Economic Outlook and Financial Inclusion.txt,https://www.federalreserve.gov/newsevents/speech/bowman20240820a.htm,speech_after_meeting,0.7
FED_2024_07,FED,2024-07-31,DOC_F2DFDD0FC2A2,speech,Speeches,Review and Outlook,Jerome H. Powell,2024-08-23,23,data\FED\Speeches\2024-08-23 - Jerome H. Powell - Review and Outlook.txt,https://www.federalreserve.gov/newsevents/speech/powell20240823a.htm,speech_after_meeting,0.7
FED_2024_07,FED,2024-07-31,DOC_78D5BFCB70D6,speech,Speeches,Interlinking Fast Payment Systems,Interlinking Fast Payment Systems,2024-08-28,28,data\FED\Speeches\2024-08-28 - Interlinking Fast Payment Systems - Interlinking Fast Payment Systems.txt,https://www.federalreserve.gov/newsevents/speech/waller20240828a.htm,speech_after_meeting,0.7
FED_2024_07,FED,2024-07-31,DOC_502E85EB00A2,speech,Speeches,The Time Has Come,The Time Has Come,2024-09-06,37,data\FED\Speeches\2024-09-06 - The Time Has Come - The Time Has Come.txt,https://www.federalreserve.gov/newsevents/speech/waller20240906a.htm,speech_after_meeting,0.7
FED_2024_07,FED,2024-07-31,DOC_C500AF521E82,speech,Speeches,The Future of Stress Testing and the Stress Capital Buffer Framework,Michelle W. Bowman,2024-09-10,41,data\FED\Speeches\2024-09-10 - Michelle W. Bowman - The Future of Stress Testing and the Stress Capital Buffer Framework.txt,https://www.federalreserve.gov/newsevents/speech/bowman20240910a.htm,speech_after_meeting,0.7
FED_2024_07,FED,2024-07-31,DOC_3C01DACBF770,speech,Speeches,The Next Steps on Capital,The Next Steps on Capital,2024-09-10,41,data\FED\Speeches\2024-09-10 - The Next Steps on Capital - The Next Steps on Capital.txt,https://www.federalreserve.gov/newsevents/speech/barr20240910a.htm,speech_after_meeting,0.7
FED_2024_09,FED,2024-09-18,DOC_1A7FA181ABD6,minutes,Minutes,FOMC minutes,,2024-09-18,0,data\FED\Minutes\2024-09-18 - FOMC minutes.txt,https://www.federalreserve.gov/monetarypolicy/files/fomcminutes20240918.pdf,minutes_for_prior_meeting,0.9
FED_2024_09,FED,2024-09-18,DOC_0C106841044E,statement,Monetary Policy,FOMC statement,,2024-09-18,0,data\FED\Monetary Policy\2024-09-18 - FOMC statement.txt,https://www.federalreserve.gov/monetarypolicy/files/monetary20240918a1.pdf,anchor_statement,1.0
FED_2024_09,FED,2024-09-18,DOC_B18A28F47B70,speech,Speeches,Statement by Governor Michelle W. Bowman,Michelle W. Bowman,2024-09-20,2,data\FED\Speeches\2024-09-20 - Michelle W. Bowman - Statement by Governor Michelle W. Bowman.txt,https://www.federalreserve.gov/newsevents/speech/bowman20240920a.htm,speech_after_meeting,0.7
FED_2024_09,FED,2024-09-18,DOC_97A23DC4548B,speech,Speeches,Recent Views on Monetary Policy and the Economic Outlook,Michelle W. Bowman,2024-09-24,6,data\FED\Speeches\2024-09-24 - Michelle W. Bowman - Recent Views on Monetary Policy and the Economic Outlook.txt,https://www.federalreserve.gov/newsevents/speech/bowman20240924a.htm,speech_after_meeting,0.7
FED_2024_09,FED,2024-09-18,DOC_23A5A72691DC,speech,Speeches,How We Got Here: A Perspective on Inflation and the Labor Market,Adriana D. Kugler,2024-09-25,7,data\FED\Speeches\2024-09-25 - Adriana D. Kugler - How We Got Here_ A Perspective on Inflation and the Labor Market.txt,https://www.federalreserve.gov/newsevents/speech/kugler20240925a.htm,speech_after_meeting,0.7
FED_2024_09,FED,2024-09-18,DOC_E3C8E17F54F9,speech,Speeches,Opening Remarks,Jerome H. Powell,2024-09-26,8,data\FED\Speeches\2024-09-26 - Jerome H. Powell - Opening Remarks.txt,https://www.federalreserve.gov/newsevents/speech/powell20240926a.htm,speech_after_meeting,0.7
FED_2024_09,FED,2024-09-18,DOC_5F31BB22FAA0,speech,Speeches,Recent Views on Monetary Policy and the Economic Outlook,Michelle W. Bowman,2024-09-26,8,data\FED\Speeches\2024-09-26 - Michelle W. Bowman - Recent Views on Monetary Policy and the Economic Outlook.txt,https://www.federalreserve.gov/newsevents/speech/bowman20240926a.htm,speech_after_meeting,0.7
FED_2024_09,FED,2024-09-18,DOC_E30BC2BC367F,speech,Speeches,Supporting Market Resilience and Financial Stability,Michael S. Barr,2024-09-26,8,data\FED\Speeches\2024-09-26 - Michael S. Barr - Supporting Market Resilience and Financial Stability.txt,https://www.federalreserve.gov/newsevents/speech/barr20240926a.htm,speech_after_meeting,0.7
FED_2024_09,FED,2024-09-18,DOC_E5C6F260C2E8,speech,Speeches,What Will Artificial Intelligence Mean for Americaâs Workers?,Lisa D. Cook,2024-09-26,8,data\FED\Speeches\2024-09-26 - Lisa D. Cook - What Will Artificial Intelligence Mean for Americaâs Workers_.txt,https://www.federalreserve.gov/newsevents/speech/cook20240926a.htm,speech_after_meeting,0.7
FED_2024_09,FED,2024-09-18,DOC_28980E8F0651,speech,Speeches,Economic Outlook,Jerome H. Powell,2024-09-30,12,data\FED\Speeches\2024-09-30 - Jerome H. Powell - Economic Outlook.txt,https://www.federalreserve.gov/newsevents/speech/powell20240930a.htm,speech_after_meeting,0.7
FED_2024_09,FED,2024-09-18,DOC_AB6553B66D99,speech,Speeches,Recent Views on Monetary Policy and the Economic Outlook,Michelle W. Bowman,2024-09-30,12,data\FED\Speeches\2024-09-30 - Michelle W. Bowman - Recent Views on Monetary Policy and the Economic Outlook.txt,https://www.federalreserve.gov/newsevents/speech/bowman20240930a.htm,speech_after_meeting,0.7
FED_2024_09,FED,2024-09-18,DOC_BD76EE757142,speech,Speeches,"Artificial Intelligence, Big Data, and the Path Ahead for Productivity",Lisa D. Cook,2024-10-01,13,"data\FED\Speeches\2024-10-01 - Lisa D. Cook - Artificial Intelligence, Big Data, and the Path Ahead for Productivity.txt",https://www.federalreserve.gov/newsevents/speech/cook20241001a.htm,speech_after_meeting,0.7
FED_2024_09,FED,2024-09-18,DOC_6447BAF6BBBE,speech,Speeches,Building a Community Banking Framework for the Future,Michelle W. Bowman,2024-10-02,14,data\FED\Speeches\2024-10-02 - Michelle W. Bowman - Building a Community Banking Framework for the Future.txt,https://www.federalreserve.gov/newsevents/speech/bowman20241002a.htm,speech_after_meeting,0.7
FED_2024_09,FED,2024-09-18,DOC_A90F2F9F2969,speech,Speeches,A History of the Fed's Discount Window: 1913â2000,Philip N. Jefferson,2024-10-08,20,data\FED\Speeches\2024-10-08 - Philip N. Jefferson - A History of the Fed's Discount Window_ 1913â2000.txt,https://www.federalreserve.gov/newsevents/speech/jefferson20241008a.htm,speech_after_meeting,0.7
FED_2024_09,FED,2024-09-18,DOC_2EDAC3E1820D,speech,Speeches,The Global Fight Against Inflation,The Global Fight Against Inflation,2024-10-08,20,data\FED\Speeches\2024-10-08 - The Global Fight Against Inflation - The Global Fight Against Inflation.txt,https://www.federalreserve.gov/newsevents/speech/kugler20241008a.htm,speech_after_meeting,0.7
FED_2024_09,FED,2024-09-18,DOC_EB7AEA085E82,speech,Speeches,The Fed's Discount Window: 1990 to the Present,Philip N. Jefferson,2024-10-09,21,data\FED\Speeches\2024-10-09 - Philip N. Jefferson - The Fed's Discount Window_ 1990 to the Present.txt,https://www.federalreserve.gov/newsevents/speech/jefferson20241009a.htm,speech_after_meeting,0.7
FED_2024_09,FED,2024-09-18,DOC_A1B8C6695240,speech,Speeches,"Entrepreneurs, Innovation, and Participation",Lisa D. Cook,2024-10-10,22,"data\FED\Speeches\2024-10-10 - Lisa D. Cook - Entrepreneurs, Innovation, and Participation.txt",https://www.federalreserve.gov/newsevents/speech/cook20241010a.htm,speech_after_meeting,0.7
FED_2024_09,FED,2024-09-18,DOC_59143D1477D6,speech,Speeches,Challenges to the Community Banking Model,Michelle W. Bowman,2024-10-11,23,data\FED\Speeches\2024-10-11 - Michelle W. Bowman - Challenges to the Community Banking Model.txt,https://www.federalreserve.gov/newsevents/speech/bowman20241011a.htm,speech_after_meeting,0.7
FED_2024_09,FED,2024-09-18,DOC_F69F61CFB847,speech,Speeches,Thoughts on the Economy and Policy Rules at the Federal Open Market Committee,Christopher J. Waller,2024-10-14,26,data\FED\Speeches\2024-10-14 - Christopher J. Waller - Thoughts on the Economy and Policy Rules at the Federal Open Market Committee.txt,https://www.federalreserve.gov/newsevents/speech/waller20241014a.htm,speech_after_meeting,0.7
FED_2024_09,FED,2024-09-18,DOC_75BD3FF01AE4,speech,Speeches,Centralized and Decentralized Finance: Substitutes or Complements?,Christopher J. Waller,2024-10-18,30,data\FED\Speeches\2024-10-18 - Christopher J. Waller - Centralized and Decentralized Finance_ Substitutes or Complements_.txt,https://www.federalreserve.gov/newsevents/speech/waller20241018a.htm,speech_after_meeting,0.7
FED_2024_09,FED,2024-09-18,DOC_9A5B8A80A676,speech,Speeches,Opening Remarks,Opening Remarks,2024-10-23,35,data\FED\Speeches\2024-10-23 - Opening Remarks - Opening Remarks.txt,https://www.federalreserve.gov/newsevents/speech/bowman20241023a.htm,speech_after_meeting,0.7
FED_2024_11,FED,2024-11-07,DOC_07D48266F3B7,minutes,Minutes,FOMC minutes,,2024-11-07,0,data\FED\Minutes\2024-11-07 - FOMC minutes.txt,https://www.federalreserve.gov/monetarypolicy/files/fomcminutes20241107.pdf,minutes_for_prior_meeting,0.9
FED_2024_11,FED,2024-11-07,DOC_59B1C262576E,statement,Monetary Policy,FOMC statement,,2024-11-07,0,data\FED\Monetary Policy\2024-11-07 - FOMC statement.txt,https://www.federalreserve.gov/monetarypolicy/files/monetary20241107a1.pdf,anchor_statement,1.0
FED_2024_11,FED,2024-11-07,DOC_8F02A5697B31,speech,Speeches,What Roles Should the Private Sector and the Federal Reserve Play in Payments?,Christopher J. Waller,2024-11-12,5,data\FED\Speeches\2024-11-12 - Christopher J. Waller - What Roles Should the Private Sector and the Federal Reserve Play in Payments_.txt,https://www.federalreserve.gov/newsevents/speech/waller20241112a.htm,speech_after_meeting,0.7
FED_2024_11,FED,2024-11-07,DOC_80B0459E2CBD,speech,Speeches,Central Bank Independence and the Conduct of Monetary Policy,Adriana D. Kugler,2024-11-14,7,data\FED\Speeches\2024-11-14 - Adriana D. Kugler - Central Bank Independence and the Conduct of Monetary Policy.txt,https://www.federalreserve.gov/newsevents/speech/kugler20241114a.htm,speech_after_meeting,0.7
FED_2024_11,FED,2024-11-07,DOC_9193F359FE69,speech,Speeches,Economic Outlook,Jerome H. Powell,2024-11-14,7,data\FED\Speeches\2024-11-14 - Jerome H. Powell - Economic Outlook.txt,https://www.federalreserve.gov/newsevents/speech/powell20241114a.htm,speech_after_meeting,0.7
FED_2024_11,FED,2024-11-07,DOC_51B0C8869F11,speech,Speeches,Approaching Policymaking Pragmatically,Approaching Policymaking Pragmatically,2024-11-20,13,data\FED\Speeches\2024-11-20 - Approaching Policymaking Pragmatically - Approaching Policymaking Pragmatically.txt,https://www.federalreserve.gov/newsevents/speech/bowman20241120a.htm,speech_after_meeting,0.7
FED_2024_11,FED,2024-11-07,DOC_E6F8351B6DB8,speech,Speeches,Economic Outlook,Economic Outlook,2024-11-20,13,data\FED\Speeches\2024-11-20 - Economic Outlook - Economic Outlook.txt,https://www.federalreserve.gov/newsevents/speech/cook20241120a.htm,speech_after_meeting,0.7
FED_2024_11,FED,2024-11-07,DOC_FF5A0B0D3397,speech,Speeches,Artificial Intelligence in the Financial System,Michelle W. Bowman,2024-11-22,15,data\FED\Speeches\2024-11-22 - Michelle W. Bowman - Artificial Intelligence in the Financial System.txt,https://www.federalreserve.gov/newsevents/speech/bowman20241122a.htm,speech_after_meeting,0.7
FED_2024_11,FED,2024-11-07,DOC_D5D33E202C2E,speech,Speeches,Cut or Skip?,Christopher J. Waller,2024-12-02,25,data\FED\Speeches\2024-12-02 - Christopher J. Waller - Cut or Skip_.txt,https://www.federalreserve.gov/newsevents/speech/waller20241202a.htm,speech_after_meeting,0.7
FED_2024_11,FED,2024-11-07,DOC_65B2C1049F84,speech,Speeches,A Year in Review: A Tale of Two Supply Shocks,Adriana D. Kugler,2024-12-03,26,data\FED\Speeches\2024-12-03 - Adriana D. Kugler - A Year in Review_ A Tale of Two Supply Shocks.txt,https://www.federalreserve.gov/newsevents/speech/kugler20241203a.htm,speech_after_meeting,0.7
FED_2024_12,FED,2024-12-18,DOC_67806B4C35BE,minutes,Minutes,FOMC minutes,,2024-12-18,0,data\FED\Minutes\2024-12-18 - FOMC minutes.txt,https://www.federalreserve.gov/monetarypolicy/files/fomcminutes20241218.pdf,minutes_for_prior_meeting,0.9
FED_2024_12,FED,2024-12-18,DOC_86EB3874CE5B,statement,Monetary Policy,FOMC statement,,2024-12-18,0,data\FED\Monetary Policy\2024-12-18 - FOMC statement.txt,https://www.federalreserve.gov/monetarypolicy/files/monetary20241218a1.pdf,anchor_statement,1.0
FED_2024_12,FED,2024-12-18,DOC_61EB29C49492,speech,Speeches,An Assessment of the Economy and Financial Stability,Lisa D. Cook,2025-01-06,19,data\FED\Speeches\2025-01-06 - Lisa D. Cook - An Assessment of the Economy and Financial Stability.txt,https://www.federalreserve.gov/newsevents/speech/cook20250106a.htm,speech_after_meeting,0.7
FED_2024_12,FED,2024-12-18,DOC_3FDCB3342381,speech,Speeches,Challenges Facing Central Bankers,Challenges Facing Central Bankers,2025-01-08,21,data\FED\Speeches\2025-01-08 - Challenges Facing Central Bankers - Challenges Facing Central Bankers.txt,https://www.federalreserve.gov/newsevents/speech/waller20250108a.htm,speech_after_meeting,0.7
FED_2024_12,FED,2024-12-18,DOC_A8808345A2DB,speech,Speeches,"Reflections on 2024: Monetary Policy, Economic Performance, and Lessons for Banking Regulation",Michelle W. Bowman,2025-01-09,22,"data\FED\Speeches\2025-01-09 - Michelle W. Bowman - Reflections on 2024_ Monetary Policy, Economic Performance, and Lessons for Banking Regulation.txt",https://www.federalreserve.gov/newsevents/speech/bowman20250109a.htm,speech_after_meeting,0.7
FED_2025_01,FED,2025-01-29,DOC_64E53EA0D226,minutes,Minutes,FOMC minutes,,2025-01-29,0,data\FED\Minutes\2025-01-29 - FOMC minutes.txt,https://www.federalreserve.gov/monetarypolicy/files/fomcminutes20250129.pdf,minutes_for_prior_meeting,0.9
FED_2025_01,FED,2025-01-29,DOC_DE851CC96915,statement,Monetary Policy,FOMC statement,,2025-01-29,0,data\FED\Monetary Policy\2025-01-29 - FOMC statement.txt,https://www.federalreserve.gov/monetarypolicy/files/monetary20250129a1.pdf,anchor_statement,1.0
FED_2025_01,FED,2025-01-29,DOC_F36CDA51C239,speech,Speeches,"Brief Remarks on the Economy, and Perspective on Mutual and Community Banks",Michelle W. Bowman,2025-01-31,2,"data\FED\Speeches\2025-01-31 - Michelle W. Bowman - Brief Remarks on the Economy, and Perspective on Mutual and Community Banks.txt",https://www.federalreserve.gov/newsevents/speech/bowman20250131a.htm,speech_after_meeting,0.7
FED_2025_01,FED,2025-01-29,DOC_633EE3BADFC4,speech,Speeches,U.S. Economic Outlook and Monetary Policy,Philip N. Jefferson,2025-02-04,6,data\FED\Speeches\2025-02-04 - Philip N. Jefferson - U.S. Economic Outlook and Monetary Policy.txt,https://www.federalreserve.gov/newsevents/speech/jefferson20250204a.htm,speech_after_meeting,0.7
FED_2025_01,FED,2025-01-29,DOC_72744245E2F3,speech,Speeches,Bank Regulation in 2025 and Beyond,Michelle W. Bowman,2025-02-05,7,data\FED\Speeches\2025-02-05 - Michelle W. Bowman - Bank Regulation in 2025 and Beyond.txt,https://www.federalreserve.gov/newsevents/speech/bowman20250205a.htm,speech_after_meeting,0.7
FED_2025_01,FED,2025-01-29,DOC_596F502D42E8,speech,Speeches,Do Non-inflationary Economic Expansions Promote Shared Prosperity? Evidence from the U.S. Labor Market,Philip N. Jefferson,2025-02-05,7,data\FED\Speeches\2025-02-05 - Philip N. Jefferson - Do Non-inflationary Economic Expansions Promote Shared Prosperity_ Evidence from the U.S. Labor Market.txt,https://www.federalreserve.gov/newsevents/speech/jefferson20250205a.htm,speech_after_meeting,0.7
FED_2025_01,FED,2025-01-29,DOC_F6036BB99853,speech,Speeches,Entrepreneurship and Aggregate Productivity,Entrepreneurship and Aggregate Productivity,2025-02-07,9,data\FED\Speeches\2025-02-07 - Entrepreneurship and Aggregate Productivity - Entrepreneurship and Aggregate Productivity.txt,https://www.federalreserve.gov/newsevents/speech/kugler20250207a.htm,speech_after_meeting,0.7
FED_2025_01,FED,2025-01-29,DOC_BAC57D65C0A0,speech,Speeches,Reflections on a Maturing Stablecoin Market,Christopher J. Waller,2025-02-12,14,data\FED\Speeches\2025-02-12 - Christopher J. Waller - Reflections on a Maturing Stablecoin Market.txt,https://www.federalreserve.gov/newsevents/speech/waller20250212a.htm,speech_after_meeting,0.7
FED_2025_01,FED,2025-01-29,DOC_ECBF8892F3ED,speech,Speeches,"Brief Remarks on the Economy and Accountability in Supervision, Applications, and Regulation",Michelle W. Bowman,2025-02-17,19,"data\FED\Speeches\2025-02-17 - Michelle W. Bowman - Brief Remarks on the Economy and Accountability in Supervision, Applications, and Regulation.txt",https://www.federalreserve.gov/newsevents/speech/bowman20250217a.htm,speech_after_meeting,0.7
FED_2025_01,FED,2025-01-29,DOC_96836BA8313D,speech,Speeches,Disinflation Progress Uneven but Still on Track Rates Cuts on Track as Well,Christopher J. Waller,2025-02-17,19,data\FED\Speeches\2025-02-17 - Christopher J. Waller - Disinflation Progress Uneven but Still on Track Rates Cuts on Track as Well.txt,https://www.federalreserve.gov/newsevents/speech/waller20250217a.htm,speech_after_meeting,0.7
FED_2025_01,FED,2025-01-29,DOC_DC88F49D2B09,speech,Speeches,Artificial Intelligence: Hypothetical Scenarios for the Future,Michael S. Barr,2025-02-18,20,data\FED\Speeches\2025-02-18 - Michael S. Barr - Artificial Intelligence_ Hypothetical Scenarios for the Future.txt,https://www.federalreserve.gov/newsevents/speech/barr20250218a.htm,speech_after_meeting,0.7
FED_2025_01,FED,2025-01-29,DOC_09EF657FE56C,speech,Speeches,How Healthy are U.S. Householdsâ Balance Sheets?,Philip N. Jefferson,2025-02-19,21,data\FED\Speeches\2025-02-19 - Philip N. Jefferson - How Healthy are U.S. Householdsâ Balance Sheets_.txt,https://www.federalreserve.gov/newsevents/speech/jefferson20250219a.htm,speech_after_meeting,0.7
FED_2025_01,FED,2025-01-29,DOC_7918BE229D7E,speech,Speeches,Navigating Inflation Waves: A Phillips Curve Perspective,Adriana D. Kugler,2025-02-20,22,data\FED\Speeches\2025-02-20 - Adriana D. Kugler - Navigating Inflation Waves_ A Phillips Curve Perspective.txt,https://www.federalreserve.gov/newsevents/speech/kugler20250220a.htm,speech_after_meeting,0.7
FED_2025_01,FED,2025-01-29,DOC_241F00188C16,speech,Speeches,Risks and Challenges for Bank Regulation and Supervision,Michael S. Barr,2025-02-20,22,data\FED\Speeches\2025-02-20 - Michael S. Barr - Risks and Challenges for Bank Regulation and Supervision.txt,https://www.federalreserve.gov/newsevents/speech/barr20250220a.htm,speech_after_meeting,0.7
FED_2025_01,FED,2025-01-29,DOC_6185D97CE1CF,speech,Speeches,Reading between the Lines? Textual Analysis of Central Bank Communications,Philip N. Jefferson,2025-02-21,23,data\FED\Speeches\2025-02-21 - Philip N. Jefferson - Reading between the Lines_ Textual Analysis of Central Bank Communications.txt,https://www.federalreserve.gov/newsevents/speech/jefferson20250221a.htm,speech_after_meeting,0.7
FED_2025_01,FED,2025-01-29,DOC_B1760EF0AB9B,speech,Speeches,Managing Financial Crises,Managing Financial Crises,2025-02-25,27,data\FED\Speeches\2025-02-25 - Managing Financial Crises - Managing Financial Crises.txt,https://www.federalreserve.gov/newsevents/speech/barr20250225a.htm,speech_after_meeting,0.7
FED_2025_01,FED,2025-01-29,DOC_C519D3E9CB8F,speech,Speeches,Community Banking,Community Banking,2025-02-27,29,data\FED\Speeches\2025-02-27 - Community Banking - Community Banking.txt,https://www.federalreserve.gov/newsevents/speech/bowman20250227a.htm,speech_after_meeting,0.7
FED_2025_01,FED,2025-01-29,DOC_7E93015AF031,speech,Speeches,Promoting Responsible Innovation through the Novel Activities Program,Michael S. Barr,2025-02-27,29,data\FED\Speeches\2025-02-27 - Michael S. Barr - Promoting Responsible Innovation through the Novel Activities Program.txt,https://www.federalreserve.gov/newsevents/speech/barr20250227a.htm,speech_after_meeting,0.7
FED_2025_01,FED,2025-01-29,DOC_AE6506DA8C34,speech,Speeches,Economic Outlook,Jerome H. Powell,2025-03-07,37,data\FED\Speeches\2025-03-07 - Jerome H. Powell - Economic Outlook.txt,https://www.federalreserve.gov/newsevents/speech/powell20250307a.htm,speech_after_meeting,0.7
FED_2025_01,FED,2025-01-29,DOC_09F4C12700F8,speech,Speeches,"Remarks on ""Monetary Policy Transmission to Real Activity"" and the Recent Experience",Michelle W. Bowman,2025-03-07,37,data\FED\Speeches\2025-03-07 - Michelle W. Bowman - Remarks on _Monetary Policy Transmission to Real Activity_ and the Recent Experience.txt,https://www.federalreserve.gov/newsevents/speech/bowman20250307a.htm,speech_after_meeting,0.7
FED_2025_01,FED,2025-01-29,DOC_5FCC4DD73B8A,speech,Speeches,The Rebalancing of Labor Markets across the World,Adriana D. Kugler,2025-03-07,37,data\FED\Speeches\2025-03-07 - Adriana D. Kugler - The Rebalancing of Labor Markets across the World.txt,https://www.federalreserve.gov/newsevents/speech/kugler20250307a.htm,speech_after_meeting,0.7
FED_2025_03,FED,2025-03-19,DOC_25779C9F78FD,minutes,Minutes,FOMC minutes,,2025-03-19,0,data\FED\Minutes\2025-03-19 - FOMC minutes.txt,https://www.federalreserve.gov/monetarypolicy/files/fomcminutes20250319.pdf,minutes_for_prior_meeting,0.9
FED_2025_03,FED,2025-03-19,DOC_B6AE96406438,statement,Monetary Policy,FOMC statement,,2025-03-19,0,data\FED\Monetary Policy\2025-03-19 - FOMC statement.txt,https://www.federalreserve.gov/monetarypolicy/files/monetary20250319a1.pdf,anchor_statement,1.0
FED_2025_03,FED,2025-03-19,DOC_82E91E742D87,speech,Speeches,Statement by Governor Christopher J. Waller,Christopher J. Waller,2025-03-21,2,data\FED\Speeches\2025-03-21 - Christopher J. Waller - Statement by Governor Christopher J. Waller.txt,https://www.federalreserve.gov/newsevents/speech/waller20250321a.htm,speech_after_meeting,0.7
FED_2025_03,FED,2025-03-19,DOC_C0860A46537A,speech,Speeches,Helping Small Businesses Reach Their Potential,Michael S. Barr,2025-03-24,5,data\FED\Speeches\2025-03-24 - Michael S. Barr - Helping Small Businesses Reach Their Potential.txt,https://www.federalreserve.gov/newsevents/speech/barr20250324a.htm,speech_after_meeting,0.7
FED_2025_03,FED,2025-03-19,DOC_9EA9924DDAEF,speech,Speeches,"Latinos, Entrepreneurs, and the U.S. Economy",Adriana D. Kugler,2025-03-25,6,"data\FED\Speeches\2025-03-25 - Adriana D. Kugler - Latinos, Entrepreneurs, and the U.S. Economy.txt",https://www.federalreserve.gov/newsevents/speech/kugler20250325a.htm,speech_after_meeting,0.7
FED_2025_03,FED,2025-03-19,DOC_3CDBA627F18F,speech,Speeches,Inflation Expectations and Monetary Policymaking,Inflation Expectations and Monetary Policymaking,2025-04-02,14,data\FED\Speeches\2025-04-02 - Inflation Expectations and Monetary Policymaking - Inflation Expectations and Monetary Policymaking.txt,https://www.federalreserve.gov/newsevents/speech/kugler20250402a.htm,speech_after_meeting,0.7
FED_2025_03,FED,2025-03-19,DOC_B5A65767993B,speech,Speeches,The Economic Outlook and Path of Policy,Lisa D. Cook,2025-04-03,15,data\FED\Speeches\2025-04-03 - Lisa D. Cook - The Economic Outlook and Path of Policy.txt,https://www.federalreserve.gov/newsevents/speech/cook20250403a.htm,speech_after_meeting,0.7
FED_2025_03,FED,2025-03-19,DOC_18D173CC2EEB,speech,Speeches,U.S. Economic Outlook and Central Bank Communications,Philip N. Jefferson,2025-04-03,15,data\FED\Speeches\2025-04-03 - Philip N. Jefferson - U.S. Economic Outlook and Central Bank Communications.txt,https://www.federalreserve.gov/newsevents/speech/jefferson20250403a.htm,speech_after_meeting,0.7
FED_2025_03,FED,2025-03-19,DOC_E251637757F5,speech,Speeches,"AI, Fintechs, and Banks",Michael S. Barr,2025-04-04,16,"data\FED\Speeches\2025-04-04 - Michael S. Barr - AI, Fintechs, and Banks.txt",https://www.federalreserve.gov/newsevents/speech/barr20250404a.htm,speech_after_meeting,0.7
FED_2025_03,FED,2025-03-19,DOC_9691E83FDD8C,speech,Speeches,Economic Outlook,Jerome H. Powell,2025-04-04,16,data\FED\Speeches\2025-04-04 - Jerome H. Powell - Economic Outlook.txt,https://www.federalreserve.gov/newsevents/speech/powell20250404a.htm,speech_after_meeting,0.7
FED_2025_03,FED,2025-03-19,DOC_B697A0402D6E,speech,Speeches,Inflation Dynamics and the Phillips Curve,Adriana D. Kugler,2025-04-07,19,data\FED\Speeches\2025-04-07 - Adriana D. Kugler - Inflation Dynamics and the Phillips Curve.txt,https://www.federalreserve.gov/newsevents/speech/kugler20250407a.htm,speech_after_meeting,0.7
FED_2025_03,FED,2025-03-19,DOC_DA3BA011B550,speech,Speeches,A Tale of Two Outlooks,A Tale of Two Outlooks,2025-04-14,26,data\FED\Speeches\2025-04-14 - A Tale of Two Outlooks - A Tale of Two Outlooks.txt,https://www.federalreserve.gov/newsevents/speech/waller20250414a.htm,speech_after_meeting,0.7
FED_2025_03,FED,2025-03-19,DOC_66E4746ED9FE,speech,Speeches,2025 Distinguished Alumna Award Acceptance Remarks,Lisa D. Cook,2025-04-15,27,data\FED\Speeches\2025-04-15 - Lisa D. Cook - 2025 Distinguished Alumna Award Acceptance Remarks.txt,https://www.federalreserve.gov/newsevents/speech/cook20250415a.htm,speech_after_meeting,0.7
FED_2025_03,FED,2025-03-19,DOC_8EEC58439500,speech,Speeches,Economic Outlook,Jerome H. Powell,2025-04-16,28,data\FED\Speeches\2025-04-16 - Jerome H. Powell - Economic Outlook.txt,https://www.federalreserve.gov/newsevents/speech/powell20250416a.htm,speech_after_meeting,0.7
FED_2025_03,FED,2025-03-19,DOC_B188CCD889EA,speech,Speeches,Deepfakes and the AI Arms Race in Bank Cybersecurity,Michael S. Barr,2025-04-17,29,data\FED\Speeches\2025-04-17 - Michael S. Barr - Deepfakes and the AI Arms Race in Bank Cybersecurity.txt,https://www.federalreserve.gov/newsevents/speech/barr20250417a.htm,speech_after_meeting,0.7
FED_2025_03,FED,2025-03-19,DOC_54E3A3DF8F52,speech,Speeches,Economic Mobility and the Dual Mandate,Philip N. Jefferson,2025-04-22,34,data\FED\Speeches\2025-04-22 - Philip N. Jefferson - Economic Mobility and the Dual Mandate.txt,https://www.federalreserve.gov/newsevents/speech/jefferson20250422a.htm,speech_after_meeting,0.7
FED_2025_03,FED,2025-03-19,DOC_36CFE0F8138B,speech,Speeches,Transmission of Monetary Policy,Transmission of Monetary Policy,2025-04-22,34,data\FED\Speeches\2025-04-22 - Transmission of Monetary Policy - Transmission of Monetary Policy.txt,https://www.federalreserve.gov/newsevents/speech/kugler20250422a.htm,speech_after_meeting,0.7
FED_2025_03,FED,2025-03-19,DOC_B34E93849BD6,speech,Speeches,Welcoming Remarks,Welcoming Remarks,2025-04-23,35,data\FED\Speeches\2025-04-23 - Welcoming Remarks - Welcoming Remarks.txt,https://www.federalreserve.gov/newsevents/speech/waller20250423a.htm,speech_after_meeting,0.7
FED_2025_03,FED,2025-03-19,DOC_A4248C684F07,speech,Speeches,Four Guides for the Journey Ahead,Lisa D. Cook,2025-05-03,45,data\FED\Speeches\2025-05-03 - Lisa D. Cook - Four Guides for the Journey Ahead.txt,https://www.federalreserve.gov/newsevents/speech/cook20250503a.htm,speech_after_meeting,0.7
FED_2025_05,FED,2025-05-07,DOC_6D55A5AC940F,minutes,Minutes,FOMC minutes,,2025-05-07,0,data\FED\Minutes\2025-05-07 - FOMC minutes.txt,https://www.federalreserve.gov/monetarypolicy/files/fomcminutes20250507.pdf,minutes_for_prior_meeting,0.9
FED_2025_05,FED,2025-05-07,DOC_46531E694893,statement,Monetary Policy,FOMC statement,,2025-05-07,0,data\FED\Monetary Policy\2025-05-07 - FOMC statement.txt,https://www.federalreserve.gov/monetarypolicy/files/monetary20250507a1.pdf,anchor_statement,1.0
FED_2025_05,FED,2025-05-07,DOC_4D7A52A0DBE8,speech,Speeches,Artificial Intelligence and the Labor Market: A Scenario-Based Approach,Michael S. Barr,2025-05-09,2,data\FED\Speeches\2025-05-09 - Michael S. Barr - Artificial Intelligence and the Labor Market_ A Scenario-Based Approach.txt,https://www.federalreserve.gov/newsevents/speech/barr20250509a.htm,speech_after_meeting,0.7
FED_2025_05,FED,2025-05-07,DOC_45EE57B13D29,speech,Speeches,Assessing Maximum Employment,Assessing Maximum Employment,2025-05-09,2,data\FED\Speeches\2025-05-09 - Assessing Maximum Employment - Assessing Maximum Employment.txt,https://www.federalreserve.gov/newsevents/speech/kugler20250509a.htm,speech_after_meeting,0.7
FED_2025_05,FED,2025-05-07,DOC_BF16EE476921,speech,Speeches,Opening Remarks on Productivity Dynamics,Opening Remarks on Productivity Dynamics,2025-05-09,2,data\FED\Speeches\2025-05-09 - Opening Remarks on Productivity Dynamics - Opening Remarks on Productivity Dynamics.txt,https://www.federalreserve.gov/newsevents/speech/cook20250509a.htm,speech_after_meeting,0.7
FED_2025_05,FED,2025-05-07,DOC_32324173AB65,speech,Speeches,"Thank You, John",Christopher J. Waller,2025-05-09,2,"data\FED\Speeches\2025-05-09 - Christopher J. Waller - Thank You, John.txt",https://www.federalreserve.gov/newsevents/speech/waller20250509a.htm,speech_after_meeting,0.7
FED_2025_05,FED,2025-05-07,DOC_D7012616B6C0,speech,Speeches,Economic Outlook,Economic Outlook,2025-05-12,5,data\FED\Speeches\2025-05-12 - Economic Outlook - Economic Outlook.txt,https://www.federalreserve.gov/newsevents/speech/kugler20250512a.htm,speech_after_meeting,0.7
FED_2025_05,FED,2025-05-07,DOC_8C8C9198E0DB,speech,Speeches,Economic Outlook,Philip N. Jefferson,2025-05-14,7,data\FED\Speeches\2025-05-14 - Philip N. Jefferson - Economic Outlook.txt,https://www.federalreserve.gov/newsevents/speech/jefferson20250514a.htm,speech_after_meeting,0.7
FED_2025_05,FED,2025-05-07,DOC_30051E8E98CA,speech,Speeches,The Role of Economic Research in Central Banking,Christopher J. Waller,2025-05-14,7,data\FED\Speeches\2025-05-14 - Christopher J. Waller - The Role of Economic Research in Central Banking.txt,https://www.federalreserve.gov/newsevents/speech/waller20250514a.htm,speech_after_meeting,0.7
FED_2025_05,FED,2025-05-07,DOC_375034EB4A13,speech,Speeches,Opening Remarks,Opening Remarks,2025-05-15,8,data\FED\Speeches\2025-05-15 - Opening Remarks - Opening Remarks.txt,https://www.federalreserve.gov/newsevents/speech/barr20250515a.htm,speech_after_meeting,0.7
FED_2025_05,FED,2025-05-07,DOC_EA4E152AA4D9,speech,Speeches,Liquidity Facilities: Purposes and Functions,Philip N. Jefferson,2025-05-19,12,data\FED\Speeches\2025-05-19 - Philip N. Jefferson - Liquidity Facilities_ Purposes and Functions.txt,https://www.federalreserve.gov/newsevents/speech/jefferson20250519a.htm,speech_after_meeting,0.7
FED_2025_05,FED,2025-05-07,DOC_FCFF62A0FD6F,speech,Speeches,Commencement Remarks,Commencement Remarks,2025-05-20,13,data\FED\Speeches\2025-05-20 - Commencement Remarks - Commencement Remarks.txt,https://www.federalreserve.gov/newsevents/speech/kugler20250520a.htm,speech_after_meeting,0.7
FED_2025_05,FED,2025-05-07,DOC_27316DE6F12F,speech,Speeches,A View on Financial Stability,A View on Financial Stability,2025-05-23,16,data\FED\Speeches\2025-05-23 - A View on Financial Stability - A View on Financial Stability.txt,https://www.federalreserve.gov/newsevents/speech/cook20250523a.htm,speech_after_meeting,0.7
FED_2025_05,FED,2025-05-07,DOC_F4855C4DD12F,speech,Speeches,Baccalaureate Remarks,Jerome H. Powell,2025-05-25,18,data\FED\Speeches\2025-05-25 - Jerome H. Powell - Baccalaureate Remarks.txt,https://www.federalreserve.gov/newsevents/speech/powell20250525a.htm,speech_after_meeting,0.7
FED_2025_05,FED,2025-05-07,DOC_46EBEC1AC13F,speech,Speeches,Opening Remarks,Opening Remarks,2025-05-29,22,data\FED\Speeches\2025-05-29 - Opening Remarks - Opening Remarks.txt,https://www.federalreserve.gov/newsevents/speech/kugler20250529a.htm,speech_after_meeting,0.7
FED_2025_05,FED,2025-05-07,DOC_B73362F9427F,speech,Speeches,"The Effects of Tariffs on the Three Iâs: Inflation, Inflation Persistence, and Inflation Expectations",Christopher J. Waller,2025-06-01,25,"data\FED\Speeches\2025-06-01 - Christopher J. Waller - The Effects of Tariffs on the Three Iâs_ Inflation, Inflation Persistence, and Inflation Expectations.txt",https://www.federalreserve.gov/newsevents/speech/waller20250601a.htm,speech_after_meeting,0.7
FED_2025_05,FED,2025-05-07,DOC_D4034FCF52C1,speech,Speeches,Opening Remarks,Jerome H. Powell,2025-06-02,26,data\FED\Speeches\2025-06-02 - Jerome H. Powell - Opening Remarks.txt,https://www.federalreserve.gov/newsevents/speech/powell20250602a.htm,speech_after_meeting,0.7
FED_2025_05,FED,2025-05-07,DOC_F30041EB7E0D,speech,Speeches,Economic Outlook,Economic Outlook,2025-06-03,27,data\FED\Speeches\2025-06-03 - Economic Outlook - Economic Outlook.txt,https://www.federalreserve.gov/newsevents/speech/cook20250603a.htm,speech_after_meeting,0.7
FED_2025_05,FED,2025-05-07,DOC_99553F9575EE,speech,Speeches,Welcoming Remarks,Welcoming Remarks,2025-06-04,28,data\FED\Speeches\2025-06-04 - Welcoming Remarks - Welcoming Remarks.txt,https://www.federalreserve.gov/newsevents/speech/cook20250604a.htm,speech_after_meeting,0.7
FED_2025_05,FED,2025-05-07,DOC_635B547DC7F9,speech,Speeches,The Economic Outlook and Appropriate Monetary Policy,Adriana D. Kugler,2025-06-05,29,data\FED\Speeches\2025-06-05 - Adriana D. Kugler - The Economic Outlook and Appropriate Monetary Policy.txt,https://www.federalreserve.gov/newsevents/speech/kugler20250605a.htm,speech_after_meeting,0.7
FED_2025_05,FED,2025-05-07,DOC_BE72629825FD,speech,Speeches,Taking a Fresh Look at Supervision and Regulation,Watch Live,2025-06-06,30,data\FED\Speeches\2025-06-06 - Watch Live - Taking a Fresh Look at Supervision and Regulation.txt,https://www.federalreserve.gov/newsevents/speech/bowman20250606a.htm,speech_after_meeting,0.7
FED_2025_06,FED,2025-06-18,DOC_C2C6D118B0F9,minutes,Minutes,FOMC minutes,,2025-06-18,0,data\FED\Minutes\2025-06-18 - FOMC minutes.txt,https://www.federalreserve.gov/monetarypolicy/files/fomcminutes20250618.pdf,minutes_for_prior_meeting,0.9
FED_2025_06,FED,2025-06-18,DOC_9DAEA125EB24,statement,Monetary Policy,FOMC statement,,2025-06-18,0,data\FED\Monetary Policy\2025-06-18 - FOMC statement.txt,https://www.federalreserve.gov/monetarypolicy/files/monetary20250618a1.pdf,anchor_statement,1.0
FED_2025_06,FED,2025-06-18,DOC_B21CBB02A1E4,speech,Speeches,Unintended Policy Shifts and Unexpected Consequences,Michelle W. Bowman,2025-06-23,5,data\FED\Speeches\2025-06-23 - Michelle W. Bowman - Unintended Policy Shifts and Unexpected Consequences.txt,https://www.federalreserve.gov/newsevents/speech/bowman20250623a.htm,speech_after_meeting,0.7
FED_2025_06,FED,2025-06-18,DOC_6798A4B4DCD9,speech,Speeches,Welcoming Remarks,Welcoming Remarks,2025-06-23,5,data\FED\Speeches\2025-06-23 - Welcoming Remarks - Welcoming Remarks.txt,https://www.federalreserve.gov/newsevents/speech/kugler20250623a.htm,speech_after_meeting,0.7
FED_2025_06,FED,2025-06-18,DOC_84A53E8BC692,speech,Speeches,Opening Remarks,Opening Remarks,2025-06-24,6,data\FED\Speeches\2025-06-24 - Opening Remarks - Opening Remarks.txt,https://www.federalreserve.gov/newsevents/speech/barr20250624a.htm,speech_after_meeting,0.7
FED_2025_06,FED,2025-06-18,DOC_A3D92C551FEE,speech,Speeches,Community Development at the Federal Reserve,Michael S. Barr,2025-06-26,8,data\FED\Speeches\2025-06-26 - Michael S. Barr - Community Development at the Federal Reserve.txt,https://www.federalreserve.gov/newsevents/speech/barr20250626a.htm,speech_after_meeting,0.7
FED_2025_06,FED,2025-06-18,DOC_DB98A8730080,speech,Speeches,Demystifying the Federal Reserve's Balance Sheet,Christopher J. Waller,2025-07-10,22,data\FED\Speeches\2025-07-10 - Christopher J. Waller - Demystifying the Federal Reserve's Balance Sheet.txt,https://www.federalreserve.gov/newsevents/speech/waller20250710a.htm,speech_after_meeting,0.7
FED_2025_06,FED,2025-06-18,DOC_040E145A4C99,speech,Speeches,Expanding Financial Inclusion,Expanding Financial Inclusion,2025-07-15,27,data\FED\Speeches\2025-07-15 - Expanding Financial Inclusion - Expanding Financial Inclusion.txt,https://www.federalreserve.gov/newsevents/speech/barr20250715a.htm,speech_after_meeting,0.7
FED_2025_06,FED,2025-06-18,DOC_D7A16662B5A3,speech,Speeches,Welcoming Remarks,Welcoming Remarks,2025-07-15,27,data\FED\Speeches\2025-07-15 - Welcoming Remarks - Welcoming Remarks.txt,https://www.federalreserve.gov/newsevents/speech/bowman20250715a.htm,speech_after_meeting,0.7
FED_2025_06,FED,2025-06-18,DOC_C371049E586C,speech,Speeches,Booms and Busts and the Regulatory Cycle,Michael S. Barr,2025-07-16,28,data\FED\Speeches\2025-07-16 - Michael S. Barr - Booms and Busts and the Regulatory Cycle.txt,https://www.federalreserve.gov/newsevents/speech/barr20250716a.htm,speech_after_meeting,0.7
FED_2025_06,FED,2025-06-18,DOC_B8CC5594432F,speech,Speeches,A View of the Housing Market and U.S. Economic Outlook,Adriana D. Kugler,2025-07-17,29,data\FED\Speeches\2025-07-17 - Adriana D. Kugler - A View of the Housing Market and U.S. Economic Outlook.txt,https://www.federalreserve.gov/newsevents/speech/kugler20250717a.htm,speech_after_meeting,0.7
FED_2025_06,FED,2025-06-18,DOC_2B2B8E10C95E,speech,Speeches,AI: A Fed Policymaker's View,Lisa D. Cook,2025-07-17,29,data\FED\Speeches\2025-07-17 - Lisa D. Cook - AI_ A Fed Policymaker's View.txt,https://www.federalreserve.gov/newsevents/speech/cook20250717a.htm,speech_after_meeting,0.7
FED_2025_06,FED,2025-06-18,DOC_F21861C74D89,speech,Speeches,The Case for Cutting Now,The Case for Cutting Now,2025-07-17,29,data\FED\Speeches\2025-07-17 - The Case for Cutting Now - The Case for Cutting Now.txt,https://www.federalreserve.gov/newsevents/speech/waller20250717a.htm,speech_after_meeting,0.7
FED_2025_06,FED,2025-06-18,DOC_F80C58D5C881,speech,Speeches,Opening Remarks,Jerome H. Powell,2025-07-22,34,data\FED\Speeches\2025-07-22 - Jerome H. Powell - Opening Remarks.txt,https://www.federalreserve.gov/newsevents/speech/powell20250722a.htm,speech_after_meeting,0.7
FED_2025_07,FED,2025-07-30,DOC_33A96A3F4A4A,minutes,Minutes,FOMC minutes,,2025-07-30,0,data\FED\Minutes\2025-07-30 - FOMC minutes.txt,https://www.federalreserve.gov/monetarypolicy/files/fomcminutes20250730.pdf,minutes_for_prior_meeting,0.9
FED_2025_07,FED,2025-07-30,DOC_071349E655F3,statement,Monetary Policy,FOMC statement,,2025-07-30,0,data\FED\Monetary Policy\2025-07-30 - FOMC statement.txt,https://www.federalreserve.gov/monetarypolicy/files/monetary20250730a1.pdf,anchor_statement,1.0
FED_2025_07,FED,2025-07-30,DOC_78729FD1BC78,speech,Speeches,Statement by Governor Christopher J. Waller,Christopher J. Waller,2025-08-01,2,data\FED\Speeches\2025-08-01 - Christopher J. Waller - Statement by Governor Christopher J. Waller.txt,https://www.federalreserve.gov/newsevents/speech/waller20250801a.htm,speech_after_meeting,0.7
FED_2025_07,FED,2025-07-30,DOC_F4B45AF4E5DB,speech,Speeches,Statement by Vice Chair for Supervision Michelle W. Bowman,Michelle W. Bowman,2025-08-01,2,data\FED\Speeches\2025-08-01 - Michelle W. Bowman - Statement by Vice Chair for Supervision Michelle W. Bowman.txt,https://www.federalreserve.gov/newsevents/speech/bowman20250801a.htm,speech_after_meeting,0.7
FED_2025_07,FED,2025-07-30,DOC_425C4974F38D,speech,Speeches,Thoughts on the Economy and Community Bank Capital,Michelle W. Bowman,2025-08-09,10,data\FED\Speeches\2025-08-09 - Michelle W. Bowman - Thoughts on the Economy and Community Bank Capital.txt,https://www.federalreserve.gov/newsevents/speech/bowman20250809a.htm,speech_after_meeting,0.7
FED_2025_07,FED,2025-07-30,DOC_1927AA70A0AA,speech,Speeches,Embracing Innovation,Embracing Innovation,2025-08-19,20,data\FED\Speeches\2025-08-19 - Embracing Innovation - Embracing Innovation.txt,https://www.federalreserve.gov/newsevents/speech/bowman20250819a.htm,speech_after_meeting,0.7
FED_2025_07,FED,2025-07-30,DOC_49BCECDED3C4,speech,Speeches,Technological Advancements in Payments,Technological Advancements in Payments,2025-08-20,21,data\FED\Speeches\2025-08-20 - Technological Advancements in Payments - Technological Advancements in Payments.txt,https://www.federalreserve.gov/newsevents/speech/waller20250820a.htm,speech_after_meeting,0.7
FED_2025_08,FED,2025-08-22,DOC_5D9DF8DDF930,speech,Speeches,Monetary Policy and the Fedâs Framework Review,Jerome H. Powell,2025-08-22,0,data\FED\Speeches\2025-08-22 - Jerome H. Powell - Monetary Policy and the Fedâs Framework Review.txt,https://www.federalreserve.gov/newsevents/speech/powell20250822a.htm,speech_after_meeting,0.7
FED_2025_08,FED,2025-08-22,DOC_071377F69523,statement,Monetary Policy,Statement on Longer-Run Goals and Monetary Policy Strategy,,2025-08-22,0,data\FED\Monetary Policy\2025-08-22 - Statement on Longer-Run Goals and Monetary Policy Strategy.txt,https://www.federalreserve.gov/newsevents/pressreleases/monetary20250822a.htm,anchor_statement,1.0
FED_2025_08,FED,2025-08-22,DOC_AD10AEC9D012,speech,Speeches,Letâs Get On with It,Christopher J. Waller,2025-08-28,6,data\FED\Speeches\2025-08-28 - Christopher J. Waller - Letâs Get On with It.txt,https://www.federalreserve.gov/newsevents/speech/waller20250828a.htm,speech_after_meeting,0.7
FED_2025_09,FED,2025-09-17,DOC_24ED074230BE,minutes,Minutes,FOMC minutes,,2025-09-17,0,data\FED\Minutes\2025-09-17 - FOMC minutes.txt,https://www.federalreserve.gov/monetarypolicy/files/fomcminutes20250917.pdf,minutes_for_prior_meeting,0.9
FED_2025_09,FED,2025-09-17,DOC_4B2F70170969,statement,Monetary Policy,FOMC statement,,2025-09-17,0,data\FED\Monetary Policy\2025-09-17 - FOMC statement.txt,https://www.federalreserve.gov/monetarypolicy/files/monetary20250917a1.pdf,anchor_statement,1.0
FED_2025_09,FED,2025-09-17,DOC_CBAB127CB945,speech,Speeches,Nonmonetary Forces and Appropriate Monetary Policy,Stephen I. Miran,2025-09-22,5,data\FED\Speeches\2025-09-22 - Stephen I. Miran - Nonmonetary Forces and Appropriate Monetary Policy.txt,https://www.federalreserve.gov/newsevents/speech/miran20250922a.htm,speech_after_meeting,0.7
FED_2025_09,FED,2025-09-17,DOC_D24462A86705,speech,Speeches,Economic Outlook,Jerome H. Powell,2025-09-23,6,data\FED\Speeches\2025-09-23 - Jerome H. Powell - Economic Outlook.txt,https://www.federalreserve.gov/newsevents/speech/powell20250923a.htm,speech_after_meeting,0.7
FED_2025_09,FED,2025-09-17,DOC_A0E15CEE4A0B,speech,Speeches,Views on the Economy and Monetary Policy,Closing Thoughts,2025-09-23,6,data\FED\Speeches\2025-09-23 - Closing Thoughts - Views on the Economy and Monetary Policy.txt,https://www.federalreserve.gov/newsevents/speech/bowman20250923a.htm,speech_after_meeting,0.7
FED_2025_09,FED,2025-09-17,DOC_35556FBCC485,speech,Speeches,Preserving the Dynamism and Credibility of Stress Testing,Michael S. Barr,2025-09-25,8,data\FED\Speeches\2025-09-25 - Michael S. Barr - Preserving the Dynamism and Credibility of Stress Testing.txt,https://www.federalreserve.gov/newsevents/speech/barr20250925a.htm,speech_after_meeting,0.7
FED_2025_09,FED,2025-09-17,DOC_526FEBB57CC5,speech,Speeches,Thoughts on Monetary Policy Decisionmaking and Challenges Ahead,Michelle W. Bowman,2025-09-26,9,data\FED\Speeches\2025-09-26 - Michelle W. Bowman - Thoughts on Monetary Policy Decisionmaking and Challenges Ahead.txt,https://www.federalreserve.gov/newsevents/speech/bowman20250926a.htm,speech_after_meeting,0.7
FED_2025_09,FED,2025-09-17,DOC_4D05F26D7680,speech,Speeches,The Next Frontier of Payments Innovation,Christopher J. Waller,2025-09-29,12,data\FED\Speeches\2025-09-29 - Christopher J. Waller - The Next Frontier of Payments Innovation.txt,https://www.federalreserve.gov/newsevents/speech/waller20250929a.htm,speech_after_meeting,0.7
FED_2025_09,FED,2025-09-17,DOC_CB9D7E5D3864,speech,Speeches,Monetary Policy Frameworks and the U.S. Economic Outlook,Philip N. Jefferson,2025-09-30,13,data\FED\Speeches\2025-09-30 - Philip N. Jefferson - Monetary Policy Frameworks and the U.S. Economic Outlook.txt,https://www.federalreserve.gov/newsevents/speech/jefferson20250930a.htm,speech_after_meeting,0.7
FED_2025_09,FED,2025-09-17,DOC_B50FFE12E512,speech,Speeches,Economic Outlook and the Fedâs Monetary Policy Framework,Philip N. Jefferson,2025-10-03,16,data\FED\Speeches\2025-10-03 - Philip N. Jefferson - Economic Outlook and the Fedâs Monetary Policy Framework.txt,https://www.federalreserve.gov/newsevents/speech/jefferson20251003a.htm,speech_after_meeting,0.7
FED_2025_09,FED,2025-09-17,DOC_96075950B680,speech,Speeches,Welcome Remarks,Welcome Remarks,2025-10-07,20,data\FED\Speeches\2025-10-07 - Welcome Remarks - Welcome Remarks.txt,https://www.federalreserve.gov/newsevents/speech/bowman20251007a.htm,speech_after_meeting,0.7
FED_2025_09,FED,2025-09-17,DOC_D04CBDE5B2C9,speech,Speeches,Community Banking: The Cornerstone of Building Communities,Michael S. Barr,2025-10-08,21,data\FED\Speeches\2025-10-08 - Michael S. Barr - Community Banking_ The Cornerstone of Building Communities.txt,https://www.federalreserve.gov/newsevents/speech/barr20251008a.htm,speech_after_meeting,0.7
FED_2025_09,FED,2025-09-17,DOC_FFA4FA5DA2F8,speech,Speeches,Economic Data and Research in Indian Country,Michael S. Barr,2025-10-08,21,data\FED\Speeches\2025-10-08 - Michael S. Barr - Economic Data and Research in Indian Country.txt,https://www.federalreserve.gov/newsevents/speech/barr20251008b.htm,speech_after_meeting,0.7
FED_2025_09,FED,2025-09-17,DOC_0F8E61CD579F,speech,Speeches,Community Banking: Looking Toward the Future,Michelle W. Bowman,2025-10-09,22,data\FED\Speeches\2025-10-09 - Michelle W. Bowman - Community Banking_ Looking Toward the Future.txt,https://www.federalreserve.gov/newsevents/speech/bowman20251009b.htm,speech_after_meeting,0.7
FED_2025_09,FED,2025-09-17,DOC_4050F8B427BA,speech,Speeches,Opening Remarks,Opening Remarks,2025-10-09,22,data\FED\Speeches\2025-10-09 - Opening Remarks - Opening Remarks.txt,https://www.federalreserve.gov/newsevents/speech/bowman20251009a.htm,speech_after_meeting,0.7
FED_2025_09,FED,2025-09-17,DOC_1F21099EED2E,speech,Speeches,The Economic Outlook and Monetary Policy,Michael S. Barr,2025-10-09,22,data\FED\Speeches\2025-10-09 - Michael S. Barr - The Economic Outlook and Monetary Policy.txt,https://www.federalreserve.gov/newsevents/speech/barr20251009a.htm,speech_after_meeting,0.7
FED_2025_09,FED,2025-09-17,DOC_79E2C4D868C6,speech,Speeches,Welcoming Remarks,Jerome H. Powell,2025-10-09,22,data\FED\Speeches\2025-10-09 - Jerome H. Powell - Welcoming Remarks.txt,https://www.federalreserve.gov/newsevents/speech/powell20251009a.htm,speech_after_meeting,0.7
FED_2025_09,FED,2025-09-17,DOC_3DDDF8B17DCB,speech,Speeches,Understanding the Fedâs Balance Sheet,Jerome H. Powell,2025-10-14,27,data\FED\Speeches\2025-10-14 - Jerome H. Powell - Understanding the Fedâs Balance Sheet.txt,https://www.federalreserve.gov/newsevents/speech/powell20251014a.htm,speech_after_meeting,0.7
FED_2025_09,FED,2025-09-17,DOC_175ED3046F18,speech,Speeches,Innovation at the Speed of AI,Christopher J. Waller,2025-10-15,28,data\FED\Speeches\2025-10-15 - Christopher J. Waller - Innovation at the Speed of AI.txt,https://www.federalreserve.gov/newsevents/speech/waller20251015a.htm,speech_after_meeting,0.7
FED_2025_09,FED,2025-09-17,DOC_395C7D53F698,speech,Speeches,Cutting Rates in the Face of Conflicting Data,Christopher J. Waller,2025-10-16,29,data\FED\Speeches\2025-10-16 - Christopher J. Waller - Cutting Rates in the Face of Conflicting Data.txt,https://www.federalreserve.gov/newsevents/speech/waller20251016a.htm,speech_after_meeting,0.7
FED_2025_09,FED,2025-09-17,DOC_F5C650B767D7,speech,Speeches,Exploring the Possibilities and Risks of New Payment Technologies,Michael S. Barr,2025-10-16,29,data\FED\Speeches\2025-10-16 - Michael S. Barr - Exploring the Possibilities and Risks of New Payment Technologies.txt,https://www.federalreserve.gov/newsevents/speech/barr20251016a.htm,speech_after_meeting,0.7
FED_2025_09,FED,2025-09-17,DOC_70322661AAB0,speech,Speeches,Welcome Remarks,Welcome Remarks,2025-10-16,29,data\FED\Speeches\2025-10-16 - Welcome Remarks - Welcome Remarks.txt,https://www.federalreserve.gov/newsevents/speech/bowman20251016a.htm,speech_after_meeting,0.7
FED_2025_09,FED,2025-09-17,DOC_5E538743C4E7,speech,Speeches,Embracing New Technologies and Players in Payments,Christopher J. Waller,2025-10-21,34,data\FED\Speeches\2025-10-21 - Christopher J. Waller - Embracing New Technologies and Players in Payments.txt,https://www.federalreserve.gov/newsevents/speech/waller20251021a.htm,speech_after_meeting,0.7
FED_2025_09,FED,2025-09-17,DOC_C6473B03DB1A,speech,Speeches,Brief Remarks,Brief Remarks,2025-10-22,35,data\FED\Speeches\2025-10-22 - Brief Remarks - Brief Remarks.txt,https://www.federalreserve.gov/newsevents/speech/barr20251022a.htm,speech_after_meeting,0.7
FED_2025_09,FED,2025-09-17,DOC_57C0A19F94EC,speech,Speeches,Supporting Investment in Communities: The First 25 Years of the New Markets Tax Credit,Michael S. Barr,2025-10-23,36,data\FED\Speeches\2025-10-23 - Michael S. Barr - Supporting Investment in Communities_ The First 25 Years of the New Markets Tax Credit.txt,https://www.federalreserve.gov/newsevents/speech/barr20251023a.htm,speech_after_meeting,0.7
FED_2025_10,FED,2025-10-29,DOC_8B3C70D2391C,minutes,Minutes,FOMC minutes,,2025-10-29,0,data\FED\Minutes\2025-10-29 - FOMC minutes.txt,https://www.federalreserve.gov/monetarypolicy/files/fomcminutes20251029.pdf,minutes_for_prior_meeting,0.9
FED_2025_10,FED,2025-10-29,DOC_6B553EBA9B62,statement,Monetary Policy,FOMC statement,,2025-10-29,0,data\FED\Monetary Policy\2025-10-29 - FOMC statement.txt,https://www.federalreserve.gov/monetarypolicy/files/monetary20251029a1.pdf,anchor_statement,1.0
FED_2025_10,FED,2025-10-29,DOC_F412F757EE02,speech,Speeches,Opening Remarks,Opening Remarks,2025-10-30,1,data\FED\Speeches\2025-10-30 - Opening Remarks - Opening Remarks.txt,https://www.federalreserve.gov/newsevents/speech/bowman20251030a.htm,speech_after_meeting,0.7
FED_2025_10,FED,2025-10-29,DOC_6368B0CB177E,speech,Speeches,The Economic Outlook and Monetary Policy,Lisa D. Cook,2025-11-03,5,data\FED\Speeches\2025-11-03 - Lisa D. Cook - The Economic Outlook and Monetary Policy.txt,https://www.federalreserve.gov/newsevents/speech/cook20251103a.htm,speech_after_meeting,0.7
FED_2025_10,FED,2025-10-29,DOC_2EC571D46FE1,speech,Speeches,A Global Stablecoin Glut: Implications for Monetary Policy,Stephen I. Miran,2025-11-07,9,data\FED\Speeches\2025-11-07 - Stephen I. Miran - A Global Stablecoin Glut_ Implications for Monetary Policy.txt,https://www.federalreserve.gov/newsevents/speech/miran20251107a.htm,speech_after_meeting,0.7
FED_2025_10,FED,2025-10-29,DOC_2A1B3CDD1BC0,speech,Speeches,AI and the Economy,Philip N. Jefferson,2025-11-07,9,data\FED\Speeches\2025-11-07 - Philip N. Jefferson - AI and the Economy.txt,https://www.federalreserve.gov/newsevents/speech/jefferson20251107a.htm,speech_after_meeting,0.7
FED_2025_10,FED,2025-10-29,DOC_34D2BCF41028,speech,Speeches,AI and Central Banking,AI and Central Banking,2025-11-11,13,data\FED\Speeches\2025-11-11 - AI and Central Banking - AI and Central Banking.txt,https://www.federalreserve.gov/newsevents/speech/barr20251111a.htm,speech_after_meeting,0.7
FED_2025_10,FED,2025-10-29,DOC_922296F6ED5F,speech,Speeches,Economic Outlook and Monetary Policy,Philip N. Jefferson,2025-11-17,19,data\FED\Speeches\2025-11-17 - Philip N. Jefferson - Economic Outlook and Monetary Policy.txt,https://www.federalreserve.gov/newsevents/speech/jefferson20251117a.htm,speech_after_meeting,0.7
FED_2025_10,FED,2025-10-29,DOC_C94663569E5E,speech,Speeches,The Case for Continuing Rate Cuts,Christopher J. Waller,2025-11-17,19,data\FED\Speeches\2025-11-17 - Christopher J. Waller - The Case for Continuing Rate Cuts.txt,https://www.federalreserve.gov/newsevents/speech/waller20251117a.htm,speech_after_meeting,0.7
FED_2025_10,FED,2025-10-29,DOC_563CEF193E88,speech,Speeches,"The Case for Strong, Effective Banking Supervision",Michael S. Barr,2025-11-18,20,"data\FED\Speeches\2025-11-18 - Michael S. Barr - The Case for Strong, Effective Banking Supervision.txt",https://www.federalreserve.gov/newsevents/speech/barr20251118a.htm,speech_after_meeting,0.7
FED_2025_10,FED,2025-10-29,DOC_24349764EBB9,speech,Speeches,Regulatory Dominance of the Federal Reserveâs Balance Sheet,Stephen I. Miran,2025-11-19,21,data\FED\Speeches\2025-11-19 - Stephen I. Miran - Regulatory Dominance of the Federal Reserveâs Balance Sheet.txt,https://www.federalreserve.gov/newsevents/speech/miran20251119a.htm,speech_after_meeting,0.7
FED_2025_10,FED,2025-10-29,DOC_D6D43F6D5BD5,speech,Speeches,A Policymakerâs View of Financial Stability,Lisa D. Cook,2025-11-20,22,data\FED\Speeches\2025-11-20 - Lisa D. Cook - A Policymakerâs View of Financial Stability.txt,https://www.federalreserve.gov/newsevents/speech/cook20251120a.htm,speech_after_meeting,0.7
FED_2025_10,FED,2025-10-29,DOC_E5B83E572E47,speech,Speeches,"AI, the Economy, and Financial Stability",Philip N. Jefferson,2025-11-21,23,"data\FED\Speeches\2025-11-21 - Philip N. Jefferson - AI, the Economy, and Financial Stability.txt",https://www.federalreserve.gov/newsevents/speech/jefferson20251121a.htm,speech_after_meeting,0.7
FED_2025_10,FED,2025-10-29,DOC_36A6A4D6C144,speech,Speeches,Welcoming Remarks,Welcoming Remarks,2025-11-21,23,data\FED\Speeches\2025-11-21 - Welcoming Remarks - Welcoming Remarks.txt,https://www.federalreserve.gov/newsevents/speech/barr20251121a.htm,speech_after_meeting,0.7
FED_2025_10,FED,2025-10-29,DOC_BDEF610F7E90,speech,Speeches,Opening Remarks,Jerome H. Powell,2025-12-01,33,data\FED\Speeches\2025-12-01 - Jerome H. Powell - Opening Remarks.txt,https://www.federalreserve.gov/newsevents/speech/powell20251201a.htm,speech_after_meeting,0.7
FED_2025_12,FED,2025-12-10,DOC_92C5EE209D5D,minutes,Minutes,FOMC minutes,,2025-12-10,0,data\FED\Minutes\2025-12-10 - FOMC minutes.txt,https://www.federalreserve.gov/monetarypolicy/files/fomcminutes20251210.pdf,minutes_for_prior_meeting,0.9
FED_2025_12,FED,2025-12-10,DOC_D3F6FC67E443,statement,Monetary Policy,FOMC statement,,2025-12-10,0,data\FED\Monetary Policy\2025-12-10 - FOMC statement.txt,https://www.federalreserve.gov/monetarypolicy/files/monetary20251210a1.pdf,anchor_statement,1.0
FED_2025_12,FED,2025-12-10,DOC_BBF4CF589076,speech,Speeches,The Inflation Outlook,The Inflation Outlook,2025-12-15,5,data\FED\Speeches\2025-12-15 - The Inflation Outlook - The Inflation Outlook.txt,https://www.federalreserve.gov/newsevents/speech/miran20251215a.htm,speech_after_meeting,0.7
FED_2025_12,FED,2025-12-10,DOC_00A4CAC24036,speech,Speeches,Modernizing Supervision and Regulation: 2025 and the Path Ahead,Michelle W. Bowman,2026-01-07,28,data\FED\Speeches\2026-01-07 - Michelle W. Bowman - Modernizing Supervision and Regulation_ 2025 and the Path Ahead.txt,https://www.federalreserve.gov/newsevents/speech/bowman20260107a.htm,speech_after_meeting,0.7
FED_2025_12,FED,2025-12-10,DOC_5AC4F39A96F8,speech,Speeches,Statement from Federal Reserve Chair Jerome H. Powell,Jerome H. Powell,2026-01-11,32,data\FED\Speeches\2026-01-11 - Jerome H. Powell - Statement from Federal Reserve Chair Jerome H. Powell.txt,https://www.federalreserve.gov/newsevents/speech/powell20260111a.htm,speech_after_meeting,0.7
FED_2025_12,FED,2025-12-10,DOC_BE9A20271EC2,speech,Speeches,"Regulations, the Supply Side, and Monetary Policy",Stephen I. Miran,2026-01-14,35,"data\FED\Speeches\2026-01-14 - Stephen I. Miran - Regulations, the Supply Side, and Monetary Policy.txt",https://www.federalreserve.gov/newsevents/speech/miran20260114a.htm,speech_after_meeting,0.7
FED_2025_12,FED,2025-12-10,DOC_3985834A441C,speech,Speeches,Economic Outlook and Monetary Policy Implementation,Philip N. Jefferson,2026-01-16,37,data\FED\Speeches\2026-01-16 - Philip N. Jefferson - Economic Outlook and Monetary Policy Implementation.txt,https://www.federalreserve.gov/newsevents/speech/jefferson20260116a.htm,speech_after_meeting,0.7
FED_2025_12,FED,2025-12-10,DOC_A9E5ECA1C637,speech,Speeches,Outlook for the Economy and Monetary Policy,Michelle W. Bowman,2026-01-16,37,data\FED\Speeches\2026-01-16 - Michelle W. Bowman - Outlook for the Economy and Monetary Policy.txt,https://www.federalreserve.gov/newsevents/speech/bowman20260116a.htm,speech_after_meeting,0.7
FED_2026_01,FED,2026-01-28,DOC_071821156599,minutes,Minutes,FOMC minutes,,2026-01-28,0,data\FED\Minutes\2026-01-28 - FOMC minutes.txt,https://www.federalreserve.gov/monetarypolicy/files/fomcminutes20260128.pdf,minutes_for_prior_meeting,0.9
FED_2026_01,FED,2026-01-28,DOC_C110B384B484,statement,Monetary Policy,FOMC statement,,2026-01-28,0,data\FED\Monetary Policy\2026-01-28 - FOMC statement.txt,https://www.federalreserve.gov/monetarypolicy/files/monetary20260128a1.pdf,anchor_statement,1.0
FED_2026_01,FED,2026-01-28,DOC_2B4929C624D0,speech,Speeches,Outlook for the Economy and Monetary Policy,Michelle W. Bowman,2026-01-30,2,data\FED\Speeches\2026-01-30 - Michelle W. Bowman - Outlook for the Economy and Monetary Policy.txt,https://www.federalreserve.gov/newsevents/speech/bowman20260130a.htm,speech_after_meeting,0.7
FED_2026_01,FED,2026-01-28,DOC_AE96B46D54F1,speech,Speeches,Statement by Governor Christopher J. Waller,Christopher J. Waller,2026-01-30,2,data\FED\Speeches\2026-01-30 - Christopher J. Waller - Statement by Governor Christopher J. Waller.txt,https://www.federalreserve.gov/newsevents/speech/waller20260130a.htm,speech_after_meeting,0.7
FED_2026_01,FED,2026-01-28,DOC_8E5E682F516A,speech,Speeches,Economic Outlook,Economic Outlook,2026-02-04,7,data\FED\Speeches\2026-02-04 - Economic Outlook - Economic Outlook.txt,https://www.federalreserve.gov/newsevents/speech/cook20260204a.htm,speech_after_meeting,0.7
FED_2026_01,FED,2026-01-28,DOC_15AD70037D44,speech,Speeches,Economic Outlook and Supply-Side (Dis)Inflation Dynamics,Philip N. Jefferson,2026-02-06,9,data\FED\Speeches\2026-02-06 - Philip N. Jefferson - Economic Outlook and Supply-Side (Dis)Inflation Dynamics.txt,https://www.federalreserve.gov/newsevents/speech/jefferson20260206a.htm,speech_after_meeting,0.7
FED_2026_01,FED,2026-01-28,DOC_5D01C02457E0,speech,Speeches,"Revitalizing Bank Mortgage Lending, One Step with Basel",Michelle W. Bowman,2026-02-16,19,"data\FED\Speeches\2026-02-16 - Michelle W. Bowman - Revitalizing Bank Mortgage Lending, One Step with Basel.txt",https://www.federalreserve.gov/newsevents/speech/bowman20260216a.htm,speech_after_meeting,0.7
FED_2026_01,FED,2026-01-28,DOC_23F7F90BB819,speech,Speeches,What Will Artificial Intelligence Mean for the Labor Market and the Economy?,Michael S. Barr,2026-02-17,20,data\FED\Speeches\2026-02-17 - Michael S. Barr - What Will Artificial Intelligence Mean for the Labor Market and the Economy_.txt,https://www.federalreserve.gov/newsevents/speech/barr20260217a.htm,speech_after_meeting,0.7
FED_2026_01,FED,2026-01-28,DOC_4F3729E6CFA8,speech,Speeches,Opening Remarks,Opening Remarks,2026-02-19,22,data\FED\Speeches\2026-02-19 - Opening Remarks - Opening Remarks.txt,https://www.federalreserve.gov/newsevents/speech/bowman20260219a.htm,speech_after_meeting,0.7
FED_2026_01,FED,2026-01-28,DOC_734BF48EA856,speech,Speeches,Labor Market Data: Signal or Noise?,Christopher J. Waller,2026-02-23,26,data\FED\Speeches\2026-02-23 - Christopher J. Waller - Labor Market Data_ Signal or Noise_.txt,https://www.federalreserve.gov/newsevents/speech/waller20260223a.htm,speech_after_meeting,0.7
FED_2026_01,FED,2026-01-28,DOC_639A3D3D4B2F,speech,Speeches,Opening Remarks for the âAI and Productivity across the Economyâ Panel,Lisa D. Cook,2026-02-24,27,data\FED\Speeches\2026-02-24 - Lisa D. Cook - Opening Remarks for the âAI and Productivity across the Economyâ Panel.txt,https://www.federalreserve.gov/newsevents/speech/cook20260224a.htm,speech_after_meeting,0.7
FED_2026_01,FED,2026-01-28,DOC_4F1F62DAB39C,speech,Speeches,Operationalizing AI at the Federal Reserve,Christopher J. Waller,2026-02-24,27,data\FED\Speeches\2026-02-24 - Christopher J. Waller - Operationalizing AI at the Federal Reserve.txt,https://www.federalreserve.gov/newsevents/speech/waller20260224a.htm,speech_after_meeting,0.7
FED_2026_01,FED,2026-01-28,DOC_6879DD38A21B,speech,Speeches,Supervision and Regulation,Supervision and Regulation,2026-02-26,29,data\FED\Speeches\2026-02-26 - Supervision and Regulation - Supervision and Regulation.txt,https://www.federalreserve.gov/newsevents/speech/bowman20260226a.htm,speech_after_meeting,0.7
FED_2026_01,FED,2026-01-28,DOC_E506EC50F6D5,speech,Speeches,"Liquidity Resiliency, Financial Stability, and the Role of the Federal Reserve",Michelle W. Bowman,2026-03-03,34,"data\FED\Speeches\2026-03-03 - Michelle W. Bowman - Liquidity Resiliency, Financial Stability, and the Role of the Federal Reserve.txt",https://www.federalreserve.gov/newsevents/speech/bowman20260303a.htm,speech_after_meeting,0.7
FED_2026_01,FED,2026-01-28,DOC_F252770C032B,speech,Speeches,Capital Rules for the Real Economy,Michelle W. Bowman,2026-03-12,43,data\FED\Speeches\2026-03-12 - Michelle W. Bowman - Capital Rules for the Real Economy.txt,https://www.federalreserve.gov/newsevents/speech/bowman20260312a.htm,speech_after_meeting,0.7
FED_2026_03,FED,2026-03-18,DOC_46C1266C103E,minutes,Minutes,FOMC minutes,,2026-03-18,0,data\FED\Minutes\2026-03-18 - FOMC minutes.txt,https://www.federalreserve.gov/monetarypolicy/files/fomcminutes20260318.pdf,minutes_for_prior_meeting,0.9
FED_2026_03,FED,2026-03-18,DOC_AA84114F7571,statement,Monetary Policy,FOMC statement,,2026-03-18,0,data\FED\Monetary Policy\2026-03-18 - FOMC statement.txt,https://www.federalreserve.gov/monetarypolicy/files/monetary20260318a1.pdf,anchor_statement,1.0
FED_2026_03,FED,2026-03-18,DOC_9E3FB2D80B20,speech,Speeches,Acceptance Remarks,Jerome H. Powell,2026-03-21,3,data\FED\Speeches\2026-03-21 - Jerome H. Powell - Acceptance Remarks.txt,https://www.federalreserve.gov/newsevents/speech/powell20260321a.htm,speech_after_meeting,0.7
FED_2026_03,FED,2026-03-18,DOC_7F0A49B1D47E,speech,Speeches,Developing Communities through Public-private Partnerships,Developing Communities through Public-private Partnerships,2026-03-24,6,data\FED\Speeches\2026-03-24 - Developing Communities through Public-private Partnerships - Developing Communities through Public-private Partnerships.txt,https://www.federalreserve.gov/newsevents/speech/barr20260324a.htm,speech_after_meeting,0.7
FED_2026_03,FED,2026-03-18,DOC_AE52E1DA1565,speech,Speeches,Brief Remarks on the Economic Outlook and Monetary Policy,Michael S. Barr,2026-03-26,8,data\FED\Speeches\2026-03-26 - Michael S. Barr - Brief Remarks on the Economic Outlook and Monetary Policy.txt,https://www.federalreserve.gov/newsevents/speech/barr20260326a.htm,speech_after_meeting,0.7
FED_2026_03,FED,2026-03-18,DOC_FA7D3A44E4E8,speech,Speeches,Economic Outlook and Energy Effects,Philip N. Jefferson,2026-03-26,8,data\FED\Speeches\2026-03-26 - Philip N. Jefferson - Economic Outlook and Energy Effects.txt,https://www.federalreserve.gov/newsevents/speech/jefferson20260326a.htm,speech_after_meeting,0.7
FED_2026_03,FED,2026-03-18,DOC_8BC658E9E0EC,speech,Speeches,Prospects for Shrinking the Fedâs Balance Sheet,Stephen I. Miran,2026-03-26,8,data\FED\Speeches\2026-03-26 - Stephen I. Miran - Prospects for Shrinking the Fedâs Balance Sheet.txt,https://www.federalreserve.gov/newsevents/speech/miran20260326a.htm,speech_after_meeting,0.7
FED_2026_03,FED,2026-03-18,DOC_98288CC3DA94,speech,Speeches,Reflections on Financial Stability,Reflections on Financial Stability,2026-03-26,8,data\FED\Speeches\2026-03-26 - Reflections on Financial Stability - Reflections on Financial Stability.txt,https://www.federalreserve.gov/newsevents/speech/cook20260326a.htm,speech_after_meeting,0.7
FED_2026_03,FED,2026-03-18,DOC_2D07723FC6C1,speech,Speeches,Brief Remarks on Stablecoins,Brief Remarks on Stablecoins,2026-03-31,13,data\FED\Speeches\2026-03-31 - Brief Remarks on Stablecoins - Brief Remarks on Stablecoins.txt,https://www.federalreserve.gov/newsevents/speech/barr20260331a.htm,speech_after_meeting,0.7
FED_2026_03,FED,2026-03-18,DOC_90CD027144B2,speech,Speeches,Supporting Small Businesses,Supporting Small Businesses,2026-03-31,13,data\FED\Speeches\2026-03-31 - Supporting Small Businesses - Supporting Small Businesses.txt,https://www.federalreserve.gov/newsevents/speech/bowman20260331a.htm,speech_after_meeting,0.7
FED_2026_03,FED,2026-03-18,DOC_E812A26DC7B5,speech,Speeches,Economic Outlook and the Labor Market,Philip N. Jefferson,2026-04-07,20,data\FED\Speeches\2026-04-07 - Philip N. Jefferson - Economic Outlook and the Labor Market.txt,https://www.federalreserve.gov/newsevents/speech/jefferson20260407a.htm,speech_after_meeting,0.7
FED_2026_03,FED,2026-03-18,DOC_80D847C74428,speech,Speeches,Rural Communities: Worth the Investment,Michael S. Barr,2026-04-14,27,data\FED\Speeches\2026-04-14 - Michael S. Barr - Rural Communities_ Worth the Investment.txt,https://www.federalreserve.gov/newsevents/speech/barr20260414a.htm,speech_after_meeting,0.7
FED_2026_03,FED,2026-03-18,DOC_A31AF50DD11E,speech,Speeches,One Transitory Shock After Another,One Transitory Shock After Another,2026-04-17,30,data\FED\Speeches\2026-04-17 - One Transitory Shock After Another - One Transitory Shock After Another.txt,https://www.federalreserve.gov/newsevents/speech/waller20260417a.htm,speech_after_meeting,0.7
FED_2026_03,FED,2026-03-18,DOC_3501D9B90D6A,speech,Speeches,Modernizing Federal Reserve Operations in the 21st Century,Christopher J. Waller,2026-04-21,34,data\FED\Speeches\2026-04-21 - Christopher J. Waller - Modernizing Federal Reserve Operations in the 21st Century.txt,https://www.federalreserve.gov/newsevents/speech/waller20260421a.htm,speech_after_meeting,0.7
FED_2026_04,FED,2026-04-29,DOC_518E0987424C,minutes,Minutes,FOMC minutes,,2026-04-29,0,data\FED\Minutes\2026-04-29 - FOMC minutes.txt,https://www.federalreserve.gov/monetarypolicy/files/fomcminutes20260429.pdf,minutes_for_prior_meeting,0.9
FED_2026_04,FED,2026-04-29,DOC_483ADFC55AB2,statement,Monetary Policy,FOMC statement,,2026-04-29,0,data\FED\Monetary Policy\2026-04-29 - FOMC statement.txt,https://www.federalreserve.gov/monetarypolicy/files/monetary20260429a1.pdf,anchor_statement,1.0
FED_2026_04,FED,2026-04-29,DOC_17DA4AAFD88D,speech,Speeches,Artificial Intelligence in the Financial System,Michelle W. Bowman,2026-05-01,2,data\FED\Speeches\2026-05-01 - Michelle W. Bowman - Artificial Intelligence in the Financial System.txt,https://www.federalreserve.gov/newsevents/speech/bowman20260501a.htm,speech_after_meeting,0.7
FED_2026_04,FED,2026-04-29,DOC_FDBF1675216E,speech,Speeches,A Coordinated Approach to Consumer Fraud Protection,Michelle W. Bowman,2026-05-05,6,data\FED\Speeches\2026-05-05 - Michelle W. Bowman - A Coordinated Approach to Consumer Fraud Protection.txt,https://www.federalreserve.gov/newsevents/speech/bowman20260505a.htm,speech_after_meeting,0.7
FED_2026_04,FED,2026-04-29,DOC_A13274C40ADF,speech,Speeches,Perspectives on Tokenization and Implications for the Financial System,Lisa D. Cook,2026-05-08,9,data\FED\Speeches\2026-05-08 - Lisa D. Cook - Perspectives on Tokenization and Implications for the Financial System.txt,https://www.federalreserve.gov/newsevents/speech/cook20260508a.htm,speech_after_meeting,0.7
FED_2026_04,FED,2026-04-29,DOC_D3BB7599D602,speech,Speeches,Update On Federal Reserve Bank Operations,Christopher J. Waller,2026-05-08,9,data\FED\Speeches\2026-05-08 - Christopher J. Waller - Update On Federal Reserve Bank Operations.txt,https://www.federalreserve.gov/newsevents/speech/waller20260508a.htm,speech_after_meeting,0.7
FED_2026_04,FED,2026-04-29,DOC_AC6001390A99,speech,Speeches,When Regulation Reshapes Markets: The Migration of Corporate Lending,Michelle W. Bowman,2026-05-08,9,data\FED\Speeches\2026-05-08 - Michelle W. Bowman - When Regulation Reshapes Markets_ The Migration of Corporate Lending.txt,https://www.federalreserve.gov/newsevents/speech/bowman20260508a.htm,speech_after_meeting,0.7
FED_2026_04,FED,2026-04-29,DOC_30D90A4339EA,speech,Speeches,Efficient and Effective Central Banking: Beyond the Balance Sheet,Michael S. Barr,2026-05-14,15,data\FED\Speeches\2026-05-14 - Michael S. Barr - Efficient and Effective Central Banking_ Beyond the Balance Sheet.txt,https://www.federalreserve.gov/newsevents/speech/barr20260514a.htm,speech_after_meeting,0.7
FED_2026_04,FED,2026-04-29,DOC_9F5E3486F1AA,speech,Speeches,Opening Remarks,Opening Remarks,2026-05-14,15,data\FED\Speeches\2026-05-14 - Opening Remarks - Opening Remarks.txt,https://www.federalreserve.gov/newsevents/speech/bowman20260514a.htm,speech_after_meeting,0.7
FED_2026_04,FED,2026-04-29,DOC_AD23B3BA97E2,speech,Speeches,Measuring Financial Health,Measuring Financial Health,2026-05-20,21,data\FED\Speeches\2026-05-20 - Measuring Financial Health - Measuring Financial Health.txt,https://www.federalreserve.gov/newsevents/speech/barr20260520a.htm,speech_after_meeting,0.7
FED_2026_04,FED,2026-04-29,DOC_CB60C8342E21,speech,Speeches,Policy Risks Have Changed,Policy Risks Have Changed,2026-05-22,23,data\FED\Speeches\2026-05-22 - Policy Risks Have Changed - Policy Risks Have Changed.txt,https://www.federalreserve.gov/newsevents/speech/waller20260522a.htm,speech_after_meeting,0.7
FED_2026_04,FED,2026-04-29,DOC_345C020CA9AB,speech,Speeches,Global Economic Developments and the U.S. Economy,Philip N. Jefferson,2026-05-27,28,data\FED\Speeches\2026-05-27 - Philip N. Jefferson - Global Economic Developments and the U.S. Economy.txt,https://www.federalreserve.gov/newsevents/speech/jefferson20260527a.htm,speech_after_meeting,0.7
FED_2026_04,FED,2026-04-29,DOC_59CF7795E8BA,speech,Speeches,The Opportunities and Risks AI Presents for the Economy and Financial System,Lisa D. Cook,2026-05-27,28,data\FED\Speeches\2026-05-27 - Lisa D. Cook - The Opportunities and Risks AI Presents for the Economy and Financial System.txt,https://www.federalreserve.gov/newsevents/speech/cook20260527a.htm,speech_after_meeting,0.7
FED_2026_04,FED,2026-04-29,DOC_9B12B4B196CF,speech,Speeches,A Framework for Practical Monetary Policy Decision Making,Watch Live,2026-05-29,30,data\FED\Speeches\2026-05-29 - Watch Live - A Framework for Practical Monetary Policy Decision Making.txt,https://www.federalreserve.gov/newsevents/speech/bowman20260529a.htm,speech_after_meeting,0.7
FED_2026_04,FED,2026-04-29,DOC_32FD66862A5A,speech,Speeches,Acceptance Remarks,Acceptance Remarks,2026-05-31,32,data\FED\Speeches\2026-05-31 - Acceptance Remarks - Acceptance Remarks.txt,https://www.federalreserve.gov/newsevents/speech/powell20260531a.htm,speech_after_meeting,0.7
NORGES_BANK_2021_06_A,NORGES_BANK,2021-06-01,DOC_21B297C19BCF,statement,Monetary Policy,Pengepolitisk rapport med vurdering av finansiell stabilitet 1/2021,,2021-06-01,0,data\NORGES_BANK\Monetary Policy\2021-06-01 - Pengepolitisk rapport med vurdering av finansiell stabilitet 1_2021.txt,https://www.norges-bank.no/aktuelt/publikasjoner/Pengepolitisk-rapport/2021/ppr-12021/,anchor_statement,1.0
NORGES_BANK_2021_06_B,NORGES_BANK,2021-06-01,DOC_A8043F21E63C,statement,Monetary Policy,Pengepolitisk rapport med vurdering av finansiell stabilitet 2/2021,,2021-06-01,0,data\NORGES_BANK\Monetary Policy\2021-06-01 - Pengepolitisk rapport med vurdering av finansiell stabilitet 2_2021.txt,https://www.norges-bank.no/aktuelt/publikasjoner/Pengepolitisk-rapport/2021/ppr-22021/,anchor_statement,1.0
NORGES_BANK_2021_06_C,NORGES_BANK,2021-06-01,DOC_CEC290ABA44C,statement,Monetary Policy,Pengepolitisk rapport med vurdering av finansiell stabilitet 3/2021,,2021-06-01,0,data\NORGES_BANK\Monetary Policy\2021-06-01 - Pengepolitisk rapport med vurdering av finansiell stabilitet 3_2021.txt,https://www.norges-bank.no/aktuelt/publikasjoner/Pengepolitisk-rapport/2021/ppr-32021/,anchor_statement,1.0
NORGES_BANK_2021_06_D,NORGES_BANK,2021-06-01,DOC_DFD983F13502,statement,Monetary Policy,Pengepolitisk rapport med vurdering av finansiell stabilitet 4/2021,,2021-06-01,0,data\NORGES_BANK\Monetary Policy\2021-06-01 - Pengepolitisk rapport med vurdering av finansiell stabilitet 4_2021.txt,https://www.norges-bank.no/aktuelt/publikasjoner/Pengepolitisk-rapport/2021/ppr-42021/,anchor_statement,1.0
NORGES_BANK_2021_06_D,NORGES_BANK,2021-06-01,DOC_178C4401C5B5,speech,Speeches,Monetary policy strategy - from mandate to decisions,from mandate to decisions,2021-10-20,141,data\NORGES_BANK\Speeches\2021-10-20 - from mandate to decisions - Monetary policy strategy - from mandate to decisions.txt,https://www.norges-bank.no/en/news-events/news/Speeches/2021/2021-10-20-olsen/,speech_after_meeting,0.7
NORGES_BANK_2021_06_D,NORGES_BANK,2021-06-01,DOC_C86F22AE7F17,speech,Speeches,Climate change and central banking – a Nordic perspective,a Nordic perspective,2021-10-25,146,data\NORGES_BANK\Speeches\2021-10-25 - a Nordic perspective - Climate change and central banking – a Nordic perspective.txt,https://www.norges-bank.no/en/news-events/news/Speeches/2021/2021-10-25-bache/,speech_after_meeting,0.7
NORGES_BANK_2021_06_D,NORGES_BANK,2021-06-01,DOC_47CA1BB513F4,speech,Speeches,Digital currencies and real-time payments – the road ahead,the road ahead,2021-11-04,156,data\NORGES_BANK\Speeches\2021-11-04 - the road ahead - Digital currencies and real-time payments – the road ahead.txt,https://www.norges-bank.no/en/news-events/news/Speeches/2021/2021-11-04-payments-conference/,speech_after_meeting,0.7
NORGES_BANK_2021_06_D,NORGES_BANK,2021-06-01,DOC_C942859C379D,speech,Speeches,Ownership and climate risk in the GPFG – On the tools for addressing climate risk in the fund,,2021-12-21,203,data\NORGES_BANK\Speeches\2021-12-21 - Ownership and climate risk in the GPFG – On the tools for addressing climate risk in the fund.txt,https://www.norges-bank.no/en/news-events/news/Speeches/2021/2021-12-21-borsum/,speech_after_meeting,0.7
NORGES_BANK_2021_06_D,NORGES_BANK,2021-06-01,DOC_1980E3B01108,speech,Speeches,Price stability and monetary and fiscal policy interactions,Speech by Ole Christian Bech-Moen,2022-02-02,246,data\NORGES_BANK\Speeches\2022-02-02 - Speech by Ole Christian Bech-Moen - Price stability and monetary and fiscal policy interactions.txt,https://www.norges-bank.no/en/news-events/news/Speeches/2022/2022-02-02-bech-moen/,speech_after_meeting,0.7
NORGES_BANK_2021_06_D,NORGES_BANK,2021-06-01,DOC_0D59907E2A3D,speech,Speeches,Economic perspectives,Economic perspectives,2022-02-17,261,data\NORGES_BANK\Speeches\2022-02-17 - Economic perspectives - Economic perspectives.txt,https://www.norges-bank.no/en/news-events/news/Speeches/2022/2022-02-17-annual-address/,speech_after_meeting,0.7
NORGES_BANK_2021_06_D,NORGES_BANK,2021-06-01,DOC_88D0F8DA9A12,speech,Speeches,Report from Norges Bank Watch,Report from Norges Bank Watch,2022-03-01,273,data\NORGES_BANK\Speeches\2022-03-01 - Report from Norges Bank Watch - Report from Norges Bank Watch.txt,https://www.norges-bank.no/en/news-events/news/Speeches/2022/2022-03-01-norges-bank-watch/,speech_after_meeting,0.7
NORGES_BANK_2021_06_D,NORGES_BANK,2021-06-01,DOC_7119B9C2D63B,speech,Speeches,Economic perspectives,Economic perspectives,2022-03-31,303,data\NORGES_BANK\Speeches\2022-03-31 - Economic perspectives - Economic perspectives.txt,https://www.norges-bank.no/en/news-events/news/Speeches/2022/2022-03-31-bache-speech-to-foreign-embassy-representatives/,speech_after_meeting,0.7
NORGES_BANK_2021_06_D,NORGES_BANK,2021-06-01,DOC_EC0E1D1E4CD3,speech,Speeches,The conduct of monetary policy,The conduct of monetary policy,2022-04-28,331,data\NORGES_BANK\Speeches\2022-04-28 - The conduct of monetary policy - The conduct of monetary policy.txt,https://www.norges-bank.no/en/news-events/news/Speeches/2022/2022-04-28-bache/,speech_after_meeting,0.7
NORGES_BANK_2021_06_D,NORGES_BANK,2021-06-01,DOC_75EC554BF3B6,speech,Speeches,Norges Bank’s management of the Government Pension Fund Global,,2022-05-03,336,data\NORGES_BANK\Speeches\2022-05-03 - Norges Bank’s management of the Government Pension Fund Global.txt,https://www.norges-bank.no/en/news-events/news/Speeches/2022/2022-05-03-bache/,speech_after_meeting,0.7
NORGES_BANK_2022_06_A,NORGES_BANK,2022-06-01,DOC_CA4CBF76E4D3,statement,Monetary Policy,Pengepolitisk rapport med vurdering av finansiell stabilitet 1/2022,,2022-06-01,0,data\NORGES_BANK\Monetary Policy\2022-06-01 - Pengepolitisk rapport med vurdering av finansiell stabilitet 1_2022.txt,https://www.norges-bank.no/aktuelt/publikasjoner/Pengepolitisk-rapport/2022/ppr-12022/,anchor_statement,1.0
NORGES_BANK_2022_06_B,NORGES_BANK,2022-06-01,DOC_4F37C2C99346,statement,Monetary Policy,Pengepolitisk rapport med vurdering av finansiell stabilitet 2/2022,,2022-06-01,0,data\NORGES_BANK\Monetary Policy\2022-06-01 - Pengepolitisk rapport med vurdering av finansiell stabilitet 2_2022.txt,https://www.norges-bank.no/aktuelt/publikasjoner/Pengepolitisk-rapport/2022/ppr-22022/,anchor_statement,1.0
NORGES_BANK_2022_06_C,NORGES_BANK,2022-06-01,DOC_F175E5C4ADA0,statement,Monetary Policy,Pengepolitisk rapport med vurdering av finansiell stabilitet 3/2022,,2022-06-01,0,data\NORGES_BANK\Monetary Policy\2022-06-01 - Pengepolitisk rapport med vurdering av finansiell stabilitet 3_2022.txt,https://www.norges-bank.no/aktuelt/publikasjoner/Pengepolitisk-rapport/2022/ppr-32022/,anchor_statement,1.0
NORGES_BANK_2022_06_D,NORGES_BANK,2022-06-01,DOC_B15D3E17B269,statement,Monetary Policy,Pengepolitisk rapport med vurdering av finansiell stabilitet 4/2022,,2022-06-01,0,data\NORGES_BANK\Monetary Policy\2022-06-01 - Pengepolitisk rapport med vurdering av finansiell stabilitet 4_2022.txt,https://www.norges-bank.no/aktuelt/publikasjoner/Pengepolitisk-rapport/2022/ppr-42022/,anchor_statement,1.0
NORGES_BANK_2022_06_D,NORGES_BANK,2022-06-01,DOC_476AE40B23C9,speech,Speeches,A somewhat faster rise in the policy rate,,2022-08-18,78,data\NORGES_BANK\Speeches\2022-08-18 - A somewhat faster rise in the policy rate.txt,https://www.norges-bank.no/en/news-events/news/Speeches/2022/2022-08-18-bache/,speech_after_meeting,0.7
NORGES_BANK_2022_06_D,NORGES_BANK,2022-06-01,DOC_FF95EBF61AF5,speech,Speeches,Higher policy rate will curb inflation,Presentation,2022-09-22,113,data\NORGES_BANK\Speeches\2022-09-22 - Presentation - Higher policy rate will curb inflation.txt,https://www.norges-bank.no/en/news-events/news/Speeches/2022/2022-09-22-bache-press-conference/,speech_after_meeting,0.7
NORGES_BANK_2022_06_D,NORGES_BANK,2022-06-01,DOC_E31FD32817BD,speech,Speeches,Monetary policy and inflation,Monetary policy and inflation,2022-10-20,141,data\NORGES_BANK\Speeches\2022-10-20 - Monetary policy and inflation - Monetary policy and inflation.txt,https://www.norges-bank.no/en/news-events/news/Speeches/2022/2022-10-20-cme/,speech_after_meeting,0.7
NORGES_BANK_2022_06_D,NORGES_BANK,2022-06-01,DOC_D82D4AD4654A,speech,Speeches,Norges Bank is raising the policy rate to bring down inflation,Ida Wolden Bache,2022-11-03,155,data\NORGES_BANK\Speeches\2022-11-03 - Ida Wolden Bache - Norges Bank is raising the policy rate to bring down inflation.txt,https://www.norges-bank.no/en/news-events/news/Speeches/2022/2022-11-03-pk/,speech_after_meeting,0.7
NORGES_BANK_2022_06_D,NORGES_BANK,2022-06-01,DOC_0D0A3188865B,speech,Speeches,An efficient payment system is a collaborative effort,,2022-11-10,162,data\NORGES_BANK\Speeches\2022-11-10 - An efficient payment system is a collaborative effort.txt,https://www.norges-bank.no/en/news-events/news/Speeches/2022/2022-11-10-betalingsformidlingskonferansen/,speech_after_meeting,0.7
NORGES_BANK_2022_06_D,NORGES_BANK,2022-06-01,DOC_472F9EF9E1D9,speech,Speeches,The role of the krone exchange rate under flexible inflation targeting,Speech by Ole Christian Bech-Moen,2023-02-02,246,data\NORGES_BANK\Speeches\2023-02-02 - Speech by Ole Christian Bech-Moen - The role of the krone exchange rate under flexible inflation targeting.txt,https://www.norges-bank.no/en/news-events/news/Speeches/2023/2023-02-02-bech-moen/,speech_after_meeting,0.7
NORGES_BANK_2022_06_D,NORGES_BANK,2022-06-01,DOC_4E2164F5BFA2,speech,Speeches,Economic perspectives,Economic perspectives,2023-02-16,260,data\NORGES_BANK\Speeches\2023-02-16 - Economic perspectives - Economic perspectives.txt,https://www.norges-bank.no/en/news-events/news/Speeches/2023/2023-02-16-annual-address/,speech_after_meeting,0.7
NORGES_BANK_2022_06_D,NORGES_BANK,2022-06-01,DOC_3BDF81CF04F4,speech,Speeches,Report from Norges Bank Watch,Report from Norges Bank Watch,2023-03-01,273,data\NORGES_BANK\Speeches\2023-03-01 - Report from Norges Bank Watch - Report from Norges Bank Watch.txt,https://www.norges-bank.no/en/news-events/news/Speeches/2023/2023-03-01-nbw/,speech_after_meeting,0.7
NORGES_BANK_2022_06_D,NORGES_BANK,2022-06-01,DOC_B9771E47C828,speech,Speeches,Norges Bank’s management of the Government Pension Fund Global,See also,2023-04-18,321,data\NORGES_BANK\Speeches\2023-04-18 - See also - Norges Bank’s management of the Government Pension Fund Global.txt,https://www.norges-bank.no/en/news-events/news/Speeches/2023/2023-04-18-tangen/,speech_after_meeting,0.7
NORGES_BANK_2022_06_D,NORGES_BANK,2022-06-01,DOC_D6CCD622EC1A,speech,Speeches,The conduct of monetary policy,The conduct of monetary policy,2023-05-09,342,data\NORGES_BANK\Speeches\2023-05-09 - The conduct of monetary policy - The conduct of monetary policy.txt,https://www.norges-bank.no/en/news-events/news/Speeches/2023/2023-05-09-storting/,speech_after_meeting,0.7
NORGES_BANK_2022_06_D,NORGES_BANK,2022-06-01,DOC_38B6407AC0DD,speech,Speeches,Norges Bank’s management of the Government Pension Fund Global,,2023-05-18,351,data\NORGES_BANK\Speeches\2023-05-18 - Norges Bank’s management of the Government Pension Fund Global.txt,https://www.norges-bank.no/en/news-events/news/Speeches/2023/2023-05-18-bache/,speech_after_meeting,0.7
NORGES_BANK_2023_06_D,NORGES_BANK,2023-06-01,DOC_E46401275E3D,speech,Speeches,Monetary policy and the krone exchange rate,,2023-06-01,0,data\NORGES_BANK\Speeches\2023-06-01 - Monetary policy and the krone exchange rate.txt,https://www.norges-bank.no/en/news-events/news/Speeches/2023/09-11-2023-cme/,speech_after_meeting,0.7
NORGES_BANK_2023_06_A,NORGES_BANK,2023-06-01,DOC_33FC79FF4FEE,statement,Monetary Policy,Pengepolitisk rapport 1/2023,,2023-06-01,0,data\NORGES_BANK\Monetary Policy\2023-06-01 - Pengepolitisk rapport 1_2023.txt,https://www.norges-bank.no/aktuelt/publikasjoner/Pengepolitisk-rapport/2023/ppr-12023/,anchor_statement,1.0
NORGES_BANK_2023_06_B,NORGES_BANK,2023-06-01,DOC_6AEB34A51607,statement,Monetary Policy,Pengepolitisk rapport 2/2023,,2023-06-01,0,data\NORGES_BANK\Monetary Policy\2023-06-01 - Pengepolitisk rapport 2_2023.txt,https://www.norges-bank.no/aktuelt/publikasjoner/Pengepolitisk-rapport/2023/ppr-22023/,anchor_statement,1.0
NORGES_BANK_2023_06_C,NORGES_BANK,2023-06-01,DOC_4396EC6C2C7A,statement,Monetary Policy,Pengepolitisk rapport 3/2023,,2023-06-01,0,data\NORGES_BANK\Monetary Policy\2023-06-01 - Pengepolitisk rapport 3_2023.txt,https://www.norges-bank.no/aktuelt/publikasjoner/Pengepolitisk-rapport/2023/ppr-32023/,anchor_statement,1.0
NORGES_BANK_2023_06_D,NORGES_BANK,2023-06-01,DOC_1E7C168D76C0,statement,Monetary Policy,Pengepolitisk rapport 4/2023,,2023-06-01,0,data\NORGES_BANK\Monetary Policy\2023-06-01 - Pengepolitisk rapport 4_2023.txt,https://www.norges-bank.no/aktuelt/publikasjoner/Pengepolitisk-rapport/2023/ppr-42023/,anchor_statement,1.0
NORGES_BANK_2023_06_D,NORGES_BANK,2023-06-01,DOC_03FDCECC55C1,speech,Speeches,Structural changes in energy markets and implications for inflation and monetary policy,Ida Wolden Bache,2023-06-27,26,data\NORGES_BANK\Speeches\2023-06-27 - Ida Wolden Bache - Structural changes in energy markets and implications for inflation and monetary policy.txt,https://www.norges-bank.no/en/news-events/news/Speeches/2023/2023-06-27/,speech_after_meeting,0.7
NORGES_BANK_2023_06_D,NORGES_BANK,2023-06-01,DOC_8A8CA86E7E53,speech,Speeches,Higher policy rate to bring down inflation to the target,,2023-08-17,77,data\NORGES_BANK\Speeches\2023-08-17 - Higher policy rate to bring down inflation to the target.txt,https://www.norges-bank.no/en/news-events/news/Speeches/2023/2023-08-17-arendal/,speech_after_meeting,0.7
NORGES_BANK_2023_06_D,NORGES_BANK,2023-06-01,DOC_509342C3814A,speech,Speeches,Central bank digital currency and the singleness of money,Ida Wolden Bache,2023-10-27,148,data\NORGES_BANK\Speeches\2023-10-27 - Ida Wolden Bache - Central bank digital currency and the singleness of money.txt,https://www.norges-bank.no/en/news-events/news/Speeches/2023/2023-10-27-bis/,speech_after_meeting,0.7
NORGES_BANK_2023_06_D,NORGES_BANK,2023-06-01,DOC_58468CAD4EAC,speech,Speeches,Monetary policy in the face of cost shocks,,2023-11-23,175,data\NORGES_BANK\Speeches\2023-11-23 - Monetary policy in the face of cost shocks.txt,https://www.norges-bank.no/en/news-events/news/Speeches/2023/2023-11-23-lo/,speech_after_meeting,0.7
NORGES_BANK_2023_06_D,NORGES_BANK,2023-06-01,DOC_E76F05D2E905,speech,Speeches,Economic perspectives,Economic perspectives,2024-02-15,259,data\NORGES_BANK\Speeches\2024-02-15 - Economic perspectives - Economic perspectives.txt,https://www.norges-bank.no/en/news-events/news/Speeches/2024/2024-02-15-annual-address/,speech_after_meeting,0.7
NORGES_BANK_2023_06_D,NORGES_BANK,2023-06-01,DOC_6171FE8058CF,speech,Speeches,Report from Norges Bank Watch 2024,Remarks by Pål Longva,2024-02-23,267,data\NORGES_BANK\Speeches\2024-02-23 - Remarks by Pål Longva - Report from Norges Bank Watch 2024.txt,https://www.norges-bank.no/en/news-events/news/Speeches/2024/2024-02-23-nbw/,speech_after_meeting,0.7
NORGES_BANK_2023_06_D,NORGES_BANK,2023-06-01,DOC_ED2CC2FA8DB8,speech,Speeches,Bache: Norges Bank’s management of the Government Pension Fund Global,Ida Wolden Bache,2024-04-30,334,data\NORGES_BANK\Speeches\2024-04-30 - Ida Wolden Bache - Bache_ Norges Bank’s management of the Government Pension Fund Global.txt,https://www.norges-bank.no/en/news-events/news/Speeches/2024/2024-04-30-spu-bache/,speech_after_meeting,0.7
NORGES_BANK_2023_06_D,NORGES_BANK,2023-06-01,DOC_22B0B2E64CC1,speech,Speeches,Tangen: Norges Bank’s management of the Government Pension Fund Global,More information,2024-04-30,334,data\NORGES_BANK\Speeches\2024-04-30 - More information - Tangen_ Norges Bank’s management of the Government Pension Fund Global.txt,https://www.norges-bank.no/en/news-events/news/Speeches/2024/2024-04-30-spu-tangen/,speech_after_meeting,0.7
NORGES_BANK_2023_06_D,NORGES_BANK,2023-06-01,DOC_4F1AF9B40F4A,speech,Speeches,The conduct of monetary policy,The conduct of monetary policy,2024-05-07,341,data\NORGES_BANK\Speeches\2024-05-07 - The conduct of monetary policy - The conduct of monetary policy.txt,https://www.norges-bank.no/en/news-events/news/Speeches/2024/2024-05-07-storting/,speech_after_meeting,0.7
NORGES_BANK_2024_06_A,NORGES_BANK,2024-06-01,DOC_1E5D9F89672B,statement,Monetary Policy,Pengepolitisk rapport 1/2024,,2024-06-01,0,data\NORGES_BANK\Monetary Policy\2024-06-01 - Pengepolitisk rapport 1_2024.txt,https://www.norges-bank.no/aktuelt/publikasjoner/Pengepolitisk-rapport/2024/ppr-12024/,anchor_statement,1.0
NORGES_BANK_2024_06_B,NORGES_BANK,2024-06-01,DOC_B99C89C85DB7,statement,Monetary Policy,Pengepolitisk rapport 2/2024,,2024-06-01,0,data\NORGES_BANK\Monetary Policy\2024-06-01 - Pengepolitisk rapport 2_2024.txt,https://www.norges-bank.no/aktuelt/publikasjoner/Pengepolitisk-rapport/2024/ppr-22024/,anchor_statement,1.0
NORGES_BANK_2024_06_C,NORGES_BANK,2024-06-01,DOC_22CC47E6D716,statement,Monetary Policy,Pengepolitisk rapport 3/2024,,2024-06-01,0,data\NORGES_BANK\Monetary Policy\2024-06-01 - Pengepolitisk rapport 3_2024.txt,https://www.norges-bank.no/aktuelt/publikasjoner/Pengepolitisk-rapport/2024/ppr-32024/,anchor_statement,1.0
NORGES_BANK_2024_06_D,NORGES_BANK,2024-06-01,DOC_3D95A2EB57AD,statement,Monetary Policy,Pengepolitisk rapport 4/2024,,2024-06-01,0,data\NORGES_BANK\Monetary Policy\2024-06-01 - Pengepolitisk rapport 4_2024.txt,https://www.norges-bank.no/aktuelt/publikasjoner/Pengepolitisk-rapport/2024/ppr-42024/,anchor_statement,1.0
NORGES_BANK_2024_06_D,NORGES_BANK,2024-06-01,DOC_7FBA4B6AFAAC,speech,Speeches,The management of the Government Pension Fund Global,,2024-07-24,53,data\NORGES_BANK\Speeches\2024-07-24 - The management of the Government Pension Fund Global.txt,https://www.norges-bank.no/en/news-events/news/Speeches/2024/2024-07-24-spu-bache/,speech_after_meeting,0.7
NORGES_BANK_2024_06_D,NORGES_BANK,2024-06-01,DOC_0A844C22FC50,speech,Speeches,The cash-flow channel of monetary policy – micro evidence and macro outcomes,micro evidence and macro outcomes,2024-08-23,83,data\NORGES_BANK\Speeches\2024-08-23 - micro evidence and macro outcomes - The cash-flow channel of monetary policy – micro evidence and macro outcomes.txt,https://www.norges-bank.no/en/news-events/news/Speeches/2024/2024-08-23-jackson-hole/,speech_after_meeting,0.7
NORGES_BANK_2024_06_D,NORGES_BANK,2024-06-01,DOC_FAD97AE739FA,speech,Speeches,Norges Bank’s balance sheet,,2024-10-17,138,data\NORGES_BANK\Speeches\2024-10-17 - Norges Bank’s balance sheet.txt,https://www.norges-bank.no/en/news-events/news/Speeches/2024/2024-10-17-cme/,speech_after_meeting,0.7
NORGES_BANK_2024_06_D,NORGES_BANK,2024-06-01,DOC_8AE8F016BA52,speech,Speeches,Monetary policy trade-offs in a small open economy – the case of Norway,the case of Norway,2024-10-24,145,data\NORGES_BANK\Speeches\2024-10-24 - the case of Norway - Monetary policy trade-offs in a small open economy – the case of Norway.txt,https://www.norges-bank.no/en/news-events/news/Speeches/2024/2024-10-24-peterson-institute/,speech_after_meeting,0.7
NORGES_BANK_2024_06_D,NORGES_BANK,2024-06-01,DOC_C979A2729D9D,speech,Speeches,Responsible innovation in the payment system,,2024-11-07,159,data\NORGES_BANK\Speeches\2024-11-07 - Responsible innovation in the payment system.txt,https://www.norges-bank.no/en/news-events/news/Speeches/2024/2024-11-07-th/,speech_after_meeting,0.7
NORGES_BANK_2024_06_D,NORGES_BANK,2024-06-01,DOC_79AF46A56BD9,speech,Speeches,The krone exchange rate and altered expectations,Speech by Ole Christian Bech-Moen,2025-01-30,243,data\NORGES_BANK\Speeches\2025-01-30 - Speech by Ole Christian Bech-Moen - The krone exchange rate and altered expectations.txt,https://www.norges-bank.no/en/news-events/news/Speeches/2025/2025-01-30-bech-moen/,speech_after_meeting,0.7
NORGES_BANK_2024_06_D,NORGES_BANK,2024-06-01,DOC_E45408EC2C88,speech,Speeches,Economic perspectives,Economic perspectives,2025-02-13,257,data\NORGES_BANK\Speeches\2025-02-13 - Economic perspectives - Economic perspectives.txt,https://www.norges-bank.no/en/news-events/news/Speeches/2025/2025-02-13-annual-address/,speech_after_meeting,0.7
NORGES_BANK_2024_06_D,NORGES_BANK,2024-06-01,DOC_0B4B13C31F26,speech,Speeches,Report from Norges Bank Watch 2025,Remarks by Pål Longva,2025-02-27,271,data\NORGES_BANK\Speeches\2025-02-27 - Remarks by Pål Longva - Report from Norges Bank Watch 2025.txt,https://www.norges-bank.no/en/news-events/news/Speeches/2025/2025-02-27-nb-watch/,speech_after_meeting,0.7
NORGES_BANK_2024_06_D,NORGES_BANK,2024-06-01,DOC_00915FECA4F2,speech,Speeches,The management of the Government Pension Fund Global,,2025-02-27,271,data\NORGES_BANK\Speeches\2025-02-27 - The management of the Government Pension Fund Global.txt,https://www.norges-bank.no/en/news-events/news/Speeches/2025/2025-02-27-cape-town/,speech_after_meeting,0.7
NORGES_BANK_2024_06_D,NORGES_BANK,2024-06-01,DOC_B87468C73A1B,speech,Speeches,Cooperation and independence – Norges Bank in a turbulent world,Norges Bank in a turbulent world,2025-04-08,311,data\NORGES_BANK\Speeches\2025-04-08 - Norges Bank in a turbulent world - Cooperation and independence – Norges Bank in a turbulent world.txt,https://www.norges-bank.no/en/news-events/news/Speeches/2025/2025-04-08-finance-norway-conference/,speech_after_meeting,0.7
NORGES_BANK_2024_06_D,NORGES_BANK,2024-06-01,DOC_DE2F152924E7,speech,Speeches,The conduct of monetary policy,The conduct of monetary policy,2025-05-09,342,data\NORGES_BANK\Speeches\2025-05-09 - The conduct of monetary policy - The conduct of monetary policy.txt,https://www.norges-bank.no/en/news-events/news/Speeches/2025/2025-05-09-storting/,speech_after_meeting,0.7
NORGES_BANK_2024_06_D,NORGES_BANK,2024-06-01,DOC_40ACB846B315,speech,Speeches,Bache: Norges Bank’s management of the Government Pension Fund Global,Ida Wolden Bache,2025-05-13,346,data\NORGES_BANK\Speeches\2025-05-13 - Ida Wolden Bache - Bache_ Norges Bank’s management of the Government Pension Fund Global.txt,https://www.norges-bank.no/en/news-events/news/Speeches/2025/2025-05-13-hearing-bache/,speech_after_meeting,0.7
NORGES_BANK_2024_06_D,NORGES_BANK,2024-06-01,DOC_66AA5D1EC5D2,speech,Speeches,Tangen: Norges Bank's management of the Government Pension Fund Global,,2025-05-13,346,data\NORGES_BANK\Speeches\2025-05-13 - Tangen_ Norges Bank's management of the Government Pension Fund Global.txt,https://www.norges-bank.no/en/news-events/news/Speeches/2025/2025-05-13-hearing-tangen/,speech_after_meeting,0.7
NORGES_BANK_2025_06_A,NORGES_BANK,2025-06-01,DOC_ABCB5E321797,statement,Monetary Policy,Pengepolitisk rapport 1/2025,,2025-06-01,0,data\NORGES_BANK\Monetary Policy\2025-06-01 - Pengepolitisk rapport 1_2025.txt,https://www.norges-bank.no/aktuelt/publikasjoner/Pengepolitisk-rapport/2025/ppr-12025/,anchor_statement,1.0
NORGES_BANK_2025_06_B,NORGES_BANK,2025-06-01,DOC_1C52F656770B,statement,Monetary Policy,Pengepolitisk rapport 2/2025,,2025-06-01,0,data\NORGES_BANK\Monetary Policy\2025-06-01 - Pengepolitisk rapport 2_2025.txt,https://www.norges-bank.no/aktuelt/publikasjoner/Pengepolitisk-rapport/2025/ppr-22025/,anchor_statement,1.0
NORGES_BANK_2025_06_C,NORGES_BANK,2025-06-01,DOC_A4D44C5DD817,statement,Monetary Policy,Pengepolitisk rapport 3/2025,,2025-06-01,0,data\NORGES_BANK\Monetary Policy\2025-06-01 - Pengepolitisk rapport 3_2025.txt,https://www.norges-bank.no/aktuelt/publikasjoner/Pengepolitisk-rapport/2025/pengepolitisk-rapport-32025/,anchor_statement,1.0
NORGES_BANK_2025_06_D,NORGES_BANK,2025-06-01,DOC_5C7854D42A77,statement,Monetary Policy,Pengepolitisk rapport 4/2025,,2025-06-01,0,data\NORGES_BANK\Monetary Policy\2025-06-01 - Pengepolitisk rapport 4_2025.txt,https://www.norges-bank.no/aktuelt/publikasjoner/Pengepolitisk-rapport/2025/ppr-42025/,anchor_statement,1.0
NORGES_BANK_2025_06_D,NORGES_BANK,2025-06-01,DOC_232AF0823969,speech,Speeches,Climate change and monetary policy,,2025-10-07,128,data\NORGES_BANK\Speeches\2025-10-07 - Climate change and monetary policy.txt,https://www.norges-bank.no/en/news-events/news/Speeches/2025/2025-10-07-nhh/,speech_after_meeting,0.7
NORGES_BANK_2025_06_D,NORGES_BANK,2025-06-01,DOC_E972AE5BD3B5,speech,Speeches,A well-balanced payment system,,2025-11-04,156,data\NORGES_BANK\Speeches\2025-11-04 - A well-balanced payment system.txt,https://www.norges-bank.no/en/news-events/news/Speeches/2025/2025-11-04-speech/,speech_after_meeting,0.7
NORGES_BANK_2025_06_D,NORGES_BANK,2025-06-01,DOC_E011DDE0A7B5,speech,Speeches,Speech by Governor Ida Wolden Bache at the 8th Annual Research Conference of the Dutch Central Bank,,2025-11-11,163,data\NORGES_BANK\Speeches\2025-11-11 - Speech by Governor Ida Wolden Bache at the 8th Annual Research Conference of the Dutch Central Bank.txt,https://www.norges-bank.no/en/news-events/news/Speeches/2025/2025-11-11-iwb/,speech_after_meeting,0.7
NORGES_BANK_2025_06_D,NORGES_BANK,2025-06-01,DOC_FB4DD2920131,speech,Speeches,Remarks by Governor Ida Wolden Bache at the Central Bank of Chile,,2025-11-21,173,data\NORGES_BANK\Speeches\2025-11-21 - Remarks by Governor Ida Wolden Bache at the Central Bank of Chile.txt,https://www.norges-bank.no/en/news-events/news/Speeches/2025/2025-11-21-iwb/,speech_after_meeting,0.7
NORGES_BANK_2025_06_D,NORGES_BANK,2025-06-01,DOC_6717C10A65C9,speech,Speeches,Monetary policy and the Norwegian economy,,2025-11-26,178,data\NORGES_BANK\Speeches\2025-11-26 - Monetary policy and the Norwegian economy.txt,https://www.norges-bank.no/en/news-events/news/Speeches/2025/2025-11-26-fellesforbundet/,speech_after_meeting,0.7
NORGES_BANK_2025_06_D,NORGES_BANK,2025-06-01,DOC_EFA35AF59B95,speech,Speeches,How can AI affect monetary policy?,Speech by Ole Christian Bech-Moen,2026-01-29,242,data\NORGES_BANK\Speeches\2026-01-29 - Speech by Ole Christian Bech-Moen - How can AI affect monetary policy_.txt,https://www.norges-bank.no/en/news-events/news/Speeches/2026/2026-01-29-ocbm/,speech_after_meeting,0.7
NORGES_BANK_2025_06_D,NORGES_BANK,2025-06-01,DOC_9AD0F92D69E4,speech,Speeches,Economic perspectives,Economic perspectives,2026-02-12,256,data\NORGES_BANK\Speeches\2026-02-12 - Economic perspectives - Economic perspectives.txt,https://www.norges-bank.no/en/news-events/news/Speeches/2026/2026-02-12-annual-address/,speech_after_meeting,0.7
NORGES_BANK_2025_06_D,NORGES_BANK,2025-06-01,DOC_37413F2AFFF9,speech,Speeches,Report from Norges Bank Watch,Report from Norges Bank Watch,2026-02-24,268,data\NORGES_BANK\Speeches\2026-02-24 - Report from Norges Bank Watch - Report from Norges Bank Watch.txt,https://www.norges-bank.no/en/news-events/news/Speeches/2026/2026-02-24-pal-longva/,speech_after_meeting,0.7
NORGES_BANK_2025_06_D,NORGES_BANK,2025-06-01,DOC_1D308F9AAD38,speech,Speeches,Policy rate kept unchanged at this meeting,,2026-03-26,298,data\NORGES_BANK\Speeches\2026-03-26 - Policy rate kept unchanged at this meeting.txt,https://www.norges-bank.no/en/news-events/news/Speeches/2026/2026-03-26-pk/,speech_after_meeting,0.7
NORGES_BANK_2025_06_D,NORGES_BANK,2025-06-01,DOC_8300F9A14D33,speech,Speeches,Bache: Norges Bank’s management of the Government Pension Fund Global,Ida Wolden Bache,2026-05-05,338,data\NORGES_BANK\Speeches\2026-05-05 - Ida Wolden Bache - Bache_ Norges Bank’s management of the Government Pension Fund Global.txt,https://www.norges-bank.no/en/news-events/news/Speeches/2026/2026-05-05-hearing-bache/,speech_after_meeting,0.7
NORGES_BANK_2025_06_D,NORGES_BANK,2025-06-01,DOC_96F5BB269848,speech,Speeches,Tangen: Norges Bank's management of the Government Pension Fund Global,More information,2026-05-05,338,data\NORGES_BANK\Speeches\2026-05-05 - More information - Tangen_ Norges Bank's management of the Government Pension Fund Global.txt,https://www.norges-bank.no/en/news-events/news/Speeches/2026/2026-05-05-hearing-tangen/,speech_after_meeting,0.7
NORGES_BANK_2025_06_D,NORGES_BANK,2025-06-01,DOC_9A08B9912FEA,speech,Speeches,The conduct of monetary policy,The conduct of monetary policy,2026-05-07,340,data\NORGES_BANK\Speeches\2026-05-07 - The conduct of monetary policy - The conduct of monetary policy.txt,https://www.norges-bank.no/en/news-events/news/Speeches/2026/2026-05-07-finansmarkedsmeldingen/,speech_after_meeting,0.7
NORGES_BANK_2025_06_D,NORGES_BANK,2025-06-01,DOC_6DA971054163,speech,Speeches,Research-based models in monetary policy decision-making,Ida Wolden Bache's speech,2026-05-21,354,data\NORGES_BANK\Speeches\2026-05-21 - Ida Wolden Bache's speech - Research-based models in monetary policy decision-making.txt,https://www.norges-bank.no/en/news-events/news/Speeches/2026/2026-05-21-bache/,speech_after_meeting,0.7
NORGES_BANK_2026_06,NORGES_BANK,2026-06-01,DOC_653DFD4C0D4B,statement,Monetary Policy,Pengepolitisk rapport 1/2026,,2026-06-01,0,data\NORGES_BANK\Monetary Policy\2026-06-01 - Pengepolitisk rapport 1_2026.txt,https://www.norges-bank.no/aktuelt/publikasjoner/Pengepolitisk-rapport/2026/ppr-12026/,anchor_statement,1.0
RBA_2021_02,RBA,2021-02-02,DOC_E0607434F3FE,minutes,Minutes,2 February 2021,,2021-02-02,0,data\RBA\Minutes\2021-02-02 - 2 February 2021.txt,https://www.rba.gov.au/monetary-policy/rba-board-minutes/2021/2021-02-02.html,minutes_for_prior_meeting,0.9
RBA_2021_02,RBA,2021-02-02,DOC_BDF1D0C04D65,statement,Monetary Policy,2 February 2021,,2021-02-02,0,data\RBA\Monetary Policy\2021-06-01 - 2 February 2021.txt,https://www.rba.gov.au/media-releases/2021/mr-21-01.html,anchor_statement,1.0
RBA_2021_02,RBA,2021-02-02,DOC_6A6D1A1A326F,speech,Speeches,The Year Ahead – Canberra,Canberra,2021-02-03,1,data\RBA\Speeches\2021-02-03 - Canberra - The Year Ahead – Canberra.txt,https://www.rba.gov.au/speeches/2021/sp-gov-2021-02-03.html,speech_after_meeting,0.7
RBA_2021_02,RBA,2021-02-02,DOC_38C58F0E4652,speech,Speeches,Opening Statement to the House of Representatives Standing Committee on Economics – Canberra,Canberra,2021-02-05,3,data\RBA\Speeches\2021-02-05 - Canberra - Opening Statement to the House of Representatives Standing Committee on Economics – Canberra.txt,https://www.rba.gov.au/speeches/2021/sp-gov-2021-02-05.html,speech_after_meeting,0.7
RBA_2021_02,RBA,2021-02-02,DOC_701DE453AD08,speech,Speeches,"Opening Statement to House of Representatives
 Standing Committee on Economics, Finance and Public Administration – Perth",Perth,2021-02-07,5,"data\RBA\Speeches\2021-02-07 - Perth - Opening Statement to House of Representatives Standing Committee on Economics, Finance and Public Administration – Perth.txt",https://www.rba.gov.au/speeches/2007/sp-gov-210207.html,speech_after_meeting,0.7
RBA_2021_02,RBA,2021-02-02,DOC_72ED4BB5CA64,speech,Speeches,FX Markets Around the Turn of the Year – Webinar,Webinar,2021-02-17,15,data\RBA\Speeches\2021-02-17 - Webinar - FX Markets Around the Turn of the Year – Webinar.txt,https://www.rba.gov.au/speeches/2021/sp-ag-2021-02-17.html,speech_after_meeting,0.7
RBA_2021_03,RBA,2021-03-02,DOC_D5A5E120EAFC,minutes,Minutes,2 March 2021,,2021-03-02,0,data\RBA\Minutes\2021-03-02 - 2 March 2021.txt,https://www.rba.gov.au/monetary-policy/rba-board-minutes/2021/2021-03-02.html,minutes_for_prior_meeting,0.9
RBA_2021_03,RBA,2021-03-02,DOC_1B0E5ED027E0,statement,Monetary Policy,2 March 2021,,2021-03-02,0,data\RBA\Monetary Policy\2021-06-01 - 2 March 2021.txt,https://www.rba.gov.au/media-releases/2021/mr-21-03.html,anchor_statement,1.0
RBA_2021_03,RBA,2021-03-02,DOC_326D833FC33E,speech,Speeches,"The Recovery, Investment and Monetary Policy – Sydney",Sydney,2021-03-10,8,"data\RBA\Speeches\2021-03-10 - Sydney - The Recovery, Investment and Monetary Policy – Sydney.txt",https://www.rba.gov.au/speeches/2021/sp-gov-2021-03-10.html,speech_after_meeting,0.7
RBA_2021_03,RBA,2021-03-02,DOC_637D95845D6B,speech,Speeches,Opening Remarks – Online,Online,2021-03-15,13,data\RBA\Speeches\2021-03-15 - Online - Opening Remarks – Online.txt,https://www.rba.gov.au/speeches/2021/sp-gov-2021-03-15.html,speech_after_meeting,0.7
RBA_2021_03,RBA,2021-03-02,DOC_A960985FE8D1,speech,Speeches,Small Businesses Finance in the Pandemic – Sydney,Sydney,2021-03-17,15,data\RBA\Speeches\2021-03-17 - Sydney - Small Businesses Finance in the Pandemic – Sydney.txt,https://www.rba.gov.au/speeches/2021/sp-ag-2021-03-17.html,speech_after_meeting,0.7
RBA_2021_03,RBA,2021-03-02,DOC_D08C36BF936B,speech,Speeches,The End of Libor and the Australian Market – Online,Online,2021-03-18,16,data\RBA\Speeches\2021-03-18 - Online - The End of Libor and the Australian Market – Online.txt,https://www.rba.gov.au/speeches/2021/sp-ag-2021-03-18.html,speech_after_meeting,0.7
RBA_2021_04,RBA,2021-04-06,DOC_D682F323C41C,minutes,Minutes,6 April 2021,,2021-04-06,0,data\RBA\Minutes\2021-04-06 - 6 April 2021.txt,https://www.rba.gov.au/monetary-policy/rba-board-minutes/2021/2021-04-06.html,minutes_for_prior_meeting,0.9
RBA_2021_04,RBA,2021-04-06,DOC_B9ED5BF27CF8,statement,Monetary Policy,6 April 2021,,2021-04-06,0,data\RBA\Monetary Policy\2021-06-01 - 6 April 2021.txt,https://www.rba.gov.au/media-releases/2021/mr-21-04.html,anchor_statement,1.0
RBA_2021_04,RBA,2021-04-06,DOC_46D5CB555ED8,speech,Speeches,The Road to Recovery – Adelaide,Adelaide,2021-04-09,3,data\RBA\Speeches\2021-04-09 - Adelaide - The Road to Recovery – Adelaide.txt,https://www.rba.gov.au/speeches/2009/sp-gov-210409.html,speech_after_meeting,0.7
RBA_2021_05,RBA,2021-05-04,DOC_8371C22E8D7F,minutes,Minutes,4 May 2021,,2021-05-04,0,data\RBA\Minutes\2021-05-04 - 4 May 2021.txt,https://www.rba.gov.au/monetary-policy/rba-board-minutes/2021/2021-05-04.html,minutes_for_prior_meeting,0.9
RBA_2021_05,RBA,2021-05-04,DOC_ADDAEC524625,statement,Monetary Policy,4 May 2021,,2021-05-04,0,data\RBA\Monetary Policy\2021-06-01 - 4 May 2021.txt,https://www.rba.gov.au/media-releases/2021/mr-21-06.html,anchor_statement,1.0
RBA_2021_05,RBA,2021-05-04,DOC_51CA583662D8,speech,Speeches,Monetary Policy During COVID – Online,Online,2021-05-06,2,data\RBA\Speeches\2021-05-06 - Online - Monetary Policy During COVID – Online.txt,https://www.rba.gov.au/speeches/2021/sp-dg-2021-05-06.html,speech_after_meeting,0.7
RBA_2021_06,RBA,2021-06-01,DOC_8A6EB0086E66,minutes,Minutes,1 June 2021,,2021-06-01,0,data\RBA\Minutes\2021-06-01 - 1 June 2021.txt,https://www.rba.gov.au/monetary-policy/rba-board-minutes/2021/2021-06-01.html,minutes_for_prior_meeting,0.9
RBA_2021_06,RBA,2021-06-01,DOC_B33299AFD4FD,statement,Monetary Policy,1 June 2021,,2021-06-01,0,data\RBA\Monetary Policy\2021-06-01 - 1 June 2021.txt,https://www.rba.gov.au/media-releases/2021/mr-21-09.html,anchor_statement,1.0
RBA_2021_06,RBA,2021-06-01,DOC_3434582645E0,speech,Speeches,Uncertainty and Risk Aversion – Before and After the Pandemic – Canberra,Canberra,2021-06-02,1,data\RBA\Speeches\2021-06-02 - Canberra - Uncertainty and Risk Aversion – Before and After the Pandemic – Canberra.txt,https://www.rba.gov.au/speeches/2021/sp-so-2021-06-02.html,speech_after_meeting,0.7
RBA_2021_06,RBA,2021-06-01,DOC_A4387E9BA5D9,speech,Speeches,Monetary Policy During COVID-19,Guy Debelle,2021-06-03,2,data\RBA\Speeches\2021-06-03 - Guy Debelle - Monetary Policy During COVID-19.txt,https://www.rba.gov.au/speeches/2021/sp-dg-2021-06-03.html,speech_after_meeting,0.7
RBA_2021_06,RBA,2021-06-01,DOC_783890C3493E,speech,Speeches,"The Term Funding Facility, Other Policy Measures, and Financial Conditions – Online",Online,2021-06-09,8,"data\RBA\Speeches\2021-06-09 - Online - The Term Funding Facility, Other Policy Measures, and Financial Conditions – Online.txt",https://www.rba.gov.au/speeches/2021/sp-ag-2021-06-09.html,speech_after_meeting,0.7
RBA_2021_06,RBA,2021-06-01,DOC_BF8E9AF823F7,speech,Speeches,From Recovery to Expansion – Toowoomba,Toowoomba,2021-06-17,16,data\RBA\Speeches\2021-06-17 - Toowoomba - From Recovery to Expansion – Toowoomba.txt,https://www.rba.gov.au/speeches/2021/sp-gov-2021-06-17.html,speech_after_meeting,0.7
RBA_2021_06,RBA,2021-06-01,DOC_37EC22410222,speech,Speeches,Lessons and Lasting Effects of the Pandemic – Adelaide,Adelaide,2021-06-23,22,data\RBA\Speeches\2021-06-23 - Adelaide - Lessons and Lasting Effects of the Pandemic – Adelaide.txt,https://www.rba.gov.au/speeches/2021/sp-ag-2021-06-23.html,speech_after_meeting,0.7
RBA_2021_07,RBA,2021-07-06,DOC_C5442266B0F5,minutes,Minutes,6 July 2021,,2021-07-06,0,data\RBA\Minutes\2021-07-06 - 6 July 2021.txt,https://www.rba.gov.au/monetary-policy/rba-board-minutes/2021/2021-07-06.html,minutes_for_prior_meeting,0.9
RBA_2021_07,RBA,2021-07-06,DOC_B9E0F9399046,speech,Speeches,Today's Monetary Policy Decision – Online,Online,2021-07-06,0,data\RBA\Speeches\2021-07-06 - Online - Today's Monetary Policy Decision – Online.txt,https://www.rba.gov.au/speeches/2021/sp-gov-2021-07-06.html,speech_after_meeting,0.7
RBA_2021_07,RBA,2021-07-06,DOC_9C21426F3135,statement,Monetary Policy,6 July 2021,,2021-07-06,0,data\RBA\Monetary Policy\2021-06-01 - 6 July 2021.txt,https://www.rba.gov.au/media-releases/2021/mr-21-13.html,anchor_statement,1.0
RBA_2021_07,RBA,2021-07-06,DOC_FA7E13E2EE9C,speech,Speeches,The Labour Market and Monetary Policy – Online,Online,2021-07-08,2,data\RBA\Speeches\2021-07-08 - Online - The Labour Market and Monetary Policy – Online.txt,https://www.rba.gov.au/speeches/2021/sp-gov-2021-07-08.html,speech_after_meeting,0.7
RBA_2021_07,RBA,2021-07-06,DOC_BBC4FF3C453D,speech,Speeches,The FX Global Code – Virtual Conference,Virtual Conference,2021-07-27,21,data\RBA\Speeches\2021-07-27 - Virtual Conference - The FX Global Code – Virtual Conference.txt,https://www.rba.gov.au/speeches/2021/sp-dg-2021-07-27.html,speech_after_meeting,0.7
RBA_2021_07,RBA,2021-07-06,DOC_C61F556007A1,speech,Speeches,What Does Good Monetary Policy Look Like? – Brisbane,Brisbane,2021-08-02,27,data\RBA\Speeches\2021-08-02 - Brisbane - What Does Good Monetary Policy Look Like_ – Brisbane.txt,https://www.rba.gov.au/speeches/2002/sp-gov-210802.html,speech_after_meeting,0.7
RBA_2021_08,RBA,2021-08-03,DOC_2C981B06D83F,minutes,Minutes,3 August 2021,,2021-08-03,0,data\RBA\Minutes\2021-08-03 - 3 August 2021.txt,https://www.rba.gov.au/monetary-policy/rba-board-minutes/2021/2021-08-03.html,minutes_for_prior_meeting,0.9
RBA_2021_08,RBA,2021-08-03,DOC_FABE234AD08C,statement,Monetary Policy,3 August 2021,,2021-08-03,0,data\RBA\Monetary Policy\2021-06-01 - 3 August 2021.txt,https://www.rba.gov.au/media-releases/2021/mr-21-14.html,anchor_statement,1.0
RBA_2021_08,RBA,2021-08-03,DOC_6F804C858E9D,speech,Speeches,Opening Statement to the House of Representatives Standing Committee on Economics – Online,Online,2021-08-06,3,data\RBA\Speeches\2021-08-06 - Online - Opening Statement to the House of Representatives Standing Committee on Economics – Online.txt,https://www.rba.gov.au/speeches/2021/sp-gov-2021-08-06.html,speech_after_meeting,0.7
RBA_2021_08,RBA,2021-08-03,DOC_63780B574C95,speech,Speeches,Updates to the FX Global Code – Virtual Conference,Virtual Conference,2021-08-20,17,data\RBA\Speeches\2021-08-20 - Virtual Conference - Updates to the FX Global Code – Virtual Conference.txt,https://www.rba.gov.au/speeches/2021/sp-ag-2021-08-20.html,speech_after_meeting,0.7
RBA_2021_09,RBA,2021-09-07,DOC_9C94E1AC33A1,minutes,Minutes,7 September 2021,,2021-09-07,0,data\RBA\Minutes\2021-09-07 - 7 September 2021.txt,https://www.rba.gov.au/monetary-policy/rba-board-minutes/2021/2021-09-07.html,minutes_for_prior_meeting,0.9
RBA_2021_09,RBA,2021-09-07,DOC_D151043468BF,statement,Monetary Policy,7 September 2021,,2021-09-07,0,data\RBA\Monetary Policy\2021-06-01 - 7 September 2021.txt,https://www.rba.gov.au/media-releases/2021/mr-21-19.html,anchor_statement,1.0
RBA_2021_09,RBA,2021-09-07,DOC_A3CD81A53393,speech,Speeches,The FX Global Code – Hybrid Conference,Hybrid Conference,2021-09-08,1,data\RBA\Speeches\2021-09-08 - Hybrid Conference - The FX Global Code – Hybrid Conference.txt,https://www.rba.gov.au/speeches/2021/sp-dg-2021-09-08.html,speech_after_meeting,0.7
RBA_2021_09,RBA,2021-09-07,DOC_A71511693619,speech,Speeches,Priorities of EMEAP and Update on Global FX Code of Conduct – Virtual Conference,Virtual Conference,2021-09-09,2,data\RBA\Speeches\2021-09-09 - Virtual Conference - Priorities of EMEAP and Update on Global FX Code of Conduct – Virtual Conference.txt,https://www.rba.gov.au/speeches/2021/sp-dg-2021-09-09.html,speech_after_meeting,0.7
RBA_2021_09,RBA,2021-09-07,DOC_127C93EFA011,speech,Speeches,Will Australia Catch a US Cold? – New York,New York,2021-09-11,4,data\RBA\Speeches\2021-09-11 - New York - Will Australia Catch a US Cold_ – New York.txt,https://www.rba.gov.au/speeches/2011/sp-dg-210911.html,speech_after_meeting,0.7
RBA_2021_09,RBA,2021-09-07,DOC_105951ADF557,speech,Speeches,"Delta, the Economy and Monetary Policy – Online",Online,2021-09-14,7,"data\RBA\Speeches\2021-09-14 - Online - Delta, the Economy and Monetary Policy – Online.txt",https://www.rba.gov.au/speeches/2021/sp-gov-2021-09-14.html,speech_after_meeting,0.7
RBA_2021_09,RBA,2021-09-07,DOC_3F8CACA1CE32,speech,Speeches,The Housing Market and Financial Stability – Online,Online,2021-09-22,15,data\RBA\Speeches\2021-09-22 - Online - The Housing Market and Financial Stability – Online.txt,https://www.rba.gov.au/speeches/2021/sp-ag-2021-09-22.html,speech_after_meeting,0.7
RBA_2021_10,RBA,2021-10-05,DOC_F0C3D1371837,minutes,Minutes,5 October 2021,,2021-10-05,0,data\RBA\Minutes\2021-10-05 - 5 October 2021.txt,https://www.rba.gov.au/monetary-policy/rba-board-minutes/2021/2021-10-05.html,minutes_for_prior_meeting,0.9
RBA_2021_10,RBA,2021-10-05,DOC_17297B3B1678,statement,Monetary Policy,5 October 2021,,2021-10-05,0,data\RBA\Monetary Policy\2021-06-01 - 5 October 2021.txt,https://www.rba.gov.au/media-releases/2021/mr-21-22.html,anchor_statement,1.0
RBA_2021_10,RBA,2021-10-05,DOC_4778B0D7E784,speech,Speeches,"Australia, New Zealand and the International Economy – Sydney",Sydney,2021-10-08,3,"data\RBA\Speeches\2021-10-08 - Sydney - Australia, New Zealand and the International Economy – Sydney.txt",https://www.rba.gov.au/speeches/2008/sp-gov-211008.html,speech_after_meeting,0.7
RBA_2021_10,RBA,2021-10-05,DOC_16FAA403F8F7,speech,Speeches,Climate Risks and the Australian Financial System – Virtual Conference,Virtual Conference,2021-10-14,9,data\RBA\Speeches\2021-10-14 - Virtual Conference - Climate Risks and the Australian Financial System – Virtual Conference.txt,https://www.rba.gov.au/speeches/2021/sp-dg-2021-10-14.html,speech_after_meeting,0.7
RBA_2021_10,RBA,2021-10-05,DOC_D329FF6D5DFA,speech,Speeches,Investing in a Low Interest Rate World – Sydney,Sydney,2021-10-14,9,data\RBA\Speeches\2021-10-14 - Sydney - Investing in a Low Interest Rate World – Sydney.txt,https://www.rba.gov.au/speeches/2014/sp-dg-211014.html,speech_after_meeting,0.7
RBA_2021_10,RBA,2021-10-05,DOC_94DFC600B63C,speech,Speeches,Summary,Philip Lowe,2021-10-14,9,data\RBA\Speeches\2021-10-14 - Philip Lowe - Summary.txt,https://www.rba.gov.au/speeches/2014/sp-dg-211014-summary.html,speech_after_meeting,0.7
RBA_2021_10,RBA,2021-10-05,DOC_A9439D9EA66E,speech,Speeches,"Universidad De Chile Conference on Central Bank Independence, Mandates and Policies – Webinar",Webinar,2021-10-22,17,"data\RBA\Speeches\2021-10-22 - Webinar - Universidad De Chile Conference on Central Bank Independence, Mandates and Policies – Webinar.txt",https://www.rba.gov.au/speeches/2021/sp-gov-2021-10-22.html,speech_after_meeting,0.7
RBA_2021_11,RBA,2021-11-02,DOC_694D690828A6,minutes,Minutes,2 November 2021,,2021-11-02,0,data\RBA\Minutes\2021-11-02 - 2 November 2021.txt,https://www.rba.gov.au/monetary-policy/rba-board-minutes/2021/2021-11-02.html,minutes_for_prior_meeting,0.9
RBA_2021_11,RBA,2021-11-02,DOC_E21D404DAC2C,speech,Speeches,Panel Participation at Impact X Sydney Summit on ‘Disclosure as a Catalyst for Climate Investment and Opportunity’ – Online,Online,2021-11-02,0,data\RBA\Speeches\2021-11-02 - Online - Panel Participation at Impact X Sydney Summit on ‘Disclosure as a Catalyst for Climate Investment and Opportunity’ – Online.txt,https://www.rba.gov.au/speeches/2021/sp-dg-2021-11-02.html,speech_after_meeting,0.7
RBA_2021_11,RBA,2021-11-02,DOC_85FFEBFC88A0,speech,Speeches,Today's Monetary Policy Decision – Online,Online,2021-11-02,0,data\RBA\Speeches\2021-11-02 - Online - Today's Monetary Policy Decision – Online.txt,https://www.rba.gov.au/speeches/2021/sp-gov-2021-11-02.html,speech_after_meeting,0.7
RBA_2021_11,RBA,2021-11-02,DOC_5B0349B10758,statement,Monetary Policy,2 November 2021,,2021-11-02,0,data\RBA\Monetary Policy\2021-06-01 - 2 November 2021.txt,https://www.rba.gov.au/media-releases/2021/mr-21-24.html,anchor_statement,1.0
RBA_2021_11,RBA,2021-11-02,DOC_DD107BEF49F1,speech,Speeches,The Present and Possible Future of Secured Issuance – Sydney,Sydney,2021-11-11,9,data\RBA\Speeches\2021-11-11 - Sydney - The Present and Possible Future of Secured Issuance – Sydney.txt,https://www.rba.gov.au/speeches/2011/sp-ag-211111.html,speech_after_meeting,0.7
RBA_2021_11,RBA,2021-11-02,DOC_A7BD452E8476,speech,Speeches,The Australian Dollar: Thirty Years of Floating – Sydney,Sydney,2021-11-13,11,data\RBA\Speeches\2021-11-13 - Sydney - The Australian Dollar_ Thirty Years of Floating – Sydney.txt,https://www.rba.gov.au/speeches/2013/sp-gov-211113.html,speech_after_meeting,0.7
RBA_2021_11,RBA,2021-11-02,DOC_953A678A6C11,speech,Speeches,The Domestic Outlook and the Role of Mining – Sydney,Sydney,2021-11-14,12,data\RBA\Speeches\2021-11-14 - Sydney - The Domestic Outlook and the Role of Mining – Sydney.txt,https://www.rba.gov.au/speeches/2014/sp-so-211114.html,speech_after_meeting,0.7
RBA_2021_11,RBA,2021-11-02,DOC_F689FB3869A1,speech,Speeches,Opening Remarks to the Inquiry on Housing Affordability and Supply in Australia – Videoconference,Videoconference,2021-11-15,13,data\RBA\Speeches\2021-11-15 - Videoconference - Opening Remarks to the Inquiry on Housing Affordability and Supply in Australia – Videoconference.txt,https://www.rba.gov.au/speeches/2021/sp-ag-2021-11-15.html,speech_after_meeting,0.7
RBA_2021_11,RBA,2021-11-02,DOC_8B77236C4928,speech,Speeches,Recent Trends in Inflation – Online and Sydney,Online and Sydney,2021-11-16,14,data\RBA\Speeches\2021-11-16 - Online and Sydney - Recent Trends in Inflation – Online and Sydney.txt,https://www.rba.gov.au/speeches/2021/sp-gov-2021-11-16.html,speech_after_meeting,0.7
RBA_2021_11,RBA,2021-11-02,DOC_E56C2BC41CC5,speech,Speeches,Innovation and Dynamism in the Post-pandemic World – Webinar,Webinar,2021-11-18,16,data\RBA\Speeches\2021-11-18 - Webinar - Innovation and Dynamism in the Post-pandemic World – Webinar.txt,https://www.rba.gov.au/speeches/2021/sp-ag-2021-11-18.html,speech_after_meeting,0.7
RBA_2021_11,RBA,2021-11-02,DOC_E252755CD098,speech,Speeches,"The Future of Payments: Cryptocurrencies, Stablecoins or Central Bank Digital Currencies? – Online",Online,2021-11-18,16,"data\RBA\Speeches\2021-11-18 - Online - The Future of Payments_ Cryptocurrencies, Stablecoins or Central Bank Digital Currencies_ – Online.txt",https://www.rba.gov.au/speeches/2021/sp-so-2021-11-18.html,speech_after_meeting,0.7
RBA_2021_11,RBA,2021-11-02,DOC_E3399B233CD3,speech,Speeches,Australian Securities Markets Through the Pandemic – Online,Online,2021-11-23,21,data\RBA\Speeches\2021-11-23 - Online - Australian Securities Markets Through the Pandemic – Online.txt,https://www.rba.gov.au/speeches/2021/sp-so-2021-11-23.html,speech_after_meeting,0.7
RBA_2021_11,RBA,2021-11-02,DOC_F18051258C3C,speech,Speeches,Panel Participation at Australian Securitisation Forum Virtual Conference 2021 on ‘Transition to Risk Free Rates – the Future of BBSW’ – Online,Online,2021-11-23,21,data\RBA\Speeches\2021-11-23 - Online - Panel Participation at Australian Securitisation Forum Virtual Conference 2021 on ‘Transition to Risk Free Rates – the Future of.txt,https://www.rba.gov.au/speeches/2021/sp-so-2021-11-23-2.html,speech_after_meeting,0.7
RBA_2021_11,RBA,2021-11-02,DOC_17D56DC2BFD9,speech,Speeches,Panel Participation at Women in Payments on ‘Central Bank Digital Currencies’ – Online,Online,2021-11-24,22,data\RBA\Speeches\2021-11-24 - Online - Panel Participation at Women in Payments on ‘Central Bank Digital Currencies’ – Online.txt,https://www.rba.gov.au/speeches/2021/sp-ag-2021-11-24.html,speech_after_meeting,0.7
RBA_2021_11,RBA,2021-11-02,DOC_74FCF6CE48A6,speech,Speeches,Panel Participation at Women in Payments on ‘The Future of Payments in Australia’ – Online,Online,2021-11-24,22,data\RBA\Speeches\2021-11-24 - Online - Panel Participation at Women in Payments on ‘The Future of Payments in Australia’ – Online.txt,https://www.rba.gov.au/speeches/2021/sp-ag-2021-11-24-2.html,speech_after_meeting,0.7
RBA_2021_11,RBA,2021-11-02,DOC_B3628516BA7A,speech,Speeches,Fireside Chat at ACI Australia Conference – Sydney,Sydney,2021-11-30,28,data\RBA\Speeches\2021-11-30 - Sydney - Fireside Chat at ACI Australia Conference – Sydney.txt,https://www.rba.gov.au/speeches/2021/sp-dg-2021-11-30-2.html,speech_after_meeting,0.7
RBA_2021_11,RBA,2021-11-02,DOC_55F3C7B903FD,speech,Speeches,The Indigenous Economy in Australia and the Reserve Bank of Australia – Online,Online,2021-11-30,28,data\RBA\Speeches\2021-11-30 - Online - The Indigenous Economy in Australia and the Reserve Bank of Australia – Online.txt,https://www.rba.gov.au/speeches/2021/sp-dg-2021-11-30.html,speech_after_meeting,0.7
RBA_2021_12,RBA,2021-12-07,DOC_1F90BAA95F84,minutes,Minutes,7 December 2021,,2021-12-07,0,data\RBA\Minutes\2021-12-07 - 7 December 2021.txt,https://www.rba.gov.au/monetary-policy/rba-board-minutes/2021/2021-12-07.html,minutes_for_prior_meeting,0.9
RBA_2021_12,RBA,2021-12-07,DOC_6C5450EC6F09,statement,Monetary Policy,7 December 2021,,2021-12-07,0,data\RBA\Monetary Policy\2021-06-01 - 7 December 2021.txt,https://www.rba.gov.au/media-releases/2021/mr-21-29.html,anchor_statement,1.0
RBA_2021_12,RBA,2021-12-07,DOC_A9070E9CE336,speech,Speeches,Payments: The Future? – Online,Online,2021-12-09,2,data\RBA\Speeches\2021-12-09 - Online - Payments_ The Future_ – Online.txt,https://www.rba.gov.au/speeches/2021/sp-gov-2021-12-09.html,speech_after_meeting,0.7
RBA_2021_12,RBA,2021-12-07,DOC_3460EBB7E7F0,speech,Speeches,Climate Change – Financial Risks and Opportunities,Financial Risks and Opportunities,2021-12-16,9,data\RBA\Speeches\2021-12-16 - Financial Risks and Opportunities - Climate Change – Financial Risks and Opportunities.txt,https://www.rba.gov.au/speeches/2021/sp-dg-2021-12-16.html,speech_after_meeting,0.7
RBA_2021_12,RBA,2021-12-07,DOC_6B2B744CE992,speech,Speeches,Evolving Bank and Systemic Risk – Online,Online,2021-12-16,9,data\RBA\Speeches\2021-12-16 - Online - Evolving Bank and Systemic Risk – Online.txt,https://www.rba.gov.au/speeches/2021/sp-so-2021-12-16.html,speech_after_meeting,0.7
RBA_2021_12,RBA,2021-12-07,DOC_976166A0C47F,speech,Speeches,The RBA and the Australian Economy – Wagga Wagga,Wagga Wagga,2021-12-16,9,data\RBA\Speeches\2021-12-16 - Wagga Wagga - The RBA and the Australian Economy – Wagga Wagga.txt,https://www.rba.gov.au/speeches/2021/sp-gov-2021-12-16.html,speech_after_meeting,0.7
RBA_2022_02,RBA,2022-02-01,DOC_BF6E4C51247E,minutes,Minutes,1 February 2022,,2022-02-01,0,data\RBA\Minutes\2022-02-01 - 1 February 2022.txt,https://www.rba.gov.au/monetary-policy/rba-board-minutes/2022/2022-02-01.html,minutes_for_prior_meeting,0.9
RBA_2022_02,RBA,2022-02-01,DOC_51146BD04AA5,statement,Monetary Policy,1 February 2022,,2022-02-01,0,data\RBA\Monetary Policy\2022-06-01 - 1 February 2022.txt,https://www.rba.gov.au/media-releases/2022/mr-22-02.html,anchor_statement,1.0
RBA_2022_02,RBA,2022-02-01,DOC_E263ED4A4F8B,speech,Speeches,The Year Ahead – Sydney,Sydney,2022-02-02,1,data\RBA\Speeches\2022-02-02 - Sydney - The Year Ahead – Sydney.txt,https://www.rba.gov.au/speeches/2022/sp-gov-2022-02-02.html,speech_after_meeting,0.7
RBA_2022_02,RBA,2022-02-01,DOC_C0A7C1689902,speech,Speeches,Some Observations on Recent Economic and Financial Trends – Melbourne,Melbourne,2022-02-06,5,data\RBA\Speeches\2022-02-06 - Melbourne - Some Observations on Recent Economic and Financial Trends – Melbourne.txt,https://www.rba.gov.au/speeches/2006/sp-dg-220206.html,speech_after_meeting,0.7
RBA_2022_02,RBA,2022-02-01,DOC_6AD96DB8CB28,speech,Speeches,Opening Statement to the House of Representatives Standing Committee on Economics – Online,Online,2022-02-11,10,data\RBA\Speeches\2022-02-11 - Online - Opening Statement to the House of Representatives Standing Committee on Economics – Online.txt,https://www.rba.gov.au/speeches/2022/sp-gov-2022-02-11.html,speech_after_meeting,0.7
RBA_2022_02,RBA,2022-02-01,DOC_61E3807E1DD6,speech,Speeches,Opening Statement to House of Representatives Standing Committee on Economics – Canberra,Canberra,2022-02-13,12,data\RBA\Speeches\2022-02-13 - Canberra - Opening Statement to House of Representatives Standing Committee on Economics – Canberra.txt,https://www.rba.gov.au/speeches/2013/sp-gov-220213.html,speech_after_meeting,0.7
RBA_2022_02,RBA,2022-02-01,DOC_C9AF03B3130D,speech,Speeches,Role of the Financial Sector in Sustaining the Recovery – Remarks to G20 Meeting in Indonesia – Online,Online,2022-02-19,18,data\RBA\Speeches\2022-02-19 - Online - Role of the Financial Sector in Sustaining the Recovery – Remarks to G20 Meeting in Indonesia – Online.txt,https://www.rba.gov.au/speeches/2022/sp-gov-2022-02-19.html,speech_after_meeting,0.7
RBA_2022_02,RBA,2022-02-01,DOC_86E5D707B40D,speech,Speeches,Changes to the Reserve Bank's Open Market Operations – Sydney,Sydney,2022-02-22,21,data\RBA\Speeches\2022-02-22 - Sydney - Changes to the Reserve Bank's Open Market Operations – Sydney.txt,https://www.rba.gov.au/speeches/2022/sp-ag-2022-02-22.html,speech_after_meeting,0.7
RBA_2022_03,RBA,2022-03-01,DOC_C1EF8612FFBB,minutes,Minutes,1 March 2022,,2022-03-01,0,data\RBA\Minutes\2022-03-01 - 1 March 2022.txt,https://www.rba.gov.au/monetary-policy/rba-board-minutes/2022/2022-03-01.html,minutes_for_prior_meeting,0.9
RBA_2022_03,RBA,2022-03-01,DOC_7E0F9E69D369,statement,Monetary Policy,1 March 2022,,2022-03-01,0,data\RBA\Monetary Policy\2022-06-01 - 1 March 2022.txt,https://www.rba.gov.au/media-releases/2022/mr-22-05.html,anchor_statement,1.0
RBA_2022_03,RBA,2022-03-01,DOC_7C8322B5AC63,speech,Speeches,Sir Leslie Melville: His Contribution to Central Banking in Australia – Canberra,Canberra,2022-03-02,1,data\RBA\Speeches\2022-03-02 - Canberra - Sir Leslie Melville_ His Contribution to Central Banking in Australia – Canberra.txt,https://www.rba.gov.au/speeches/2002/sp-gov-220302.html,speech_after_meeting,0.7
RBA_2022_03,RBA,2022-03-01,DOC_7A9CDB569ECE,speech,Speeches,Panel Participation at the Economic Implications of the Digital Economy Conference – Sydney,Sydney,2022-03-09,8,data\RBA\Speeches\2022-03-09 - Sydney - Panel Participation at the Economic Implications of the Digital Economy Conference – Sydney.txt,https://www.rba.gov.au/speeches/2022/sp-dg-2022-03-09.html,speech_after_meeting,0.7
RBA_2022_03,RBA,2022-03-01,DOC_3094C67E3B99,speech,Speeches,Recent Economic Developments – Sydney,Sydney,2022-03-09,8,data\RBA\Speeches\2022-03-09 - Sydney - Recent Economic Developments – Sydney.txt,https://www.rba.gov.au/speeches/2022/sp-gov-2022-03-09.html,speech_after_meeting,0.7
RBA_2022_03,RBA,2022-03-01,DOC_9B7FFCA676F6,speech,Speeches,Opening address at Banking 2022 Conference,Philip Lowe,2022-03-11,10,data\RBA\Speeches\2022-03-11 - Philip Lowe - Opening address at Banking 2022 Conference.txt,https://www.rba.gov.au/speeches/2022/sp-gov-2022-03-11.html,speech_after_meeting,0.7
RBA_2022_03,RBA,2022-03-01,DOC_C8EEEBA3BC2D,speech,Speeches,Bank Funding – Sydney,Sydney,2022-03-12,11,data\RBA\Speeches\2022-03-12 - Sydney - Bank Funding – Sydney.txt,https://www.rba.gov.au/speeches/2012/sp-ag-220312.html,speech_after_meeting,0.7
RBA_2022_03,RBA,2022-03-01,DOC_F8D4A5350694,speech,Speeches,The Financial System in the Post-crisis Environment – Melbourne,Melbourne,2022-03-13,12,data\RBA\Speeches\2022-03-13 - Melbourne - The Financial System in the Post-crisis Environment – Melbourne.txt,https://www.rba.gov.au/speeches/2013/sp-ag-220313.html,speech_after_meeting,0.7
RBA_2022_03,RBA,2022-03-01,DOC_03A0982CF8FB,speech,Speeches,Appearance at the Walkley Awards for Business Journalism 2021 – Sydney,Sydney,2022-03-22,21,data\RBA\Speeches\2022-03-22 - Sydney - Appearance at the Walkley Awards for Business Journalism 2021 – Sydney.txt,https://www.rba.gov.au/speeches/2022/sp-gov-2022-03-22.html,speech_after_meeting,0.7
RBA_2022_04,RBA,2022-04-05,DOC_EE68369362F5,minutes,Minutes,5 April 2022,,2022-04-05,0,data\RBA\Minutes\2022-04-05 - 5 April 2022.txt,https://www.rba.gov.au/monetary-policy/rba-board-minutes/2022/2022-04-05.html,minutes_for_prior_meeting,0.9
RBA_2022_04,RBA,2022-04-05,DOC_6E8F4D4AE66C,statement,Monetary Policy,5 April 2022,,2022-04-05,0,data\RBA\Monetary Policy\2022-06-01 - 5 April 2022.txt,https://www.rba.gov.au/media-releases/2022/mr-22-11.html,anchor_statement,1.0
RBA_2022_05,RBA,2022-05-03,DOC_2584622A1995,minutes,Minutes,3 May 2022,,2022-05-03,0,data\RBA\Minutes\2022-05-03 - 3 May 2022.txt,https://www.rba.gov.au/monetary-policy/rba-board-minutes/2022/2022-05-03.html,minutes_for_prior_meeting,0.9
RBA_2022_05,RBA,2022-05-03,DOC_8DDE4D4CAA18,speech,Speeches,"Real-time Payments in Australia – ICC, Sydney",,2022-05-03,0,"data\RBA\Speeches\2022-05-03 - Real-time Payments in Australia – ICC, Sydney.txt",https://www.rba.gov.au/speeches/2022/sp-so-2022-05-03.html,speech_after_meeting,0.7
RBA_2022_05,RBA,2022-05-03,DOC_BAFE4864A906,speech,Speeches,Today's Monetary Policy Decision – Sydney,Sydney,2022-05-03,0,data\RBA\Speeches\2022-05-03 - Sydney - Today's Monetary Policy Decision – Sydney.txt,https://www.rba.gov.au/speeches/2022/sp-gov-2022-05-03.html,speech_after_meeting,0.7
RBA_2022_05,RBA,2022-05-03,DOC_E5FBCF3FF65E,statement,Monetary Policy,3 May 2022,,2022-05-03,0,data\RBA\Monetary Policy\2022-06-01 - 3 May 2022.txt,https://www.rba.gov.au/media-releases/2022/mr-22-12.html,anchor_statement,1.0
RBA_2022_05,RBA,2022-05-03,DOC_67B3E5ED8203,speech,Speeches,Panel Participation at the Regulators 2022 (FINSIA) – Sydney,Sydney,2022-05-13,10,data\RBA\Speeches\2022-05-13 - Sydney - Panel Participation at the Regulators 2022 (FINSIA) – Sydney.txt,https://www.rba.gov.au/speeches/2022/sp-dg-2022-05-13.html,speech_after_meeting,0.7
RBA_2022_05,RBA,2022-05-03,DOC_B158969F7853,speech,Speeches,From QE to QT – The next phase in the Reserve Bank's Bond Purchase Program – Sydney,Sydney,2022-05-23,20,data\RBA\Speeches\2022-05-23 - Sydney - From QE to QT – The next phase in the Reserve Bank's Bond Purchase Program – Sydney.txt,https://www.rba.gov.au/speeches/2022/sp-ag-2022-05-23.html,speech_after_meeting,0.7
RBA_2022_05,RBA,2022-05-03,DOC_5C9F8988B2F5,speech,Speeches,Housing in the Endemic Phase – Sydney,Sydney,2022-05-25,22,data\RBA\Speeches\2022-05-25 - Sydney - Housing in the Endemic Phase – Sydney.txt,https://www.rba.gov.au/speeches/2022/sp-ag-2022-05-25.html,speech_after_meeting,0.7
RBA_2022_05,RBA,2022-05-03,DOC_BD8AF7D36197,speech,Speeches,The Challenge of Ageing Populations – Sydney,Sydney,2022-06-05,33,data\RBA\Speeches\2022-06-05 - Sydney - The Challenge of Ageing Populations – Sydney.txt,https://www.rba.gov.au/speeches/2005/sp-ag-220605.html,speech_after_meeting,0.7
RBA_2022_06,RBA,2022-06-07,DOC_ECA821AA41C6,minutes,Minutes,7 June 2022,,2022-06-07,0,data\RBA\Minutes\2022-06-07 - 7 June 2022.txt,https://www.rba.gov.au/monetary-policy/rba-board-minutes/2022/2022-06-07.html,minutes_for_prior_meeting,0.9
RBA_2022_06,RBA,2022-06-07,DOC_711BBC3EF912,statement,Monetary Policy,7 June 2022,,2022-06-07,0,data\RBA\Monetary Policy\2022-06-01 - 7 June 2022.txt,https://www.rba.gov.au/media-releases/2022/mr-22-14.html,anchor_statement,1.0
RBA_2022_06,RBA,2022-06-07,DOC_843C0774E66C,speech,Speeches,Monetary Policy and the Economy,Philip Lowe,2022-06-14,7,data\RBA\Speeches\2022-06-14 - Philip Lowe - Monetary Policy and the Economy.txt,https://www.rba.gov.au/speeches/2022/sp-gov-2022-06-14.html,speech_after_meeting,0.7
RBA_2022_06,RBA,2022-06-07,DOC_ABAEBDCE2031,speech,Speeches,Inflation and Monetary Policy – Sydney,Sydney,2022-06-21,14,data\RBA\Speeches\2022-06-21 - Sydney - Inflation and Monetary Policy – Sydney.txt,https://www.rba.gov.au/speeches/2022/sp-gov-2022-06-21.html,speech_after_meeting,0.7
RBA_2022_06,RBA,2022-06-07,DOC_681B50546DBC,speech,Speeches,Panel Participation at the UBS Panel discussion Central Banks and Inflation – Zurich,Zurich,2022-06-24,17,data\RBA\Speeches\2022-06-24 - Zurich - Panel Participation at the UBS Panel discussion Central Banks and Inflation – Zurich.txt,https://www.rba.gov.au/speeches/2022/sp-gov-2022-06-24.html,speech_after_meeting,0.7
RBA_2022_07,RBA,2022-07-05,DOC_84251BE30DCB,minutes,Minutes,5 July 2022,,2022-07-05,0,data\RBA\Minutes\2022-07-05 - 5 July 2022.txt,https://www.rba.gov.au/monetary-policy/rba-board-minutes/2022/2022-07-05.html,minutes_for_prior_meeting,0.9
RBA_2022_07,RBA,2022-07-05,DOC_7B8B36CBD2A5,statement,Monetary Policy,5 July 2022,,2022-07-05,0,data\RBA\Monetary Policy\2022-06-01 - 5 July 2022.txt,https://www.rba.gov.au/media-releases/2022/mr-22-20.html,anchor_statement,1.0
RBA_2022_07,RBA,2022-07-05,DOC_9E9A4DA0D904,speech,Speeches,"Remarks to the Mortgage Finance Industry Association, Industry Leaders Panel Forum – Melbourne",Melbourne,2022-07-09,4,"data\RBA\Speeches\2022-07-09 - Melbourne - Remarks to the Mortgage Finance Industry Association, Industry Leaders Panel Forum – Melbourne.txt",https://www.rba.gov.au/speeches/2009/sp-ag-220709.html,speech_after_meeting,0.7
RBA_2022_07,RBA,2022-07-05,DOC_C56AED5A88E5,speech,Speeches,Challenges for Economic Policy – Sydney,Sydney,2022-07-14,9,data\RBA\Speeches\2022-07-14 - Sydney - Challenges for Economic Policy – Sydney.txt,https://www.rba.gov.au/speeches/2014/sp-gov-220714.html,speech_after_meeting,0.7
RBA_2022_07,RBA,2022-07-05,DOC_434DB8736CEA,speech,Speeches,Summary,Glenn Stevens,2022-07-14,9,data\RBA\Speeches\2022-07-14 - Glenn Stevens - Summary.txt,https://www.rba.gov.au/speeches/2014/sp-gov-220714-summary.html,speech_after_meeting,0.7
RBA_2022_07,RBA,2022-07-05,DOC_1A376C805DEE,speech,Speeches,Panel Participation at the G20 Side Events Series Gala Seminar Central Bank Digital Currency and Crypto-Assets – Bali,Bali,2022-07-17,12,data\RBA\Speeches\2022-07-17 - Bali - Panel Participation at the G20 Side Events Series Gala Seminar Central Bank Digital Currency and Crypto-Assets – Bali.txt,https://www.rba.gov.au/speeches/2022/sp-gov-2022-07-17.html,speech_after_meeting,0.7
RBA_2022_07,RBA,2022-07-05,DOC_6783179E571B,speech,Speeches,How Are Households Placed for Interest Rate Increases? – Brisbane,Brisbane,2022-07-19,14,data\RBA\Speeches\2022-07-19 - Brisbane - How Are Households Placed for Interest Rate Increases_ – Brisbane.txt,https://www.rba.gov.au/speeches/2022/sp-dg-2022-07-19.html,speech_after_meeting,0.7
RBA_2022_07,RBA,2022-07-05,DOC_72A746A9F03C,speech,Speeches,"Inflation, Productivity and the Future of Money – Melbourne",Melbourne,2022-07-20,15,"data\RBA\Speeches\2022-07-20 - Melbourne - Inflation, Productivity and the Future of Money – Melbourne.txt",https://www.rba.gov.au/speeches/2022/sp-gov-2022-07-20.html,speech_after_meeting,0.7
RBA_2022_08,RBA,2022-08-02,DOC_69BDBCE1ABC0,minutes,Minutes,2 August 2022,,2022-08-02,0,data\RBA\Minutes\2022-08-02 - 2 August 2022.txt,https://www.rba.gov.au/monetary-policy/rba-board-minutes/2022/2022-08-02.html,minutes_for_prior_meeting,0.9
RBA_2022_08,RBA,2022-08-02,DOC_68BC3BED213D,speech,Speeches,The Global Economic Scene – Sydney,Sydney,2022-08-02,0,data\RBA\Speeches\2022-08-02 - Sydney - The Global Economic Scene – Sydney.txt,https://www.rba.gov.au/speeches/2002/sp-ag-220802.html,speech_after_meeting,0.7
RBA_2022_08,RBA,2022-08-02,DOC_96B7BFBC83BD,statement,Monetary Policy,2 August 2022,,2022-08-02,0,data\RBA\Monetary Policy\2022-06-01 - 2 August 2022.txt,https://www.rba.gov.au/media-releases/2022/mr-22-21.html,anchor_statement,1.0
RBA_2022_08,RBA,2022-08-02,DOC_04378C07961A,speech,Speeches,Developments in Australian Retail Finance – Sydney,Sydney,2022-08-06,4,data\RBA\Speeches\2022-08-06 - Sydney - Developments in Australian Retail Finance – Sydney.txt,https://www.rba.gov.au/speeches/2006/sp-ag-220806.html,speech_after_meeting,0.7
RBA_2022_08,RBA,2022-08-02,DOC_CDCAA5C93C4C,speech,Speeches,Climate Change Risk in the Financial System – Sydney,Sydney,2022-08-24,22,data\RBA\Speeches\2022-08-24 - Sydney - Climate Change Risk in the Financial System – Sydney.txt,https://www.rba.gov.au/speeches/2022/sp-so-2022-08-24.html,speech_after_meeting,0.7
RBA_2022_09,RBA,2022-09-06,DOC_8EE48C442885,minutes,Minutes,6 September 2022,,2022-09-06,0,data\RBA\Minutes\2022-09-06 - 6 September 2022.txt,https://www.rba.gov.au/monetary-policy/rba-board-minutes/2022/2022-09-06.html,minutes_for_prior_meeting,0.9
RBA_2022_09,RBA,2022-09-06,DOC_EF698CEAFB0D,statement,Monetary Policy,6 September 2022,,2022-09-06,0,data\RBA\Monetary Policy\2022-06-01 - 6 September 2022.txt,https://www.rba.gov.au/media-releases/2022/mr-22-28.html,anchor_statement,1.0
RBA_2022_09,RBA,2022-09-06,DOC_798908EC2A0D,speech,Speeches,Panel Participation at the Intersekt Festival 2022 – Melbourne,Melbourne,2022-09-07,1,data\RBA\Speeches\2022-09-07 - Melbourne - Panel Participation at the Intersekt Festival 2022 – Melbourne.txt,https://www.rba.gov.au/speeches/2022/sp-so-2022-09-07.html,speech_after_meeting,0.7
RBA_2022_09,RBA,2022-09-06,DOC_2345DB196F3D,speech,Speeches,Inflation and the Monetary Policy Framework – Sydney,Sydney,2022-09-08,2,data\RBA\Speeches\2022-09-08 - Sydney - Inflation and the Monetary Policy Framework – Sydney.txt,https://www.rba.gov.au/speeches/2022/sp-gov-2022-09-08.html,speech_after_meeting,0.7
RBA_2022_09,RBA,2022-09-06,DOC_D804D2D453AE,speech,Speeches,Changing Patterns in Household Saving and Spending – Sydney,Sydney,2022-09-11,5,data\RBA\Speeches\2022-09-11 - Sydney - Changing Patterns in Household Saving and Spending – Sydney.txt,https://www.rba.gov.au/speeches/2011/sp-ag-220911.html,speech_after_meeting,0.7
RBA_2022_09,RBA,2022-09-06,DOC_E63F05C6CD60,speech,Speeches,Opening Statement to the House of Representatives Standing Committee on Economics – Canberra,Canberra,2022-09-16,10,data\RBA\Speeches\2022-09-16 - Canberra - Opening Statement to the House of Representatives Standing Committee on Economics – Canberra.txt,https://www.rba.gov.au/speeches/2022/sp-gov-2022-09-16.html,speech_after_meeting,0.7
RBA_2022_09,RBA,2022-09-06,DOC_A20917AAA542,speech,Speeches,Interest Rates and the Property Market – Sydney,Sydney,2022-09-19,13,data\RBA\Speeches\2022-09-19 - Sydney - Interest Rates and the Property Market – Sydney.txt,https://www.rba.gov.au/speeches/2022/sp-so-2022-09-19.html,speech_after_meeting,0.7
RBA_2022_09,RBA,2022-09-06,DOC_CCA049933667,speech,Speeches,Review of the Bond Purchase Program – Sydney,Sydney,2022-09-21,15,data\RBA\Speeches\2022-09-21 - Sydney - Review of the Bond Purchase Program – Sydney.txt,https://www.rba.gov.au/speeches/2022/sp-dg-2022-09-21.html,speech_after_meeting,0.7
RBA_2022_09,RBA,2022-09-06,DOC_A2D938554924,speech,Speeches,A Matter of Diversity – Macquarie University,Macquarie University,2022-09-28,22,data\RBA\Speeches\2022-09-28 - Macquarie University - A Matter of Diversity – Macquarie University.txt,https://www.rba.gov.au/speeches/2022/sp-so-2022-09-28.html,speech_after_meeting,0.7
RBA_2022_10,RBA,2022-10-04,DOC_8FE323C65970,minutes,Minutes,4 October 2022,,2022-10-04,0,data\RBA\Minutes\2022-10-04 - 4 October 2022.txt,https://www.rba.gov.au/monetary-policy/rba-board-minutes/2022/2022-10-04.html,minutes_for_prior_meeting,0.9
RBA_2022_10,RBA,2022-10-04,DOC_23F8AC54A3A2,statement,Monetary Policy,4 October 2022,,2022-10-04,0,data\RBA\Monetary Policy\2022-06-01 - 4 October 2022.txt,https://www.rba.gov.au/media-releases/2022/mr-22-33.html,anchor_statement,1.0
RBA_2022_10,RBA,2022-10-04,DOC_8BBE5A073D39,speech,Speeches,Enhancing Information on Securitisation – Sydney,Sydney,2022-10-12,8,data\RBA\Speeches\2022-10-12 - Sydney - Enhancing Information on Securitisation – Sydney.txt,https://www.rba.gov.au/speeches/2012/sp-ag-221012.html,speech_after_meeting,0.7
RBA_2022_10,RBA,2022-10-04,DOC_5C12E1170381,speech,Speeches,The Neutral Rate: The Pole-star Casts Faint Light – Sydney,Sydney,2022-10-12,8,data\RBA\Speeches\2022-10-12 - Sydney - The Neutral Rate_ The Pole-star Casts Faint Light – Sydney.txt,https://www.rba.gov.au/speeches/2022/sp-ag-2022-10-12.html,speech_after_meeting,0.7
RBA_2022_10,RBA,2022-10-04,DOC_764F7585DDAA,speech,Speeches,Policymaking at the Reserve Bank – Sydney,Sydney,2022-10-18,14,data\RBA\Speeches\2022-10-18 - Sydney - Policymaking at the Reserve Bank – Sydney.txt,https://www.rba.gov.au/speeches/2022/sp-dg-2022-10-18.html,speech_after_meeting,0.7
RBA_2022_10,RBA,2022-10-04,DOC_82D7CCC81BFC,speech,Speeches,Exchange Rates and Inflationary Pressures – Sydney,Sydney,2022-10-24,20,data\RBA\Speeches\2022-10-24 - Sydney - Exchange Rates and Inflationary Pressures – Sydney.txt,https://www.rba.gov.au/speeches/2022/sp-ag-2022-10-24.html,speech_after_meeting,0.7
RBA_2022_11,RBA,2022-11-01,DOC_2A3428C9F4F6,minutes,Minutes,1 November 2022,,2022-11-01,0,data\RBA\Minutes\2022-11-01 - 1 November 2022.txt,https://www.rba.gov.au/monetary-policy/rba-board-minutes/2022/2022-11-01.html,minutes_for_prior_meeting,0.9
RBA_2022_11,RBA,2022-11-01,DOC_A3607DA019F0,speech,Speeches,Remarks at the Reserve Bank Board Dinner – Hobart,Hobart,2022-11-01,0,data\RBA\Speeches\2022-11-01 - Hobart - Remarks at the Reserve Bank Board Dinner – Hobart.txt,https://www.rba.gov.au/speeches/2022/sp-gov-2022-11-01.html,speech_after_meeting,0.7
RBA_2022_11,RBA,2022-11-01,DOC_2A81375950F4,statement,Monetary Policy,1 November 2022,,2022-11-01,0,data\RBA\Monetary Policy\2022-06-01 - 1 November 2022.txt,https://www.rba.gov.au/media-releases/2022/mr-22-36.html,anchor_statement,1.0
RBA_2022_11,RBA,2022-11-01,DOC_5A7C49C9ACFD,speech,Speeches,Panel Participation at the ASIC Annual Forum on ‘Wholesale Market Conditions and Resilience’ – Sydney,Sydney,2022-11-03,2,data\RBA\Speeches\2022-11-03 - Sydney - Panel Participation at the ASIC Annual Forum on ‘Wholesale Market Conditions and Resilience’ – Sydney.txt,https://www.rba.gov.au/speeches/2022/sp-so-2022-11-03.html,speech_after_meeting,0.7
RBA_2022_11,RBA,2022-11-01,DOC_4465C0AA2427,speech,Speeches,The Economic Outlook – Sydney,Sydney,2022-11-09,8,data\RBA\Speeches\2022-11-09 - Sydney - The Economic Outlook – Sydney.txt,https://www.rba.gov.au/speeches/2022/sp-dg-2022-11-09.html,speech_after_meeting,0.7
RBA_2022_11,RBA,2022-11-01,DOC_CA09FB1DE792,speech,Speeches,"Price Stability, the Supply Side and Prosperity – Melbourne",Melbourne,2022-11-22,21,"data\RBA\Speeches\2022-11-22 - Melbourne - Price Stability, the Supply Side and Prosperity – Melbourne.txt",https://www.rba.gov.au/speeches/2022/sp-gov-2022-11-22.html,speech_after_meeting,0.7
RBA_2022_11,RBA,2022-11-01,DOC_59561A5978CC,speech,Speeches,Why Research Matters,Luci Ellis,2022-11-29,28,data\RBA\Speeches\2022-11-29 - Luci Ellis - Why Research Matters.txt,https://www.rba.gov.au/speeches/2022/sp-ag-2022-11-29.html,speech_after_meeting,0.7
RBA_2022_11,RBA,2022-11-01,DOC_AA901FA3DD8F,speech,Speeches,"Securitisation: Past, Present and Future – Sydney",Sydney,2022-11-30,29,"data\RBA\Speeches\2022-11-30 - Sydney - Securitisation_ Past, Present and Future – Sydney.txt",https://www.rba.gov.au/speeches/2022/sp-so-2022-11-30.html,speech_after_meeting,0.7
RBA_2022_12,RBA,2022-12-06,DOC_17C0066740E1,minutes,Minutes,6 December 2022,,2022-12-06,0,data\RBA\Minutes\2022-12-06 - 6 December 2022.txt,https://www.rba.gov.au/monetary-policy/rba-board-minutes/2022/2022-12-06.html,minutes_for_prior_meeting,0.9
RBA_2022_12,RBA,2022-12-06,DOC_48943573CE30,statement,Monetary Policy,6 December 2022,,2022-12-06,0,data\RBA\Monetary Policy\2022-06-01 - 6 December 2022.txt,https://www.rba.gov.au/media-releases/2022/mr-22-41.html,anchor_statement,1.0
RBA_2022_12,RBA,2022-12-06,DOC_2551F62D6202,speech,Speeches,The Economics of a Central Bank Digital Currency in Australia – Sydney,Sydney,2022-12-08,2,data\RBA\Speeches\2022-12-08 - Sydney - The Economics of a Central Bank Digital Currency in Australia – Sydney.txt,https://www.rba.gov.au/speeches/2022/sp-ag-2022-12-08.html,speech_after_meeting,0.7
RBA_2022_12,RBA,2022-12-06,DOC_C5860FFFA12C,speech,Speeches,"An Efficient, Competitive and Safe Payments System – Sydney",Sydney,2022-12-14,8,"data\RBA\Speeches\2022-12-14 - Sydney - An Efficient, Competitive and Safe Payments System – Sydney.txt",https://www.rba.gov.au/speeches/2022/sp-gov-2022-12-14.html,speech_after_meeting,0.7
RBA_2022_12,RBA,2022-12-06,DOC_961E152E4342,speech,Speeches,Opening Statement to the Senate Select Committee on the Cost of Living – Sydney,Sydney,2023-02-01,57,data\RBA\Speeches\2023-02-01 - Sydney - Opening Statement to the Senate Select Committee on the Cost of Living – Sydney.txt,https://www.rba.gov.au/speeches/2023/sp-so-2023-02-01.html,speech_after_meeting,0.7
RBA_2023_02,RBA,2023-02-07,DOC_3E9EDCEB6A4B,minutes,Minutes,7 February 2023,,2023-02-07,0,data\RBA\Minutes\2023-02-07 - 7 February 2023.txt,https://www.rba.gov.au/monetary-policy/rba-board-minutes/2023/2023-02-07.html,minutes_for_prior_meeting,0.9
RBA_2023_02,RBA,2023-02-07,DOC_38C1B63CF214,statement,Monetary Policy,7 February 2023,,2023-02-07,0,data\RBA\Monetary Policy\2023-06-01 - 7 February 2023.txt,https://www.rba.gov.au/media-releases/2023/mr-23-04.html,anchor_statement,1.0
RBA_2023_02,RBA,2023-02-07,DOC_D3F5CEA35098,speech,Speeches,Mining Booms and the Australian Economy – Sydney,Sydney,2023-02-10,3,data\RBA\Speeches\2023-02-10 - Sydney - Mining Booms and the Australian Economy – Sydney.txt,https://www.rba.gov.au/speeches/2010/sp-dg-230210.html,speech_after_meeting,0.7
RBA_2023_02,RBA,2023-02-07,DOC_1B8685347F5C,speech,Speeches,The Resources Boom – Melbourne,Melbourne,2023-02-11,4,data\RBA\Speeches\2023-02-11 - Melbourne - The Resources Boom – Melbourne.txt,https://www.rba.gov.au/speeches/2011/sp-gov-230211.html,speech_after_meeting,0.7
RBA_2023_02,RBA,2023-02-07,DOC_CF4FFBEF2E13,speech,Speeches,Prudent Mortgage Lending Standards Help Ensure Financial Stability – Sydney,Sydney,2023-02-12,5,data\RBA\Speeches\2023-02-12 - Sydney - Prudent Mortgage Lending Standards Help Ensure Financial Stability – Sydney.txt,https://www.rba.gov.au/speeches/2012/sp-so-230212.html,speech_after_meeting,0.7
RBA_2023_02,RBA,2023-02-07,DOC_17B501CE3399,speech,Speeches,Opening Statement to the House of Representatives Standing Committee on Economics – Canberra,Canberra,2023-02-17,10,data\RBA\Speeches\2023-02-17 - Canberra - Opening Statement to the House of Representatives Standing Committee on Economics – Canberra.txt,https://www.rba.gov.au/speeches/2023/sp-gov-2023-02-17.html,speech_after_meeting,0.7
RBA_2023_02,RBA,2023-02-07,DOC_691C7825A2F3,speech,Speeches,The Importance of Liaison,Luci Ellis,2023-02-23,16,data\RBA\Speeches\2023-02-23 - Luci Ellis - The Importance of Liaison.txt,https://www.rba.gov.au/speeches/2023/sp-ag-2023-02-23.html,speech_after_meeting,0.7
RBA_2023_02,RBA,2023-02-07,DOC_C1C75BF68262,speech,Speeches,The Australian Economy – Tokyo,Tokyo,2023-03-01,22,data\RBA\Speeches\2023-03-01 - Tokyo - The Australian Economy – Tokyo.txt,https://www.rba.gov.au/speeches/2001/sp-dg-230301.html,speech_after_meeting,0.7
RBA_2023_02,RBA,2023-02-07,DOC_29BCBE9D858E,speech,Speeches,Gresham's Law of Payments – Sydney,Sydney,2023-03-05,26,data\RBA\Speeches\2023-03-05 - Sydney - Gresham's Law of Payments – Sydney.txt,https://www.rba.gov.au/speeches/2005/sp-gov-230305.html,speech_after_meeting,0.7
RBA_2023_03,RBA,2023-03-07,DOC_9BBAC5C5B452,minutes,Minutes,7 March 2023,,2023-03-07,0,data\RBA\Minutes\2023-03-07 - 7 March 2023.txt,https://www.rba.gov.au/monetary-policy/rba-board-minutes/2023/2023-03-07.html,minutes_for_prior_meeting,0.9
RBA_2023_03,RBA,2023-03-07,DOC_F77EB10CEECD,statement,Monetary Policy,7 March 2023,,2023-03-07,0,data\RBA\Monetary Policy\2023-06-01 - 7 March 2023.txt,https://www.rba.gov.au/media-releases/2023/mr-23-07.html,anchor_statement,1.0
RBA_2023_03,RBA,2023-03-07,DOC_B01F2D005926,speech,Speeches,Inflation and Recent Economic Data – Sydney,Sydney,2023-03-08,1,data\RBA\Speeches\2023-03-08 - Sydney - Inflation and Recent Economic Data – Sydney.txt,https://www.rba.gov.au/speeches/2023/sp-gov-2023-03-08.html,speech_after_meeting,0.7
RBA_2023_03,RBA,2023-03-07,DOC_7E519F2ED206,speech,Speeches,Long and Variable Monetary Policy Lags – Sydney,Sydney,2023-03-20,13,data\RBA\Speeches\2023-03-20 - Sydney - Long and Variable Monetary Policy Lags – Sydney.txt,https://www.rba.gov.au/speeches/2023/sp-ag-2023-03-20.html,speech_after_meeting,0.7
RBA_2023_03,RBA,2023-03-07,DOC_6312676BEE4C,speech,Speeches,The Shift to Electronic Payments – Some Policy Issues – Sydney,Sydney,2023-03-28,21,data\RBA\Speeches\2023-03-28 - Sydney - The Shift to Electronic Payments – Some Policy Issues – Sydney.txt,https://www.rba.gov.au/speeches/2023/sp-so-2023-03-28.html,speech_after_meeting,0.7
RBA_2023_04,RBA,2023-04-04,DOC_A5FFAED7CBB5,minutes,Minutes,4 April 2023,,2023-04-04,0,data\RBA\Minutes\2023-04-04 - 4 April 2023.txt,https://www.rba.gov.au/monetary-policy/rba-board-minutes/2023/2023-04-04.html,minutes_for_prior_meeting,0.9
RBA_2023_04,RBA,2023-04-04,DOC_F69B0B6D3494,statement,Monetary Policy,4 April 2023,,2023-04-04,0,data\RBA\Monetary Policy\2023-06-01 - 4 April 2023.txt,https://www.rba.gov.au/media-releases/2023/mr-23-08.html,anchor_statement,1.0
RBA_2023_04,RBA,2023-04-04,DOC_B51DEABAD8EF,speech,Speeches,"Monetary Policy, Demand and Supply – Sydney",Sydney,2023-04-05,1,"data\RBA\Speeches\2023-04-05 - Sydney - Monetary Policy, Demand and Supply – Sydney.txt",https://www.rba.gov.au/speeches/2023/sp-gov-2023-04-05.html,speech_after_meeting,0.7
RBA_2023_04,RBA,2023-04-04,DOC_AA60841CA821,speech,Speeches,Economic Conditions and Prospects – Toowoomba,Toowoomba,2023-04-10,6,data\RBA\Speeches\2023-04-10 - Toowoomba - Economic Conditions and Prospects – Toowoomba.txt,https://www.rba.gov.au/speeches/2010/sp-gov-230410.html,speech_after_meeting,0.7
RBA_2023_04,RBA,2023-04-04,DOC_0913E3434D8F,speech,Speeches,Panel Participation at the WEAI Monetary Panel – Melbourne,Melbourne,2023-04-12,8,data\RBA\Speeches\2023-04-12 - Melbourne - Panel Participation at the WEAI Monetary Panel – Melbourne.txt,https://www.rba.gov.au/speeches/2023/sp-dg-2023-04-12.html,speech_after_meeting,0.7
RBA_2023_04,RBA,2023-04-04,DOC_2CA2C413AEA1,speech,Speeches,"Housing and Mortgage Markets: The Long Run, the Short Run and the Uncertainty in Between – Sydney",Sydney,2023-04-13,9,"data\RBA\Speeches\2023-04-13 - Sydney - Housing and Mortgage Markets_ The Long Run, the Short Run and the Uncertainty in Between – Sydney.txt",https://www.rba.gov.au/speeches/2013/sp-so-230413.html,speech_after_meeting,0.7
RBA_2023_04,RBA,2023-04-04,DOC_7275F021673E,speech,Speeches,Reserve Bank Review – Sydney,Sydney,2023-04-20,16,data\RBA\Speeches\2023-04-20 - Sydney - Reserve Bank Review – Sydney.txt,https://www.rba.gov.au/speeches/2023/sp-gov-2023-04-20.html,speech_after_meeting,0.7
RBA_2023_05,RBA,2023-05-02,DOC_A59687D6B3D4,minutes,Minutes,2 May 2023,,2023-05-02,0,data\RBA\Minutes\2023-05-02 - 2 May 2023.txt,https://www.rba.gov.au/monetary-policy/rba-board-minutes/2023/2023-05-02.html,minutes_for_prior_meeting,0.9
RBA_2023_05,RBA,2023-05-02,DOC_D6D1EB1839A4,speech,Speeches,Remarks at the Reserve Bank Board Dinner – Perth,Perth,2023-05-02,0,data\RBA\Speeches\2023-05-02 - Perth - Remarks at the Reserve Bank Board Dinner – Perth.txt,https://www.rba.gov.au/speeches/2023/sp-gov-2023-05-02.html,speech_after_meeting,0.7
RBA_2023_05,RBA,2023-05-02,DOC_8C54519B6629,statement,Monetary Policy,2 May 2023,,2023-05-02,0,data\RBA\Monetary Policy\2023-06-01 - 2 May 2023.txt,https://www.rba.gov.au/media-releases/2023/mr-23-10.html,anchor_statement,1.0
RBA_2023_05,RBA,2023-05-02,DOC_309D8C2FB2FC,speech,Speeches,"The Why, How and What of Forecasting – Perth",Perth,2023-05-03,1,"data\RBA\Speeches\2023-05-03 - Perth - The Why, How and What of Forecasting – Perth.txt",https://www.rba.gov.au/speeches/2023/sp-so-2023-05-03.html,speech_after_meeting,0.7
RBA_2023_05,RBA,2023-05-02,DOC_0D0CE661BBB1,speech,Speeches,Australian Fixed Income Markets – Recent Developments and a Look Ahead – Tokyo,Tokyo,2023-05-24,22,data\RBA\Speeches\2023-05-24 - Tokyo - Australian Fixed Income Markets – Recent Developments and a Look Ahead – Tokyo.txt,https://www.rba.gov.au/speeches/2023/sp-so-2023-05-24.html,speech_after_meeting,0.7
RBA_2023_06,RBA,2023-06-06,DOC_3D1637A1B1D4,minutes,Minutes,6 June 2023,,2023-06-06,0,data\RBA\Minutes\2023-06-06 - 6 June 2023.txt,https://www.rba.gov.au/monetary-policy/rba-board-minutes/2023/2023-06-06.html,minutes_for_prior_meeting,0.9
RBA_2023_06,RBA,2023-06-06,DOC_5629D73FAE06,statement,Monetary Policy,6 June 2023,,2023-06-06,0,data\RBA\Monetary Policy\2023-06-01 - 6 June 2023.txt,https://www.rba.gov.au/media-releases/2023/mr-23-13.html,anchor_statement,1.0
RBA_2023_06,RBA,2023-06-06,DOC_14A41DBD9D45,speech,Speeches,A Narrow Path – Sydney,Sydney,2023-06-07,1,data\RBA\Speeches\2023-06-07 - Sydney - A Narrow Path – Sydney.txt,https://www.rba.gov.au/speeches/2023/sp-gov-2023-06-07.html,speech_after_meeting,0.7
RBA_2023_06,RBA,2023-06-06,DOC_455623F07E2A,speech,Speeches,Panel Participation at the Australian Banking Association Annual Conference – Sydney,Sydney,2023-06-07,1,data\RBA\Speeches\2023-06-07 - Sydney - Panel Participation at the Australian Banking Association Annual Conference – Sydney.txt,https://www.rba.gov.au/speeches/2023/sp-dg-2023-06-07.html,speech_after_meeting,0.7
RBA_2023_06,RBA,2023-06-06,DOC_51B9794C3BA7,speech,Speeches,Achieving Full Employment – Newcastle,Newcastle,2023-06-20,14,data\RBA\Speeches\2023-06-20 - Newcastle - Achieving Full Employment – Newcastle.txt,https://www.rba.gov.au/speeches/2023/sp-dg-2023-06-20.html,speech_after_meeting,0.7
RBA_2023_06,RBA,2023-06-06,DOC_457F5E499813,speech,Speeches,Panel Participation at the ISDA/AFMA Derivatives Forum – Sydney,Sydney,2023-06-20,14,data\RBA\Speeches\2023-06-20 - Sydney - Panel Participation at the ISDA_AFMA Derivatives Forum – Sydney.txt,https://www.rba.gov.au/speeches/2023/sp-ag-2023-06-20.html,speech_after_meeting,0.7
RBA_2023_07,RBA,2023-07-04,DOC_79DAF6E2677E,minutes,Minutes,4 July 2023,,2023-07-04,0,data\RBA\Minutes\2023-07-04 - 4 July 2023.txt,https://www.rba.gov.au/monetary-policy/rba-board-minutes/2023/2023-07-04.html,minutes_for_prior_meeting,0.9
RBA_2023_07,RBA,2023-07-04,DOC_B6018A3C7C01,statement,Monetary Policy,4 July 2023,,2023-07-04,0,data\RBA\Monetary Policy\2023-06-01 - 4 July 2023.txt,https://www.rba.gov.au/media-releases/2023/mr-23-16.html,anchor_statement,1.0
RBA_2023_07,RBA,2023-07-04,DOC_321377D5BBB0,speech,Speeches,Remarks to the Whitlam Institute Forum – Sydney,Sydney,2023-07-09,5,data\RBA\Speeches\2023-07-09 - Sydney - Remarks to the Whitlam Institute Forum – Sydney.txt,https://www.rba.gov.au/speeches/2009/sp-ag-230709.html,speech_after_meeting,0.7
RBA_2023_07,RBA,2023-07-04,DOC_0363B8473386,speech,Speeches,The Reserve Bank Review and Monetary Policy – Brisbane,Brisbane,2023-07-12,8,data\RBA\Speeches\2023-07-12 - Brisbane - The Reserve Bank Review and Monetary Policy – Brisbane.txt,https://www.rba.gov.au/speeches/2023/sp-gov-2023-07-12.html,speech_after_meeting,0.7
RBA_2023_07,RBA,2023-07-04,DOC_252DF3388CE8,speech,Speeches,Australia's RMB Policies and Future Direction – Sydney,Sydney,2023-07-14,10,data\RBA\Speeches\2023-07-14 - Sydney - Australia's RMB Policies and Future Direction – Sydney.txt,https://www.rba.gov.au/speeches/2014/sp-dg-230714.html,speech_after_meeting,0.7
RBA_2023_07,RBA,2023-07-04,DOC_0CA938474744,speech,Speeches,Summary,Philip Lowe,2023-07-14,10,data\RBA\Speeches\2023-07-14 - Philip Lowe - Summary.txt,https://www.rba.gov.au/speeches/2014/sp-dg-230714-summary.html,speech_after_meeting,0.7
RBA_2023_08,RBA,2023-08-01,DOC_2531CAC606FF,minutes,Minutes,1 August 2023,,2023-08-01,0,data\RBA\Minutes\2023-08-01 - 1 August 2023.txt,https://www.rba.gov.au/monetary-policy/rba-board-minutes/2023/2023-08-01.html,minutes_for_prior_meeting,0.9
RBA_2023_08,RBA,2023-08-01,DOC_0B2B31D9DF08,statement,Monetary Policy,1 August 2023,,2023-08-01,0,data\RBA\Monetary Policy\2023-06-01 - 1 August 2023.txt,https://www.rba.gov.au/media-releases/2023/mr-23-19.html,anchor_statement,1.0
RBA_2023_08,RBA,2023-08-01,DOC_2898A3284168,speech,Speeches,Australian Financial Markets and Climate Change – Sydney,Sydney,2023-08-08,7,data\RBA\Speeches\2023-08-08 - Sydney - Australian Financial Markets and Climate Change – Sydney.txt,https://www.rba.gov.au/speeches/2023/sp-so-2023-08-08.html,speech_after_meeting,0.7
RBA_2023_08,RBA,2023-08-01,DOC_DAE4D394F3C9,speech,Speeches,Opening Statement to the House of Representatives Standing Committee on Economics – Canberra,Canberra,2023-08-11,10,data\RBA\Speeches\2023-08-11 - Canberra - Opening Statement to the House of Representatives Standing Committee on Economics – Canberra.txt,https://www.rba.gov.au/speeches/2023/sp-gov-2023-08-11.html,speech_after_meeting,0.7
RBA_2023_08,RBA,2023-08-01,DOC_6E07F7950408,speech,Speeches,The RBA's Thinking on the Economy Over the Past Year – Sydney,Sydney,2023-08-11,10,data\RBA\Speeches\2023-08-11 - Sydney - The RBA's Thinking on the Economy Over the Past Year – Sydney.txt,https://www.rba.gov.au/speeches/2011/sp-dg-230811.html,speech_after_meeting,0.7
RBA_2023_08,RBA,2023-08-01,DOC_08BBC4E4F906,speech,Speeches,Climate Change and Central Banks – Canberra,Canberra,2023-08-29,28,data\RBA\Speeches\2023-08-29 - Canberra - Climate Change and Central Banks – Canberra.txt,https://www.rba.gov.au/speeches/2023/sp-dg-2023-08-29.html,speech_after_meeting,0.7
RBA_2023_09,RBA,2023-09-05,DOC_8ADB66F15457,minutes,Minutes,5 September 2023,,2023-09-05,0,data\RBA\Minutes\2023-09-05 - 5 September 2023.txt,https://www.rba.gov.au/monetary-policy/rba-board-minutes/2023/2023-09-05.html,minutes_for_prior_meeting,0.9
RBA_2023_09,RBA,2023-09-05,DOC_C2D84F33A567,statement,Monetary Policy,5 September 2023,,2023-09-05,0,data\RBA\Monetary Policy\2023-06-01 - 5 September 2023.txt,https://www.rba.gov.au/media-releases/2023/mr-23-23.html,anchor_statement,1.0
RBA_2023_09,RBA,2023-09-05,DOC_BADC65C36338,speech,Speeches,Some Closing Remarks – Sydney,Sydney,2023-09-07,2,data\RBA\Speeches\2023-09-07 - Sydney - Some Closing Remarks – Sydney.txt,https://www.rba.gov.au/speeches/2023/sp-gov-2023-09-07.html,speech_after_meeting,0.7
RBA_2023_10,RBA,2023-10-03,DOC_4FE21B049E2C,minutes,Minutes,3 October 2023,,2023-10-03,0,data\RBA\Minutes\2023-10-03 - 3 October 2023.txt,https://www.rba.gov.au/monetary-policy/rba-board-minutes/2023/2023-10-03.html,minutes_for_prior_meeting,0.9
RBA_2023_10,RBA,2023-10-03,DOC_F37273118E26,statement,Monetary Policy,3 October 2023,,2023-10-03,0,data\RBA\Monetary Policy\2023-06-01 - 3 October 2023.txt,https://www.rba.gov.au/media-releases/2023/mr-23-25.html,anchor_statement,1.0
RBA_2023_10,RBA,2023-10-03,DOC_0CC57C1C94C0,speech,Speeches,Reading Through the Lines: Price-setting Indicators From Earnings Calls,Callan Windsor,2023-10-10,7,data\RBA\Speeches\2023-10-10 - Callan Windsor - Reading Through the Lines_ Price-setting Indicators From Earnings Calls.txt,https://www.rba.gov.au/speeches/2023/sp-so-2023-10-10.html,speech_after_meeting,0.7
RBA_2023_10,RBA,2023-10-03,DOC_69CDEAB1CABD,speech,Speeches,Channels of Transmission – Sydney,Sydney,2023-10-11,8,data\RBA\Speeches\2023-10-11 - Sydney - Channels of Transmission – Sydney.txt,https://www.rba.gov.au/speeches/2023/sp-ag-2023-10-11.html,speech_after_meeting,0.7
RBA_2023_10,RBA,2023-10-03,DOC_D76A7C7F451F,speech,Speeches,Issues in Payments Systems – Sydney,Sydney,2023-10-14,11,data\RBA\Speeches\2023-10-14 - Sydney - Issues in Payments Systems – Sydney.txt,https://www.rba.gov.au/speeches/2014/sp-gov-231014.html,speech_after_meeting,0.7
RBA_2023_10,RBA,2023-10-03,DOC_263AC6C95EE0,speech,Speeches,Summary,Glenn Stevens,2023-10-14,11,data\RBA\Speeches\2023-10-14 - Glenn Stevens - Summary.txt,https://www.rba.gov.au/speeches/2014/sp-gov-231014-summary.html,speech_after_meeting,0.7
RBA_2023_10,RBA,2023-10-03,DOC_4DF4FB427BDF,speech,Speeches,A Tokenised Future for the Australian Financial System? – Sydney,Sydney,2023-10-16,13,data\RBA\Speeches\2023-10-16 - Sydney - A Tokenised Future for the Australian Financial System_ – Sydney.txt,https://www.rba.gov.au/speeches/2023/sp-ag-2023-10-16.html,speech_after_meeting,0.7
RBA_2023_10,RBA,2023-10-03,DOC_F491739D27E8,speech,Speeches,Fireside Chat at the AFSA Annual Summit Panel – Sydney,Sydney,2023-10-18,15,data\RBA\Speeches\2023-10-18 - Sydney - Fireside Chat at the AFSA Annual Summit Panel – Sydney.txt,https://www.rba.gov.au/speeches/2023/sp-gov-2023-10-18.html,speech_after_meeting,0.7
RBA_2023_10,RBA,2023-10-03,DOC_D430E65E449B,speech,Speeches,The Extraordinary Decline in Australia's Net Foreign Liabilities – Sydney,Sydney,2023-10-18,15,data\RBA\Speeches\2023-10-18 - Sydney - The Extraordinary Decline in Australia's Net Foreign Liabilities – Sydney.txt,https://www.rba.gov.au/speeches/2023/sp-so-2023-10-18.html,speech_after_meeting,0.7
RBA_2023_10,RBA,2023-10-03,DOC_792FBA524ED1,speech,Speeches,Monetary Policy in Australia: Complementarities and Trade-offs – Sydney,Sydney,2023-10-24,21,data\RBA\Speeches\2023-10-24 - Sydney - Monetary Policy in Australia_ Complementarities and Trade-offs – Sydney.txt,https://www.rba.gov.au/speeches/2023/sp-gov-2023-10-24.html,speech_after_meeting,0.7
RBA_2023_10,RBA,2023-10-03,DOC_B8ED26F3A7E3,speech,Speeches,Emerging Threats to Financial Stability – New Challenges for the Next Decade – Sydney,Sydney,2023-10-31,28,data\RBA\Speeches\2023-10-31 - Sydney - Emerging Threats to Financial Stability – New Challenges for the Next Decade – Sydney.txt,https://www.rba.gov.au/speeches/2023/sp-ag-2023-10-31.html,speech_after_meeting,0.7
RBA_2023_10,RBA,2023-10-03,DOC_73A819FCB6B4,speech,Speeches,Panel Participation at the Regulators 2023 (FINSIA) – Sydney,Sydney,2023-11-03,31,data\RBA\Speeches\2023-11-03 - Sydney - Panel Participation at the Regulators 2023 (FINSIA) – Sydney.txt,https://www.rba.gov.au/speeches/2023/sp-ag-2023-11-03.html,speech_after_meeting,0.7
RBA_2023_11,RBA,2023-11-07,DOC_F2846DBD25FA,minutes,Minutes,7 November 2023,,2023-11-07,0,data\RBA\Minutes\2023-11-07 - 7 November 2023.txt,https://www.rba.gov.au/monetary-policy/rba-board-minutes/2023/2023-11-07.html,minutes_for_prior_meeting,0.9
RBA_2023_11,RBA,2023-11-07,DOC_345C9C578DBD,statement,Monetary Policy,7 November 2023,,2023-11-07,0,data\RBA\Monetary Policy\2023-06-01 - 7 November 2023.txt,https://www.rba.gov.au/media-releases/2023/mr-23-30.html,anchor_statement,1.0
RBA_2023_11,RBA,2023-11-07,DOC_5A8441FC1314,speech,Speeches,The Committed Liquidity Facility – Sydney,Sydney,2023-11-11,4,data\RBA\Speeches\2023-11-11 - Sydney - The Committed Liquidity Facility – Sydney.txt,https://www.rba.gov.au/speeches/2011/sp-ag-231111.html,speech_after_meeting,0.7
RBA_2023_11,RBA,2023-11-07,DOC_CD8E6A053571,speech,Speeches,The Outlook for the Australian Economy – Sydney,Sydney,2023-11-13,6,data\RBA\Speeches\2023-11-13 - Sydney - The Outlook for the Australian Economy – Sydney.txt,https://www.rba.gov.au/speeches/2023/sp-ag-2023-11-13.html,speech_after_meeting,0.7
RBA_2023_11,RBA,2023-11-07,DOC_9D2B85D5D25B,speech,Speeches,Australian Securitisation Markets: Responding to Change – Sydney,Sydney,2023-11-21,14,data\RBA\Speeches\2023-11-21 - Sydney - Australian Securitisation Markets_ Responding to Change – Sydney.txt,https://www.rba.gov.au/speeches/2023/sp-so-2023-11-21.html,speech_after_meeting,0.7
RBA_2023_11,RBA,2023-11-07,DOC_B11E5BBFB735,speech,Speeches,Panel Participation at the ASIC Annual Forum – Melbourne,Melbourne,2023-11-21,14,data\RBA\Speeches\2023-11-21 - Melbourne - Panel Participation at the ASIC Annual Forum – Melbourne.txt,https://www.rba.gov.au/speeches/2023/sp-gov-2023-11-21.html,speech_after_meeting,0.7
RBA_2023_11,RBA,2023-11-07,DOC_EA45A4B13DD1,speech,Speeches,A Monetary Policy Fit for the Future – Sydney,Sydney,2023-11-22,15,data\RBA\Speeches\2023-11-22 - Sydney - A Monetary Policy Fit for the Future – Sydney.txt,https://www.rba.gov.au/speeches/2023/sp-gov-2023-11-22.html,speech_after_meeting,0.7
RBA_2023_11,RBA,2023-11-07,DOC_0B9C8872BCD2,speech,Speeches,Panel Participation at the HKMA-BIS High-Level Conference – Hong Kong,Hong Kong,2023-11-28,21,data\RBA\Speeches\2023-11-28 - Hong Kong - Panel Participation at the HKMA-BIS High-Level Conference – Hong Kong.txt,https://www.rba.gov.au/speeches/2023/sp-gov-2023-11-28.html,speech_after_meeting,0.7
RBA_2023_11,RBA,2023-11-07,DOC_B93A3455456F,speech,Speeches,Adoption of General-purpose Technologies (GPT) in Australia: The Role of Skills,,2023-12-01,24,data\RBA\Speeches\2023-12-01 - Adoption of General-purpose Technologies (GPT) in Australia_ The Role of Skills.txt,https://www.rba.gov.au/speeches/2023/sp-so-2023-12-01.html,speech_after_meeting,0.7
RBA_2023_12,RBA,2023-12-05,DOC_96FDE5745DF1,minutes,Minutes,5 December 2023,,2023-12-05,0,data\RBA\Minutes\2023-12-05 - 5 December 2023.txt,https://www.rba.gov.au/monetary-policy/rba-board-minutes/2023/2023-12-05.html,minutes_for_prior_meeting,0.9
RBA_2023_12,RBA,2023-12-05,DOC_5F03602807D4,statement,Monetary Policy,5 December 2023,,2023-12-05,0,data\RBA\Monetary Policy\2023-06-01 - 5 December 2023.txt,https://www.rba.gov.au/media-releases/2023/mr-23-35.html,anchor_statement,1.0
RBA_2023_12,RBA,2023-12-05,DOC_F7DD1964F6B7,speech,Speeches,Financial Stability and the Financial Health of Australian Mortgagors – Sydney,Sydney,2023-12-08,3,data\RBA\Speeches\2023-12-08 - Sydney - Financial Stability and the Financial Health of Australian Mortgagors – Sydney.txt,https://www.rba.gov.au/speeches/2023/sp-so-2023-12-08.html,speech_after_meeting,0.7
RBA_2023_12,RBA,2023-12-05,DOC_C0A03F30DE3B,speech,Speeches,Modernising Australia's Payments System – Sydney,Sydney,2023-12-12,7,data\RBA\Speeches\2023-12-12 - Sydney - Modernising Australia's Payments System – Sydney.txt,https://www.rba.gov.au/speeches/2023/sp-gov-2023-12-12.html,speech_after_meeting,0.7
RBA_2023_12,RBA,2023-12-05,DOC_AD663FFA605D,speech,Speeches,Bagehot and the Lender of Last Resort – 150 Years On – Sydney,Sydney,2023-12-14,9,data\RBA\Speeches\2023-12-14 - Sydney - Bagehot and the Lender of Last Resort – 150 Years On – Sydney.txt,https://www.rba.gov.au/speeches/2023/sp-ag-2023-12-14.html,speech_after_meeting,0.7
RBA_2024_02,RBA,2024-02-06,DOC_0FDF77BFD001,minutes,Minutes,6 February 2024,,2024-02-06,0,data\RBA\Minutes\2024-02-06 - 6 February 2024.txt,https://www.rba.gov.au/monetary-policy/rba-board-minutes/2024/2024-02-06.html,minutes_for_prior_meeting,0.9
RBA_2024_02,RBA,2024-02-06,DOC_5B310AD6E95D,speech,Speeches,Monetary Policy Decision,Michele Bullock,2024-02-06,0,data\RBA\Speeches\2024-02-06 - Michele Bullock - Monetary Policy Decision.txt,https://www.rba.gov.au/speeches/2024/mc-gov-2024-02-06.html,speech_after_meeting,0.7
RBA_2024_02,RBA,2024-02-06,DOC_305B0470C89B,speech,Speeches,The Australian Economy – Prospects for 2006 and Beyond – Sydney,Sydney,2024-02-06,0,data\RBA\Speeches\2024-02-06 - Sydney - The Australian Economy – Prospects for 2006 and Beyond – Sydney.txt,https://www.rba.gov.au/speeches/2006/sp-ag-240206.html,speech_after_meeting,0.7
RBA_2024_02,RBA,2024-02-06,DOC_A0EDA8DC50F1,statement,Monetary Policy,6 February 2024,,2024-02-06,0,data\RBA\Monetary Policy\2024-06-01 - 6 February 2024.txt,https://www.rba.gov.au/media-releases/2024/mr-24-01.html,anchor_statement,1.0
RBA_2024_02,RBA,2024-02-06,DOC_D5AC94172659,speech,Speeches,Opening Statement to the House of Representatives Standing Committee on Economics,Michele Bullock,2024-02-09,3,data\RBA\Speeches\2024-02-09 - Michele Bullock - Opening Statement to the House of Representatives Standing Committee on Economics.txt,https://www.rba.gov.au/speeches/2024/sp-gov-2024-02-09.html,speech_after_meeting,0.7
RBA_2024_02,RBA,2024-02-06,DOC_7B56E3F7E28C,speech,Speeches,Opening Statement to House of Representatives Standing Committee on Economics – Sydney,Sydney,2024-02-12,6,data\RBA\Speeches\2024-02-12 - Sydney - Opening Statement to House of Representatives Standing Committee on Economics – Sydney.txt,https://www.rba.gov.au/speeches/2012/sp-gov-240212.html,speech_after_meeting,0.7
RBA_2024_02,RBA,2024-02-06,DOC_B91B30B2B7C1,speech,Speeches,The Outlook for Inflation and Employment,,2024-02-13,7,data\RBA\Speeches\2024-02-13 - The Outlook for Inflation and Employment.txt,https://www.rba.gov.au/speeches/2024/sp-so-2024-02-13.html,speech_after_meeting,0.7
RBA_2024_02,RBA,2024-02-06,DOC_E6320FDEF584,speech,Speeches,Payments System Reforms: Innovation and Competition – Sydney,Sydney,2024-03-09,32,data\RBA\Speeches\2024-03-09 - Sydney - Payments System Reforms_ Innovation and Competition – Sydney.txt,https://www.rba.gov.au/speeches/2009/sp-ag-240309.html,speech_after_meeting,0.7
RBA_2024_02,RBA,2024-02-06,DOC_196B645D9DBB,speech,Speeches,Basel III and Beyond – Sydney,Sydney,2024-03-11,34,data\RBA\Speeches\2024-03-11 - Sydney - Basel III and Beyond – Sydney.txt,https://www.rba.gov.au/speeches/2011/sp-ag-240311.html,speech_after_meeting,0.7
RBA_2024_02,RBA,2024-02-06,DOC_4088320670AB,speech,Speeches,Panel Participation at the AFR Business Summit,Sarah Hunter,2024-03-12,35,data\RBA\Speeches\2024-03-12 - Sarah Hunter - Panel Participation at the AFR Business Summit.txt,https://www.rba.gov.au/speeches/2024/sp-ag-2024-03-12.html,speech_after_meeting,0.7
RBA_2024_03,RBA,2024-03-19,DOC_6BB5EFF26A09,minutes,Minutes,19 March 2024,,2024-03-19,0,data\RBA\Minutes\2024-03-19 - 19 March 2024.txt,https://www.rba.gov.au/monetary-policy/rba-board-minutes/2024/2024-03-19.html,minutes_for_prior_meeting,0.9
RBA_2024_03,RBA,2024-03-19,DOC_9C6DFB88F4A7,speech,Speeches,Monetary Policy Decision,Michele Bullock,2024-03-19,0,data\RBA\Speeches\2024-03-19 - Michele Bullock - Monetary Policy Decision.txt,https://www.rba.gov.au/speeches/2024/mc-gov-2024-03-19.html,speech_after_meeting,0.7
RBA_2024_03,RBA,2024-03-19,DOC_4D76C376ECAE,statement,Monetary Policy,19 March 2024,,2024-03-19,0,data\RBA\Monetary Policy\2024-06-01 - 19 March 2024.txt,https://www.rba.gov.au/media-releases/2024/mr-24-05.html,anchor_statement,1.0
RBA_2024_03,RBA,2024-03-19,DOC_C2699CED1316,speech,Speeches,Fireside Chat at the AFR Banking Summit,,2024-03-26,7,data\RBA\Speeches\2024-03-26 - Fireside Chat at the AFR Banking Summit.txt,https://www.rba.gov.au/speeches/2024/sp-so-2024-03-26.html,speech_after_meeting,0.7
RBA_2024_03,RBA,2024-03-19,DOC_053327E2EB8A,speech,Speeches,The Future System for Monetary Policy Implementation,,2024-04-02,14,data\RBA\Speeches\2024-04-02 - The Future System for Monetary Policy Implementation.txt,https://www.rba.gov.au/speeches/2024/sp-ag-2024-04-02.html,speech_after_meeting,0.7
RBA_2024_03,RBA,2024-03-19,DOC_3A9DB52E27B5,speech,Speeches,Financing SME Innovation in Australia – Challenges and Opportunities,Challenges and Opportunities,2024-04-04,16,data\RBA\Speeches\2024-04-04 - Challenges and Opportunities - Financing SME Innovation in Australia – Challenges and Opportunities.txt,https://www.rba.gov.au/speeches/2024/sp-ag-2024-04-04.html,speech_after_meeting,0.7
RBA_2024_03,RBA,2024-03-19,DOC_C70F5809EB14,speech,Speeches,The Journey of Financial Reform – Shanghai,Shanghai,2024-04-13,25,data\RBA\Speeches\2024-04-13 - Shanghai - The Journey of Financial Reform – Shanghai.txt,https://www.rba.gov.au/speeches/2013/sp-dg-240413.html,speech_after_meeting,0.7
RBA_2024_05,RBA,2024-05-07,DOC_F7F5FF7AF2D9,minutes,Minutes,7 May 2024,,2024-05-07,0,data\RBA\Minutes\2024-05-07 - 7 May 2024.txt,https://www.rba.gov.au/monetary-policy/rba-board-minutes/2024/2024-05-07.html,minutes_for_prior_meeting,0.9
RBA_2024_05,RBA,2024-05-07,DOC_469E123F4519,speech,Speeches,Monetary Policy Decision,Michele Bullock,2024-05-07,0,data\RBA\Speeches\2024-05-07 - Michele Bullock - Monetary Policy Decision.txt,https://www.rba.gov.au/speeches/2024/mc-gov-2024-05-07.html,speech_after_meeting,0.7
RBA_2024_05,RBA,2024-05-07,DOC_DAF4B300994C,statement,Monetary Policy,7 May 2024,,2024-05-07,0,data\RBA\Monetary Policy\2024-06-01 - 7 May 2024.txt,https://www.rba.gov.au/media-releases/2024/mr-24-08.html,anchor_statement,1.0
RBA_2024_05,RBA,2024-05-07,DOC_179828071908,speech,Speeches,Housing Market Cycles and Fundamentals,,2024-05-16,9,data\RBA\Speeches\2024-05-16 - Housing Market Cycles and Fundamentals.txt,https://www.rba.gov.au/speeches/2024/sp-ag-2024-05-16.html,speech_after_meeting,0.7
RBA_2024_05,RBA,2024-05-07,DOC_9EFF391D9A6E,speech,Speeches,The State of Economics,Jacqui Dwyer,2024-05-28,21,data\RBA\Speeches\2024-05-28 - Jacqui Dwyer - The State of Economics.txt,https://www.rba.gov.au/speeches/2024/sp-so-2024-05-28.html,speech_after_meeting,0.7
RBA_2024_05,RBA,2024-05-07,DOC_1216BC2921E7,speech,Speeches,Fireside Chat at the Australasian Investor Relations Association (AIRA) Annual Conference,Sarah Hunter,2024-05-30,23,data\RBA\Speeches\2024-05-30 - Sarah Hunter - Fireside Chat at the Australasian Investor Relations Association (AIRA) Annual Conference.txt,https://www.rba.gov.au/speeches/2024/sp-ag-2024-05-30.html,speech_after_meeting,0.7
RBA_2024_05,RBA,2024-05-07,DOC_F683588216DF,speech,Speeches,Fireside Chat at the Australia’s Economic Outlook,Andrew Hauser,2024-06-07,31,data\RBA\Speeches\2024-06-07 - Andrew Hauser - Fireside Chat at the Australia’s Economic Outlook.txt,https://www.rba.gov.au/speeches/2024/sp-dg-2024-06-07.html,speech_after_meeting,0.7
RBA_2024_05,RBA,2024-05-07,DOC_C40BFEAFC2E3,speech,Speeches,Inflation: The Recent Past and the Future – Adelaide,Adelaide,2024-06-11,35,data\RBA\Speeches\2024-06-11 - Adelaide - Inflation_ The Recent Past and the Future – Adelaide.txt,https://www.rba.gov.au/speeches/2011/sp-ag-240611.html,speech_after_meeting,0.7
RBA_2024_06,RBA,2024-06-18,DOC_DCE43ECED532,minutes,Minutes,18 June 2024,,2024-06-18,0,data\RBA\Minutes\2024-06-18 - 18 June 2024.txt,https://www.rba.gov.au/monetary-policy/rba-board-minutes/2024/2024-06-18.html,minutes_for_prior_meeting,0.9
RBA_2024_06,RBA,2024-06-18,DOC_B118D6DC17FF,speech,Speeches,Monetary Policy Decision,Michele Bullock,2024-06-18,0,data\RBA\Speeches\2024-06-18 - Michele Bullock - Monetary Policy Decision.txt,https://www.rba.gov.au/speeches/2024/mc-gov-2024-06-18.html,speech_after_meeting,0.7
RBA_2024_06,RBA,2024-06-18,DOC_A807A79F1504,speech,Speeches,Online Retail Payments – Some Policy Issues,Some Policy Issues,2024-06-18,0,data\RBA\Speeches\2024-06-18 - Some Policy Issues - Online Retail Payments – Some Policy Issues.txt,https://www.rba.gov.au/speeches/2024/sp-so-2024-06-18.html,speech_after_meeting,0.7
RBA_2024_06,RBA,2024-06-18,DOC_13C3301225E5,statement,Monetary Policy,18 June 2024,,2024-06-18,0,data\RBA\Monetary Policy\2024-06-01 - 18 June 2024.txt,https://www.rba.gov.au/media-releases/2024/mr-24-12.html,anchor_statement,1.0
RBA_2024_06,RBA,2024-06-18,DOC_EC9191874D08,speech,Speeches,Restrictive Financial Conditions in Australia,,2024-06-26,8,data\RBA\Speeches\2024-06-26 - Restrictive Financial Conditions in Australia.txt,https://www.rba.gov.au/speeches/2024/sp-ag-2024-06-26.html,speech_after_meeting,0.7
RBA_2024_06,RBA,2024-06-18,DOC_709FE67F7AA1,speech,Speeches,Strangers in Paradise,Andrew Hauser,2024-06-27,9,data\RBA\Speeches\2024-06-27 - Andrew Hauser - Strangers in Paradise.txt,https://www.rba.gov.au/speeches/2024/sp-dg-2024-06-27.html,speech_after_meeting,0.7
RBA_2024_06,RBA,2024-06-18,DOC_87FEC2EC6B06,speech,Speeches,Remarks at the Pacific Banking Forum 2024 Dinner,Michele Bullock,2024-07-08,20,data\RBA\Speeches\2024-07-08 - Michele Bullock - Remarks at the Pacific Banking Forum 2024 Dinner.txt,https://www.rba.gov.au/speeches/2024/sp-gov-2024-07-08.html,speech_after_meeting,0.7
RBA_2024_06,RBA,2024-06-18,DOC_BEAB4690C9F4,speech,Speeches,The Lucky Country – Sydney,Sydney,2024-07-12,24,data\RBA\Speeches\2024-07-12 - Sydney - The Lucky Country – Sydney.txt,https://www.rba.gov.au/speeches/2012/sp-gov-240712.html,speech_after_meeting,0.7
RBA_2024_08,RBA,2024-08-06,DOC_1A885374AE96,minutes,Minutes,6 August 2024,,2024-08-06,0,data\RBA\Minutes\2024-08-06 - 6 August 2024.txt,https://www.rba.gov.au/monetary-policy/rba-board-minutes/2024/2024-08-06.html,minutes_for_prior_meeting,0.9
RBA_2024_08,RBA,2024-08-06,DOC_E8AD077BB744,speech,Speeches,Monetary Policy Decision,Michele Bullock,2024-08-06,0,data\RBA\Speeches\2024-08-06 - Michele Bullock - Monetary Policy Decision.txt,https://www.rba.gov.au/speeches/2024/mc-gov-2024-08-06.html,speech_after_meeting,0.7
RBA_2024_08,RBA,2024-08-06,DOC_0A3B148C48DD,statement,Monetary Policy,6 August 2024,,2024-08-06,0,data\RBA\Monetary Policy\2024-06-01 - 6 August 2024.txt,https://www.rba.gov.au/media-releases/2024/mr-24-15.html,anchor_statement,1.0
RBA_2024_08,RBA,2024-08-06,DOC_5683F1AF782F,speech,Speeches,Economic Conditions in Post-Pandemic Australia with a Regional Lens,,2024-08-08,2,data\RBA\Speeches\2024-08-08 - Economic Conditions in Post-Pandemic Australia with a Regional Lens.txt,https://www.rba.gov.au/speeches/2024/sp-gov-2024-08-08.html,speech_after_meeting,0.7
RBA_2024_08,RBA,2024-08-06,DOC_6335D11A1072,speech,Speeches,Beware False Prophets,Andrew Hauser,2024-08-12,6,data\RBA\Speeches\2024-08-12 - Andrew Hauser - Beware False Prophets.txt,https://www.rba.gov.au/speeches/2024/sp-dg-2024-08-12.html,speech_after_meeting,0.7
RBA_2024_08,RBA,2024-08-06,DOC_A929C860CEAC,speech,Speeches,Opening Statement to House of Representatives Standing Committee on Economics – Canberra,Canberra,2024-08-12,6,data\RBA\Speeches\2024-08-12 - Canberra - Opening Statement to House of Representatives Standing Committee on Economics – Canberra.txt,https://www.rba.gov.au/speeches/2012/sp-gov-240812.html,speech_after_meeting,0.7
RBA_2024_08,RBA,2024-08-06,DOC_EF0D95B26ABA,speech,Speeches,Opening Statement to the House of Representatives Standing Committee on Economics,Michele Bullock,2024-08-16,10,data\RBA\Speeches\2024-08-16 - Michele Bullock - Opening Statement to the House of Representatives Standing Committee on Economics.txt,https://www.rba.gov.au/speeches/2024/sp-gov-2024-08-16.html,speech_after_meeting,0.7
RBA_2024_08,RBA,2024-08-06,DOC_6914851B71B2,speech,Speeches,Interview With The Conversation Podcast,Andrew Hauser,2024-08-30,24,data\RBA\Speeches\2024-08-30 - Andrew Hauser - Interview With The Conversation Podcast.txt,https://www.rba.gov.au/speeches/2024/sp-dg-2024-08-30.html,speech_after_meeting,0.7
RBA_2024_08,RBA,2024-08-06,DOC_307901C68B86,speech,Speeches,The Costs of High Inflation,,2024-09-05,30,data\RBA\Speeches\2024-09-05 - The Costs of High Inflation.txt,https://www.rba.gov.au/speeches/2024/sp-gov-2024-09-05.html,speech_after_meeting,0.7
RBA_2024_08,RBA,2024-08-06,DOC_EDD668A77840,speech,Speeches,Panel Participation,,2024-09-11,36,data\RBA\Speeches\2024-09-11 - Panel Participation.txt,https://www.rba.gov.au/speeches/2024/sp-ag-2024-09-11-panel-participation.html,speech_after_meeting,0.7
RBA_2024_08,RBA,2024-08-06,DOC_26B8F79886D6,speech,Speeches,Understanding the Journey to Full Employment,,2024-09-11,36,data\RBA\Speeches\2024-09-11 - Understanding the Journey to Full Employment.txt,https://www.rba.gov.au/speeches/2024/sp-ag-2024-09-11.html,speech_after_meeting,0.7
RBA_2024_08,RBA,2024-08-06,DOC_2A1F8C849FEC,speech,Speeches,Financial Innovation and the Future of CBDC in Australia,,2024-09-18,43,data\RBA\Speeches\2024-09-18 - Financial Innovation and the Future of CBDC in Australia.txt,https://www.rba.gov.au/speeches/2024/sp-ag-2024-09-18.html,speech_after_meeting,0.7
RBA_2024_09,RBA,2024-09-24,DOC_2C06D51DEEC4,minutes,Minutes,24 September 2024,,2024-09-24,0,data\RBA\Minutes\2024-09-24 - 24 September 2024.txt,https://www.rba.gov.au/monetary-policy/rba-board-minutes/2024/2024-09-24.html,minutes_for_prior_meeting,0.9
RBA_2024_09,RBA,2024-09-24,DOC_B147B828478A,speech,Speeches,Monetary Policy Decision,Michele Bullock,2024-09-24,0,data\RBA\Speeches\2024-09-24 - Michele Bullock - Monetary Policy Decision.txt,https://www.rba.gov.au/speeches/2024/mc-gov-2024-09-24.html,speech_after_meeting,0.7
RBA_2024_09,RBA,2024-09-24,DOC_97ED32B7933B,statement,Monetary Policy,24 September 2024,,2024-09-24,0,data\RBA\Monetary Policy\2024-06-01 - 24 September 2024.txt,https://www.rba.gov.au/media-releases/2024/mr-24-18.html,anchor_statement,1.0
RBA_2024_09,RBA,2024-09-24,DOC_37A778856FEB,speech,Speeches,From the Shadows to the Podium: Central Banks and the Press,Andrew Hauser,2024-10-08,14,data\RBA\Speeches\2024-10-08 - Andrew Hauser - From the Shadows to the Podium_ Central Banks and the Press.txt,https://www.rba.gov.au/speeches/2024/sp-dg-2024-10-08.html,speech_after_meeting,0.7
RBA_2024_09,RBA,2024-09-24,DOC_C76E4F49E6B3,speech,Speeches,A Review of the RBA’s Term Funding Facility,,2024-10-09,15,data\RBA\Speeches\2024-10-09 - A Review of the RBA’s Term Funding Facility.txt,https://www.rba.gov.au/speeches/2024/sp-ag-2024-10-09.html,speech_after_meeting,0.7
RBA_2024_09,RBA,2024-09-24,DOC_6F3C255665C8,speech,Speeches,Panel Participation at the Macquarie University,Sarah Hunter,2024-10-10,16,data\RBA\Speeches\2024-10-10 - Sarah Hunter - Panel Participation at the Macquarie University.txt,https://www.rba.gov.au/speeches/2024/sp-ag-2024-10-10.html,speech_after_meeting,0.7
RBA_2024_09,RBA,2024-09-24,DOC_B5B5261659C0,speech,Speeches,Five Years of Financial Crisis – Sydney,Sydney,2024-10-12,18,data\RBA\Speeches\2024-10-12 - Sydney - Five Years of Financial Crisis – Sydney.txt,https://www.rba.gov.au/speeches/2012/sp-so-241012.html,speech_after_meeting,0.7
RBA_2024_09,RBA,2024-09-24,DOC_87645D9D6306,speech,Speeches,Investment and the Australian Economy – Melbourne,Melbourne,2024-10-13,19,data\RBA\Speeches\2024-10-13 - Melbourne - Investment and the Australian Economy – Melbourne.txt,https://www.rba.gov.au/speeches/2013/sp-dg-241013.html,speech_after_meeting,0.7
RBA_2024_09,RBA,2024-09-24,DOC_0A416AB0B242,speech,Speeches,Inflation Expectations – Why They Matter and How They Are Formed,,2024-10-16,22,data\RBA\Speeches\2024-10-16 - Inflation Expectations – Why They Matter and How They Are Formed.txt,https://www.rba.gov.au/speeches/2024/sp-ag-2024-10-16.html,speech_after_meeting,0.7
RBA_2024_09,RBA,2024-09-24,DOC_72BCBE764736,speech,Speeches,Fireside Chat at the CBA 2024 Global Markets Conference,Andrew Hauser,2024-10-21,27,data\RBA\Speeches\2024-10-21 - Andrew Hauser - Fireside Chat at the CBA 2024 Global Markets Conference.txt,https://www.rba.gov.au/speeches/2024/sp-dg-2024-10-21.html,speech_after_meeting,0.7
RBA_2024_11,RBA,2024-11-05,DOC_BD20655593EF,minutes,Minutes,5 November 2024,,2024-11-05,0,data\RBA\Minutes\2024-11-05 - 5 November 2024.txt,https://www.rba.gov.au/monetary-policy/rba-board-minutes/2024/2024-11-05.html,minutes_for_prior_meeting,0.9
RBA_2024_11,RBA,2024-11-05,DOC_D70CD8D926F9,speech,Speeches,Monetary Policy Decision,Michele Bullock,2024-11-05,0,data\RBA\Speeches\2024-11-05 - Michele Bullock - Monetary Policy Decision.txt,https://www.rba.gov.au/speeches/2024/mc-gov-2024-11-05.html,speech_after_meeting,0.7
RBA_2024_11,RBA,2024-11-05,DOC_B7B259AF9344,statement,Monetary Policy,5 November 2024,,2024-11-05,0,data\RBA\Monetary Policy\2024-06-01 - 5 November 2024.txt,https://www.rba.gov.au/media-releases/2024/mr-24-24.html,anchor_statement,1.0
RBA_2024_11,RBA,2024-11-05,DOC_56B56CE4676C,speech,Speeches,Panel Participation at the Regulators 2024 (FINSIA),Brad Jones,2024-11-08,3,data\RBA\Speeches\2024-11-08 - Brad Jones - Panel Participation at the Regulators 2024 (FINSIA).txt,https://www.rba.gov.au/speeches/2024/sp-ag-2024-11-08.html,speech_after_meeting,0.7
RBA_2024_11,RBA,2024-11-05,DOC_77235E798CEB,speech,Speeches,On the Use of Forecasts – Sydney,Sydney,2024-11-11,6,data\RBA\Speeches\2024-11-11 - Sydney - On the Use of Forecasts – Sydney.txt,https://www.rba.gov.au/speeches/2011/sp-gov-241111.html,speech_after_meeting,0.7
RBA_2024_11,RBA,2024-11-05,DOC_6E7111DB2D2B,speech,Speeches,Panel Participation at the ASIC Annual Forum,Michele Bullock,2024-11-14,9,data\RBA\Speeches\2024-11-14 - Michele Bullock - Panel Participation at the ASIC Annual Forum.txt,https://www.rba.gov.au/speeches/2024/sp-gov-2024-11-14.html,speech_after_meeting,0.7
RBA_2024_11,RBA,2024-11-05,DOC_9FAD8ADC6FB1,speech,Speeches,Panel Participation at the ASIC Annual Forum,Brad Jones,2024-11-15,10,data\RBA\Speeches\2024-11-15 - Brad Jones - Panel Participation at the ASIC Annual Forum.txt,https://www.rba.gov.au/speeches/2024/sp-ag-2024-11-15.html,speech_after_meeting,0.7
RBA_2024_11,RBA,2024-11-05,DOC_B917BDABD604,speech,Speeches,The Financial System and Monetary Policy in Australia,,2024-11-18,13,data\RBA\Speeches\2024-11-18 - The Financial System and Monetary Policy in Australia.txt,https://www.rba.gov.au/speeches/2024/sp-ag-2024-11-18.html,speech_after_meeting,0.7
RBA_2024_11,RBA,2024-11-05,DOC_39C5BDA5736B,speech,Speeches,Fireside Chat at the Women in Payments Symposium,Michele Bullock,2024-11-21,16,data\RBA\Speeches\2024-11-21 - Michele Bullock - Fireside Chat at the Women in Payments Symposium.txt,https://www.rba.gov.au/speeches/2024/sp-gov-2024-11-21.html,speech_after_meeting,0.7
RBA_2024_11,RBA,2024-11-05,DOC_AB559EB6585B,speech,Speeches,Economic Conditions and the RBA’s Transformation,,2024-11-28,23,data\RBA\Speeches\2024-11-28 - Economic Conditions and the RBA’s Transformation.txt,https://www.rba.gov.au/speeches/2024/sp-gov-2024-11-28.html,speech_after_meeting,0.7
RBA_2024_11,RBA,2024-11-05,DOC_49B2EA46F782,speech,Speeches,A Stocktake of Securitisation in Australia,,2024-12-02,27,data\RBA\Speeches\2024-12-02 - A Stocktake of Securitisation in Australia.txt,https://www.rba.gov.au/speeches/2024/sp-so-2024-12-02.html,speech_after_meeting,0.7
RBA_2024_12,RBA,2024-12-10,DOC_EDB1742BCEE2,minutes,Minutes,10 December 2024,,2024-12-10,0,data\RBA\Minutes\2024-12-10 - 10 December 2024.txt,https://www.rba.gov.au/monetary-policy/rba-board-minutes/2024/2024-12-10.html,minutes_for_prior_meeting,0.9
RBA_2024_12,RBA,2024-12-10,DOC_657554B03021,speech,Speeches,Monetary Policy Decision,Michele Bullock,2024-12-10,0,data\RBA\Speeches\2024-12-10 - Michele Bullock - Monetary Policy Decision.txt,https://www.rba.gov.au/speeches/2024/mc-gov-2024-12-10.html,speech_after_meeting,0.7
RBA_2024_12,RBA,2024-12-10,DOC_5B1FA6D4CC2E,statement,Monetary Policy,10 December 2024,,2024-12-10,0,data\RBA\Monetary Policy\2024-06-01 - 10 December 2024.txt,https://www.rba.gov.au/media-releases/2024/mr-24-27.html,anchor_statement,1.0
RBA_2024_12,RBA,2024-12-10,DOC_E24838EDF669,speech,Speeches,The Ghost of Christmas Yet to Come,Andrew Hauser,2024-12-11,1,data\RBA\Speeches\2024-12-11 - Andrew Hauser - The Ghost of Christmas Yet to Come.txt,https://www.rba.gov.au/speeches/2024/sp-dg-2024-12-11.html,speech_after_meeting,0.7
RBA_2024_12,RBA,2024-12-10,DOC_36A68F634357,speech,Speeches,Panel Discussion – The Future of Account-to-Account Payments in Australia,Ellis Connolly,2024-12-12,2,data\RBA\Speeches\2024-12-12 - Ellis Connolly - Panel Discussion – The Future of Account-to-Account Payments in Australia.txt,https://www.rba.gov.au/speeches/2024/sp-so-2024-12-12.html,speech_after_meeting,0.7
RBA_2024_12,RBA,2024-12-10,DOC_E4CC8AEE548F,speech,Speeches,The Future of the Payments System,,2024-12-12,2,data\RBA\Speeches\2024-12-12 - The Future of the Payments System.txt,https://www.rba.gov.au/speeches/2024/sp-ag-2024-12-12.html,speech_after_meeting,0.7
RBA_2024_12,RBA,2024-12-10,DOC_0D4F9C46F01A,speech,Speeches,Shedding Light on Uncertainty: Using Scenarios in Forecasting and Policy,,2024-12-13,3,data\RBA\Speeches\2024-12-13 - Shedding Light on Uncertainty_ Using Scenarios in Forecasting and Policy.txt,https://www.rba.gov.au/speeches/2024/sp-ag-2024-12-13.html,speech_after_meeting,0.7
RBA_2024_12,RBA,2024-12-10,DOC_5E92B46B760F,speech,Speeches,Fireside Chat at Conexus 2025 Superannuation Chair Forum,Forum,2025-01-30,51,data\RBA\Speeches\2025-01-30 - Forum - Fireside Chat at Conexus 2025 Superannuation Chair Forum.txt,https://www.rba.gov.au/speeches/2025/sp-ag-2025-01-30.html,speech_after_meeting,0.7
RBA_2024_12,RBA,2024-12-10,DOC_4E079AF1C9B9,speech,Speeches,Notes for a Talk to CEDA/Promina Economic and Political Overview – Sydney,Sydney,2025-02-05,57,data\RBA\Speeches\2025-02-05 - Sydney - Notes for a Talk to CEDA_Promina Economic and Political Overview – Sydney.txt,https://www.rba.gov.au/speeches/2005/sp-ag-250205.html,speech_after_meeting,0.7
RBA_2025_02,RBA,2025-02-18,DOC_CBB1165A01C3,minutes,Minutes,18 February 2025,,2025-02-18,0,data\RBA\Minutes\2025-02-18 - 18 February 2025.txt,https://www.rba.gov.au/monetary-policy/rba-board-minutes/2025/2025-02-18.html,minutes_for_prior_meeting,0.9
RBA_2025_02,RBA,2025-02-18,DOC_3996D9351F9E,speech,Speeches,Monetary Policy Decision,Michele Bullock,2025-02-18,0,data\RBA\Speeches\2025-02-18 - Michele Bullock - Monetary Policy Decision.txt,https://www.rba.gov.au/speeches/2025/mc-gov-2025-02-18.html,speech_after_meeting,0.7
RBA_2025_02,RBA,2025-02-18,DOC_C019488B2D9F,statement,Monetary Policy,18 February 2025,,2025-02-18,0,data\RBA\Monetary Policy\2025-06-01 - 18 February 2025.txt,https://www.rba.gov.au/media-releases/2025/mr-25-03.html,anchor_statement,1.0
RBA_2025_02,RBA,2025-02-18,DOC_D117A263F925,speech,Speeches,Interview with Bloomberg Australia,,2025-02-20,2,data\RBA\Speeches\2025-02-20 - Interview with Bloomberg Australia.txt,https://www.rba.gov.au/speeches/2025/sp-dg-2025-02-20.html,speech_after_meeting,0.7
RBA_2025_02,RBA,2025-02-18,DOC_3E5D56A806BD,speech,Speeches,Opening Statement to the House of Representatives Standing Committee on Economics,Michele Bullock,2025-02-21,3,data\RBA\Speeches\2025-02-21 - Michele Bullock - Opening Statement to the House of Representatives Standing Committee on Economics.txt,https://www.rba.gov.au/speeches/2025/sp-gov-2025-02-21.html,speech_after_meeting,0.7
RBA_2025_02,RBA,2025-02-18,DOC_8D5012B55917,speech,Speeches,Fireside Chat at DLT-Enabled,Brad Jones,2025-02-25,7,data\RBA\Speeches\2025-02-25 - Brad Jones - Fireside Chat at DLT-Enabled.txt,https://www.rba.gov.au/speeches/2025/sp-ag-2025-02-25.html,speech_after_meeting,0.7
RBA_2025_02,RBA,2025-02-18,DOC_87AF8A9D4990,speech,Speeches,Why Productivity Matters,,2025-02-27,9,data\RBA\Speeches\2025-02-27 - Why Productivity Matters.txt,https://www.rba.gov.au/speeches/2025/sp-so-2025-02-27.html,speech_after_meeting,0.7
RBA_2025_02,RBA,2025-02-18,DOC_6EB50D50D1F7,speech,Speeches,Monetary Policy in a VUCA World,Andrew Hauser,2025-03-05,15,data\RBA\Speeches\2025-03-05 - Andrew Hauser - Monetary Policy in a VUCA World.txt,https://www.rba.gov.au/speeches/2025/sp-dg-2025-03-05.html,speech_after_meeting,0.7
RBA_2025_02,RBA,2025-02-18,DOC_04D506DAD520,speech,Speeches,Public Policy and the Payments System – Melbourne,Melbourne,2025-03-09,19,data\RBA\Speeches\2025-03-09 - Melbourne - Public Policy and the Payments System – Melbourne.txt,https://www.rba.gov.au/speeches/2009/sp-gov-250309.html,speech_after_meeting,0.7
RBA_2025_02,RBA,2025-02-18,DOC_C46D2C28F378,speech,Speeches,Recent Developments in the Global and Australian Economies – Sydney,Sydney,2025-03-10,20,data\RBA\Speeches\2025-03-10 - Sydney - Recent Developments in the Global and Australian Economies – Sydney.txt,https://www.rba.gov.au/speeches/2010/sp-ag-250310.html,speech_after_meeting,0.7
RBA_2025_02,RBA,2025-02-18,DOC_70A4B0BBA883,speech,Speeches,Panel Participation at the 2025 International Institute of Finance (IIF) Australia Forum,Brad Jones,2025-03-13,23,data\RBA\Speeches\2025-03-13 - Brad Jones - Panel Participation at the 2025 International Institute of Finance (IIF) Australia Forum.txt,https://www.rba.gov.au/speeches/2025/sp-ag-2025-03-13.html,speech_after_meeting,0.7
RBA_2025_02,RBA,2025-02-18,DOC_A58F366EE8E2,speech,Speeches,Opportunities and Challenges for Market-based Financing – Sydney,Sydney,2025-03-14,24,data\RBA\Speeches\2025-03-14 - Sydney - Opportunities and Challenges for Market-based Financing – Sydney.txt,https://www.rba.gov.au/speeches/2014/sp-dg-250314.html,speech_after_meeting,0.7
RBA_2025_02,RBA,2025-02-18,DOC_F572BA2D09F2,speech,Speeches,Summary,Philip Lowe,2025-03-14,24,data\RBA\Speeches\2025-03-14 - Philip Lowe - Summary.txt,https://www.rba.gov.au/speeches/2014/sp-dg-250314-summary.html,speech_after_meeting,0.7
RBA_2025_02,RBA,2025-02-18,DOC_0CC7F27CC131,speech,Speeches,Monetary Policy: Forward Looking and Data Dependent in the Face of Uncertainty,,2025-03-18,28,data\RBA\Speeches\2025-03-18 - Monetary Policy_ Forward Looking and Data Dependent in the Face of Uncertainty.txt,https://www.rba.gov.au/speeches/2025/sp-ag-2025-03-18.html,speech_after_meeting,0.7
RBA_2025_02,RBA,2025-02-18,DOC_C6442928401D,speech,Speeches,Fireside Chat at Australian Payments Plus Beyond Tomorrow,Brad Jones,2025-03-25,35,data\RBA\Speeches\2025-03-25 - Brad Jones - Fireside Chat at Australian Payments Plus Beyond Tomorrow.txt,https://www.rba.gov.au/speeches/2025/sp-ag-2025-03-25.html,speech_after_meeting,0.7
RBA_2025_04,RBA,2025-04-01,DOC_654E4E2D88B1,minutes,Minutes,1 April 2025,,2025-04-01,0,data\RBA\Minutes\2025-04-01 - 1 April 2025.txt,https://www.rba.gov.au/monetary-policy/rba-board-minutes/2025/2025-04-01.html,minutes_for_prior_meeting,0.9
RBA_2025_04,RBA,2025-04-01,DOC_5037E46743D0,speech,Speeches,Monetary Policy Decision,Michele Bullock,2025-04-01,0,data\RBA\Speeches\2025-04-01 - Michele Bullock - Monetary Policy Decision.txt,https://www.rba.gov.au/speeches/2025/mc-gov-2025-04-01.html,speech_after_meeting,0.7
RBA_2025_04,RBA,2025-04-01,DOC_6D3FC4740575,statement,Monetary Policy,1 April 2025,,2025-04-01,0,data\RBA\Monetary Policy\2025-06-01 - 1 April 2025.txt,https://www.rba.gov.au/media-releases/2025/mr-25-10.html,anchor_statement,1.0
RBA_2025_04,RBA,2025-04-01,DOC_46ABDE8ACD95,speech,Speeches,The RBA’s Monetary Policy Implementation System – Some Important Updates,Some Important Updates,2025-04-02,1,data\RBA\Speeches\2025-04-02 - Some Important Updates - The RBA’s Monetary Policy Implementation System – Some Important Updates.txt,https://www.rba.gov.au/speeches/2025/sp-ag-2025-04-02.html,speech_after_meeting,0.7
RBA_2025_04,RBA,2025-04-01,DOC_ED334D5FD980,speech,Speeches,Women’s Economic Empowerment in Australia,Michele Bullock,2025-04-10,9,data\RBA\Speeches\2025-04-10 - Michele Bullock - Women’s Economic Empowerment in Australia.txt,https://www.rba.gov.au/speeches/2025/sp-gov-2025-04-10.html,speech_after_meeting,0.7
RBA_2025_04,RBA,2025-04-01,DOC_1B6156993F71,speech,Speeches,Australia’s External Position and the Evolution of the FX Markets,"Christopher Kent, Assistant",2025-04-29,28,"data\RBA\Speeches\2025-04-29 - Christopher Kent, Assistant - Australia’s External Position and the Evolution of the FX Markets.txt",https://www.rba.gov.au/speeches/2025/sp-ag-2025-04-29.html,speech_after_meeting,0.7
RBA_2025_05,RBA,2025-05-20,DOC_7F4F7606AB4F,minutes,Minutes,20 May 2025,,2025-05-20,0,data\RBA\Minutes\2025-05-20 - 20 May 2025.txt,https://www.rba.gov.au/monetary-policy/rba-board-minutes/2025/2025-05-20.html,minutes_for_prior_meeting,0.9
RBA_2025_05,RBA,2025-05-20,DOC_58379EFDE740,speech,Speeches,Monetary Policy Decision,Michele Bullock,2025-05-20,0,data\RBA\Speeches\2025-05-20 - Michele Bullock - Monetary Policy Decision.txt,https://www.rba.gov.au/speeches/2025/mc-gov-2025-05-20.html,speech_after_meeting,0.7
RBA_2025_05,RBA,2025-05-20,DOC_9AB2099A5255,statement,Monetary Policy,20 May 2025,,2025-05-20,0,data\RBA\Monetary Policy\2025-06-01 - 20 May 2025.txt,https://www.rba.gov.au/media-releases/2025/mr-25-13.html,anchor_statement,1.0
RBA_2025_05,RBA,2025-05-20,DOC_74D2450D364A,speech,Speeches,Open the Door and See the Mountain: Reflections from a Recent Trip to China,Andrew Hauser,2025-05-22,2,data\RBA\Speeches\2025-05-22 - Andrew Hauser - Open the Door and See the Mountain_ Reflections from a Recent Trip to China.txt,https://www.rba.gov.au/speeches/2025/sp-dg-2025-05-22.html,speech_after_meeting,0.7
RBA_2025_05,RBA,2025-05-20,DOC_C1BF5AB7AC67,speech,Speeches,Relative Advance or Relative Decline? – Canberra,Canberra,2025-06-02,13,data\RBA\Speeches\2025-06-02 - Canberra - Relative Advance or Relative Decline_ – Canberra.txt,https://www.rba.gov.au/speeches/2002/sp-gov-250602.html,speech_after_meeting,0.7
RBA_2025_05,RBA,2025-05-20,DOC_CCCAB8CB1A38,speech,Speeches,Joining the Dots: Exploring Australia’s Economic Links with the World Economy,"Sarah Hunter, Assistant",2025-06-03,14,"data\RBA\Speeches\2025-06-03 - Sarah Hunter, Assistant - Joining the Dots_ Exploring Australia’s Economic Links with the World Economy.txt",https://www.rba.gov.au/speeches/2025/sp-ag-2025-06-03.html,speech_after_meeting,0.7
RBA_2025_05,RBA,2025-05-20,DOC_1215A8E02B02,speech,Speeches,Australia’s Bond Market in a Volatile World,David Jacobs,2025-06-12,23,data\RBA\Speeches\2025-06-12 - David Jacobs - Australia’s Bond Market in a Volatile World.txt,https://www.rba.gov.au/speeches/2025/sp-so-2025-06-12.html,speech_after_meeting,0.7
RBA_2025_07,RBA,2025-07-08,DOC_046CF7D807FF,minutes,Minutes,8 July 2025,,2025-07-08,0,data\RBA\Minutes\2025-07-08 - 8 July 2025.txt,https://www.rba.gov.au/monetary-policy/rba-board-minutes/2025/2025-07-08.html,minutes_for_prior_meeting,0.9
RBA_2025_07,RBA,2025-07-08,DOC_3B7D296754AA,speech,Speeches,Monetary Policy Decision,Michele Bullock,2025-07-08,0,data\RBA\Speeches\2025-07-08 - Michele Bullock - Monetary Policy Decision.txt,https://www.rba.gov.au/speeches/2025/mc-gov-2025-07-08.html,speech_after_meeting,0.7
RBA_2025_07,RBA,2025-07-08,DOC_4C6775F02003,statement,Monetary Policy,8 July 2025,,2025-07-08,0,data\RBA\Monetary Policy\2025-06-01 - 8 July 2025.txt,https://www.rba.gov.au/media-releases/2025/mr-25-17.html,anchor_statement,1.0
RBA_2025_07,RBA,2025-07-08,DOC_7BAB771DB72B,speech,Speeches,What Has Australian Macroeconomic Thought Achieved in the Past Century – And Where Can it Contribute in the Next?,Andrew Hauser,2025-07-09,1,data\RBA\Speeches\2025-07-09 - Andrew Hauser - What Has Australian Macroeconomic Thought Achieved in the Past Century – And Where Can it Contribute in the Next_.txt,https://www.rba.gov.au/speeches/2025/sp-dg-2025-07-09.html,speech_after_meeting,0.7
RBA_2025_07,RBA,2025-07-08,DOC_370B6D996315,speech,Speeches,Remarks to Property Council of Australia – Darwin,Darwin,2025-07-11,3,data\RBA\Speeches\2025-07-11 - Darwin - Remarks to Property Council of Australia – Darwin.txt,https://www.rba.gov.au/speeches/2011/sp-ag-250711.html,speech_after_meeting,0.7
RBA_2025_07,RBA,2025-07-08,DOC_D02FDFDD931E,speech,Speeches,The RBA’s Dual Mandate – Inflation and Employment,Inflation and Employment,2025-07-24,16,data\RBA\Speeches\2025-07-24 - Inflation and Employment - The RBA’s Dual Mandate – Inflation and Employment.txt,https://www.rba.gov.au/speeches/2025/sp-gov-2025-07-24.html,speech_after_meeting,0.7
RBA_2025_07,RBA,2025-07-08,DOC_E2D4CFC506D6,speech,Speeches,Fireside Chat at the Barrenjoey Economic Forum,Andrew Hauser,2025-07-31,23,data\RBA\Speeches\2025-07-31 - Andrew Hauser - Fireside Chat at the Barrenjoey Economic Forum.txt,https://www.rba.gov.au/speeches/2025/sp-dg-2025-07-31.html,speech_after_meeting,0.7
RBA_2025_07,RBA,2025-07-08,DOC_4229ECBF6AB9,speech,Speeches,"Geography, Resources or Institutions? – Melbourne",Melbourne,2025-08-04,27,"data\RBA\Speeches\2025-08-04 - Melbourne - Geography, Resources or Institutions_ – Melbourne.txt",https://www.rba.gov.au/speeches/2004/sp-gov-250804.html,speech_after_meeting,0.7
RBA_2025_07,RBA,2025-07-08,DOC_9F11DD3C7357,speech,Speeches,The Importance of Financial Literacy – Sydney,Sydney,2025-08-08,31,data\RBA\Speeches\2025-08-08 - Sydney - The Importance of Financial Literacy – Sydney.txt,https://www.rba.gov.au/speeches/2008/sp-ag-250808.html,speech_after_meeting,0.7
RBA_2025_08,RBA,2025-08-12,DOC_726168BF1A18,minutes,Minutes,12 August 2025,,2025-08-12,0,data\RBA\Minutes\2025-08-12 - 12 August 2025.txt,https://www.rba.gov.au/monetary-policy/rba-board-minutes/2025/2025-08-12.html,minutes_for_prior_meeting,0.9
RBA_2025_08,RBA,2025-08-12,DOC_0AD7586B5725,speech,Speeches,Monetary Policy Decision,Michele Bullock,2025-08-12,0,data\RBA\Speeches\2025-08-12 - Michele Bullock - Monetary Policy Decision.txt,https://www.rba.gov.au/speeches/2025/mc-gov-2025-08-12.html,speech_after_meeting,0.7
RBA_2025_08,RBA,2025-08-12,DOC_F14526C01837,statement,Monetary Policy,12 August 2025,,2025-08-12,0,data\RBA\Monetary Policy\2025-06-01 - 12 August 2025.txt,https://www.rba.gov.au/media-releases/2025/mr-25-22.html,anchor_statement,1.0
RBA_2025_08,RBA,2025-08-12,DOC_F0A29B87737B,speech,Speeches,Technology and the Future of Central Banking at the RBA,Michele Bullock,2025-09-03,22,data\RBA\Speeches\2025-09-03 - Michele Bullock - Technology and the Future of Central Banking at the RBA.txt,https://www.rba.gov.au/speeches/2025/sp-gov-2025-09-03.html,speech_after_meeting,0.7
RBA_2025_08,RBA,2025-08-12,DOC_096A00B51F8A,speech,Speeches,Some Observations on Financial Trends – Melbourne,Melbourne,2025-09-07,26,data\RBA\Speeches\2025-09-07 - Melbourne - Some Observations on Financial Trends – Melbourne.txt,https://www.rba.gov.au/speeches/2007/sp-dg-250907.html,speech_after_meeting,0.7
RBA_2025_08,RBA,2025-08-12,DOC_770564B3574E,speech,Speeches,Anti-fragility and the Financial System,Brad Jones,2025-09-12,31,data\RBA\Speeches\2025-09-12 - Brad Jones - Anti-fragility and the Financial System.txt,https://www.rba.gov.au/speeches/2025/sp-ag-2025-09-12.html,speech_after_meeting,0.7
RBA_2025_08,RBA,2025-08-12,DOC_8E75EEA8B66A,speech,Speeches,Credo et Fido : Credit and Trust – Melbourne,Melbourne,2025-09-12,31,data\RBA\Speeches\2025-09-12 - Melbourne - Credo et Fido _ Credit and Trust – Melbourne.txt,https://www.rba.gov.au/speeches/2012/sp-ag-250912.html,speech_after_meeting,0.7
RBA_2025_08,RBA,2025-08-12,DOC_BCC8E5F0CC77,speech,Speeches,Remarks to the Melbourne Economic Forum on Financial System Reform and the Monetary System – Melbourne,Melbourne,2025-09-14,33,data\RBA\Speeches\2025-09-14 - Melbourne - Remarks to the Melbourne Economic Forum on Financial System Reform and the Monetary System – Melbourne.txt,https://www.rba.gov.au/speeches/2014/sp-gov-250914.html,speech_after_meeting,0.7
RBA_2025_08,RBA,2025-08-12,DOC_2ECF60312506,speech,Speeches,Summary,Glenn Stevens,2025-09-14,33,data\RBA\Speeches\2025-09-14 - Glenn Stevens - Summary.txt,https://www.rba.gov.au/speeches/2014/sp-gov-250914-summary.html,speech_after_meeting,0.7
RBA_2025_08,RBA,2025-08-12,DOC_42EBD94FA7C1,speech,Speeches,A Hedge Between Keeps Friendship Green: Could Global Fragmentation Change the Way Australian Investors Think About Currency Risk?,Andrew Hauser,2025-09-16,35,data\RBA\Speeches\2025-09-16 - Andrew Hauser - A Hedge Between Keeps Friendship Green_ Could Global Fragmentation Change the Way Australian Investors Think About Curren.txt,https://www.rba.gov.au/speeches/2025/sp-dg-2025-09-16.html,speech_after_meeting,0.7
RBA_2025_08,RBA,2025-08-12,DOC_73E1F627C8D9,speech,Speeches,Fireside Chat at the 2025 AFIA Conference,Sarah Hunter,2025-09-16,35,data\RBA\Speeches\2025-09-16 - Sarah Hunter - Fireside Chat at the 2025 AFIA Conference.txt,https://www.rba.gov.au/speeches/2025/sp-ag-2025-09-16.html,speech_after_meeting,0.7
RBA_2025_08,RBA,2025-08-12,DOC_B30D32AC3E19,speech,Speeches,Fireside Chat at the Intersekt 2025 Conference,Brad Jones,2025-09-17,36,data\RBA\Speeches\2025-09-17 - Brad Jones - Fireside Chat at the Intersekt 2025 Conference.txt,https://www.rba.gov.au/speeches/2025/sp-ag-2025-09-17.html,speech_after_meeting,0.7
RBA_2025_08,RBA,2025-08-12,DOC_DC41254B4CBA,speech,Speeches,Opening Statement to the House of Representatives Standing Committee on Economics,Michele Bullock,2025-09-22,41,data\RBA\Speeches\2025-09-22 - Michele Bullock - Opening Statement to the House of Representatives Standing Committee on Economics.txt,https://www.rba.gov.au/speeches/2025/sp-gov-2025-09-22.html,speech_after_meeting,0.7
RBA_2025_09,RBA,2025-09-30,DOC_DDD43E480791,minutes,Minutes,30 September 2025,,2025-09-30,0,data\RBA\Minutes\2025-09-30 - 30 September 2025.txt,https://www.rba.gov.au/monetary-policy/rba-board-minutes/2025/2025-09-30.html,minutes_for_prior_meeting,0.9
RBA_2025_09,RBA,2025-09-30,DOC_CAAC7E27F544,speech,Speeches,Monetary Policy Decision,Michele Bullock,2025-09-30,0,data\RBA\Speeches\2025-09-30 - Michele Bullock - Monetary Policy Decision.txt,https://www.rba.gov.au/speeches/2025/mc-gov-2025-09-30.html,speech_after_meeting,0.7
RBA_2025_09,RBA,2025-09-30,DOC_C9DB770FD7BC,statement,Monetary Policy,30 September 2025,,2025-09-30,0,data\RBA\Monetary Policy\2025-06-01 - 30 September 2025.txt,https://www.rba.gov.au/media-releases/2025/mr-25-27.html,anchor_statement,1.0
RBA_2025_09,RBA,2025-09-30,DOC_536A735AB2C4,speech,Speeches,The Evolving Global Payments Landscape: Challenges and Opportunities for Australia and the Broader Asia-Pacific Region,Michele Bullock,2025-10-03,3,data\RBA\Speeches\2025-10-03 - Michele Bullock - The Evolving Global Payments Landscape_ Challenges and Opportunities for Australia and the Broader Asia-Pacific Region.txt,https://www.rba.gov.au/speeches/2025/sp-gov-2025-10-03.html,speech_after_meeting,0.7
RBA_2025_09,RBA,2025-09-30,DOC_D479CA7553BB,speech,Speeches,Cross-currents in the Global Economy – Canberra,Canberra,2025-10-10,10,data\RBA\Speeches\2025-10-10 - Canberra - Cross-currents in the Global Economy – Canberra.txt,https://www.rba.gov.au/speeches/2010/sp-gov-251010.html,speech_after_meeting,0.7
RBA_2025_09,RBA,2025-09-30,DOC_7AE6752E176C,speech,Speeches,Economic and Financial Developments – Sydney,Sydney,2025-10-11,11,data\RBA\Speeches\2025-10-11 - Sydney - Economic and Financial Developments – Sydney.txt,https://www.rba.gov.au/speeches/2011/sp-dg-251011.html,speech_after_meeting,0.7
RBA_2025_09,RBA,2025-09-30,DOC_D297E34E3CCC,speech,Speeches,Exchanges With Evan Lucas,Sarah Hunter,2025-10-14,14,data\RBA\Speeches\2025-10-14 - Sarah Hunter - Exchanges With Evan Lucas.txt,https://www.rba.gov.au/speeches/2025/sp-ag-2025-10-14-2.html,speech_after_meeting,0.7
RBA_2025_09,RBA,2025-09-30,DOC_31B71BF384C8,speech,Speeches,"Interview with Money News, Nine Radio",Sarah Hunter,2025-10-14,14,"data\RBA\Speeches\2025-10-14 - Sarah Hunter - Interview with Money News, Nine Radio.txt",https://www.rba.gov.au/speeches/2025/sp-ag-2025-10-14.html,speech_after_meeting,0.7
RBA_2025_09,RBA,2025-09-30,DOC_CE3B216B030E,speech,Speeches,Why Productivity Matters for Central Bankers,Sarah Hunter,2025-10-15,15,data\RBA\Speeches\2025-10-15 - Sarah Hunter - Why Productivity Matters for Central Bankers.txt,https://www.rba.gov.au/speeches/2025/sp-ag-2025-10-15.html,speech_after_meeting,0.7
RBA_2025_09,RBA,2025-09-30,DOC_3899B1FDEB31,speech,Speeches,Australian Financial Conditions – How Do We Judge How Tight or Easy They Are?,Christopher Kent,2025-10-16,16,data\RBA\Speeches\2025-10-16 - Christopher Kent - Australian Financial Conditions – How Do We Judge How Tight or Easy They Are_.txt,https://www.rba.gov.au/speeches/2025/sp-ag-2025-10-16.html,speech_after_meeting,0.7
RBA_2025_09,RBA,2025-09-30,DOC_BD3E35D20A6C,speech,Speeches,Fireside Chat at Nomura 100 th Anniversary Event,Michele Bullock,2025-10-16,16,data\RBA\Speeches\2025-10-16 - Michele Bullock - Fireside Chat at Nomura 100 th Anniversary Event.txt,https://www.rba.gov.au/speeches/2025/sp-gov-2025-10-16.html,speech_after_meeting,0.7
RBA_2025_09,RBA,2025-09-30,DOC_0BBABD9724FB,speech,Speeches,Managing Systemic Liquidity Risk,Brad Jones,2025-10-21,21,data\RBA\Speeches\2025-10-21 - Brad Jones - Managing Systemic Liquidity Risk.txt,https://www.rba.gov.au/speeches/2025/sp-ag-2025-10-21.html,speech_after_meeting,0.7
RBA_2025_09,RBA,2025-09-30,DOC_2B9E79AA35ED,speech,Speeches,Building Bridges in the Digital Economy: Modernising Australia’s Payments System,Michele Bullock,2025-10-24,24,data\RBA\Speeches\2025-10-24 - Michele Bullock - Building Bridges in the Digital Economy_ Modernising Australia’s Payments System.txt,https://www.rba.gov.au/speeches/2025/sp-gov-2025-10-24.html,speech_after_meeting,0.7
RBA_2025_09,RBA,2025-09-30,DOC_65F7112B3330,speech,Speeches,Fireside Chat at the ABE Annual Dinner,Michele Bullock,2025-10-27,27,data\RBA\Speeches\2025-10-27 - Michele Bullock - Fireside Chat at the ABE Annual Dinner.txt,https://www.rba.gov.au/speeches/2025/sp-gov-2025-10-27.html,speech_after_meeting,0.7
RBA_2025_11,RBA,2025-11-04,DOC_C89457AF4A05,minutes,Minutes,4 November 2025,,2025-11-04,0,data\RBA\Minutes\2025-11-04 - 4 November 2025.txt,https://www.rba.gov.au/monetary-policy/rba-board-minutes/2025/2025-11-04.html,minutes_for_prior_meeting,0.9
RBA_2025_11,RBA,2025-11-04,DOC_1FC32BB027F6,speech,Speeches,Monetary Policy Decision,Michele Bullock,2025-11-04,0,data\RBA\Speeches\2025-11-04 - Michele Bullock - Monetary Policy Decision.txt,https://www.rba.gov.au/speeches/2025/mc-gov-2025-11-04.html,speech_after_meeting,0.7
RBA_2025_11,RBA,2025-11-04,DOC_42C579AB3C98,statement,Monetary Policy,4 November 2025,,2025-11-04,0,data\RBA\Monetary Policy\2025-06-01 - 4 November 2025.txt,https://www.rba.gov.au/media-releases/2025/mr-25-31.html,anchor_statement,1.0
RBA_2025_11,RBA,2025-11-04,DOC_22F2FFD33E71,speech,Speeches,Housing and the Economy – Melbourne,Melbourne,2025-11-09,5,data\RBA\Speeches\2025-11-09 - Melbourne - Housing and the Economy – Melbourne.txt,https://www.rba.gov.au/speeches/2009/sp-dg-251109.html,speech_after_meeting,0.7
RBA_2025_11,RBA,2025-11-04,DOC_C48491A5AFB5,speech,Speeches,On the Rail or Off to the Races? The Outlook for the Australian Economy,Andrew Hauser,2025-11-10,6,data\RBA\Speeches\2025-11-10 - Andrew Hauser - On the Rail or Off to the Races_ The Outlook for the Australian Economy.txt,https://www.rba.gov.au/speeches/2025/sp-dg-2025-11-10.html,speech_after_meeting,0.7
RBA_2025_11,RBA,2025-11-04,DOC_448C98C98839,speech,Speeches,Interview with Reuters,Andrew Hauser,2025-11-12,8,data\RBA\Speeches\2025-11-12 - Andrew Hauser - Interview with Reuters.txt,https://www.rba.gov.au/speeches/2025/sp-dg-2025-11-12.html,speech_after_meeting,0.7
RBA_2025_11,RBA,2025-11-04,DOC_02F549E2E6C7,speech,Speeches,The Outlook for Financial Stability – Globally and in Australia,Globally and in Australia,2025-11-12,8,data\RBA\Speeches\2025-11-12 - Globally and in Australia - The Outlook for Financial Stability – Globally and in Australia.txt,https://www.rba.gov.au/speeches/2025/sp-ag-2025-11-12.html,speech_after_meeting,0.7
RBA_2025_11,RBA,2025-11-04,DOC_BFFD0802A668,speech,Speeches,Building on Strong Foundations – Sydney,Sydney,2025-11-14,10,data\RBA\Speeches\2025-11-14 - Sydney - Building on Strong Foundations – Sydney.txt,https://www.rba.gov.au/speeches/2014/sp-dg-251114.html,speech_after_meeting,0.7
RBA_2025_11,RBA,2025-11-04,DOC_2599F5949CC7,speech,Speeches,Fireside Chat at the Women in Finance Summit,Michelle McPhee,2025-11-14,10,data\RBA\Speeches\2025-11-14 - Michelle McPhee - Fireside Chat at the Women in Finance Summit.txt,https://www.rba.gov.au/speeches/2025/sp-ag-2025-11-14.html,speech_after_meeting,0.7
RBA_2025_11,RBA,2025-11-04,DOC_14CC4423D068,speech,Speeches,Summary,Philip Lowe,2025-11-14,10,data\RBA\Speeches\2025-11-14 - Philip Lowe - Summary.txt,https://www.rba.gov.au/speeches/2014/sp-dg-251114-summary.html,speech_after_meeting,0.7
RBA_2025_11,RBA,2025-11-04,DOC_20A9E0949F96,speech,Speeches,Remarks at the Australian Industry Group Executive Luncheon,Sarah Hunter,2025-11-20,16,data\RBA\Speeches\2025-11-20 - Sarah Hunter - Remarks at the Australian Industry Group Executive Luncheon.txt,https://www.rba.gov.au/speeches/2025/sp-ag-2025-11-20.html,speech_after_meeting,0.7
RBA_2025_11,RBA,2025-11-04,DOC_953639AE91CE,speech,Speeches,How Developments in International Financial Markets Shape Financial Conditions in Australia,Penelope Smith,2025-11-26,22,data\RBA\Speeches\2025-11-26 - Penelope Smith - How Developments in International Financial Markets Shape Financial Conditions in Australia.txt,https://www.rba.gov.au/speeches/2025/sp-so-2025-11-26.html,speech_after_meeting,0.7
RBA_2025_12,RBA,2025-12-09,DOC_220CA4FDDCA6,minutes,Minutes,9 December 2025,,2025-12-09,0,data\RBA\Minutes\2025-12-09 - 9 December 2025.txt,https://www.rba.gov.au/monetary-policy/rba-board-minutes/2025/2025-12-09.html,minutes_for_prior_meeting,0.9
RBA_2025_12,RBA,2025-12-09,DOC_DE5C03EEF11F,speech,Speeches,Monetary Policy Decision,Michele Bullock,2025-12-09,0,data\RBA\Speeches\2025-12-09 - Michele Bullock - Monetary Policy Decision.txt,https://www.rba.gov.au/speeches/2025/mc-gov-2025-12-09.html,speech_after_meeting,0.7
RBA_2025_12,RBA,2025-12-09,DOC_B331F18D0390,statement,Monetary Policy,9 December 2025,,2025-12-09,0,data\RBA\Monetary Policy\2025-06-01 - 9 December 2025.txt,https://www.rba.gov.au/media-releases/2025/mr-25-33.html,anchor_statement,1.0
RBA_2025_12,RBA,2025-12-09,DOC_5508B3082E96,speech,Speeches,Financial Stability in Practice: The Role of the Reserve Bank of Australia,Andrea Brischetto,2025-12-15,6,data\RBA\Speeches\2025-12-15 - Andrea Brischetto - Financial Stability in Practice_ The Role of the Reserve Bank of Australia.txt,https://www.rba.gov.au/speeches/2025/sp-so-2025-12-15.html,speech_after_meeting,0.7
RBA_2025_12,RBA,2025-12-09,DOC_4AA6E0C7B458,speech,Speeches,Interview With Ladies Finance Club,Sarah Hunter,2025-12-16,7,data\RBA\Speeches\2025-12-16 - Sarah Hunter - Interview With Ladies Finance Club.txt,https://www.rba.gov.au/speeches/2025/sp-ag-2025-12-16-2.html,speech_after_meeting,0.7
RBA_2025_12,RBA,2025-12-09,DOC_BA20982750D6,speech,Speeches,"Resilience, Innovation and the Future of the Payments System",Brad Jones,2025-12-16,7,"data\RBA\Speeches\2025-12-16 - Brad Jones - Resilience, Innovation and the Future of the Payments System.txt",https://www.rba.gov.au/speeches/2025/sp-ag-2025-12-16.html,speech_after_meeting,0.7
RBA_2025_12,RBA,2025-12-09,DOC_0EA5E5D91029,speech,Speeches,Interview with ABC’s Business Editor Michael Janda,Andrew Hauser,2026-01-08,30,data\RBA\Speeches\2026-01-08 - Andrew Hauser - Interview with ABC’s Business Editor Michael Janda.txt,https://www.rba.gov.au/speeches/2026/sp-dg-2026-01-08.html,speech_after_meeting,0.7
RBA_2026_02,RBA,2026-02-03,DOC_135D388AA737,minutes,Minutes,3 February 2026,,2026-02-03,0,data\RBA\Minutes\2026-02-03 - 3 February 2026.txt,https://www.rba.gov.au/monetary-policy/rba-board-minutes/2026/2026-02-03.html,minutes_for_prior_meeting,0.9
RBA_2026_02,RBA,2026-02-03,DOC_BCE32E575735,speech,Speeches,Monetary Policy Decision,Michele Bullock,2026-02-03,0,data\RBA\Speeches\2026-02-03 - Michele Bullock - Monetary Policy Decision.txt,https://www.rba.gov.au/speeches/2026/mc-gov-2026-02-03.html,speech_after_meeting,0.7
RBA_2026_02,RBA,2026-02-03,DOC_8C56817C5BCB,statement,Monetary Policy,3 February 2026,,2026-02-03,0,data\RBA\Monetary Policy\2026-06-01 - 3 February 2026.txt,https://www.rba.gov.au/media-releases/2026/mr-26-03.html,anchor_statement,1.0
RBA_2026_02,RBA,2026-02-03,DOC_08702B48D4A5,speech,Speeches,Fireside Chat at the Investment Magazine 2026 Chair Forum,Forum,2026-02-04,1,data\RBA\Speeches\2026-02-04 - Forum - Fireside Chat at the Investment Magazine 2026 Chair Forum.txt,https://www.rba.gov.au/speeches/2026/sp-ag-2026-02-04.html,speech_after_meeting,0.7
RBA_2026_02,RBA,2026-02-03,DOC_0A837C04B734,speech,Speeches,Opening Statement to the House of Representatives Standing Committee on Economics,Michele Bullock,2026-02-06,3,data\RBA\Speeches\2026-02-06 - Michele Bullock - Opening Statement to the House of Representatives Standing Committee on Economics.txt,https://www.rba.gov.au/speeches/2026/sp-gov-2026-02-06.html,speech_after_meeting,0.7
RBA_2026_02,RBA,2026-02-03,DOC_36F217686A31,speech,Speeches,Fireside Chat at the Australian Chamber of Commerce and Industry (ACCI) Business Leaders’ Series,Andrew Hauser,2026-02-11,8,data\RBA\Speeches\2026-02-11 - Andrew Hauser - Fireside Chat at the Australian Chamber of Commerce and Industry (ACCI) Business Leaders’ Series.txt,https://www.rba.gov.au/speeches/2026/sp-dg-2026-02-11.html,speech_after_meeting,0.7
RBA_2026_02,RBA,2026-02-03,DOC_70AD1EBA2EA4,speech,Speeches,Defining Full Employment and Its Intertwined Relationship with Inflation,Sarah Hunter,2026-02-12,9,data\RBA\Speeches\2026-02-12 - Sarah Hunter - Defining Full Employment and Its Intertwined Relationship with Inflation.txt,https://www.rba.gov.au/speeches/2026/sp-ag-2026-02-12.html,speech_after_meeting,0.7
RBA_2026_02,RBA,2026-02-03,DOC_A092C2CBA7A8,speech,Speeches,The Reserve Bank's Operations in Financial Markets – Adelaide,Adelaide,2026-02-13,10,data\RBA\Speeches\2026-02-13 - Adelaide - The Reserve Bank's Operations in Financial Markets – Adelaide.txt,https://www.rba.gov.au/speeches/2013/sp-ag-260213.html,speech_after_meeting,0.7
RBA_2026_02,RBA,2026-02-03,DOC_599FB4379AAA,speech,Speeches,Interview With Guardian’s Australian Politics,Andrew Hauser,2026-02-24,21,data\RBA\Speeches\2026-02-24 - Andrew Hauser - Interview With Guardian’s Australian Politics.txt,https://www.rba.gov.au/speeches/2026/sp-dg-2026-02-24.html,speech_after_meeting,0.7
RBA_2026_02,RBA,2026-02-03,DOC_0F21C811ECF8,speech,Speeches,"Opening Statement to the Inquiry into Schemes, Digital Wallets and Innovation in the Payments Sector",Ellis Connolly,2026-02-24,21,"data\RBA\Speeches\2026-02-24 - Ellis Connolly - Opening Statement to the Inquiry into Schemes, Digital Wallets and Innovation in the Payments Sector.txt",https://www.rba.gov.au/speeches/2026/sp-so-2026-02-24-2.html,speech_after_meeting,0.7
RBA_2026_02,RBA,2026-02-03,DOC_7AEC147276D2,speech,Speeches,Recent Developments in Inflation and the Economic Outlook,Michael Plumb,2026-02-24,21,data\RBA\Speeches\2026-02-24 - Michael Plumb - Recent Developments in Inflation and the Economic Outlook.txt,https://www.rba.gov.au/speeches/2026/sp-so-2026-02-24.html,speech_after_meeting,0.7
RBA_2026_02,RBA,2026-02-03,DOC_753CECC509D5,speech,Speeches,Fireside Chat at the Melbourne University Faculty of Economics & Business Foundation Dinner,Michele Bullock,2026-02-25,22,data\RBA\Speeches\2026-02-25 - Michele Bullock - Fireside Chat at the Melbourne University Faculty of Economics & Business Foundation Dinner.txt,https://www.rba.gov.au/speeches/2026/sp-gov-2026-02-25.html,speech_after_meeting,0.7
RBA_2026_02,RBA,2026-02-03,DOC_722B860557E7,speech,Speeches,Recent Refinements to the Dual Mandate and Navigating Back to Target,Sarah Hunter,2026-03-02,27,data\RBA\Speeches\2026-03-02 - Sarah Hunter - Recent Refinements to the Dual Mandate and Navigating Back to Target.txt,https://www.rba.gov.au/speeches/2026/sp-ag-2026-03-02.html,speech_after_meeting,0.7
RBA_2026_02,RBA,2026-02-03,DOC_8A9875501B1D,speech,Speeches,"Listening to Australians, Interpreting the Data and Setting Monetary Policy",Michele Bullock,2026-03-03,28,"data\RBA\Speeches\2026-03-03 - Michele Bullock - Listening to Australians, Interpreting the Data and Setting Monetary Policy.txt",https://www.rba.gov.au/speeches/2026/sp-gov-2026-03-03.html,speech_after_meeting,0.7
RBA_2026_02,RBA,2026-02-03,DOC_AED3B3987A78,speech,Speeches,On the Safe-haven Status of the US Dollar,Andrew Hauser,2026-03-07,32,data\RBA\Speeches\2026-03-07 - Andrew Hauser - On the Safe-haven Status of the US Dollar.txt,https://www.rba.gov.au/speeches/2026/sp-dg-2026-03-07.html,speech_after_meeting,0.7
RBA_2026_02,RBA,2026-02-03,DOC_9205062EFC64,speech,Speeches,"Conditions
 and Prospects in the Housing
 Sector – Sydney",Sydney,2026-03-09,34,data\RBA\Speeches\2026-03-09 - Sydney - Conditions and Prospects in the Housing Sector – Sydney.txt,https://www.rba.gov.au/speeches/2009/sp-so-260309.html,speech_after_meeting,0.7
RBA_2026_02,RBA,2026-02-03,DOC_AFB1DAB34FB7,speech,Speeches,Interview With The Conversation’s Politics With Michelle Grattan Podcast,Andrew Hauser,2026-03-10,35,data\RBA\Speeches\2026-03-10 - Andrew Hauser - Interview With The Conversation’s Politics With Michelle Grattan Podcast.txt,https://www.rba.gov.au/speeches/2026/sp-dg-2026-03-10.html,speech_after_meeting,0.7
RBA_2026_02,RBA,2026-02-03,DOC_A1788040A665,speech,Speeches,Recent Financial Developments – Sydney,Sydney,2026-03-10,35,data\RBA\Speeches\2026-03-10 - Sydney - Recent Financial Developments – Sydney.txt,https://www.rba.gov.au/speeches/2010/sp-gov-260310.html,speech_after_meeting,0.7
RBA_2026_02,RBA,2026-02-03,DOC_5170061D45F8,speech,Speeches,Financial Regulation: Australia in the Global Landscape – Sydney,Sydney,2026-03-13,38,data\RBA\Speeches\2026-03-13 - Sydney - Financial Regulation_ Australia in the Global Landscape – Sydney.txt,https://www.rba.gov.au/speeches/2013/sp-gov-260313.html,speech_after_meeting,0.7
RBA_2026_02,RBA,2026-02-03,DOC_7D41E9B5C1E7,speech,Speeches,Some Implications of the Internationalisation of the Renminbi – Sydney,Sydney,2026-03-14,39,data\RBA\Speeches\2026-03-14 - Sydney - Some Implications of the Internationalisation of the Renminbi – Sydney.txt,https://www.rba.gov.au/speeches/2014/sp-dg-260314.html,speech_after_meeting,0.7
RBA_2026_02,RBA,2026-02-03,DOC_39B33D60CB25,speech,Speeches,Summary,Philip Lowe,2026-03-14,39,data\RBA\Speeches\2026-03-14 - Philip Lowe - Summary.txt,https://www.rba.gov.au/speeches/2014/sp-dg-260314-summary.html,speech_after_meeting,0.7
RBA_2026_02,RBA,2026-02-03,DOC_EFDF7AC34147,speech,Speeches,The Economic Outlook – Hong Kong,Hong Kong,2026-03-14,39,data\RBA\Speeches\2026-03-14 - Hong Kong - The Economic Outlook – Hong Kong.txt,https://www.rba.gov.au/speeches/2014/sp-gov-260314.html,speech_after_meeting,0.7
RBA_2026_03,RBA,2026-03-17,DOC_E293E7BD5DCE,minutes,Minutes,17 March 2026,,2026-03-17,0,data\RBA\Minutes\2026-03-17 - 17 March 2026.txt,https://www.rba.gov.au/monetary-policy/rba-board-minutes/2026/2026-03-17.html,minutes_for_prior_meeting,0.9
RBA_2026_03,RBA,2026-03-17,DOC_10B99194BE5F,speech,Speeches,Monetary Policy Decision,Michele Bullock,2026-03-17,0,data\RBA\Speeches\2026-03-17 - Michele Bullock - Monetary Policy Decision.txt,https://www.rba.gov.au/speeches/2026/mc-gov-2026-03-17.html,speech_after_meeting,0.7
RBA_2026_03,RBA,2026-03-17,DOC_CE3F0C3DFC5E,statement,Monetary Policy,17 March 2026,,2026-03-17,0,data\RBA\Monetary Policy\2026-06-01 - 17 March 2026.txt,https://www.rba.gov.au/media-releases/2026/mr-26-08.html,anchor_statement,1.0
RBA_2026_03,RBA,2026-03-17,DOC_0D9D83F4C8A9,speech,Speeches,After Acacia: The Next Era of Financial System Innovation?,Brad Jones,2026-03-25,8,data\RBA\Speeches\2026-03-25 - Brad Jones - After Acacia_ The Next Era of Financial System Innovation_.txt,https://www.rba.gov.au/speeches/2026/sp-ag-2026-03-25.html,speech_after_meeting,0.7
RBA_2026_03,RBA,2026-03-17,DOC_CE0B20C065A8,speech,Speeches,Reassessing Australian Financial Conditions,Christopher Kent,2026-03-26,9,data\RBA\Speeches\2026-03-26 - Christopher Kent - Reassessing Australian Financial Conditions.txt,https://www.rba.gov.au/speeches/2026/sp-ag-2026-03-26.html,speech_after_meeting,0.7
RBA_2026_03,RBA,2026-03-17,DOC_0608E751BCC4,speech,Speeches,Fireside Chat at the Money Marketeers of New York University,Andrew Hauser,2026-04-14,28,data\RBA\Speeches\2026-04-14 - Andrew Hauser - Fireside Chat at the Money Marketeers of New York University.txt,https://www.rba.gov.au/speeches/2026/sp-dg-2026-04-14.html,speech_after_meeting,0.7
RBA_2026_03,RBA,2026-03-17,DOC_2BF02351C001,speech,Speeches,Deglobalisation and Fragmentation: Mid Term Challenges for Central Banks,Andrew Hauser,2026-04-16,30,data\RBA\Speeches\2026-04-16 - Andrew Hauser - Deglobalisation and Fragmentation_ Mid Term Challenges for Central Banks.txt,https://www.rba.gov.au/speeches/2026/sp-dg-2026-04-16.html,speech_after_meeting,0.7
RBA_2026_03,RBA,2026-03-17,DOC_341A217EF565,speech,Speeches,"Rethinking Macro Policy Frameworks for a Transforming, Shock-Prone World",Sarah Hunter,2026-04-17,31,"data\RBA\Speeches\2026-04-17 - Sarah Hunter - Rethinking Macro Policy Frameworks for a Transforming, Shock-Prone World.txt",https://www.rba.gov.au/speeches/2026/sp-ag-2026-04-17.html,speech_after_meeting,0.7
RBA_2026_05,RBA,2026-05-05,DOC_15AE904238A1,minutes,Minutes,5 May 2026,,2026-05-05,0,data\RBA\Minutes\2026-05-05 - 5 May 2026.txt,https://www.rba.gov.au/monetary-policy/rba-board-minutes/2026/2026-05-05.html,minutes_for_prior_meeting,0.9
RBA_2026_05,RBA,2026-05-05,DOC_AD1CF7815CF0,speech,Speeches,Monetary Policy Decision,Michele Bullock,2026-05-05,0,data\RBA\Speeches\2026-05-05 - Michele Bullock - Monetary Policy Decision.txt,https://www.rba.gov.au/speeches/2026/mc-gov-2026-05-05.html,speech_after_meeting,0.7
RBA_2026_05,RBA,2026-05-05,DOC_E9BC7704F7B4,statement,Monetary Policy,5 May 2026,,2026-05-05,0,data\RBA\Monetary Policy\2026-06-01 - 5 May 2026.txt,https://www.rba.gov.au/media-releases/2026/mr-26-12.html,anchor_statement,1.0
RBA_2026_05,RBA,2026-05-05,DOC_03868A1A4F4D,speech,Speeches,Recent Financial Developments – Sydney,Sydney,2026-05-11,6,data\RBA\Speeches\2026-05-11 - Sydney - Recent Financial Developments – Sydney.txt,https://www.rba.gov.au/speeches/2011/sp-dg-260511.html,speech_after_meeting,0.7
RBA_2026_05,RBA,2026-05-05,DOC_F54EE1FBC8D3,speech,Speeches,Inflation and the Impact of the Middle East Conflict,Sarah Hunter,2026-05-19,14,data\RBA\Speeches\2026-05-19 - Sarah Hunter - Inflation and the Impact of the Middle East Conflict.txt,https://www.rba.gov.au/speeches/2026/sp-ag-2026-05-19.html,speech_after_meeting,0.7
RBA_2026_05,RBA,2026-05-05,DOC_6AD8B465B2BC,speech,Speeches,Interview with Bloomberg TV,Sarah Hunter,2026-05-19,14,data\RBA\Speeches\2026-05-19 - Sarah Hunter - Interview with Bloomberg TV.txt,https://www.rba.gov.au/speeches/2026/sp-ag-2026-05-19-2.html,speech_after_meeting,0.7
RBA_2026_05,RBA,2026-05-05,DOC_A8C96F83BCA4,speech,Speeches,Economics and the Public Good,,2026-05-27,22,data\RBA\Speeches\2026-05-27 - Economics and the Public Good.txt,https://www.rba.gov.au/speeches/2026/sp-mpb-2026-05-27.html,speech_after_meeting,0.7
RBA_2026_05,RBA,2026-05-05,DOC_98C408C5166A,speech,Speeches,Economic Conditions and the Outlook,,2026-06-02,28,data\RBA\Speeches\2026-06-02 - Economic Conditions and the Outlook.txt,https://www.rba.gov.au/speeches/2026/sp-mpb-2026-06-02.html,speech_after_meeting,0.7
RBNZ_2021_02,RBNZ,2021-02-23,DOC_338FF28692BF,statement,Monetary Policy,Monetary Policy Statement February 2021,,2021-02-23,0,data\RBNZ\Monetary Policy\2021-02-23 - Monetary Policy Statement February 2021.txt,https://www.rbnz.govt.nz/-/media/project/sites/rbnz/files/publications/monetary-policy-statements/2021/mpsfeb21.pdf,anchor_statement,1.0
RBNZ_2021_02,RBNZ,2021-02-23,DOC_5632F4D68C6C,speech,Speeches,Some Policy Lessons from a Year of COVID-19,,2021-03-04,9,data\RBNZ\Speeches\2021-03-04 - Some Policy Lessons from a Year of COVID-19.txt,https://www.rbnz.govt.nz/-/media/project/sites/rbnz/files/publications/speeches/2021/speech2021-04-03.pdf,speech_after_meeting,0.7
RBNZ_2021_02,RBNZ,2021-02-23,DOC_99CD19FF8723,speech,Speeches,The Future is Māori,,2021-05-06,72,data\RBNZ\Speeches\2021-05-06 - The Future is Māori.txt,https://www.rbnz.govt.nz/-/media/project/sites/rbnz/files/publications/speeches/2021/speech2021-05-06-the-future-is-maori.pdf,speech_after_meeting,0.7
RBNZ_2021_05,RBNZ,2021-05-25,DOC_3EE7F07D15A1,statement,Monetary Policy,Monetary Policy Statement May 2021,,2021-05-25,0,data\RBNZ\Monetary Policy\2021-05-25 - Monetary Policy Statement May 2021.txt,https://www.rbnz.govt.nz/-/media/project/sites/rbnz/files/publications/monetary-policy-statements/2021/mpsmay21.pdf,anchor_statement,1.0
RBNZ_2021_05,RBNZ,2021-05-25,DOC_C5F4B822DCE4,speech,Speeches,A Strategic View of Te Pūtea Matua’s Balance Sheet,By Vanessa Rayner,2021-06-02,8,data\RBNZ\Speeches\2021-06-02 - By Vanessa Rayner - A Strategic View of Te Pūtea Matua’s Balance Sheet.txt,https://www.rbnz.govt.nz/-/media/project/sites/rbnz/files/publications/speeches/2021/speech2021-06-02-a-strategic-view-of-te-putea-matuas-balance-sheet.pdf,speech_after_meeting,0.7
RBNZ_2021_05,RBNZ,2021-05-25,DOC_5BC8EE576F95,speech,Speeches,Matangirua ki Matangireia,By Adrian Orr,2021-06-29,35,data\RBNZ\Speeches\2021-06-29 - By Adrian Orr - Matangirua ki Matangireia.txt,https://www.rbnz.govt.nz/-/media/project/sites/rbnz/files/publications/speeches/2021/speech2021-06-29-mindful-money-awards.pdf,speech_after_meeting,0.7
RBNZ_2021_08,RBNZ,2021-08-17,DOC_7B57217E2C10,statement,Monetary Policy,Monetary Policy Statement August 2021,,2021-08-17,0,data\RBNZ\Monetary Policy\2021-08-17 - Monetary Policy Statement August 2021.txt,https://www.rbnz.govt.nz/-/media/project/sites/rbnz/files/publications/monetary-policy-statements/2021/mpsaug21.pdf,anchor_statement,1.0
RBNZ_2021_08,RBNZ,2021-08-17,DOC_4A2BCF583D43,speech,Speeches,"A least regrets approach to uncertainty: Hawks, Doves and the White Heron (he Kōtuku)",,2021-09-21,35,"data\RBNZ\Speeches\2021-09-21 - A least regrets approach to uncertainty_ Hawks, Doves and the White Heron (he Kōtuku).txt",https://www.rbnz.govt.nz/-/media/project/sites/rbnz/files/publications/speeches/2021/speech2021-09-21-a-least-regrets-approach.pdf,speech_after_meeting,0.7
RBNZ_2021_08,RBNZ,2021-08-17,DOC_8517444BFA6D,speech,Speeches,The contribution of strong balance sheets to New Zealand’s economic resilience and recovery from the pandemic,,2021-10-14,58,data\RBNZ\Speeches\2021-10-14 - The contribution of strong balance sheets to New Zealand’s economic resilience and recovery from the pandemic.txt,https://www.rbnz.govt.nz/-/media/project/sites/rbnz/files/publications/speeches/2021/speech2021-10-14-balance-sheet-resilience.pdf,speech_after_meeting,0.7
RBNZ_2021_08,RBNZ,2021-08-17,DOC_8A1E46B93FFF,speech,Speeches,Housing Matters,,2021-11-02,77,data\RBNZ\Speeches\2021-11-02 - Housing Matters.txt,https://www.rbnz.govt.nz/-/media/project/sites/rbnz/files/publications/speeches/2021/speech2021-11-02-housing-matters.pdf,speech_after_meeting,0.7
RBNZ_2021_11,RBNZ,2021-11-23,DOC_41C95DBF3A55,statement,Monetary Policy,Monetary Policy Statement November 2021,,2021-11-23,0,data\RBNZ\Monetary Policy\2021-11-23 - Monetary Policy Statement November 2021.txt,https://www.rbnz.govt.nz/-/media/project/sites/rbnz/files/publications/monetary-policy-statements/2021/mpsnov21.pdf,anchor_statement,1.0
RBNZ_2021_11,RBNZ,2021-11-23,DOC_3E26C4C55D12,speech,Speeches,Reflections of a central banker,By Geoff Bascand,2021-12-07,14,data\RBNZ\Speeches\2021-12-07 - By Geoff Bascand - Reflections of a central banker.txt,https://www.rbnz.govt.nz/-/media/project/sites/rbnz/files/publications/speeches/2021/speech2021-12-07-reflections-of-a-central-banker.pdf,speech_after_meeting,0.7
RBNZ_2021_11,RBNZ,2021-11-23,DOC_268C9699B09D,speech,Speeches,Finance and Expenditure Committee 2020/21 Reserve Bank Annual Review,Annual Review.,2021-12-15,22,data\RBNZ\Speeches\2021-12-15 - Annual Review - Finance and Expenditure Committee 2020_21 Reserve Bank Annual Review.txt,https://www.rbnz.govt.nz/-/media/project/sites/rbnz/files/publications/speeches/2021/speech2021-12-15-fec-opening-remarks.pdf,speech_after_meeting,0.7
RBNZ_2021_11,RBNZ,2021-11-23,DOC_57B0C95F7450,speech,Speeches,The Future of Money demands innovation,By Adrian Orr,2022-02-08,77,data\RBNZ\Speeches\2022-02-08 - By Adrian Orr - The Future of Money demands innovation.txt,https://www.rbnz.govt.nz/-/media/project/sites/rbnz/files/publications/speeches/2022/speech2022-02-08.pdf,speech_after_meeting,0.7
RBNZ_2022_02,RBNZ,2022-02-22,DOC_B6A914CC02F4,statement,Monetary Policy,Monetary Policy Statement February 2022,,2022-02-22,0,data\RBNZ\Monetary Policy\2022-02-22 - Monetary Policy Statement February 2022.txt,https://www.rbnz.govt.nz/-/media/project/sites/rbnz/files/publications/monetary-policy-statements/2022/mpsfeb22.pdf,anchor_statement,1.0
RBNZ_2022_02,RBNZ,2022-02-22,DOC_9310F46C3EE0,speech,Speeches,Tackling Inflation During a Pandemic,NZ Economics Forum,2022-02-25,3,data\RBNZ\Speeches\2022-02-25 - NZ Economics Forum - Tackling Inflation During a Pandemic.txt,https://www.rbnz.govt.nz/-/media/project/sites/rbnz/files/publications/speeches/2022/speech2022-02-25.pdf,speech_after_meeting,0.7
RBNZ_2022_02,RBNZ,2022-02-22,DOC_B557769FE799,speech,Speeches,New Zealand’s Experience with Macroprudential Policy,Delivered by Christian Hawkesby,2022-04-27,64,data\RBNZ\Speeches\2022-04-27 - Delivered by Christian Hawkesby - New Zealand’s Experience with Macroprudential Policy.txt,https://www.rbnz.govt.nz/-/media/project/sites/rbnz/files/publications/speeches/2022/speech2022-04-28.pdf,speech_after_meeting,0.7
RBNZ_2022_05,RBNZ,2022-05-24,DOC_79A1F8AF941B,statement,Monetary Policy,Monetary Policy Statement May 2022,,2022-05-24,0,data\RBNZ\Monetary Policy\2022-05-24 - Monetary Policy Statement May 2022.txt,https://www.rbnz.govt.nz/-/media/project/sites/rbnz/files/publications/monetary-policy-statements/2022/mpsmay22.pdf,anchor_statement,1.0
RBNZ_2022_05,RBNZ,2022-05-24,DOC_DC593315285E,speech,Speeches,Why we embraced Te Ao Māori,Adrian Orr,2022-06-12,19,data\RBNZ\Speeches\2022-06-12 - Adrian Orr - Why we embraced Te Ao Māori.txt,https://www.rbnz.govt.nz/-/media/project/sites/rbnz/files/publications/speeches/2022/speech2022-06-13.pdf,speech_after_meeting,0.7
RBNZ_2022_05,RBNZ,2022-05-24,DOC_B95ECFF8EF63,speech,Speeches,Housing (Still) Matters – The Big Picture,The Big Picture,2022-06-29,36,data\RBNZ\Speeches\2022-06-29 - The Big Picture - Housing (Still) Matters – The Big Picture.txt,https://www.rbnz.govt.nz/-/media/project/sites/rbnz/files/publications/speeches/2022/speech2022-06-29.pdf,speech_after_meeting,0.7
RBNZ_2022_08,RBNZ,2022-08-16,DOC_B33187352B80,statement,Monetary Policy,Monetary Policy Statement August 2022,,2022-08-16,0,data\RBNZ\Monetary Policy\2022-08-16 - Monetary Policy Statement August 2022.txt,https://www.rbnz.govt.nz/-/media/project/sites/rbnz/files/publications/monetary-policy-statements/2022/mps-aug22/august-2022-monetary-policy-statement.pdf,anchor_statement,1.0
RBNZ_2022_08,RBNZ,2022-08-16,DOC_7BC605AAF429,speech,Speeches,New Zealand’s Monetary Policy Implementation Framework,sharing our expectations around the,2022-09-06,21,data\RBNZ\Speeches\2022-09-06 - sharing our expectations around the - New Zealand’s Monetary Policy Implementation Framework.txt,https://www.rbnz.govt.nz/-/media/project/sites/rbnz/files/publications/speeches/2022/new-zealands-monetary-policy-implementation-framework.pdf,speech_after_meeting,0.7
RBNZ_2022_08,RBNZ,2022-08-16,DOC_92B0717AA513,speech,Speeches,Climate Changed – and why climate matters to RBNZ,and why climate matters to RBNZ,2022-09-18,33,data\RBNZ\Speeches\2022-09-18 - and why climate matters to RBNZ - Climate Changed – and why climate matters to RBNZ.txt,https://www.rbnz.govt.nz/-/media/project/sites/rbnz/files/publications/speeches/2022/speech2022-09-19.pdf,speech_after_meeting,0.7
RBNZ_2022_08,RBNZ,2022-08-16,DOC_2EEFF8F736D1,speech,Speeches,Our Transformation as a Prudential Regulator,By Christian Hawkesby,2022-09-21,36,data\RBNZ\Speeches\2022-09-21 - By Christian Hawkesby - Our Transformation as a Prudential Regulator.txt,https://www.rbnz.govt.nz/-/media/project/sites/rbnz/files/publications/speeches/2022/speech2022-09-22.pdf,speech_after_meeting,0.7
RBNZ_2022_08,RBNZ,2022-08-16,DOC_B0E7E8AA7D51,speech,Speeches,Testing our resilience,Adrian Orr,2022-10-26,71,data\RBNZ\Speeches\2022-10-26 - Adrian Orr - Testing our resilience.txt,https://www.rbnz.govt.nz/-/media/project/sites/rbnz/files/publications/speeches/2022/infinz-conference-statement-oct-2022.pdf,speech_after_meeting,0.7
RBNZ_2022_08,RBNZ,2022-08-16,DOC_3E6F4595C74C,speech,Speeches,New Zealand’s changing payments landscape,,2022-11-08,84,data\RBNZ\Speeches\2022-11-08 - New Zealand’s changing payments landscape.txt,https://www.rbnz.govt.nz/-/media/project/sites/rbnz/files/publications/speeches/2022/karen-silk-9-nov-22-nzs-payments-landscape.pdf,speech_after_meeting,0.7
RBNZ_2022_11,RBNZ,2022-11-22,DOC_1ADD185BC6B3,statement,Monetary Policy,Monetary Policy Statement November 2022,,2022-11-22,0,data\RBNZ\Monetary Policy\2022-11-22 - Monetary Policy Statement November 2022.txt,https://www.rbnz.govt.nz/-/media/project/sites/rbnz/files/publications/monetary-policy-statements/2022/mps-nov-22/mpsnov22.pdf,anchor_statement,1.0
RBNZ_2022_11,RBNZ,2022-11-22,DOC_BC4D4FB6C90B,speech,Speeches,Opening remarks to Finance and Expenditure Committee (FEC),Committee.,2022-11-23,1,data\RBNZ\Speeches\2022-11-23 - Committee - Opening remarks to Finance and Expenditure Committee (FEC).txt,https://www.rbnz.govt.nz/-/media/project/sites/rbnz/files/publications/speeches/2022/fec-mps-nov-22-opening-remarks.pdf,speech_after_meeting,0.7
RBNZ_2023_02,RBNZ,2023-02-21,DOC_E41A35276FCA,statement,Monetary Policy,Monetary Policy Statement February 2023,,2023-02-21,0,data\RBNZ\Monetary Policy\2023-02-21 - Monetary Policy Statement February 2023.txt,https://www.rbnz.govt.nz/-/media/project/sites/rbnz/files/publications/monetary-policy-statements/2023/feb/mpsfeb23.pdf,anchor_statement,1.0
RBNZ_2023_02,RBNZ,2023-02-21,DOC_650703AFC1E8,speech,Speeches,The path back to low inflation in New Zealand,,2023-03-23,30,data\RBNZ\Speeches\2023-03-23 - The path back to low inflation in New Zealand.txt,https://www.rbnz.govt.nz/-/media/project/sites/rbnz/files/publications/speeches/2023/inflation-speech.pdf,speech_after_meeting,0.7
RBNZ_2023_05,RBNZ,2023-05-23,DOC_3399A83105CC,statement,Monetary Policy,Monetary Policy Statement May 2023,,2023-05-23,0,data\RBNZ\Monetary Policy\2023-05-23 - Monetary Policy Statement May 2023.txt,https://www.rbnz.govt.nz/-/media/project/sites/rbnz/files/publications/monetary-policy-statements/2023/may/mpsmay23.pdf,anchor_statement,1.0
RBNZ_2023_05,RBNZ,2023-05-23,DOC_446126ED3118,speech,Speeches,Remarks on the Reserve Bank's Enforcement Framework,Director of Enforcement and Resolution Kerry,2023-06-12,20,data\RBNZ\Speeches\2023-06-12 - Director of Enforcement and Resolution Kerry - Remarks on the Reserve Bank's Enforcement Framework.txt,https://www.rbnz.govt.nz/-/media/project/sites/rbnz/files/publications/speeches/2023/speech-on-the-reserve-banks-enforcement-framework-may-2023.pdf,speech_after_meeting,0.7
RBNZ_2023_05,RBNZ,2023-05-23,DOC_AA49067FE3CF,speech,Speeches,Presentation to the Annual Conference of the NZ Association of Economists (NZAE),Personnel,2023-06-30,38,data\RBNZ\Speeches\2023-06-30 - Personnel - Presentation to the Annual Conference of the NZ Association of Economists (NZAE).txt,https://www.rbnz.govt.nz/-/media/project/sites/rbnz/files/publications/speeches/2023/bob-buckle-nzae-speech-final-21-june.pdf,speech_after_meeting,0.7
RBNZ_2023_08,RBNZ,2023-08-15,DOC_9485D14AD678,statement,Monetary Policy,Monetary Policy Statement August 2023,,2023-08-15,0,data\RBNZ\Monetary Policy\2023-08-15 - Monetary Policy Statement August 2023.txt,https://www.rbnz.govt.nz/-/media/project/sites/rbnz/files/publications/monetary-policy-statements/2023/august/mpsaug23.pdf,anchor_statement,1.0
RBNZ_2023_08,RBNZ,2023-08-15,DOC_08CAC20D1575,speech,Speeches,Towards good governance in the financial system of Aotearoa,,2023-09-07,23,data\RBNZ\Speeches\2023-09-07 - Towards good governance in the financial system of Aotearoa.txt,https://www.rbnz.govt.nz/-/media/project/sites/rbnz/files/publications/speeches/2023/towards-good-governance-in-the-financial-system-of-aotearoa.pdf,speech_after_meeting,0.7
RBNZ_2023_11,RBNZ,2023-11-28,DOC_8E84092530BF,statement,Monetary Policy,Monetary Policy Statement November 2023,,2023-11-28,0,data\RBNZ\Monetary Policy\2023-11-28 - Monetary Policy Statement November 2023.txt,https://www.rbnz.govt.nz/-/media/project/sites/rbnz/files/publications/monetary-policy-statements/2023/november/mpsnov23.pdf,anchor_statement,1.0
RBNZ_2024_02,RBNZ,2024-02-27,DOC_63D0AB1E01EE,statement,Monetary Policy,Monetary Policy Statement February 2024,,2024-02-27,0,data\RBNZ\Monetary Policy\2024-02-27 - Monetary Policy Statement February 2024.txt,https://www.rbnz.govt.nz/-/media/project/sites/rbnz/files/publications/monetary-policy-statements/2024/feb/mps-feb-2024.pdf,anchor_statement,1.0
RBNZ_2024_05,RBNZ,2024-05-22,DOC_30127C441B2D,statement,Monetary Policy,Monetary Policy Statement May 2024,,2024-05-22,0,data\RBNZ\Monetary Policy\2022-05-24 - Monetary Policy Statement May 2024.txt,https://www.rbnz.govt.nz/-/media/project/sites/rbnz/files/publications/monetary-policy-statements/2024/may-220524/mps_report_may2024.pdf,anchor_statement,1.0
RBNZ_2024_08,RBNZ,2024-08-14,DOC_98B1766C1807,statement,Monetary Policy,Monetary Policy Statement August 2024,,2024-08-14,0,data\RBNZ\Monetary Policy\2024-08-13 - Monetary Policy Statement August 2024.txt,https://www.rbnz.govt.nz/-/media/project/sites/rbnz/files/publications/monetary-policy-statements/2024/aug-140824jvb/mps_report_aug2024.pdf,anchor_statement,1.0
RBNZ_2024_11,RBNZ,2024-11-27,DOC_D4A25AB777D2,statement,Monetary Policy,Monetary Policy Statement November 2024,,2024-11-27,0,data\RBNZ\Monetary Policy\2027-11-24 - Monetary Policy Statement November 2024.txt,https://www.rbnz.govt.nz/-/media/project/sites/rbnz/files/publications/monetary-policy-statements/2024/nov-271124gsp/mps_report_nov2024.pdf,anchor_statement,1.0
RBNZ_2025_02,RBNZ,2025-02-18,DOC_3B526CE06FB1,statement,Monetary Policy,Monetary Policy Statement February 2025,,2025-02-18,0,data\RBNZ\Monetary Policy\2025-02-18 - Monetary Policy Statement February 2025.txt,https://www.rbnz.govt.nz/-/media/project/sites/rbnz/files/publications/monetary-policy-statements/2025/feb-19224/mps_report_feb2025.pdf,anchor_statement,1.0
RBNZ_2025_02,RBNZ,2025-02-18,DOC_977657162CB9,speech,Speeches,Forecasting (conditionally) charting the path forward,Chief Economist Paul Conway,2025-04-14,55,data\RBNZ\Speeches\2025-04-14 - Chief Economist Paul Conway - Forecasting (conditionally) charting the path forward.txt,https://www.rbnz.govt.nz/-/media/project/sites/rbnz/files/publications/speeches/2025/paul-conway-speech-forecasting-at-the-rbnz-april-2025.pdf,speech_after_meeting,0.7
RBNZ_2025_05,RBNZ,2025-05-27,DOC_48EF2AEC582E,statement,Monetary Policy,Monetary Policy Statement May 2025,,2025-05-27,0,data\RBNZ\Monetary Policy\2025-05-27 - Monetary Policy Statement May 2025.txt,https://www.rbnz.govt.nz/-/media/project/sites/rbnz/files/publications/monetary-policy-statements/2025/may-0525/mps_report_may2025.pdf,anchor_statement,1.0
RBNZ_2025_05,RBNZ,2025-05-27,DOC_DEE780F691E0,speech,Speeches,NZ Society of Actuaries - Appointed actuaries forum event,Appointed actuaries forum event,2025-06-25,29,data\RBNZ\Speeches\2025-06-25 - Appointed actuaries forum event - NZ Society of Actuaries - Appointed actuaries forum event.txt,https://www.rbnz.govt.nz/-/media/project/sites/rbnz/files/publications/speeches/2025/nzsa-scott-mckinnon-speech-june-2025-final.pdf,speech_after_meeting,0.7
RBNZ_2025_08,RBNZ,2025-08-19,DOC_19F0855B32A3,statement,Monetary Policy,Monetary Policy Statement August 2025,,2025-08-19,0,data\RBNZ\Monetary Policy\2025-08-19 - Monetary Policy Statement August 2025.txt,https://www.rbnz.govt.nz/-/media/project/sites/rbnz/files/publications/monetary-policy-statements/2025/aug-20825/mps-report-aug-2025.pdf,anchor_statement,1.0
RBNZ_2025_08,RBNZ,2025-08-19,DOC_D1A9FA21203C,speech,Speeches,FSC opening remarks by Governor Christian Hawkesby,Governor Christian Hawkesby,2025-09-10,22,data\RBNZ\Speeches\2025-09-10 - Governor Christian Hawkesby - FSC opening remarks by Governor Christian Hawkesby.txt,https://www.rbnz.govt.nz/-/media/project/sites/rbnz/files/publications/speeches/2025/opening-remarks-governor-christian-hawkesby-fsc-keynote-september-2025.pdf,speech_after_meeting,0.7
RBNZ_2025_08,RBNZ,2025-08-19,DOC_A207EAFF10C8,speech,Speeches,Speech on lessons from monetary and fiscal policy during COVID-19,By Paul Conway,2025-10-15,57,data\RBNZ\Speeches\2025-10-15 - By Paul Conway - Speech on lessons from monetary and fiscal policy during COVID-19.txt,https://www.rbnz.govt.nz/-/media/project/sites/rbnz/files/publications/speeches/2025/lessons-from-monetary-and-fiscal-policy-during-covid-19-speech.pdf,speech_after_meeting,0.7
RBNZ_2025_08,RBNZ,2025-08-19,DOC_AF57CD0DA6AE,speech,Speeches,2025 Commonwealth Bank Global Markets Conference,,2025-10-29,71,data\RBNZ\Speeches\2025-10-29 - 2025 Commonwealth Bank Global Markets Conference.txt,https://www.rbnz.govt.nz/-/media/project/sites/rbnz/files/publications/speeches/2025/speech_transmission_ar_cba_october-2025.pdf,speech_after_meeting,0.7
RBNZ_2025_08,RBNZ,2025-08-19,DOC_59B3557E71AB,speech,Speeches,Protecting independence while embracing partnership,By Christian Hawkesby,2025-10-29,71,data\RBNZ\Speeches\2025-10-29 - By Christian Hawkesby - Protecting independence while embracing partnership.txt,https://www.rbnz.govt.nz/-/media/project/sites/rbnz/files/publications/speeches/2025/protecting-independence-while-embracing-partnership---christian-hawkesby.pdf,speech_after_meeting,0.7
RBNZ_2025_11,RBNZ,2025-11-26,DOC_5C727F4593C7,statement,Monetary Policy,Monetary Policy Statement November 2025,,2025-11-26,0,data\RBNZ\Monetary Policy\2026-11-25 - Monetary Policy Statement November 2025.txt,https://www.rbnz.govt.nz/-/media/project/sites/rbnz/files/publications/monetary-policy-statements/2025/nov-261125/monetary-policy-statement-november-2025.pdf,anchor_statement,1.0
RBNZ_2025_11,RBNZ,2025-11-26,DOC_974D6547C2CD,speech,Speeches,Deposit taker regulation and financial stability – emerging currents,emerging currents,2025-12-18,22,data\RBNZ\Speeches\2025-12-18 - emerging currents - Deposit taker regulation and financial stability – emerging currents.txt,https://www.rbnz.govt.nz/-/media/project/sites/rbnz/files/publications/speeches/2025/deposit-taker-regulation-and-financial-stability---emerging-currents.pdf,speech_after_meeting,0.7
RBNZ_2026_02,RBNZ,2026-02-18,DOC_1C33635D851E,statement,Monetary Policy,Monetary Policy Statement February 2026,,2026-02-18,0,data\RBNZ\Monetary Policy\2026-02-17 - Monetary Policy Statement February 2026.txt,https://www.rbnz.govt.nz/-/media/project/sites/rbnz/files/publications/monetary-policy-statements/2026/feb-180226/mps_report_feb2026.pdf,anchor_statement,1.0
RBNZ_2026_02,RBNZ,2026-02-18,DOC_EA93CF29017C,speech,Speeches,Business Canterbury Lunch,By Anna Breman,2026-02-20,2,data\RBNZ\Speeches\2026-02-20 - By Anna Breman - Business Canterbury Lunch.txt,https://www.rbnz.govt.nz/-/media/project/sites/rbnz/files/publications/speeches/2026/business-canterbury-speech-anna-breman-feb-2026.pdf,speech_after_meeting,0.7
RBNZ_2026_02,RBNZ,2026-02-18,DOC_04FBF357F05D,speech,Speeches,2026 New Zealand Capital Market Forum,,2026-03-19,29,data\RBNZ\Speeches\2026-03-19 - 2026 New Zealand Capital Market Forum.txt,https://www.rbnz.govt.nz/-/media/project/sites/rbnz/files/publications/speeches/2026/kanga-news-speech---liquidity-management-review.pdf,speech_after_meeting,0.7
RBNZ_2026_02,RBNZ,2026-02-18,DOC_3124EF79B088,speech,Speeches,Global shockwaves to Kiwi shores: The impact of the Iran conflict on New Zealand,By Dr Anna Breman,2026-03-24,34,data\RBNZ\Speeches\2026-03-24 - By Dr Anna Breman - Global shockwaves to Kiwi shores_ The impact of the Iran conflict on New Zealand.txt,https://www.rbnz.govt.nz/-/media/project/sites/rbnz/files/publications/speeches/2026/global-shockwaves-to-kiwi-shores.pdf,speech_after_meeting,0.7
RBNZ_2026_02,RBNZ,2026-02-18,DOC_F82C93912440,speech,Speeches,Purchasing power and the real cost of living in New Zealand,By Paul Conway,2026-03-25,35,data\RBNZ\Speeches\2026-03-25 - By Paul Conway - Purchasing power and the real cost of living in New Zealand.txt,https://www.rbnz.govt.nz/-/media/project/sites/rbnz/files/publications/speeches/2026/purchasing-power-and-the-real-cost-of-living-in-new-zealand.pdf,speech_after_meeting,0.7
RBNZ_2026_05,RBNZ,2026-05-26,DOC_2CB583E6CCD9,statement,Monetary Policy,Monetary Policy Statement May 2026,,2026-05-26,0,data\RBNZ\Monetary Policy\2026-05-26 - Monetary Policy Statement May 2026.txt,https://www.rbnz.govt.nz/-/media/project/sites/rbnz/files/publications/monetary-policy-statements/2026/may-272605/monetary-policy-statement-may-2026.pdf,anchor_statement,1.0
RIKSBANK_2021_06_E,RIKSBANK,2021-06-01,DOC_8D0892428A92,speech,Speeches,Breman Monetary Policy After Corona We Need To Think Along New Lines,Anna Breman,2021-06-01,0,data\RIKSBANK\Speeches\2021-06-01 - Anna Breman - Breman Monetary Policy After Corona We Need To Think Along New Lines.txt,https://www.riksbank.se/en-gb/press-and-published/speeches-and-presentations/2021/breman-monetary-policy-after-corona--we-need-to-think-along-new-lines/,speech_after_meeting,0.7
RIKSBANK_2021_06_E,RIKSBANK,2021-06-01,DOC_ED50255E376E,speech,Speeches,Building Payment Systems For Our Grandchildren,Cecilia Skingsley,2021-06-01,0,data\RIKSBANK\Speeches\2021-06-01 - Cecilia Skingsley - Building Payment Systems For Our Grandchildren.txt,https://www.riksbank.se/en-gb/press-and-published/speeches-and-presentations/2021/building-payment-systems-for-our-grandchildren/,speech_after_meeting,0.7
RIKSBANK_2021_06_E,RIKSBANK,2021-06-01,DOC_1218CFA9CD38,speech,Speeches,Floden At The Riksdag Committee On Finance Monetary Policy Needs To Be Sustained,Martin Flodén,2021-06-01,0,data\RIKSBANK\Speeches\2021-06-01 - Martin Flodén - Floden At The Riksdag Committee On Finance Monetary Policy Needs To Be Sustained.txt,https://www.riksbank.se/en-gb/press-and-published/speeches-and-presentations/2021/floden-at-the-riksdag-committee-on-finance-monetary-policy-needs-to-be-sustained/,speech_after_meeting,0.7
RIKSBANK_2021_06_E,RIKSBANK,2021-06-01,DOC_F68A47B85D17,speech,Speeches,Floden Swestr A Fully Transaction Based Reference Rate,Martin Flodén,2021-06-01,0,data\RIKSBANK\Speeches\2021-06-01 - Martin Flodén - Floden Swestr A Fully Transaction Based Reference Rate.txt,https://www.riksbank.se/en-gb/press-and-published/speeches-and-presentations/2021/floden-swestr--a-fully-transaction-based-reference-rate/,speech_after_meeting,0.7
RIKSBANK_2021_06_E,RIKSBANK,2021-06-01,DOC_7A8C40E323B4,speech,Speeches,Governor Ingves At The Riksdag Committee On Finance Hearing On Financial Stability,Ingves,2021-06-01,0,data\RIKSBANK\Speeches\2021-06-01 - Ingves - Governor Ingves At The Riksdag Committee On Finance Hearing On Financial Stability.txt,https://www.riksbank.se/en-gb/press-and-published/speeches-and-presentations/2021/governor-ingves-at-the-riksdag-committee-on-finance-hearing-on-financial-stability/,speech_after_meeting,0.7
RIKSBANK_2021_06_E,RIKSBANK,2021-06-01,DOC_00161C889653,speech,Speeches,Ingves At The Riksdag Committee On Finance Hearing Regarding Account Of Monetary Policy 2020,Stefan Ingves,2021-06-01,0,data\RIKSBANK\Speeches\2021-06-01 - Stefan Ingves - Ingves At The Riksdag Committee On Finance Hearing Regarding Account Of Monetary Policy 2020.txt,https://www.riksbank.se/en-gb/press-and-published/speeches-and-presentations/2021/ingves-at-the-riksdag-committee-on-finance-hearing-regarding-account-of-monetary-policy-2020/,speech_after_meeting,0.7
RIKSBANK_2021_06_E,RIKSBANK,2021-06-01,DOC_12366F513E13,speech,Speeches,Ingves At The Riksdag Committee On Finance Monetary Policy Needs To Be Sustained,Stefan Ingves,2021-06-01,0,data\RIKSBANK\Speeches\2021-06-01 - Stefan Ingves - Ingves At The Riksdag Committee On Finance Monetary Policy Needs To Be Sustained.txt,https://www.riksbank.se/en-gb/press-and-published/speeches-and-presentations/2021/ingves-at-the-riksdag-committee-on-finance-monetary-policy-needs-to-be-sustained/,speech_after_meeting,0.7
RIKSBANK_2021_06_E,RIKSBANK,2021-06-01,DOC_7F391A770435,speech,Speeches,Ingves Flexibility Is Essential For The Riksbank In Times Of Change,Stefan Ingves,2021-06-01,0,data\RIKSBANK\Speeches\2021-06-01 - Stefan Ingves - Ingves Flexibility Is Essential For The Riksbank In Times Of Change.txt,https://www.riksbank.se/en-gb/press-and-published/speeches-and-presentations/2021/ingves-flexibility-is-essential-for-the-riksbank-in-times-of-change/,speech_after_meeting,0.7
RIKSBANK_2021_06_E,RIKSBANK,2021-06-01,DOC_4A2AF27B2AB8,speech,Speeches,Ingves Utfragning I Finansutskottet Penningpolitiken Ger Stod At Aterhamtningen Och Inflationen,Stefan Ingves,2021-06-01,0,data\RIKSBANK\Speeches\2021-06-01 - Stefan Ingves - Ingves Utfragning I Finansutskottet Penningpolitiken Ger Stod At Aterhamtningen Och Inflationen.txt,https://www.riksbank.se/en-gb/press-and-published/speeches-and-presentations/2021/ingves-utfragning-i-finansutskottet-penningpolitiken-ger-stod-at-aterhamtningen-och-inflationen/,speech_after_meeting,0.7
RIKSBANK_2021_06_E,RIKSBANK,2021-06-01,DOC_2B033ABDEC0E,speech,Speeches,Jansson At The Riksdag Committee On Finance Monetary Policy Supporting Recovery And Inflation,Per Jansson,2021-06-01,0,data\RIKSBANK\Speeches\2021-06-01 - Per Jansson - Jansson At The Riksdag Committee On Finance Monetary Policy Supporting Recovery And Inflation.txt,https://www.riksbank.se/en-gb/press-and-published/speeches-and-presentations/2021/jansson-at-the-riksdag-committee-on-finance-monetary-policy-supporting-recovery-and-inflation/,speech_after_meeting,0.7
RIKSBANK_2021_06_E,RIKSBANK,2021-06-01,DOC_E4A867ACF499,speech,Speeches,Ohlsson Swedes Have Hidden Wealth,Henry Ohlsson,2021-06-01,0,data\RIKSBANK\Speeches\2021-06-01 - Henry Ohlsson - Ohlsson Swedes Have Hidden Wealth.txt,https://www.riksbank.se/en-gb/press-and-published/speeches-and-presentations/2021/ohlsson-swedes-have-hidden-wealth/,speech_after_meeting,0.7
RIKSBANK_2021_06_E,RIKSBANK,2021-06-01,DOC_B2364112BE99,speech,Speeches,Per Jansson Is It Time For A More Active Fiscal Policy,Per Jansson,2021-06-01,0,data\RIKSBANK\Speeches\2021-06-01 - Per Jansson - Per Jansson Is It Time For A More Active Fiscal Policy.txt,https://www.riksbank.se/en-gb/press-and-published/speeches-and-presentations/2021/per-jansson-is-it-time-for-a-more-active-fiscal-policy/,speech_after_meeting,0.7
RIKSBANK_2021_06_E,RIKSBANK,2021-06-01,DOC_73FA4F521B9D,speech,Speeches,Skingsley Adapting To New Conditions Monetary Policy Freedom With Responsibility,Cecilia Skingsley,2021-06-01,0,data\RIKSBANK\Speeches\2021-06-01 - Cecilia Skingsley - Skingsley Adapting To New Conditions Monetary Policy Freedom With Responsibility.txt,https://www.riksbank.se/en-gb/press-and-published/speeches-and-presentations/2021/skingsley-adapting-to-new-conditions---monetary-policy-freedom-with-responsibility/,speech_after_meeting,0.7
RIKSBANK_2021_06_E,RIKSBANK,2021-06-01,DOC_6B21B920E0EE,speech,Speeches,Skingsley Om Sommarens Utveckling Stark Aterhamtning Med Svagt Inflationstryck,Cecilia Skingsley,2021-06-01,0,data\RIKSBANK\Speeches\2021-06-01 - Cecilia Skingsley - Skingsley Om Sommarens Utveckling Stark Aterhamtning Med Svagt Inflationstryck.txt,https://www.riksbank.se/en-gb/press-and-published/speeches-and-presentations/2021/skingsley-om-sommarens-utveckling-stark-aterhamtning-med-svagt-inflationstryck/,speech_after_meeting,0.7
RIKSBANK_2021_06_E,RIKSBANK,2021-06-01,DOC_5146EA18E7D9,speech,Speeches,Skingsley Reforms In Housing And Tax Policy Are Needed To Resolve Problems In The Housing Market,Cecilia Skingsley,2021-06-01,0,data\RIKSBANK\Speeches\2021-06-01 - Cecilia Skingsley - Skingsley Reforms In Housing And Tax Policy Are Needed To Resolve Problems In The Housing Market.txt,https://www.riksbank.se/en-gb/press-and-published/speeches-and-presentations/2021/skingsley-reforms-in-housing-and-tax-policy-are-needed-to-resolve-problems-in-the-housing-market/,speech_after_meeting,0.7
RIKSBANK_2021_06_A,RIKSBANK,2021-06-01,DOC_3BC801A0B478,statement,Monetary Policy,Monetary Policy Report April 2021,,2021-06-01,0,data\RIKSBANK\Monetary Policy\2021-06-01 - Monetary Policy Report April 2021.txt,https://www.riksbank.se/en-gb/monetary-policy/monetary-policy-report/2021/monetary-policy-report-april-2021/,anchor_statement,1.0
RIKSBANK_2021_06_B,RIKSBANK,2021-06-01,DOC_01072B972A30,statement,Monetary Policy,Monetary Policy Report Februari 2021,,2021-06-01,0,data\RIKSBANK\Monetary Policy\2021-06-01 - Monetary Policy Report Februari 2021.txt,https://www.riksbank.se/en-gb/monetary-policy/monetary-policy-report/2021/monetary-policy-report-februari-2021/,anchor_statement,1.0
RIKSBANK_2021_06_C,RIKSBANK,2021-06-01,DOC_944F5E1D2ED3,statement,Monetary Policy,Monetary Policy Report July 2021,,2021-06-01,0,data\RIKSBANK\Monetary Policy\2021-06-01 - Monetary Policy Report July 2021.txt,https://www.riksbank.se/en-gb/monetary-policy/monetary-policy-report/2021/monetary-policy-report-july-2021/,anchor_statement,1.0
RIKSBANK_2021_06_D,RIKSBANK,2021-06-01,DOC_9CC589D2565B,statement,Monetary Policy,Monetary Policy Report November 2021,,2021-06-01,0,data\RIKSBANK\Monetary Policy\2021-06-01 - Monetary Policy Report November 2021.txt,https://www.riksbank.se/en-gb/monetary-policy/monetary-policy-report/2021/monetary-policy-report-november-2021/,anchor_statement,1.0
RIKSBANK_2021_06_E,RIKSBANK,2021-06-01,DOC_009B050A3DF0,statement,Monetary Policy,Monetary Policy Report September 2021,,2021-06-01,0,data\RIKSBANK\Monetary Policy\2021-06-01 - Monetary Policy Report September 2021.txt,https://www.riksbank.se/en-gb/monetary-policy/monetary-policy-report/2021/monetary-policy-report-september-2021/,anchor_statement,1.0
RIKSBANK_2022_06_E,RIKSBANK,2022-06-01,DOC_E27A4F4098BD,speech,Speeches,Anna Breman We Need To Continue To Act To Bring Inflation Back To The Target,Anna Breman,2022-06-01,0,data\RIKSBANK\Speeches\2022-06-01 - Anna Breman - Anna Breman We Need To Continue To Act To Bring Inflation Back To The Target.txt,https://www.riksbank.se/en-gb/press-and-published/speeches-and-presentations/2022/anna-breman-we-need-to-continue-to-act-to-bring-inflation-back-to-the-target/,speech_after_meeting,0.7
RIKSBANK_2022_06_E,RIKSBANK,2022-06-01,DOC_D76AC15564FE,speech,Speeches,Breman At Riksdag Committee On Finance The Geopolitical Uncertainty Makes It More Difficult To Assess Inflation,Anna Breman,2022-06-01,0,data\RIKSBANK\Speeches\2022-06-01 - Anna Breman - Breman At Riksdag Committee On Finance The Geopolitical Uncertainty Makes It More Difficult To Assess Inflation.txt,https://www.riksbank.se/en-gb/press-and-published/speeches-and-presentations/2022/breman-at-riksdag-committee-on-finance-the-geopolitical-uncertainty-makes-it-more-difficult-to-assess-inflation/,speech_after_meeting,0.7
RIKSBANK_2022_06_E,RIKSBANK,2022-06-01,DOC_75F6863D9EAD,speech,Speeches,Breman From 500 Per Cent To 0,Anna Breman,2022-06-01,0,data\RIKSBANK\Speeches\2022-06-01 - Anna Breman - Breman From 500 Per Cent To 0.txt,https://www.riksbank.se/en-gb/press-and-published/speeches-and-presentations/2022/breman-from-500-per-cent-to-0.5-per-cent--what-is-next,speech_after_meeting,0.7
RIKSBANK_2022_06_E,RIKSBANK,2022-06-01,DOC_0EA6F1A69CD3,speech,Speeches,Cecilia Skingsley High Inflation And A Rising Repo Rate What Happens To The Riksbanks Balance Sheet,Cecilia Skingsley,2022-06-01,0,data\RIKSBANK\Speeches\2022-06-01 - Cecilia Skingsley - Cecilia Skingsley High Inflation And A Rising Repo Rate What Happens To The Riksbanks Balance Sheet.txt,https://www.riksbank.se/en-gb/press-and-published/speeches-and-presentations/2022/cecilia-skingsley-high-inflation-and-a-rising-repo-rate--what-happens-to-the-riksbanks-balance-sheet/,speech_after_meeting,0.7
RIKSBANK_2022_06_E,RIKSBANK,2022-06-01,DOC_46AEECFDCE45,speech,Speeches,Floden Monetary Policy Aimed At Bringing Inflation Back To Target,Martin Flodén,2022-06-01,0,data\RIKSBANK\Speeches\2022-06-01 - Martin Flodén - Floden Monetary Policy Aimed At Bringing Inflation Back To Target.txt,https://www.riksbank.se/en-gb/press-and-published/speeches-and-presentations/2022/floden-monetary-policy-aimed-at-bringing-inflation-back-to-target/,speech_after_meeting,0.7
RIKSBANK_2022_06_E,RIKSBANK,2022-06-01,DOC_580B81429D51,speech,Speeches,Floden Monetary Policy Will Bring Inflation Back To Target,Martin Flodén,2022-06-01,0,data\RIKSBANK\Speeches\2022-06-01 - Martin Flodén - Floden Monetary Policy Will Bring Inflation Back To Target.txt,https://www.riksbank.se/en-gb/press-and-published/speeches-and-presentations/2022/floden-monetary-policy-will-bring-inflation-back-to-target/,speech_after_meeting,0.7
RIKSBANK_2022_06_E,RIKSBANK,2022-06-01,DOC_AB8974F946F2,speech,Speeches,Governor Ingves At The Riksdag Committee On Finance Hearing On Financial Stability,Ingves,2022-06-01,0,data\RIKSBANK\Speeches\2022-06-01 - Ingves - Governor Ingves At The Riksdag Committee On Finance Hearing On Financial Stability.txt,https://www.riksbank.se/en-gb/press-and-published/speeches-and-presentations/2022/governor-ingves-at-the-riksdag-committee-on-finance-hearing-on-financial-stability/,speech_after_meeting,0.7
RIKSBANK_2022_06_E,RIKSBANK,2022-06-01,DOC_92FBF97D69AC,speech,Speeches,High Inflation The Interest Rate May Need To Be Raised Earlier,Anna Breman,2022-06-01,0,data\RIKSBANK\Speeches\2022-06-01 - Anna Breman - High Inflation The Interest Rate May Need To Be Raised Earlier.txt,https://www.riksbank.se/en-gb/press-and-published/speeches-and-presentations/2022/high-inflation--the-interest-rate-may-need-to-be-raised-earlier/,speech_after_meeting,0.7
RIKSBANK_2022_06_E,RIKSBANK,2022-06-01,DOC_84FA8FCB4997,speech,Speeches,Ingves At Riksdag Committee On Finance The Geopolitical Uncertainty Makes It More Difficult To Assess Inflation,Stefan Ingves,2022-06-01,0,data\RIKSBANK\Speeches\2022-06-01 - Stefan Ingves - Ingves At Riksdag Committee On Finance The Geopolitical Uncertainty Makes It More Difficult To Assess Inflation.txt,https://www.riksbank.se/en-gb/press-and-published/speeches-and-presentations/2022/ingves-at-riksdag-committee-on-finance-the-geopolitical-uncertainty-makes-it-more-difficult-to-assess-inflation/,speech_after_meeting,0.7
RIKSBANK_2022_06_E,RIKSBANK,2022-06-01,DOC_90199671B24B,speech,Speeches,Ingves At The Riksdag Committee On Finance Hearing Regarding Account Of Monetary Policy 2021,Stefan Ingves,2022-06-01,0,data\RIKSBANK\Speeches\2022-06-01 - Stefan Ingves - Ingves At The Riksdag Committee On Finance Hearing Regarding Account Of Monetary Policy 2021.txt,https://www.riksbank.se/en-gb/press-and-published/speeches-and-presentations/2022/ingves-at-the-riksdag-committee-on-finance-hearing-regarding-account-of-monetary-policy-2021/,speech_after_meeting,0.7
RIKSBANK_2022_06_E,RIKSBANK,2022-06-01,DOC_3D2F81307F3B,speech,Speeches,Ingves At The Riksdag Committee On Finance We Are Safeguarding The Inflation Target,Stefan Ingves,2022-06-01,0,data\RIKSBANK\Speeches\2022-06-01 - Stefan Ingves - Ingves At The Riksdag Committee On Finance We Are Safeguarding The Inflation Target.txt,https://www.riksbank.se/en-gb/press-and-published/speeches-and-presentations/2022/ingves-at-the-riksdag-committee-on-finance-we-are-safeguarding-the-inflation-target/,speech_after_meeting,0.7
RIKSBANK_2022_06_E,RIKSBANK,2022-06-01,DOC_14C9105649A8,speech,Speeches,Ingves Inflation Targeting For Nearly 30 Years A Robust Framework For All Times,Stefan Ingves,2022-06-01,0,data\RIKSBANK\Speeches\2022-06-01 - Stefan Ingves - Ingves Inflation Targeting For Nearly 30 Years A Robust Framework For All Times.txt,https://www.riksbank.se/en-gb/press-and-published/speeches-and-presentations/2022/ingves-inflation-targeting-for-nearly-30-years---a-robust-framework-for-all-times/,speech_after_meeting,0.7
RIKSBANK_2022_06_E,RIKSBANK,2022-06-01,DOC_2F4087B7C792,speech,Speeches,Jansson At The Riksdag Committee On Finance We Are Safeguarding The Inflation Target,Per Jansson,2022-06-01,0,data\RIKSBANK\Speeches\2022-06-01 - Per Jansson - Jansson At The Riksdag Committee On Finance We Are Safeguarding The Inflation Target.txt,https://www.riksbank.se/en-gb/press-and-published/speeches-and-presentations/2022/jansson-at-the-riksdag-committee-on-finance-we-are-safeguarding-the-inflation-target/,speech_after_meeting,0.7
RIKSBANK_2022_06_E,RIKSBANK,2022-06-01,DOC_12F16BE67F2B,speech,Speeches,Jansson Interaction Benefits Economic Developments,Per Jansson,2022-06-01,0,data\RIKSBANK\Speeches\2022-06-01 - Per Jansson - Jansson Interaction Benefits Economic Developments.txt,https://www.riksbank.se/en-gb/press-and-published/speeches-and-presentations/2022/jansson-interaction-benefits-economic-developments/,speech_after_meeting,0.7
RIKSBANK_2022_06_E,RIKSBANK,2022-06-01,DOC_020EB82DB021,speech,Speeches,Ohlsson War Often Leads To Inflation,Henry Ohlsson,2022-06-01,0,data\RIKSBANK\Speeches\2022-06-01 - Henry Ohlsson - Ohlsson War Often Leads To Inflation.txt,https://www.riksbank.se/en-gb/press-and-published/speeches-and-presentations/2022/ohlsson-war-often-leads-to-inflation/,speech_after_meeting,0.7
RIKSBANK_2022_06_E,RIKSBANK,2022-06-01,DOC_BFC9E64CFA19,speech,Speeches,The Riksbanks Losses Do Not Reflect The Socio Economic Results,Martin Flodén,2022-06-01,0,data\RIKSBANK\Speeches\2022-06-01 - Martin Flodén - The Riksbanks Losses Do Not Reflect The Socio Economic Results.txt,https://www.riksbank.se/en-gb/press-and-published/speeches-and-presentations/2022/the-riksbanks-losses-do-not-reflect-the-socio-economic-results/,speech_after_meeting,0.7
RIKSBANK_2022_06_A,RIKSBANK,2022-06-01,DOC_9735DC394321,statement,Monetary Policy,Monetary Policy Report April 2022,,2022-06-01,0,data\RIKSBANK\Monetary Policy\2022-06-01 - Monetary Policy Report April 2022.txt,https://www.riksbank.se/en-gb/monetary-policy/monetary-policy-report/2022/monetary-policy-report-april-2022/,anchor_statement,1.0
RIKSBANK_2022_06_B,RIKSBANK,2022-06-01,DOC_3F5F95E456E2,statement,Monetary Policy,Monetary Policy Report February 2022,,2022-06-01,0,data\RIKSBANK\Monetary Policy\2022-06-01 - Monetary Policy Report February 2022.txt,https://www.riksbank.se/en-gb/monetary-policy/monetary-policy-report/2022/monetary-policy-report-february-2022/,anchor_statement,1.0
RIKSBANK_2022_06_C,RIKSBANK,2022-06-01,DOC_D9A8E8F54CAB,statement,Monetary Policy,Monetary Policy Report June 2022,,2022-06-01,0,data\RIKSBANK\Monetary Policy\2022-06-01 - Monetary Policy Report June 2022.txt,https://www.riksbank.se/en-gb/monetary-policy/monetary-policy-report/2022/monetary-policy-report-june-2022/,anchor_statement,1.0
RIKSBANK_2022_06_D,RIKSBANK,2022-06-01,DOC_AB7C59A67D04,statement,Monetary Policy,Monetary Policy Report November 2022,,2022-06-01,0,data\RIKSBANK\Monetary Policy\2022-06-01 - Monetary Policy Report November 2022.txt,https://www.riksbank.se/en-gb/monetary-policy/monetary-policy-report/2022/monetary-policy-report-november-2022/,anchor_statement,1.0
RIKSBANK_2022_06_E,RIKSBANK,2022-06-01,DOC_2417741833A1,statement,Monetary Policy,Monetary Policy Report September 2022,,2022-06-01,0,data\RIKSBANK\Monetary Policy\2022-06-01 - Monetary Policy Report September 2022.txt,https://www.riksbank.se/en-gb/monetary-policy/monetary-policy-report/2022/monetary-policy-report-september-2022/,anchor_statement,1.0
RIKSBANK_2023_06_E,RIKSBANK,2023-06-01,DOC_6A9B26B95EC9,speech,Speeches,Aino Bunge Committee On Finance Hearing On The Riksbanks Operations And Monetary Policy,Aino Bunge,2023-06-01,0,data\RIKSBANK\Speeches\2023-06-01 - Aino Bunge - Aino Bunge Committee On Finance Hearing On The Riksbanks Operations And Monetary Policy.txt,https://www.riksbank.se/en-gb/press-and-published/speeches-and-presentations/2023/aino-bunge-committee-on-finance-hearing-on-the-riksbanks-operations-and-monetary-policy/,speech_after_meeting,0.7
RIKSBANK_2023_06_E,RIKSBANK,2023-06-01,DOC_C80462297AB0,speech,Speeches,Aino Bunge Important For Inflation To Fall Significantly This Year,Aino Bunge,2023-06-01,0,data\RIKSBANK\Speeches\2023-06-01 - Aino Bunge - Aino Bunge Important For Inflation To Fall Significantly This Year.txt,https://www.riksbank.se/en-gb/press-and-published/speeches-and-presentations/2023/aino-bunge-important-for-inflation-to-fall-significantly-this-year/,speech_after_meeting,0.7
RIKSBANK_2023_06_E,RIKSBANK,2023-06-01,DOC_E621954CFE93,speech,Speeches,Aino Bunge Inflation Is Still High,Aino Bunge,2023-06-01,0,data\RIKSBANK\Speeches\2023-06-01 - Aino Bunge - Aino Bunge Inflation Is Still High.txt,https://www.riksbank.se/en-gb/press-and-published/speeches-and-presentations/2023/aino-bunge-inflation-is-still-high/,speech_after_meeting,0.7
RIKSBANK_2023_06_E,RIKSBANK,2023-06-01,DOC_6D91A7DC2B62,speech,Speeches,Aino Bunge The State Must Take Responsibility For Future Payments There Is Neither Reason Nor Time To Wait,Aino Bunge,2023-06-01,0,data\RIKSBANK\Speeches\2023-06-01 - Aino Bunge - Aino Bunge The State Must Take Responsibility For Future Payments There Is Neither Reason Nor Time To Wait.txt,https://www.riksbank.se/en-gb/press-and-published/speeches-and-presentations/2023/aino-bunge-the-state-must-take-responsibility-for-future-payments--there-is-neither-reason-nor-time-to-wait/,speech_after_meeting,0.7
RIKSBANK_2023_06_E,RIKSBANK,2023-06-01,DOC_85A4BDBCAE60,speech,Speeches,Anna Breman Committee On Finance Hearing On Monetary Policy,Anna Breman,2023-06-01,0,data\RIKSBANK\Speeches\2023-06-01 - Anna Breman - Anna Breman Committee On Finance Hearing On Monetary Policy.txt,https://www.riksbank.se/en-gb/press-and-published/speeches-and-presentations/2023/anna-breman-committee-on-finance-hearing-on-monetary-policy/,speech_after_meeting,0.7
RIKSBANK_2023_06_E,RIKSBANK,2023-06-01,DOC_1F2985757EA9,speech,Speeches,Anna Breman Large Differences Between Households When Inflation Is High But All Are Affected Negatively,Anna Breman,2023-06-01,0,data\RIKSBANK\Speeches\2023-06-01 - Anna Breman - Anna Breman Large Differences Between Households When Inflation Is High But All Are Affected Negatively.txt,https://www.riksbank.se/en-gb/press-and-published/speeches-and-presentations/2023/anna-breman-large-differences-between-households-when-inflation-is-high-but-all-are-affected-negatively/,speech_after_meeting,0.7
RIKSBANK_2023_06_E,RIKSBANK,2023-06-01,DOC_74973222B167,speech,Speeches,Breman Inflation Is Falling But Risks Remain,Anna Breman,2023-06-01,0,data\RIKSBANK\Speeches\2023-06-01 - Anna Breman - Breman Inflation Is Falling But Risks Remain.txt,https://www.riksbank.se/en-gb/press-and-published/speeches-and-presentations/2023/breman-inflation-is-falling-but-risks-remain/,speech_after_meeting,0.7
RIKSBANK_2023_06_E,RIKSBANK,2023-06-01,DOC_A25E72953FE4,speech,Speeches,Breman Inflation Needs To Become Low And Stable Again,Anna Breman,2023-06-01,0,data\RIKSBANK\Speeches\2023-06-01 - Anna Breman - Breman Inflation Needs To Become Low And Stable Again.txt,https://www.riksbank.se/en-gb/press-and-published/speeches-and-presentations/2023/breman-inflation-needs-to-become-low-and-stable-again/,speech_after_meeting,0.7
RIKSBANK_2023_06_E,RIKSBANK,2023-06-01,DOC_62189E9941B1,speech,Speeches,Breman Inflation Needs To Fall Further,Anna Breman,2023-06-01,0,data\RIKSBANK\Speeches\2023-06-01 - Anna Breman - Breman Inflation Needs To Fall Further.txt,https://www.riksbank.se/en-gb/press-and-published/speeches-and-presentations/2023/breman-inflation-needs-to-fall-further/,speech_after_meeting,0.7
RIKSBANK_2023_06_E,RIKSBANK,2023-06-01,DOC_1CC721B7E4AC,speech,Speeches,Bunge Inflation On The Way Down But Weak Krona Contributing To Uncertainty,Aino Bunge,2023-06-01,0,data\RIKSBANK\Speeches\2023-06-01 - Aino Bunge - Bunge Inflation On The Way Down But Weak Krona Contributing To Uncertainty.txt,https://www.riksbank.se/en-gb/press-and-published/speeches-and-presentations/2023/bunge-inflation-on-the-way-down-but-weak-krona-contributing-to-uncertainty/,speech_after_meeting,0.7
RIKSBANK_2023_06_E,RIKSBANK,2023-06-01,DOC_78D9D6207FA9,speech,Speeches,Erik Thedeen Committee On Finance Hearing On Monetary Policy,Erik Thedéen,2023-06-01,0,data\RIKSBANK\Speeches\2023-06-01 - Erik Thedéen - Erik Thedeen Committee On Finance Hearing On Monetary Policy.txt,https://www.riksbank.se/en-gb/press-and-published/speeches-and-presentations/2023/erik-thedeen-committee-on-finance-hearing-on-monetary-policy/,speech_after_meeting,0.7
RIKSBANK_2023_06_E,RIKSBANK,2023-06-01,DOC_255EC10258A7,speech,Speeches,Erik Thedeen Committee On Finance Hearing On The Riksbanks Operations And Monetary Policy,Erik Thedéen,2023-06-01,0,data\RIKSBANK\Speeches\2023-06-01 - Erik Thedéen - Erik Thedeen Committee On Finance Hearing On The Riksbanks Operations And Monetary Policy.txt,https://www.riksbank.se/en-gb/press-and-published/speeches-and-presentations/2023/erik-thedeen-committee-on-finance-hearing-on-the-riksbanks-operations-and-monetary-policy/,speech_after_meeting,0.7
RIKSBANK_2023_06_E,RIKSBANK,2023-06-01,DOC_157C131A3AC6,speech,Speeches,Erik Thedeen My View Of Monetary Policy,Erik Thedéen,2023-06-01,0,data\RIKSBANK\Speeches\2023-06-01 - Erik Thedéen - Erik Thedeen My View Of Monetary Policy.txt,https://www.riksbank.se/en-gb/press-and-published/speeches-and-presentations/2023/erik-thedeen-my-view-of-monetary-policy/,speech_after_meeting,0.7
RIKSBANK_2023_06_E,RIKSBANK,2023-06-01,DOC_420BA9223F3A,speech,Speeches,Floden Inflationary Pressures Are Far Too High,Martin Flodén,2023-06-01,0,data\RIKSBANK\Speeches\2023-06-01 - Martin Flodén - Floden Inflationary Pressures Are Far Too High.txt,https://www.riksbank.se/en-gb/press-and-published/speeches-and-presentations/2023/floden-inflationary-pressures-are-far-too-high/,speech_after_meeting,0.7
RIKSBANK_2023_06_E,RIKSBANK,2023-06-01,DOC_ACAF4A13DBF1,speech,Speeches,Jansson The Inflation Outlook Is Much Brighter,Per Jansson,2023-06-01,0,data\RIKSBANK\Speeches\2023-06-01 - Per Jansson - Jansson The Inflation Outlook Is Much Brighter.txt,https://www.riksbank.se/en-gb/press-and-published/speeches-and-presentations/2023/jansson-the-inflation-outlook-is-much-brighter/,speech_after_meeting,0.7
RIKSBANK_2023_06_E,RIKSBANK,2023-06-01,DOC_D0C8B160CF64,speech,Speeches,Jansson We Can See Progress In The Fight Against Inflation Although There Is Considerable Uncertainty,Per Jansson,2023-06-01,0,data\RIKSBANK\Speeches\2023-06-01 - Per Jansson - Jansson We Can See Progress In The Fight Against Inflation Although There Is Considerable Uncertainty.txt,https://www.riksbank.se/en-gb/press-and-published/speeches-and-presentations/2023/jansson-we-can-see-progress-in-the-fight-against-inflation-although-there-is-considerable-uncertainty/,speech_after_meeting,0.7
RIKSBANK_2023_06_E,RIKSBANK,2023-06-01,DOC_C9C6571A9B69,speech,Speeches,Per Jansson The Gap In The Monetary Policy Debate,Per Jansson,2023-06-01,0,data\RIKSBANK\Speeches\2023-06-01 - Per Jansson - Per Jansson The Gap In The Monetary Policy Debate.txt,https://www.riksbank.se/en-gb/press-and-published/speeches-and-presentations/2023/per-jansson-the-gap-in-the-monetary-policy-debate/,speech_after_meeting,0.7
RIKSBANK_2023_06_E,RIKSBANK,2023-06-01,DOC_EA4594A2B588,speech,Speeches,Thedeen Asset Purchases Should Be Made With Caution,Erik Thedéen,2023-06-01,0,data\RIKSBANK\Speeches\2023-06-01 - Erik Thedéen - Thedeen Asset Purchases Should Be Made With Caution.txt,https://www.riksbank.se/en-gb/press-and-published/speeches-and-presentations/2023/thedeen-asset-purchases-should-be-made-with-caution/,speech_after_meeting,0.7
RIKSBANK_2023_06_E,RIKSBANK,2023-06-01,DOC_51C1DAFE7E1C,speech,Speeches,Thedeen I Finansutskottet Hog Inflation Och Stigande Rantor Testar Motstandskraften I Det Svenska Finansiella Systemet,Erik Thedéen,2023-06-01,0,data\RIKSBANK\Speeches\2023-06-01 - Erik Thedéen - Thedeen I Finansutskottet Hog Inflation Och Stigande Rantor Testar Motstandskraften I Det Svenska Finansiella Systemet.txt,https://www.riksbank.se/en-gb/press-and-published/speeches-and-presentations/2023/thedeen-i-finansutskottet-hog-inflation-och-stigande-rantor-testar-motstandskraften-i-det-svenska-finansiella-systemet/,speech_after_meeting,0.7
RIKSBANK_2023_06_E,RIKSBANK,2023-06-01,DOC_2E4C378E7BBE,speech,Speeches,Thedeen Property Companies Need To Reduce Debts,Erik Thedéen,2023-06-01,0,data\RIKSBANK\Speeches\2023-06-01 - Erik Thedéen - Thedeen Property Companies Need To Reduce Debts.txt,https://www.riksbank.se/en-gb/press-and-published/speeches-and-presentations/2023/thedeen-property-companies-need-to-reduce-debts/,speech_after_meeting,0.7
RIKSBANK_2023_06_E,RIKSBANK,2023-06-01,DOC_53636974C9E9,speech,Speeches,Thedeen The Krona Will Strengthen In The Long Run,Erik Thedéen,2023-06-01,0,data\RIKSBANK\Speeches\2023-06-01 - Erik Thedéen - Thedeen The Krona Will Strengthen In The Long Run.txt,https://www.riksbank.se/en-gb/press-and-published/speeches-and-presentations/2023/thedeen-the-krona-will-strengthen-in-the-long-run/,speech_after_meeting,0.7
RIKSBANK_2023_06_E,RIKSBANK,2023-06-01,DOC_D40EEBCA736B,speech,Speeches,Thedeen The Riksbank Needs To Restore Its Capital,Erik Thedéen,2023-06-01,0,data\RIKSBANK\Speeches\2023-06-01 - Erik Thedéen - Thedeen The Riksbank Needs To Restore Its Capital.txt,https://www.riksbank.se/en-gb/press-and-published/speeches-and-presentations/2023/thedeen-the-riksbank-needs-to-restore-its-capital/,speech_after_meeting,0.7
RIKSBANK_2023_06_E,RIKSBANK,2023-06-01,DOC_D4BD8FEF1A96,speech,Speeches,Thedeen We Have Lessons To Learn From The Turbulence Of Recent Years,Erik Thedéen,2023-06-01,0,data\RIKSBANK\Speeches\2023-06-01 - Erik Thedéen - Thedeen We Have Lessons To Learn From The Turbulence Of Recent Years.txt,https://www.riksbank.se/en-gb/press-and-published/speeches-and-presentations/2023/thedeen-we-have-lessons-to-learn-from-the-turbulence-of-recent-years/,speech_after_meeting,0.7
RIKSBANK_2023_06_A,RIKSBANK,2023-06-01,DOC_402ED7C5677E,statement,Monetary Policy,Monetary Policy Report April 2023,,2023-06-01,0,data\RIKSBANK\Monetary Policy\2023-06-01 - Monetary Policy Report April 2023.txt,https://www.riksbank.se/en-gb/monetary-policy/monetary-policy-report/2023/monetary-policy-report-april-2023/,anchor_statement,1.0
RIKSBANK_2023_06_B,RIKSBANK,2023-06-01,DOC_7318BA177076,statement,Monetary Policy,Monetary Policy Report February 2023,,2023-06-01,0,data\RIKSBANK\Monetary Policy\2023-06-01 - Monetary Policy Report February 2023.txt,https://www.riksbank.se/en-gb/monetary-policy/monetary-policy-report/2023/monetary-policy-report-february-2023/,anchor_statement,1.0
RIKSBANK_2023_06_C,RIKSBANK,2023-06-01,DOC_C29C8407FA7C,statement,Monetary Policy,Monetary Policy Report June 2023,,2023-06-01,0,data\RIKSBANK\Monetary Policy\2023-06-01 - Monetary Policy Report June 2023.txt,https://www.riksbank.se/en-gb/monetary-policy/monetary-policy-report/2023/monetary-policy-report-june-2023/,anchor_statement,1.0
RIKSBANK_2023_06_D,RIKSBANK,2023-06-01,DOC_EED2D6ABB111,statement,Monetary Policy,Monetary Policy Report November 2023,,2023-06-01,0,data\RIKSBANK\Monetary Policy\2023-06-01 - Monetary Policy Report November 2023.txt,https://www.riksbank.se/en-gb/monetary-policy/monetary-policy-report/2023/monetary-policy-report-november-2023/,anchor_statement,1.0
RIKSBANK_2023_06_E,RIKSBANK,2023-06-01,DOC_57B29C44EDE0,statement,Monetary Policy,Monetary Policy Report September 2023,,2023-06-01,0,data\RIKSBANK\Monetary Policy\2023-06-01 - Monetary Policy Report September 2023.txt,https://www.riksbank.se/en-gb/monetary-policy/monetary-policy-report/2023/monetary-policy-report-september-2023/,anchor_statement,1.0
RIKSBANK_2024_06_H,RIKSBANK,2024-06-01,DOC_FFD7E93BB91B,speech,Speeches,Aino Bunge All Parts Of The Cash Chain Must Work,Aino Bunge,2024-06-01,0,data\RIKSBANK\Speeches\2024-06-01 - Aino Bunge - Aino Bunge All Parts Of The Cash Chain Must Work.txt,https://www.riksbank.se/en-gb/press-and-published/speeches-and-presentations/2024/aino-bunge-all-parts-of-the-cash-chain-must-work/,speech_after_meeting,0.7
RIKSBANK_2024_06_H,RIKSBANK,2024-06-01,DOC_C43CEFD94C92,speech,Speeches,Aino Bunge Inflation Is In The Process Of Stabilising At The Target But The Way Forward Is Not Entirely Smooth,Aino Bunge,2024-06-01,0,data\RIKSBANK\Speeches\2024-06-01 - Aino Bunge - Aino Bunge Inflation Is In The Process Of Stabilising At The Target But The Way Forward Is Not Entirely Smooth.txt,https://www.riksbank.se/en-gb/press-and-published/speeches-and-presentations/2024/aino-bunge-inflation-is-in-the-process-of-stabilising-at-the-target-but-the-way-forward-is-not-entirely-smooth/,speech_after_meeting,0.7
RIKSBANK_2024_06_H,RIKSBANK,2024-06-01,DOC_916EA7F30035,speech,Speeches,Aino Bunge Low And Stable Inflation Creates Predictability Also For Pension Funds,Aino Bunge,2024-06-01,0,data\RIKSBANK\Speeches\2024-06-01 - Aino Bunge - Aino Bunge Low And Stable Inflation Creates Predictability Also For Pension Funds.txt,https://www.riksbank.se/en-gb/press-and-published/speeches-and-presentations/2024/aino-bunge-low-and-stable-inflation-creates-predictability-also-for-pension-funds/,speech_after_meeting,0.7
RIKSBANK_2024_06_H,RIKSBANK,2024-06-01,DOC_D2733DB25846,speech,Speeches,Aino Bunge Lower Interest Rates Provide Relief But Do Not Solve Structural Challenges In The Housing Market,Aino Bunge,2024-06-01,0,data\RIKSBANK\Speeches\2024-06-01 - Aino Bunge - Aino Bunge Lower Interest Rates Provide Relief But Do Not Solve Structural Challenges In The Housing Market.txt,https://www.riksbank.se/en-gb/press-and-published/speeches-and-presentations/2024/aino-bunge-lower-interest-rates-provide-relief-but-do-not-solve-structural-challenges-in-the-housing-market/,speech_after_meeting,0.7
RIKSBANK_2024_06_H,RIKSBANK,2024-06-01,DOC_3C4A2BD52F24,speech,Speeches,Aino Bunge Payments That Dont Function In Day To Day Life Will Not Function In A Crisis Either,Aino Bunge,2024-06-01,0,data\RIKSBANK\Speeches\2024-06-01 - Aino Bunge - Aino Bunge Payments That Dont Function In Day To Day Life Will Not Function In A Crisis Either.txt,https://www.riksbank.se/en-gb/press-and-published/speeches-and-presentations/2024/aino-bunge-payments-that-dont-function-in-day-to-day-life-will-not-function-in-a-crisis-either/,speech_after_meeting,0.7
RIKSBANK_2024_06_H,RIKSBANK,2024-06-01,DOC_476B2500E387,speech,Speeches,Aino Bunge Swedish Economy Must Tolerate Tightening Interest Rates,Aino Bunge,2024-06-01,0,data\RIKSBANK\Speeches\2024-06-01 - Aino Bunge - Aino Bunge Swedish Economy Must Tolerate Tightening Interest Rates.txt,https://www.riksbank.se/en-gb/press-and-published/speeches-and-presentations/2024/aino-bunge-swedish-economy-must-tolerate-tightening-interest-rates/,speech_after_meeting,0.7
RIKSBANK_2024_06_H,RIKSBANK,2024-06-01,DOC_96075C14F051,speech,Speeches,Aino Bunge Visits Helsingborg,Aino Bunge visits Helsingborg,2024-06-01,0,data\RIKSBANK\Speeches\2024-06-01 - Aino Bunge visits Helsingborg - Aino Bunge Visits Helsingborg.txt,https://www.riksbank.se/en-gb/press-and-published/speeches-and-presentations/2024/aino-bunge-visits-helsingborg/,speech_after_meeting,0.7
RIKSBANK_2024_06_H,RIKSBANK,2024-06-01,DOC_DA9E3B06B3F6,speech,Speeches,Anna Breman Awarded An Honorary Doctorate At The Lund University School Of Economics And Management,Anna Breman,2024-06-01,0,data\RIKSBANK\Speeches\2024-06-01 - Anna Breman - Anna Breman Awarded An Honorary Doctorate At The Lund University School Of Economics And Management.txt,https://www.riksbank.se/en-gb/press-and-published/speeches-and-presentations/2024/anna-breman-awarded-an-honorary-doctorate-at-the-lund-university-school-of-economics-and-management/,speech_after_meeting,0.7
RIKSBANK_2024_06_H,RIKSBANK,2024-06-01,DOC_17EB62804AE8,speech,Speeches,Anna Breman Good Prospects For A Strong Recovery Despite Uncertainty In The World Around Us,Anna Breman,2024-06-01,0,data\RIKSBANK\Speeches\2024-06-01 - Anna Breman - Anna Breman Good Prospects For A Strong Recovery Despite Uncertainty In The World Around Us.txt,https://www.riksbank.se/en-gb/press-and-published/speeches-and-presentations/2024/anna-breman-good-prospects-for-a-strong-recovery-despite-uncertainty-in-the-world-around-us/,speech_after_meeting,0.7
RIKSBANK_2024_06_H,RIKSBANK,2024-06-01,DOC_91CA4A534725,speech,Speeches,Anna Breman In Sala Low And Stable Inflation Contributes To Stronger Economic Development,Anna Breman,2024-06-01,0,data\RIKSBANK\Speeches\2024-06-01 - Anna Breman - Anna Breman In Sala Low And Stable Inflation Contributes To Stronger Economic Development.txt,https://www.riksbank.se/en-gb/press-and-published/speeches-and-presentations/2024/anna-breman-in-sala-low-and-stable-inflation-contributes-to-stronger-economic-development/,speech_after_meeting,0.7
RIKSBANK_2024_06_H,RIKSBANK,2024-06-01,DOC_A820B7480411,speech,Speeches,Anna Breman Inflation Decline Continuing But Risk Of Setbacks Remains,Anna Breman,2024-06-01,0,data\RIKSBANK\Speeches\2024-06-01 - Anna Breman - Anna Breman Inflation Decline Continuing But Risk Of Setbacks Remains.txt,https://www.riksbank.se/en-gb/press-and-published/speeches-and-presentations/2024/anna-breman-inflation-decline-continuing--but-risk-of-setbacks-remains/,speech_after_meeting,0.7
RIKSBANK_2024_06_H,RIKSBANK,2024-06-01,DOC_9972A9AB3B4F,speech,Speeches,Anna Breman New Research On The Psychology Of Inflation Valuable When Addressing Monetary Policy Challenges,Anna Breman,2024-06-01,0,data\RIKSBANK\Speeches\2024-06-01 - Anna Breman - Anna Breman New Research On The Psychology Of Inflation Valuable When Addressing Monetary Policy Challenges.txt,https://www.riksbank.se/en-gb/press-and-published/speeches-and-presentations/2024/anna-breman-new-research-on-the-psychology-of-inflation-valuable-when-addressing-monetary-policy-challenges/,speech_after_meeting,0.7
RIKSBANK_2024_06_H,RIKSBANK,2024-06-01,DOC_1F086C690ADD,speech,Speeches,Anna Breman The Inflation Target An Anchor For Price Setting And Wage Formation,Anna Breman,2024-06-01,0,data\RIKSBANK\Speeches\2024-06-01 - Anna Breman - Anna Breman The Inflation Target An Anchor For Price Setting And Wage Formation.txt,https://www.riksbank.se/en-gb/press-and-published/speeches-and-presentations/2024/anna-breman-the-inflation-target--an-anchor-for-price-setting-and-wage-formation/,speech_after_meeting,0.7
RIKSBANK_2024_06_H,RIKSBANK,2024-06-01,DOC_F94911F9C8D1,speech,Speeches,Anna Breman Visited Visby,Anna Breman visited Visby,2024-06-01,0,data\RIKSBANK\Speeches\2024-06-01 - Anna Breman visited Visby - Anna Breman Visited Visby.txt,https://www.riksbank.se/en-gb/press-and-published/speeches-and-presentations/2024/anna-breman-visited-visby/,speech_after_meeting,0.7
RIKSBANK_2024_06_H,RIKSBANK,2024-06-01,DOC_6FD840D34A5C,speech,Speeches,Anna Breman Visits Karlskrona,Anna Breman visits Karlskrona,2024-06-01,0,data\RIKSBANK\Speeches\2024-06-01 - Anna Breman visits Karlskrona - Anna Breman Visits Karlskrona.txt,https://www.riksbank.se/en-gb/press-and-published/speeches-and-presentations/2024/anna-breman-visits-karlskrona/,speech_after_meeting,0.7
RIKSBANK_2024_06_H,RIKSBANK,2024-06-01,DOC_B3AD547E0082,speech,Speeches,Anna Seim The Riksbanks New Assessment Of The Long Term Neutral Interest Rate,Anna Seim,2024-06-01,0,data\RIKSBANK\Speeches\2024-06-01 - Anna Seim - Anna Seim The Riksbanks New Assessment Of The Long Term Neutral Interest Rate.txt,https://www.riksbank.se/en-gb/press-and-published/speeches-and-presentations/2024/anna-seim-the-riksbanks-new-assessment-of-the-long-term-neutral-interest-rate/,speech_after_meeting,0.7
RIKSBANK_2024_06_H,RIKSBANK,2024-06-01,DOC_7B23D43F6817,speech,Speeches,Breman Inflation Is Falling But We Need To Be Prepared For Setbacks,Anna Breman,2024-06-01,0,data\RIKSBANK\Speeches\2024-06-01 - Anna Breman - Breman Inflation Is Falling But We Need To Be Prepared For Setbacks.txt,https://www.riksbank.se/en-gb/press-and-published/speeches-and-presentations/2024/breman-inflation-is-falling-but-we-need-to-be-prepared-for-setbacks/,speech_after_meeting,0.7
RIKSBANK_2024_06_H,RIKSBANK,2024-06-01,DOC_5BA427702713,speech,Speeches,Erik Thedeen At The Committee On Finance An Uncertain Environment Requires A High Level Of Preparedness,Erik Thedéen,2024-06-01,0,data\RIKSBANK\Speeches\2024-06-01 - Erik Thedéen - Erik Thedeen At The Committee On Finance An Uncertain Environment Requires A High Level Of Preparedness.txt,https://www.riksbank.se/en-gb/press-and-published/speeches-and-presentations/2024/erik-thedeen-at-the-committee-on-finance-an-uncertain-environment-requires-a-high-level-of-preparedness/,speech_after_meeting,0.7
RIKSBANK_2024_06_H,RIKSBANK,2024-06-01,DOC_01BDDB5E2091,speech,Speeches,Erik Thedeen Better Economic Performance Thanks To Economic Policy Frameworks,Erik Thedéen,2024-06-01,0,data\RIKSBANK\Speeches\2024-06-01 - Erik Thedéen - Erik Thedeen Better Economic Performance Thanks To Economic Policy Frameworks.txt,https://www.riksbank.se/en-gb/press-and-published/speeches-and-presentations/2024/erik-thedeen-better-economic-performance-thanks-to-economic-policy-frameworks/,speech_after_meeting,0.7
RIKSBANK_2024_06_H,RIKSBANK,2024-06-01,DOC_A880B8466A22,speech,Speeches,Erik Thedeen Charting The Course Prudential Regulation And Supervision For Smooth Sailing,Erik Thedéen,2024-06-01,0,data\RIKSBANK\Speeches\2024-06-01 - Erik Thedéen - Erik Thedeen Charting The Course Prudential Regulation And Supervision For Smooth Sailing.txt,https://www.riksbank.se/en-gb/press-and-published/speeches-and-presentations/2024/erik-thedeen-charting-the-course-prudential-regulation-and-supervision-for-smooth-sailing/,speech_after_meeting,0.7
RIKSBANK_2024_06_H,RIKSBANK,2024-06-01,DOC_22844527C24A,speech,Speeches,Erik Thedeen Committee On Finance Hearing On Monetary Policy,Erik Thedéen,2024-06-01,0,data\RIKSBANK\Speeches\2024-06-01 - Erik Thedéen - Erik Thedeen Committee On Finance Hearing On Monetary Policy.txt,https://www.riksbank.se/en-gb/press-and-published/speeches-and-presentations/2024/erik-thedeen-committee-on-finance-hearing-on-monetary-policy/,speech_after_meeting,0.7
RIKSBANK_2024_06_H,RIKSBANK,2024-06-01,DOC_A8616B35AAB5,speech,Speeches,Erik Thedeen Committee On Finance Hearing On Monetary Policy2,Erik Thedéen,2024-06-01,0,data\RIKSBANK\Speeches\2024-06-01 - Erik Thedéen - Erik Thedeen Committee On Finance Hearing On Monetary Policy2.txt,https://www.riksbank.se/en-gb/press-and-published/speeches-and-presentations/2024/erik-thedeen-committee-on-finance-hearing-on-monetary-policy2/,speech_after_meeting,0.7
RIKSBANK_2024_06_H,RIKSBANK,2024-06-01,DOC_BE8B0A0B52BC,speech,Speeches,Erik Thedeen In Copenhagen And Malmo,,2024-06-01,0,data\RIKSBANK\Speeches\2024-06-01 - Erik Thedeen In Copenhagen And Malmo.txt,https://www.riksbank.se/en-gb/press-and-published/speeches-and-presentations/2024/erik-thedeen-in-copenhagen-and-malmo/,speech_after_meeting,0.7
RIKSBANK_2024_06_H,RIKSBANK,2024-06-01,DOC_98C4D19360E0,speech,Speeches,Erik Thedeen Inflation Is Close To Target Monetary Policy Is Being Adjusted With Caution,Erik Thedéen,2024-06-01,0,data\RIKSBANK\Speeches\2024-06-01 - Erik Thedéen - Erik Thedeen Inflation Is Close To Target Monetary Policy Is Being Adjusted With Caution.txt,https://www.riksbank.se/en-gb/press-and-published/speeches-and-presentations/2024/erik-thedeen-inflation-is-close-to-target-monetary-policy-is-being-adjusted-with-caution/,speech_after_meeting,0.7
RIKSBANK_2024_06_H,RIKSBANK,2024-06-01,DOC_CEDAA1C9A521,speech,Speeches,Erik Thedeen Keynote Address At Osc Dialogue 2024,Erik Thedéen,2024-06-01,0,data\RIKSBANK\Speeches\2024-06-01 - Erik Thedéen - Erik Thedeen Keynote Address At Osc Dialogue 2024.txt,https://www.riksbank.se/en-gb/press-and-published/speeches-and-presentations/2024/erik-thedeen-keynote-address-at-osc-dialogue-2024/,speech_after_meeting,0.7
RIKSBANK_2024_06_H,RIKSBANK,2024-06-01,DOC_CA910D5F7EEC,speech,Speeches,Erik Thedeen Monetary Policy Needs To Be Adapted Cautiously,Erik Thedéen,2024-06-01,0,data\RIKSBANK\Speeches\2024-06-01 - Erik Thedéen - Erik Thedeen Monetary Policy Needs To Be Adapted Cautiously.txt,https://www.riksbank.se/en-gb/press-and-published/speeches-and-presentations/2024/erik-thedeen-monetary-policy-needs-to-be-adapted-cautiously/,speech_after_meeting,0.7
RIKSBANK_2024_06_H,RIKSBANK,2024-06-01,DOC_8941C00675E1,speech,Speeches,Erik Thedeen New Challenges Demand A Holistic Approach To Systemic Liquidity Risk,Erik Thedéen,2024-06-01,0,data\RIKSBANK\Speeches\2024-06-01 - Erik Thedéen - Erik Thedeen New Challenges Demand A Holistic Approach To Systemic Liquidity Risk.txt,https://www.riksbank.se/en-gb/press-and-published/speeches-and-presentations/2024/erik-thedeen-new-challenges-demand-a-holistic-approach-to-systemic-liquidity-risk/,speech_after_meeting,0.7
RIKSBANK_2024_06_H,RIKSBANK,2024-06-01,DOC_98FC34E13654,speech,Speeches,Erik Thedeen On Monetary Policy In 2023 The Riksbanks Policy Rate Rises Contributed To Lower Inflation,Erik Thedéen,2024-06-01,0,data\RIKSBANK\Speeches\2024-06-01 - Erik Thedéen - Erik Thedeen On Monetary Policy In 2023 The Riksbanks Policy Rate Rises Contributed To Lower Inflation.txt,https://www.riksbank.se/en-gb/press-and-published/speeches-and-presentations/2024/erik-thedeen-on-monetary-policy-in-2023--the-riksbanks-policy-rate-rises-contributed-to-lower-inflation/,speech_after_meeting,0.7
RIKSBANK_2024_06_H,RIKSBANK,2024-06-01,DOC_925CDC81068D,speech,Speeches,Erik Thedeen Pleasing That Inflation Has Fallen Back,Erik Thedéen,2024-06-01,0,data\RIKSBANK\Speeches\2024-06-01 - Erik Thedéen - Erik Thedeen Pleasing That Inflation Has Fallen Back.txt,https://www.riksbank.se/en-gb/press-and-published/speeches-and-presentations/2024/erik-thedeen-pleasing-that-inflation-has-fallen-back/,speech_after_meeting,0.7
RIKSBANK_2024_06_H,RIKSBANK,2024-06-01,DOC_6BE49F0422A0,speech,Speeches,Erik Thedeen Productivity A Key Factor For Longer Term Developments,Erik Thedéen,2024-06-01,0,data\RIKSBANK\Speeches\2024-06-01 - Erik Thedéen - Erik Thedeen Productivity A Key Factor For Longer Term Developments.txt,https://www.riksbank.se/en-gb/press-and-published/speeches-and-presentations/2024/erik-thedeen-productivity--a-key-factor-for-longer-term-developments/,speech_after_meeting,0.7
RIKSBANK_2024_06_H,RIKSBANK,2024-06-01,DOC_47D3FEE10679,speech,Speeches,Erik Thedeen Reflections On The High Inflation In Recent Years,Erik Thedéen,2024-06-01,0,data\RIKSBANK\Speeches\2024-06-01 - Erik Thedéen - Erik Thedeen Reflections On The High Inflation In Recent Years.txt,https://www.riksbank.se/en-gb/press-and-published/speeches-and-presentations/2024/erik-thedeen-reflections-on-the-high-inflation-in-recent-years/,speech_after_meeting,0.7
RIKSBANK_2024_06_H,RIKSBANK,2024-06-01,DOC_A7A9A7905448,speech,Speeches,Erik Thedeen The Economic Situation And Current Monetary Policy,Erik Thedéen visits Skellefteå,2024-06-01,0,data\RIKSBANK\Speeches\2024-06-01 - Erik Thedéen visits Skellefteå - Erik Thedeen The Economic Situation And Current Monetary Policy.txt,https://www.riksbank.se/en-gb/press-and-published/speeches-and-presentations/2024/erik-thedeen-the-economic-situation-and-current-monetary-policy/,speech_after_meeting,0.7
RIKSBANK_2024_06_H,RIKSBANK,2024-06-01,DOC_7D0967E06922,speech,Speeches,Erik Thedeen Visits Norrkoping,Erik Thedéen visits Norrköping,2024-06-01,0,data\RIKSBANK\Speeches\2024-06-01 - Erik Thedéen visits Norrköping - Erik Thedeen Visits Norrkoping.txt,https://www.riksbank.se/en-gb/press-and-published/speeches-and-presentations/2024/erik-thedeen-visits-norrkoping/,speech_after_meeting,0.7
RIKSBANK_2024_06_H,RIKSBANK,2024-06-01,DOC_CE7E711E10A0,speech,Speeches,Jansson Inflation On Firmer Ground A Rate Cut In The First Half Of The Year Is A Possibility,Per Jansson,2024-06-01,0,data\RIKSBANK\Speeches\2024-06-01 - Per Jansson - Jansson Inflation On Firmer Ground A Rate Cut In The First Half Of The Year Is A Possibility.txt,https://www.riksbank.se/en-gb/press-and-published/speeches-and-presentations/2024/jansson-inflation-on-firmer-ground--a-rate-cut-in-the-first-half-of-the-year-is-a-possibility/,speech_after_meeting,0.7
RIKSBANK_2024_06_H,RIKSBANK,2024-06-01,DOC_262AF5A01350,speech,Speeches,Jansson Interest Rates Have Peaked,Per Jansson,2024-06-01,0,data\RIKSBANK\Speeches\2024-06-01 - Per Jansson - Jansson Interest Rates Have Peaked.txt,https://www.riksbank.se/en-gb/press-and-published/speeches-and-presentations/2024/jansson-interest-rates-have-peaked/,speech_after_meeting,0.7
RIKSBANK_2024_06_H,RIKSBANK,2024-06-01,DOC_DEDC9C058175,speech,Speeches,Martin Floden Important To Communicate Clearly Despite Constant Uncertainty,Martin Flodén,2024-06-01,0,data\RIKSBANK\Speeches\2024-06-01 - Martin Flodén - Martin Floden Important To Communicate Clearly Despite Constant Uncertainty.txt,https://www.riksbank.se/en-gb/press-and-published/speeches-and-presentations/2024/martin-floden-important-to-communicate-clearly-despite-constant-uncertainty/,speech_after_meeting,0.7
RIKSBANK_2024_06_H,RIKSBANK,2024-06-01,DOC_F4424CFDC19B,speech,Speeches,Martin Floden Visits Borlange,Martin Flodén visits Borlänge,2024-06-01,0,data\RIKSBANK\Speeches\2024-06-01 - Martin Flodén visits Borlänge - Martin Floden Visits Borlange.txt,https://www.riksbank.se/en-gb/press-and-published/speeches-and-presentations/2024/martin-floden-visits-borlange/,speech_after_meeting,0.7
RIKSBANK_2024_06_H,RIKSBANK,2024-06-01,DOC_508CCFA4893C,speech,Speeches,Per Jansson Committee On Finance Hearing On Monetary Policy,Per Jansson,2024-06-01,0,data\RIKSBANK\Speeches\2024-06-01 - Per Jansson - Per Jansson Committee On Finance Hearing On Monetary Policy.txt,https://www.riksbank.se/en-gb/press-and-published/speeches-and-presentations/2024/per-jansson-committee-on-finance-hearing-on-monetary-policy/,speech_after_meeting,0.7
RIKSBANK_2024_06_H,RIKSBANK,2024-06-01,DOC_6443B05DE9E1,speech,Speeches,Per Jansson Reassuring Inflationary Pressures But Uncertainty Abroad,Per Jansson,2024-06-01,0,data\RIKSBANK\Speeches\2024-06-01 - Per Jansson - Per Jansson Reassuring Inflationary Pressures But Uncertainty Abroad.txt,https://www.riksbank.se/en-gb/press-and-published/speeches-and-presentations/2024/per-jansson-reassuring-inflationary-pressures-but-uncertainty-abroad/,speech_after_meeting,0.7
RIKSBANK_2024_06_H,RIKSBANK,2024-06-01,DOC_9A99443CF93A,speech,Speeches,Per Jansson Responsible Wage Formation Benefits The Swedish Economy,Per Jansson,2024-06-01,0,data\RIKSBANK\Speeches\2024-06-01 - Per Jansson - Per Jansson Responsible Wage Formation Benefits The Swedish Economy.txt,https://www.riksbank.se/en-gb/press-and-published/speeches-and-presentations/2024/per-jansson-responsible-wage-formation-benefits-the-swedish-economy/,speech_after_meeting,0.7
RIKSBANK_2024_06_H,RIKSBANK,2024-06-01,DOC_9C9EDA1C6D09,speech,Speeches,Per Jansson Responsible Wage Formation Pays Off,Per Jansson,2024-06-01,0,data\RIKSBANK\Speeches\2024-06-01 - Per Jansson - Per Jansson Responsible Wage Formation Pays Off.txt,https://www.riksbank.se/en-gb/press-and-published/speeches-and-presentations/2024/per-jansson-responsible-wage-formation-pays-off/,speech_after_meeting,0.7
RIKSBANK_2024_06_H,RIKSBANK,2024-06-01,DOC_B8D1A598E0E1,speech,Speeches,Thedeen A Year With The New Riksbank Act,Erik Thedéen,2024-06-01,0,data\RIKSBANK\Speeches\2024-06-01 - Erik Thedéen - Thedeen A Year With The New Riksbank Act.txt,https://www.riksbank.se/en-gb/press-and-published/speeches-and-presentations/2024/thedeen-a-year-with-the-new-riksbank-act/,speech_after_meeting,0.7
RIKSBANK_2024_06_A,RIKSBANK,2024-06-01,DOC_199A730F2083,statement,Monetary Policy,Monetary Policy Decision August 2024,,2024-06-01,0,data\RIKSBANK\Monetary Policy\2024-06-01 - Monetary Policy Decision August 2024.txt,https://www.riksbank.se/en-gb/monetary-policy/monetary-policy-report/2024/monetary-policy-decision-august-2024/,anchor_statement,1.0
RIKSBANK_2024_06_B,RIKSBANK,2024-06-01,DOC_795B2B6F0692,statement,Monetary Policy,Monetary Policy Decision December 2024,,2024-06-01,0,data\RIKSBANK\Monetary Policy\2024-06-01 - Monetary Policy Decision December 2024.txt,https://www.riksbank.se/en-gb/monetary-policy/monetary-policy-report/2024/monetary-policy-decision-december-2024/,anchor_statement,1.0
RIKSBANK_2024_06_C,RIKSBANK,2024-06-01,DOC_85FAD8810109,statement,Monetary Policy,Monetary Policy Decision February 2024,,2024-06-01,0,data\RIKSBANK\Monetary Policy\2024-06-01 - Monetary Policy Decision February 2024.txt,https://www.riksbank.se/en-gb/monetary-policy/monetary-policy-report/2024/monetary-policy-decision-february-2024/,anchor_statement,1.0
RIKSBANK_2024_06_D,RIKSBANK,2024-06-01,DOC_1F719FD3A09B,statement,Monetary Policy,Monetary Policy Decision June 2024,,2024-06-01,0,data\RIKSBANK\Monetary Policy\2024-06-01 - Monetary Policy Decision June 2024.txt,https://www.riksbank.se/en-gb/monetary-policy/monetary-policy-report/2024/monetary-policy-decision-june-2024/,anchor_statement,1.0
RIKSBANK_2024_06_E,RIKSBANK,2024-06-01,DOC_E744097131A3,statement,Monetary Policy,Monetary Policy Decision March 2024,,2024-06-01,0,data\RIKSBANK\Monetary Policy\2024-06-01 - Monetary Policy Decision March 2024.txt,https://www.riksbank.se/en-gb/monetary-policy/monetary-policy-report/2024/monetary-policy-decision-march-2024/,anchor_statement,1.0
RIKSBANK_2024_06_F,RIKSBANK,2024-06-01,DOC_17DDA1A10CFB,statement,Monetary Policy,Monetary Policy Decision May 2024,,2024-06-01,0,data\RIKSBANK\Monetary Policy\2024-06-01 - Monetary Policy Decision May 2024.txt,https://www.riksbank.se/en-gb/monetary-policy/monetary-policy-report/2024/monetary-policy-decision-may-2024/,anchor_statement,1.0
RIKSBANK_2024_06_G,RIKSBANK,2024-06-01,DOC_3DEE296ACAA4,statement,Monetary Policy,Monetary Policy Decision November 2024,,2024-06-01,0,data\RIKSBANK\Monetary Policy\2024-06-01 - Monetary Policy Decision November 2024.txt,https://www.riksbank.se/en-gb/monetary-policy/monetary-policy-report/2024/monetary-policy-decision-november-2024/,anchor_statement,1.0
RIKSBANK_2024_06_H,RIKSBANK,2024-06-01,DOC_150E3562AC77,statement,Monetary Policy,Monetary Policy Decision September 2024,,2024-06-01,0,data\RIKSBANK\Monetary Policy\2024-06-01 - Monetary Policy Decision September 2024.txt,https://www.riksbank.se/en-gb/monetary-policy/monetary-policy-report/2024/monetary-policy-decision-september-2024/,anchor_statement,1.0
RIKSBANK_2025_06_H,RIKSBANK,2025-06-01,DOC_354B182914E6,speech,Speeches,Aino Bunge Making It Easier To Borrow Will Not Solve Housing Market Challenges,Presentation,2025-06-01,0,data\RIKSBANK\Speeches\2025-06-01 - Presentation - Aino Bunge Making It Easier To Borrow Will Not Solve Housing Market Challenges.txt,https://www.riksbank.se/en-gb/press-and-published/speeches-and-presentations/2025/aino-bunge-making-it-easier-to-borrow-will-not-solve-housing-market-challenges/,speech_after_meeting,0.7
RIKSBANK_2025_06_H,RIKSBANK,2025-06-01,DOC_08B4DA0F6E9C,speech,Speeches,Aino Bunge Monetary Policy Must Be Forward Looking,Presentation,2025-06-01,0,data\RIKSBANK\Speeches\2025-06-01 - Presentation - Aino Bunge Monetary Policy Must Be Forward Looking.txt,https://www.riksbank.se/en-gb/press-and-published/speeches-and-presentations/2025/aino-bunge-monetary-policy-must-be-forward-looking/,speech_after_meeting,0.7
RIKSBANK_2025_06_H,RIKSBANK,2025-06-01,DOC_8079FFE6562D,speech,Speeches,Aino Bunge Swedish Economy Resilient In Troubled Times,Presentation,2025-06-01,0,data\RIKSBANK\Speeches\2025-06-01 - Presentation - Aino Bunge Swedish Economy Resilient In Troubled Times.txt,https://www.riksbank.se/en-gb/press-and-published/speeches-and-presentations/2025/aino-bunge-swedish-economy-resilient-in-troubled-times/,speech_after_meeting,0.7
RIKSBANK_2025_06_H,RIKSBANK,2025-06-01,DOC_AE8849F82796,speech,Speeches,Aino Bungelegislation Needed To Protect The Status Of Cash,Presentation,2025-06-01,0,data\RIKSBANK\Speeches\2025-06-01 - Presentation - Aino Bungelegislation Needed To Protect The Status Of Cash.txt,https://www.riksbank.se/en-gb/press-and-published/speeches-and-presentations/2025/aino-bungelegislation-needed-to-protect-the-status-of-cash/,speech_after_meeting,0.7
RIKSBANK_2025_06_H,RIKSBANK,2025-06-01,DOC_2670B4878D1E,speech,Speeches,Anna Breman Daring To Think Differently On The Riksbanks Monetary Policy Communication,,2025-06-01,0,data\RIKSBANK\Speeches\2025-06-01 - Anna Breman Daring To Think Differently On The Riksbanks Monetary Policy Communication.txt,https://www.riksbank.se/en-gb/press-and-published/speeches-and-presentations/2025/anna-breman-daring-to-think-differently--on-the-riksbanks-monetary-policy-communication/,speech_after_meeting,0.7
RIKSBANK_2025_06_H,RIKSBANK,2025-06-01,DOC_A621F94A42FC,speech,Speeches,Anna Breman In Kiruna How Trade Barriers Affect Swedish Growth And Inflation,,2025-06-01,0,data\RIKSBANK\Speeches\2025-06-01 - Anna Breman In Kiruna How Trade Barriers Affect Swedish Growth And Inflation.txt,https://www.riksbank.se/en-gb/press-and-published/speeches-and-presentations/2025/anna-breman-in-kiruna-how-trade-barriers-affect-swedish-growth-and-inflation/,speech_after_meeting,0.7
RIKSBANK_2025_06_H,RIKSBANK,2025-06-01,DOC_4CDF88BC148F,speech,Speeches,Anna Breman Monetary Policy Contributes To Stability In A Turbulent World,Presentation,2025-06-01,0,data\RIKSBANK\Speeches\2025-06-01 - Presentation - Anna Breman Monetary Policy Contributes To Stability In A Turbulent World.txt,https://www.riksbank.se/en-gb/press-and-published/speeches-and-presentations/2025/anna-breman-monetary-policy-contributes-to-stability-in-a-turbulent-world/,speech_after_meeting,0.7
RIKSBANK_2025_06_H,RIKSBANK,2025-06-01,DOC_BD6432FB223E,speech,Speeches,Anna Breman The Swedish Economy Is In A Good Position In A Turbulent World,Presentation,2025-06-01,0,data\RIKSBANK\Speeches\2025-06-01 - Presentation - Anna Breman The Swedish Economy Is In A Good Position In A Turbulent World.txt,https://www.riksbank.se/en-gb/press-and-published/speeches-and-presentations/2025/anna-breman-the-swedish-economy-is-in-a-good-position-in-a-turbulent-world/,speech_after_meeting,0.7
RIKSBANK_2025_06_H,RIKSBANK,2025-06-01,DOC_6EA882770714,speech,Speeches,Anna Seim Difficult To Forecast But The Krona Can Be Understood,,2025-06-01,0,data\RIKSBANK\Speeches\2025-06-01 - Anna Seim Difficult To Forecast But The Krona Can Be Understood.txt,https://www.riksbank.se/en-gb/press-and-published/speeches-and-presentations/2025/anna-seim-difficult-to-forecast-but-the-krona-can-be-understood/,speech_after_meeting,0.7
RIKSBANK_2025_06_H,RIKSBANK,2025-06-01,DOC_428E9D7F6922,speech,Speeches,Anna Seim In Eskilstuna We Are Well Positioned To Manage Future Challenges To The Economy,Presentation,2025-06-01,0,data\RIKSBANK\Speeches\2025-06-01 - Presentation - Anna Seim In Eskilstuna We Are Well Positioned To Manage Future Challenges To The Economy.txt,https://www.riksbank.se/en-gb/press-and-published/speeches-and-presentations/2025/anna-seim-in-eskilstuna-we-are-well-positioned-to-manage-future-challenges-to-the-economy/,speech_after_meeting,0.7
RIKSBANK_2025_06_H,RIKSBANK,2025-06-01,DOC_9589812DAB8B,speech,Speeches,Anna Seim In Vastervik Favourable Conditions For Managing The Uncertain Road Ahead,Presentation,2025-06-01,0,data\RIKSBANK\Speeches\2025-06-01 - Presentation - Anna Seim In Vastervik Favourable Conditions For Managing The Uncertain Road Ahead.txt,https://www.riksbank.se/en-gb/press-and-published/speeches-and-presentations/2025/anna-seim-in-vastervik-favourable-conditions-for-managing-the-uncertain-road-ahead/,speech_after_meeting,0.7
RIKSBANK_2025_06_H,RIKSBANK,2025-06-01,DOC_968025E87883,speech,Speeches,Anna Seim The Riksbank Is One Of The Most Transparent Central Banks,Anna Seim,2025-06-01,0,data\RIKSBANK\Speeches\2025-06-01 - Anna Seim - Anna Seim The Riksbank Is One Of The Most Transparent Central Banks.txt,https://www.riksbank.se/en-gb/press-and-published/speeches-and-presentations/2025/anna-seim-the-riksbank-is-one-of-the-most-transparent-central-banks/,speech_after_meeting,0.7
RIKSBANK_2025_06_H,RIKSBANK,2025-06-01,DOC_CB883FC16A5F,speech,Speeches,Anna Seim The Role Of Alternative Scenarios In Monetary Policy Communication,,2025-06-01,0,data\RIKSBANK\Speeches\2025-06-01 - Anna Seim The Role Of Alternative Scenarios In Monetary Policy Communication.txt,https://www.riksbank.se/en-gb/press-and-published/speeches-and-presentations/2025/anna-seim-the-role-of-alternative-scenarios-in-monetary-policy-communication/,speech_after_meeting,0.7
RIKSBANK_2025_06_H,RIKSBANK,2025-06-01,DOC_629236ECF0E7,speech,Speeches,Anna Seim Well Positioned In A Changing World,Presentation,2025-06-01,0,data\RIKSBANK\Speeches\2025-06-01 - Presentation - Anna Seim Well Positioned In A Changing World.txt,https://www.riksbank.se/en-gb/press-and-published/speeches-and-presentations/2025/anna-seim-well-positioned-in-a-changing-world/,speech_after_meeting,0.7
RIKSBANK_2025_06_H,RIKSBANK,2025-06-01,DOC_F9B637540FB8,speech,Speeches,Bunge Public Private Sector Cooperation Is Key To A Secure Accessible And Innovative Payments Market,Presentation,2025-06-01,0,data\RIKSBANK\Speeches\2025-06-01 - Presentation - Bunge Public Private Sector Cooperation Is Key To A Secure Accessible And Innovative Payments Market.txt,https://www.riksbank.se/en-gb/press-and-published/speeches-and-presentations/2025/bunge-public-private-sector-cooperation-is-key-to-a-secure-accessible-and-innovative-payments-market/,speech_after_meeting,0.7
RIKSBANK_2025_06_H,RIKSBANK,2025-06-01,DOC_10717B6AB29C,speech,Speeches,Bunge Stablecoins And Digital Euro Driven By Digitalisation And Geopolitics,Digitalisation And Geopolitics,2025-06-01,0,data\RIKSBANK\Speeches\2025-06-01 - Digitalisation And Geopolitics - Bunge Stablecoins And Digital Euro Driven By Digitalisation And Geopolitics.txt,https://www.riksbank.se/en-gb/press-and-published/speeches-and-presentations/2025/bunge-stablecoins-and-digital-euro-driven-by-digitalisation-and-geopolitics/,speech_after_meeting,0.7
RIKSBANK_2025_06_H,RIKSBANK,2025-06-01,DOC_D0BC7185F679,speech,Speeches,Erik Thedeen At The Committee On Finance Amortisation Requirements And Mortgage Caps Have Safeguarded Household Resilience And Served The Swedish Econ,Presentation,2025-06-01,0,data\RIKSBANK\Speeches\2025-06-01 - Presentation - Erik Thedeen At The Committee On Finance Amortisation Requirements And Mortgage Caps Have Safeguarded Household Resilience.txt,https://www.riksbank.se/en-gb/press-and-published/speeches-and-presentations/2025/erik-thedeen-at-the-committee-on-finance-amortisation-requirements-and-mortgage-caps-have-safeguarded-household-resilience-and-served-the-swedish-economy-well/,speech_after_meeting,0.7
RIKSBANK_2025_06_H,RIKSBANK,2025-06-01,DOC_DB89A9D36DCA,speech,Speeches,Erik Thedeen At The Riksdag Committee On Finance Regulation Of Stablecoins Requires International Consensus,Presentation,2025-06-01,0,data\RIKSBANK\Speeches\2025-06-01 - Presentation - Erik Thedeen At The Riksdag Committee On Finance Regulation Of Stablecoins Requires International Consensus.txt,https://www.riksbank.se/en-gb/press-and-published/speeches-and-presentations/2025/erik-thedeen-at-the-riksdag-committee-on-finance-regulation-of-stablecoins-requires-international-consensus/,speech_after_meeting,0.7
RIKSBANK_2025_06_H,RIKSBANK,2025-06-01,DOC_5F2F36B1DFE1,speech,Speeches,Erik Thedeen At The Riksdag Committee On Finance The Riksbank Is Building Up Preparedness To Face A Wide Range Of Threats,Presentation,2025-06-01,0,data\RIKSBANK\Speeches\2025-06-01 - Presentation - Erik Thedeen At The Riksdag Committee On Finance The Riksbank Is Building Up Preparedness To Face A Wide Range Of Threats.txt,https://www.riksbank.se/en-gb/press-and-published/speeches-and-presentations/2025/erik-thedeen-at-the-riksdag-committee-on-finance-the-riksbank-is-building-up-preparedness-to-face-a-wide-range-of-threats/,speech_after_meeting,0.7
RIKSBANK_2025_06_H,RIKSBANK,2025-06-01,DOC_BD4CBBF5E041,speech,Speeches,Erik Thedeen If The Outlook Remains The Same The Policy Rate May Be Cut Again,Presentation,2025-06-01,0,data\RIKSBANK\Speeches\2025-06-01 - Presentation - Erik Thedeen If The Outlook Remains The Same The Policy Rate May Be Cut Again.txt,https://www.riksbank.se/en-gb/press-and-published/speeches-and-presentations/2025/erik-thedeen-if-the-outlook-remains-the-same-the-policy-rate-may-be-cut-again/,speech_after_meeting,0.7
RIKSBANK_2025_06_H,RIKSBANK,2025-06-01,DOC_38052BF2D103,speech,Speeches,Erik Thedeen Monetary Policy Communication In Practice,,2025-06-01,0,data\RIKSBANK\Speeches\2025-06-01 - Erik Thedeen Monetary Policy Communication In Practice.txt,https://www.riksbank.se/en-gb/press-and-published/speeches-and-presentations/2025/erik-thedeen-monetary-policy-communication-in-practice/,speech_after_meeting,0.7
RIKSBANK_2025_06_H,RIKSBANK,2025-06-01,DOC_80C1C347030B,speech,Speeches,Erik Thedeen On Risk Uncertainty And Geoeconomic Fragmentation,,2025-06-01,0,data\RIKSBANK\Speeches\2025-06-01 - Erik Thedeen On Risk Uncertainty And Geoeconomic Fragmentation.txt,https://www.riksbank.se/en-gb/press-and-published/speeches-and-presentations/2025/erik-thedeen-on-risk-uncertainty-and-geoeconomic-fragmentation/,speech_after_meeting,0.7
RIKSBANK_2025_06_H,RIKSBANK,2025-06-01,DOC_A7283776A265,speech,Speeches,Erik Thedeen Presents The Interest Rate Decision In London,Erik Thedéen,2025-06-01,0,data\RIKSBANK\Speeches\2025-06-01 - Erik Thedéen - Erik Thedeen Presents The Interest Rate Decision In London.txt,https://www.riksbank.se/en-gb/press-and-published/speeches-and-presentations/2025/erik-thedeen-presents-the-interest-rate-decision-in-london/,speech_after_meeting,0.7
RIKSBANK_2025_06_H,RIKSBANK,2025-06-01,DOC_075B4BD80F33,speech,Speeches,Erik Thedeen Signs Of Economic Rebound But Uncertainty Remains High,Presentation,2025-06-01,0,data\RIKSBANK\Speeches\2025-06-01 - Presentation - Erik Thedeen Signs Of Economic Rebound But Uncertainty Remains High.txt,https://www.riksbank.se/en-gb/press-and-published/speeches-and-presentations/2025/erik-thedeen-signs-of-economic-rebound-but-uncertainty-remains-high/,speech_after_meeting,0.7
RIKSBANK_2025_06_H,RIKSBANK,2025-06-01,DOC_8C8C004DC0D6,speech,Speeches,Erik Thedeen Sweden Is Well Placed To Deal With The International Turbulence,Presentation,2025-06-01,0,data\RIKSBANK\Speeches\2025-06-01 - Presentation - Erik Thedeen Sweden Is Well Placed To Deal With The International Turbulence.txt,https://www.riksbank.se/en-gb/press-and-published/speeches-and-presentations/2025/erik-thedeen-sweden-is-well-placed-to-deal-with-the-international-turbulence/,speech_after_meeting,0.7
RIKSBANK_2025_06_H,RIKSBANK,2025-06-01,DOC_AACFA7FA42C9,speech,Speeches,Executive Board In Finance Committee Hearing On Monetary Policy In 2024,Presentation,2025-06-01,0,data\RIKSBANK\Speeches\2025-06-01 - Presentation - Executive Board In Finance Committee Hearing On Monetary Policy In 2024.txt,https://www.riksbank.se/en-gb/press-and-published/speeches-and-presentations/2025/executive-board-in-finance-committee-hearing-on-monetary-policy-in-2024/,speech_after_meeting,0.7
RIKSBANK_2025_06_H,RIKSBANK,2025-06-01,DOC_5D214ED42B63,speech,Speeches,Jansson Confidence In The Inflation Target Determines How Flexible Monetary Policy Can Be,,2025-06-01,0,data\RIKSBANK\Speeches\2025-06-01 - Jansson Confidence In The Inflation Target Determines How Flexible Monetary Policy Can Be.txt,https://www.riksbank.se/en-gb/press-and-published/speeches-and-presentations/2025/jansson-confidence-in-the-inflation-target-determines-how-flexible-monetary-policy-can-be/,speech_after_meeting,0.7
RIKSBANK_2025_06_H,RIKSBANK,2025-06-01,DOC_AC2E976F2D95,speech,Speeches,Per Jansson Responsible Wage Formation Strengthens Purchasing Power And Employment,Presentation,2025-06-01,0,data\RIKSBANK\Speeches\2025-06-01 - Presentation - Per Jansson Responsible Wage Formation Strengthens Purchasing Power And Employment.txt,https://www.riksbank.se/en-gb/press-and-published/speeches-and-presentations/2025/per-jansson-responsible-wage-formation-strengthens-purchasing-power-and-employment/,speech_after_meeting,0.7
RIKSBANK_2025_06_H,RIKSBANK,2025-06-01,DOC_10E8855B5259,speech,Speeches,Per Jansson Strong Reasons To Expect Inflation To Fall Back,Presentation,2025-06-01,0,data\RIKSBANK\Speeches\2025-06-01 - Presentation - Per Jansson Strong Reasons To Expect Inflation To Fall Back.txt,https://www.riksbank.se/en-gb/press-and-published/speeches-and-presentations/2025/per-jansson-strong-reasons-to-expect-inflation-to-fall-back/,speech_after_meeting,0.7
RIKSBANK_2025_06_H,RIKSBANK,2025-06-01,DOC_8FCFC401EFDB,speech,Speeches,Thedeen At The Riksdag Committee On Finanace Hearing On The Riksbanks Operations And Monetary Policy,Erik Thedéen,2025-06-01,0,data\RIKSBANK\Speeches\2025-06-01 - Erik Thedéen - Thedeen At The Riksdag Committee On Finanace Hearing On The Riksbanks Operations And Monetary Policy.txt,https://www.riksbank.se/en-gb/press-and-published/speeches-and-presentations/2025/thedeen-at-the-riksdag-committee-on-finanace-hearing-on-the-riksbanks-operations-and-monetary-policy/,speech_after_meeting,0.7
RIKSBANK_2025_06_H,RIKSBANK,2025-06-01,DOC_3569D98F8211,speech,Speeches,Thedeen Committee On Finance Hearing On Monetary Policys,Presentation,2025-06-01,0,data\RIKSBANK\Speeches\2025-06-01 - Presentation - Thedeen Committee On Finance Hearing On Monetary Policys.txt,https://www.riksbank.se/en-gb/press-and-published/speeches-and-presentations/2025/thedeen-committee-on-finance-hearing-on-monetary-policys/,speech_after_meeting,0.7
RIKSBANK_2025_06_H,RIKSBANK,2025-06-01,DOC_E65C7C1E0D32,speech,Speeches,Thedeen Independence Must Be Earned Every Day,Erik Thedéen,2025-06-01,0,data\RIKSBANK\Speeches\2025-06-01 - Erik Thedéen - Thedeen Independence Must Be Earned Every Day.txt,https://www.riksbank.se/en-gb/press-and-published/speeches-and-presentations/2025/thedeen-independence-must-be-earned-every-day/,speech_after_meeting,0.7
RIKSBANK_2025_06_H,RIKSBANK,2025-06-01,DOC_317926460F3D,speech,Speeches,Thedeen Inflation Targeting An Important Contribution To Economic Stability,,2025-06-01,0,data\RIKSBANK\Speeches\2025-06-01 - Thedeen Inflation Targeting An Important Contribution To Economic Stability.txt,https://www.riksbank.se/en-gb/press-and-published/speeches-and-presentations/2025/thedeen-inflation-targeting--an-important-contribution-to-economic-stability/,speech_after_meeting,0.7
RIKSBANK_2025_06_H,RIKSBANK,2025-06-01,DOC_92355870AD52,speech,Speeches,Thedeen Resilience Pays The Strategic Value Of Regulation And Supervision,Erik Thedéen,2025-06-01,0,data\RIKSBANK\Speeches\2025-06-01 - Erik Thedéen - Thedeen Resilience Pays The Strategic Value Of Regulation And Supervision.txt,https://www.riksbank.se/en-gb/press-and-published/speeches-and-presentations/2025/thedeen-resilience-pays-the-strategic-value-of-regulation-and-supervision/,speech_after_meeting,0.7
RIKSBANK_2025_06_H,RIKSBANK,2025-06-01,DOC_10463262B2EC,speech,Speeches,Thedeen The Banks Need To Have More Active Liquidity Management,,2025-06-01,0,data\RIKSBANK\Speeches\2025-06-01 - Thedeen The Banks Need To Have More Active Liquidity Management.txt,https://www.riksbank.se/en-gb/press-and-published/speeches-and-presentations/2025/thedeen-the-banks-need-to-have-more-active-liquidity-management/,speech_after_meeting,0.7
RIKSBANK_2025_06_H,RIKSBANK,2025-06-01,DOC_9984FA131EC2,speech,Speeches,Thedeen The Road To The Eu Savings And Investment Union Dos And Donts,,2025-06-01,0,data\RIKSBANK\Speeches\2025-06-01 - Thedeen The Road To The Eu Savings And Investment Union Dos And Donts.txt,https://www.riksbank.se/en-gb/press-and-published/speeches-and-presentations/2025/thedeen-the-road-to-the-eu-savings-and-investment-union-dos-and-donts/,speech_after_meeting,0.7
RIKSBANK_2025_06_H,RIKSBANK,2025-06-01,DOC_F2AF9B21A377,speech,Speeches,Thedeen There Are No Miracle Cures To Make Capital Markets Function Smoothly,Presentation,2025-06-01,0,data\RIKSBANK\Speeches\2025-06-01 - Presentation - Thedeen There Are No Miracle Cures To Make Capital Markets Function Smoothly.txt,https://www.riksbank.se/en-gb/press-and-published/speeches-and-presentations/2025/thedeen-there-are-no-miracle-cures-to-make-capital-markets-function-smoothly/,speech_after_meeting,0.7
RIKSBANK_2025_06_A,RIKSBANK,2025-06-01,DOC_8CD73122936B,statement,Monetary Policy,Monetary Policy Decision August 2025,,2025-06-01,0,data\RIKSBANK\Monetary Policy\2025-06-01 - Monetary Policy Decision August 2025.txt,https://www.riksbank.se/en-gb/monetary-policy/monetary-policy-report/2025/monetary-policy-decision-august-2025/,anchor_statement,1.0
RIKSBANK_2025_06_B,RIKSBANK,2025-06-01,DOC_591EC2673EAC,statement,Monetary Policy,Monetary Policy Decision December 2025,,2025-06-01,0,data\RIKSBANK\Monetary Policy\2025-06-01 - Monetary Policy Decision December 2025.txt,https://www.riksbank.se/en-gb/monetary-policy/monetary-policy-report/2025/monetary-policy-decision-december-2025/,anchor_statement,1.0
RIKSBANK_2025_06_C,RIKSBANK,2025-06-01,DOC_67CCD775E23D,statement,Monetary Policy,Monetary Policy Decision January 2025,,2025-06-01,0,data\RIKSBANK\Monetary Policy\2025-06-01 - Monetary Policy Decision January 2025.txt,https://www.riksbank.se/en-gb/monetary-policy/monetary-policy-report/2025/monetary-policy-decision-january-2025/,anchor_statement,1.0
RIKSBANK_2025_06_D,RIKSBANK,2025-06-01,DOC_C543F8C8851E,statement,Monetary Policy,Monetary Policy Decision June 2025,,2025-06-01,0,data\RIKSBANK\Monetary Policy\2025-06-01 - Monetary Policy Decision June 2025.txt,https://www.riksbank.se/en-gb/monetary-policy/monetary-policy-report/2025/monetary-policy-decision-june-2025/,anchor_statement,1.0
RIKSBANK_2025_06_E,RIKSBANK,2025-06-01,DOC_180CB4ABDD5E,statement,Monetary Policy,Monetary Policy Decision March 2025,,2025-06-01,0,data\RIKSBANK\Monetary Policy\2025-06-01 - Monetary Policy Decision March 2025.txt,https://www.riksbank.se/en-gb/monetary-policy/monetary-policy-report/2025/monetary-policy-decision-march-2025/,anchor_statement,1.0
RIKSBANK_2025_06_F,RIKSBANK,2025-06-01,DOC_C1A0C69C5592,statement,Monetary Policy,Monetary Policy Decision May 2025,,2025-06-01,0,data\RIKSBANK\Monetary Policy\2025-06-01 - Monetary Policy Decision May 2025.txt,https://www.riksbank.se/en-gb/monetary-policy/monetary-policy-report/2025/monetary-policy-decision-may-2025/,anchor_statement,1.0
RIKSBANK_2025_06_G,RIKSBANK,2025-06-01,DOC_E8609011EE65,statement,Monetary Policy,Monetary Policy Decision November 2025,,2025-06-01,0,data\RIKSBANK\Monetary Policy\2025-06-01 - Monetary Policy Decision November 2025.txt,https://www.riksbank.se/en-gb/monetary-policy/monetary-policy-report/2025/monetary-policy-decision-november-2025/,anchor_statement,1.0
RIKSBANK_2025_06_H,RIKSBANK,2025-06-01,DOC_602D7611ED48,statement,Monetary Policy,Monetary Policy Decision September 2025,,2025-06-01,0,data\RIKSBANK\Monetary Policy\2025-06-01 - Monetary Policy Decision September 2025.txt,https://www.riksbank.se/en-gb/monetary-policy/monetary-policy-report/2025/monetary-policy-decision-september-2025/,anchor_statement,1.0
RIKSBANK_2026_06,RIKSBANK,2026-06-01,DOC_68E02B2C9FBD,speech,Speeches,Aino Bunge Good Starting Point In A Changing World,Presentation,2026-06-01,0,data\RIKSBANK\Speeches\2026-06-01 - Presentation - Aino Bunge Good Starting Point In A Changing World.txt,https://www.riksbank.se/en-gb/press-and-published/speeches-and-presentations/2026/aino-bunge-good-starting-point-in-a-changing-world/,speech_after_meeting,0.7
RIKSBANK_2026_06,RIKSBANK,2026-06-01,DOC_1CD300076F7E,speech,Speeches,Thedeen High Debt And Short Interest Rate Fixation Periods Make Swedish Households Vulnerable,,2026-06-01,0,data\RIKSBANK\Speeches\2026-06-01 - Thedeen High Debt And Short Interest Rate Fixation Periods Make Swedish Households Vulnerable.txt,https://www.riksbank.se/en-gb/press-and-published/speeches-and-presentations/2026/thedeen-high-debt-and-short-interest-rate-fixation-periods-make-swedish-households-vulnerable/,speech_after_meeting,0.7
RIKSBANK_2026_06,RIKSBANK,2026-06-01,DOC_2B28521D18DF,statement,Monetary Policy,Monetary Policy Decision January 2026,,2026-06-01,0,data\RIKSBANK\Monetary Policy\2026-06-01 - Monetary Policy Decision January 2026.txt,https://www.riksbank.se/en-gb/monetary-policy/monetary-policy-report/2026/monetary-policy-decision-january-2026/,anchor_statement,1.0
SNB_2021_03,SNB,2021-03-25,DOC_C1AEEA8EE7EE,statement,Monetary Policy,Monetary policy assessment of 25 March 2021,,2021-03-25,0,data\SNB\Monetary Policy\2021-03-25 - Monetary policy assessment of 25 March 2021.txt,https://www.snb.ch/en/publications/communication/press-releases/2021/pre_20210325,anchor_statement,1.0
SNB_2021_03,SNB,2021-03-25,DOC_C23F906CDBC8,speech,Speeches,"Andréa M. Maechler / Thomas Moser, Member of the Governing Board / Alternate Member of the Governing Board COVID-19, financial markets and digital transformation ﻿",Andréa M. Maechler / Thomas Moser,2021-04-15,21,"data\SNB\Speeches\2021-04-15 - Andréa M. Maechler _ Thomas Moser - Andréa M. Maechler _ Thomas Moser, Member of the Governing Board _ Alternate Member of the Governing.txt",https://www.snb.ch/en/publications/communication/speeches/2021/ref_20210415_amrtmo,speech_after_meeting,0.7
SNB_2021_03,SNB,2021-03-25,DOC_9418C78AC2D6,speech,Speeches,"Barbara Janom Steiner, President of the Bank Council The Swiss National Bank - focusing on its statutory mandate in the interests of the country as a whole ﻿",Barbara Janom Steiner,2021-04-30,36,"data\SNB\Speeches\2021-04-30 - Barbara Janom Steiner - Barbara Janom Steiner, President of the Bank Council The Swiss National Bank - focusing on its statutory mandate.txt",https://www.snb.ch/en/publications/communication/speeches/2021/ref_20210430_jsb,speech_after_meeting,0.7
SNB_2021_03,SNB,2021-03-25,DOC_68DEE3EEFC74,speech,Speeches,"Thomas Jordan, Chairman of the Governing Board SNB distributions - not a matter of course even when profits are high ﻿",Thomas Jordan,2021-04-30,36,"data\SNB\Speeches\2021-04-30 - Thomas Jordan - Thomas Jordan, Chairman of the Governing Board SNB distributions - not a matter of course even when profits are high ﻿.txt",https://www.snb.ch/en/publications/communication/speeches/2021/ref_20210430_tjn,speech_after_meeting,0.7
SNB_2021_06,SNB,2021-06-17,DOC_343321C63DC6,speech,Speeches,"Andréa M. Maechler, Member of the Governing Board Introductory remarks, news conference ﻿",Andréa M. Maechler,2021-06-17,0,"data\SNB\Speeches\2021-06-17 - Andréa M. Maechler - Andréa M. Maechler, Member of the Governing Board Introductory remarks, news conference ﻿.txt",https://www.snb.ch/en/publications/communication/speeches/2021/ref_20210617_amr,speech_after_meeting,0.7
SNB_2021_06,SNB,2021-06-17,DOC_8B534F91AA42,speech,Speeches,"Fritz Zurbrügg, Vice Chairman of the Governing Board Introductory remarks, news conference ﻿",Fritz Zurbrügg,2021-06-17,0,"data\SNB\Speeches\2021-06-17 - Fritz Zurbrügg - Fritz Zurbrügg, Vice Chairman of the Governing Board Introductory remarks, news conference ﻿.txt",https://www.snb.ch/en/publications/communication/speeches/2021/ref_20210617_zur,speech_after_meeting,0.7
SNB_2021_06,SNB,2021-06-17,DOC_027D9E9AB942,speech,Speeches,"Thomas Jordan, Chairman of the Governing Board Introductory remarks, news conference ﻿",Thomas Jordan,2021-06-17,0,"data\SNB\Speeches\2021-06-17 - Thomas Jordan - Thomas Jordan, Chairman of the Governing Board Introductory remarks, news conference ﻿.txt",https://www.snb.ch/en/publications/communication/speeches/2021/ref_20210617_tjn,speech_after_meeting,0.7
SNB_2021_06,SNB,2021-06-17,DOC_512A3C6A35CE,statement,Monetary Policy,Monetary policy assessment of 17 June 2021,,2021-06-17,0,data\SNB\Monetary Policy\2021-06-17 - Monetary policy assessment of 17 June 2021.txt,https://www.snb.ch/en/publications/communication/press-releases/2021/pre_20210617_2,anchor_statement,1.0
SNB_2021_06,SNB,2021-06-17,DOC_8AC842E3C8D0,speech,Speeches,"Fritz Zurbrügg, Vice Chairman of the Governing Board Mortgage and real estate markets: Current developments pose risks to financial stability ﻿",Fritz Zurbrügg,2021-08-31,75,"data\SNB\Speeches\2021-08-31 - Fritz Zurbrügg - Fritz Zurbrügg, Vice Chairman of the Governing Board Mortgage and real estate markets_ Current developments pose risks t.txt",https://www.snb.ch/en/publications/communication/speeches/2021/ref_20210831_zur,speech_after_meeting,0.7
SNB_2021_09,SNB,2021-09-23,DOC_3217B8E9634B,speech,Speeches,"Thomas Jordan, Chairman of the Governing Board Fifth Karl Brunner Distinguished Lecture - Introduction of Carmen M. Reinhart ﻿",Thomas Jordan,2021-09-23,0,"data\SNB\Speeches\2021-09-23 - Thomas Jordan - Thomas Jordan, Chairman of the Governing Board Fifth Karl Brunner Distinguished Lecture - Introduction of Carmen M. Reinh.txt",https://www.snb.ch/en/publications/communication/speeches/2021/ref_20210923_tjn,speech_after_meeting,0.7
SNB_2021_09,SNB,2021-09-23,DOC_2EBDFA551C91,statement,Monetary Policy,Monetary policy assessment of 23 September 2021,,2021-09-23,0,data\SNB\Monetary Policy\2021-09-23 - Monetary policy assessment of 23 September 2021.txt,https://www.snb.ch/en/publications/communication/press-releases/2021/pre_20210923,anchor_statement,1.0
SNB_2021_09,SNB,2021-09-23,DOC_22D8740236EB,speech,Speeches,"Andréa M. Maechler / Thomas Moser, Member of the Governing Board / Alternate Member of the Governing Board Structural change in the foreign exchange market: implications for the SNB ﻿",Andréa M. Maechler / Thomas Moser,2021-11-11,49,"data\SNB\Speeches\2021-11-11 - Andréa M. Maechler _ Thomas Moser - Andréa M. Maechler _ Thomas Moser, Member of the Governing Board _ Alternate Member of the Governing.txt",https://www.snb.ch/en/publications/communication/speeches/2021/ref_20211111_amrtmo,speech_after_meeting,0.7
SNB_2021_12,SNB,2021-12-16,DOC_F84F14D6B9D4,speech,Speeches,"Andréa M. Maechler, Member of the Governing Board Introductory remarks, news conference ﻿",Andréa M. Maechler,2021-12-16,0,"data\SNB\Speeches\2021-12-16 - Andréa M. Maechler - Andréa M. Maechler, Member of the Governing Board Introductory remarks, news conference ﻿.txt",https://www.snb.ch/en/publications/communication/speeches/2021/ref_20211216_amr,speech_after_meeting,0.7
SNB_2021_12,SNB,2021-12-16,DOC_8A06AF0D723C,speech,Speeches,"Fritz Zurbrügg, Vice Chairman of the Governing Board Introductory remarks, news conference ﻿",Fritz Zurbrügg,2021-12-16,0,"data\SNB\Speeches\2021-12-16 - Fritz Zurbrügg - Fritz Zurbrügg, Vice Chairman of the Governing Board Introductory remarks, news conference ﻿.txt",https://www.snb.ch/en/publications/communication/speeches/2021/ref_20211216_zur,speech_after_meeting,0.7
SNB_2021_12,SNB,2021-12-16,DOC_A1315B8F0D06,speech,Speeches,"Thomas Jordan, Chairman of the Governing Board Introductory remarks, news conference ﻿",Thomas Jordan,2021-12-16,0,"data\SNB\Speeches\2021-12-16 - Thomas Jordan - Thomas Jordan, Chairman of the Governing Board Introductory remarks, news conference ﻿.txt",https://www.snb.ch/en/publications/communication/speeches/2021/ref_20211216_tjn,speech_after_meeting,0.7
SNB_2021_12,SNB,2021-12-16,DOC_218F43BC05E5,statement,Monetary Policy,Monetary policy assessment of 16 December 2021,,2021-12-16,0,data\SNB\Monetary Policy\2021-12-16 - Monetary policy assessment of 16 December 2021.txt,https://www.snb.ch/en/publications/communication/press-releases/2021/pre_20211216,anchor_statement,1.0
SNB_2022_03,SNB,2022-03-24,DOC_5DD0536F7DC9,statement,Monetary Policy,Monetary policy assessment of 24 March 2022,,2022-03-24,0,data\SNB\Monetary Policy\2022-03-24 - Monetary policy assessment of 24 March 2022.txt,https://www.snb.ch/en/publications/communication/press-releases/2022/pre_20220324,anchor_statement,1.0
SNB_2022_03,SNB,2022-03-24,DOC_0AEE934A78F7,speech,Speeches,"Fritz Zurbrügg, Vice Chairman of the Governing Board Macroprudential policy beyond the pandemic: Taking stock and looking ahead ﻿",Fritz Zurbrügg,2022-03-29,5,"data\SNB\Speeches\2022-03-29 - Fritz Zurbrügg - Fritz Zurbrügg, Vice Chairman of the Governing Board Macroprudential policy beyond the pandemic_ Taking stock and lookin.txt",https://www.snb.ch/en/publications/communication/speeches/2022/ref_20220329_zur,speech_after_meeting,0.7
SNB_2022_03,SNB,2022-03-24,DOC_9EE758D8F919,speech,Speeches,"Andréa M. Maechler / Thomas Moser, Member of the Governing Board / Alternate Member of the Governing Board Life after Libor: A new era of reference interest rates ﻿",Andréa M. Maechler / Thomas Moser,2022-03-31,7,"data\SNB\Speeches\2022-03-31 - Andréa M. Maechler _ Thomas Moser - Andréa M. Maechler _ Thomas Moser, Member of the Governing Board _ Alternate Member of the Governing.txt",https://www.snb.ch/en/publications/communication/speeches/2022/ref_20220331_amrtmo,speech_after_meeting,0.7
SNB_2022_03,SNB,2022-03-24,DOC_88846CF4BDB1,speech,Speeches,"Barbara Janom Steiner, President of the Bank Council Fulfilling its mandate in challenging times - the SNB is prepared ﻿",Barbara Janom Steiner,2022-04-29,36,"data\SNB\Speeches\2022-04-29 - Barbara Janom Steiner - Barbara Janom Steiner, President of the Bank Council Fulfilling its mandate in challenging times - the SNB is pre.txt",https://www.snb.ch/en/publications/communication/speeches/2022/ref_20220429_jsb,speech_after_meeting,0.7
SNB_2022_03,SNB,2022-03-24,DOC_021940B3A5F5,speech,Speeches,"Thomas Jordan, Chairman of the Governing Board What are the consequences of the war in Ukraine for the SNB's monetary policy? ﻿",Thomas Jordan,2022-04-29,36,"data\SNB\Speeches\2022-04-29 - Thomas Jordan - Thomas Jordan, Chairman of the Governing Board What are the consequences of the war in Ukraine for the SNB's monetary pol.txt",https://www.snb.ch/en/publications/communication/speeches/2022/ref_20220429_tjn,speech_after_meeting,0.7
SNB_2022_06,SNB,2022-06-16,DOC_6229C652421E,speech,Speeches,"Andréa M. Maechler, Member of the Governing Board Introductory remarks, news conference ﻿",Andréa M. Maechler,2022-06-16,0,"data\SNB\Speeches\2022-06-16 - Andréa M. Maechler - Andréa M. Maechler, Member of the Governing Board Introductory remarks, news conference ﻿.txt",https://www.snb.ch/en/publications/communication/speeches/2022/ref_20220616_amr,speech_after_meeting,0.7
SNB_2022_06,SNB,2022-06-16,DOC_2E94C9E6A2A7,speech,Speeches,"Fritz Zurbrügg, Vice Chairman of the Governing Board Introductory remarks, news conference ﻿",Fritz Zurbrügg,2022-06-16,0,"data\SNB\Speeches\2022-06-16 - Fritz Zurbrügg - Fritz Zurbrügg, Vice Chairman of the Governing Board Introductory remarks, news conference ﻿.txt",https://www.snb.ch/en/publications/communication/speeches/2022/ref_20220616_zur,speech_after_meeting,0.7
SNB_2022_06,SNB,2022-06-16,DOC_4AC2127B3DED,speech,Speeches,"Thomas Jordan, Chairman of the Governing Board Introductory remarks, news conference ﻿",Thomas Jordan,2022-06-16,0,"data\SNB\Speeches\2022-06-16 - Thomas Jordan - Thomas Jordan, Chairman of the Governing Board Introductory remarks, news conference ﻿.txt",https://www.snb.ch/en/publications/communication/speeches/2022/ref_20220616_tjn,speech_after_meeting,0.7
SNB_2022_06,SNB,2022-06-16,DOC_F5B35EA16F53,statement,Monetary Policy,Monetary policy assessment of 16 June 2022,,2022-06-16,0,data\SNB\Monetary Policy\2022-06-16 - Monetary policy assessment of 16 June 2022.txt,https://www.snb.ch/en/publications/communication/press-releases/2022/pre_20220616_2,anchor_statement,1.0
SNB_2022_06,SNB,2022-06-16,DOC_E88E71F66A2A,speech,Speeches,"Thomas Jordan, Chairman of the Governing Board Monetary policy under new constraints: challenges for the Swiss National Bank ﻿",Thomas Jordan,2022-08-27,72,"data\SNB\Speeches\2022-08-27 - Thomas Jordan - Thomas Jordan, Chairman of the Governing Board Monetary policy under new constraints_ challenges for the Swiss National B.txt",https://www.snb.ch/en/publications/communication/speeches/2022/ref_20220827_tjn,speech_after_meeting,0.7
SNB_2022_06,SNB,2022-06-16,DOC_8D58EE4E2A68,speech,Speeches,"Thomas Jordan, Chairman of the Governing Board Carl Menger Award Ceremony 2022: Introductory remarks ﻿",Thomas Jordan,2022-09-13,89,"data\SNB\Speeches\2022-09-13 - Thomas Jordan - Thomas Jordan, Chairman of the Governing Board Carl Menger Award Ceremony 2022_ Introductory remarks ﻿.txt",https://www.snb.ch/en/publications/communication/speeches/2022/ref_20220913_tjn,speech_after_meeting,0.7
SNB_2022_09,SNB,2022-09-22,DOC_64FB75437D67,speech,Speeches,"Andréa M. Maechler, Member of the Governing Board Introductory remarks, news conference ﻿",Andréa M. Maechler,2022-09-22,0,"data\SNB\Speeches\2022-09-22 - Andréa M. Maechler - Andréa M. Maechler, Member of the Governing Board Introductory remarks, news conference ﻿.txt",https://www.snb.ch/en/publications/communication/speeches/2022/ref_20220922_amr,speech_after_meeting,0.7
SNB_2022_09,SNB,2022-09-22,DOC_92FCC5BFD52D,speech,Speeches,"Martin Schlegel, Vice Chairman of the Governing Board Introductory remarks, news conference ﻿",Martin Schlegel,2022-09-22,0,"data\SNB\Speeches\2022-09-22 - Martin Schlegel - Martin Schlegel, Vice Chairman of the Governing Board Introductory remarks, news conference ﻿.txt",https://www.snb.ch/en/publications/communication/speeches/2022/ref_20220922_msl,speech_after_meeting,0.7
SNB_2022_09,SNB,2022-09-22,DOC_BC540DE63D3D,speech,Speeches,"Thomas Jordan, Chairman of the Governing Board Introductory remarks, news conference ﻿",Thomas Jordan,2022-09-22,0,"data\SNB\Speeches\2022-09-22 - Thomas Jordan - Thomas Jordan, Chairman of the Governing Board Introductory remarks, news conference ﻿.txt",https://www.snb.ch/en/publications/communication/speeches/2022/ref_20220922_tjn_1,speech_after_meeting,0.7
SNB_2022_09,SNB,2022-09-22,DOC_B70BCA476381,speech,Speeches,"Thomas Jordan, Chairman of the Governing Board Sixth Karl Brunner Distinguished Lecture - Introduction of Benjamin M. Friedman ﻿",Thomas Jordan,2022-09-22,0,"data\SNB\Speeches\2022-09-22 - Thomas Jordan - Thomas Jordan, Chairman of the Governing Board Sixth Karl Brunner Distinguished Lecture - Introduction of Benjamin M. Fri.txt",https://www.snb.ch/en/publications/communication/speeches/2022/ref_20220922_tjn_2,speech_after_meeting,0.7
SNB_2022_09,SNB,2022-09-22,DOC_A347AC867C0C,statement,Monetary Policy,Monetary policy assessment of 22 September 2022,,2022-09-22,0,data\SNB\Monetary Policy\2022-09-22 - Monetary policy assessment of 22 September 2022.txt,https://www.snb.ch/en/publications/communication/press-releases/2022/pre_20220922,anchor_statement,1.0
SNB_2022_09,SNB,2022-09-22,DOC_2678A6EB78CD,speech,Speeches,"Thomas Jordan, Chairman of the Governing Board Safeguarding the principles of regulatory policy ﻿",Thomas Jordan,2022-09-23,1,"data\SNB\Speeches\2022-09-23 - Thomas Jordan - Thomas Jordan, Chairman of the Governing Board Safeguarding the principles of regulatory policy ﻿.txt",https://www.snb.ch/en/publications/communication/speeches/2022/ref_20220923_tjn,speech_after_meeting,0.7
SNB_2022_09,SNB,2022-09-22,DOC_6572326E5008,speech,Speeches,"Thomas Jordan, Chairman of the Governing Board Current challenges to central banks' independence ﻿",Thomas Jordan,2022-10-11,19,"data\SNB\Speeches\2022-10-11 - Thomas Jordan - Thomas Jordan, Chairman of the Governing Board Current challenges to central banks' independence ﻿.txt",https://www.snb.ch/en/publications/communication/speeches/2022/ref_20221011_tjn,speech_after_meeting,0.7
SNB_2022_09,SNB,2022-09-22,DOC_A5BD1793BB2A,speech,Speeches,"Thomas Jordan, Chairman of the Governing Board Decision-making under uncertainty: The importance of pragmatism, consistency and determination ﻿",Thomas Jordan,2022-11-08,47,"data\SNB\Speeches\2022-11-08 - Thomas Jordan - Thomas Jordan, Chairman of the Governing Board Decision-making under uncertainty_ The importance of pragmatism, consisten.txt",https://www.snb.ch/en/publications/communication/speeches/2022/ref_20221108_tjn,speech_after_meeting,0.7
SNB_2022_09,SNB,2022-09-22,DOC_50D23A5A8220,speech,Speeches,"Andréa M. Maechler / Thomas Moser, Member of the Governing Board / Alternate Member of the Governing Board Return to positive interest rates: Why reserve tiering? ﻿",Andréa M. Maechler / Thomas Moser,2022-11-17,56,"data\SNB\Speeches\2022-11-17 - Andréa M. Maechler _ Thomas Moser - Andréa M. Maechler _ Thomas Moser, Member of the Governing Board _ Alternate Member of the Governing.txt",https://www.snb.ch/en/publications/communication/speeches/2022/ref_20221117_amrtmo,speech_after_meeting,0.7
SNB_2022_09,SNB,2022-09-22,DOC_F7E6EDFCBF53,speech,Speeches,"Martin Schlegel, Vice Chairman of the Governing Board Popular, but under pressure - cash in the digital age ﻿",Martin Schlegel,2022-11-29,68,"data\SNB\Speeches\2022-11-29 - Martin Schlegel - Martin Schlegel, Vice Chairman of the Governing Board Popular, but under pressure - cash in the digital age ﻿.txt",https://www.snb.ch/en/publications/communication/speeches/2022/ref_20221129_msl,speech_after_meeting,0.7
SNB_2022_12,SNB,2022-12-15,DOC_F5DC349BFAC0,speech,Speeches,"Andréa M. Maechler, Member of the Governing Board Introductory remarks, news conference ﻿",Andréa M. Maechler,2022-12-15,0,"data\SNB\Speeches\2022-12-15 - Andréa M. Maechler - Andréa M. Maechler, Member of the Governing Board Introductory remarks, news conference ﻿.txt",https://www.snb.ch/en/publications/communication/speeches/2022/ref_20221215_amr,speech_after_meeting,0.7
SNB_2022_12,SNB,2022-12-15,DOC_25E55B0731DD,speech,Speeches,"Martin Schlegel, Vice Chairman of the Governing Board Introductory remarks, news conference ﻿",Martin Schlegel,2022-12-15,0,"data\SNB\Speeches\2022-12-15 - Martin Schlegel - Martin Schlegel, Vice Chairman of the Governing Board Introductory remarks, news conference ﻿.txt",https://www.snb.ch/en/publications/communication/speeches/2022/ref_20221215_msl,speech_after_meeting,0.7
SNB_2022_12,SNB,2022-12-15,DOC_5A0AC64D9E3C,speech,Speeches,"Thomas Jordan, Chairman of the Governing Board Introductory remarks, news conference ﻿",Thomas Jordan,2022-12-15,0,"data\SNB\Speeches\2022-12-15 - Thomas Jordan - Thomas Jordan, Chairman of the Governing Board Introductory remarks, news conference ﻿.txt",https://www.snb.ch/en/publications/communication/speeches/2022/ref_20221215_tjn,speech_after_meeting,0.7
SNB_2022_12,SNB,2022-12-15,DOC_8912235BE406,statement,Monetary Policy,Monetary policy assessment of 15 December 2022,,2022-12-15,0,data\SNB\Monetary Policy\2022-12-15 - Monetary policy assessment of 15 December 2022.txt,https://www.snb.ch/en/publications/communication/press-releases/2022/pre_20221215,anchor_statement,1.0
SNB_2023_03,SNB,2023-03-23,DOC_D145F1C5AC14,speech,Speeches,"Thomas Jordan / Martin Schlegel / Andréa M. Maechler, Chairman of the Governing Board / Vice Chairman of the Governing Board / Member of the Governing Board Introductory remarks, news conference ﻿",Andréa M. Maechler,2023-03-23,0,"data\SNB\Speeches\2023-03-23 - Andréa M. Maechler - Thomas Jordan _ Martin Schlegel _ Andréa M. Maechler, Chairman of the Governing Board _ Vice Chairman of the Governi.txt",https://www.snb.ch/en/publications/communication/speeches/2023/ref_20230323_tjnmslamr,speech_after_meeting,0.7
SNB_2023_03,SNB,2023-03-23,DOC_364CEF525979,statement,Monetary Policy,Monetary policy assessment of 23 March 2023,,2023-03-23,0,data\SNB\Monetary Policy\2023-03-23 - Monetary policy assessment of 23 March 2023.txt,https://www.snb.ch/en/publications/communication/press-releases/2023/pre_20230323,anchor_statement,1.0
SNB_2023_03,SNB,2023-03-23,DOC_2B3BB25C0882,speech,Speeches,"Andréa M. Maechler / Thomas Moser, Member of the Governing Board / Alternate Member of the Governing Board Swiss Payments Vision - an ecosystem for future-proof payments ﻿",Andréa M. Maechler / Thomas Moser,2023-03-30,7,"data\SNB\Speeches\2023-03-30 - Andréa M. Maechler _ Thomas Moser - Andréa M. Maechler _ Thomas Moser, Member of the Governing Board _ Alternate Member of the Governing.txt",https://www.snb.ch/en/publications/communication/speeches/2023/ref_20230330_amrtmo,speech_after_meeting,0.7
SNB_2023_03,SNB,2023-03-23,DOC_6171FB859A4B,speech,Speeches,"Barbara Janom Steiner, President of the Bank Council Annual loss for the SNB in 2022 - reasons, significance and consequences ﻿",Barbara Janom Steiner,2023-04-28,36,"data\SNB\Speeches\2023-04-28 - Barbara Janom Steiner - Barbara Janom Steiner, President of the Bank Council Annual loss for the SNB in 2022 - reasons, significance and.txt",https://www.snb.ch/en/publications/communication/speeches/2023/ref_20230428_jsb,speech_after_meeting,0.7
SNB_2023_03,SNB,2023-03-23,DOC_5BD00AFB359A,speech,Speeches,"Thomas Jordan, Chairman of the Governing Board Price and financial stability - a demanding year for the SNB ﻿",Thomas Jordan,2023-04-28,36,"data\SNB\Speeches\2023-04-28 - Thomas Jordan - Thomas Jordan, Chairman of the Governing Board Price and financial stability - a demanding year for the SNB ﻿.txt",https://www.snb.ch/en/publications/communication/speeches/2023/ref_20230428_tjn,speech_after_meeting,0.7
SNB_2023_06,SNB,2023-06-22,DOC_40CBCA9B213B,speech,Speeches,"Thomas Jordan / Martin Schlegel / Andréa M. Maechler, Chairman of the Governing Board / Vice Chairman of the Governing Board / Member of the Governing Board Introductory remarks, news conference ﻿",Andréa M. Maechler,2023-06-22,0,"data\SNB\Speeches\2023-06-22 - Andréa M. Maechler - Thomas Jordan _ Martin Schlegel _ Andréa M. Maechler, Chairman of the Governing Board _ Vice Chairman of the Governi.txt",https://www.snb.ch/en/publications/communication/speeches/2023/ref_20230622_tjnmslamr,speech_after_meeting,0.7
SNB_2023_06,SNB,2023-06-22,DOC_3B86FB1567A8,statement,Monetary Policy,Monetary policy assessment of 22 June 2023,,2023-06-22,0,data\SNB\Monetary Policy\2023-06-22 - Monetary policy assessment of 22 June 2023.txt,https://www.snb.ch/en/publications/communication/press-releases/2023/pre_20230622,anchor_statement,1.0
SNB_2023_09,SNB,2023-09-21,DOC_BC27C0A9D13F,speech,Speeches,"Thomas Jordan / Martin Schlegel / Thomas Moser, Chairman of the Governing Board / Vice Chairman of the Governing Board / Alternate Member of the Governing Board Introductory remarks, news conference ﻿",Thomas Moser,2023-09-21,0,"data\SNB\Speeches\2023-09-21 - Thomas Moser - Thomas Jordan _ Martin Schlegel _ Thomas Moser, Chairman of the Governing Board _ Vice Chairman of the Governing Board _ A.txt",https://www.snb.ch/en/publications/communication/speeches/2023/ref_20230921_tjnmsltmo,speech_after_meeting,0.7
SNB_2023_09,SNB,2023-09-21,DOC_133953CBE054,statement,Monetary Policy,Monetary policy assessment of 21 September 2023,,2023-09-21,0,data\SNB\Monetary Policy\2023-09-21 - Monetary policy assessment of 21 September 2023.txt,https://www.snb.ch/en/publications/communication/press-releases/2023/pre_20230921,anchor_statement,1.0
SNB_2023_09,SNB,2023-09-21,DOC_D177083B95FC,speech,Speeches,"Thomas Jordan, Chairman of the Governing Board Seventh Karl Brunner Distinguished Lecture - Introduction of Markus K. Brunnermeier ﻿",Thomas Jordan,2023-09-28,7,"data\SNB\Speeches\2023-09-28 - Thomas Jordan - Thomas Jordan, Chairman of the Governing Board Seventh Karl Brunner Distinguished Lecture - Introduction of Markus K. Bru.txt",https://www.snb.ch/en/publications/communication/speeches/2023/ref_20230928_tjn,speech_after_meeting,0.7
SNB_2023_09,SNB,2023-09-21,DOC_B78AA6C604FA,speech,Speeches,"Thomas Jordan, Chairman of the Governing Board The SNB's role as lender of last resort in the crisis at Credit Suisse ﻿",Thomas Jordan,2023-11-01,41,"data\SNB\Speeches\2023-11-01 - Thomas Jordan - Thomas Jordan, Chairman of the Governing Board The SNB's role as lender of last resort in the crisis at Credit Suisse ﻿.txt",https://www.snb.ch/en/publications/communication/speeches/2023/ref_20231101_tjn,speech_after_meeting,0.7
SNB_2023_09,SNB,2023-09-21,DOC_E6BC334D2685,speech,Speeches,"Martin Schlegel, Vice Chairman of the Governing Board A pillar of financial stability - The SNB's role as lender of last resort ﻿",Martin Schlegel,2023-11-09,49,"data\SNB\Speeches\2023-11-09 - Martin Schlegel - Martin Schlegel, Vice Chairman of the Governing Board A pillar of financial stability - The SNB's role as lender of las.txt",https://www.snb.ch/en/publications/communication/speeches/2023/ref_20231109_msl,speech_after_meeting,0.7
SNB_2023_09,SNB,2023-09-21,DOC_FEF3A46EDDB2,speech,Speeches,"Thomas Moser, Alternate Member of the Governing Board Implementing monetary policy with positive interest rates and a large balance sheet: First experiences ﻿",Thomas Moser,2023-11-09,49,"data\SNB\Speeches\2023-11-09 - Thomas Moser - Thomas Moser, Alternate Member of the Governing Board Implementing monetary policy with positive interest rates and a larg.txt",https://www.snb.ch/en/publications/communication/speeches/2023/ref_20231109_tmo,speech_after_meeting,0.7
SNB_2023_09,SNB,2023-09-21,DOC_9D83243B0EA4,speech,Speeches,"Thomas Jordan, Chairman of the Governing Board Policy-making under uncertainty: The importance of maintaining a medium-term orientation ﻿",Thomas Jordan,2023-11-14,54,"data\SNB\Speeches\2023-11-14 - Thomas Jordan - Thomas Jordan, Chairman of the Governing Board Policy-making under uncertainty_ The importance of maintaining a medium-te.txt",https://www.snb.ch/en/publications/communication/speeches/2023/ref_20231114_tjn,speech_after_meeting,0.7
SNB_2023_09,SNB,2023-09-21,DOC_483FB6023650,speech,Speeches,"Thomas Jordan, Chairman of the Governing Board Independence in research and monetary policy - a critical success factor for Switzerland ﻿",Thomas Jordan,2023-11-18,58,"data\SNB\Speeches\2023-11-18 - Thomas Jordan - Thomas Jordan, Chairman of the Governing Board Independence in research and monetary policy - a critical success factor f.txt",https://www.snb.ch/en/publications/communication/speeches/2023/ref_20231118_tjn,speech_after_meeting,0.7
SNB_2023_12,SNB,2023-12-14,DOC_3E96E5EDA6C5,speech,Speeches,"Thomas Jordan / Martin Schlegel / Thomas Moser, Chairman of the Governing Board / Vice Chairman of the Governing Board / Alternate Member of the Governing Board Introductory remarks, news conference ﻿",Thomas Moser,2023-12-14,0,"data\SNB\Speeches\2023-12-14 - Thomas Moser - Thomas Jordan _ Martin Schlegel _ Thomas Moser, Chairman of the Governing Board _ Vice Chairman of the Governing Board _ A.txt",https://www.snb.ch/en/publications/communication/speeches-restricted/ref_20231214_tjnmsltmo,speech_after_meeting,0.7
SNB_2023_12,SNB,2023-12-14,DOC_D81573691747,statement,Monetary Policy,Monetary policy assessment of 14 December 2023,,2023-12-14,0,data\SNB\Monetary Policy\2023-12-14 - Monetary policy assessment of 14 December 2023.txt,https://www.snb.ch/en/publications/communication/press-releases-restricted/pre_20231214,anchor_statement,1.0
SNB_2024_03,SNB,2024-03-21,DOC_A596B30D8827,speech,Speeches,"Thomas Jordan / Martin Schlegel / Antoine Martin, Chairman of the Governing Board / Vice Chairman of the Governing Board / Member of the Governing Board Introductory remarks, news conference ﻿",Antoine Martin,2024-03-21,0,"data\SNB\Speeches\2024-03-21 - Antoine Martin - Thomas Jordan _ Martin Schlegel _ Antoine Martin, Chairman of the Governing Board _ Vice Chairman of the Governing Board.txt",https://www.snb.ch/en/publications/communication/speeches-restricted/ref_20240321_tjnmslanmar,speech_after_meeting,0.7
SNB_2024_03,SNB,2024-03-21,DOC_9F2870209F27,statement,Monetary Policy,Monetary policy assessment of 21 March 2024,,2024-03-21,0,data\SNB\Monetary Policy\2024-03-21 - Monetary policy assessment of 21 March 2024.txt,https://www.snb.ch/en/publications/communication/press-releases-restricted/pre_20240321,anchor_statement,1.0
SNB_2024_03,SNB,2024-03-21,DOC_41C454B2DA0C,speech,Speeches,"Thomas Jordan, Chairman of the Governing Board Towards the future monetary system ﻿",Thomas Jordan,2024-04-08,18,"data\SNB\Speeches\2024-04-08 - Thomas Jordan - Thomas Jordan, Chairman of the Governing Board Towards the future monetary system ﻿.txt",https://www.snb.ch/en/publications/communication/speeches/2024/ref_20240408_tjn,speech_after_meeting,0.7
SNB_2024_03,SNB,2024-03-21,DOC_F605820D2D41,speech,Speeches,"Martin Schlegel, Vice Chairman of the Governing Board Interest rates and foreign exchange interventions: Achieving price stability in challenging times ﻿",Martin Schlegel,2024-04-09,19,"data\SNB\Speeches\2024-04-09 - Martin Schlegel - Martin Schlegel, Vice Chairman of the Governing Board Interest rates and foreign exchange interventions_ Achieving pric.txt",https://www.snb.ch/en/publications/communication/speeches/2024/ref_20240409_msl,speech_after_meeting,0.7
SNB_2024_03,SNB,2024-03-21,DOC_CACC1C05FC08,speech,Speeches,"Antoine Martin / Thomas Moser, Member of the Governing Board / Alternate Member of the Governing Board The implementation and transmission of the SNB's monetary policy during the recent tightening cycle ﻿",Antoine Martin / Thomas Moser,2024-04-18,28,"data\SNB\Speeches\2024-04-18 - Antoine Martin _ Thomas Moser - Antoine Martin _ Thomas Moser, Member of the Governing Board _ Alternate Member of the Governing Board Th.txt",https://www.snb.ch/en/publications/communication/speeches/2024/ref_20240418_anmartmo,speech_after_meeting,0.7
SNB_2024_03,SNB,2024-03-21,DOC_537FBC7DAAF3,speech,Speeches,"Barbara Janom Steiner, President of the Bank Council A robust institutional framework as the foundation for success ﻿",Barbara Janom Steiner,2024-04-26,36,"data\SNB\Speeches\2024-04-26 - Barbara Janom Steiner - Barbara Janom Steiner, President of the Bank Council A robust institutional framework as the foundation for succe.txt",https://www.snb.ch/en/publications/communication/speeches/2024/ref_20240426_jsb,speech_after_meeting,0.7
SNB_2024_03,SNB,2024-03-21,DOC_A03301FFB822,speech,Speeches,"Thomas Jordan, Chairman of the Governing Board Price stability thanks to forward-looking monetary policy ﻿",Thomas Jordan,2024-04-26,36,"data\SNB\Speeches\2024-04-26 - Thomas Jordan - Thomas Jordan, Chairman of the Governing Board Price stability thanks to forward-looking monetary policy ﻿.txt",https://www.snb.ch/en/publications/communication/speeches/2024/ref_20240426_tjn,speech_after_meeting,0.7
SNB_2024_03,SNB,2024-03-21,DOC_A63BCFABFA99,speech,Speeches,"Thomas Jordan, Chairman of the Governing Board Project Helvetia III - The SNB's pilot for wholesale CBDC ﻿",Thomas Jordan,2024-05-06,46,"data\SNB\Speeches\2024-05-06 - Thomas Jordan - Thomas Jordan, Chairman of the Governing Board Project Helvetia III - The SNB's pilot for wholesale CBDC ﻿.txt",https://www.snb.ch/en/publications/communication/speeches/2024/ref_20240506_tjn,speech_after_meeting,0.7
SNB_2024_03,SNB,2024-03-21,DOC_0A39EA75F1CA,speech,Speeches,"Thomas Jordan, Chairman of the Governing Board The natural rate of interest (r*) as a reference point for monetary policy - a practitioner's view ﻿",Thomas Jordan,2024-05-30,70,"data\SNB\Speeches\2024-05-30 - Thomas Jordan - Thomas Jordan, Chairman of the Governing Board The natural rate of interest (r_) as a reference point for monetary policy.txt",https://www.snb.ch/en/publications/communication/speeches/2024/ref_20240530_tjn,speech_after_meeting,0.7
SNB_2024_06,SNB,2024-06-20,DOC_D9321B78058D,speech,Speeches,"Thomas Jordan / Martin Schlegel / Antoine Martin, Chairman of the Governing Board / Vice Chairman of the Governing Board / Member of the Governing Board Introductory remarks, news conference ﻿",Antoine Martin,2024-06-20,0,"data\SNB\Speeches\2024-06-20 - Antoine Martin - Thomas Jordan _ Martin Schlegel _ Antoine Martin, Chairman of the Governing Board _ Vice Chairman of the Governing Board.txt",https://www.snb.ch/en/publications/communication/speeches-restricted/ref_20240620_tjnmslanmar,speech_after_meeting,0.7
SNB_2024_06,SNB,2024-06-20,DOC_79584DA71B1E,statement,Monetary Policy,Monetary policy assessment of 20 June 2024,,2024-06-20,0,data\SNB\Monetary Policy\2024-06-20 - Monetary policy assessment of 20 June 2024.txt,https://www.snb.ch/en/publications/communication/press-releases-restricted/pre_20240620,anchor_statement,1.0
SNB_2024_09,SNB,2024-09-26,DOC_59BEB5BD708D,speech,Speeches,"Thomas Jordan / Martin Schlegel / Antoine Martin, Chairman of the Governing Board / Vice Chairman of the Governing Board / Member of the Governing Board Introductory remarks, news conference ﻿",Antoine Martin,2024-09-26,0,"data\SNB\Speeches\2024-09-26 - Antoine Martin - Thomas Jordan _ Martin Schlegel _ Antoine Martin, Chairman of the Governing Board _ Vice Chairman of the Governing Board.txt",https://www.snb.ch/en/publications/communication/speeches-restricted/ref_20240926_tjnmslanmar,speech_after_meeting,0.7
SNB_2024_09,SNB,2024-09-26,DOC_546A67A88DB6,statement,Monetary Policy,Monetary policy assessment of 26 September 2024,,2024-09-26,0,data\SNB\Monetary Policy\2024-09-26 - Monetary policy assessment of 26 September 2024.txt,https://www.snb.ch/en/publications/communication/press-releases-restricted/pre_20240926,anchor_statement,1.0
SNB_2024_09,SNB,2024-09-26,DOC_F71446233E49,speech,Speeches,"Martin Schlegel, Chairman of the Governing Board Eighth Karl Brunner Distinguished Lecture - Introduction of Kristin J. Forbes ﻿",Martin Schlegel,2024-10-03,7,"data\SNB\Speeches\2024-10-03 - Martin Schlegel - Martin Schlegel, Chairman of the Governing Board Eighth Karl Brunner Distinguished Lecture - Introduction of Kristin J.txt",https://www.snb.ch/en/publications/communication/speeches/2024/ref_20241003_msl,speech_after_meeting,0.7
SNB_2024_09,SNB,2024-09-26,DOC_8C78865C1D80,speech,Speeches,"Martin Schlegel / Sébastien Kraenzlin, Chairman of the Governing Board / Alternate Member of the Governing Board SNB to develop new banknote series ﻿",Martin Schlegel / Sébastien Kraenzlin,2024-10-30,34,"data\SNB\Speeches\2024-10-30 - Martin Schlegel _ Sébastien Kraenzlin - Martin Schlegel _ Sébastien Kraenzlin, Chairman of the Governing Board _ Alternate Member of the.txt",https://www.snb.ch/en/publications/communication/speeches/2024/ref_20241030_mslskr,speech_after_meeting,0.7
SNB_2024_09,SNB,2024-09-26,DOC_B44CE4DA58E5,speech,Speeches,"Petra Tschudin / Thomas Moser, Member of the Governing Board / Alternate Member of the Governing Board The Swiss repo market at 25: A success story for the financial centre and the SNB ﻿",Petra Tschudin / Thomas Moser,2024-11-21,56,"data\SNB\Speeches\2024-11-21 - Petra Tschudin _ Thomas Moser - Petra Tschudin _ Thomas Moser, Member of the Governing Board _ Alternate Member of the Governing Board Th.txt",https://www.snb.ch/en/publications/communication/speeches/2024/ref_20241121_gpetmo,speech_after_meeting,0.7
SNB_2024_09,SNB,2024-09-26,DOC_DAD8CECB72F8,speech,Speeches,"Martin Schlegel, Chairman of the Governing Board Maintaining price stability in a small open economy with a safe-haven currency ﻿",Martin Schlegel,2024-11-22,57,"data\SNB\Speeches\2024-11-22 - Martin Schlegel - Martin Schlegel, Chairman of the Governing Board Maintaining price stability in a small open economy with a safe-haven.txt",https://www.snb.ch/en/publications/communication/speeches/2024/ref_20241122_msl,speech_after_meeting,0.7
SNB_2024_12,SNB,2024-12-12,DOC_EE8490D2D683,speech,Speeches,"Martin Schlegel / Antoine Martin / Petra Tschudin, Chairman of the Governing Board / Vice Chairman of the Governing Board / Member of the Governing Board Introductory remarks, news conference ﻿",Petra Tschudin,2024-12-12,0,"data\SNB\Speeches\2024-12-12 - Petra Tschudin - Martin Schlegel _ Antoine Martin _ Petra Tschudin, Chairman of the Governing Board _ Vice Chairman of the Governing Boar.txt",https://www.snb.ch/en/publications/communication/speeches-restricted/ref_20241212_mslanmargpe,speech_after_meeting,0.7
SNB_2024_12,SNB,2024-12-12,DOC_C4A75F6B4E17,statement,Monetary Policy,Monetary policy assessment of 12 December 2024,,2024-12-12,0,data\SNB\Monetary Policy\2024-12-12 - Monetary policy assessment of 12 December 2024.txt,https://www.snb.ch/en/publications/communication/press-releases-restricted/pre_20241212,anchor_statement,1.0
SNB_2025_03,SNB,2025-03-20,DOC_BD940D7FAB55,speech,Speeches,"Martin Schlegel / Antoine Martin / Petra Tschudin, Chairman of the Governing Board / Vice Chairman of the Governing Board / Member of the Governing Board Introductory remarks, news conference ﻿",Petra Tschudin,2025-03-20,0,"data\SNB\Speeches\2025-03-20 - Petra Tschudin - Martin Schlegel _ Antoine Martin _ Petra Tschudin, Chairman of the Governing Board _ Vice Chairman of the Governing Boar.txt",https://www.snb.ch/en/publications/communication/speeches-restricted/ref_20250320_mslanmargpe,speech_after_meeting,0.7
SNB_2025_03,SNB,2025-03-20,DOC_0B31EF8C2E31,statement,Monetary Policy,Monetary policy assessment of 20 March 2025,,2025-03-20,0,data\SNB\Monetary Policy\2025-03-20 - Monetary policy assessment of 20 March 2025.txt,https://www.snb.ch/en/publications/communication/press-releases-restricted/pre_20250320,anchor_statement,1.0
SNB_2025_03,SNB,2025-03-20,DOC_C999F2DF10D9,speech,Speeches,"Petra Tschudin / Thomas Moser, Member of the Governing Board / Alternate Member of the Governing Board Fast and available round the clock: What instant payments mean for households, companies and financial institutions ﻿",Petra Tschudin / Thomas Moser,2025-04-10,21,"data\SNB\Speeches\2025-04-10 - Petra Tschudin _ Thomas Moser - Petra Tschudin _ Thomas Moser, Member of the Governing Board _ Alternate Member of the Governing Board Fa.txt",https://www.snb.ch/en/publications/communication/speeches/2025/ref_20250410_gpetmo,speech_after_meeting,0.7
SNB_2025_03,SNB,2025-03-20,DOC_A87B880E8415,speech,Speeches,"Barbara Janom Steiner, President of the Bank Council Equity comes before distributions, and why a sovereign wealth fund is not a good idea ﻿",Barbara Janom Steiner,2025-04-25,36,"data\SNB\Speeches\2025-04-25 - Barbara Janom Steiner - Barbara Janom Steiner, President of the Bank Council Equity comes before distributions, and why a sovereign wealt.txt",https://www.snb.ch/en/publications/communication/speeches/2025/ref_20250425_jsb,speech_after_meeting,0.7
SNB_2025_03,SNB,2025-03-20,DOC_CE358F7415E2,speech,Speeches,"Martin Schlegel, Chairman of the Governing Board Price stability benefits all ﻿",Martin Schlegel,2025-04-25,36,"data\SNB\Speeches\2025-04-25 - Martin Schlegel - Martin Schlegel, Chairman of the Governing Board Price stability benefits all ﻿.txt",https://www.snb.ch/en/publications/communication/speeches/2025/ref_20250425_msl,speech_after_meeting,0.7
SNB_2025_03,SNB,2025-03-20,DOC_B5B2C7066D8D,speech,Speeches,"Antoine Martin, Vice Chairman of the Governing Board The Extended Liquidity Facility (ELF): the next step in the SNB's liquidity support to banks ﻿",Antoine Martin,2025-04-29,40,"data\SNB\Speeches\2025-04-29 - Antoine Martin - Antoine Martin, Vice Chairman of the Governing Board The Extended Liquidity Facility (ELF)_ the next step in the SNB's l.txt",https://www.snb.ch/en/publications/communication/speeches/2025/ref_20250429_anmar,speech_after_meeting,0.7
SNB_2025_03,SNB,2025-03-20,DOC_8E72525CCF67,speech,Speeches,"Martin Schlegel, Chairman of the Governing Board Introductory remarks, TBTF news conference ﻿",Martin Schlegel,2025-06-06,78,"data\SNB\Speeches\2025-06-06 - Martin Schlegel - Martin Schlegel, Chairman of the Governing Board Introductory remarks, TBTF news conference ﻿.txt",https://www.snb.ch/en/publications/communication/speeches-restricted/ref_20250606_msl,speech_after_meeting,0.7
SNB_2025_06,SNB,2025-06-19,DOC_25CA621CFC39,speech,Speeches,"Martin Schlegel / Antoine Martin / Petra Tschudin, Chairman of the Governing Board / Vice Chairman of the Governing Board / Member of the Governing Board Introductory remarks, news conference ﻿",Petra Tschudin,2025-06-19,0,"data\SNB\Speeches\2025-06-19 - Petra Tschudin - Martin Schlegel _ Antoine Martin _ Petra Tschudin, Chairman of the Governing Board _ Vice Chairman of the Governing Boar.txt",https://www.snb.ch/en/publications/communication/speeches-restricted/ref_20250619_mslanmargpe,speech_after_meeting,0.7
SNB_2025_06,SNB,2025-06-19,DOC_40EAC689D7E2,statement,Monetary Policy,Monetary policy assessment of 19 June 2025,,2025-06-19,0,data\SNB\Monetary Policy\2025-06-19 - Monetary policy assessment of 19 June 2025.txt,https://www.snb.ch/en/publications/communication/press-releases-restricted/pre_20250619_2,anchor_statement,1.0
SNB_2025_06,SNB,2025-06-19,DOC_8626D57D8102,speech,Speeches,"Martin Schlegel, Chairman of the Governing Board Communication - an important element in fulfilling the SNB's mandate ﻿",Martin Schlegel,2025-09-10,83,"data\SNB\Speeches\2025-09-10 - Martin Schlegel - Martin Schlegel, Chairman of the Governing Board Communication - an important element in fulfilling the SNB's mandate ﻿.txt",https://www.snb.ch/en/publications/communication/speeches/2025/ref_20250910_msl,speech_after_meeting,0.7
SNB_2025_09,SNB,2025-09-25,DOC_07E52CB9170F,speech,Speeches,"Martin Schlegel / Antoine Martin / Petra Tschudin, Chairman of the Governing Board / Vice Chairman of the Governing Board / Member of the Governing Board Introductory remarks, news conference ﻿",Petra Tschudin,2025-09-25,0,"data\SNB\Speeches\2025-09-25 - Petra Tschudin - Martin Schlegel _ Antoine Martin _ Petra Tschudin, Chairman of the Governing Board _ Vice Chairman of the Governing Boar.txt",https://www.snb.ch/en/publications/communication/speeches-restricted/ref_20250925_mslanmargpe,speech_after_meeting,0.7
SNB_2025_09,SNB,2025-09-25,DOC_92F970406A8F,statement,Monetary Policy,Monetary policy assessment of 25 September 2025,,2025-09-25,0,data\SNB\Monetary Policy\2025-09-25 - Monetary policy assessment of 25 September 2025.txt,https://www.snb.ch/en/publications/communication/press-releases-restricted/pre_20250925,anchor_statement,1.0
SNB_2025_09,SNB,2025-09-25,DOC_93CA7554BD0C,speech,Speeches,"Martin Schlegel, Chairman of the Governing Board Situation économique et politique monétaire ﻿",Martin Schlegel,2025-09-30,5,"data\SNB\Speeches\2025-09-30 - Martin Schlegel - Martin Schlegel, Chairman of the Governing Board Situation économique et politique monétaire ﻿.txt",https://www.snb.ch/en/publications/communication/speeches/2025/ref_20250930_msl,speech_after_meeting,0.7
SNB_2025_09,SNB,2025-09-25,DOC_7F83D0577A36,speech,Speeches,"Petra Tschudin, Member of the Governing Board Current economic situation and monetary policy ﻿",Petra Tschudin,2025-09-30,5,"data\SNB\Speeches\2025-09-30 - Petra Tschudin - Petra Tschudin, Member of the Governing Board Current economic situation and monetary policy ﻿.txt",https://www.snb.ch/en/publications/communication/speeches/2025/ref_20250930_gpe,speech_after_meeting,0.7
SNB_2025_09,SNB,2025-09-25,DOC_14A12C474620,speech,Speeches,"Martin Schlegel, Chairman of the Governing Board Ninth Karl Brunner Distinguished Lecture - Introduction of John H. Cochrane ﻿",Martin Schlegel,2025-10-02,7,"data\SNB\Speeches\2025-10-02 - Martin Schlegel - Martin Schlegel, Chairman of the Governing Board Ninth Karl Brunner Distinguished Lecture - Introduction of John H. Coc.txt",https://www.snb.ch/en/publications/communication/speeches/2025/ref_20251002_msl,speech_after_meeting,0.7
SNB_2025_09,SNB,2025-09-25,DOC_416CF52C7647,speech,Speeches,"Martin Schlegel, Chairman of the Governing Board Wirtschaftslage und Geldpolitik der SNB ﻿",Martin Schlegel,2025-10-22,27,"data\SNB\Speeches\2025-10-22 - Martin Schlegel - Martin Schlegel, Chairman of the Governing Board Wirtschaftslage und Geldpolitik der SNB ﻿.txt",https://www.snb.ch/en/publications/communication/speeches/2025/ref_20251022_msl,speech_after_meeting,0.7
SNB_2025_09,SNB,2025-09-25,DOC_983E30ACAF12,speech,Speeches,"Petra Tschudin, Member of the Governing Board Monetary policy implementation at the SNB ﻿",Petra Tschudin,2025-10-24,29,"data\SNB\Speeches\2025-10-24 - Petra Tschudin - Petra Tschudin, Member of the Governing Board Monetary policy implementation at the SNB ﻿.txt",https://www.snb.ch/en/publications/communication/speeches/2025/ref_20251024_gpe,speech_after_meeting,0.7
SNB_2025_09,SNB,2025-09-25,DOC_0701DD751C3E,speech,Speeches,"Martin Schlegel, Chairman of the Governing Board The Swiss National Bank - mandate, challenges and approach to CBDC ﻿",Martin Schlegel,2025-11-04,40,"data\SNB\Speeches\2025-11-04 - Martin Schlegel - Martin Schlegel, Chairman of the Governing Board The Swiss National Bank - mandate, challenges and approach to CBDC ﻿.txt",https://www.snb.ch/en/publications/communication/speeches/2025/ref_20251104_msl,speech_after_meeting,0.7
SNB_2025_09,SNB,2025-09-25,DOC_04242525D7B2,speech,Speeches,"Petra Tschudin, Member of the Governing Board Aktuelle Herausforderungen der Geldpolitik ﻿",Petra Tschudin,2025-11-05,41,"data\SNB\Speeches\2025-11-05 - Petra Tschudin - Petra Tschudin, Member of the Governing Board Aktuelle Herausforderungen der Geldpolitik ﻿.txt",https://www.snb.ch/en/publications/communication/speeches/2025/ref_20251105_gpe,speech_after_meeting,0.7
SNB_2025_09,SNB,2025-09-25,DOC_A8C9DA6F124E,speech,Speeches,"Antoine Martin, Vice Chairman of the Governing Board The Swiss National Bank, its monetary policy, and the Swiss economy: key insights ﻿",Antoine Martin,2025-11-12,48,"data\SNB\Speeches\2025-11-12 - Antoine Martin - Antoine Martin, Vice Chairman of the Governing Board The Swiss National Bank, its monetary policy, and the Swiss economy.txt",https://www.snb.ch/en/publications/communication/speeches/2025/ref_20251112_anmar,speech_after_meeting,0.7
SNB_2025_09,SNB,2025-09-25,DOC_EA1AEE0B4DE4,speech,Speeches,"Petra Tschudin / Thomas Moser, Member of the Governing Board / Alternate Member of the Governing Board Bank funding costs: latest developments from a monetary policy perspective ﻿",Petra Tschudin / Thomas Moser,2025-11-13,49,"data\SNB\Speeches\2025-11-13 - Petra Tschudin _ Thomas Moser - Petra Tschudin _ Thomas Moser, Member of the Governing Board _ Alternate Member of the Governing Board Ba.txt",https://www.snb.ch/en/publications/communication/speeches/2025/ref_20251113_gpetmo,speech_after_meeting,0.7
SNB_2025_09,SNB,2025-09-25,DOC_2CB8C7948D11,speech,Speeches,"Martin Schlegel, Chairman of the Governing Board The path to the monetary policy decision at the SNB ﻿",Martin Schlegel,2025-11-21,57,"data\SNB\Speeches\2025-11-21 - Martin Schlegel - Martin Schlegel, Chairman of the Governing Board The path to the monetary policy decision at the SNB ﻿.txt",https://www.snb.ch/en/publications/communication/speeches/2025/ref_20251121_msl,speech_after_meeting,0.7
SNB_2025_09,SNB,2025-09-25,DOC_0CF7617EC0A1,speech,Speeches,"Petra Tschudin, Member of the Governing Board Geld- und währungspolitische Herausforderungen ﻿",Petra Tschudin,2025-11-21,57,"data\SNB\Speeches\2025-11-21 - Petra Tschudin - Petra Tschudin, Member of the Governing Board Geld- und währungspolitische Herausforderungen ﻿.txt",https://www.snb.ch/en/publications/communication/speeches/2025/ref_20251121_gpe,speech_after_meeting,0.7
SNB_2025_09,SNB,2025-09-25,DOC_FCA766D7C44B,speech,Speeches,"Martin Schlegel, Chairman of the Governing Board Aktuelle Wirtschaftslage und Geldpolitik ﻿",Martin Schlegel,2025-11-22,58,"data\SNB\Speeches\2025-11-22 - Martin Schlegel - Martin Schlegel, Chairman of the Governing Board Aktuelle Wirtschaftslage und Geldpolitik ﻿.txt",https://www.snb.ch/en/publications/communication/speeches/2025/ref_20251122_msl,speech_after_meeting,0.7
SNB_2025_12,SNB,2025-12-11,DOC_BD6A8BEB7373,speech,Speeches,"Martin Schlegel / Antoine Martin / Petra Tschudin, Chairman of the Governing Board / Vice Chairman of the Governing Board / Member of the Governing Board Introductory remarks, news conference ﻿",Petra Tschudin,2025-12-11,0,"data\SNB\Speeches\2025-12-11 - Petra Tschudin - Martin Schlegel _ Antoine Martin _ Petra Tschudin, Chairman of the Governing Board _ Vice Chairman of the Governing Boar.txt",https://www.snb.ch/en/publications/communication/speeches-restricted/ref_20251211_mslanmargpe,speech_after_meeting,0.7
SNB_2025_12,SNB,2025-12-11,DOC_8B7666528F69,statement,Monetary Policy,Monetary policy assessment of 11 December 2025,,2025-12-11,0,data\SNB\Monetary Policy\2025-12-11 - Monetary policy assessment of 11 December 2025.txt,https://www.snb.ch/en/publications/communication/press-releases-restricted/pre_20251211,anchor_statement,1.0
SNB_2025_12,SNB,2025-12-11,DOC_045D19079C13,speech,Speeches,"Martin Schlegel, Chairman of the Governing Board Aktuelle Wirtschaftslage und Geldpolitik ﻿",Martin Schlegel,2026-01-29,49,"data\SNB\Speeches\2026-01-29 - Martin Schlegel - Martin Schlegel, Chairman of the Governing Board Aktuelle Wirtschaftslage und Geldpolitik ﻿.txt",https://www.snb.ch/en/publications/communication/speeches/2026/ref_20260129_msl,speech_after_meeting,0.7
SNB_2025_12,SNB,2025-12-11,DOC_76A38F55459A,speech,Speeches,"Antoine Martin, Vice Chairman of the Governing Board The Credit Suisse crisis and its effect on the Swiss credit market ﻿",Antoine Martin,2026-02-11,62,"data\SNB\Speeches\2026-02-11 - Antoine Martin - Antoine Martin, Vice Chairman of the Governing Board The Credit Suisse crisis and its effect on the Swiss credit market.txt",https://www.snb.ch/en/publications/communication/speeches/2026/ref_20260211_anmar,speech_after_meeting,0.7
SNB_2025_12,SNB,2025-12-11,DOC_7D4382B9F4ED,speech,Speeches,"Martin Schlegel, Chairman of the Governing Board Wirtschaftslage und Geldpolitik der SNB ﻿",Martin Schlegel,2026-02-24,75,"data\SNB\Speeches\2026-02-24 - Martin Schlegel - Martin Schlegel, Chairman of the Governing Board Wirtschaftslage und Geldpolitik der SNB ﻿.txt",https://www.snb.ch/en/publications/communication/speeches/2026/ref_20260224_msl,speech_after_meeting,0.7
SNB_2025_12,SNB,2025-12-11,DOC_A60F78323EBE,speech,Speeches,"Antoine Martin / Sébastien Kraenzlin, Vice Chairman of the Governing Board / Alternate Member of the Governing Board Emphase Ltd to design new banknote series ﻿",,2026-03-04,83,"data\SNB\Speeches\2026-03-04 - Antoine Martin _ Sébastien Kraenzlin - Antoine Martin _ Sébastien Kraenzlin, Vice Chairman of the Governing Board _ Alternate Member of t.txt",https://www.snb.ch/en/publications/communication/speeches/2026/ref_20260304_anmarskr,speech_after_meeting,0.7
SNB_2026_03,SNB,2026-03-19,DOC_05CA387D7646,speech,Speeches,"Martin Schlegel / Antoine Martin / Petra Tschudin, Chairman of the Governing Board / Vice Chairman of the Governing Board / Member of the Governing Board Introductory remarks, news conference ﻿",,2026-03-19,0,"data\SNB\Speeches\2026-03-19 - Martin Schlegel _ Antoine Martin _ Petra Tschudin - Martin Schlegel _ Antoine Martin _ Petra Tschudin, Chairman of the Governing Board _.txt",https://www.snb.ch/en/publications/communication/speeches-restricted/ref_20260319_mslanmargpe,speech_after_meeting,0.7
SNB_2026_03,SNB,2026-03-19,DOC_249383AB1F59,statement,Monetary Policy,Monetary policy assessment of 19 March 2026,,2026-03-19,0,data\SNB\Monetary Policy\2026-03-19 - Monetary policy assessment of 19 March 2026.txt,https://www.snb.ch/en/publications/communication/press-releases-restricted/pre_20260319,anchor_statement,1.0
SNB_2026_03,SNB,2026-03-19,DOC_EABAB370641C,speech,Speeches,"Martin Schlegel, Chairman of the Governing Board Wirtschaftslage und Geldpolitik der SNB ﻿",Martin Schlegel,2026-03-24,5,"data\SNB\Speeches\2026-03-24 - Martin Schlegel - Martin Schlegel, Chairman of the Governing Board Wirtschaftslage und Geldpolitik der SNB ﻿.txt",https://www.snb.ch/en/publications/communication/speeches/2026/ref_20260324_msl,speech_after_meeting,0.7
SNB_2026_03,SNB,2026-03-19,DOC_C757D06195A3,speech,Speeches,"Petra Tschudin, Member of the Governing Board Aktuelle Entwicklungen und Herausforderungen am Schweizer Franken-Kapitalmarkt ﻿",Petra Tschudin,2026-03-24,5,"data\SNB\Speeches\2026-03-24 - Petra Tschudin - Petra Tschudin, Member of the Governing Board Aktuelle Entwicklungen und Herausforderungen am Schweizer Franken-Kapitalm.txt",https://www.snb.ch/en/publications/communication/speeches/2026/ref_20260324_gpe,speech_after_meeting,0.7
SNB_2026_03,SNB,2026-03-19,DOC_CD592D9234BA,speech,Speeches,"Martin Schlegel, Chairman of the Governing Board Central banking for open economies in a changed world ﻿",Martin Schlegel,2026-04-15,27,"data\SNB\Speeches\2026-04-15 - Martin Schlegel - Martin Schlegel, Chairman of the Governing Board Central banking for open economies in a changed world ﻿.txt",https://www.snb.ch/en/publications/communication/speeches/2026/ref_20260415_msl,speech_after_meeting,0.7
SNB_2026_03,SNB,2026-03-19,DOC_B190C1AD7E30,speech,Speeches,"Petra Tschudin / Thomas Moser, Member of the Governing Board / Alternate Member of the Governing Board Swipe, scan, tap: the cashless payments market ﻿",,2026-04-16,28,"data\SNB\Speeches\2026-04-16 - Petra Tschudin _ Thomas Moser - Petra Tschudin _ Thomas Moser, Member of the Governing Board _ Alternate Member of the Governing Board Sw.txt",https://www.snb.ch/en/publications/communication/speeches/2026/ref_20260416_gpetmo,speech_after_meeting,0.7
SNB_2026_03,SNB,2026-03-19,DOC_80432E4043BF,speech,Speeches,"Petra Tschudin, Member of the Governing Board Wirtschaftsausblick und Geldpolitik ﻿",Petra Tschudin,2026-04-21,33,"data\SNB\Speeches\2026-04-21 - Petra Tschudin - Petra Tschudin, Member of the Governing Board Wirtschaftsausblick und Geldpolitik ﻿.txt",https://www.snb.ch/en/publications/communication/speeches/2026/ref_20260421_gpe,speech_after_meeting,0.7
SNB_2026_03,SNB,2026-03-19,DOC_DC7B64553B04,speech,Speeches,"Antoine Martin, Vice Chairman of the Governing Board The SNB and its monetary policy ﻿",Antoine Martin,2026-04-22,34,"data\SNB\Speeches\2026-04-22 - Antoine Martin - Antoine Martin, Vice Chairman of the Governing Board The SNB and its monetary policy ﻿.txt",https://www.snb.ch/en/publications/communication/speeches/2026/ref_20260422_anmar,speech_after_meeting,0.7
SNB_2026_03,SNB,2026-03-19,DOC_109371279059,speech,Speeches,"Barbara Janom Steiner, President of the Bank Council The SNB - firmly anchored even in turbulent times ﻿",Barbara Janom Steiner,2026-04-24,36,"data\SNB\Speeches\2026-04-24 - Barbara Janom Steiner - Barbara Janom Steiner, President of the Bank Council The SNB - firmly anchored even in turbulent times ﻿.txt",https://www.snb.ch/en/publications/communication/speeches/2026/ref_20260424_jsb,speech_after_meeting,0.7
SNB_2026_03,SNB,2026-03-19,DOC_980256B1D777,speech,Speeches,"Martin Schlegel, Chairman of the Governing Board Comments on Swiss monetary policy ﻿",Martin Schlegel,2026-04-24,36,"data\SNB\Speeches\2026-04-24 - Martin Schlegel - Martin Schlegel, Chairman of the Governing Board Comments on Swiss monetary policy ﻿.txt",https://www.snb.ch/en/publications/communication/speeches/2026/ref_20260424_msl,speech_after_meeting,0.7
