bank,meeting_date,meeting_id,qc_priority,needs_review,review_reason,current_decision,current_rate_change_bps,current_policy_rate_after,current_confidence,extraction_method,suggested_decision,suggested_rate_change_bps,suggested_policy_rate_after,suggested_confidence,suggestion_reason,matched_pattern,matched_excerpt,full_context,context_status,source_doc_id,source_title,source_url,text_file,approved,final_decision,final_rate_change_bps,final_policy_rate_after,final_confidence,reviewer_notes
BOC,2025-12-10,BOC_2025_12_B,high,True,confidence < 0.7; decision unknown; rate_change_bps missing; policy_rate_after missing; text_excerpt missing,unknown,,,0.0,unknown,,,,0.0,,,,"BANK: BOC CATEGORY: Monetary Policy TITLE: Interest Rate Announcement DATE: 10/12/2025 SPEAKER: SPEAKER ROLE: SOURCE URL: https://www.bankofcanada.ca/2025/12/interest-rate-announcement-december-10-2025/ DOCUMENT TYPE: html ==== EXTRACTED TEXT START ==== Interest Rate Announcement December 10, 2025 Share this page on Facebook Share this page on Facebook Share this page on X Share this page on X Share this page on LinkedIn Share this page on LinkedIn Share this page by email Share this page by email 09:45 (ET) On eight scheduled dates each year, the Bank of Canada announces the setting for the overnight rate target in a press release explaining the factors behind the decision. See the media advisory . Content Type(s) : Upcoming events",full_context_loaded,DOC_847F032FCF63,Interest Rate Announcement,https://www.bankofcanada.ca/2025/12/interest-rate-announcement-december-10-2025/,data\BOC\Monetary Policy\2025-12-10 - Interest Rate Announcement.txt,false,unknown,,,0.0,
BOC,2026-01-28,BOC_2026_01_A,high,True,confidence < 0.7; decision unknown; rate_change_bps missing; policy_rate_after missing; text_excerpt missing,unknown,,,0.0,unknown,,,,0.0,,,,"BANK: BOC CATEGORY: Monetary Policy TITLE: Interest Rate Announcement and Monetary Policy Report DATE: 28/01/2026 SPEAKER: SPEAKER ROLE: SOURCE URL: https://www.bankofcanada.ca/2026/01/interest-rate-announcement-and-monetary-policy-report-january-28-2026/ DOCUMENT TYPE: html ==== EXTRACTED TEXT START ==== Interest Rate Announcement and Monetary Policy Report January 28, 2026 Share this page on Facebook Share this page on Facebook Share this page on X Share this page on X Share this page on LinkedIn Share this page on LinkedIn Share this page by email Share this page by email 09:45 (ET) On eight scheduled dates each year, the Bank of Canada announces the setting for the overnight rate target in a press release explaining the factors behind the decision. Four times a year, Governing Council presents the Monetary Policy Report : the Bank’s base-case projection for inflation and growth in the Canadian economy, and its assessment of risks. Content Type(s) : Upcoming events",full_context_loaded,DOC_5BBB43FAC9EC,Interest Rate Announcement and Monetary Policy Report,https://www.bankofcanada.ca/2026/01/interest-rate-announcement-and-monetary-policy-report-january-28-2026/,data\BOC\Monetary Policy\2026-01-28 - Interest Rate Announcement and Monetary Policy Report.txt,false,unknown,,,0.0,
BOC,2026-03-18,BOC_2026_03_B,high,True,confidence < 0.7; decision unknown; rate_change_bps missing; policy_rate_after missing; text_excerpt missing,unknown,,,0.0,unknown,,,,0.0,,,,"BANK: BOC CATEGORY: Monetary Policy TITLE: Interest Rate Announcement DATE: 18/03/2026 SPEAKER: SPEAKER ROLE: SOURCE URL: https://www.bankofcanada.ca/2026/03/interest-rate-announcement-march-18-2026/ DOCUMENT TYPE: html ==== EXTRACTED TEXT START ==== Interest Rate Announcement March 18, 2026 Share this page on Facebook Share this page on Facebook Share this page on X Share this page on X Share this page on LinkedIn Share this page on LinkedIn Share this page by email Share this page by email 09:45 (ET) On eight scheduled dates each year, the Bank of Canada announces the setting for the overnight rate target in a press release explaining the factors behind the decision. Content Type(s) : Upcoming events",full_context_loaded,DOC_55713EF8FE92,Interest Rate Announcement,https://www.bankofcanada.ca/2026/03/interest-rate-announcement-march-18-2026/,data\BOC\Monetary Policy\2026-03-18 - Interest Rate Announcement.txt,false,unknown,,,0.0,
BOC,2026-04-29,BOC_2026_04_A,high,True,confidence < 0.7; decision unknown; rate_change_bps missing; policy_rate_after missing; text_excerpt missing,unknown,,,0.0,unknown,,,,0.0,,,,"BANK: BOC CATEGORY: Monetary Policy TITLE: Interest Rate Announcement and Monetary Policy Report DATE: 29/04/2026 SPEAKER: SPEAKER ROLE: SOURCE URL: https://www.bankofcanada.ca/2026/04/interest-rate-announcement-and-monetary-policy-report-april-29-2026/ DOCUMENT TYPE: html ==== EXTRACTED TEXT START ==== Interest Rate Announcement and Monetary Policy Report April 29, 2026 Share this page on Facebook Share this page on Facebook Share this page on X Share this page on X Share this page on LinkedIn Share this page on LinkedIn Share this page by email Share this page by email 09:45 (ET) On eight scheduled dates each year, the Bank of Canada announces the setting for the overnight rate target in a press release explaining the factors behind the decision. Four times a year, Governing Council presents the Monetary Policy Report : the Bank’s base-case projection for inflation and growth in the Canadian economy, and its assessment of risks. Content Type(s) : Upcoming events",full_context_loaded,DOC_02A8DFA9C4A8,Interest Rate Announcement and Monetary Policy Report,https://www.bankofcanada.ca/2026/04/interest-rate-announcement-and-monetary-policy-report-april-29-2026/,data\BOC\Monetary Policy\2026-04-29 - Interest Rate Announcement and Monetary Policy Report.txt,false,unknown,,,0.0,
NORGES_BANK,2021-06-01,NORGES_BANK_2021_06_A,high,True,confidence < 0.7; decision unknown; rate_change_bps missing; policy_rate_after missing; text_excerpt missing,unknown,,,0.0,unknown,,,,0.0,,,,"BANK: NORGES_BANK CATEGORY: Monetary Policy TITLE: Pengepolitisk rapport med vurdering av finansiell stabilitet 1/2021 DATE: 01/06/2021 SPEAKER: SPEAKER ROLE: SOURCE URL: https://www.norges-bank.no/aktuelt/publikasjoner/Pengepolitisk-rapport/2021/ppr-12021/ DOCUMENT TYPE: html ==== EXTRACTED TEXT START ==== ! Javascript er skrudd av Pga av dette vil deler av innholdet på dette nettstedet ikke vises. Pengepolitisk rapport Pengepolitisk rapport med vurdering av finansiell stabilitet 1/2021 Serie: Pengepolitisk rapport Nummer: 1/2021 Pengepolitisk rapport 1/21 (pdf) Tallsett PPR 1/21 (xlsx) Pengepolitisk rapport 1/21 (epub) Rapporten inneholder Norges Banks vurdering av utsiktene for styringsrenten. Vurderingene er basert på de økonomiske anslagene som fremgår av rapporten. Utgis fire ganger årlig: mars, juni, september og desember. Ble fram til 2013 publisert tre ganger årlig. ISSN 1894-0234 (online). Se også: Tidligere rentebeslutninger l Dato for neste rentebeslutning i kalenderen Publisert 18. mars 2021 10:00 Skriv ut Se også Rentebeslutning mars 2021 Publisert 18. mars 2021 10:00 Skriv ut",full_context_loaded,DOC_21B297C19BCF,Pengepolitisk rapport med vurdering av finansiell stabilitet 1/2021,https://www.norges-bank.no/aktuelt/publikasjoner/Pengepolitisk-rapport/2021/ppr-12021/,data\NORGES_BANK\Monetary Policy\2021-06-01 - Pengepolitisk rapport med vurdering av finansiell stabilitet 1_2021.txt,false,unknown,,,0.0,
NORGES_BANK,2021-06-01,NORGES_BANK_2021_06_B,high,True,confidence < 0.7; decision unknown; rate_change_bps missing; policy_rate_after missing; text_excerpt missing,unknown,,,0.0,unknown,,,,0.0,,,,"BANK: NORGES_BANK CATEGORY: Monetary Policy TITLE: Pengepolitisk rapport med vurdering av finansiell stabilitet 2/2021 DATE: 01/06/2021 SPEAKER: SPEAKER ROLE: SOURCE URL: https://www.norges-bank.no/aktuelt/publikasjoner/Pengepolitisk-rapport/2021/ppr-22021/ DOCUMENT TYPE: html ==== EXTRACTED TEXT START ==== ! Javascript er skrudd av Pga av dette vil deler av innholdet på dette nettstedet ikke vises. Pengepolitisk rapport Pengepolitisk rapport med vurdering av finansiell stabilitet 2/2021 Serie: Pengepolitisk rapport Nummer: 2/2021 Pengepolitisk rapport 2/21 (pdf) Tallsett til PPR 2/21 (xlsx) Tallgrunnlag for vedlegg i PPR 2/21 (xlsx) Pengepolitisk rapport 2/21 (epub) Rapporten inneholder Norges Banks vurdering av utsiktene for styringsrenten. Vurderingene er basert på de økonomiske anslagene som fremgår av rapporten. Utgis fire ganger årlig: mars, juni, september og desember. Ble fram til 2013 publisert tre ganger årlig. ISSN 1894-0234 (online). Se også: Tidligere rentebeslutninger l Dato for neste rentebeslutning i kalenderen Publisert 17. juni 2021 10:00 Skriv ut Publisert 17. juni 2021 10:00 Skriv ut",full_context_loaded,DOC_A8043F21E63C,Pengepolitisk rapport med vurdering av finansiell stabilitet 2/2021,https://www.norges-bank.no/aktuelt/publikasjoner/Pengepolitisk-rapport/2021/ppr-22021/,data\NORGES_BANK\Monetary Policy\2021-06-01 - Pengepolitisk rapport med vurdering av finansiell stabilitet 2_2021.txt,false,unknown,,,0.0,
NORGES_BANK,2021-06-01,NORGES_BANK_2021_06_C,high,True,confidence < 0.7; decision unknown; rate_change_bps missing; policy_rate_after missing; text_excerpt missing,unknown,,,0.0,unknown,,,,0.0,,,,"BANK: NORGES_BANK CATEGORY: Monetary Policy TITLE: Pengepolitisk rapport med vurdering av finansiell stabilitet 3/2021 DATE: 01/06/2021 SPEAKER: SPEAKER ROLE: SOURCE URL: https://www.norges-bank.no/aktuelt/publikasjoner/Pengepolitisk-rapport/2021/ppr-32021/ DOCUMENT TYPE: html ==== EXTRACTED TEXT START ==== ! Javascript er skrudd av Pga av dette vil deler av innholdet på dette nettstedet ikke vises. Pengepolitisk rapport Pengepolitisk rapport med vurdering av finansiell stabilitet 3/2021 Serie: Pengepolitisk rapport Nummer: 3/2021 Pengepolitisk rapport 3/21 (pdf) Tallsett til figurer i PPR 3/21 (xlsx) Tallgrunnlag til tabeller i PPR 3/21 (xlsx) Pengepolitisk rapport 3/21 (epub) Rapporten inneholder Norges Banks vurdering av utsiktene for styringsrenten. Vurderingene er basert på de økonomiske anslagene som fremgår av rapporten. Utgis fire ganger årlig: mars, juni, september og desember. Ble fram til 2013 publisert tre ganger årlig. ISSN 1894-0234 (online). Se også: Tidligere rentebeslutninger l Dato for neste rentebeslutning i kalenderen Publisert 23. september 2021 10:00 Skriv ut Se også Rentebeslutning september 2021 Utdypinger og rammer i PPR 3/21 Gradvis gjenåpning til tross for økt smitte Dårligere samsvar mellom tilgjengelig og etterspurt arbeidskraft Rekordhøye priser på gass og elektrisk kraft Alle aldersgrupper økte bankinnskuddene i 2020 Publisert 23. september 2021 10:00 Skriv ut",full_context_loaded,DOC_CEC290ABA44C,Pengepolitisk rapport med vurdering av finansiell stabilitet 3/2021,https://www.norges-bank.no/aktuelt/publikasjoner/Pengepolitisk-rapport/2021/ppr-32021/,data\NORGES_BANK\Monetary Policy\2021-06-01 - Pengepolitisk rapport med vurdering av finansiell stabilitet 3_2021.txt,false,unknown,,,0.0,
NORGES_BANK,2022-06-01,NORGES_BANK_2022_06_A,high,True,confidence < 0.7; decision unknown; rate_change_bps missing; policy_rate_after missing; text_excerpt missing,unknown,,,0.0,unknown,,,,0.0,,,,"BANK: NORGES_BANK CATEGORY: Monetary Policy TITLE: Pengepolitisk rapport med vurdering av finansiell stabilitet 1/2022 DATE: 01/06/2022 SPEAKER: SPEAKER ROLE: SOURCE URL: https://www.norges-bank.no/aktuelt/publikasjoner/Pengepolitisk-rapport/2022/ppr-12022/ DOCUMENT TYPE: html ==== EXTRACTED TEXT START ==== ! Javascript er skrudd av Pga av dette vil deler av innholdet på dette nettstedet ikke vises. Pengepolitisk rapport Pengepolitisk rapport med vurdering av finansiell stabilitet 1/2022 Les rapporten her (nettformat) Serie: Pengepolitisk rapport Nummer: 1/2022 Pengepolitisk rapport 1/22 (pdf) Tallsett til figurer i PPR 1/22 (xlsx) Tallsett til tabeller i PPR 1/22 (xlsx) Rapporten inneholder Norges Banks vurdering av utsiktene for styringsrenten. Vurderingene er basert på de økonomiske anslagene som fremgår av rapporten. Utgis fire ganger årlig: mars, juni, september og desember. Ble fram til 2013 publisert tre ganger årlig. ISSN 1894-0234 (online). Se også: Tidligere rentebeslutninger l Dato for neste rentebeslutning i kalenderen Publisert 24. mars 2022 10:00 Skriv ut Publisert 24. mars 2022 10:00 Skriv ut",full_context_loaded,DOC_CA4CBF76E4D3,Pengepolitisk rapport med vurdering av finansiell stabilitet 1/2022,https://www.norges-bank.no/aktuelt/publikasjoner/Pengepolitisk-rapport/2022/ppr-12022/,data\NORGES_BANK\Monetary Policy\2022-06-01 - Pengepolitisk rapport med vurdering av finansiell stabilitet 1_2022.txt,false,unknown,,,0.0,
NORGES_BANK,2022-06-01,NORGES_BANK_2022_06_B,high,True,confidence < 0.7; decision unknown; rate_change_bps missing; policy_rate_after missing; text_excerpt missing,unknown,,,0.0,unknown,,,,0.0,,,,"BANK: NORGES_BANK CATEGORY: Monetary Policy TITLE: Pengepolitisk rapport med vurdering av finansiell stabilitet 2/2022 DATE: 01/06/2022 SPEAKER: SPEAKER ROLE: SOURCE URL: https://www.norges-bank.no/aktuelt/publikasjoner/Pengepolitisk-rapport/2022/ppr-22022/ DOCUMENT TYPE: html ==== EXTRACTED TEXT START ==== ! Javascript er skrudd av Pga av dette vil deler av innholdet på dette nettstedet ikke vises. Pengepolitisk rapport Pengepolitisk rapport med vurdering av finansiell stabilitet 2/2022 Les rapporten her (nettformat) Serie: Pengepolitisk rapport Nummer: 2/2022 Pengepolitisk rapport 2/22 (pdf) Tallsett til figurer i PPR 2/22 (xlsx) Tallsett til tabeller i PPR 2/22 (xlsx) Rapporten inneholder Norges Banks vurdering av utsiktene for styringsrenten. Vurderingene er basert på de økonomiske anslagene som fremgår av rapporten. Utgis fire ganger årlig: mars, juni, september og desember. Ble fram til 2013 publisert tre ganger årlig. ISSN 1894-0234 (online). Se også: Tidligere rentebeslutninger l Dato for neste rentebeslutning i kalenderen Publisert 23. juni 2022 10:00 Skriv ut Publisert 23. juni 2022 10:00 Skriv ut",full_context_loaded,DOC_4F37C2C99346,Pengepolitisk rapport med vurdering av finansiell stabilitet 2/2022,https://www.norges-bank.no/aktuelt/publikasjoner/Pengepolitisk-rapport/2022/ppr-22022/,data\NORGES_BANK\Monetary Policy\2022-06-01 - Pengepolitisk rapport med vurdering av finansiell stabilitet 2_2022.txt,false,unknown,,,0.0,
NORGES_BANK,2022-06-01,NORGES_BANK_2022_06_C,high,True,confidence < 0.7; decision unknown; rate_change_bps missing; policy_rate_after missing; text_excerpt missing,unknown,,,0.0,unknown,,,,0.0,,,,"BANK: NORGES_BANK CATEGORY: Monetary Policy TITLE: Pengepolitisk rapport med vurdering av finansiell stabilitet 3/2022 DATE: 01/06/2022 SPEAKER: SPEAKER ROLE: SOURCE URL: https://www.norges-bank.no/aktuelt/publikasjoner/Pengepolitisk-rapport/2022/ppr-32022/ DOCUMENT TYPE: html ==== EXTRACTED TEXT START ==== ! Javascript er skrudd av Pga av dette vil deler av innholdet på dette nettstedet ikke vises. Pengepolitisk rapport Pengepolitisk rapport med vurdering av finansiell stabilitet 3/2022 Les rapporten her (nettformat) Serie: Pengepolitisk rapport Nummer: 3/2022 Pengepolitisk rapport 3/2022 (pdf) Tallsett til figurer i PPR 3/22 (xlsx) Tallsett til tabeller i PPR 3/22 (xlsx) Rapporten inneholder Norges Banks vurdering av utsiktene for styringsrenten. Vurderingene er basert på de økonomiske anslagene som fremgår av rapporten. Utgis fire ganger årlig: mars, juni, september og desember. Ble fram til 2013 publisert tre ganger årlig. ISSN 1894-0234 (online). Se også: Tidligere rentebeslutninger l Dato for neste rentebeslutning i kalenderen Publisert 22. september 2022 10:00 Skriv ut Publisert 22. september 2022 10:00 Skriv ut",full_context_loaded,DOC_F175E5C4ADA0,Pengepolitisk rapport med vurdering av finansiell stabilitet 3/2022,https://www.norges-bank.no/aktuelt/publikasjoner/Pengepolitisk-rapport/2022/ppr-32022/,data\NORGES_BANK\Monetary Policy\2022-06-01 - Pengepolitisk rapport med vurdering av finansiell stabilitet 3_2022.txt,false,unknown,,,0.0,
NORGES_BANK,2023-06-01,NORGES_BANK_2023_06_A,high,True,confidence < 0.7; decision unknown; rate_change_bps missing; policy_rate_after missing; text_excerpt missing,unknown,,,0.0,unknown,,,,0.0,,,,"BANK: NORGES_BANK CATEGORY: Monetary Policy TITLE: Pengepolitisk rapport 1/2023 DATE: 01/06/2023 SPEAKER: SPEAKER ROLE: SOURCE URL: https://www.norges-bank.no/aktuelt/publikasjoner/Pengepolitisk-rapport/2023/ppr-12023/ DOCUMENT TYPE: html ==== EXTRACTED TEXT START ==== ! Javascript er skrudd av Pga av dette vil deler av innholdet på dette nettstedet ikke vises. Pengepolitisk rapport Pengepolitisk rapport 1/2023 Les rapporten her (nettformat) Serie: Pengepolitisk rapport Nummer: 1/2023 Pengepolitisk rapport 1/2023 (pdf) Tallsett til figurer PPR 1/2023 (xlsx) Tallsett til tabeller PPR 1/2023 (xlsx) I versjonen av PPR som ble publisert klokken 10.00 den 23. mars viste tabell 2A sesongjusterte tall for prisveksten. Tabellen er nå endret til å vise ujusterte tall. I tabell 3 er ""Etterspørsel fra Fastlands-Norge"" i 2026 endret fra 0,0 til 1,8 prosent. Rapporten inneholder Norges Banks vurdering av utsiktene for styringsrenten. Vurderingene er basert på de økonomiske anslagene som fremgår av rapporten. Utgis fire ganger årlig: mars, juni, september og desember. Ble fram til 2013 publisert tre ganger årlig. ISSN 1894-0234 (online). Se også: Tidligere rentebeslutninger l Dato for neste rentebeslutning i kalenderen Publisert 23. mars 2023 10:00 Sist endret 24. mars 2023 13:05 Skriv ut Publisert 23. mars 2023 10:00 Sist endret 24. mars 2023 13:05 Skriv ut",full_context_loaded,DOC_33FC79FF4FEE,Pengepolitisk rapport 1/2023,https://www.norges-bank.no/aktuelt/publikasjoner/Pengepolitisk-rapport/2023/ppr-12023/,data\NORGES_BANK\Monetary Policy\2023-06-01 - Pengepolitisk rapport 1_2023.txt,false,unknown,,,0.0,
NORGES_BANK,2023-06-01,NORGES_BANK_2023_06_B,high,True,confidence < 0.7; decision unknown; rate_change_bps missing; policy_rate_after missing; text_excerpt missing,unknown,,,0.0,unknown,,,,0.0,,,,"BANK: NORGES_BANK CATEGORY: Monetary Policy TITLE: Pengepolitisk rapport 2/2023 DATE: 01/06/2023 SPEAKER: SPEAKER ROLE: SOURCE URL: https://www.norges-bank.no/aktuelt/publikasjoner/Pengepolitisk-rapport/2023/ppr-22023/ DOCUMENT TYPE: html ==== EXTRACTED TEXT START ==== ! Javascript er skrudd av Pga av dette vil deler av innholdet på dette nettstedet ikke vises. Pengepolitisk rapport Pengepolitisk rapport 2/2023 Les rapporten her (nettformat) Serie: Pengepolitisk rapport Nummer: 2/2023 Pengepolitisk rapport 2/2023 (pdf) Tallsett til figurene (xlsx) Anslag på makroøkonomiske hovedstørrelser (xlsx) Filen ""Anslag på makroøkonomiske hovedstørrelser"" ble rettet kl 10.05 den 22. juni. Rentebeslutningen - juni 2023 Neste Pengepolitisk rapport legges fram 21. september 2023 Rapporten inneholder Norges Banks vurdering av utsiktene for styringsrenten. Vurderingene er basert på de økonomiske anslagene som fremgår av rapporten. Utgis fire ganger årlig: mars, juni, september og desember. Ble fram til 2013 publisert tre ganger årlig. ISSN 1894-0234 (online). Se også: Tidligere rentebeslutninger l Dato for neste rentebeslutning i kalenderen Publisert 22. juni 2023 10:00 Sist endret 22. juni 2023 10:05 Skriv ut Publisert 22. juni 2023 10:00 Sist endret 22. juni 2023 10:05 Skriv ut",full_context_loaded,DOC_6AEB34A51607,Pengepolitisk rapport 2/2023,https://www.norges-bank.no/aktuelt/publikasjoner/Pengepolitisk-rapport/2023/ppr-22023/,data\NORGES_BANK\Monetary Policy\2023-06-01 - Pengepolitisk rapport 2_2023.txt,false,unknown,,,0.0,
NORGES_BANK,2023-06-01,NORGES_BANK_2023_06_C,high,True,confidence < 0.7; decision unknown; rate_change_bps missing; policy_rate_after missing; text_excerpt missing,unknown,,,0.0,unknown,,,,0.0,,,,"BANK: NORGES_BANK CATEGORY: Monetary Policy TITLE: Pengepolitisk rapport 3/2023 DATE: 01/06/2023 SPEAKER: SPEAKER ROLE: SOURCE URL: https://www.norges-bank.no/aktuelt/publikasjoner/Pengepolitisk-rapport/2023/ppr-32023/ DOCUMENT TYPE: html ==== EXTRACTED TEXT START ==== ! Javascript er skrudd av Pga av dette vil deler av innholdet på dette nettstedet ikke vises. Pengepolitisk rapport Pengepolitisk rapport 3/2023 Les rapporten her (nettformat) Serie: Pengepolitisk rapport Nummer: 3/2023 Last ned rapporten (pdf) Tallsett til figurene (xlsx) Anslag på makroøkonomiske hovedstørrelser (xlsx) Rapporten inneholder Norges Banks vurdering av utsiktene for styringsrenten. Vurderingene er basert på de økonomiske anslagene som fremgår av rapporten. Utgis fire ganger årlig: mars, juni, september og desember. Ble fram til 2013 publisert tre ganger årlig. ISSN 1894-0234 (online). Se også: Tidligere rentebeslutninger l Dato for neste rentebeslutning i kalenderen Publisert 21. september 2023 10:00 Skriv ut Publisert 21. september 2023 10:00 Skriv ut",full_context_loaded,DOC_4396EC6C2C7A,Pengepolitisk rapport 3/2023,https://www.norges-bank.no/aktuelt/publikasjoner/Pengepolitisk-rapport/2023/ppr-32023/,data\NORGES_BANK\Monetary Policy\2023-06-01 - Pengepolitisk rapport 3_2023.txt,false,unknown,,,0.0,
NORGES_BANK,2024-06-01,NORGES_BANK_2024_06_A,high,True,confidence < 0.7; decision unknown; rate_change_bps missing; policy_rate_after missing; text_excerpt missing,unknown,,,0.0,unknown,,,,0.0,,,,,context_missing_text_file,DOC_1E5D9F89672B,Pengepolitisk rapport 1/2024,,,false,unknown,,,0.0,
NORGES_BANK,2024-06-01,NORGES_BANK_2024_06_B,high,True,confidence < 0.7; decision unknown; rate_change_bps missing; policy_rate_after missing; text_excerpt missing,unknown,,,0.0,unknown,,,,0.0,,,,,context_missing_text_file,DOC_B99C89C85DB7,Pengepolitisk rapport 2/2024,,,false,unknown,,,0.0,
NORGES_BANK,2024-06-01,NORGES_BANK_2024_06_C,high,True,confidence < 0.7; decision unknown; rate_change_bps missing; policy_rate_after missing; text_excerpt missing,unknown,,,0.0,unknown,,,,0.0,,,,,context_missing_text_file,DOC_22CC47E6D716,Pengepolitisk rapport 3/2024,,,false,unknown,,,0.0,
NORGES_BANK,2025-06-01,NORGES_BANK_2025_06_A,high,True,confidence < 0.7; decision unknown; rate_change_bps missing; policy_rate_after missing; text_excerpt missing,unknown,,,0.0,unknown,,,,0.0,,,,,context_missing_text_file,DOC_ABCB5E321797,Pengepolitisk rapport 1/2025,,,false,unknown,,,0.0,
NORGES_BANK,2025-06-01,NORGES_BANK_2025_06_B,high,True,confidence < 0.7; decision unknown; rate_change_bps missing; policy_rate_after missing; text_excerpt missing,unknown,,,0.0,unknown,,,,0.0,,,,,context_missing_text_file,DOC_1C52F656770B,Pengepolitisk rapport 2/2025,,,false,unknown,,,0.0,
NORGES_BANK,2025-06-01,NORGES_BANK_2025_06_C,high,True,confidence < 0.7; decision unknown; rate_change_bps missing; policy_rate_after missing; text_excerpt missing,unknown,,,0.0,unknown,,,,0.0,,,,"BANK: NORGES_BANK CATEGORY: Monetary Policy TITLE: Pengepolitisk rapport 3/2025 DATE: 01/06/2025 SPEAKER: SPEAKER ROLE: SOURCE URL: https://www.norges-bank.no/aktuelt/publikasjoner/Pengepolitisk-rapport/2025/pengepolitisk-rapport-32025/ DOCUMENT TYPE: html ==== EXTRACTED TEXT START ==== Tallsett til Pengepolitisk rapport 3/2025 (xlsx) Anslag på makroøkonomiske hovedstørrelser Hovedinnhold i rapporten Komiteens vurderinger Kapittel 1: Hovedbildet Kapittel 2: Forutsetninger og anslag Kapittel 3: Pengepolitisk analyse Utdypinger med tallsett I hvor stor grad påvirker internasjonale impulser norsk økonomi? Yngre og eldre har særlig bidratt til økt sysselsetting Tallsett til figurer i utdypinger (xlsx) Rapporten inneholder Norges Banks vurdering av utsiktene for styringsrenten. Vurderingene er basert på de økonomiske anslagene som fremgår av rapporten. Utgis fire ganger årlig: mars, juni, september og desember. Ble fram til 2013 publisert tre ganger årlig. ISSN 1894-0234 (online). Se også: Tidligere rentebeslutninger l Dato for neste rentebeslutning i kalenderen Serie: Pengepolitisk rapport Nummer: 3/2025 Publisert: 18. september 2025 10:00",full_context_loaded,DOC_A4D44C5DD817,Pengepolitisk rapport 3/2025,https://www.norges-bank.no/aktuelt/publikasjoner/Pengepolitisk-rapport/2025/pengepolitisk-rapport-32025/,data\NORGES_BANK\Monetary Policy\2025-06-01 - Pengepolitisk rapport 3_2025.txt,false,unknown,,,0.0,
NORGES_BANK,2026-06-01,NORGES_BANK_2026_06,high,True,confidence < 0.7; decision unknown; rate_change_bps missing; policy_rate_after missing; text_excerpt missing,unknown,,,0.0,unknown,,,,0.0,,,,,context_missing_text_file,DOC_653DFD4C0D4B,Pengepolitisk rapport 1/2026,,,false,unknown,,,0.0,
RIKSBANK,2022-06-01,RIKSBANK_2022_06_A,high,True,confidence < 0.7; decision unknown; rate_change_bps missing; policy_rate_after missing; text_excerpt missing,unknown,,,0.0,unknown,hike,,,0.75,strong hike keyword,\bdecided\s+to\s+(?:increase|raise)\b,"TEXT START ==== Monetary Policy Report, April 2022 Inflation has risen to the highest level since the 1990s and will be high for some time. To counteract the high inflation from becoming entrenched in price and wage-setting, the Executive Board has decided to raise the repo rate from zero to 0.25 per cent. The Board's forecast is that the repo rate will be raised gradually going forward and that it will be somewhat below 2 per cent in three years' time. The Executive Board has also decided to reduce the pace o","BANK: RIKSBANK CATEGORY: Monetary Policy TITLE: Monetary Policy Report April 2022 DATE: 01/06/2022 SPEAKER: SPEAKER ROLE: SOURCE URL: https://www.riksbank.se/en-gb/monetary-policy/monetary-policy-report/2022/monetary-policy-report-april-2022/ DOCUMENT TYPE: html ==== EXTRACTED TEXT START ==== Monetary Policy Report, April 2022 Inflation has risen to the highest level since the 1990s and will be high for some time. To counteract the high inflation from becoming entrenched in price and wage-setting, the Executive Board has decided to raise the repo rate from zero to 0.25 per cent. The Board's forecast is that the repo rate will be raised gradually going forward and that it will be somewhat below 2 per cent in three years' time. The Executive Board has also decided to reduce the pace of the Riksbank's asset purchases during the second half of the year, so that the holding starts to decrease, and that the Riksbank will cease purchasing treasury bills as of 28 April. In this way, monetary policy is adapted so that inflation returns to the target. Email Share by email - Open in new window facebook Share on Facebook - Open in new window Linkedin Share on LinkedIn - Open in new window bluesky Share on Bluesky - Open in new window copy url Share on Twitter - Open in new window Repo rate 0.25 % Applies from 4 May 2022 Repo rate, table In brief - Monetary policy April 2022 The global economy is still affected by the major disruption caused by the pandemic. In addition there is now Russia’s invasion of Ukraine. The war has caused",full_context_loaded,DOC_9735DC394321,Monetary Policy Report April 2022,https://www.riksbank.se/en-gb/monetary-policy/monetary-policy-report/2022/monetary-policy-report-april-2022/,data\RIKSBANK\Monetary Policy\2022-06-01 - Monetary Policy Report April 2022.txt,false,hike,,,0.75,
RIKSBANK,2022-06-01,RIKSBANK_2022_06_C,high,True,confidence < 0.7; decision unknown; rate_change_bps missing; policy_rate_after missing; text_excerpt missing,unknown,,,0.0,unknown,hike,,,0.75,strong hike keyword,\bdecided\s+to\s+(?:increase|raise)\b,"has continued to rise rapidly and price increases are spreading through the economy. To ensure that inflation returns to the target and to counteract the high inflation becoming entrenched in price setting and wage formation, the Executive Board has decided to raise the policy rate from 0.25 per cent to 0.75 per cent. The Executive Board's forecast is that the policy rate will be raised further and that it will be close to 2 per cent at the start of next year. The Executive Board has also decided that, in the s","BANK: RIKSBANK CATEGORY: Monetary Policy TITLE: Monetary Policy Report June 2022 DATE: 01/06/2022 SPEAKER: SPEAKER ROLE: SOURCE URL: https://www.riksbank.se/en-gb/monetary-policy/monetary-policy-report/2022/monetary-policy-report-june-2022/ DOCUMENT TYPE: html ==== EXTRACTED TEXT START ==== Monetary Policy Report, June 2022 Inflation has continued to rise rapidly and price increases are spreading through the economy. To ensure that inflation returns to the target and to counteract the high inflation becoming entrenched in price setting and wage formation, the Executive Board has decided to raise the policy rate from 0.25 per cent to 0.75 per cent. The Executive Board's forecast is that the policy rate will be raised further and that it will be close to 2 per cent at the start of next year. The Executive Board has also decided that, in the second half of the year, the Riksbank’s asset holdings shall shrink faster than was decided in April. Email Share by email - Open in new window facebook Share on Facebook - Open in new window Linkedin Share on LinkedIn - Open in new window bluesky Share on Bluesky - Open in new window copy url Share on Twitter - Open in new window Policy rate 0.75 % Applies from 6 July 2022 Policy rate, table In brief - Monetary policy June 2022 Last year, many economies recovered quickly from the crisis. Increasingly high economic activity has resulted in a strong labour market with high employment and low unemployment. However, the imbalances arising when demand increased faster than supply have been reinforced by Russia’s invasion of Ukraine and new pande",full_context_loaded,DOC_D9A8E8F54CAB,Monetary Policy Report June 2022,https://www.riksbank.se/en-gb/monetary-policy/monetary-policy-report/2022/monetary-policy-report-june-2022/,data\RIKSBANK\Monetary Policy\2022-06-01 - Monetary Policy Report June 2022.txt,false,hike,,,0.75,
RIKSBANK,2022-06-01,RIKSBANK_2022_06_D,high,True,confidence < 0.7; decision unknown; rate_change_bps missing; policy_rate_after missing; text_excerpt missing,unknown,,,0.0,unknown,hike,,,0.75,strong hike keyword,\bdecided\s+to\s+(?:increase|raise)\b,"s still far too high. The high inflation undermines purchasing power for many people and makes it more difficult for households and companies to plan their finances. To bring down inflation and safeguard the inflation target, the Executive Board has decided to raise the policy rate by 0.75 percentage points to 2.5 per cent. The forecast shows that the policy rate will probably be raised further at the beginning of next year and then be just below 3 per cent. It is still difficult to assess how inflation will de","BANK: RIKSBANK CATEGORY: Monetary Policy TITLE: Monetary Policy Report November 2022 DATE: 01/06/2022 SPEAKER: SPEAKER ROLE: SOURCE URL: https://www.riksbank.se/en-gb/monetary-policy/monetary-policy-report/2022/monetary-policy-report-november-2022/ DOCUMENT TYPE: html ==== EXTRACTED TEXT START ==== Monetary Policy Report, November 2022 Inflation is still far too high. The high inflation undermines purchasing power for many people and makes it more difficult for households and companies to plan their finances. To bring down inflation and safeguard the inflation target, the Executive Board has decided to raise the policy rate by 0.75 percentage points to 2.5 per cent. The forecast shows that the policy rate will probably be raised further at the beginning of next year and then be just below 3 per cent. It is still difficult to assess how inflation will develop and the Riksbank will adapt monetary policy as necessary to ensure that inflation is brought back to the target within a reasonable time. Email Share by email - Open in new window facebook Share on Facebook - Open in new window Linkedin Share on LinkedIn - Open in new window bluesky Share on Bluesky - Open in new window copy url Share on Twitter - Open in new window Policy rate 2.5 % Applies from 30 November 2022 Policy rate, table In brief - Monetary policy November 2022 To bring down inflation and safeguard the inflation target, the Executive Board has decided to raise the Riksbank’s policy rate by 0.75 percentage points to 2.5 per cent. Inflation is still far too high. In October CPIF inflation was 9.3 per cent. This was slightly b",full_context_loaded,DOC_AB7C59A67D04,Monetary Policy Report November 2022,https://www.riksbank.se/en-gb/monetary-policy/monetary-policy-report/2022/monetary-policy-report-november-2022/,data\RIKSBANK\Monetary Policy\2022-06-01 - Monetary Policy Report November 2022.txt,false,hike,,,0.75,
RIKSBANK,2022-06-01,RIKSBANK_2022_06_E,high,True,confidence < 0.7; decision unknown; rate_change_bps missing; policy_rate_after missing; text_excerpt missing,unknown,,,0.0,unknown,,,,0.0,,,,"BANK: RIKSBANK CATEGORY: Speeches TITLE: Ingves At The Riksdag Committee On Finance Hearing Regarding Account Of Monetary Policy 2021 DATE: 01/06/2022 SPEAKER: Stefan Ingves SPEAKER ROLE: SOURCE URL: https://www.riksbank.se/en-gb/press-and-published/speeches-and-presentations/2022/ingves-at-the-riksdag-committee-on-finance-hearing-regarding-account-of-monetary-policy-2021/ DOCUMENT TYPE: html ==== EXTRACTED TEXT START ==== Ingves at the Riksdag Committee on Finance: Hearing regarding Account of Monetary Policy 2021 On Tuesday, the entire Executive Board of the Riksbank participated in the annual hearing of the Committee on Finance on the monetary policy conducted the previous year. Governor Stefan Ingves began the hearing by summarising the monetary policy year 2021, a year marked by a rapid economic recovery and the pandemic. The fall in GDP was recovered and the employment rate rose to pre-pandemic levels. Several of the crisis measures implemented by the Riksbank at the beginning of the crisis could be phased out during the year. Date: 10/05/2022 10:00 Speaker: Governor Stefan Ingves Place: Committee on Finance, Sveriges Riksdag Email Share by email - Open in new window facebook Share on Facebook - Open in new window Linkedin Share on LinkedIn - Open in new window bluesky Share on Bluesky - Open in new window copy url Share on Twitter - Open in new window Published 10/05/2022 After being very low in 2020, inflation rose rapidly in the second half of 2021. In Sweden, the upturn in inflation was driven by sharply rising energy prices. Excluding these, cost pressures remained moderate during the year. Monetary policy was aimed at supporting the economic recovery and bringing inflation back to the target of 2 per cent. “Given the extraordinary disturbances that the world economy underwent during the pandemic, target attainment should be considered acceptable,” said Stefan Ingves. Christina Nyman, Handelsbanken and John Hassler, Stockholm University, gave their views on the Account of Monetary Policy and the policy conducted. After this, First Deputy Governor Cecilia Skingsley commented on the views of the opponents. Related content: Ingves presentation at the Riksdag Committee on Finance 10 May 2022 (pdf | 1,8 MB) Webcasts Open hearing on the Riksbank’s Account of Monetary Policy at riksdagen.se - Open in new window The report Account of Monetary Policy 2021 published on 23 March Updated 10/05/2022",full_context_loaded,DOC_90199671B24B,Ingves At The Riksdag Committee On Finance Hearing Regarding Account Of Monetary Policy 2021,https://www.riksbank.se/en-gb/press-and-published/speeches-and-presentations/2022/ingves-at-the-riksdag-committee-on-finance-hearing-regarding-account-of-monetary-policy-2021/,data\RIKSBANK\Speeches\2022-06-01 - Stefan Ingves - Ingves At The Riksdag Committee On Finance Hearing Regarding Account Of Monetary Policy 2021.txt,false,unknown,,,0.0,
RIKSBANK,2024-06-01,RIKSBANK_2024_06_A,high,True,confidence < 0.7; decision unknown; rate_change_bps missing; policy_rate_after missing; text_excerpt missing,unknown,,,0.0,unknown,,,,0.0,,,,"BANK: RIKSBANK CATEGORY: Monetary Policy TITLE: Monetary Policy Decision August 2024 DATE: 01/06/2024 SPEAKER: SPEAKER ROLE: SOURCE URL: https://www.riksbank.se/en-gb/monetary-policy/monetary-policy-report/2024/monetary-policy-decision-august-2024/ DOCUMENT TYPE: html ==== EXTRACTED TEXT START ==== Monetary policy decision August 2024 Published 20 August 2024 Email Share by email - Open in new window facebook Share on Facebook - Open in new window Linkedin Share on LinkedIn - Open in new window bluesky Share on Bluesky - Open in new window copy url Share on Twitter - Open in new window The decision in brief The policy rate cut is by 0.25 percentage points to 3.5 per cent. If the inflation outlook remains the same, the rate can be cut two or three more times this year. Inflation is close to the target and expected to remain so even in the slightly longer term. However, the outlook for inflation is uncertain. GDP growth is weak and developments on the labour market are subdued, but unemployment is not expected to rise much further. Read more: Press release Read more: Monetary policy update August 2024 Policy rate 3.50% Applies from 21 August 2024 Decision documentation Press release 20 August 2024: Policy rate cut by 0.25 percentage points to 3.5 per cent pdf 635 kB Monetary Policy Update August 2024 pdf 1,4 MB Monetary policy decision August 2024, Policy rate decision pdf 642,5 kB Numerical data, Monetary Policy Update August 2024 xlsx 228,1 kB Slides from the press conference 20 August 2024 pdf 2,3 MB Minutes of the Monetary Policy Meeting held on 19 August 2024 pdf 938,8 kB Voting by the Executive Board on interest rate decisions xlsx 168.4 kB Next monetary policy decision? The next monetary policy meeting will take place on 24 September 2024 and information on the monetary policy decision, including the policy rate, will be communicated the day after, 25 September 2024. Do you want to know more? Policy rate, deposit and lending rate What is inflation? How is inflation measured? How monetary policy affects inflation Was this information helpful? After your answear a textbox appears Yes No Do you want to leave a comment? Submit Thanks for your feedback! Your comment could not be sent, please try again later",full_context_loaded,DOC_199A730F2083,Monetary Policy Decision August 2024,https://www.riksbank.se/en-gb/monetary-policy/monetary-policy-report/2024/monetary-policy-decision-august-2024/,data\RIKSBANK\Monetary Policy\2024-06-01 - Monetary Policy Decision August 2024.txt,false,unknown,,,0.0,
RIKSBANK,2024-06-01,RIKSBANK_2024_06_F,high,True,confidence < 0.7; decision unknown; rate_change_bps missing; policy_rate_after missing; text_excerpt missing,unknown,,,0.0,unknown,,,,0.0,,,,"BANK: RIKSBANK CATEGORY: Monetary Policy TITLE: Monetary Policy Decision May 2024 DATE: 01/06/2024 SPEAKER: SPEAKER ROLE: SOURCE URL: https://www.riksbank.se/en-gb/monetary-policy/monetary-policy-report/2024/monetary-policy-decision-may-2024/ DOCUMENT TYPE: html ==== EXTRACTED TEXT START ==== Monetary policy decision May 2024 Published 8 May 2024 Email Share by email - Open in new window facebook Share on Facebook - Open in new window Linkedin Share on LinkedIn - Open in new window bluesky Share on Bluesky - Open in new window copy url Share on Twitter - Open in new window The decision in brief The policy rate cut is by 0.25 percentage points to 3.75 per cent. If the outlook for inflation stays the same, the policy rate can be cut two more times during the second half of the year. Inflation is now close to the target and is expected to remain so even in the slightly longer term. However, the outlook for inflation is uncertain. Swedish GDP growth has been weak but is expected to rise gradually. The labour market will continue to weaken for some time to come. Read more: Press release Read more: Monetary policy update May 2024 Policy rate 3.75% Applies from 15 May 2024 Decision documentation Press release 8 May 2024: Policy rate cut by 0.25 percentage points to 3.75 per cent pdf 640,3 kB Monetary policy update May 2024 pdf 1,4 MB Monetary policy decision May 2024, Policy rate decision pdf 482,3 kB Numerical data, Monetary Policy Update May 2024 xlsx 12 MB Slides from the press conference 8 May 2024 pdf 2,8 MB Minutes of the Monetary Policy Meeting held on 7 May 2024 pdf 616,8 kB Voting by the Executive Board on interest rate decisions xlsx 168.4 kB Next monetary policy decision? The next monetary policy meeting will take place on 26 June 2024 and information on the monetary policy decision, including the policy rate, will be communicated the day after, 27 June 2024. Do you want to know more? Policy rate, deposit and lending rate What is inflation? How is inflation measured? How monetary policy affects inflation Was this information helpful? After your answear a textbox appears Yes No Do you want to leave a comment? Submit Thanks for your feedback! Your comment could not be sent, please try again later",full_context_loaded,DOC_17DDA1A10CFB,Monetary Policy Decision May 2024,https://www.riksbank.se/en-gb/monetary-policy/monetary-policy-report/2024/monetary-policy-decision-may-2024/,data\RIKSBANK\Monetary Policy\2024-06-01 - Monetary Policy Decision May 2024.txt,false,unknown,,,0.0,
RIKSBANK,2025-06-01,RIKSBANK_2025_06_A,high,True,confidence < 0.7; decision unknown; rate_change_bps missing; policy_rate_after missing; text_excerpt missing,unknown,,,0.0,unknown,,,,0.0,,,,,context_missing_text_file,DOC_8CD73122936B,Monetary Policy Decision August 2025,,,false,unknown,,,0.0,
RIKSBANK,2025-06-01,RIKSBANK_2025_06_B,high,True,confidence < 0.7; decision unknown; rate_change_bps missing; policy_rate_after missing; text_excerpt missing,unknown,,,0.0,unknown,,,,0.0,,,,,context_missing_text_file,DOC_591EC2673EAC,Monetary Policy Decision December 2025,,,false,unknown,,,0.0,
RIKSBANK,2025-06-01,RIKSBANK_2025_06_C,high,True,confidence < 0.7; decision unknown; rate_change_bps missing; policy_rate_after missing; text_excerpt missing,unknown,,,0.0,unknown,,,,0.0,,,,"BANK: RIKSBANK CATEGORY: Monetary Policy TITLE: Monetary Policy Decision January 2025 DATE: 01/06/2025 SPEAKER: SPEAKER ROLE: SOURCE URL: https://www.riksbank.se/en-gb/monetary-policy/monetary-policy-report/2025/monetary-policy-decision-january-2025/ DOCUMENT TYPE: html ==== EXTRACTED TEXT START ==== Monetary policy decision January 2025 Published 29 January 2025 Email Share by email - Open in new window facebook Share on Facebook - Open in new window Linkedin Share on LinkedIn - Open in new window bluesky Share on Bluesky - Open in new window copy url Share on Twitter - Open in new window The decision in brief The policy rate is cut by 0.25 percentage points to 2.25 per cent. Inflationary pressures are in line with 2 per cent and inflation is expected to be close to target in the coming years. There are signs that an economic rebound is on the way, but activity remains weak. Read more: Press release Read more: Monetary policy update January 2025 Policy rate 2.25% Applies from 5 February 2025 Decision documentation Press release: Policy rate cut by 0.25 percentage points to 2.25 per cent pdf 638,2 kB Monetary Policy Update January 2025 pdf 1,5 MB Monetary policy decision January 2025, Policy rate decision pdf 639,4 kB Numerical data, Monetary Policy Update January 2025 xlsx 145,5 kB Slides from the press conference 29 January 2025 pdf 2 MB Minutes of the Monetary Policy Meeting held on 28 January 2025 pdf 911,2 kB Voting by the Executive Board on interest rate decisions xlsx 168.4 kB Next monetary policy decision? The next monetary policy meeting will take place on 19 March 2025 and information on the monetary policy decision, including the policy rate, will be communicated the day after, 20 March 2025 . Do you want to know more? Policy rate, deposit and lending rate What is inflation? How is inflation measured? How monetary policy affects inflation Was this information helpful? After your answear a textbox appears Yes No Do you want to leave a comment? Submit Thanks for your feedback! Your comment could not be sent, please try again later",full_context_loaded,DOC_67CCD775E23D,Monetary Policy Decision January 2025,https://www.riksbank.se/en-gb/monetary-policy/monetary-policy-report/2025/monetary-policy-decision-january-2025/,data\RIKSBANK\Monetary Policy\2025-06-01 - Monetary Policy Decision January 2025.txt,false,unknown,,,0.0,
RIKSBANK,2025-06-01,RIKSBANK_2025_06_D,high,True,confidence < 0.7; decision unknown; rate_change_bps missing; policy_rate_after missing; text_excerpt missing,unknown,,,0.0,unknown,,,,0.0,,,,,context_missing_text_file,DOC_C543F8C8851E,Monetary Policy Decision June 2025,,,false,unknown,,,0.0,
RIKSBANK,2025-06-01,RIKSBANK_2025_06_E,high,True,confidence < 0.7; decision unknown; rate_change_bps missing; policy_rate_after missing; text_excerpt missing,unknown,,,0.0,unknown,,,,0.0,,,,,context_missing_text_file,DOC_180CB4ABDD5E,Monetary Policy Decision March 2025,,,false,unknown,,,0.0,
RIKSBANK,2025-06-01,RIKSBANK_2025_06_F,high,True,confidence < 0.7; decision unknown; rate_change_bps missing; policy_rate_after missing; text_excerpt missing,unknown,,,0.0,unknown,,,,0.0,,,,,context_missing_text_file,DOC_C1A0C69C5592,Monetary Policy Decision May 2025,,,false,unknown,,,0.0,
RIKSBANK,2025-06-01,RIKSBANK_2025_06_G,high,True,confidence < 0.7; decision unknown; rate_change_bps missing; policy_rate_after missing; text_excerpt missing,unknown,,,0.0,unknown,,,,0.0,,,,,context_missing_text_file,DOC_E8609011EE65,Monetary Policy Decision November 2025,,,false,unknown,,,0.0,
RIKSBANK,2026-06-01,RIKSBANK_2026_06,high,True,confidence < 0.7; decision unknown; rate_change_bps missing; policy_rate_after missing; text_excerpt missing,unknown,,,0.0,unknown,,,,0.0,,,,,context_missing_text_file,DOC_2B28521D18DF,Monetary Policy Decision January 2026,,,false,unknown,,,0.0,
SNB,2021-03-25,SNB_2021_03,high,True,confidence < 0.7; decision unknown; rate_change_bps missing; policy_rate_after missing; text_excerpt missing,unknown,,,0.0,unknown,,,,0.0,,,,,context_missing_text_file,DOC_C1AEEA8EE7EE,Monetary policy assessment of 25 March 2021,,,false,unknown,,,0.0,
SNB,2021-06-17,SNB_2021_06,high,True,confidence < 0.7; decision unknown; rate_change_bps missing; policy_rate_after missing; text_excerpt missing,unknown,,,0.0,unknown,,,,0.0,,,,,context_missing_text_file,DOC_512A3C6A35CE,Monetary policy assessment of 17 June 2021,,,false,unknown,,,0.0,
SNB,2021-09-23,SNB_2021_09,high,True,confidence < 0.7; decision unknown; rate_change_bps missing; policy_rate_after missing; text_excerpt missing,unknown,,,0.0,unknown,,,,0.0,,,,,context_missing_text_file,DOC_2EBDFA551C91,Monetary policy assessment of 23 September 2021,,,false,unknown,,,0.0,
SNB,2021-12-16,SNB_2021_12,high,True,confidence < 0.7; decision unknown; rate_change_bps missing; policy_rate_after missing; text_excerpt missing,unknown,,,0.0,unknown,,,,0.0,,,,,context_missing_text_file,DOC_218F43BC05E5,Monetary policy assessment of 16 December 2021,,,false,unknown,,,0.0,
SNB,2022-03-24,SNB_2022_03,high,True,confidence < 0.7; decision unknown; rate_change_bps missing; policy_rate_after missing; text_excerpt missing,unknown,,,0.0,unknown,,,,0.0,,,,"BANK: SNB CATEGORY: Speeches TITLE: Thomas Jordan, Chairman of the Governing Board What are the consequences of the war in Ukraine for the SNB's monetary policy? ﻿ DATE: 29/04/2022 SPEAKER: Thomas Jordan SPEAKER ROLE: SOURCE URL: https://www.snb.ch/en/publications/communication/speeches/2022/ref_20220429_tjn DOCUMENT TYPE: html ==== EXTRACTED TEXT START ==== Speech What are the consequences of the war in Ukraine for the SNB's monetary policy? 29 April 2022 Thomas Jordan, Chairman of the Governing Board 114th Ordinary General Meeting of Shareholders of the Swiss National Bank, Berne Summary Russia's attack on Ukraine has fundamentally changed the geopolitical situation. However, it also has far-reaching economic consequences and poses the question as to whether the integration of the global economy will decrease again. The globalisation of the past thirty years or so has given rise to considerable economic interconnectedness worldwide. Greater division of labour globally, increased international investment of capital and a massive transfer of knowledge between countries have led to higher economic growth and greater prosperity. The increasing integration also had consequences for monetary policy, however, as the global production of goods considerably reduced inflationary pressure. This enabled central banks to react more strongly to adverse economic developments. In the past 15 years, they have repeatedly eased their monetary policies during crises to prevent severe economic declines and persistently negative inflation rates. As a result of the coronavirus pandemic, the major economic blocs began 2022 with significantly higher inflation rates, and the war and sanctions against Russia have led to a marked rise in energy and commodity prices, thus increasing inflationary pressure further. The war will impact on the real economy, and the scale of the consequences is still difficult to assess. There are important questions for monetary policy: How broad and persistent is the current inflationary pressure? To what extent will the global economy be curbed? These are pertinent questions in Switzerland, too, although inflationary pressure here is comparatively moderate. The war in Ukraine is likely to have longer-term consequences beyond this. From the current perspective, it appears possible that the degree of integration in the global economy will decrease again. This would have a major impact on inflation and the economy, the two most important variables for mo",full_context_loaded,DOC_021940B3A5F5,"Thomas Jordan, Chairman of the Governing Board What are the consequences of the war in Ukraine for the SNB's monetary policy? ﻿",https://www.snb.ch/en/publications/communication/speeches/2022/ref_20220429_tjn,"data\SNB\Speeches\2022-04-29 - Thomas Jordan - Thomas Jordan, Chairman of the Governing Board What are the consequences of the war in Ukraine for the SNB's monetary pol.txt",false,unknown,,,0.0,
SNB,2022-06-16,SNB_2022_06,high,True,confidence < 0.7; decision unknown; rate_change_bps missing; policy_rate_after missing; text_excerpt missing,unknown,,,0.0,unknown,,,,0.0,,,,"BANK: SNB CATEGORY: Speeches TITLE: Thomas Jordan, Chairman of the Governing Board Monetary policy under new constraints: challenges for the Swiss National Bank ﻿ DATE: 27/08/2022 SPEAKER: Thomas Jordan SPEAKER ROLE: SOURCE URL: https://www.snb.ch/en/publications/communication/speeches/2022/ref_20220827_tjn DOCUMENT TYPE: html ==== EXTRACTED TEXT START ==== Speech Monetary policy under new constraints: challenges for the Swiss National Bank 27 August 2022 Thomas Jordan, Chairman of the Governing Board Jackson Hole Economic Policy Symposium: Reassessing Constraints on the Economy and Policy, Jackson Hole Summary The pandemic and the war in Ukraine have fundamentally changed the constraints on monetary policy. Uncertainty has increased strongly in many respects, and there has been a sharp rise in inflation. In June 2022, the SNB raised its policy rate for the first time in 15 years and announced that further increases may be necessary in the foreseeable future. The decision was taken against a backdrop of high uncertainty. Interpreting the current data is difficult, particularly distinguishing between temporary and sustained inflationary pressure. The longer-term outlook for monetary policy is also highly uncertain. Structural factors such as the green transition or deglobalisation could lead to persistently higher inflationary pressure in the coming years. In the post-pandemic era, ensuring price stability must be the absolute priority. A high level of uncertainty will remain over the medium to long term. In this uncertain environment, a good analytical framework is crucial. In order to conduct effective and robust monetary policy in both deflationary and inflationary regimes, a sensible institutional framework is also needed. Two factors are particularly important here. The first is seeking to achieve low inflation while at the same time allowing a certain amount of fluctuation. As a small open economy, Switzerland is constantly exposed to disruptions from abroad. The SNB's approach is to tolerate different levels of inflation within the price stability range, depending on the situation at hand. The second important factor is a narrow monetary policy mandate. A mandate that is interpreted too broadly blurs the clear focus of monetary policy on price stability and threatens a central bank's independence. Download file now Monetary policy under new constraints: challenges for the Swiss National Bank Author(s) Thomas Jordan Chairman of the Governing Board",full_context_loaded,DOC_E88E71F66A2A,"Thomas Jordan, Chairman of the Governing Board Monetary policy under new constraints: challenges for the Swiss National Bank ﻿",https://www.snb.ch/en/publications/communication/speeches/2022/ref_20220827_tjn,"data\SNB\Speeches\2022-08-27 - Thomas Jordan - Thomas Jordan, Chairman of the Governing Board Monetary policy under new constraints_ challenges for the Swiss National B.txt",false,unknown,,,0.0,
SNB,2022-09-22,SNB_2022_09,high,True,confidence < 0.7; decision unknown; rate_change_bps missing; policy_rate_after missing; text_excerpt missing,unknown,,,0.0,unknown,,,,0.0,,,,,context_missing_text_file,DOC_A347AC867C0C,Monetary policy assessment of 22 September 2022,,,false,unknown,,,0.0,
SNB,2022-12-15,SNB_2022_12,high,True,confidence < 0.7; decision unknown; rate_change_bps missing; policy_rate_after missing; text_excerpt missing,unknown,,,0.0,unknown,,,,0.0,,,,,context_missing_text_file,DOC_8912235BE406,Monetary policy assessment of 15 December 2022,,,false,unknown,,,0.0,
SNB,2023-03-23,SNB_2023_03,high,True,confidence < 0.7; decision unknown; rate_change_bps missing; policy_rate_after missing; text_excerpt missing,unknown,,,0.0,unknown,,,,0.0,,,,,context_missing_text_file,DOC_364CEF525979,Monetary policy assessment of 23 March 2023,,,false,unknown,,,0.0,
SNB,2023-06-22,SNB_2023_06,high,True,confidence < 0.7; decision unknown; rate_change_bps missing; policy_rate_after missing; text_excerpt missing,unknown,,,0.0,unknown,,,,0.0,,,,,context_missing_text_file,DOC_3B86FB1567A8,Monetary policy assessment of 22 June 2023,,,false,unknown,,,0.0,
SNB,2023-09-21,SNB_2023_09,high,True,confidence < 0.7; decision unknown; rate_change_bps missing; policy_rate_after missing; text_excerpt missing,unknown,,,0.0,unknown,,,,0.0,,,,"BANK: SNB CATEGORY: Speeches TITLE: Thomas Moser, Alternate Member of the Governing Board Implementing monetary policy with positive interest rates and a large balance sheet: First experiences ﻿ DATE: 09/11/2023 SPEAKER: Thomas Moser SPEAKER ROLE: SOURCE URL: https://www.snb.ch/en/publications/communication/speeches/2023/ref_20231109_tmo DOCUMENT TYPE: html ==== EXTRACTED TEXT START ==== Speech Implementing monetary policy with positive interest rates and a large balance sheet: First experiences 9 November 2023 Thomas Moser, Alternate Member of the Governing Board Money Market Event, Geneva Summary In September 2022, the Swiss National Bank (SNB) raised its policy rate back into positive territory. At the same time, it adopted a new approach to implementing monetary policy in the money market. This approach employs two levers: the tiered remuneration of reserves, also referred to as reserve tiering, and reserve absorption. The speech explains why, with a large central bank balance sheet, remunerating the reserve holdings of commercial banks is the only practical way to achieve positive money market interest rates. It also reviews the SNB's experience with the new implementation approach and discusses an adjustment to the reserve tiering framework - the lowering of the threshold factor from 28 to 25 - which will take effect on 1 December 2023. In addition, the speech touches on how the ongoing reduction of central bank balance sheets may affect monetary policy implementation frameworks: Should central banks return to the implementation frameworks in use before the Global Financial Crisis? Download file now Implementing monetary policy with positive interest rates and a large balance sheet: First experiences Author(s) Thomas Moser Alternate Member of the Governing Board",full_context_loaded,DOC_FEF3A46EDDB2,"Thomas Moser, Alternate Member of the Governing Board Implementing monetary policy with positive interest rates and a large balance sheet: First experiences ﻿",https://www.snb.ch/en/publications/communication/speeches/2023/ref_20231109_tmo,"data\SNB\Speeches\2023-11-09 - Thomas Moser - Thomas Moser, Alternate Member of the Governing Board Implementing monetary policy with positive interest rates and a larg.txt",false,unknown,,,0.0,
SNB,2023-12-14,SNB_2023_12,high,True,confidence < 0.7; decision unknown; rate_change_bps missing; policy_rate_after missing; text_excerpt missing,unknown,,,0.0,unknown,,,,0.0,,,,,context_missing_text_file,DOC_D81573691747,Monetary policy assessment of 14 December 2023,,,false,unknown,,,0.0,
SNB,2024-03-21,SNB_2024_03,high,True,confidence < 0.7; decision unknown; rate_change_bps missing; policy_rate_after missing; text_excerpt missing,unknown,,,0.0,unknown,,,,0.0,,,,"BANK: SNB CATEGORY: Speeches TITLE: Thomas Jordan, Chairman of the Governing Board The natural rate of interest (r*) as a reference point for monetary policy - a practitioner's view ﻿ DATE: 30/05/2024 SPEAKER: Thomas Jordan SPEAKER ROLE: SOURCE URL: https://www.snb.ch/en/publications/communication/speeches/2024/ref_20240530_tjn DOCUMENT TYPE: html ==== EXTRACTED TEXT START ==== Speech The natural rate of interest (r*) as a reference point for monetary policy - a practitioner's view 30 May 2024 Thomas Jordan, Chairman of the Governing Board The natural rate of interest (r*) as a reference point for monetary policy - a practitioner's view, Seoul Summary Over the past years, the natural rate of interest (r*) - defined as the real interest rate consistent with stable inflation in an economy operating at full capacity in the medium term - has become an important reference point for monetary policy. The difference between the real interest rate and r* gives a measure of a central bank's monetary policy stance. Monetary policy is restrictive if the real interest rate is above r* and it is expansionary if it is below r*. Therefore, evaluating where the real interest rate is relative to r* helps to structure discussions about monetary policy options. However, r* is unobserved and has to be estimated from the data. These estimates are subject to considerable uncertainty, which complicates their use in the monetary policy process. Nevertheless, neglecting r* estimates in practical monetary policy considerations would be a mistake. Given the uncertainty surrounding r* estimates, it is an important task of our economists to form a robust view on r*. They derive this view from a portfolio of different models and cross-check the results against a broader set of indicators to arrive at a measure of r* that is useful for monetary policymaking. This measure plays an important role in our monetary policy decisions. First, it is an important element in assessing monetary conditions. However, other factors - such as real exchange rates - also play an important part in this assessment at the SNB. Second, the deviation of the real interest rate from r* is essential for our inflation forecast and thus for gauging medium-term inflationary pressure. Uncertainty surrounding r* estimates can be narrowed down to some extent, but it cannot be eliminated. Our risk management approach to monetary policymaking acknowledges the uncertainty and prescribes that policy decisions be appropriat",full_context_loaded,DOC_0A39EA75F1CA,"Thomas Jordan, Chairman of the Governing Board The natural rate of interest (r*) as a reference point for monetary policy - a practitioner's view ﻿",https://www.snb.ch/en/publications/communication/speeches/2024/ref_20240530_tjn,"data\SNB\Speeches\2024-05-30 - Thomas Jordan - Thomas Jordan, Chairman of the Governing Board The natural rate of interest (r_) as a reference point for monetary policy.txt",false,unknown,,,0.0,
SNB,2024-06-20,SNB_2024_06,high,True,confidence < 0.7; decision unknown; rate_change_bps missing; policy_rate_after missing; text_excerpt missing,unknown,,,0.0,unknown,,,,0.0,,,,,context_missing_text_file,DOC_79584DA71B1E,Monetary policy assessment of 20 June 2024,,,false,unknown,,,0.0,
SNB,2024-09-26,SNB_2024_09,high,True,confidence < 0.7; decision unknown; rate_change_bps missing; policy_rate_after missing; text_excerpt missing,unknown,,,0.0,unknown,,,,0.0,,,,,context_missing_text_file,DOC_546A67A88DB6,Monetary policy assessment of 26 September 2024,,,false,unknown,,,0.0,
SNB,2024-12-12,SNB_2024_12,high,True,confidence < 0.7; decision unknown; rate_change_bps missing; policy_rate_after missing; text_excerpt missing,unknown,,,0.0,unknown,,,,0.0,,,,,context_missing_text_file,DOC_C4A75F6B4E17,Monetary policy assessment of 12 December 2024,,,false,unknown,,,0.0,
SNB,2025-03-20,SNB_2025_03,high,True,confidence < 0.7; decision unknown; rate_change_bps missing; policy_rate_after missing; text_excerpt missing,unknown,,,0.0,unknown,,,,0.0,,,,,context_missing_text_file,DOC_0B31EF8C2E31,Monetary policy assessment of 20 March 2025,,,false,unknown,,,0.0,
SNB,2025-06-19,SNB_2025_06,high,True,confidence < 0.7; decision unknown; rate_change_bps missing; policy_rate_after missing; text_excerpt missing,unknown,,,0.0,unknown,,,,0.0,,,,,context_missing_text_file,DOC_40EAC689D7E2,Monetary policy assessment of 19 June 2025,,,false,unknown,,,0.0,
SNB,2025-12-11,SNB_2025_12,high,True,confidence < 0.7; decision unknown; rate_change_bps missing; policy_rate_after missing; text_excerpt missing,unknown,,,0.0,unknown,,,,0.0,,,,,context_missing_text_file,DOC_8B7666528F69,Monetary policy assessment of 11 December 2025,,,false,unknown,,,0.0,
SNB,2026-03-19,SNB_2026_03,high,True,confidence < 0.7; decision unknown; rate_change_bps missing; policy_rate_after missing; text_excerpt missing,unknown,,,0.0,unknown,,,,0.0,,,,,context_missing_text_file,DOC_249383AB1F59,Monetary policy assessment of 19 March 2026,,,false,unknown,,,0.0,
BOC,2024-06-05,BOC_2024_06_A,medium,True,confidence < 0.7; policy_rate_after missing; keyword extraction,hold,0.0,,0.5,explicit_unchanged_keyword,,,,0.0,,,,"BANK: BOC CATEGORY: Monetary Policy TITLE: Bank of Canada Interest Rate Announcement DATE: 05/06/2024 SPEAKER: SPEAKER ROLE: SOURCE URL: https://www.bankofcanada.ca/2024/06/bank-canada-interest-rate-announcement-june-5-2024/ DOCUMENT TYPE: html ==== EXTRACTED TEXT START ==== Bank of Canada Interest Rate Announcement June 5, 2024 Share this page on Facebook Share this page on Facebook Share this page on X Share this page on X Share this page on LinkedIn Share this page on LinkedIn Share this page by email Share this page by email OTTAWA - On Wednesday, June 5, 2024, the Bank of Canada will announce its decision on the target for the overnight rate. A press release will provide a brief explanation of the decision. Time 09:45 (Eastern Time) Lock-Up At 08:15 (ET), journalists are invited to review the rate announcement press release, under embargo , at the Bank’s head office in Ottawa. Please use the Bank of Canada Museum entrance, located at 30 Bank Street (corner of Bank and Wellington), and bring photo ID. For security reasons, journalists wishing to attend must confirm their presence by contacting Media Relations before noon (ET) on Tuesday, June 4, 2024. Those who have not registered will not be admitted to the lock-up. At 9:45 (ET), the lock-up ends and the embargo is lifted. Distribution The press release will be available at 09:45 (ET) on the Bank’s website . Media Availability At 10:30 (ET) Tiff Macklem, Governor of the Bank of Canada, and Carolyn Rogers, Senior Deputy Governor, will hold a press conference in the Bank of Canada’s auditorium. The opening statement will be available on the Bank’s website at 9:45 (ET). For security reasons, all media wishing to attend must register with the Bank in advance. To register, please contact Media Relations before 17:00 (ET) on Tuesday, June 4, 2024. Journalists, camera operators and still photographers who have not registered will not be admitted to the press conference. Please use the Bank of Canada Museum entrance, located at 30 Bank Street (corner of Bank and Wellington), and bring photo ID. Broadcasters needing to set up equipment will be granted access beginning at 9:45 (ET). Accredited journalists who wish to participate remotely must contact Media Relations for connection information. Webcast Audio and video webcasts of the press conference will be accessible from the Bank’s website . Note For more information, please contact Media Relations . Content Type(s) : Press , Media advisories Press Conference",full_context_loaded,DOC_F1EAD218ED7F,Bank of Canada Interest Rate Announcement,https://www.bankofcanada.ca/2024/06/bank-canada-interest-rate-announcement-june-5-2024/,data\BOC\Monetary Policy\2024-06-05 - Bank of Canada Interest Rate Announcement.txt,false,hold,0.0,,0.5,
BOC,2024-09-04,BOC_2024_09,medium,True,confidence < 0.7; policy_rate_after missing; keyword extraction,hold,0.0,,0.5,explicit_unchanged_keyword,,,,0.0,,,,"BANK: BOC CATEGORY: Monetary Policy TITLE: Bank of Canada Interest Rate Announcement DATE: 04/09/2024 SPEAKER: SPEAKER ROLE: SOURCE URL: https://www.bankofcanada.ca/2024/09/bank-canada-interest-rate-announcement-september-4-2024/ DOCUMENT TYPE: html ==== EXTRACTED TEXT START ==== Bank of Canada Interest Rate Announcement September 4, 2024 Share this page on Facebook Share this page on Facebook Share this page on X Share this page on X Share this page on LinkedIn Share this page on LinkedIn Share this page by email Share this page by email OTTAWA - On Wednesday, September 4, 2024, the Bank of Canada will announce its decision on the target for the overnight rate. A press release will provide a brief explanation of the decision. Time 09:45 (Eastern Time) Lock-Up At 08:15 (ET), journalists are invited to review the rate announcement press release, under embargo, at the Bank’s head office in Ottawa. Please use the Bank of Canada Museum entrance, located at 30 Bank Street (corner of Bank and Wellington), and bring photo ID. For security reasons, journalists wishing to attend must confirm their presence by contacting Media Relations before noon (ET) on Tuesday, September 3, 2024. Those who have not registered will not be admitted to the lock-up. At 09:45 (ET), the lock-up ends and the embargo is lifted. Distribution The press release will be available at 09:45 (ET) on the Bank’s website . Media Availability At 10:30 (ET) Tiff Macklem, Governor of the Bank of Canada, and Carolyn Rogers, Senior Deputy Governor, will hold a press conference in the Bank of Canada’s auditorium. The opening statement will be available on the Bank’s website at 09:45 (ET). For security reasons, all media wishing to attend must register with the Bank in advance.To register, please contact Media Relations before 17:00 (ET) on Tuesday, September 3, 2024. Journalists, camera operators and still photographers who have not registered will not be admitted to the press conference. Please use the Bank of Canada Museum entrance, located at 30 Bank Street (corner of Bank and Wellington), and bring photo ID. Broadcasters needing to set up equipment will be granted access beginning at 09:45 (ET). Accredited journalists who wish to participate remotely must contact Media Relations for connection information. Webcast Audio and video webcasts of the press conference will be accessible from the Bank’s website . Note For more information, please contact Media Relations . Content Type(s) : Press , Media a",full_context_loaded,DOC_01B6D5B757F1,Bank of Canada Interest Rate Announcement,https://www.bankofcanada.ca/2024/09/bank-canada-interest-rate-announcement-september-4-2024/,data\BOC\Monetary Policy\2024-09-04 - Bank of Canada Interest Rate Announcement.txt,false,hold,0.0,,0.5,
BOC,2024-12-11,BOC_2024_12,medium,True,confidence < 0.7; policy_rate_after missing; keyword extraction,hold,0.0,,0.5,explicit_unchanged_keyword,,,,0.0,,,,"BANK: BOC CATEGORY: Monetary Policy TITLE: Bank of Canada Interest Rate Announcement DATE: 11/12/2024 SPEAKER: SPEAKER ROLE: SOURCE URL: https://www.bankofcanada.ca/2024/12/bank-canada-interest-rate-announcement-december-11-2024/ DOCUMENT TYPE: html ==== EXTRACTED TEXT START ==== Bank of Canada Interest Rate Announcement December 11, 2024 Share this page on Facebook Share this page on Facebook Share this page on X Share this page on X Share this page on LinkedIn Share this page on LinkedIn Share this page by email Share this page by email OTTAWA - On Wednesday, December 11, 2024, the Bank of Canada will announce its decision on the target for the overnight rate. A press release will provide a brief explanation of the decision. Time 09:45 (Eastern Time) Lock-Up At 08:15 (ET), journalists are invited to review the rate announcement press release, under embargo, at the Bank’s head office in Ottawa. Please use the Bank of Canada Museum entrance, located at 30 Bank Street (corner of Bank and Wellington), and bring photo ID. For security reasons, journalists wishing to attend must confirm their presence by contacting Media Relations before noon (ET) on Tuesday, December 10, 2024. Those who have not registered will not be admitted to the lock-up. At 9:45 (ET), the lock-up ends and the embargo is lifted. Distribution The press release will be available at 09:45 (ET) on the Bank’s website . Media Availability At 10:30 (ET) Tiff Macklem, Governor of the Bank of Canada, and Carolyn Rogers, Senior Deputy Governor, will hold a press conference in the Bank of Canada’s auditorium. The opening statement will be available on the Bank’s website at 9:45 (ET). For security reasons, all media wishing to attend must register with the Bank in advance.To register, please contact Media Relations before 17:00 (ET) on Tuesday, December 10, 2024. Journalists, camera operators and still photographers who have not registered will not be admitted to the press conference. Please use the Bank of Canada Museum entrance, located at 30 Bank Street (corner of Bank and Wellington), and bring photo ID. Broadcasters needing to set up equipment will be granted access beginning at 9:45 (ET). Accredited journalists who wish to participate remotely must contact Media Relations for connection information. Webcast Audio and video webcasts of the press conference will be accessible from the Bank’s website . Note For more information, please contact Media Relations . Content Type(s) : Press , Media advi",full_context_loaded,DOC_E3C08C98EC76,Bank of Canada Interest Rate Announcement,https://www.bankofcanada.ca/2024/12/bank-canada-interest-rate-announcement-december-11-2024/,data\BOC\Monetary Policy\2024-12-11 - Bank of Canada Interest Rate Announcement.txt,false,hold,0.0,,0.5,
BOC,2025-03-12,BOC_2025_03,medium,True,confidence < 0.7; policy_rate_after missing; keyword extraction,hold,0.0,,0.5,explicit_unchanged_keyword,,,,0.0,,,,"BANK: BOC CATEGORY: Monetary Policy TITLE: Bank of Canada Interest Rate Announcement DATE: 12/03/2025 SPEAKER: SPEAKER ROLE: SOURCE URL: https://www.bankofcanada.ca/2025/03/bank-canada-interest-rate-announcement-march-12-2025/ DOCUMENT TYPE: html ==== EXTRACTED TEXT START ==== Bank of Canada Interest Rate Announcement March 12, 2025 Share this page on Facebook Share this page on Facebook Share this page on X Share this page on X Share this page on LinkedIn Share this page on LinkedIn Share this page by email Share this page by email OTTAWA - On Wednesday, March 12, 2025, the Bank of Canada will announce its decision on the target for the overnight rate. A press release will provide a brief explanation of the decision. Time 09:45 (Eastern Time) Lock-Up At 08:00 (ET), journalists are invited to review the rate announcement press release, under embargo, at the Bank’s head office in Ottawa. Please use the Bank of Canada Museum entrance, located at 30 Bank Street (corner of Bank and Wellington), and bring photo ID. For security reasons, journalists wishing to attend must confirm their presence by contacting Media Relations before noon (ET) on Tuesday, March 11, 2025. Those who have not registered will not be admitted to the lock-up. At 9:45 (ET), the lock-up ends and the embargo is lifted. Distribution The rate announcement press release will be available at 09:45 (ET) on the Bank’s website . Media Availability At 10:30 (ET) Tiff Macklem, Governor of the Bank of Canada, and Carolyn Rogers, Senior Deputy Governor, will hold a press conference in the Bank of Canada’s auditorium. The opening statement will be available on the Bank’s website at 9:45 (ET). For security reasons, all media wishing to attend must register with the Bank in advance.To register, please contact Media Relations before 17:00 (ET) on Tuesday, March 11, 2025. Journalists, camera operators and still photographers who have not registered will not be admitted to the press conference. Please use the Bank of Canada Museum entrance, located at 30 Bank Street (corner of Bank and Wellington), and bring photo ID. Broadcasters needing to set up equipment will be granted access beginning at 9:45 (ET) . Accredited journalists who wish to participate remotely must contact Media Relations for connection information. Webcast Audio and video webcasts of the press conference will be accessible from the Bank’s website . Note For more information, please contact Media Relations . Content Type(s) : Press , Media",full_context_loaded,DOC_779D85D625B8,Bank of Canada Interest Rate Announcement,https://www.bankofcanada.ca/2025/03/bank-canada-interest-rate-announcement-march-12-2025/,data\BOC\Monetary Policy\2025-03-12 - Bank of Canada Interest Rate Announcement.txt,false,hold,0.0,,0.5,
BOC,2025-06-04,BOC_2025_06,medium,True,confidence < 0.7; policy_rate_after missing; keyword extraction,hold,0.0,,0.5,explicit_unchanged_keyword,,,,0.0,,,,"BANK: BOC CATEGORY: Monetary Policy TITLE: Bank of Canada Interest Rate Announcement DATE: 04/06/2025 SPEAKER: SPEAKER ROLE: SOURCE URL: https://www.bankofcanada.ca/2025/06/bank-canada-interest-rate-announcement-june-4-2025/ DOCUMENT TYPE: html ==== EXTRACTED TEXT START ==== Bank of Canada Interest Rate Announcement June 4, 2025 Share this page on Facebook Share this page on Facebook Share this page on X Share this page on X Share this page on LinkedIn Share this page on LinkedIn Share this page by email Share this page by email OTTAWA - On Wednesday, June 4, 2025, the Bank of Canada will announce its decision on the target for the overnight rate. A press release will provide a brief explanation of the decision. Time 09:45 (Eastern Time) Lock-Up At 08:00 (ET), journalists are invited to review the rate announcement press release, under embargo, at the Bank’s head office in Ottawa. Please use the Bank of Canada Museum entrance, located at 30 Bank Street (corner of Bank and Wellington), and bring photo ID. For security reasons, journalists wishing to attend must confirm their presence by contacting Media Relations before noon (ET) on Tuesday, June 3, 2025. Those who have not registered will not be admitted to the lock-up. At 9:45 (ET), the lock-up ends and the embargo is lifted. Distribution The rate announcement press release will be available at 09:45 (ET) on the Bank’s website . Media Availability At 10:30 (ET) Tiff Macklem, Governor of the Bank of Canada, and Carolyn Rogers, Senior Deputy Governor, will hold a press conference in the Bank of Canada’s auditorium. The opening statement will be available on the Bank’s website at 9:45 (ET). For security reasons, all media wishing to attend must register with the Bank in advance. To register, please contact Media Relations before 17:00 (ET) on Tuesday, June 3, 2025. Journalists, camera operators and still photographers who have not registered will not be admitted to the press conference. Please use the Bank of Canada Museum entrance, located at 30 Bank Street (corner of Bank and Wellington), and bring photo ID. Broadcasters needing to set up equipment will be granted access beginning at 9:45 (ET). Accredited journalists who wish to participate remotely must contact Media Relations for connection information. Webcast Audio and video webcasts of the press conference will be accessible from the Bank’s website . Note For more information, please contact Media Relations . Content Type(s) : Press , Media advisories",full_context_loaded,DOC_CC9B4BF65709,Bank of Canada Interest Rate Announcement,https://www.bankofcanada.ca/2025/06/bank-canada-interest-rate-announcement-june-4-2025/,data\BOC\Monetary Policy\2025-06-04 - Bank of Canada Interest Rate Announcement.txt,false,hold,0.0,,0.5,
BOC,2025-09-17,BOC_2025_09,medium,True,confidence < 0.7; policy_rate_after missing; keyword extraction,hold,0.0,,0.5,explicit_unchanged_keyword,,,,0.0,,,,"BANK: BOC CATEGORY: Monetary Policy TITLE: Bank of Canada Interest Rate Announcement DATE: 17/09/2025 SPEAKER: SPEAKER ROLE: SOURCE URL: https://www.bankofcanada.ca/2025/09/bank-canada-interest-rate-announcement-september-17-2025/ DOCUMENT TYPE: html ==== EXTRACTED TEXT START ==== Bank of Canada Interest Rate Announcement September 17, 2025 Share this page on Facebook Share this page on Facebook Share this page on X Share this page on X Share this page on LinkedIn Share this page on LinkedIn Share this page by email Share this page by email OTTAWA - On Wednesday, September 17, 2025, the Bank of Canada will announce its decision on the target for the overnight rate. A press release will provide a brief explanation of the decision. Time 09:45 (Eastern Time) Lock-Up At 08:00 (ET), journalists are invited to review the rate announcement press release, under embargo, at the Bank’s head office in Ottawa. Please use the Bank of Canada Museum entrance, located at 30 Bank Street (corner of Bank and Wellington), and bring photo ID. For security reasons, journalists wishing to attend must confirm their presence by contacting Media Relations before noon (ET) on Tuesday, September 16, 2025. Those who have not registered will not be admitted to the lock-up. At 9:45 (ET), the lock-up ends and the embargo is lifted. Distribution The rate announcement press release will be available at 09:45 (ET) on the Bank’s website . Media Availability At 10:30 (ET) Tiff Macklem, Governor of the Bank of Canada, and Carolyn Rogers, Senior Deputy Governor, will hold a press conference in the Bank of Canada’s auditorium. The opening statement will be available on the Bank’s website at 9:45 (ET). For security reasons, all media wishing to attend must register with the Bank in advance.To register, please contact Media Relations before 17:00 (ET) on Tuesday, September 16, 2025. Journalists, camera operators and still photographers who have not registered will not be admitted to the press conference. Please use the Bank of Canada Museum entrance, located at 30 Bank Street (corner of Bank and Wellington), and bring photo ID. Broadcasters needing to set up equipment will be granted access beginning at 9:45 (ET). Accredited journalists who wish to participate remotely must contact Media Relations for connection information. Webcast Audio and video webcasts of the press conference will be accessible from the Bank’s website . Note For more information, please contact Media Relations . Content Type(",full_context_loaded,DOC_9557ADF0277D,Bank of Canada Interest Rate Announcement,https://www.bankofcanada.ca/2025/09/bank-canada-interest-rate-announcement-september-17-2025/,data\BOC\Monetary Policy\2025-09-17 - Bank of Canada Interest Rate Announcement.txt,false,hold,0.0,,0.5,
BOC,2025-12-10,BOC_2025_12_A,medium,True,confidence < 0.7; policy_rate_after missing; keyword extraction,hold,0.0,,0.5,explicit_unchanged_keyword,,,,0.0,,,,"BANK: BOC CATEGORY: Monetary Policy TITLE: Bank of Canada Interest Rate Announcement DATE: 10/12/2025 SPEAKER: SPEAKER ROLE: SOURCE URL: https://www.bankofcanada.ca/2025/12/bank-of-canada-interest-rate-announcement-2025-12-10/ DOCUMENT TYPE: html ==== EXTRACTED TEXT START ==== Bank of Canada Interest Rate Announcement December 10, 2025 Share this page on Facebook Share this page on Facebook Share this page on X Share this page on X Share this page on LinkedIn Share this page on LinkedIn Share this page by email Share this page by email OTTAWA - On Wednesday, December 10, 2025, the Bank of Canada will announce its decision on the target for the overnight rate. A press release will provide a brief explanation of the decision. Time 09:45 (Eastern Time) Lock-Up At 08:00 (ET), journalists are invited to review the rate announcement press release, under embargo, at the Bank’s head office in Ottawa. Please use the Bank of Canada Museum entrance, located at 30 Bank Street (corner of Bank and Wellington), and bring photo ID. For security reasons, journalists wishing to attend must confirm their presence by contacting Media Relations before noon (ET) on Tuesday, December 9, 2025. Those who have not registered will not be admitted to the lock-up. At 9:45 (ET), the lock-up ends and the embargo is lifted. Distribution The rate announcement press release will be available at 09:45 (ET) on the Bank’s website . Media Availability At 10:30 (ET) Tiff Macklem, Governor of the Bank of Canada, and Carolyn Rogers, Senior Deputy Governor, will hold a press conference in the Bank of Canada’s auditorium. The opening statement will be available on the Bank’s website at 9:45 (ET). For security reasons, all media wishing to attend must register with the Bank in advance. To register, please contact Media Relations before 17:00 (ET) on Tuesday, December 9, 2025. Journalists, camera operators and still photographers who have not registered will not be admitted to the press conference. Please use the Bank of Canada Museum entrance, located at 30 Bank Street (corner of Bank and Wellington), and bring photo ID. Broadcasters needing to set up equipment will be granted access beginning at 9:45 (ET). Accredited journalists who wish to participate remotely must contact Media Relations for connection information. Webcast Audio and video webcasts of the press conference will be accessible from the Bank’s website . Note For more information, please contact Media Relations . Content Type(s) : Pres",full_context_loaded,DOC_58B67E58A9A5,Bank of Canada Interest Rate Announcement,https://www.bankofcanada.ca/2025/12/bank-of-canada-interest-rate-announcement-2025-12-10/,data\BOC\Monetary Policy\2025-12-10 - Bank of Canada Interest Rate Announcement.txt,false,hold,0.0,,0.5,
BOC,2026-03-18,BOC_2026_03_A,medium,True,confidence < 0.7; policy_rate_after missing; keyword extraction,hold,0.0,,0.5,explicit_unchanged_keyword,,,,0.0,,,,"BANK: BOC CATEGORY: Monetary Policy TITLE: Bank of Canada Interest Rate Announcement DATE: 18/03/2026 SPEAKER: SPEAKER ROLE: SOURCE URL: https://www.bankofcanada.ca/2026/03/bank-of-canada-interest-rate-announcement-2026-03-18/ DOCUMENT TYPE: html ==== EXTRACTED TEXT START ==== Bank of Canada Interest Rate Announcement March 18, 2026 Share this page on Facebook Share this page on Facebook Share this page on X Share this page on X Share this page on LinkedIn Share this page on LinkedIn Share this page by email Share this page by email OTTAWA - On Wednesday, March 18, 2026, the Bank of Canada will announce its decision on the target for the overnight rate. A press release will provide a brief explanation of the decision. Time 09:45 (Eastern Time) Lock-Up At 08:00 (ET), journalists are invited to review the rate announcement press release, under embargo, at the Bank’s head office in Ottawa. Please use the Bank of Canada Museum entrance, located at 30 Bank Street (corner of Bank and Wellington), and bring photo ID. For security reasons, journalists wishing to attend must confirm their presence by contacting Media Relations before noon (ET) on Tuesday, March 17, 2026. Those who have not registered will not be admitted to the lock-up. At 9:45 (ET), the lock-up ends and the embargo is lifted. Distribution The rate announcement press release will be available at 09:45 (ET) on the Bank’s website . Media Availability At 10:30 (ET) Tiff Macklem, Governor of the Bank of Canada, and Carolyn Rogers, Senior Deputy Governor, will hold a press conference in the Bank of Canada’s auditorium. The opening statement will be available on the Bank’s website at 9:45 (ET). For security reasons, all media wishing to attend must register with the Bank in advance. To register, please contact Media Relations before 17:00 (ET) on Tuesday, March 17, 2026. Journalists, camera operators and still photographers who have not registered will not be admitted to the press conference. Please use the Bank of Canada Museum entrance, located at 30 Bank Street (corner of Bank and Wellington), and bring photo ID. Broadcasters needing to set up equipment will be granted access beginning at 9:45 (ET). Accredited journalists who wish to participate remotely must contact Media Relations for connection information. Webcast Audio and video webcasts of the press conference will be accessible from the Bank’s website . Note For more information, please contact Media Relations . Content Type(s) : Press , Media",full_context_loaded,DOC_C78A323CFD04,Bank of Canada Interest Rate Announcement,https://www.bankofcanada.ca/2026/03/bank-of-canada-interest-rate-announcement-2026-03-18/,data\BOC\Monetary Policy\2026-03-18 - Bank of Canada Interest Rate Announcement.txt,false,hold,0.0,,0.5,
BOE,2022-06-01,BOE_2022_06_B,medium,True,confidence < 0.7; policy_rate_after missing; keyword extraction,hold,0.0,,0.5,explicit_unchanged_keyword,hold,0.0,0.5,0.9,strong hold keyword,\b(remains|remain)\s+at\b,"of the forecast period (Chart 1.2). Monetary Policy Report February 2022 Section 1: The economic outlook 5 Chart 1.1: GDP projection based on market interest rate expectations, other policy measures as announced (1) The assumption is that Bank Rate remains at 0.5% throughout the three years of the forecast period, before moving towards the market path over the subsequent three years. Chart 1.2: GDP growth projection based on market interest rate expectations, other policy measures as announced The fan ch","ond six months, four-quarter world export price inflation, including energy, is expected to fall sharply and turn negative early next year. This takes time to feed through to global consumer price inflation, which falls back more slowly. UK growth UK GDP growth slows over the forecast period, mainly driven by lower growth in demand. Four-quarter UK GDP growth is estimated to have been 6.4% in 2021 Q4, with monthly output regaining its pre‑pandemic level in November, as the impact of Covid continued to dissipate and spending was supported by monetary and fiscal policy (Chart 1.1). The pace of expansion eases over the projection, driven mainly by slower growth in demand. Four-quarter GDP growth slows to around 1% in the second and third years of the forecast period (Chart 1.2). Monetary Policy Report February 2022 Section 1: The economic outlook 5 Chart 1.1: GDP projection based on market interest rate expectations, other policy measures as announced (1) The assumption is that Bank Rate remains at 0.5% throughout the three years of the forecast period, before moving towards the market path over the subsequent three years. Chart 1.2: GDP growth projection based on market interest rate expectations, other policy measures as announced The fan charts depict the probability of various outcomes for GDP and GDP growth. They have been conditioned on the assumptions in Table 1.A footnote (b). To the left of the vertical dashed line, the distribution reflects uncertainty around revisions to the data over the past. To aid comparability with the official data, it does not include the backcast for expected revisions, which is available from the ‘Download the chart slides and data’ link at Monetary Policy Report - February 2022. To the right of the vertical line, the distribution reflects uncertainty over the evolution of GDP and GDP growth in the future. If economic circumstances identical to today’s were to prevail on 100 occasions, the MPC’s best collective judgement is that the mature es",full_context_loaded,DOC_37C6AD0A061C,Monetary Policy Report - February 2022,https://www.bankofengland.co.uk/-/media/boe/files/monetary-policy-report/2022/february/monetary-policy-report-february-2022.pdf,data\BOE\Monetary Policy\2022-06-01 - Monetary Policy Report - February 2022.txt,false,hold,0.0,0.5,0.9,
BOJ,2026-01-23,BOJ_2026_01,medium,True,confidence < 0.7; policy_rate_after missing; keyword extraction,hold,0.0,,0.5,explicit_unchanged_keyword,hold,0.0,,0.75,strong hold keyword,\b(remains|remain)\s+at\b,"e the deflationary mindset took hold among firms, and has since remained at a relatively high level. Chart 10 presents developments in firms' one-year-ahead inflation outlook for general prices and for output prices for their products, both of which remain at high levels exceeding 2 percent. I am attentive to the fact that, until 2022, firms' stance was not to raise their product prices as much as the rise in general prices, but this stance has shifted since 2022 to raising their product prices more than","t with the business stance firms have taken regarding price and wage setting. I was concerned that the adverse impact of U.S. tariff policy might lead firms' business stance to revert to the past stance observed during the deflationary and disinflationary periods, when wages and prices did not increase easily. In fact, firms have maintained a price-setting behavior that is more active than was observed in the past. Chart 9 shows the ratio obtained by dividing the proportion of firms responding in the Tankan that output prices would rise, by the proportion of firms responding that input prices would rise -- a rough indicator of firms' willingness to raise prices. From 2022, this indicator rose to the level last seen in the early 1990s, before the deflationary mindset took hold among firms, and has since remained at a relatively high level. Chart 10 presents developments in firms' one-year-ahead inflation outlook for general prices and for output prices for their products, both of which remain at high levels exceeding 2 percent. I am attentive to the fact that, until 2022, firms' stance was not to raise their product prices as much as the rise in general prices, but this stance has shifted since 2022 to raising their product prices more than the rise in general prices. I regard this shift as indicating more active price-setting behavior of firms. I think one reason why firms' price-setting behavior has become more active is that prices have been under upward pressure, as demand has outstripped potential supply capacity in the overall economy. In this regard, the output gap estimated by the Bank has been at around 0 percent recently, as shown in Chart 11, although this rate needs to be viewed with latitude, as estimates may differ depending on the estimation methods and are subject to estimation errors. So, does this mean that there has been neither upward nor downward pressure on prices? Looking at the breakdown of the output gap, the labor input gap has been positive (i.e., l",full_context_loaded,DOC_088EB8FD782D,"""Economic Activity, Prices, and Monetary Policy in Japan"" (Speech at a Meeting Held by the Kanagawa Keizai Doyukai)",https://www.boj.or.jp/en/about/press/koen_2026/ko260213a.htm,"data\BOJ\Speeches\2026-02-13 - the Kanagawa Keizai Doyukai) - _Economic Activity, Prices, and Monetary Policy in Japan_ (Speech at a Meeting Held by the Kanagawa Keizai.txt",false,hold,0.0,,0.75,
BOJ,2026-03-19,BOJ_2026_03,medium,True,confidence < 0.7; policy_rate_after missing; keyword extraction,hold,0.0,,0.5,explicit_unchanged_keyword,hold,0.0,,0.75,strong hold keyword,\b(remains|remain)\s+at\b,"held today, the Policy Board of the Bank of Japan decided, by an 8-1 majority vote, to set the following guideline for money market operations for the intermeeting period: [Note 1] The Bank will encourage the uncollateralized overnight call rate to remain at around 0.75 percent. 2. Japan's economy has recovered moderately, although some weakness has been seen in part. Overseas economies have grown moderately on the whole, although some weakness has been seen in part, reflecting trade and other policies","BANK: BOJ CATEGORY: Monetary Policy TITLE: Statement on Monetary Policy [PDF 134KB] DATE: 19/03/2026 SPEAKER: SPEAKER ROLE: SOURCE URL: https://www.boj.or.jp/en/mopo/mpmdeci/mpr_2026/k260319a.pdf DOCUMENT TYPE: pdf ==== EXTRACTED TEXT START ==== 1 March 19, 2026 Bank of Japan Statement on Monetary Policy 1. At the Monetary Policy Meeting held today, the Policy Board of the Bank of Japan decided, by an 8-1 majority vote, to set the following guideline for money market operations for the intermeeting period: [Note 1] The Bank will encourage the uncollateralized overnight call rate to remain at around 0.75 percent. 2. Japan's economy has recovered moderately, although some weakness has been seen in part. Overseas economies have grown moderately on the whole, although some weakness has been seen in part, reflecting trade and other policies in each jurisdiction. Exports and industrial production have continued to be more or less flat as a trend. Corporate profits have remained at high levels on the whole, although downward effects due to tariffs have been seen in manufacturing. In this situation, business fixed investment has been on a moderate increasing trend. Private consumption has been resilient against the background of an improvement in the employment and income situation, although it has been affected by price rises. On the other hand, housing investment has been on a declining trend. Meanwhile, public investment has continued to be more or less flat. Financial conditions have been accommodative. On the price front, with moves to pass on wage increases to selling price",full_context_loaded,DOC_C9CF6C08F3CA,Statement on Monetary Policy [PDF 134KB],https://www.boj.or.jp/en/mopo/mpmdeci/mpr_2026/k260319a.pdf,data\BOJ\Monetary Policy\2026-03-19 - Statement on Monetary Policy [PDF 134KB].txt,false,hold,0.0,,0.75,
BOJ,2026-04-28,BOJ_2026_04,medium,True,confidence < 0.7; policy_rate_after missing; keyword extraction,hold,0.0,,0.5,explicit_unchanged_keyword,,,,0.0,,,,"BANK: BOJ CATEGORY: Speeches TITLE: ""Economic Activity, Prices, and Monetary Policy in Japan"" (Speech at a Meeting Held by the Kagoshima Keizai Doyukai) DATE: 14/05/2026 SPEAKER: the Kagoshima Keizai Doyukai) SPEAKER ROLE: SOURCE URL: https://www.boj.or.jp/en/about/press/koen_2026/ko260514a.htm DOCUMENT TYPE: html ==== EXTRACTED TEXT START ==== [Speech] Economic Activity, Prices, and Monetary Policy in Japan Speech at a Meeting Held by the Kagoshima Keizai Doyukai 日本語 MASU Kazuyuki Member of the Policy Board May 14, 2026 Full Text [PDF 296KB] Figures [PDF 231KB] Introduction It is my pleasure to have the opportunity to address you today at the meeting held by the Kagoshima Keizai Doyukai. I would like to take this chance to express my sincere gratitude for your cooperation with the activities of the Bank of Japan. I will begin my speech by talking about recent developments in economic activity and prices in Japan and then move on to discuss the conduct of monetary policy, while offering my personal views. I hope my explanations regarding these points will help you better understand the overall picture of the factors the Bank is paying attention to in its conduct of monetary policy. I. Economic Activity and Prices U.S. Tariff Policy Before discussing developments in economic activity and prices, I would first like to touch on some events that have taken place over the past year. In the 10 months since I was appointed as a member of the Policy Board in July 2025, two major events have given rise to problems internationally, both of which involve the United States. The first is tariff policy under the current administration. There were concerns in Japan not only over a decline in the share of Japanese products sold in the United States, but also over the broader possibility of a downturn in the U.S. economy triggering a global economic slowdown. The left panel of Chart 1 shows developments in U.S. private consumption in real terms, adjusted for inflation, and the middle panel presents the employment situation. Economic conditions in the United States are clearly reflected in consumption and employment. Compared to Japan, people in the United States tend to spend more when the economy is flourishing, and firms tend to lay off workers when it is not. Also, unlike in Japan, it is quite normal for workers to move to another company, so being laid off is generally not too much of a concern. Hence, the employment situation is quickly reflected in data, and serves a",full_context_loaded,DOC_80A6121EA880,"""Economic Activity, Prices, and Monetary Policy in Japan"" (Speech at a Meeting Held by the Kagoshima Keizai Doyukai)",https://www.boj.or.jp/en/about/press/koen_2026/ko260514a.htm,"data\BOJ\Speeches\2026-05-14 - the Kagoshima Keizai Doyukai) - _Economic Activity, Prices, and Monetary Policy in Japan_ (Speech at a Meeting Held by the Kagoshima Keiz.txt",false,hold,0.0,,0.5,
ECB,2021-01-21,ECB_2021_01,medium,True,confidence < 0.7; policy_rate_after missing; keyword extraction,hold,0.0,,0.5,explicit_unchanged_keyword,hold,0.0,,0.75,strong hold keyword,\b(remains|remain)\s+at\b,"erest rate on the main refinancing operations and the interest rates on the marginal lending facility and the deposit facility will remain unchanged at 0.00%, 0.25% and -0.50% respectively. The Governing Council expects the key ECB interest rates to remain at their present or lower levels until it has seen the inflation outlook robustly converge to a level sufficiently close to, but below, 2% within its projection horizon, and such convergence has been consistently reflected in underlying inflation dynam","BANK: ECB CATEGORY: Monetary Policy TITLE: Monetary policy decisions DATE: 21/01/2021 SPEAKER: SPEAKER ROLE: SOURCE URL: https://www.ecb.europa.eu/press/pr/date/2021/html/ecb.mp210121~eb9154682e.en.html DOCUMENT TYPE: html ==== EXTRACTED TEXT START ==== PRESS RELEASE Monetary policy decisions 21 January 2021 The Governing Council decided to reconfirm its very accommodative monetary policy stance. First, the interest rate on the main refinancing operations and the interest rates on the marginal lending facility and the deposit facility will remain unchanged at 0.00%, 0.25% and -0.50% respectively. The Governing Council expects the key ECB interest rates to remain at their present or lower levels until it has seen the inflation outlook robustly converge to a level sufficiently close to, but below, 2% within its projection horizon, and such convergence has been consistently reflected in underlying inflation dynamics. Second, the Governing Council will continue the purchases under the pandemic emergency purchase programme (PEPP) with a total envelope of €1,850 billion. The Governing Council will conduct net asset purchases under the PEPP until at least the end of March 2022 and, in any case, until it judges that the coronavirus crisis phase is over. The purchases under the PEPP will be conducted to preserve favourable financing conditions over the pandemic period. If favourable financing conditions can be maintained with asset purchase flows that do not exhaust the envelope over the net purchase horizon of the PEPP, the envelope need not be used in full. Equally, the envelope can be recalibrated if required to maintain favourable financing condition",full_context_loaded,DOC_DC59BC94B47C,Monetary policy decisions,https://www.ecb.europa.eu/press/pr/date/2021/html/ecb.mp210121~eb9154682e.en.html,data\ECB\Monetary Policy\2021-01-21 - Monetary policy decisions.txt,false,hold,0.0,,0.75,
ECB,2021-03-11,ECB_2021_03,medium,True,confidence < 0.7; policy_rate_after missing; keyword extraction,hold,0.0,,0.5,explicit_unchanged_keyword,hold,0.0,,0.75,strong hold keyword,\b(remains|remain)\s+at\b,"erest rate on the main refinancing operations and the interest rates on the marginal lending facility and the deposit facility will remain unchanged at 0.00%, 0.25% and -0.50% respectively. The Governing Council expects the key ECB interest rates to remain at their present or lower levels until it has seen the inflation outlook robustly converge to a level sufficiently close to, but below, 2% within its projection horizon, and such convergence has been consistently reflected in underlying inflation dynam","stance. Second, net purchases under the asset purchase programme (APP) will continue at a monthly pace of €20 billion. The Governing Council continues to expect monthly net asset purchases under the APP to run for as long as necessary to reinforce the accommodative impact of its policy rates, and to end shortly before it starts raising the key ECB interest rates. The Governing Council also intends to continue reinvesting, in full, the principal payments from maturing securities purchased under the APP for an extended period of time past the date when it starts raising the key ECB interest rates, and in any case for as long as necessary to maintain favourable liquidity conditions and an ample degree of monetary accommodation. Third, the interest rate on the main refinancing operations and the interest rates on the marginal lending facility and the deposit facility will remain unchanged at 0.00%, 0.25% and -0.50% respectively. The Governing Council expects the key ECB interest rates to remain at their present or lower levels until it has seen the inflation outlook robustly converge to a level sufficiently close to, but below, 2% within its projection horizon, and such convergence has been consistently reflected in underlying inflation dynamics. Finally, the Governing Council will continue to provide ample liquidity through its refinancing operations. In particular, the third series of targeted longer-term refinancing operations (TLTRO III) remains an attractive source of funding for banks, supporting bank lending to firms and households. The Governing Council stands ready to adjust all of its instruments, as appropriate, to ensure that inflation moves towards its aim in a sustained manner, in line with its commitment to symmetry. The President of the ECB will comment on the considerations underlying these decisions at a press conference starting at 14:30 CET today. Related topics Key ECB interest rates Monetary policy Asset purchase programme (APP) Targeted longer-term refina",full_context_loaded,DOC_B8E1D0741044,Monetary policy decisions,https://www.ecb.europa.eu/press/pr/date/2021/html/ecb.mp210311~35ba71f535.en.html,data\ECB\Monetary Policy\2021-03-11 - Monetary policy decisions.txt,false,hold,0.0,,0.75,
ECB,2021-04-22,ECB_2021_04,medium,True,confidence < 0.7; policy_rate_after missing; keyword extraction,hold,0.0,,0.5,explicit_unchanged_keyword,hold,0.0,,0.75,strong hold keyword,\b(remains|remain)\s+at\b,"erest rate on the main refinancing operations and the interest rates on the marginal lending facility and the deposit facility will remain unchanged at 0.00%, 0.25% and -0.50% respectively. The Governing Council expects the key ECB interest rates to remain at their present or lower levels until it has seen the inflation outlook robustly converge to a level sufficiently close to, but below, 2% within its projection horizon, and such convergence has been consistently reflected in underlying inflation dynam","BANK: ECB CATEGORY: Monetary Policy TITLE: Monetary policy decisions DATE: 22/04/2021 SPEAKER: SPEAKER ROLE: SOURCE URL: https://www.ecb.europa.eu/press/pr/date/2021/html/ecb.mp210422~f075ebe1f0.en.html DOCUMENT TYPE: html ==== EXTRACTED TEXT START ==== PRESS RELEASE Monetary policy decisions 22 April 2021 At today’s meeting, the Governing Council decided to reconfirm its very accommodative monetary policy stance: The interest rate on the main refinancing operations and the interest rates on the marginal lending facility and the deposit facility will remain unchanged at 0.00%, 0.25% and -0.50% respectively. The Governing Council expects the key ECB interest rates to remain at their present or lower levels until it has seen the inflation outlook robustly converge to a level sufficiently close to, but below, 2% within its projection horizon, and such convergence has been consistently reflected in underlying inflation dynamics. The Governing Council will continue to conduct net asset purchases under the pandemic emergency purchase programme (PEPP) with a total envelope of €1,850 billion until at least the end of March 2022 and, in any case, until it judges that the coronavirus crisis phase is over. Since the incoming information confirmed the joint assessment of financing conditions and the inflation outlook carried out at the March monetary policy meeting, the Governing Council expects purchases under the PEPP over the current quarter to continue to be conducted at a significantly higher pace than during the first months of the year. The Governing Council will purchase flexibly according to market conditions and with a view to preventing a tightening of fina",full_context_loaded,DOC_7631561D0A30,Monetary policy decisions,https://www.ecb.europa.eu/press/pr/date/2021/html/ecb.mp210422~f075ebe1f0.en.html,data\ECB\Monetary Policy\2021-04-22 - Monetary policy decisions.txt,false,hold,0.0,,0.75,
ECB,2021-06-10,ECB_2021_06,medium,True,confidence < 0.7; policy_rate_after missing; keyword extraction,hold,0.0,,0.5,explicit_unchanged_keyword,hold,0.0,,0.75,strong hold keyword,\b(remains|remain)\s+at\b,"erest rate on the main refinancing operations and the interest rates on the marginal lending facility and the deposit facility will remain unchanged at 0.00%, 0.25% and -0.50% respectively. The Governing Council expects the key ECB interest rates to remain at their present or lower levels until it has seen the inflation outlook robustly converge to a level sufficiently close to, but below, 2% within its projection horizon, and such convergence has been consistently reflected in underlying inflation dynam","BANK: ECB CATEGORY: Monetary Policy TITLE: Monetary policy decisions DATE: 10/06/2021 SPEAKER: SPEAKER ROLE: SOURCE URL: https://www.ecb.europa.eu/press/pr/date/2021/html/ecb.mp210610~b4d5381df0.en.html DOCUMENT TYPE: html ==== EXTRACTED TEXT START ==== PRESS RELEASE Monetary policy decisions 10 June 2021 At today’s meeting, the Governing Council decided to confirm its very accommodative monetary policy stance: The interest rate on the main refinancing operations and the interest rates on the marginal lending facility and the deposit facility will remain unchanged at 0.00%, 0.25% and -0.50% respectively. The Governing Council expects the key ECB interest rates to remain at their present or lower levels until it has seen the inflation outlook robustly converge to a level sufficiently close to, but below, 2% within its projection horizon, and such convergence has been consistently reflected in underlying inflation dynamics. The Governing Council will continue to conduct net asset purchases under the pandemic emergency purchase programme (PEPP) with a total envelope of €1,850 billion until at least the end of March 2022 and, in any case, until it judges that the coronavirus crisis phase is over. Based on a joint assessment of financing conditions and the inflation outlook, the Governing Council expects net purchases under the PEPP over the coming quarter to continue to be conducted at a significantly higher pace than during the first months of the year. The Governing Council will purchase flexibly according to market conditions and with a view to preventing a tightening of financing conditions that is inconsistent with countering the downward impact of the",full_context_loaded,DOC_BCB102E507F0,Monetary policy decisions,https://www.ecb.europa.eu/press/pr/date/2021/html/ecb.mp210610~b4d5381df0.en.html,data\ECB\Monetary Policy\2021-06-10 - Monetary policy decisions.txt,false,hold,0.0,,0.75,
ECB,2021-07-22,ECB_2021_07,medium,True,confidence < 0.7; policy_rate_after missing; keyword extraction,hold,0.0,,0.5,explicit_unchanged_keyword,hold,0.0,,0.75,strong hold keyword,\b(remains|remain)\s+at\b,"in a persistently accommodative monetary policy stance to meet its inflation target. In support of its symmetric two per cent inflation target and in line with its monetary policy strategy, the Governing Council expects the key ECB interest rates to remain at their present or lower levels until it sees inflation reaching two per cent well ahead of the end of its projection horizon and durably for the rest of the projection horizon, and it judges that realised progress in underlying inflation is sufficien","BANK: ECB CATEGORY: Monetary Policy TITLE: Monetary policy decisions DATE: 22/07/2021 SPEAKER: SPEAKER ROLE: SOURCE URL: https://www.ecb.europa.eu/press/pr/date/2021/html/ecb.mp210722~48dc3b436b.en.html DOCUMENT TYPE: html ==== EXTRACTED TEXT START ==== PRESS RELEASE Monetary policy decisions 22 July 2021 In its recent strategy review, the Governing Council agreed a symmetric inflation target of two per cent over the medium term. The key ECB interest rates have been close to their lower bound for some time and the medium-term outlook for inflation is still well below the Governing Council’s target. In these conditions, the Governing Council today revised its forward guidance on interest rates. It did so to underline its commitment to maintain a persistently accommodative monetary policy stance to meet its inflation target. In support of its symmetric two per cent inflation target and in line with its monetary policy strategy, the Governing Council expects the key ECB interest rates to remain at their present or lower levels until it sees inflation reaching two per cent well ahead of the end of its projection horizon and durably for the rest of the projection horizon, and it judges that realised progress in underlying inflation is sufficiently advanced to be consistent with inflation stabilising at two per cent over the medium term. This may also imply a transitory period in which inflation is moderately above target. Having confirmed its June assessment of financing conditions and the inflation outlook, the Governing Council continues to expect purchases under the pandemic emergency purchase programme (PEPP) over the current quarter to be conducted at a significantly higher pace than during the first months of the year. The Governing Council also confirmed its other measures to support its price stability mandate, namely the level of the key ECB interest rates, its purchases under the asset purchase programme (APP), its reinvestment policies and its longer-term refinancing o",full_context_loaded,DOC_516FC908994F,Monetary policy decisions,https://www.ecb.europa.eu/press/pr/date/2021/html/ecb.mp210722~48dc3b436b.en.html,data\ECB\Monetary Policy\2021-07-22 - Monetary policy decisions.txt,false,hold,0.0,,0.75,
ECB,2021-09-09,ECB_2021_09,medium,True,confidence < 0.7; policy_rate_after missing; keyword extraction,hold,0.0,,0.5,explicit_unchanged_keyword,hold,0.0,,0.75,strong hold keyword,\b(remains|remain)\s+at\b,"the deposit facility will remain unchanged at 0.00%, 0.25% and -0.50% respectively. In support of its symmetric two per cent inflation target and in line with its monetary policy strategy, the Governing Council expects the key ECB interest rates to remain at their present or lower levels until it sees inflation reaching two per cent well ahead of the end of its projection horizon and durably for the rest of the projection horizon, and it judges that realised progress in underlying inflation is sufficien","mber 2021 Based on a joint assessment of financing conditions and the inflation outlook, the Governing Council judges that favourable financing conditions can be maintained with a moderately lower pace of net asset purchases under the pandemic emergency purchase programme (PEPP) than in the previous two quarters. The Governing Council also confirmed its other measures, namely the level of the key ECB interest rates, its forward guidance on their likely future evolution, its purchases under the asset purchase programme (APP), its reinvestment policies and its longer-term refinancing operations. Specifically: Key ECB interest rates The interest rate on the main refinancing operations and the interest rates on the marginal lending facility and the deposit facility will remain unchanged at 0.00%, 0.25% and -0.50% respectively. In support of its symmetric two per cent inflation target and in line with its monetary policy strategy, the Governing Council expects the key ECB interest rates to remain at their present or lower levels until it sees inflation reaching two per cent well ahead of the end of its projection horizon and durably for the rest of the projection horizon, and it judges that realised progress in underlying inflation is sufficiently advanced to be consistent with inflation stabilising at two per cent over the medium term. This may also imply a transitory period in which inflation is moderately above target. Asset purchase programme (APP) Net purchases under the APP will continue at a monthly pace of €20 billion. The Governing Council continues to expect monthly net asset purchases under the APP to run for as long as necessary to reinforce the accommodative impact of its policy rates, and to end shortly before it starts raising the key ECB interest rates. The Governing Council also intends to continue reinvesting, in full, the principal payments from maturing securities purchased under the APP for an extended period of time past the date when it starts raising the k",full_context_loaded,DOC_E5FDF02F015F,Monetary policy decisions,https://www.ecb.europa.eu/press/pr/date/2021/html/ecb.mp210909~2c94b35639.en.html,data\ECB\Monetary Policy\2021-09-09 - Monetary policy decisions.txt,false,hold,0.0,,0.75,
ECB,2021-10-28,ECB_2021_10,medium,True,confidence < 0.7; policy_rate_after missing; keyword extraction,hold,0.0,,0.5,explicit_unchanged_keyword,hold,0.0,,0.75,strong hold keyword,\b(remains|remain)\s+at\b,"the deposit facility will remain unchanged at 0.00%, 0.25% and -0.50% respectively. In support of its symmetric two per cent inflation target and in line with its monetary policy strategy, the Governing Council expects the key ECB interest rates to remain at their present or lower levels until it sees inflation reaching two per cent well ahead of the end of its projection horizon and durably for the rest of the projection horizon, and it judges that realised progress in underlying inflation is sufficien","=== PRESS RELEASE Monetary policy decisions 28 October 2021 The Governing Council continues to judge that favourable financing conditions can be maintained with a moderately lower pace of net asset purchases under the pandemic emergency purchase programme (PEPP) than in the second and third quarters of this year. The Governing Council also confirmed its other measures, namely the level of the key ECB interest rates, its forward guidance on their likely future evolution, its purchases under the asset purchase programme (APP), its reinvestment policies and its longer-term refinancing operations. Specifically: Key ECB interest rates The interest rate on the main refinancing operations and the interest rates on the marginal lending facility and the deposit facility will remain unchanged at 0.00%, 0.25% and -0.50% respectively. In support of its symmetric two per cent inflation target and in line with its monetary policy strategy, the Governing Council expects the key ECB interest rates to remain at their present or lower levels until it sees inflation reaching two per cent well ahead of the end of its projection horizon and durably for the rest of the projection horizon, and it judges that realised progress in underlying inflation is sufficiently advanced to be consistent with inflation stabilising at two per cent over the medium term. This may also imply a transitory period in which inflation is moderately above target. Asset purchase programme (APP) Net purchases under the APP will continue at a monthly pace of €20 billion. The Governing Council continues to expect monthly net asset purchases under the APP to run for as long as necessary to reinforce the accommodative impact of its policy rates, and to end shortly before it starts raising the key ECB interest rates. The Governing Council also intends to continue reinvesting, in full, the principal payments from maturing securities purchased under the APP for an extended period of time past the date when it starts raising the k",full_context_loaded,DOC_6E4DD137ACBF,Monetary policy decisions,https://www.ecb.europa.eu/press/pr/date/2021/html/ecb.mp211028~85474438a4.en.html,data\ECB\Monetary Policy\2021-10-28 - Monetary policy decisions.txt,false,hold,0.0,,0.75,
ECB,2021-12-16,ECB_2021_12,medium,True,confidence < 0.7; policy_rate_after missing; keyword extraction,hold,0.0,,0.5,explicit_unchanged_keyword,hold,0.0,,0.75,strong hold keyword,\b(remains|remain)\s+at\b,"cility and the deposit facility will remain unchanged at 0.00%, 0.25% and -0.50% respectively. In support of its symmetric 2% inflation target and in line with its monetary policy strategy, the Governing Council expects the key ECB interest rates to remain at their present or lower levels until it sees inflation reaching 2% well ahead of the end of its projection horizon and durably for the rest of the projection horizon, and it judges that realised progress in underlying inflation is sufficiently advanc","t purchases under the APP at a monthly pace of €20 billion for as long as necessary to reinforce the accommodative impact of its policy rates. The Governing Council expects net purchases to end shortly before it starts raising the key ECB interest rates. The Governing Council also intends to continue reinvesting, in full, the principal payments from maturing securities purchased under the APP for an extended period of time past the date when it starts raising the key ECB interest rates and, in any case, for as long as necessary to maintain favourable liquidity conditions and an ample degree of monetary accommodation. Key ECB interest rates The interest rate on the main refinancing operations and the interest rates on the marginal lending facility and the deposit facility will remain unchanged at 0.00%, 0.25% and -0.50% respectively. In support of its symmetric 2% inflation target and in line with its monetary policy strategy, the Governing Council expects the key ECB interest rates to remain at their present or lower levels until it sees inflation reaching 2% well ahead of the end of its projection horizon and durably for the rest of the projection horizon, and it judges that realised progress in underlying inflation is sufficiently advanced to be consistent with inflation stabilising at 2% over the medium term. This may also imply a transitory period in which inflation is moderately above target. Refinancing operations The Governing Council will continue to monitor bank funding conditions and ensure that the maturing of operations under the third series of targeted longer-term refinancing operations (TLTRO III) does not hamper the smooth transmission of its monetary policy. The Governing Council will also regularly assess how targeted lending operations are contributing to its monetary policy stance. As announced, it expects the special conditions applicable under TLTRO III to end in June next year. The Governing Council will also assess the appropriate calibration of its t",full_context_loaded,DOC_D3FEC5B8811D,Monetary policy decisions,https://www.ecb.europa.eu/press/pr/date/2021/html/ecb.mp211216~1b6d3a1fd8.en.html,data\ECB\Monetary Policy\2021-12-16 - Monetary policy decisions.txt,false,hold,0.0,,0.75,
ECB,2022-02-03,ECB_2022_02,medium,True,confidence < 0.7; policy_rate_after missing; keyword extraction,hold,0.0,,0.5,explicit_unchanged_keyword,hold,0.0,,0.75,strong hold keyword,\b(remains|remain)\s+at\b,"cility and the deposit facility will remain unchanged at 0.00%, 0.25% and -0.50% respectively. In support of its symmetric 2% inflation target and in line with its monetary policy strategy, the Governing Council expects the key ECB interest rates to remain at their present or lower levels until it sees inflation reaching 2% well ahead of the end of its projection horizon and durably for the rest of the projection horizon, and it judges that realised progress in underlying inflation is sufficiently advanc","t purchases under the APP at a monthly pace of €20 billion for as long as necessary to reinforce the accommodative impact of its policy rates. The Governing Council expects net purchases to end shortly before it starts raising the key ECB interest rates. The Governing Council also intends to continue reinvesting, in full, the principal payments from maturing securities purchased under the APP for an extended period of time past the date when it starts raising the key ECB interest rates and, in any case, for as long as necessary to maintain favourable liquidity conditions and an ample degree of monetary accommodation. Key ECB interest rates The interest rate on the main refinancing operations and the interest rates on the marginal lending facility and the deposit facility will remain unchanged at 0.00%, 0.25% and -0.50% respectively. In support of its symmetric 2% inflation target and in line with its monetary policy strategy, the Governing Council expects the key ECB interest rates to remain at their present or lower levels until it sees inflation reaching 2% well ahead of the end of its projection horizon and durably for the rest of the projection horizon, and it judges that realised progress in underlying inflation is sufficiently advanced to be consistent with inflation stabilising at 2% over the medium term. This may also imply a transitory period in which inflation is moderately above target. Refinancing operations The Governing Council will continue to monitor bank funding conditions and ensure that the maturing of operations under the third series of targeted longer-term refinancing operations (TLTRO III) does not hamper the smooth transmission of its monetary policy. The Governing Council will also regularly assess how targeted lending operations are contributing to its monetary policy stance. As announced, it expects the special conditions applicable under TLTRO III to end in June this year. The Governing Council will also assess the appropriate calibration of its t",full_context_loaded,DOC_CC8AB2A3A406,Monetary policy decisions,https://www.ecb.europa.eu/press/pr/date/2022/html/ecb.mp220203~90fbe94662.en.html,data\ECB\Monetary Policy\2022-02-03 - Monetary policy decisions.txt,false,hold,0.0,,0.75,
ECB,2022-03-10,ECB_2022_03,medium,True,confidence < 0.7; policy_rate_after missing; keyword extraction,hold,0.0,,0.5,explicit_unchanged_keyword,hold,0.0,,0.75,strong hold keyword,\b(remains|remain)\s+at\b,"ECB interest rates will continue to be determined by the Governing Council’s forward guidance and by its strategic commitment to stabilise inflation at 2% over the medium term. Accordingly, the Governing Council expects the key ECB interest rates to remain at their present levels until it sees inflation reaching 2% well ahead of the end of its projection horizon and durably for the rest of the projection horizon, and it judges that realised progress in underlying inflation is sufficiently advanced to be","lso intends to continue reinvesting, in full, the principal payments from maturing securities purchased under the APP for an extended period of time past the date when it starts raising the key ECB interest rates and, in any case, for as long as necessary to maintain favourable liquidity conditions and an ample degree of monetary accommodation. Key ECB interest rates The interest rate on the main refinancing operations and the interest rates on the marginal lending facility and the deposit facility will remain unchanged at 0.00%, 0.25% and -0.50% respectively. Any adjustments to the key ECB interest rates will take place some time after the end of the Governing Council’s net purchases under the APP and will be gradual. The path for the key ECB interest rates will continue to be determined by the Governing Council’s forward guidance and by its strategic commitment to stabilise inflation at 2% over the medium term. Accordingly, the Governing Council expects the key ECB interest rates to remain at their present levels until it sees inflation reaching 2% well ahead of the end of its projection horizon and durably for the rest of the projection horizon, and it judges that realised progress in underlying inflation is sufficiently advanced to be consistent with inflation stabilising at 2% over the medium term. Pandemic emergency purchase programme (PEPP) In the first quarter of 2022, the Governing Council is conducting net asset purchases under the PEPP at a lower pace than in the previous quarter. It will discontinue net asset purchases under the PEPP at the end of March 2022. The Governing Council intends to reinvest the principal payments from maturing securities purchased under the PEPP until at least the end of 2024. In any case, the future roll-off of the PEPP portfolio will be managed to avoid interference with the appropriate monetary policy stance. The pandemic has shown that, under stressed conditions, flexibility in the design and conduct of asset purchases has helped to",full_context_loaded,DOC_AC44E6777D5B,Monetary policy decisions,https://www.ecb.europa.eu/press/pr/date/2022/html/ecb.mp220310~2d19f8ba60.en.html,data\ECB\Monetary Policy\2022-03-10 - Monetary policy decisions.txt,false,hold,0.0,,0.75,
ECB,2022-04-14,ECB_2022_04,medium,True,confidence < 0.7; policy_rate_after missing; keyword extraction,hold,0.0,,0.5,explicit_unchanged_keyword,hold,0.0,,0.75,strong hold keyword,\b(remains|remain)\s+at\b,"ECB interest rates will continue to be determined by the Governing Council’s forward guidance and by its strategic commitment to stabilise inflation at 2% over the medium term. Accordingly, the Governing Council expects the key ECB interest rates to remain at their present levels until it sees inflation reaching 2% well ahead of the end of its projection horizon and durably for the rest of the projection horizon, and it judges that realised progress in underlying inflation is sufficiently advanced to be","lso intends to continue reinvesting, in full, the principal payments from maturing securities purchased under the APP for an extended period of time past the date when it starts raising the key ECB interest rates and, in any case, for as long as necessary to maintain favourable liquidity conditions and an ample degree of monetary accommodation. Key ECB interest rates The interest rate on the main refinancing operations and the interest rates on the marginal lending facility and the deposit facility will remain unchanged at 0.00%, 0.25% and -0.50% respectively. Any adjustments to the key ECB interest rates will take place some time after the end of the Governing Council’s net purchases under the APP and will be gradual. The path for the key ECB interest rates will continue to be determined by the Governing Council’s forward guidance and by its strategic commitment to stabilise inflation at 2% over the medium term. Accordingly, the Governing Council expects the key ECB interest rates to remain at their present levels until it sees inflation reaching 2% well ahead of the end of its projection horizon and durably for the rest of the projection horizon, and it judges that realised progress in underlying inflation is sufficiently advanced to be consistent with inflation stabilising at 2% over the medium term. Pandemic emergency purchase programme (PEPP) The Governing Council intends to reinvest the principal payments from maturing securities purchased under the PEPP until at least the end of 2024. In any case, the future roll-off of the PEPP portfolio will be managed to avoid interference with the appropriate monetary policy stance. In the event of renewed market fragmentation related to the pandemic, PEPP reinvestments can be adjusted flexibly across time, asset classes and jurisdictions at any time. This could include purchasing bonds issued by the Hellenic Republic over and above rollovers of redemptions in order to avoid an interruption of purchases in that jurisdiction, which",full_context_loaded,DOC_DADE39041E8E,Monetary policy decisions,https://www.ecb.europa.eu/press/pr/date/2022/html/ecb.mp220414~d1b76520c6.en.html,data\ECB\Monetary Policy\2022-04-14 - Monetary policy decisions.txt,false,hold,0.0,,0.75,
ECB,2022-06-09,ECB_2022_06,medium,True,confidence < 0.7; policy_rate_after missing; keyword extraction,hold,0.0,,0.5,explicit_unchanged_keyword,,,,0.0,,,,"BANK: ECB CATEGORY: Monetary Policy TITLE: Monetary policy decisions DATE: 09/06/2022 SPEAKER: SPEAKER ROLE: SOURCE URL: https://www.ecb.europa.eu/press/pr/date/2022/html/ecb.mp220609~122666c272.en.html DOCUMENT TYPE: html ==== EXTRACTED TEXT START ==== Press release Monetary policy decisions 9 June 2022 High inflation is a major challenge for all of us. The Governing Council will make sure that inflation returns to its 2% target over the medium term. In May inflation again rose significantly, mainly because of surging energy and food prices, including due to the impact of the war. But inflation pressures have broadened and intensified, with prices for many goods and services increasing strongly. Eurosystem staff have revised their baseline inflation projections up significantly. These projections indicate that inflation will remain undesirably elevated for some time. However, moderating energy costs, the easing of supply disruptions related to the pandemic and the normalisation of monetary policy are expected to lead to a decline in inflation. The new staff projections foresee annual inflation at 6.8% in 2022, before it is projected to decline to 3.5% in 2023 and 2.1% in 2024 - higher than in the March projections. This means that headline inflation at the end of the projection horizon is projected to be slightly above the Governing Council’s target. Inflation excluding energy and food is projected to average 3.3% in 2022, 2.8% in 2023 and 2.3% in 2024 - also above the March projections. Russia’s unjustified aggression towards Ukraine continues to weigh on the economy in Europe and beyond. It is disrupting trade, is leading to shortages of materials, and is contributing to high energy and commodity prices. These factors will continue to weigh on confidence and dampen growth, especially in the near term. However, the conditions are in place for the economy to continue to grow on account of the ongoing reopening of the economy, a strong labour market, fiscal support and savings built up during the pandemic. Once current headwinds abate, economic activity is expected to pick up again. This outlook is broadly reflected in the Eurosystem staff projections, which foresee annual real GDP growth at 2.8% in 2022, 2.1% in 2023 and 2.1% in 2024. Compared with the March projections, the outlook has been revised down significantly for 2022 and 2023, while for 2024 it has been revised up. On the basis of its updated assessment, the Governing Council decided to take fur",full_context_loaded,DOC_BA2C2B2993E3,Monetary policy decisions,https://www.ecb.europa.eu/press/pr/date/2022/html/ecb.mp220609~122666c272.en.html,data\ECB\Monetary Policy\2022-06-09 - Monetary policy decisions.txt,false,hold,0.0,,0.5,
ECB,2022-07-21,ECB_2022_07,medium,True,confidence < 0.7; policy_rate_after missing; keyword extraction,hold,0.0,,0.5,explicit_unchanged_keyword,hike,,,0.75,strong hike keyword,\bdecided\s+to\s+(?:increase|raise)\b,"sions 21 July 2022 Today, in line with the Governing Council’s strong commitment to its price stability mandate, the Governing Council took further key steps to make sure inflation returns to its 2% target over the medium term. The Governing Council decided to raise the three key ECB interest rates by 50 basis points and approved the Transmission Protection Instrument (TPI). The Governing Council judged that it is appropriate to take a larger first step on its policy rate normalisation path than signalled at it","BANK: ECB CATEGORY: Monetary Policy TITLE: Monetary policy decisions DATE: 21/07/2022 SPEAKER: SPEAKER ROLE: SOURCE URL: https://www.ecb.europa.eu/press/pr/date/2022/html/ecb.mp220721~53e5bdd317.en.html DOCUMENT TYPE: html ==== EXTRACTED TEXT START ==== PRESS RELEASE Monetary policy decisions 21 July 2022 Today, in line with the Governing Council’s strong commitment to its price stability mandate, the Governing Council took further key steps to make sure inflation returns to its 2% target over the medium term. The Governing Council decided to raise the three key ECB interest rates by 50 basis points and approved the Transmission Protection Instrument (TPI). The Governing Council judged that it is appropriate to take a larger first step on its policy rate normalisation path than signalled at its previous meeting. This decision is based on the Governing Council’s updated assessment of inflation risks and the reinforced support provided by the TPI for the effective transmission of monetary policy. It will support the return of inflation to the Governing Council’s medium-term target by strengthening the anchoring of inflation expectations and by ensuring that demand conditions adjust to deliver its inflation target in the medium term. At the Governing Council’s upcoming meetings, further normalisation of interest rates will be appropriate. The frontloading today of the exit from negative interest rates allows the Governing Council to make a transition to a meeting-by-meeting approach to interest rate decisions. The Governing Council",full_context_loaded,DOC_65076AA9A6D3,Monetary policy decisions,https://www.ecb.europa.eu/press/pr/date/2022/html/ecb.mp220721~53e5bdd317.en.html,data\ECB\Monetary Policy\2022-07-21 - Monetary policy decisions.txt,false,hike,0.0,,0.75,
ECB,2022-09-08,ECB_2022_09,medium,True,confidence < 0.7; policy_rate_after missing; keyword extraction,hold,0.0,,0.5,explicit_unchanged_keyword,hike,,,0.75,strong hike keyword,\bdecided\s+to\s+(?:increase|raise)\b,AKER: SPEAKER ROLE: SOURCE URL: https://www.ecb.europa.eu/press/pr/date/2022/html/ecb.mp220908~c1b6839378.en.html DOCUMENT TYPE: html ==== EXTRACTED TEXT START ==== PRESS RELEASE Monetary policy decisions 8 September 2022 The Governing Council today decided to raise the three key ECB interest rates by 75 basis points. This major step frontloads the transition from the prevailing highly accommodative level of policy rates towards levels that will ensure the timely return of inflation to the ECB’s 2% medium-term,"BANK: ECB CATEGORY: Monetary Policy TITLE: Monetary policy decisions DATE: 08/09/2022 SPEAKER: SPEAKER ROLE: SOURCE URL: https://www.ecb.europa.eu/press/pr/date/2022/html/ecb.mp220908~c1b6839378.en.html DOCUMENT TYPE: html ==== EXTRACTED TEXT START ==== PRESS RELEASE Monetary policy decisions 8 September 2022 The Governing Council today decided to raise the three key ECB interest rates by 75 basis points. This major step frontloads the transition from the prevailing highly accommodative level of policy rates towards levels that will ensure the timely return of inflation to the ECB’s 2% medium-term target. Based on its current assessment, over the next several meetings the Governing Council expects to raise interest rates further to dampen demand and guard against the risk of a persistent upward shift in inflation expectations. The Governing Council will regularly re-evaluate its policy path in light of incoming information and the evolving inflation outlook. The Governing Council’s future policy rate decisions will continue to be data-dependent and follow a meeting-by-meeting approach. The Governing Council took today’s decision, and expects to raise interest rates further, because inflation remains far too high and is likely to stay above target for an extended period. According to Eurostat’s flash estimate, inflation reached 9.1% i",full_context_loaded,DOC_6A5DED1097C7,Monetary policy decisions,https://www.ecb.europa.eu/press/pr/date/2022/html/ecb.mp220908~c1b6839378.en.html,data\ECB\Monetary Policy\2022-09-08 - Monetary policy decisions.txt,false,hike,0.0,,0.75,
ECB,2022-10-27,ECB_2022_10,medium,True,confidence < 0.7; policy_rate_after missing; keyword extraction,hold,0.0,,0.5,explicit_unchanged_keyword,hike,,,0.75,strong hike keyword,\bdecided\s+to\s+(?:increase|raise)\b,"EAKER: SPEAKER ROLE: SOURCE URL: https://www.ecb.europa.eu/press/pr/date/2022/html/ecb.mp221027~df1d778b84.en.html DOCUMENT TYPE: html ==== EXTRACTED TEXT START ==== PRESS RELEASE Monetary policy decisions 27 October 2022 The Governing Council today decided to raise the three key ECB interest rates by 75 basis points. With this third major policy rate increase in a row, the Governing Council has made substantial progress in withdrawing monetary policy accommodation. The Governing Council took today’s decision,","BANK: ECB CATEGORY: Monetary Policy TITLE: Monetary policy decisions DATE: 27/10/2022 SPEAKER: SPEAKER ROLE: SOURCE URL: https://www.ecb.europa.eu/press/pr/date/2022/html/ecb.mp221027~df1d778b84.en.html DOCUMENT TYPE: html ==== EXTRACTED TEXT START ==== PRESS RELEASE Monetary policy decisions 27 October 2022 The Governing Council today decided to raise the three key ECB interest rates by 75 basis points. With this third major policy rate increase in a row, the Governing Council has made substantial progress in withdrawing monetary policy accommodation. The Governing Council took today’s decision, and expects to raise interest rates further, to ensure the timely return of inflation to its 2% medium-term inflation target. The Governing Council will base the future policy rate path on the evolving outlook for inflation and the economy, following its meeting-by-meeting approach. Inflation remains far too high and will stay above the target for an extended period. In September, euro area inflation reached 9.9%. In recent months, soaring energy and food prices, supply bottlenecks and the post-pandemic recovery in demand have led to a broadening of price pressures and an increase in inflation. The Governing Council’s monetary policy is aimed at reducing support for demand and guarding against the risk of a persistent upward shift in inflat",full_context_loaded,DOC_6A8FE960C5AE,Monetary policy decisions,https://www.ecb.europa.eu/press/pr/date/2022/html/ecb.mp221027~df1d778b84.en.html,data\ECB\Monetary Policy\2022-10-27 - Monetary policy decisions.txt,false,hike,0.0,,0.75,
ECB,2022-12-15,ECB_2022_12,medium,True,confidence < 0.7; policy_rate_after missing; keyword extraction,hold,0.0,,0.5,explicit_unchanged_keyword,hike,,,0.75,strong hike keyword,\bdecided\s+to\s+(?:increase|raise)\b,"AKER: SPEAKER ROLE: SOURCE URL: https://www.ecb.europa.eu/press/pr/date/2022/html/ecb.mp221215~f3461d7b6e.en.html DOCUMENT TYPE: html ==== EXTRACTED TEXT START ==== PRESS RELEASE Monetary policy decisions 15 December 2022 The Governing Council today decided to raise the three key ECB interest rates by 50 basis points and, based on the substantial upward revision to the inflation outlook, expects to raise them further. In particular, the Governing Council judges that interest rates will still have to rise signif","BANK: ECB CATEGORY: Monetary Policy TITLE: Monetary policy decisions DATE: 15/12/2022 SPEAKER: SPEAKER ROLE: SOURCE URL: https://www.ecb.europa.eu/press/pr/date/2022/html/ecb.mp221215~f3461d7b6e.en.html DOCUMENT TYPE: html ==== EXTRACTED TEXT START ==== PRESS RELEASE Monetary policy decisions 15 December 2022 The Governing Council today decided to raise the three key ECB interest rates by 50 basis points and, based on the substantial upward revision to the inflation outlook, expects to raise them further. In particular, the Governing Council judges that interest rates will still have to rise significantly at a steady pace to reach levels that are sufficiently restrictive to ensure a timely return of inflation to the 2% medium-term target. Keeping interest rates at restrictive levels will over time reduce inflation by dampening demand and will also guard against the risk of a persistent upward shift in inflation expectations. The Governing Council’s future policy rate decisions will continue to be data-dependent and follow a meeting-by-meeting approach. The key ECB interest rates are the Governing Council’s primary tool for setting the monetary policy stance. The Governing Council today also discussed principles for normalising the Eurosystem’s monetary policy securities holdings. From the beginning of March 2023 onwards, the asset pu",full_context_loaded,DOC_81FE69806C33,Monetary policy decisions,https://www.ecb.europa.eu/press/pr/date/2022/html/ecb.mp221215~f3461d7b6e.en.html,data\ECB\Monetary Policy\2022-12-15 - Monetary policy decisions.txt,false,hike,0.0,,0.75,
ECB,2023-05-04,ECB_2023_05,medium,True,confidence < 0.7; policy_rate_after missing; keyword extraction,hold,0.0,,0.5,explicit_unchanged_keyword,hike,,,0.75,strong hike keyword,\bdecided\s+to\s+(?:increase|raise)\b,".en.html DOCUMENT TYPE: html ==== EXTRACTED TEXT START ==== PRESS RELEASE Monetary policy decisions 4 May 2023 The inflation outlook continues to be too high for too long. In light of the ongoing high inflation pressures, the Governing Council today decided to raise the three key ECB interest rates by 25 basis points. Overall, the incoming information broadly supports the assessment of the medium-term inflation outlook that the Governing Council formed at its previous meeting. Headline inflation has declined ov","BANK: ECB CATEGORY: Monetary Policy TITLE: Monetary policy decisions DATE: 04/05/2023 SPEAKER: SPEAKER ROLE: SOURCE URL: https://www.ecb.europa.eu/press/pr/date/2023/html/ecb.mp230504~cdfd11a697.en.html DOCUMENT TYPE: html ==== EXTRACTED TEXT START ==== PRESS RELEASE Monetary policy decisions 4 May 2023 The inflation outlook continues to be too high for too long. In light of the ongoing high inflation pressures, the Governing Council today decided to raise the three key ECB interest rates by 25 basis points. Overall, the incoming information broadly supports the assessment of the medium-term inflation outlook that the Governing Council formed at its previous meeting. Headline inflation has declined over recent months, but underlying price pressures remain strong. At the same time, the past rate increases are being transmitted forcefully to euro area financing and monetary conditions, while the lags and strength of transmission to the real economy remain uncertain. The Governing Council’s future decisions will ensure that the policy rates will be brought to levels sufficiently restrictive to achieve a timely return of inflation to the 2% medium-term target and will be kept at those levels for as long as necessary. The Governing Council will continue to follow a data-dependent approach to determining the appropriate level and duration of restriction. In particular, the Governing Council’s policy rate decisions will continue to be based on",full_context_loaded,DOC_2121768F933D,Monetary policy decisions,https://www.ecb.europa.eu/press/pr/date/2023/html/ecb.mp230504~cdfd11a697.en.html,data\ECB\Monetary Policy\2023-05-04 - Monetary policy decisions.txt,false,hike,0.0,,0.75,
ECB,2023-06-15,ECB_2023_06,medium,True,confidence < 0.7; policy_rate_after missing; keyword extraction,hold,0.0,,0.5,explicit_unchanged_keyword,hike,,,0.75,strong hike keyword,\bdecided\s+to\s+(?:increase|raise)\b,"y policy decisions 15 June 2023 Inflation has been coming down but is projected to remain too high for too long. The Governing Council is determined to ensure that inflation returns to its 2% medium-term target in a timely manner. It therefore today decided to raise the three key ECB interest rates by 25 basis points. The rate increase today reflects the Governing Council’s updated assessment of the inflation outlook, the dynamics of underlying inflation, and the strength of monetary policy transmission. Accord","BANK: ECB CATEGORY: Monetary Policy TITLE: Monetary policy decisions DATE: 15/06/2023 SPEAKER: SPEAKER ROLE: SOURCE URL: https://www.ecb.europa.eu/press/pr/date/2023/html/ecb.mp230615~d34cddb4c6.en.html DOCUMENT TYPE: html ==== EXTRACTED TEXT START ==== PRESS RELEASE Monetary policy decisions 15 June 2023 Inflation has been coming down but is projected to remain too high for too long. The Governing Council is determined to ensure that inflation returns to its 2% medium-term target in a timely manner. It therefore today decided to raise the three key ECB interest rates by 25 basis points. The rate increase today reflects the Governing Council’s updated assessment of the inflation outlook, the dynamics of underlying inflation, and the strength of monetary policy transmission. According to the June macroeconomic projections, Eurosystem staff expect headline inflation to average 5.4% in 2023, 3.0% in 2024 and 2.2% in 2025. Indicators of underlying price pressures remain strong, although some show tentative signs of softening. Staff have revised up their projections for inflation excluding energy and food, especially for this year and next year, owing to past upward surprises and the implications of the robust labour market for the speed of disinflation. They now see it reaching 5.1% in 2023, before it declines to 3.0% in 2024 and 2.3% in 2025. Staff have slightly lowered their economic growth projections for this year and next year. They now expect the economy to grow by 0.9% in 2023, 1.5% in 2024 and 1.6% in 2025. At t",full_context_loaded,DOC_101076A0C836,Monetary policy decisions,https://www.ecb.europa.eu/press/pr/date/2023/html/ecb.mp230615~d34cddb4c6.en.html,data\ECB\Monetary Policy\2023-06-15 - Monetary policy decisions.txt,false,hike,0.0,,0.75,
ECB,2023-09-14,ECB_2023_09,medium,True,confidence < 0.7; policy_rate_after missing; keyword extraction,hold,0.0,,0.5,explicit_unchanged_keyword,hike,,,0.75,strong hike keyword,\bdecided\s+to\s+(?:increase|raise)\b,"t is still expected to remain too high for too long. The Governing Council is determined to ensure that inflation returns to its 2% medium-term target in a timely manner. In order to reinforce progress towards its target, the Governing Council today decided to raise the three key ECB interest rates by 25 basis points. The rate increase today reflects the Governing Council’s assessment of the inflation outlook in light of the incoming economic and financial data, the dynamics of underlying inflation, and the str","BANK: ECB CATEGORY: Monetary Policy TITLE: Monetary policy decisions DATE: 14/09/2023 SPEAKER: SPEAKER ROLE: SOURCE URL: https://www.ecb.europa.eu/press/pr/date/2023/html/ecb.mp230914~aab39f8c21.en.html DOCUMENT TYPE: html ==== EXTRACTED TEXT START ==== PRESS RELEASE Monetary policy decisions 14 September 2023 Inflation continues to decline but is still expected to remain too high for too long. The Governing Council is determined to ensure that inflation returns to its 2% medium-term target in a timely manner. In order to reinforce progress towards its target, the Governing Council today decided to raise the three key ECB interest rates by 25 basis points. The rate increase today reflects the Governing Council’s assessment of the inflation outlook in light of the incoming economic and financial data, the dynamics of underlying inflation, and the strength of monetary policy transmission. The September ECB staff macroeconomic projections for the euro area see average inflation at 5.6% in 2023, 3.2% in 2024 and 2.1% in 2025. This is an upward revision for 2023 and 2024 and a downward revision for 2025. The upward revision for 2023 and 2024 mainly reflects a higher path for energy prices. Underlying price pressures remain high, even though most indicators have started to ease. ECB staff have slightly revised down the projected path for inflation excluding energy and food, to an average of 5.1% in 2023, 2.9% in 2024 and 2.2% in 2025. The Governing Council’s past interest rate increases continue to be transmitted forcefully. Financing conditions have tightened further and are increasingly d",full_context_loaded,DOC_3FF482C0E1E2,Monetary policy decisions,https://www.ecb.europa.eu/press/pr/date/2023/html/ecb.mp230914~aab39f8c21.en.html,data\ECB\Monetary Policy\2023-09-14 - Monetary policy decisions.txt,false,hike,0.0,,0.75,
ECB,2023-10-26,ECB_2023_10,medium,True,confidence < 0.7; policy_rate_after missing; keyword extraction,hold,0.0,,0.5,explicit_unchanged_keyword,hold,0.0,,0.75,strong hold keyword,"\b(left unchanged|kept unchanged|decided to maintain|decided to keep|no change to the policy rate|maintain the target range|target range\s+at\s+[0-9].{0,40}?to\s+[0-9])\b","EAKER: SPEAKER ROLE: SOURCE URL: https://www.ecb.europa.eu/press/pr/date/2023/html/ecb.mp231026~6028cea576.en.html DOCUMENT TYPE: html ==== EXTRACTED TEXT START ==== PRESS RELEASE Monetary policy decisions 26 October 2023 The Governing Council today decided to keep the three key ECB interest rates unchanged. The incoming information has broadly confirmed its previous assessment of the medium-term inflation outlook. Inflation is still expected to stay too high for too long, and domestic price pressures remain s","BANK: ECB CATEGORY: Monetary Policy TITLE: Monetary policy decisions DATE: 26/10/2023 SPEAKER: SPEAKER ROLE: SOURCE URL: https://www.ecb.europa.eu/press/pr/date/2023/html/ecb.mp231026~6028cea576.en.html DOCUMENT TYPE: html ==== EXTRACTED TEXT START ==== PRESS RELEASE Monetary policy decisions 26 October 2023 The Governing Council today decided to keep the three key ECB interest rates unchanged. The incoming information has broadly confirmed its previous assessment of the medium-term inflation outlook. Inflation is still expected to stay too high for too long, and domestic price pressures remain strong. At the same time, inflation dropped markedly in September, including due to strong base effects, and most measures of underlying inflation have continued to ease. The Governing Council’s past interest rate increases continue to be transmitted forcefully into financing conditions. This is increasingly dampening demand and thereby helps push down inflation. The Governing Council is determined to ensure that inflation returns to its 2% medium-term target in a timely manner. Based on its current assessment, the Governing Council considers that the key ECB interest rates are at levels that, maintained for a sufficiently long duration, will make a substantial contribution to this goal. The Governing Council’s future decisions will ensure t",full_context_loaded,DOC_80B337156D7D,Monetary policy decisions,https://www.ecb.europa.eu/press/pr/date/2023/html/ecb.mp231026~6028cea576.en.html,data\ECB\Monetary Policy\2023-10-26 - Monetary policy decisions.txt,false,hold,0.0,,0.75,
ECB,2023-12-14,ECB_2023_12,medium,True,confidence < 0.7; policy_rate_after missing; keyword extraction,hold,0.0,,0.5,explicit_unchanged_keyword,hold,0.0,,0.75,strong hold keyword,"\b(left unchanged|kept unchanged|decided to maintain|decided to keep|no change to the policy rate|maintain the target range|target range\s+at\s+[0-9].{0,40}?to\s+[0-9])\b","AKER: SPEAKER ROLE: SOURCE URL: https://www.ecb.europa.eu/press/pr/date/2023/html/ecb.mp231214~9846e62f62.en.html DOCUMENT TYPE: html ==== EXTRACTED TEXT START ==== PRESS RELEASE Monetary policy decisions 14 December 2023 The Governing Council today decided to keep the three key ECB interest rates unchanged. While inflation has dropped in recent months, it is likely to pick up again temporarily in the near term. According to the latest Eurosystem staff projections for the euro area, inflation is expected to de","BANK: ECB CATEGORY: Monetary Policy TITLE: Monetary policy decisions DATE: 14/12/2023 SPEAKER: SPEAKER ROLE: SOURCE URL: https://www.ecb.europa.eu/press/pr/date/2023/html/ecb.mp231214~9846e62f62.en.html DOCUMENT TYPE: html ==== EXTRACTED TEXT START ==== PRESS RELEASE Monetary policy decisions 14 December 2023 The Governing Council today decided to keep the three key ECB interest rates unchanged. While inflation has dropped in recent months, it is likely to pick up again temporarily in the near term. According to the latest Eurosystem staff projections for the euro area, inflation is expected to decline gradually over the course of next year, before approaching the Governing Council’s 2% target in 2025. Overall, staff expect headline inflation to average 5.4% in 2023, 2.7% in 2024, 2.1% in 2025 and 1.9% in 2026. Compared with the September staff projections, this amounts to a downward revision for 2023 and especially for 2024. Underlying inflation has eased further. But domestic price pressures remain elevated, primarily owing to strong growth in unit labour costs. Eurosystem staff expect inflation excluding energy and food to average 5.0% in 2023, 2.7% in 2024, 2.3% in 2025 and 2.1% in 2026. The past interest rate increases continue to be transmitted forcefully to the economy. Tighter financing conditions are dampening demand, and t",full_context_loaded,DOC_A8A3C0031B27,Monetary policy decisions,https://www.ecb.europa.eu/press/pr/date/2023/html/ecb.mp231214~9846e62f62.en.html,data\ECB\Monetary Policy\2023-12-14 - Monetary policy decisions.txt,false,hold,0.0,,0.75,
ECB,2024-01-25,ECB_2024_01,medium,True,confidence < 0.7; policy_rate_after missing; keyword extraction,hold,0.0,,0.5,explicit_unchanged_keyword,hold,0.0,,0.75,strong hold keyword,"\b(left unchanged|kept unchanged|decided to maintain|decided to keep|no change to the policy rate|maintain the target range|target range\s+at\s+[0-9].{0,40}?to\s+[0-9])\b","EAKER: SPEAKER ROLE: SOURCE URL: https://www.ecb.europa.eu/press/pr/date/2024/html/ecb.mp240125~f738889bde.en.html DOCUMENT TYPE: html ==== EXTRACTED TEXT START ==== PRESS RELEASE Monetary policy decisions 25 January 2024 The Governing Council today decided to keep the three key ECB interest rates unchanged. The incoming information has broadly confirmed its previous assessment of the medium-term inflation outlook. Aside from an energy-related upward base effect on headline inflation, the declining trend in un","BANK: ECB CATEGORY: Monetary Policy TITLE: Monetary policy decisions DATE: 25/01/2024 SPEAKER: SPEAKER ROLE: SOURCE URL: https://www.ecb.europa.eu/press/pr/date/2024/html/ecb.mp240125~f738889bde.en.html DOCUMENT TYPE: html ==== EXTRACTED TEXT START ==== PRESS RELEASE Monetary policy decisions 25 January 2024 The Governing Council today decided to keep the three key ECB interest rates unchanged. The incoming information has broadly confirmed its previous assessment of the medium-term inflation outlook. Aside from an energy-related upward base effect on headline inflation, the declining trend in underlying inflation has continued, and the past interest rate increases keep being transmitted forcefully into financing conditions. Tight financing conditions are dampening demand, and this is helping to push down inflation. The Governing Council is determined to ensure that inflation returns to its 2% medium-term target in a timely manner. Based on its current assessment, the Governing Council considers that the key ECB interest rates are at levels that, maintained for a sufficiently long duration, will make a substantial contribution to this goal. The Governing Council’s future decisions will ensure that its policy rates will be set at sufficiently restrictive levels for as long as necessary. The Governing Council will continue to follow",full_context_loaded,DOC_2884570B22F8,Monetary policy decisions,https://www.ecb.europa.eu/press/pr/date/2024/html/ecb.mp240125~f738889bde.en.html,data\ECB\Monetary Policy\2024-01-25 - Monetary policy decisions.txt,false,hold,0.0,,0.75,
ECB,2024-03-07,ECB_2024_03,medium,True,confidence < 0.7; policy_rate_after missing; keyword extraction,hold,0.0,,0.5,explicit_unchanged_keyword,hold,0.0,,0.75,strong hold keyword,"\b(left unchanged|kept unchanged|decided to maintain|decided to keep|no change to the policy rate|maintain the target range|target range\s+at\s+[0-9].{0,40}?to\s+[0-9])\b","SPEAKER: SPEAKER ROLE: SOURCE URL: https://www.ecb.europa.eu/press/pr/date/2024/html/ecb.mp240307~a5fa52b82b.en.html DOCUMENT TYPE: html ==== EXTRACTED TEXT START ==== PRESS RELEASE Monetary policy decisions 7 March 2024 The Governing Council today decided to keep the three key ECB interest rates unchanged. Since the last Governing Council meeting in January, inflation has declined further. In the latest ECB staff projections, inflation has been revised down, in particular for 2024 which mainly reflects a low","BANK: ECB CATEGORY: Monetary Policy TITLE: Monetary policy decisions DATE: 07/03/2024 SPEAKER: SPEAKER ROLE: SOURCE URL: https://www.ecb.europa.eu/press/pr/date/2024/html/ecb.mp240307~a5fa52b82b.en.html DOCUMENT TYPE: html ==== EXTRACTED TEXT START ==== PRESS RELEASE Monetary policy decisions 7 March 2024 The Governing Council today decided to keep the three key ECB interest rates unchanged. Since the last Governing Council meeting in January, inflation has declined further. In the latest ECB staff projections, inflation has been revised down, in particular for 2024 which mainly reflects a lower contribution from energy prices. Staff now project inflation to average 2.3% in 2024, 2.0% in 2025 and 1.9% in 2026. The projections for inflation excluding energy and food have also been revised down and average 2.6% for 2024, 2.1% for 2025 and 2.0% for 2026. Although most measures of underlying inflation have eased further, domestic price pressures remain high, in part owing to strong growth in wages. Financing conditions are restrictive and the past interest rate increases continue to weigh on demand, which is helping push down inflation. Staff have revised down their growth projection for 2024 to 0.6%, with economic activity expected to remain subdued in the near term. Thereafter, staff expect the economy to pick up and to grow at 1.",full_context_loaded,DOC_FAC850E3A92A,Monetary policy decisions,https://www.ecb.europa.eu/press/pr/date/2024/html/ecb.mp240307~a5fa52b82b.en.html,data\ECB\Monetary Policy\2024-03-07 - Monetary policy decisions.txt,false,hold,0.0,,0.75,
ECB,2024-04-11,ECB_2024_04,medium,True,confidence < 0.7; policy_rate_after missing; keyword extraction,hold,0.0,,0.5,explicit_unchanged_keyword,hold,0.0,,0.75,strong hold keyword,"\b(left unchanged|kept unchanged|decided to maintain|decided to keep|no change to the policy rate|maintain the target range|target range\s+at\s+[0-9].{0,40}?to\s+[0-9])\b","SPEAKER: SPEAKER ROLE: SOURCE URL: https://www.ecb.europa.eu/press/pr/date/2024/html/ecb.mp240411~1345644915.en.html DOCUMENT TYPE: html ==== EXTRACTED TEXT START ==== PRESS RELEASE Monetary policy decisions 11 April 2024 The Governing Council today decided to keep the three key ECB interest rates unchanged. The incoming information has broadly confirmed the Governing Council’s previous assessment of the medium-term inflation outlook. Inflation has continued to fall, led by lower food and goods price inflation","BANK: ECB CATEGORY: Monetary Policy TITLE: Monetary policy decisions DATE: 11/04/2024 SPEAKER: SPEAKER ROLE: SOURCE URL: https://www.ecb.europa.eu/press/pr/date/2024/html/ecb.mp240411~1345644915.en.html DOCUMENT TYPE: html ==== EXTRACTED TEXT START ==== PRESS RELEASE Monetary policy decisions 11 April 2024 The Governing Council today decided to keep the three key ECB interest rates unchanged. The incoming information has broadly confirmed the Governing Council’s previous assessment of the medium-term inflation outlook. Inflation has continued to fall, led by lower food and goods price inflation. Most measures of underlying inflation are easing, wage growth is gradually moderating, and firms are absorbing part of the rise in labour costs in their profits. Financing conditions remain restrictive and the past interest rate increases continue to weigh on demand, which is helping to push down inflation. But domestic price pressures are strong and are keeping services price inflation high. The Governing Council is determined to ensure that inflation returns to its 2% medium-term target in a timely manner. It considers that the key ECB interest rates are at levels that are making a substantial contribution to the ongoing disinflation process. The Governing Council’s future decisions will ensure that its policy rates will stay sufficient",full_context_loaded,DOC_1B56A15377AB,Monetary policy decisions,https://www.ecb.europa.eu/press/pr/date/2024/html/ecb.mp240411~1345644915.en.html,data\ECB\Monetary Policy\2024-04-11 - Monetary policy decisions.txt,false,hold,0.0,,0.75,
ECB,2024-06-06,ECB_2024_06,medium,True,confidence < 0.7; policy_rate_after missing; keyword extraction,hold,0.0,,0.5,explicit_unchanged_keyword,cut,,,0.75,strong cut keyword,\bdecided\s+to\s+(?:lower|reduce)\b,"4 SPEAKER: SPEAKER ROLE: SOURCE URL: https://www.ecb.europa.eu/press/pr/date/2024/html/ecb.mp240606~2148ecdb3c.en.html DOCUMENT TYPE: html ==== EXTRACTED TEXT START ==== PRESS RELEASE Monetary policy decisions 6 June 2024 The Governing Council today decided to lower the three key ECB interest rates by 25 basis points. Based on an updated assessment of the inflation outlook, the dynamics of underlying inflation and the strength of monetary policy transmission, it is now appropriate to moderate the degree of mone","BANK: ECB CATEGORY: Monetary Policy TITLE: Monetary policy decisions DATE: 06/06/2024 SPEAKER: SPEAKER ROLE: SOURCE URL: https://www.ecb.europa.eu/press/pr/date/2024/html/ecb.mp240606~2148ecdb3c.en.html DOCUMENT TYPE: html ==== EXTRACTED TEXT START ==== PRESS RELEASE Monetary policy decisions 6 June 2024 The Governing Council today decided to lower the three key ECB interest rates by 25 basis points. Based on an updated assessment of the inflation outlook, the dynamics of underlying inflation and the strength of monetary policy transmission, it is now appropriate to moderate the degree of monetary policy restriction after nine months of holding rates steady. Since the Governing Council meeting in September 2023, inflation has fallen by more than 2.5 percentage points and the inflation outlook has improved markedly. Underlying inflation has also eased, reinforcing the signs that price pressures have weakened, and inflation expectations have declined at all horizons. Monetary policy has kept financing conditions restrictive. By dampening demand and keeping inflation expectations well anchored, this has made a major contribution to bringing inflation back down. At the same time, despite the progress over recent quarters, domestic price pressures remain strong as wage growth is elevated, and inflation is likely to stay above target",full_context_loaded,DOC_22244984411A,Monetary policy decisions,https://www.ecb.europa.eu/press/pr/date/2024/html/ecb.mp240606~2148ecdb3c.en.html,data\ECB\Monetary Policy\2024-06-06 - Monetary policy decisions.txt,false,cut,0.0,,0.75,
ECB,2024-07-18,ECB_2024_07,medium,True,confidence < 0.7; policy_rate_after missing; keyword extraction,hold,0.0,,0.5,explicit_unchanged_keyword,hold,0.0,,0.75,strong hold keyword,"\b(left unchanged|kept unchanged|decided to maintain|decided to keep|no change to the policy rate|maintain the target range|target range\s+at\s+[0-9].{0,40}?to\s+[0-9])\b",SPEAKER: SPEAKER ROLE: SOURCE URL: https://www.ecb.europa.eu/press/pr/date/2024/html/ecb.mp240718~b9e0ddd9d5.en.html DOCUMENT TYPE: html ==== EXTRACTED TEXT START ==== PRESS RELEASE Monetary policy decisions 18 July 2024 The Governing Council today decided to keep the three key ECB interest rates unchanged. The incoming information broadly supports the Governing Council’s previous assessment of the medium-term inflation outlook. While some measures of underlying inflation ticked up in May owing to one-off fac,"BANK: ECB CATEGORY: Monetary Policy TITLE: Monetary policy decisions DATE: 18/07/2024 SPEAKER: SPEAKER ROLE: SOURCE URL: https://www.ecb.europa.eu/press/pr/date/2024/html/ecb.mp240718~b9e0ddd9d5.en.html DOCUMENT TYPE: html ==== EXTRACTED TEXT START ==== PRESS RELEASE Monetary policy decisions 18 July 2024 The Governing Council today decided to keep the three key ECB interest rates unchanged. The incoming information broadly supports the Governing Council’s previous assessment of the medium-term inflation outlook. While some measures of underlying inflation ticked up in May owing to one-off factors, most measures were either stable or edged down in June. In line with expectations, the inflationary impact of high wage growth has been buffered by profits. Monetary policy is keeping financing conditions restrictive. At the same time, domestic price pressures are still high, services inflation is elevated and headline inflation is likely to remain above the target well into next year. The Governing Council is determined to ensure that inflation returns to its 2% medium-term target in a timely manner. It will keep policy rates sufficiently restrictive for as long as necessary to achieve this aim. The Governing Council will continue to follow a data-dependent and meeting-by-meeting approach to determining the appropriate level and dura",full_context_loaded,DOC_4F7B2D767C99,Monetary policy decisions,https://www.ecb.europa.eu/press/pr/date/2024/html/ecb.mp240718~b9e0ddd9d5.en.html,data\ECB\Monetary Policy\2024-07-18 - Monetary policy decisions.txt,false,hold,0.0,,0.75,
ECB,2024-09-12,ECB_2024_09,medium,True,confidence < 0.7; policy_rate_after missing; keyword extraction,hold,0.0,,0.5,explicit_unchanged_keyword,cut,,,0.75,strong cut keyword,\bdecided\s+to\s+(?:lower|reduce)\b,"KER: SPEAKER ROLE: SOURCE URL: https://www.ecb.europa.eu/press/pr/date/2024/html/ecb.mp240912~67cb23badb.en.html DOCUMENT TYPE: html ==== EXTRACTED TEXT START ==== PRESS RELEASE Monetary policy decisions 12 September 2024 The Governing Council today decided to lower the deposit facility rate - the rate through which it steers the monetary policy stance - by 25 basis points. Based on the Governing Council’s updated assessment of the inflation outlook, the dynamics of underlying inflation and the strength of mone","BANK: ECB CATEGORY: Monetary Policy TITLE: Monetary policy decisions DATE: 12/09/2024 SPEAKER: SPEAKER ROLE: SOURCE URL: https://www.ecb.europa.eu/press/pr/date/2024/html/ecb.mp240912~67cb23badb.en.html DOCUMENT TYPE: html ==== EXTRACTED TEXT START ==== PRESS RELEASE Monetary policy decisions 12 September 2024 The Governing Council today decided to lower the deposit facility rate - the rate through which it steers the monetary policy stance - by 25 basis points. Based on the Governing Council’s updated assessment of the inflation outlook, the dynamics of underlying inflation and the strength of monetary policy transmission, it is now appropriate to take another step in moderating the degree of monetary policy restriction. Recent inflation data have come in broadly as expected, and the latest ECB staff projections confirm the previous inflation outlook. Staff see headline inflation averaging 2.5% in 2024, 2.2% in 2025 and 1.9% in 2026, as in the June projections. Inflation is expected to rise again in the latter part of this year, partly because previous sharp falls in energy prices will drop out of the annual rates. Inflation should then decline towards our target over the second half of next year. For core inflation, the projections for 2024 and 2025 have been revised up slightly, as services inflation has been higher than expected.",full_context_loaded,DOC_5C6BBCC5E80E,Monetary policy decisions,https://www.ecb.europa.eu/press/pr/date/2024/html/ecb.mp240912~67cb23badb.en.html,data\ECB\Monetary Policy\2024-09-12 - Monetary policy decisions.txt,false,cut,0.0,,0.75,
ECB,2024-10-17,ECB_2024_10,medium,True,confidence < 0.7; policy_rate_after missing; keyword extraction,hold,0.0,,0.5,explicit_unchanged_keyword,cut,,,0.75,strong cut keyword,\bdecided\s+to\s+(?:lower|reduce)\b,"EAKER: SPEAKER ROLE: SOURCE URL: https://www.ecb.europa.eu/press/pr/date/2024/html/ecb.mp241017~aa366eaf20.en.html DOCUMENT TYPE: html ==== EXTRACTED TEXT START ==== PRESS RELEASE Monetary policy decisions 17 October 2024 The Governing Council today decided to lower the three key ECB interest rates by 25 basis points. In particular, the decision to lower the deposit facility rate - the rate through which the Governing Council steers the monetary policy stance - is based on its updated assessment of the inflatio","BANK: ECB CATEGORY: Monetary Policy TITLE: Monetary policy decisions DATE: 17/10/2024 SPEAKER: SPEAKER ROLE: SOURCE URL: https://www.ecb.europa.eu/press/pr/date/2024/html/ecb.mp241017~aa366eaf20.en.html DOCUMENT TYPE: html ==== EXTRACTED TEXT START ==== PRESS RELEASE Monetary policy decisions 17 October 2024 The Governing Council today decided to lower the three key ECB interest rates by 25 basis points. In particular, the decision to lower the deposit facility rate - the rate through which the Governing Council steers the monetary policy stance - is based on its updated assessment of the inflation outlook, the dynamics of underlying inflation and the strength of monetary policy transmission. The incoming information on inflation shows that the disinflationary process is well on track. The inflation outlook is also affected by recent downside surprises in indicators of economic activity. Meanwhile, financing conditions remain restrictive. Inflation is expected to rise in the coming months, before declining to target in the course of next year. Domestic inflation remains high, as wages are still rising at an elevated pace. At the same time, labour cost pressures are set to continue easing gradually, with profits partially buffering their impact on inflation. The Governing Council is determined to ensure that inflation returns to its",full_context_loaded,DOC_3A80C3D4AC3A,Monetary policy decisions,https://www.ecb.europa.eu/press/pr/date/2024/html/ecb.mp241017~aa366eaf20.en.html,data\ECB\Monetary Policy\2024-10-17 - Monetary policy decisions.txt,false,cut,0.0,,0.75,
ECB,2024-12-12,ECB_2024_12,medium,True,confidence < 0.7; policy_rate_after missing; keyword extraction,hold,0.0,,0.5,explicit_unchanged_keyword,cut,,,0.75,strong cut keyword,\bdecided\s+to\s+(?:lower|reduce)\b,"of the ECB, Luis de Guindos, Vice-President of the ECB Frankfurt am Main, 12 December 2024 Jump to the transcript of the questions and answers Good afternoon, the Vice-President and I welcome you to our press conference. The Governing Council today decided to lower the three key ECB interest rates by 25 basis points. In particular, the decision to lower the deposit facility rate - the rate through which we steer the monetary policy stance - is based on our updated assessment of the inflation outlook, the dynam","s PT Română RO Slovenčina SK Slovenščina SL Svenska SV Related 12 December 2024 Combined monetary policy decisions and statement English 12 December 2024 Monetary policy decisions English OTHER LANGUAGES (23) + Select your language Български BG Čeština CS Dansk DA Deutsch DE Eλληνικά EL Español ES Eesti keel ET Suomi FI Français FR Gaeilge GA Hrvatski HR Magyar HU Italiano IT Lietuvių LT Latviešu LV Malti MT Nederlands NL Polski PL Português PT Română RO Slovenčina SK Slovenščina SL Svenska SV SOURCE URL: https://www.ecb.europa.eu/press/press_conference/monetary-policy-statement/2024/html/ecb.is241212~ce143b3bc8.en.html DOCUMENT TYPE: html ==== EXTRACTED TEXT START ==== MONETARY POLICY STATEMENT PRESS CONFERENCE Christine Lagarde, President of the ECB, Luis de Guindos, Vice-President of the ECB Frankfurt am Main, 12 December 2024 Jump to the transcript of the questions and answers Good afternoon, the Vice-President and I welcome you to our press conference. The Governing Council today decided to lower the three key ECB interest rates by 25 basis points. In particular, the decision to lower the deposit facility rate - the rate through which we steer the monetary policy stance - is based on our updated assessment of the inflation outlook, the dynamics of underlying inflation and the strength of monetary policy transmission. The disinflation process is well on track. Staff see headline inflation averaging 2.4 per cent in 2024, 2.1 per cent in 2025, 1.9 per cent in 2026 and 2.1 per cent in 2027 when the expanded EU Emissions Trading System becomes operational. For inflation excluding energy and food, staff project an average of 2.9 per cent in 2024, 2.3 per cent in 2025 and 1.9 per cent in both 2026 and 2027. Most measures of underlying inflation suggest that inflation will settle at around our two per cent medium-term target on a sustained basis. Domestic inflation has edged down but remains high, mostly because wages and prices in certain sectors are still adjusting to the past infla",full_context_loaded,DOC_3B0AD99FE401,"Christine Lagarde, Luis de Guindos: Monetary policy statement (with Q&A)",https://www.ecb.europa.eu/press/press_conference/monetary-policy-statement/2024/html/ecb.is241212~ce143b3bc8.en.html,"data\ECB\Press Conference Q&A\2024-12-12 - Christine Lagarde, Luis de Guindos_ Monetary policy statement (with Q&A).txt",false,cut,0.0,,0.75,
ECB,2025-01-30,ECB_2025_01,medium,True,confidence < 0.7; policy_rate_after missing; keyword extraction,hold,0.0,,0.5,explicit_unchanged_keyword,cut,,,0.75,strong cut keyword,\bdecided\s+to\s+(?:lower|reduce)\b,"a pleasure to be here at the Peterson Institute for International Economics (PIIE): your impressive research on a wide range of topics is extremely valuable for policymakers. [ 1 ] At last week’s monetary policy meeting, the ECB’s Governing Council decided to lower the deposit facility rate - the rate through which we steer the monetary policy stance - by 25 basis points from 3.0 per cent to 2.75 per cent. In cumulative terms, the deposit facility rate has declined by 125 basis points since last June. The deci","BANK: ECB CATEGORY: Speeches TITLE: A middle path for ECB monetary policy DATE: 05/02/2025 SPEAKER: Speech by Philip R. Lane SPEAKER ROLE: SOURCE URL: https://www.ecb.europa.eu/press/key/date/2025/html/ecb.sp250205~94958ee099.en.html DOCUMENT TYPE: html ==== EXTRACTED TEXT START ==== SPEECH A middle path for ECB monetary policy Speech by Philip R. Lane, Member of the Executive Board of the ECB, at the Peterson Institute for International Economics (PIIE) Washington, D.C., 5 February 2025 It is a pleasure to be here at the Peterson Institute for International Economics (PIIE): your impressive research on a wide range of topics is extremely valuable for policymakers. [ 1 ] At last week’s monetary policy meeting, the ECB’s Governing Council decided to lower the deposit facility rate - the rate through which we steer the monetary policy stance - by 25 basis points from 3.0 per cent to 2.75 per cent. In cumulative terms, the deposit facility rate has declined by 125 basis points since last June. The decision reflected our updated assessment of the inflation outlook, the dynamics of underlying inflation and the strength of monetary policy transmission. In what follows, I will explain in more detail the basis for this decision. I will review inflation developments, economic developments, our risk assessment, and financial and monetary conditions. Finally, I explain why pursuing a middle path for monetary policy is best suited to the current environment. Inflation developments The disinflation process remains well on track. Inflation has continued to develop broadly in line with the staff projections and is set to return to our two per cent medium-term target in the course of this year. Most measures of underlying inflation suggest that infla",full_context_loaded,DOC_F95EA691D39A,A middle path for ECB monetary policy,https://www.ecb.europa.eu/press/key/date/2025/html/ecb.sp250205~94958ee099.en.html,data\ECB\Speeches\2025-02-05 - Speech by Philip R. Lane - A middle path for ECB monetary policy.txt,false,cut,0.0,,0.75,
ECB,2025-03-06,ECB_2025_03,medium,True,confidence < 0.7; policy_rate_after missing; keyword extraction,hold,0.0,,0.5,explicit_unchanged_keyword,cut,,,0.75,strong cut keyword,\bdecided\s+to\s+(?:lower|reduce)\b,"dent of the ECB, Luis de Guindos, Vice-President of the ECB Frankfurt am Main, 6 March 2025 Jump to the transcript of the questions and answers Good afternoon, the Vice-President and I welcome you to our press conference. The Governing Council today decided to lower the three key ECB interest rates by 25 basis points. In particular, the decision to lower the deposit facility rate - the rate through which we steer the monetary policy stance - is based on our updated assessment of the inflation outlook, the dynam","agarde, President of the ECB, Luis de Guindos, Vice-President of the ECB, Frankfurt am Main, 6 March 2025 English OTHER LANGUAGES (23) + Select your language Български BG Čeština CS Dansk DA Deutsch DE Eλληνικά EL Español ES Eesti keel ET Suomi FI Français FR Gaeilge GA Hrvatski HR Magyar HU Italiano IT Lietuvių LT Latviešu LV Malti MT Nederlands NL Polski PL Português PT Română RO Slovenčina SK Slovenščina SL Svenska SV Related 6 March 2025 Combined monetary policy decisions and statement English SOURCE URL: https://www.ecb.europa.eu/press/press_conference/monetary-policy-statement/2025/html/ecb.is250306~4307bd0941.en.html DOCUMENT TYPE: html ==== EXTRACTED TEXT START ==== MONETARY POLICY STATEMENT PRESS CONFERENCE Christine Lagarde, President of the ECB, Luis de Guindos, Vice-President of the ECB Frankfurt am Main, 6 March 2025 Jump to the transcript of the questions and answers Good afternoon, the Vice-President and I welcome you to our press conference. The Governing Council today decided to lower the three key ECB interest rates by 25 basis points. In particular, the decision to lower the deposit facility rate - the rate through which we steer the monetary policy stance - is based on our updated assessment of the inflation outlook, the dynamics of underlying inflation and the strength of monetary policy transmission. The disinflation process is well on track. Inflation has continued to develop broadly as staff expected, and the latest projections closely align with the previous inflation outlook. Staff now see headline inflation averaging 2.3 per cent in 2025, 1.9 per cent in 2026 and 2.0 per cent in 2027. The upward revision in headline inflation for 2025 reflects stronger energy price dynamics. For inflation excluding energy and food, staff project an average of 2.2 per cent in 2025, 2.0 per cent in 2026 and 1.9 per cent in 2027. Most measures of underlying inflation suggest that inflation will settle at around our two per cent medium-term target on a sustained basis. Domest",full_context_loaded,DOC_7E18226B03A7,"Christine Lagarde, Luis de Guindos: Monetary policy statement (with Q&A)",https://www.ecb.europa.eu/press/press_conference/monetary-policy-statement/2025/html/ecb.is250306~4307bd0941.en.html,"data\ECB\Press Conference Q&A\2025-03-06 - Christine Lagarde, Luis de Guindos_ Monetary policy statement (with Q&A).txt",false,cut,0.0,,0.75,
ECB,2025-04-17,ECB_2025_04,medium,True,confidence < 0.7; policy_rate_after missing; keyword extraction,hold,0.0,,0.5,explicit_unchanged_keyword,,,,0.0,,,,"BANK: ECB CATEGORY: Speeches TITLE: The communication of monetary policy decisions: incorporating risks and uncertainty DATE: 16/05/2025 SPEAKER: The communication of monetary policy decisions SPEAKER ROLE: SOURCE URL: https://www.ecb.europa.eu/press/key/date/2025/html/ecb.sp250516~fd6d7138d8.en.html DOCUMENT TYPE: html ==== EXTRACTED TEXT START ==== REMARKS The communication of monetary policy decisions: incorporating risks and uncertainty Remarks by Philip R. Lane, Member of the Executive Board of the ECB, at the Second Thomas Laubach Research Conference Washington, D.C., 16 May 2025 In my remarks today I will focus on how the ECB communicates its monetary policy decisions, with a particular emphasis on the integration of risks and uncertainty into the monetary policy decision-making process. [ 1 ] [ 2 ] Monetary policy meetings take place over two days. On Wednesday afternoon, there are presentations by ECB Executive Board members: Isabel Schnabel reports on the latest financial market developments and I review the global environment and the latest economic, monetary and financial developments in the euro area. This is followed by a general discussion of these topics by Governing Council members. On Thursday morning, I present a proposal for the monetary policy decision, which is then discussed by the Governing Council. After the monetary policy decision is made (typically by consensus), the monetary policy statement is finalised by the Governing Council, concluding the Thursday morning session. In the afternoon, a press release announcing the decision is published at 2:15 p.m. While this press release was quite succinct in the past, a summary explanation for the decision is now included, and - for the quarterly meetings - the main elements of the staff macroeconomic projections are reported. At the opening of the press conference at 2:45 p.m., President Lagarde reads out the monetary policy statement. The opening section matches the press release, while further sections go into more detail on economic activity, inflation, the risk assessment and monetary and financial developments. This is followed by a question-and-answer session. After the press conference, the quarterly forecast meetings also see the publication of a staff article that explains the new set of macroeconomic projections. About two weeks later, the Economic Bulletin is published, containing summaries of the preparatory analysis that was made available to the Governing Council prior to",full_context_loaded,DOC_E9F13E33D080,The communication of monetary policy decisions: incorporating risks and uncertainty,https://www.ecb.europa.eu/press/key/date/2025/html/ecb.sp250516~fd6d7138d8.en.html,data\ECB\Speeches\2025-05-16 - The communication of monetary policy decisions - The communication of monetary policy decisions_ incorporating risks and uncertainty.txt,false,hold,0.0,,0.5,
ECB,2025-06-05,ECB_2025_06,medium,True,confidence < 0.7; policy_rate_after missing; keyword extraction,hold,0.0,,0.5,explicit_unchanged_keyword,cut,,,0.75,strong cut keyword,\bdecided\s+to\s+(?:lower|reduce)\b,"5 SPEAKER: SPEAKER ROLE: SOURCE URL: https://www.ecb.europa.eu/press/pr/date/2025/html/ecb.mp250605~3b5f67d007.en.html DOCUMENT TYPE: html ==== EXTRACTED TEXT START ==== PRESS RELEASE Monetary policy decisions 5 June 2025 The Governing Council today decided to lower the three key ECB interest rates by 25 basis points. In particular, the decision to lower the deposit facility rate - the rate through which the Governing Council steers the monetary policy stance - is based on its updated assessment of the inflatio","BANK: ECB CATEGORY: Monetary Policy TITLE: Monetary policy decisions DATE: 05/06/2025 SPEAKER: SPEAKER ROLE: SOURCE URL: https://www.ecb.europa.eu/press/pr/date/2025/html/ecb.mp250605~3b5f67d007.en.html DOCUMENT TYPE: html ==== EXTRACTED TEXT START ==== PRESS RELEASE Monetary policy decisions 5 June 2025 The Governing Council today decided to lower the three key ECB interest rates by 25 basis points. In particular, the decision to lower the deposit facility rate - the rate through which the Governing Council steers the monetary policy stance - is based on its updated assessment of the inflation outlook, the dynamics of underlying inflation and the strength of monetary policy transmission. Inflation is currently at around the Governing Council’s 2% medium-term target. In the baseline of the new Eurosystem staff projections, headline inflation is set to average 2.0% in 2025, 1.6% in 2026 and 2.0% in 2027. The downward revisions compared with the March projections, by 0.3 percentage points for both 2025 and 2026, mainly reflect lower assumptions for energy prices and a stronger euro. Staff expect inflation excluding energy and food to average 2.4% in 2025 and 1.9% in 2026 and 2027, broadly unchanged since March. Staff see real GDP growth averaging 0.9% in 2025, 1.1% in 2026 and 1.3% in 2027. The unrevised growth projection for 2025",full_context_loaded,DOC_ACEB876DE494,Monetary policy decisions,https://www.ecb.europa.eu/press/pr/date/2025/html/ecb.mp250605~3b5f67d007.en.html,data\ECB\Monetary Policy\2025-06-05 - Monetary policy decisions.txt,false,cut,0.0,,0.75,
ECB,2025-07-24,ECB_2025_07,medium,True,confidence < 0.7; policy_rate_after missing; keyword extraction,hold,0.0,,0.5,explicit_unchanged_keyword,hold,0.0,,0.75,strong hold keyword,"\b(left unchanged|kept unchanged|decided to maintain|decided to keep|no change to the policy rate|maintain the target range|target range\s+at\s+[0-9].{0,40}?to\s+[0-9])\b",SPEAKER: SPEAKER ROLE: SOURCE URL: https://www.ecb.europa.eu/press/pr/date/2025/html/ecb.mp250724~50bc70e13f.en.html DOCUMENT TYPE: html ==== EXTRACTED TEXT START ==== PRESS RELEASE Monetary policy decisions 24 July 2025 The Governing Council today decided to keep the three key ECB interest rates unchanged. Inflation is currently at the 2% medium-term target. The incoming information is broadly in line with the Governing Council’s previous assessment of the inflation outlook. Domestic price pressures have con,"BANK: ECB CATEGORY: Monetary Policy TITLE: Monetary policy decisions DATE: 24/07/2025 SPEAKER: SPEAKER ROLE: SOURCE URL: https://www.ecb.europa.eu/press/pr/date/2025/html/ecb.mp250724~50bc70e13f.en.html DOCUMENT TYPE: html ==== EXTRACTED TEXT START ==== PRESS RELEASE Monetary policy decisions 24 July 2025 The Governing Council today decided to keep the three key ECB interest rates unchanged. Inflation is currently at the 2% medium-term target. The incoming information is broadly in line with the Governing Council’s previous assessment of the inflation outlook. Domestic price pressures have continued to ease, with wages growing more slowly. Partly reflecting the Governing Council’s past interest rate cuts, the economy has so far proven resilient overall in a challenging global environment. At the same time, the environment remains exceptionally uncertain, especially because of trade disputes. The Governing Council is determined to ensure that inflation stabilises at its 2% target in the medium term. It will follow a data-dependent and meeting-by-meeting approach to determining the appropriate monetary policy stance. In particular, the Governing Council’s interest rate decisions will be based on its assessment of the inflation outlook and the risks surrounding it, in light of the incoming economic and financial data, as well as th",full_context_loaded,DOC_75046968D43E,Monetary policy decisions,https://www.ecb.europa.eu/press/pr/date/2025/html/ecb.mp250724~50bc70e13f.en.html,data\ECB\Monetary Policy\2025-07-24 - Monetary policy decisions.txt,false,hold,0.0,,0.75,
ECB,2025-09-11,ECB_2025_09,medium,True,confidence < 0.7; policy_rate_after missing; keyword extraction,hold,0.0,,0.5,explicit_unchanged_keyword,hold,0.0,,0.75,strong hold keyword,"\b(left unchanged|kept unchanged|decided to maintain|decided to keep|no change to the policy rate|maintain the target range|target range\s+at\s+[0-9].{0,40}?to\s+[0-9])\b",KER: SPEAKER ROLE: SOURCE URL: https://www.ecb.europa.eu/press/pr/date/2025/html/ecb.mp250911~6afb7a9490.en.html DOCUMENT TYPE: html ==== EXTRACTED TEXT START ==== PRESS RELEASE Monetary policy decisions 11 September 2025 The Governing Council today decided to keep the three key ECB interest rates unchanged. Inflation is currently at around the 2% medium-term target and the Governing Council’s assessment of the inflation outlook is broadly unchanged. The new ECB staff projections present a picture of inflation,"BANK: ECB CATEGORY: Monetary Policy TITLE: Monetary policy decisions DATE: 11/09/2025 SPEAKER: SPEAKER ROLE: SOURCE URL: https://www.ecb.europa.eu/press/pr/date/2025/html/ecb.mp250911~6afb7a9490.en.html DOCUMENT TYPE: html ==== EXTRACTED TEXT START ==== PRESS RELEASE Monetary policy decisions 11 September 2025 The Governing Council today decided to keep the three key ECB interest rates unchanged. Inflation is currently at around the 2% medium-term target and the Governing Council’s assessment of the inflation outlook is broadly unchanged. The new ECB staff projections present a picture of inflation similar to that projected in June. They see headline inflation averaging 2.1% in 2025, 1.7% in 2026 and 1.9% in 2027. For inflation excluding energy and food, they expect an average of 2.4% in 2025, 1.9% in 2026 and 1.8% in 2027. The economy is projected to grow by 1.2% in 2025, revised up from the 0.9% expected in June. The growth projection for 2026 is now slightly lower, at 1.0%, while the projection for 2027 is unchanged at 1.3%. The Governing Council is determined to ensure that inflation stabilises at its 2% target in the medium term. It will follow a data-dependent and meeting-by-meeting approach to determining the appropriate monetary policy stance. In particular, the Governing Council’s interest rate decisions will be based on its",full_context_loaded,DOC_A6325111DD20,Monetary policy decisions,https://www.ecb.europa.eu/press/pr/date/2025/html/ecb.mp250911~6afb7a9490.en.html,data\ECB\Monetary Policy\2025-09-11 - Monetary policy decisions.txt,false,hold,0.0,,0.75,
ECB,2025-10-30,ECB_2025_10,medium,True,confidence < 0.7; policy_rate_after missing; keyword extraction,hold,0.0,,0.5,explicit_unchanged_keyword,hold,0.0,,0.75,strong hold keyword,"\b(left unchanged|kept unchanged|decided to maintain|decided to keep|no change to the policy rate|maintain the target range|target range\s+at\s+[0-9].{0,40}?to\s+[0-9])\b",EAKER: SPEAKER ROLE: SOURCE URL: https://www.ecb.europa.eu/press/pr/date/2025/html/ecb.mp251030~cf0540b5c0.en.html DOCUMENT TYPE: html ==== EXTRACTED TEXT START ==== PRESS RELEASE Monetary policy decisions 30 October 2025 The Governing Council today decided to keep the three key ECB interest rates unchanged. Inflation remains close to the 2% medium-term target and the Governing Council’s assessment of the inflation outlook is broadly unchanged. The economy has continued to grow despite the challenging global e,"BANK: ECB CATEGORY: Monetary Policy TITLE: Monetary policy decisions DATE: 30/10/2025 SPEAKER: SPEAKER ROLE: SOURCE URL: https://www.ecb.europa.eu/press/pr/date/2025/html/ecb.mp251030~cf0540b5c0.en.html DOCUMENT TYPE: html ==== EXTRACTED TEXT START ==== PRESS RELEASE Monetary policy decisions 30 October 2025 The Governing Council today decided to keep the three key ECB interest rates unchanged. Inflation remains close to the 2% medium-term target and the Governing Council’s assessment of the inflation outlook is broadly unchanged. The economy has continued to grow despite the challenging global environment. The robust labour market, solid private sector balance sheets and the Governing Council’s past interest rate cuts remain important sources of resilience. However, the outlook is still uncertain, owing particularly to ongoing global trade disputes and geopolitical tensions. The Governing Council is determined to ensure that inflation stabilises at its 2% target in the medium term. It will follow a data-dependent and meeting-by-meeting approach to determining the appropriate monetary policy stance. In particular, the Governing Council’s interest rate decisions will be based on its assessment of the inflation outlook and the risks surrounding it, in light of the incoming economic and financial data, as well as the dynamics of under",full_context_loaded,DOC_3CED66B6DA40,Monetary policy decisions,https://www.ecb.europa.eu/press/pr/date/2025/html/ecb.mp251030~cf0540b5c0.en.html,data\ECB\Monetary Policy\2025-10-30 - Monetary policy decisions.txt,false,hold,0.0,,0.75,
ECB,2025-12-18,ECB_2025_12,medium,True,confidence < 0.7; policy_rate_after missing; keyword extraction,hold,0.0,,0.5,explicit_unchanged_keyword,hold,0.0,1.4,0.9,strong hold keyword,"\b(left unchanged|kept unchanged|decided to maintain|decided to keep|no change to the policy rate|maintain the target range|target range\s+at\s+[0-9].{0,40}?to\s+[0-9])\b","AKER: SPEAKER ROLE: SOURCE URL: https://www.ecb.europa.eu/press/pr/date/2025/html/ecb.mp251218~58b0e415a6.en.html DOCUMENT TYPE: html ==== EXTRACTED TEXT START ==== PRESS RELEASE Monetary policy decisions 18 December 2025 The Governing Council today decided to keep the three key ECB interest rates unchanged. Its updated assessment reconfirms that inflation should stabilise at the 2% target in the medium term. The new Eurosystem staff projections show headline inflation averaging 2.1% in 2025, 1.9% in 2026, 1.8","BANK: ECB CATEGORY: Monetary Policy TITLE: Monetary policy decisions DATE: 18/12/2025 SPEAKER: SPEAKER ROLE: SOURCE URL: https://www.ecb.europa.eu/press/pr/date/2025/html/ecb.mp251218~58b0e415a6.en.html DOCUMENT TYPE: html ==== EXTRACTED TEXT START ==== PRESS RELEASE Monetary policy decisions 18 December 2025 The Governing Council today decided to keep the three key ECB interest rates unchanged. Its updated assessment reconfirms that inflation should stabilise at the 2% target in the medium term. The new Eurosystem staff projections show headline inflation averaging 2.1% in 2025, 1.9% in 2026, 1.8% in 2027 and 2.0% in 2028. For inflation excluding energy and food, staff project an average of 2.4% in 2025, 2.2% in 2026, 1.9% in 2027 and 2.0% in 2028. Inflation has been revised up for 2026, mainly because staff now expect services inflation to decline more slowly. Economic growth is expected to be stronger than in the September projections, driven especially by domestic demand. Growth has been revised up to 1.4% in 2025, 1.2% in 2026 and 1.4% in 2027 and is expected to remain at 1.4% in 2028. The Governing Council is determined to ensure that inflation stabilises at its 2% target in the medium term. It will follow a data-dependent and meeting-by-meeting approach to determining the appropriate monetary policy stance. In particular, the",full_context_loaded,DOC_0FA6FDA7657E,Monetary policy decisions,https://www.ecb.europa.eu/press/pr/date/2025/html/ecb.mp251218~58b0e415a6.en.html,data\ECB\Monetary Policy\2025-12-18 - Monetary policy decisions.txt,false,hold,0.0,1.4,0.9,
ECB,2026-02-05,ECB_2026_02,medium,True,confidence < 0.7; policy_rate_after missing; keyword extraction,hold,0.0,,0.5,explicit_unchanged_keyword,hold,0.0,,0.75,strong hold keyword,"\b(left unchanged|kept unchanged|decided to maintain|decided to keep|no change to the policy rate|maintain the target range|target range\s+at\s+[0-9].{0,40}?to\s+[0-9])\b","EAKER: SPEAKER ROLE: SOURCE URL: https://www.ecb.europa.eu/press/pr/date/2026/html/ecb.mp260205~001d26959b.en.html DOCUMENT TYPE: html ==== EXTRACTED TEXT START ==== PRESS RELEASE Monetary policy decisions 5 February 2026 The Governing Council today decided to keep the three key ECB interest rates unchanged. Its updated assessment reconfirms that inflation should stabilise at its 2% target in the medium term. The economy remains resilient in a challenging global environment. Low unemployment, solid private sec","BANK: ECB CATEGORY: Monetary Policy TITLE: Monetary policy decisions DATE: 05/02/2026 SPEAKER: SPEAKER ROLE: SOURCE URL: https://www.ecb.europa.eu/press/pr/date/2026/html/ecb.mp260205~001d26959b.en.html DOCUMENT TYPE: html ==== EXTRACTED TEXT START ==== PRESS RELEASE Monetary policy decisions 5 February 2026 The Governing Council today decided to keep the three key ECB interest rates unchanged. Its updated assessment reconfirms that inflation should stabilise at its 2% target in the medium term. The economy remains resilient in a challenging global environment. Low unemployment, solid private sector balance sheets, the gradual rollout of public spending on defence and infrastructure and the supportive effects of the past interest rate cuts are underpinning growth. At the same time, the outlook is still uncertain, owing particularly to ongoing global trade policy uncertainty and geopolitical tensions. The Governing Council is determined to ensure that inflation stabilises at its 2% target in the medium term. It will follow a data-dependent and meeting-by-meeting approach to determining the appropriate monetary policy stance. In particular, the Governing Council’s interest rate decisions will be based on its assessment of the inflation outlook and the risks surrounding it, in light of the incoming economic and financial data, as well",full_context_loaded,DOC_EBCDB2DE5C65,Monetary policy decisions,https://www.ecb.europa.eu/press/pr/date/2026/html/ecb.mp260205~001d26959b.en.html,data\ECB\Monetary Policy\2026-02-05 - Monetary policy decisions.txt,false,hold,0.0,,0.75,
ECB,2026-03-19,ECB_2026_03,medium,True,confidence < 0.7; policy_rate_after missing; keyword extraction,hold,0.0,,0.5,explicit_unchanged_keyword,hold,0.0,,0.75,strong hold keyword,"\b(left unchanged|kept unchanged|decided to maintain|decided to keep|no change to the policy rate|maintain the target range|target range\s+at\s+[0-9].{0,40}?to\s+[0-9])\b","SPEAKER: SPEAKER ROLE: SOURCE URL: https://www.ecb.europa.eu/press/pr/date/2026/html/ecb.mp260319~3057739775.en.html DOCUMENT TYPE: html ==== EXTRACTED TEXT START ==== PRESS RELEASE Monetary policy decisions 19 March 2026 The Governing Council today decided to keep the three key ECB interest rates unchanged. It is determined to ensure that inflation stabilises at the 2% target in the medium term. The war in the Middle East has made the outlook significantly more uncertain, creating upside risks for inflation a","BANK: ECB CATEGORY: Monetary Policy TITLE: Monetary policy decisions DATE: 19/03/2026 SPEAKER: SPEAKER ROLE: SOURCE URL: https://www.ecb.europa.eu/press/pr/date/2026/html/ecb.mp260319~3057739775.en.html DOCUMENT TYPE: html ==== EXTRACTED TEXT START ==== PRESS RELEASE Monetary policy decisions 19 March 2026 The Governing Council today decided to keep the three key ECB interest rates unchanged. It is determined to ensure that inflation stabilises at the 2% target in the medium term. The war in the Middle East has made the outlook significantly more uncertain, creating upside risks for inflation and downside risks for economic growth. It will have a material impact on near-term inflation through higher energy prices. Its medium-term implications will depend both on the intensity and duration of the conflict and on how energy prices affect consumer prices and the economy. The Governing Council is well positioned to navigate this uncertainty. Inflation has been at around the 2% target, longer-term inflation expectations are well anchored, and the economy has shown resilience over recent quarters. The incoming information in the period ahead will help the Governing Council assess how the war will affect the inflation outlook and the risks surrounding it. The Governing Council is closely monitoring the situation, and its data-dependent",full_context_loaded,DOC_3B37AF6242F9,Monetary policy decisions,https://www.ecb.europa.eu/press/pr/date/2026/html/ecb.mp260319~3057739775.en.html,data\ECB\Monetary Policy\2026-03-19 - Monetary policy decisions.txt,false,hold,0.0,,0.75,
ECB,2026-04-30,ECB_2026_04,medium,True,confidence < 0.7; policy_rate_after missing; keyword extraction,hold,0.0,,0.5,explicit_unchanged_keyword,hold,0.0,,0.75,strong hold keyword,"\b(left unchanged|kept unchanged|decided to maintain|decided to keep|no change to the policy rate|maintain the target range|target range\s+at\s+[0-9].{0,40}?to\s+[0-9])\b","SPEAKER: SPEAKER ROLE: SOURCE URL: https://www.ecb.europa.eu/press/pr/date/2026/html/ecb.mp260430~81b7179e6f.en.html DOCUMENT TYPE: html ==== EXTRACTED TEXT START ==== PRESS RELEASE Monetary policy decisions 30 April 2026 The Governing Council today decided to keep the three key ECB interest rates unchanged. While the incoming information has been broadly consistent with the Governing Council’s previous assessment of the inflation outlook, the upside risks to inflation and the downside risks to growth have int","BANK: ECB CATEGORY: Monetary Policy TITLE: Monetary policy decisions DATE: 30/04/2026 SPEAKER: SPEAKER ROLE: SOURCE URL: https://www.ecb.europa.eu/press/pr/date/2026/html/ecb.mp260430~81b7179e6f.en.html DOCUMENT TYPE: html ==== EXTRACTED TEXT START ==== PRESS RELEASE Monetary policy decisions 30 April 2026 The Governing Council today decided to keep the three key ECB interest rates unchanged. While the incoming information has been broadly consistent with the Governing Council’s previous assessment of the inflation outlook, the upside risks to inflation and the downside risks to growth have intensified. The Governing Council is committed to setting monetary policy to ensure that inflation stabilises at the 2% target in the medium term. The war in the Middle East has led to a sharp increase in energy prices, pushing up inflation and weighing on economic sentiment. The implications of the war for medium-term inflation and economic activity will depend on the intensity and duration of the energy price shock and the scale of its indirect and second-round effects. The longer the war continues and the longer energy prices remain high, the stronger is the likely impact on broader inflation and the economy. The Governing Council remains well positioned to navigate the current uncertainty. The euro area entered this period of surging ener",full_context_loaded,DOC_EB7BB3602688,Monetary policy decisions,https://www.ecb.europa.eu/press/pr/date/2026/html/ecb.mp260430~81b7179e6f.en.html,data\ECB\Monetary Policy\2026-04-30 - Monetary policy decisions.txt,false,hold,0.0,,0.75,
FED,2021-11-03,FED_2021_11,medium,True,confidence < 0.7; policy_rate_after missing; keyword extraction,hold,0.0,,0.5,explicit_unchanged_keyword,hold,0.0,,0.75,strong hold keyword,"\b(left unchanged|kept unchanged|decided to maintain|decided to keep|no change to the policy rate|maintain the target range|target range\s+at\s+[0-9].{0,40}?to\s+[0-9])\b","me so that inflation averages 2 percent over time and longer‑term inflation expectations remain well anchored at 2 percent. The Committee expects to maintain an accommodative stance of monetary policy until these outcomes are achieved. The Committee decided to keep the target range for the federal funds rate (more) For release at 2 p.m. EDT November 3, 2021 -2- at 0 to 1/4 percent and expects it will be appropriate to maintain this target range until labor market conditions have reached levels consistent with","izable price increases in some sectors. Overall financial conditions remain accommodative, in part reflecting policy measures to support the economy and the flow of credit to U.S. households and businesses. The path of the economy continues to depend on the course of the virus. Progress on vaccinations and an easing of supply constraints are expected to support continued gains in economic activity and employment as well as a reduction in inflation. Risks to the economic outlook remain. The Committee seeks to achieve maximum employment and inflation at the rate of 2 percent over the longer run. With inflation having run persistently below this longer-run goal, the Committee will aim to achieve inflation moderately above 2 percent for some time so that inflation averages 2 percent over time and longer‑term inflation expectations remain well anchored at 2 percent. The Committee expects to maintain an accommodative stance of monetary policy until these outcomes are achieved. The Committee decided to keep the target range for the federal funds rate (more) For release at 2 p.m. EDT November 3, 2021 -2- at 0 to 1/4 percent and expects it will be appropriate to maintain this target range until labor market conditions have reached levels consistent with the Committee’s assessments of maximum employment and inflation has risen to 2 percent and is on track to moderately exceed 2 percent for some time. In light of the substantial further progress the economy has made toward the Committee’s goals since last December, the Committee decided to begin reducing the monthly pace of its net asset purchases by $10 billion for Treasury securities and $5 billion for agency mortgage-backed securities. Beginning later this month, the Committee will increase its holdings of Treasury securities by at least $70 billion per month and of agency mortgage‑backed securities by at least $35 billion per month. Beginning in December, the Committee will increase its holdings of Treasury securities by at least $60 bil",full_context_loaded,DOC_A25BBF08463A,FOMC statement,https://www.federalreserve.gov/monetarypolicy/files/monetary20211103a1.pdf,data\FED\Monetary Policy\2021-11-03 - FOMC statement.txt,false,hold,0.0,,0.75,
FED,2022-03-16,FED_2022_03,medium,True,confidence < 0.7; policy_rate_after missing; keyword extraction,hold,0.0,,0.5,explicit_unchanged_keyword,hike,,,0.75,strong hike keyword,\bdecided\s+to\s+(?:increase|raise)\b,"he rate of 2 percent over the longer run. With appropriate firming in the stance of monetary policy, the Committee expects inflation to return to its 2 percent objective and the labor market to remain strong. In support of these goals, the Committee decided to raise the target range for the federal funds rate to 1/4 to 1/2 percent and anticipates that ongoing increases in the target range will be appropriate. In addition, the Committee expects to begin reducing its holdings of Treasury securities and agency deb","=== EXTRACTED TEXT START ==== For release at 2 p.m. EDT March 16, 2022 Indicators of economic activity and employment have continued to strengthen. Job gains have been strong in recent months, and the unemployment rate has declined substantially. Inflation remains elevated, reflecting supply and demand imbalances related to the pandemic, higher energy prices, and broader price pressures. The invasion of Ukraine by Russia is causing tremendous human and economic hardship. The implications for the U.S. economy are highly uncertain, but in the near term the invasion and related events are likely to create additional upward pressure on inflation and weigh on economic activity. The Committee seeks to achieve maximum employment and inflation at the rate of 2 percent over the longer run. With appropriate firming in the stance of monetary policy, the Committee expects inflation to return to its 2 percent objective and the labor market to remain strong. In support of these goals, the Committee decided to raise the target range for the federal funds rate to 1/4 to 1/2 percent and anticipates that ongoing increases in the target range will be appropriate. In addition, the Committee expects to begin reducing its holdings of Treasury securities and agency debt and agency mortgage-backed securities at a coming meeting. In assessing the appropriate stance of monetary policy, the Committee will continue to monitor the implications of incoming information for the economic outlook. The Committee would be prepared to adjust the stance of monetary policy as appropriate if risks emerge that could impede the attainment of the Committee’s goals. The Committee’s assessments will take into account a wide range of information, including readings on public health, labor market conditions, inflation pressures and inflation expectations, and financial and international developments. (more) For release at 2 p.m. EDT March 16, 2022 -2- Voting for the monetary policy action were Jerome H. Powell, Chair; John C. W",full_context_loaded,DOC_1B8FFEA724BB,FOMC statement,https://www.federalreserve.gov/monetarypolicy/files/monetary20220316a1.pdf,data\FED\Monetary Policy\2022-03-16 - FOMC statement.txt,false,hike,0.0,,0.75,
FED,2022-05-04,FED_2022_05,medium,True,confidence < 0.7; policy_rate_after missing; keyword extraction,hold,0.0,,0.5,explicit_unchanged_keyword,hike,,,0.75,strong hike keyword,\bdecided\s+to\s+(?:increase|raise)\b,"he rate of 2 percent over the longer run. With appropriate firming in the stance of monetary policy, the Committee expects inflation to return to its 2 percent objective and the labor market to remain strong. In support of these goals, the Committee decided to raise the target range for the federal funds rate to 3/4 to 1 percent and anticipates that ongoing increases in the target range will be appropriate. In addition, the Committee decided to begin reducing its holdings of Treasury securities and agency debt","ned strong. Job gains have been robust in recent months, and the unemployment rate has declined substantially. Inflation remains elevated, reflecting supply and demand imbalances related to the pandemic, higher energy prices, and broader price pressures. The invasion of Ukraine by Russia is causing tremendous human and economic hardship. The implications for the U.S. economy are highly uncertain. The invasion and related events are creating additional upward pressure on inflation and are likely to weigh on economic activity. In addition, COVID-related lockdowns in China are likely to exacerbate supply chain disruptions. The Committee is highly attentive to inflation risks. The Committee seeks to achieve maximum employment and inflation at the rate of 2 percent over the longer run. With appropriate firming in the stance of monetary policy, the Committee expects inflation to return to its 2 percent objective and the labor market to remain strong. In support of these goals, the Committee decided to raise the target range for the federal funds rate to 3/4 to 1 percent and anticipates that ongoing increases in the target range will be appropriate. In addition, the Committee decided to begin reducing its holdings of Treasury securities and agency debt and agency mortgage-backed securities on June 1, as described in the Plans for Reducing the Size of the Federal Reserve’s Balance Sheet that were issued in conjunction with this statement. In assessing the appropriate stance of monetary policy, the Committee will continue to monitor the implications of incoming information for the economic (more) For release at 2 p.m. EDT May 4, 2022 -2- outlook. The Committee would be prepared to adjust the stance of monetary policy as appropriate if risks emerge that could impede the attainment of the Committee’s goals. The Committee’s assessments will take into account a wide range of information, including readings on public health, labor market conditions, inflation pressures and inflation expectations",full_context_loaded,DOC_01ECCF02DE6D,FOMC statement,https://www.federalreserve.gov/monetarypolicy/files/monetary20220504a1.pdf,data\FED\Monetary Policy\2022-05-04 - FOMC statement.txt,false,hike,0.0,,0.75,
FED,2022-06-15,FED_2022_06,medium,True,confidence < 0.7; policy_rate_after missing; keyword extraction,hold,0.0,,0.5,explicit_unchanged_keyword,hike,,,0.75,strong hike keyword,\bdecided\s+to\s+(?:increase|raise)\b,"kely to exacerbate supply chain disruptions. The Committee is highly attentive to inflation risks. The Committee seeks to achieve maximum employment and inflation at the rate of 2 percent over the longer run. In support of these goals, the Committee decided to raise the target range for the federal funds rate to 1-1/2 to 1-3/4 percent and anticipates that ongoing increases in the target range will be appropriate. In addition, the Committee will continue reducing its holdings of Treasury securities and agency de","www.federalreserve.gov/monetarypolicy/files/monetary20220615a1.pdf DOCUMENT TYPE: pdf ==== EXTRACTED TEXT START ==== For release at 2 p.m. EDT June 15, 2022 Overall economic activity appears to have picked up after edging down in the first quarter. Job gains have been robust in recent months, and the unemployment rate has remained low. Inflation remains elevated, reflecting supply and demand imbalances related to the pandemic, higher energy prices, and broader price pressures. The invasion of Ukraine by Russia is causing tremendous human and economic hardship. The invasion and related events are creating additional upward pressure on inflation and are weighing on global economic activity. In addition, COVID-related lockdowns in China are likely to exacerbate supply chain disruptions. The Committee is highly attentive to inflation risks. The Committee seeks to achieve maximum employment and inflation at the rate of 2 percent over the longer run. In support of these goals, the Committee decided to raise the target range for the federal funds rate to 1-1/2 to 1-3/4 percent and anticipates that ongoing increases in the target range will be appropriate. In addition, the Committee will continue reducing its holdings of Treasury securities and agency debt and agency mortgage-backed securities, as described in the Plans for Reducing the Size of the Federal Reserve’s Balance Sheet that were issued in May. The Committee is strongly committed to returning inflation to its 2 percent objective. In assessing the appropriate stance of monetary policy, the Committee will continue to monitor the implications of incoming information for the economic outlook. The Committee would be prepared to adjust the stance of monetary policy as appropriate if risks emerge that could impede the attainment of the Committee’s goals. The Committee’s assessments will take into account a wide range of information, including readings on public health, labor market conditions, inflation (more) For release at 2 p.m. EDT",full_context_loaded,DOC_A83DEA2795D6,FOMC statement,https://www.federalreserve.gov/monetarypolicy/files/monetary20220615a1.pdf,data\FED\Monetary Policy\2022-06-15 - FOMC statement.txt,false,hike,0.0,,0.75,
FED,2022-07-27,FED_2022_07,medium,True,confidence < 0.7; policy_rate_after missing; keyword extraction,hold,0.0,,0.5,explicit_unchanged_keyword,hike,,,0.75,strong hike keyword,\bdecided\s+to\s+(?:increase|raise)\b,"nd are weighing on global economic activity. The Committee is highly attentive to inflation risks. The Committee seeks to achieve maximum employment and inflation at the rate of 2 percent over the longer run. In support of these goals, the Committee decided to raise the target range for the federal funds rate to 2-1/4 to 2-1/2 percent and anticipates that ongoing increases in the target range will be appropriate. In addition, the Committee will continue reducing its holdings of Treasury securities and agency de","ANK: FED CATEGORY: Monetary Policy TITLE: FOMC statement DATE: 27/07/2022 SPEAKER: SPEAKER ROLE: SOURCE URL: https://www.federalreserve.gov/monetarypolicy/files/monetary20220727a1.pdf DOCUMENT TYPE: pdf ==== EXTRACTED TEXT START ==== For release at 2 p.m. EDT July 27, 2022 Recent indicators of spending and production have softened. Nonetheless, job gains have been robust in recent months, and the unemployment rate has remained low. Inflation remains elevated, reflecting supply and demand imbalances related to the pandemic, higher food and energy prices, and broader price pressures. Russia’s war against Ukraine is causing tremendous human and economic hardship. The war and related events are creating additional upward pressure on inflation and are weighing on global economic activity. The Committee is highly attentive to inflation risks. The Committee seeks to achieve maximum employment and inflation at the rate of 2 percent over the longer run. In support of these goals, the Committee decided to raise the target range for the federal funds rate to 2-1/4 to 2-1/2 percent and anticipates that ongoing increases in the target range will be appropriate. In addition, the Committee will continue reducing its holdings of Treasury securities and agency debt and agency mortgage-backed securities, as described in the Plans for Reducing the Size of the Federal Reserve’s Balance Sheet that were issued in May. The Committee is strongly committed to returning inflation to its 2 percent objective. In assessing the appropriate stance of monetary policy, the Committee will continue to monitor the implications of incoming information for the economic outlook. The Committee would be prepared to adjust the stance of monetary policy as appropriate if risks emerge that could impede the attainment of the Committee’s goals. The Committee’s assessments will take into account a wide range of information, including readings on public health, labor market conditions, (more) For release at 2 p.m. EDT July 27, 2",full_context_loaded,DOC_9F659D82DDEA,FOMC statement,https://www.federalreserve.gov/monetarypolicy/files/monetary20220727a1.pdf,data\FED\Monetary Policy\2022-07-27 - FOMC statement.txt,false,hike,0.0,,0.75,
FED,2022-09-21,FED_2022_09,medium,True,confidence < 0.7; policy_rate_after missing; keyword extraction,hold,0.0,,0.5,explicit_unchanged_keyword,hike,,,0.75,strong hike keyword,\bdecided\s+to\s+(?:increase|raise)\b,"nd are weighing on global economic activity. The Committee is highly attentive to inflation risks. The Committee seeks to achieve maximum employment and inflation at the rate of 2 percent over the longer run. In support of these goals, the Committee decided to raise the target range for the federal funds rate to 3 to 3-1/4 percent and anticipates that ongoing increases in the target range will be appropriate. In addition, the Committee will continue reducing its holdings of Treasury securities and agency debt a","NK: FED CATEGORY: Monetary Policy TITLE: FOMC statement DATE: 21/09/2022 SPEAKER: SPEAKER ROLE: SOURCE URL: https://www.federalreserve.gov/monetarypolicy/files/monetary20220921a1.pdf DOCUMENT TYPE: pdf ==== EXTRACTED TEXT START ==== For release at 2 p.m. EDT September 21, 2022 Recent indicators point to modest growth in spending and production. Job gains have been robust in recent months, and the unemployment rate has remained low. Inflation remains elevated, reflecting supply and demand imbalances related to the pandemic, higher food and energy prices, and broader price pressures. Russia’s war against Ukraine is causing tremendous human and economic hardship. The war and related events are creating additional upward pressure on inflation and are weighing on global economic activity. The Committee is highly attentive to inflation risks. The Committee seeks to achieve maximum employment and inflation at the rate of 2 percent over the longer run. In support of these goals, the Committee decided to raise the target range for the federal funds rate to 3 to 3-1/4 percent and anticipates that ongoing increases in the target range will be appropriate. In addition, the Committee will continue reducing its holdings of Treasury securities and agency debt and agency mortgage-backed securities, as described in the Plans for Reducing the Size of the Federal Reserve’s Balance Sheet that were issued in May. The Committee is strongly committed to returning inflation to its 2 percent objective. In assessing the appropriate stance of monetary policy, the Committee will continue to monitor the implications of incoming information for the economic outlook. The Committee would be prepared to adjust the stance of monetary policy as appropriate if risks emerge that could impede the attainment of the Committee’s goals. The Committee’s assessments will take into account a wide range of information, including readings on public health, labor market conditions, (more) For release at 2 p.m. EDT September 21,",full_context_loaded,DOC_82596B8FA70D,FOMC statement,https://www.federalreserve.gov/monetarypolicy/files/monetary20220921a1.pdf,data\FED\Monetary Policy\2022-09-21 - FOMC statement.txt,false,hike,0.0,,0.75,
FED,2022-11-02,FED_2022_11,medium,True,confidence < 0.7; policy_rate_after missing; keyword extraction,hold,0.0,,0.5,explicit_unchanged_keyword,hike,,,0.75,strong hike keyword,\bdecided\s+to\s+(?:increase|raise)\b,"nd are weighing on global economic activity. The Committee is highly attentive to inflation risks. The Committee seeks to achieve maximum employment and inflation at the rate of 2 percent over the longer run. In support of these goals, the Committee decided to raise the target range for the federal funds rate to 3-3/4 to 4 percent. The Committee anticipates that ongoing increases in the target range will be appropriate in order to attain a stance of monetary policy that is sufficiently restrictive to return inf","K: FED CATEGORY: Monetary Policy TITLE: FOMC statement DATE: 02/11/2022 SPEAKER: SPEAKER ROLE: SOURCE URL: https://www.federalreserve.gov/monetarypolicy/files/monetary20221102a1.pdf DOCUMENT TYPE: pdf ==== EXTRACTED TEXT START ==== For release at 2:00 p.m. EDT November 2, 2022 Recent indicators point to modest growth in spending and production. Job gains have been robust in recent months, and the unemployment rate has remained low. Inflation remains elevated, reflecting supply and demand imbalances related to the pandemic, higher food and energy prices, and broader price pressures. Russia’s war against Ukraine is causing tremendous human and economic hardship. The war and related events are creating additional upward pressure on inflation and are weighing on global economic activity. The Committee is highly attentive to inflation risks. The Committee seeks to achieve maximum employment and inflation at the rate of 2 percent over the longer run. In support of these goals, the Committee decided to raise the target range for the federal funds rate to 3-3/4 to 4 percent. The Committee anticipates that ongoing increases in the target range will be appropriate in order to attain a stance of monetary policy that is sufficiently restrictive to return inflation to 2 percent over time. In determining the pace of future increases in the target range, the Committee will take into account the cumulative tightening of monetary policy, the lags with which monetary policy affects economic activity and inflation, and economic and financial developments. In addition, the Committee will continue reducing its holdings of Treasury securities and agency debt and agency mortgage-backed securities, as described in the Plans for Reducing the Size of the Federal Reserve’s Balance Sheet that were issued in May. The Committee is strongly committed to returning inflation to its 2 percent objective. (more) -2- In assessing the appropriate stance of monetary policy, the Committee will continue to monitor the imp",full_context_loaded,DOC_6B14C0BC340D,FOMC statement,https://www.federalreserve.gov/monetarypolicy/files/monetary20221102a1.pdf,data\FED\Monetary Policy\2022-11-02 - FOMC statement.txt,false,hike,0.0,,0.75,
FED,2022-12-14,FED_2022_12,medium,True,confidence < 0.7; policy_rate_after missing; keyword extraction,hold,0.0,,0.5,explicit_unchanged_keyword,hike,,,0.75,strong hike keyword,\bdecided\s+to\s+(?:increase|raise)\b,"nd are weighing on global economic activity. The Committee is highly attentive to inflation risks. The Committee seeks to achieve maximum employment and inflation at the rate of 2 percent over the longer run. In support of these goals, the Committee decided to raise the target range for the federal funds rate to 4-1/4 to 4-1/2 percent. The Committee anticipates that ongoing increases in the target range will be appropriate in order to attain a stance of monetary policy that is sufficiently restrictive to return","BANK: FED CATEGORY: Monetary Policy TITLE: FOMC statement DATE: 14/12/2022 SPEAKER: SPEAKER ROLE: SOURCE URL: https://www.federalreserve.gov/monetarypolicy/files/monetary20221214a1.pdf DOCUMENT TYPE: pdf ==== EXTRACTED TEXT START ==== For release at 2:00 p.m. EST December 14, 2022 Recent indicators point to modest growth in spending and production. Job gains have been robust in recent months, and the unemployment rate has remained low. Inflation remains elevated, reflecting supply and demand imbalances related to the pandemic, higher food and energy prices, and broader price pressures. Russia’s war against Ukraine is causing tremendous human and economic hardship. The war and related events are contributing to upward pressure on inflation and are weighing on global economic activity. The Committee is highly attentive to inflation risks. The Committee seeks to achieve maximum employment and inflation at the rate of 2 percent over the longer run. In support of these goals, the Committee decided to raise the target range for the federal funds rate to 4-1/4 to 4-1/2 percent. The Committee anticipates that ongoing increases in the target range will be appropriate in order to attain a stance of monetary policy that is sufficiently restrictive to return inflation to 2 percent over time. In determining the pace of future increases in the target range, the Committee will take into account the cumulative tightening of monetary policy, the lags with which monetary policy affects economic activity and inflation, and economic and financial developments. In addition, the Committee will continue reducing its holdings of Treasury securities and agency debt and agency mortgage-backed securities, as described in the Plans for Reducing the Size of the Federal Reserve’s Balance Sheet that were issued in May. The Committee is strongly committed to returning inflation to its 2 percent objective. (more) -2- In assessing the appropriate stance of monetary policy, the Committee will continue to monitor the",full_context_loaded,DOC_7BD25D9C17C3,FOMC statement,https://www.federalreserve.gov/monetarypolicy/files/monetary20221214a1.pdf,data\FED\Monetary Policy\2022-12-14 - FOMC statement.txt,false,hike,0.0,,0.75,
FED,2023-02-01,FED_2023_02,medium,True,confidence < 0.7; policy_rate_after missing; keyword extraction,hold,0.0,,0.5,explicit_unchanged_keyword,hike,,,0.75,strong hike keyword,\bdecided\s+to\s+(?:increase|raise)\b,"contributing to elevated global uncertainty. The Committee is highly attentive to inflation risks. The Committee seeks to achieve maximum employment and inflation at the rate of 2 percent over the longer run. In support of these goals, the Committee decided to raise the target range for the federal funds rate to 4-1/2 to 4-3/4 percent. The Committee anticipates that ongoing increases in the target range will be appropriate in order to attain a stance of monetary policy that is sufficiently restrictive to return","BANK: FED CATEGORY: Monetary Policy TITLE: FOMC statement DATE: 01/02/2023 SPEAKER: SPEAKER ROLE: SOURCE URL: https://www.federalreserve.gov/monetarypolicy/files/monetary20230201a1.pdf DOCUMENT TYPE: pdf ==== EXTRACTED TEXT START ==== For release at 2:00 p.m. EST February 1, 2023 Recent indicators point to modest growth in spending and production. Job gains have been robust in recent months, and the unemployment rate has remained low. Inflation has eased somewhat but remains elevated. Russia’s war against Ukraine is causing tremendous human and economic hardship and is contributing to elevated global uncertainty. The Committee is highly attentive to inflation risks. The Committee seeks to achieve maximum employment and inflation at the rate of 2 percent over the longer run. In support of these goals, the Committee decided to raise the target range for the federal funds rate to 4-1/2 to 4-3/4 percent. The Committee anticipates that ongoing increases in the target range will be appropriate in order to attain a stance of monetary policy that is sufficiently restrictive to return inflation to 2 percent over time. In determining the extent of future increases in the target range, the Committee will take into account the cumulative tightening of monetary policy, the lags with which monetary policy affects economic activity and inflation, and economic and financial developments. In addition, the Committee will continue reducing its holdings of Treasury securities and agency debt and agency mortgage- backed securities, as described in its previously announced plans. The Committee is strongly committed to returning inflation to its 2 percent objective. In assessing the appropriate stance of monetary policy, the Committee will continue to monitor the implications of incoming information for the economic outlook. The Comm",full_context_loaded,DOC_784A66EE64F2,FOMC statement,https://www.federalreserve.gov/monetarypolicy/files/monetary20230201a1.pdf,data\FED\Monetary Policy\2023-02-01 - FOMC statement.txt,false,hike,0.0,,0.75,
FED,2023-03-22,FED_2023_03,medium,True,confidence < 0.7; policy_rate_after missing; keyword extraction,hold,0.0,,0.5,explicit_unchanged_keyword,hike,,,0.75,strong hike keyword,\bdecided\s+to\s+(?:increase|raise)\b,"e extent of these effects is uncertain. The Committee remains highly attentive to inflation risks. The Committee seeks to achieve maximum employment and inflation at the rate of 2 percent over the longer run. In support of these goals, the Committee decided to raise the target range for the federal funds rate to 4-3/4 to 5 percent. The Committee will closely monitor incoming information and assess the implications for monetary policy. The Committee anticipates that some additional policy firming may be appropri","BANK: FED CATEGORY: Monetary Policy TITLE: FOMC statement DATE: 22/03/2023 SPEAKER: SPEAKER ROLE: SOURCE URL: https://www.federalreserve.gov/monetarypolicy/files/monetary20230322a1.pdf DOCUMENT TYPE: pdf ==== EXTRACTED TEXT START ==== For release at 2:00 p.m. EDT March 22, 2023 Recent indicators point to modest growth in spending and production. Job gains have picked up in recent months and are running at a robust pace; the unemployment rate has remained low. Inflation remains elevated. The U.S. banking system is sound and resilient. Recent developments are likely to result in tighter credit conditions for households and businesses and to weigh on economic activity, hiring, and inflation. The extent of these effects is uncertain. The Committee remains highly attentive to inflation risks. The Committee seeks to achieve maximum employment and inflation at the rate of 2 percent over the longer run. In support of these goals, the Committee decided to raise the target range for the federal funds rate to 4-3/4 to 5 percent. The Committee will closely monitor incoming information and assess the implications for monetary policy. The Committee anticipates that some additional policy firming may be appropriate in order to attain a stance of monetary policy that is sufficiently restrictive to return inflation to 2 percent over time. In determining the extent of future increases in the target range, the Committee will take into account the cumulative tightening of monetary policy, the lags with which monetary policy affects economic activity and inflation, and economic and financial developments. In addition, the Committee will continue reducing its holdings of Treasury securities and agency debt and agency mortgage-backed securities, as described in its previously announced plans. The Committee is strongly committed to returning inflation to its 2 percent objective. (more) -2- In assessing the appropriate stance of monetary policy, the Committ",full_context_loaded,DOC_D81BFDDEA9D8,FOMC statement,https://www.federalreserve.gov/monetarypolicy/files/monetary20230322a1.pdf,data\FED\Monetary Policy\2023-03-22 - FOMC statement.txt,false,hike,0.0,,0.75,
FED,2023-05-03,FED_2023_05,medium,True,confidence < 0.7; policy_rate_after missing; keyword extraction,hold,0.0,,0.5,explicit_unchanged_keyword,hike,,,0.75,strong hike keyword,\bdecided\s+to\s+(?:increase|raise)\b,"ent of these effects remains uncertain. The Committee remains highly attentive to inflation risks. The Committee seeks to achieve maximum employment and inflation at the rate of 2 percent over the longer run. In support of these goals, the Committee decided to raise the target range for the federal funds rate to 5 to 5-1/4 percent. The Committee will closely monitor incoming information and assess the implications for monetary policy. In determining the extent to which additional policy firming may be appropria","BANK: FED CATEGORY: Monetary Policy TITLE: FOMC statement DATE: 03/05/2023 SPEAKER: SPEAKER ROLE: SOURCE URL: https://www.federalreserve.gov/monetarypolicy/files/monetary20230503a1.pdf DOCUMENT TYPE: pdf ==== EXTRACTED TEXT START ==== For release at 2:00 p.m. EDT May 3, 2023 Economic activity expanded at a modest pace in the first quarter. Job gains have been robust in recent months, and the unemployment rate has remained low. Inflation remains elevated. The U.S. banking system is sound and resilient. Tighter credit conditions for households and businesses are likely to weigh on economic activity, hiring, and inflation. The extent of these effects remains uncertain. The Committee remains highly attentive to inflation risks. The Committee seeks to achieve maximum employment and inflation at the rate of 2 percent over the longer run. In support of these goals, the Committee decided to raise the target range for the federal funds rate to 5 to 5-1/4 percent. The Committee will closely monitor incoming information and assess the implications for monetary policy. In determining the extent to which additional policy firming may be appropriate to return inflation to 2 percent over time, the Committee will take into account the cumulative tightening of monetary policy, the lags with which monetary policy affects economic activity and inflation, and economic and financial developments. In addition, the Committee will continue reducing its holdings of Treasury securities and agency debt and agency mortgage-backed securities, as described in its previously announced plans. The Committee is strongly committed to returning inflation to its 2 percent objective. In assessing the appropriate stance of monetary policy, the Committee will continue to monitor the implications of incoming information for the economic outlook. The Committee (more) -2- would be prepared to adjust the stance",full_context_loaded,DOC_2E9009700367,FOMC statement,https://www.federalreserve.gov/monetarypolicy/files/monetary20230503a1.pdf,data\FED\Monetary Policy\2023-05-03 - FOMC statement.txt,false,hike,0.0,,0.75,
FED,2023-07-26,FED_2023_07,medium,True,confidence < 0.7; policy_rate_after missing; keyword extraction,hold,0.0,,0.5,explicit_unchanged_keyword,hike,,,0.75,strong hike keyword,\bdecided\s+to\s+(?:increase|raise)\b,"ent of these effects remains uncertain. The Committee remains highly attentive to inflation risks. The Committee seeks to achieve maximum employment and inflation at the rate of 2 percent over the longer run. In support of these goals, the Committee decided to raise the target range for the federal funds rate to 5-1/4 to 5-1/2 percent. The Committee will continue to assess additional information and its implications for monetary policy. In determining the extent of additional policy firming that may be appropri","BANK: FED CATEGORY: Monetary Policy TITLE: FOMC statement DATE: 26/07/2023 SPEAKER: SPEAKER ROLE: SOURCE URL: https://www.federalreserve.gov/monetarypolicy/files/monetary20230726a1.pdf DOCUMENT TYPE: pdf ==== EXTRACTED TEXT START ==== For release at 2:00 p.m. EDT July 26, 2023 Recent indicators suggest that economic activity has been expanding at a moderate pace. Job gains have been robust in recent months, and the unemployment rate has remained low. Inflation remains elevated. The U.S. banking system is sound and resilient. Tighter credit conditions for households and businesses are likely to weigh on economic activity, hiring, and inflation. The extent of these effects remains uncertain. The Committee remains highly attentive to inflation risks. The Committee seeks to achieve maximum employment and inflation at the rate of 2 percent over the longer run. In support of these goals, the Committee decided to raise the target range for the federal funds rate to 5-1/4 to 5-1/2 percent. The Committee will continue to assess additional information and its implications for monetary policy. In determining the extent of additional policy firming that may be appropriate to return inflation to 2 percent over time, the Committee will take into account the cumulative tightening of monetary policy, the lags with which monetary policy affects economic activity and inflation, and economic and financial developments. In addition, the Committee will continue reducing its holdings of Treasury securities and agency debt and agency mortgage-backed securities, as described in its previously announced plans. The Committee is strongly committed to returning inflation to its 2 percent objective. In assessing the appropriate stance of monetary policy, the Committee will continue to monitor the implications of incoming information for the economic outlook. The Committee (more) -2- would be prepared to adjust the stance",full_context_loaded,DOC_E349351C7759,FOMC statement,https://www.federalreserve.gov/monetarypolicy/files/monetary20230726a1.pdf,data\FED\Monetary Policy\2023-07-26 - FOMC statement.txt,false,hike,0.0,,0.75,
FED,2024-09-18,FED_2024_09,medium,True,confidence < 0.7; policy_rate_after missing; keyword extraction,hold,0.0,,0.5,explicit_unchanged_keyword,cut,,,0.75,strong cut keyword,\bdecided\s+to\s+(?:lower|reduce)\b,"ts employment and inflation goals are roughly in balance. The economic outlook is uncertain, and the Committee is attentive to the risks to both sides of its dual mandate. In light of the progress on inflation and the balance of risks, the Committee decided to lower the target range for the federal funds rate by 1/2 percentage point to 4-3/4 to 5 percent. In considering additional adjustments to the target range for the federal funds rate, the Committee will carefully assess incoming data, the evolving outlook,","E: 18/09/2024 SPEAKER: SPEAKER ROLE: SOURCE URL: https://www.federalreserve.gov/monetarypolicy/files/monetary20240918a1.pdf DOCUMENT TYPE: pdf ==== EXTRACTED TEXT START ==== For release at 2:00 p.m. EDT September 18, 2024 Recent indicators suggest that economic activity has continued to expand at a solid pace. Job gains have slowed, and the unemployment rate has moved up but remains low. Inflation has made further progress toward the Committee’s 2 percent objective but remains somewhat elevated. The Committee seeks to achieve maximum employment and inflation at the rate of 2 percent over the longer run. The Committee has gained greater confidence that inflation is moving sustainably toward 2 percent, and judges that the risks to achieving its employment and inflation goals are roughly in balance. The economic outlook is uncertain, and the Committee is attentive to the risks to both sides of its dual mandate. In light of the progress on inflation and the balance of risks, the Committee decided to lower the target range for the federal funds rate by 1/2 percentage point to 4-3/4 to 5 percent. In considering additional adjustments to the target range for the federal funds rate, the Committee will carefully assess incoming data, the evolving outlook, and the balance of risks. The Committee will continue reducing its holdings of Treasury securities and agency debt and agency mortgage‑backed securities. The Committee is strongly committed to supporting maximum employment and returning inflation to its 2 percent objective. In assessing the appropriate stance of monetary policy, the Committee will continue to monitor the implications of incoming information for the economic outlook. The Committee would be prepared to adjust the stance of monetary policy as appropriate if risks emerge that (more) -2- could impede the attainment of the Committee’s goals. The Committee’s assessments will take into account a wide range of information, including readings on labor market conditions, inflation pr",full_context_loaded,DOC_0C106841044E,FOMC statement,https://www.federalreserve.gov/monetarypolicy/files/monetary20240918a1.pdf,data\FED\Monetary Policy\2024-09-18 - FOMC statement.txt,false,cut,0.0,,0.75,
FED,2024-11-07,FED_2024_11,medium,True,confidence < 0.7; policy_rate_after missing; keyword extraction,hold,0.0,,0.5,explicit_unchanged_keyword,cut,,,0.75,strong cut keyword,\bdecided\s+to\s+(?:lower|reduce)\b,"ee judges that the risks to achieving its employment and inflation goals are roughly in balance. The economic outlook is uncertain, and the Committee is attentive to the risks to both sides of its dual mandate. In support of its goals, the Committee decided to lower the target range for the federal funds rate by 1/4 percentage point to 4-1/2 to 4-3/4 percent. In considering additional adjustments to the target range for the federal funds rate, the Committee will carefully assess incoming data, the evolving outl","BANK: FED CATEGORY: Monetary Policy TITLE: FOMC statement DATE: 07/11/2024 SPEAKER: SPEAKER ROLE: SOURCE URL: https://www.federalreserve.gov/monetarypolicy/files/monetary20241107a1.pdf DOCUMENT TYPE: pdf ==== EXTRACTED TEXT START ==== For release at 2:00 p.m. EST November 7, 2024 Recent indicators suggest that economic activity has continued to expand at a solid pace. Since earlier in the year, labor market conditions have generally eased, and the unemployment rate has moved up but remains low. Inflation has made progress toward the Committee’s 2 percent objective but remains somewhat elevated. The Committee seeks to achieve maximum employment and inflation at the rate of 2 percent over the longer run. The Committee judges that the risks to achieving its employment and inflation goals are roughly in balance. The economic outlook is uncertain, and the Committee is attentive to the risks to both sides of its dual mandate. In support of its goals, the Committee decided to lower the target range for the federal funds rate by 1/4 percentage point to 4-1/2 to 4-3/4 percent. In considering additional adjustments to the target range for the federal funds rate, the Committee will carefully assess incoming data, the evolving outlook, and the balance of risks. The Committee will continue reducing its holdings of Treasury securities and agency debt and agency mortgage‑backed securities. The Committee is strongly committed to supporting maximum employment and returning inflation to its 2 percent objective. In assessing the appropriate stance of monetary policy, the Committee will continue to monitor the implications of incoming information for the economic outlook. The Committee would be prepared to adjust the stance of monetary policy as appropriate if risks emerge that could impede the attainment of the Committee’s goals. The Committee’s assessments will take (more) -2- into account a wide range of information, including readings on labor market conditions, inflatio",full_context_loaded,DOC_59B1C262576E,FOMC statement,https://www.federalreserve.gov/monetarypolicy/files/monetary20241107a1.pdf,data\FED\Monetary Policy\2024-11-07 - FOMC statement.txt,false,cut,0.0,,0.75,
FED,2025-08-22,FED_2025_08,medium,True,confidence < 0.7; policy_rate_after missing; keyword extraction,hold,0.0,,0.5,explicit_unchanged_keyword,,,,0.0,,,,"BANK: FED CATEGORY: Speeches TITLE: Monetary Policy and the Fedâs Framework Review DATE: 22/08/2025 SPEAKER: Jerome H. Powell SPEAKER ROLE: SOURCE URL: https://www.federalreserve.gov/newsevents/speech/powell20250822a.htm DOCUMENT TYPE: html ==== EXTRACTED TEXT START ==== Skip to main content An official website of the United States Government Here's how you know Official websites use .gov A .gov website belongs to an official government organization in the United States. Secure .gov websites use HTTPS A lock ( Lock Locked padlock icon ) or https:// means you've safely connected to the .gov website. Share sensitive information only on official, secure websites. Back to Home Board of Governors of the Federal Reserve System Stay Connected Federal Reserve Facebook Page Federal Reserve Instagram Page Federal Reserve YouTube Page Federal Reserve Flickr Page Federal Reserve LinkedIn Page Federal Reserve Threads Page Federal Reserve X Page Federal Reserve Bluesky Page Subscribe to RSS Subscribe to Email Recent Postings Calendar Publications Site Map A-Z index Careers FAQs Videos Contact Search Submit Search Button Advanced Toggle Dropdown Menu Main Menu Toggle Button Sections Search Toggle Button Search Search Submit Button Submit Home News & Events Speeches Speech PDF Please enable JavaScript if it is disabled in your browser or access the information through the links provided below. August 22, 2025 Monetary Policy and the Fed’s Framework Review Chair Jerome H. Powell At “Labor Markets in Transition: Demographics, Productivity, and Macroeconomic Policy,” an economic symposium sponsored by the Federal Reserve Bank of Kansas City, Jackson Hole, Wyoming Share Watch Live slide 1 Over the course of this year, the U.S. economy has shown resilience in a context of sweeping changes in economic policy. In terms of the Fed's dual-mandate goals, the labor market remains near maximum employment, and inflation, though still somewhat elevated, has come down a great deal from its post-pandemic highs. At the same time, the balance of risks appears to be shifting. In my remarks today, I will first address the current economic situation and the near-term outlook for monetary policy. I will then turn to the results of our second public review of our monetary policy framework, as captured in the revised Statement on Longer-Run Goals and Monetary Policy Strategy that we released today. Current Economic Conditions and Near-Term Outlook When I appeared at this podium one year ago, t",full_context_loaded,DOC_5D9DF8DDF930,Monetary Policy and the Fedâs Framework Review,https://www.federalreserve.gov/newsevents/speech/powell20250822a.htm,data\FED\Speeches\2025-08-22 - Jerome H. Powell - Monetary Policy and the Fedâs Framework Review.txt,false,hold,0.0,,0.5,
FED,2025-09-17,FED_2025_09,medium,True,confidence < 0.7; policy_rate_after missing; keyword extraction,hold,0.0,,0.5,explicit_unchanged_keyword,cut,,,0.75,strong cut keyword,\bdecided\s+to\s+(?:lower|reduce)\b,"mic outlook remains elevated. The Committee is attentive to the risks to both sides of its dual mandate and judges that downside risks to employment have risen. In support of its goals and in light of the shift in the balance of risks, the Committee decided to lower the target range for the federal funds rate by 1/4 percentage point to 4 to 4-1/4 percent. In considering additional adjustments to the target range for the federal funds rate, the Committee will carefully assess incoming data, the evolving outlook,","BANK: FED CATEGORY: Monetary Policy TITLE: FOMC statement DATE: 17/09/2025 SPEAKER: SPEAKER ROLE: SOURCE URL: https://www.federalreserve.gov/monetarypolicy/files/monetary20250917a1.pdf DOCUMENT TYPE: pdf ==== EXTRACTED TEXT START ==== For release at 2:00 p.m. EDT September 17, 2025 Recent indicators suggest that growth of economic activity moderated in the first half of the year. Job gains have slowed, and the unemployment rate has edged up but remains low. Inflation has moved up and remains somewhat elevated. The Committee seeks to achieve maximum employment and inflation at the rate of 2 percent over the longer run. Uncertainty about the economic outlook remains elevated. The Committee is attentive to the risks to both sides of its dual mandate and judges that downside risks to employment have risen. In support of its goals and in light of the shift in the balance of risks, the Committee decided to lower the target range for the federal funds rate by 1/4 percentage point to 4 to 4-1/4 percent. In considering additional adjustments to the target range for the federal funds rate, the Committee will carefully assess incoming data, the evolving outlook, and the balance of risks. The Committee will continue reducing its holdings of Treasury securities and agency debt and agency mortgage‑backed securities. The Committee is strongly committed to supporting maximum employment and returning inflation to its 2 percent objective. In assessing the appropriate stance of monetary policy, the Committee will continue to monitor the implications of incoming information for the economic outlook. The Committee would be prepared to adjust the stance of monetary policy as appropriate if risks emerge that could impede the attainment of the Committee’s goals. The Committee’s assessments will take into account a wide range of information, including readings on labor market conditions, (more) -2- inflation pr",full_context_loaded,DOC_4B2F70170969,FOMC statement,https://www.federalreserve.gov/monetarypolicy/files/monetary20250917a1.pdf,data\FED\Monetary Policy\2025-09-17 - FOMC statement.txt,false,cut,0.0,,0.75,
FED,2025-10-29,FED_2025_10,medium,True,confidence < 0.7; policy_rate_after missing; keyword extraction,hold,0.0,,0.5,explicit_unchanged_keyword,cut,,,0.75,strong cut keyword,\bdecided\s+to\s+(?:lower|reduce)\b,"remains elevated. The Committee is attentive to the risks to both sides of its dual mandate and judges that downside risks to employment rose in recent months. In support of its goals and in light of the shift in the balance of risks, the Committee decided to lower the target range for the federal funds rate by 1/4 percentage point to 3-3/4 to 4 percent. In considering additional adjustments to the target range for the federal funds rate, the Committee will carefully assess incoming data, the evolving outlook,",": Monetary Policy TITLE: FOMC statement DATE: 29/10/2025 SPEAKER: SPEAKER ROLE: SOURCE URL: https://www.federalreserve.gov/monetarypolicy/files/monetary20251029a1.pdf DOCUMENT TYPE: pdf ==== EXTRACTED TEXT START ==== For release at 2:00 p.m. EDT October 29, 2025 Available indicators suggest that economic activity has been expanding at a moderate pace. Job gains have slowed this year, and the unemployment rate has edged up but remained low through August; more recent indicators are consistent with these developments. Inflation has moved up since earlier in the year and remains somewhat elevated. The Committee seeks to achieve maximum employment and inflation at the rate of 2 percent over the longer run. Uncertainty about the economic outlook remains elevated. The Committee is attentive to the risks to both sides of its dual mandate and judges that downside risks to employment rose in recent months. In support of its goals and in light of the shift in the balance of risks, the Committee decided to lower the target range for the federal funds rate by 1/4 percentage point to 3-3/4 to 4 percent. In considering additional adjustments to the target range for the federal funds rate, the Committee will carefully assess incoming data, the evolving outlook, and the balance of risks. The Committee decided to conclude the reduction of its aggregate securities holdings on December 1. The Committee is strongly committed to supporting maximum employment and returning inflation to its 2 percent objective. In assessing the appropriate stance of monetary policy, the Committee will continue to monitor the implications of incoming information for the economic outlook. The Committee would be prepared to adjust the stance of monetary policy as appropriate if risks emerge that (more) -2- could impede the attainment of the Committee’s goals. The Committee’s assessments will take into account a wide range of information, including readings on labor market conditions, inflation pressures and inflation expect",full_context_loaded,DOC_6B553EBA9B62,FOMC statement,https://www.federalreserve.gov/monetarypolicy/files/monetary20251029a1.pdf,data\FED\Monetary Policy\2025-10-29 - FOMC statement.txt,false,cut,0.0,,0.75,
FED,2025-12-10,FED_2025_12,medium,True,confidence < 0.7; policy_rate_after missing; keyword extraction,hold,0.0,,0.5,explicit_unchanged_keyword,cut,,,0.75,strong cut keyword,\bdecided\s+to\s+(?:lower|reduce)\b,"remains elevated. The Committee is attentive to the risks to both sides of its dual mandate and judges that downside risks to employment rose in recent months. In support of its goals and in light of the shift in the balance of risks, the Committee decided to lower the target range for the federal funds rate by 1/4 percentage point to 3-1/2 to 3-3/4 percent. In considering the extent and timing of additional adjustments to the target range for the federal funds rate, the Committee will carefully assess incomin","FED CATEGORY: Monetary Policy TITLE: FOMC statement DATE: 10/12/2025 SPEAKER: SPEAKER ROLE: SOURCE URL: https://www.federalreserve.gov/monetarypolicy/files/monetary20251210a1.pdf DOCUMENT TYPE: pdf ==== EXTRACTED TEXT START ==== For release at 2:00 p.m. EST December 10, 2025 Available indicators suggest that economic activity has been expanding at a moderate pace. Job gains have slowed this year, and the unemployment rate has edged up through September. More recent indicators are consistent with these developments. Inflation has moved up since earlier in the year and remains somewhat elevated. The Committee seeks to achieve maximum employment and inflation at the rate of 2 percent over the longer run. Uncertainty about the economic outlook remains elevated. The Committee is attentive to the risks to both sides of its dual mandate and judges that downside risks to employment rose in recent months. In support of its goals and in light of the shift in the balance of risks, the Committee decided to lower the target range for the federal funds rate by 1/4 percentage point to 3-1/2 to 3-3/4 percent. In considering the extent and timing of additional adjustments to the target range for the federal funds rate, the Committee will carefully assess incoming data, the evolving outlook, and the balance of risks. The Committee is strongly committed to supporting maximum employment and returning inflation to its 2 percent objective. In assessing the appropriate stance of monetary policy, the Committee will continue to monitor the implications of incoming information for the economic outlook. The Committee would be prepared to adjust the stance of monetary policy as appropriate if risks emerge that could impede the attainment of the Committee’s goals. The Committee’s assessments will take into account a wide range of information, including readings on labor market conditions, (more) -2- inflation pressures and inflation expectations, and financial and international developments. The Committee jud",full_context_loaded,DOC_D3F6FC67E443,FOMC statement,https://www.federalreserve.gov/monetarypolicy/files/monetary20251210a1.pdf,data\FED\Monetary Policy\2025-12-10 - FOMC statement.txt,false,cut,0.0,,0.75,
FED,2026-03-18,FED_2026_03,medium,True,confidence < 0.7; policy_rate_after missing; keyword extraction,hold,0.0,,0.5,explicit_unchanged_keyword,hold,0.0,,0.75,strong hold keyword,"\b(left unchanged|kept unchanged|decided to maintain|decided to keep|no change to the policy rate|maintain the target range|target range\s+at\s+[0-9].{0,40}?to\s+[0-9])\b","ty about the economic outlook remains elevated. The implications of developments in the Middle East for the U.S. economy are uncertain. The Committee is attentive to the risks to both sides of its dual mandate. In support of its goals, the Committee decided to maintain the target range for the federal funds rate at 3‑1/2 to 3‑3/4 percent. In considering the extent and timing of additional adjustments to the target range for the federal funds rate, the Committee will carefully assess incoming data, the evolving out","BANK: FED CATEGORY: Monetary Policy TITLE: FOMC statement DATE: 18/03/2026 SPEAKER: SPEAKER ROLE: SOURCE URL: https://www.federalreserve.gov/monetarypolicy/files/monetary20260318a1.pdf DOCUMENT TYPE: pdf ==== EXTRACTED TEXT START ==== For release at 2:00 p.m. EDT March 18, 2026 Available indicators suggest that economic activity has been expanding at a solid pace. Job gains have remained low, and the unemployment rate has been little changed in recent months. Inflation remains somewhat elevated. The Committee seeks to achieve maximum employment and inflation at the rate of 2 percent over the longer run. Uncertainty about the economic outlook remains elevated. The implications of developments in the Middle East for the U.S. economy are uncertain. The Committee is attentive to the risks to both sides of its dual mandate. In support of its goals, the Committee decided to maintain the target range for the federal funds rate at 3‑1/2 to 3‑3/4 percent. In considering the extent and timing of additional adjustments to the target range for the federal funds rate, the Committee will carefully assess incoming data, the evolving outlook, and the balance of risks. The Committee is strongly committed to supporting maximum employment and returning inflation to its 2 percent objective. In assessing the appropriate stance of monetary policy, the Committee will continue to monitor the implications of incoming information for the economic outlook. The Committee would be prepared to adjust the stance of monetary policy as appropriate if risks emerge that could impede the attainment of the Committee’s goals. The Committee’s assessments will take into account a wide range of information, including readings on labor market conditions, inflation pressures and inflation expectations, and financial and international developments. (more) -2- Voting for the monetary policy action wer",full_context_loaded,DOC_AA84114F7571,FOMC statement,https://www.federalreserve.gov/monetarypolicy/files/monetary20260318a1.pdf,data\FED\Monetary Policy\2026-03-18 - FOMC statement.txt,false,hold,0.0,,0.75,
FED,2026-04-29,FED_2026_04,medium,True,confidence < 0.7; policy_rate_after missing; keyword extraction,hold,0.0,,0.5,explicit_unchanged_keyword,hold,0.0,,0.75,strong hold keyword,"\b(left unchanged|kept unchanged|decided to maintain|decided to keep|no change to the policy rate|maintain the target range|target range\s+at\s+[0-9].{0,40}?to\s+[0-9])\b","ercent over the longer run. Developments in the Middle East are contributing to a high level of uncertainty about the economic outlook. The Committee is attentive to the risks to both sides of its dual mandate. In support of its goals, the Committee decided to maintain the target range for the federal funds rate at 3‑1/2 to 3‑3/4 percent. In considering the extent and timing of additional adjustments to the target range for the federal funds rate, the Committee will carefully assess incoming data, the evolving out","BANK: FED CATEGORY: Monetary Policy TITLE: FOMC statement DATE: 29/04/2026 SPEAKER: SPEAKER ROLE: SOURCE URL: https://www.federalreserve.gov/monetarypolicy/files/monetary20260429a1.pdf DOCUMENT TYPE: pdf ==== EXTRACTED TEXT START ==== For release at 2:00 p.m. EDT April 29, 2026 Recent indicators suggest that economic activity has been expanding at a solid pace. Job gains have remained low, on average, and the unemployment rate has been little changed in recent months. Inflation is elevated, in part reflecting the recent increase in global energy prices. The Committee seeks to achieve maximum employment and inflation at the rate of 2 percent over the longer run. Developments in the Middle East are contributing to a high level of uncertainty about the economic outlook. The Committee is attentive to the risks to both sides of its dual mandate. In support of its goals, the Committee decided to maintain the target range for the federal funds rate at 3‑1/2 to 3‑3/4 percent. In considering the extent and timing of additional adjustments to the target range for the federal funds rate, the Committee will carefully assess incoming data, the evolving outlook, and the balance of risks. The Committee is strongly committed to supporting maximum employment and returning inflation to its 2 percent objective. In assessing the appropriate stance of monetary policy, the Committee will continue to monitor the implications of incoming information for the economic outlook. The Committee would be prepared to adjust the stance of monetary policy as appropriate if risks emerge that could impede the attainment of the Committee’s goals. The Committee’s assessments will take into account a wide range of information, including readings on labor market conditions, inflation pressures and inflation expectations, and financial and international developments. (more) -2- Voting for the monetary policy action wer",full_context_loaded,DOC_483ADFC55AB2,FOMC statement,https://www.federalreserve.gov/monetarypolicy/files/monetary20260429a1.pdf,data\FED\Monetary Policy\2026-04-29 - FOMC statement.txt,false,hold,0.0,,0.75,
NORGES_BANK,2021-06-01,NORGES_BANK_2021_06_D,medium,True,confidence < 0.7; policy_rate_after missing; keyword extraction,hold,0.0,,0.5,explicit_unchanged_keyword,,,,0.0,,,,"BANK: NORGES_BANK CATEGORY: Speeches TITLE: Monetary policy strategy - from mandate to decisions DATE: 20/10/2021 SPEAKER: from mandate to decisions SPEAKER ROLE: SOURCE URL: https://www.norges-bank.no/en/news-events/news/Speeches/2021/2021-10-20-olsen/ DOCUMENT TYPE: html ==== EXTRACTED TEXT START ==== ! Javascript is disabled Due to this, parts of the content on this site will not be displayed. Speech Monetary policy strategy - from mandate to decisions Speech by Governor Øystein Olsen at the Centre for Monetary Economics (CME) / BI Norwegian Business School on 20 October 2021. Introduction The main task of monetary policy is to maintain monetary stability. How that task is carried out has varied over the years. Today’s monetary policy regime in Norway - inflation targeting - will this year have been in operation for 20 years. The regime has long since overcome its teething problems and is now beyond its adolescence. But that does not mean it has found its final form. From time to time, we must pause and reflect, as was the case when a new central bank act and a new monetary policy regulation were drawn up. The new mandate has been in effect since March 2018 and reflects among other things our experience with inflation targeting so far. Chart: From mandate to decision Norges Bank’s monetary policy mandate is to ensure low and stable inflation, contribute to high and stable output and employment while seeking to mitigate a build-up of financial imbalances. But what does the formulation of the objectives entail, and how can we strike the right balance between these potentially conflicting objectives? There are no unequivocal answers to these questions. The transition from mandate to concrete decisions requires a framework for monetary policy discussions and assessments, that is to say a strategy that can guide us in how we should react to different challenges and shocks. The monetary policy strategy provides a good starting point when demanding trade-offs have to made. By being open about our thinking about the mandate and the choices we must make, we are seeking to promote understanding about the policy pursued and anchor inflation expectations to the target. Further developing and articulating the strategy is a continuous process and an important part of the work undertaken by Norges Bank’s Monetary Policy and Financial Stability Committee. Over the past year and a half, the economic consequences of the pandemic have been at the centre of monetary policy",full_context_loaded,DOC_178C4401C5B5,Monetary policy strategy - from mandate to decisions,https://www.norges-bank.no/en/news-events/news/Speeches/2021/2021-10-20-olsen/,data\NORGES_BANK\Speeches\2021-10-20 - from mandate to decisions - Monetary policy strategy - from mandate to decisions.txt,false,hold,0.0,,0.5,
NORGES_BANK,2022-06-01,NORGES_BANK_2022_06_D,medium,True,confidence < 0.7; policy_rate_after missing; keyword extraction,hold,0.0,,0.5,explicit_unchanged_keyword,,,,0.0,,,,"BANK: NORGES_BANK CATEGORY: Speeches TITLE: Monetary policy and inflation DATE: 20/10/2022 SPEAKER: Monetary policy and inflation SPEAKER ROLE: SOURCE URL: https://www.norges-bank.no/en/news-events/news/Speeches/2022/2022-10-20-cme/ DOCUMENT TYPE: html ==== EXTRACTED TEXT START ==== ! Javascript is disabled Due to this, parts of the content on this site will not be displayed. Speech Monetary policy and inflation Speech by Governor Ida Wolden Bache at the Centre for Monetary Economics (CME) / BI Norwegian Business School on 20 October 2022. Introduction Good afternoon everyone, and a big thanks to the Centre for Monetary Economics, which has held this event for more than 20 years. As I recall, it was first held just two months after Norges Bank had been assigned an inflation target for the conduct of monetary policy. Since then, the way we practice inflation targeting has evolved. But the primary objective of monetary policy has always remained firm, which is to ensure low and stable inflation. Chart: High inflation in many countries Up until fairly recently, inflation was indeed low and stable. If anything, many central banks worried that inflation would remain too low. Now they have the opposite concern. Both in Norway and in many other countries, inflation is higher than seen in several decades. The increase in inflation raises a number of questions: Why is low and stable inflation an objective of monetary policy? Which prices should monetary policy stabilise? And how do we strike a balance between the aim of low and stable inflation and the aim of high and stable employment in the current environment? These questions are the theme of my lecture here today. But first, let me say a few words about how we got here. Inflation is high and broadly based When my predecessor Øystein Olsen spoke here a year ago, Norges Bank had just begun to normalise the policy rate. During the pandemic, the policy rate had been lowered to a historically low level. When society reopened, demand picked up quickly, and already last summer, activity returned to its pre-pandemic level. There was no longer a need for a highly accommodative monetary policy. At the same time, the evolution of the pandemic was still uncertain. We therefore expected to gradually raise the policy rate further. In late spring 2021, the rise in prices for commodities and other globally traded goods accelerated. The pandemic-related lockdowns had led to a shift in consumption, both in Norway and other count",full_context_loaded,DOC_E31FD32817BD,Monetary policy and inflation,https://www.norges-bank.no/en/news-events/news/Speeches/2022/2022-10-20-cme/,data\NORGES_BANK\Speeches\2022-10-20 - Monetary policy and inflation - Monetary policy and inflation.txt,false,hold,0.0,,0.5,
NORGES_BANK,2025-06-01,NORGES_BANK_2025_06_D,medium,True,confidence < 0.7; policy_rate_after missing; keyword extraction,hold,0.0,,0.5,explicit_unchanged_keyword,,,,0.0,,,,"BANK: NORGES_BANK CATEGORY: Speeches TITLE: Research-based models in monetary policy decision-making DATE: 21/05/2026 SPEAKER: Ida Wolden Bache's speech SPEAKER ROLE: SOURCE URL: https://www.norges-bank.no/en/news-events/news/Speeches/2026/2026-05-21-bache/ DOCUMENT TYPE: html ==== EXTRACTED TEXT START ==== ! Javascript is disabled Due to this, parts of the content on this site will not be displayed. Speech Research-based models in monetary policy decision-making Governor Ida Wolden Bache's speech at a seminar organized by Knut Anton Mork at Sentralen in Oslo. Good morning everyone, it is a great pleasure to be invited to this symposium on the occasion of Knut Anton Mork's 80th birthday. Based on his own and international research, Professor Mork has for decades been a key educator and a critical voice in the economic discourse. Today’s symposium invites us to reflect on economic paradigms and whether it is time for a revolution. In my presentation here today, I will focus on how Norges Bank uses macroeconomic models in monetary policy decision-making. I will also touch upon the ongoing project to renew our modelling system. I cannot promise a revolution in Norges Bank, but I hope to illustrate how we constantly strive to develop our models in the light of new knowledge and experience. How policy rate hikes affect the economy is, of course, a question we devote considerable time to. In our models, policy rate hikes dampen inflation. In conclusion, I will take this opportunity to present some updated research results that support this relationship. Norges Bank is tasked with keeping inflation low and stable. The operational target is inflation of close to 2% over time. We are also mandated to help keep employment as high as possible and to promote economic stability. Our work to achieve this is supported by macroeconomic models. A good macroeconomic model is based on theoretical and empirical knowledge accumulated over time and helps us structure our thinking and contribute to consistent assessments. All models are simplifications of reality, and no model can address all questions. However, if we use them wisely and remain aware of their limitations, models can be a great aid in understanding the economy and in the conduct of monetary policy. We select our models based on the questions they need to address. When we analyse the current economic situation and prepare forecasts for the coming quarters, we apply a data-driven approach, as well as a large number",full_context_loaded,DOC_6DA971054163,Research-based models in monetary policy decision-making,https://www.norges-bank.no/en/news-events/news/Speeches/2026/2026-05-21-bache/,data\NORGES_BANK\Speeches\2026-05-21 - Ida Wolden Bache's speech - Research-based models in monetary policy decision-making.txt,false,hold,0.0,,0.5,
RBA,2021-02-02,RBA_2021_02,medium,True,confidence < 0.7; policy_rate_after missing; keyword extraction,hold,0.0,,0.5,explicit_unchanged_keyword,hold,0.0,,0.75,strong hold keyword,"\b(left unchanged|kept unchanged|decided to maintain|decided to keep|no change to the policy rate|maintain the target range|target range\s+at\s+[0-9].{0,40}?to\s+[0-9])\b","ttps://www.rba.gov.au/media-releases/2021/mr-21-01.html DOCUMENT TYPE: html ==== EXTRACTED TEXT START ==== Media Release Statement by Philip Lowe, Governor: Monetary Policy Decision Number 2021-01 Date 2 February 2021 At its meeting today, the Board decided to maintain the targets of 10 basis points for the cash rate and the yield on the 3-year Australian Government bond, as well as the parameters of the Term Funding Facility. It also decided to purchase an additional $100 billion of bonds issued by the Australian","BANK: RBA CATEGORY: Monetary Policy TITLE: 2 February 2021 DATE: 01/06/2021 SPEAKER: SPEAKER ROLE: SOURCE URL: https://www.rba.gov.au/media-releases/2021/mr-21-01.html DOCUMENT TYPE: html ==== EXTRACTED TEXT START ==== Media Release Statement by Philip Lowe, Governor: Monetary Policy Decision Number 2021-01 Date 2 February 2021 At its meeting today, the Board decided to maintain the targets of 10 basis points for the cash rate and the yield on the 3-year Australian Government bond, as well as the parameters of the Term Funding Facility. It also decided to purchase an additional $100 billion of bonds issued by the Australian Government and states and territories when the current bond purchase program is completed in mid April. These additional purchases will be at the current rate of $5 billion a week. The outlook for the global economy has improved over recent months due to the development of vaccines. While the path ahead is likely to remain bumpy and uneven, there are better prospects for a sustained recovery than there were a few months ago. That recovery, however, remains dependent on the health situation and on significant fiscal and monetary support. Inflation remains low and below central bank targets. In Australia, the economic recovery is well under way and has been stronger than was earlier expected. There has been strong growth in employment and a",full_context_loaded,DOC_BDF1D0C04D65,2 February 2021,https://www.rba.gov.au/media-releases/2021/mr-21-01.html,data\RBA\Monetary Policy\2021-06-01 - 2 February 2021.txt,false,hold,0.0,,0.75,
RBA,2021-03-02,RBA_2021_03,medium,True,confidence < 0.7; policy_rate_after missing; keyword extraction,hold,0.0,,0.5,explicit_unchanged_keyword,hold,0.0,,0.75,strong hold keyword,"\b(left unchanged|kept unchanged|decided to maintain|decided to keep|no change to the policy rate|maintain the target range|target range\s+at\s+[0-9].{0,40}?to\s+[0-9])\b",": https://www.rba.gov.au/media-releases/2021/mr-21-03.html DOCUMENT TYPE: html ==== EXTRACTED TEXT START ==== Media Release Statement by Philip Lowe, Governor: Monetary Policy Decision Number 2021-03 Date 2 March 2021 At its meeting today, the Board decided to maintain the current policy settings, including the targets of 10 basis points for the cash rate and the yield on the 3-year Australian Government bond, as well as the parameters of the Term Funding Facility and the government bond purchase program. The outl","BANK: RBA CATEGORY: Monetary Policy TITLE: 2 March 2021 DATE: 01/06/2021 SPEAKER: SPEAKER ROLE: SOURCE URL: https://www.rba.gov.au/media-releases/2021/mr-21-03.html DOCUMENT TYPE: html ==== EXTRACTED TEXT START ==== Media Release Statement by Philip Lowe, Governor: Monetary Policy Decision Number 2021-03 Date 2 March 2021 At its meeting today, the Board decided to maintain the current policy settings, including the targets of 10 basis points for the cash rate and the yield on the 3-year Australian Government bond, as well as the parameters of the Term Funding Facility and the government bond purchase program. The outlook for the global economy has improved over recent months due to the ongoing rollout of vaccines. While the path ahead is likely to remain bumpy and uneven, there are better prospects for a sustained recovery than there were a few months ago. Global trade has picked up and commodity prices have increased over recent months. Even so, the recovery remains dependent on the health situation and on significant fiscal and monetary support. Inflation remains low and below central bank targets. The positive news on vaccines together with the prospect of further significant fiscal stimulus in the United States has seen longer-term bond yields increase considerably over the past month. This increase partly reflects a lift in expected inflation over",full_context_loaded,DOC_1B0E5ED027E0,2 March 2021,https://www.rba.gov.au/media-releases/2021/mr-21-03.html,data\RBA\Monetary Policy\2021-06-01 - 2 March 2021.txt,false,hold,0.0,,0.75,
RBA,2021-04-06,RBA_2021_04,medium,True,confidence < 0.7; policy_rate_after missing; keyword extraction,hold,0.0,,0.5,explicit_unchanged_keyword,hold,0.0,,0.75,strong hold keyword,"\b(left unchanged|kept unchanged|decided to maintain|decided to keep|no change to the policy rate|maintain the target range|target range\s+at\s+[0-9].{0,40}?to\s+[0-9])\b",": https://www.rba.gov.au/media-releases/2021/mr-21-04.html DOCUMENT TYPE: html ==== EXTRACTED TEXT START ==== Media Release Statement by Philip Lowe, Governor: Monetary Policy Decision Number 2021-04 Date 6 April 2021 At its meeting today, the Board decided to maintain the current policy settings, including the targets of 10 basis points for the cash rate and the yield on the 3-year Australian Government bond, as well as the parameters of the Term Funding Facility and the government bond purchase program. The roll","BANK: RBA CATEGORY: Monetary Policy TITLE: 6 April 2021 DATE: 01/06/2021 SPEAKER: SPEAKER ROLE: SOURCE URL: https://www.rba.gov.au/media-releases/2021/mr-21-04.html DOCUMENT TYPE: html ==== EXTRACTED TEXT START ==== Media Release Statement by Philip Lowe, Governor: Monetary Policy Decision Number 2021-04 Date 6 April 2021 At its meeting today, the Board decided to maintain the current policy settings, including the targets of 10 basis points for the cash rate and the yield on the 3-year Australian Government bond, as well as the parameters of the Term Funding Facility and the government bond purchase program. The rollout of vaccines is supporting the recovery of the global economy, although the recovery is uneven. While there are still considerable uncertainties regarding the outlook, the central case has improved. Global trade has picked up and commodity prices are mostly higher than at the start of the year. Inflation remains low and below central bank targets. Sovereign bond yields have increased over recent months due to the positive news on vaccines and the additional fiscal stimulus in the United States. Inflation expectations have also lifted from near record lows to be now closer to central banks' targets. The 3-year government bond yield in Australia is at the Board's target of 10 basis points and lending rates for most borrowers are at record",full_context_loaded,DOC_B9ED5BF27CF8,6 April 2021,https://www.rba.gov.au/media-releases/2021/mr-21-04.html,data\RBA\Monetary Policy\2021-06-01 - 6 April 2021.txt,false,hold,0.0,,0.75,
RBA,2021-05-04,RBA_2021_05,medium,True,confidence < 0.7; policy_rate_after missing; keyword extraction,hold,0.0,,0.5,explicit_unchanged_keyword,hold,0.0,,0.75,strong hold keyword,"\b(left unchanged|kept unchanged|decided to maintain|decided to keep|no change to the policy rate|maintain the target range|target range\s+at\s+[0-9].{0,40}?to\s+[0-9])\b","RL: https://www.rba.gov.au/media-releases/2021/mr-21-06.html DOCUMENT TYPE: html ==== EXTRACTED TEXT START ==== Media Release Statement by Philip Lowe, Governor: Monetary Policy Decision Number 2021-06 Date 4 May 2021 At its meeting today, the Board decided to maintain the current policy settings, including the targets of 10 basis points for the cash rate and the yield on the 3-year Australian Government bond, as well as the parameters of the Term Funding Facility and the government bond purchase program. The glob","BANK: RBA CATEGORY: Monetary Policy TITLE: 4 May 2021 DATE: 01/06/2021 SPEAKER: SPEAKER ROLE: SOURCE URL: https://www.rba.gov.au/media-releases/2021/mr-21-06.html DOCUMENT TYPE: html ==== EXTRACTED TEXT START ==== Media Release Statement by Philip Lowe, Governor: Monetary Policy Decision Number 2021-06 Date 4 May 2021 At its meeting today, the Board decided to maintain the current policy settings, including the targets of 10 basis points for the cash rate and the yield on the 3-year Australian Government bond, as well as the parameters of the Term Funding Facility and the government bond purchase program. The global economy is continuing to recover from the pandemic and the outlook is for strong growth this year and next. The recovery remains uneven, though, and some countries are yet to contain the virus. Global trade in goods has picked up strongly and commodity prices are mostly higher than at the start of the year. However, inflation remains low and below central bank targets. Sovereign bond yields have been steady recently after increasing earlier in the year due to the positive news on vaccines and the additional fiscal stimulus in the United States. Inflation expectations have lifted from near record lows to be closer to central banks' targets. The 3-year government bond yield in Australia is at the Board's target of 10 basis points and lendi",full_context_loaded,DOC_ADDAEC524625,4 May 2021,https://www.rba.gov.au/media-releases/2021/mr-21-06.html,data\RBA\Monetary Policy\2021-06-01 - 4 May 2021.txt,false,hold,0.0,,0.75,
RBA,2021-06-01,RBA_2021_06,medium,True,confidence < 0.7; policy_rate_after missing; keyword extraction,hold,0.0,,0.5,explicit_unchanged_keyword,hold,0.0,,0.75,strong hold keyword,"\b(left unchanged|kept unchanged|decided to maintain|decided to keep|no change to the policy rate|maintain the target range|target range\s+at\s+[0-9].{0,40}?to\s+[0-9])\b","L: https://www.rba.gov.au/media-releases/2021/mr-21-09.html DOCUMENT TYPE: html ==== EXTRACTED TEXT START ==== Media Release Statement by Philip Lowe, Governor: Monetary Policy Decision Number 2021-09 Date 1 June 2021 At its meeting today, the Board decided to maintain the current policy settings, including: the targets of 10 basis points for the cash rate and the yield on the 3-year Australian Government bond; the parameters of the government bond purchase program; and the rate of zero per cent on Exchange Settle","BANK: RBA CATEGORY: Monetary Policy TITLE: 1 June 2021 DATE: 01/06/2021 SPEAKER: SPEAKER ROLE: SOURCE URL: https://www.rba.gov.au/media-releases/2021/mr-21-09.html DOCUMENT TYPE: html ==== EXTRACTED TEXT START ==== Media Release Statement by Philip Lowe, Governor: Monetary Policy Decision Number 2021-09 Date 1 June 2021 At its meeting today, the Board decided to maintain the current policy settings, including: the targets of 10 basis points for the cash rate and the yield on the 3-year Australian Government bond; the parameters of the government bond purchase program; and the rate of zero per cent on Exchange Settlement balances. The global economy is continuing to recover from the pandemic and the outlook is for strong growth this year and next. The recovery remains uneven, though, and some countries are yet to contain the virus. Global trade in goods has picked up strongly and commodity prices are mostly higher than at the start of the year. However, inflation in underlying terms remains low and below central bank targets. Sovereign bond yields have been steady recently after increasing earlier in the year due to the positive news on vaccines and the additional fiscal stimulus in the United States. Medium-term inflation expectations have lifted from near record lows to be closer to central banks' targets. The 3-year government bond yield in Australi",full_context_loaded,DOC_B33299AFD4FD,1 June 2021,https://www.rba.gov.au/media-releases/2021/mr-21-09.html,data\RBA\Monetary Policy\2021-06-01 - 1 June 2021.txt,false,hold,0.0,,0.75,
RBA,2021-07-06,RBA_2021_07,medium,True,confidence < 0.7; policy_rate_after missing; keyword extraction,hold,0.0,,0.5,explicit_unchanged_keyword,,,,0.0,,,,"BANK: RBA CATEGORY: Monetary Policy TITLE: 6 July 2021 DATE: 01/06/2021 SPEAKER: SPEAKER ROLE: SOURCE URL: https://www.rba.gov.au/media-releases/2021/mr-21-13.html DOCUMENT TYPE: html ==== EXTRACTED TEXT START ==== Media Release Statement by Philip Lowe, Governor: Monetary Policy Decision Number 2021-13 Date 6 July 2021 At its meeting today, the Board decided to: retain the April 2024 bond as the bond for the yield target and retain the target of 10 basis points continue purchasing government bonds after the completion of the current bond purchase program in early September. These purchases will be at the rate of $4 billion a week until at least mid November maintain the cash rate target at 10 basis points and the interest rate on Exchange Settlement balances of zero per cent. These measures will provide the continuing monetary support that the economy needs as it transitions from the recovery phase to the expansion phase. The Board is committed to achieving the goals of full employment and inflation consistent with the target. Today's decisions, together with those taken previously, have the economy on a path to achieve those objectives. The economic recovery in Australia is stronger than earlier expected and is forecast to continue. The outlook for investment has improved and household and business balance sheets are generally in good shape. National income is also being supported by the high prices for commodity exports. Domestic financial conditions are very supportive and the exchange rate has depreciated a little recently. One near-term uncertainty is the effect of the recent virus outbreaks and the lockdowns. But the experience to date has been that once outbreaks are contained and restrictions are eased, the economy bounces back quickly. The labour market has continued to recover faster than expected. The unemployment rate declined further to 5.1 per cent in May and more Australians have jobs than before the pandemic. There has also been a welcome decline in underemployment and labour force participation is around record highs. Job vacancies are high and more firms are reporting shortages of labour, particularly in areas affected by the closure of Australia's international borders. Despite the strong recovery in jobs and reports of labour shortages, inflation and wage outcomes remain subdued. While a pick-up in inflation and wages growth is expected, it is likely to be only gradual and modest. In the central scenario, inflation in underlying terms",full_context_loaded,DOC_9C21426F3135,6 July 2021,https://www.rba.gov.au/media-releases/2021/mr-21-13.html,data\RBA\Monetary Policy\2021-06-01 - 6 July 2021.txt,false,hold,0.0,,0.5,
RBA,2021-08-03,RBA_2021_08,medium,True,confidence < 0.7; policy_rate_after missing; keyword extraction,hold,0.0,,0.5,explicit_unchanged_keyword,,,,0.0,,,,"BANK: RBA CATEGORY: Monetary Policy TITLE: 3 August 2021 DATE: 01/06/2021 SPEAKER: SPEAKER ROLE: SOURCE URL: https://www.rba.gov.au/media-releases/2021/mr-21-14.html DOCUMENT TYPE: html ==== EXTRACTED TEXT START ==== Media Release Statement by Philip Lowe, Governor: Monetary Policy Decision Number 2021-14 Date 3 August 2021 At its meeting today, the Board decided to: maintain the cash rate target at 10 basis points and the interest rate on Exchange Settlement balances of zero per cent maintain the target of 10 basis points for the April 2024 Australian Government bond continue to purchase government securities at the rate of $5 billion a week until early September and then $4 billion a week until at least mid November. The economic recovery in Australia has been stronger than was earlier expected. The recent outbreaks of the virus are, however, interrupting the recovery and GDP is expected to decline in the September quarter. The experience to date has been that once virus outbreaks are contained, the economy bounces back quickly. Prior to the current virus outbreaks, the Australian economy had considerable momentum and it is still expected to grow strongly again next year. The economy is benefiting from significant additional policy support and the vaccination program will also assist with the recovery. The economic outlook for the coming months is uncertain and depends upon the evolution of the health situation and the containment measures. Beyond that, the Bank's central scenario is for the economy to grow by a little over 4 per cent over 2022 and by around 2½ per cent over 2023. This scenario is based on a significant share of the population being vaccinated by the end of this year and a gradual opening up of the international border from the middle of 2022. The Board also considered a range of other scenarios, with the main source of uncertainty being the health situation. The labour market has recovered faster than expected, with the unemployment rate declining further to 4.9 per cent in June. Job vacancies have remained at a high level and there are reports of labour shortages in parts of the economy. Some increase in the unemployment rate is expected in the near term due to the current lockdowns, but most of the adjustment in the labour market is likely to take place through a reduction in hours worked and in participation. In the central scenario, the unemployment rate continues to trend lower next year, to be around 4¼ per cent at the end of 2022",full_context_loaded,DOC_FABE234AD08C,3 August 2021,https://www.rba.gov.au/media-releases/2021/mr-21-14.html,data\RBA\Monetary Policy\2021-06-01 - 3 August 2021.txt,false,hold,0.0,,0.5,
RBA,2021-09-07,RBA_2021_09,medium,True,confidence < 0.7; policy_rate_after missing; keyword extraction,hold,0.0,,0.5,explicit_unchanged_keyword,,,,0.0,,,,"BANK: RBA CATEGORY: Monetary Policy TITLE: 7 September 2021 DATE: 01/06/2021 SPEAKER: SPEAKER ROLE: SOURCE URL: https://www.rba.gov.au/media-releases/2021/mr-21-19.html DOCUMENT TYPE: html ==== EXTRACTED TEXT START ==== Media Release Statement by Philip Lowe, Governor: Monetary Policy Decision Number 2021-19 Date 7 September 2021 At its meeting today, the Board decided to: maintain the cash rate target at 10 basis points and the interest rate on Exchange Settlement balances of zero per cent maintain the target of 10 basis points for the April 2024 Australian Government bond purchase government securities at the rate of $4 billion a week and to continue the purchases at this rate until at least mid February 2022. Prior to the Delta outbreak the Australian economy had considerable momentum. GDP increased by 0.7 per cent in the June quarter and by nearly 10 per cent over the year. Business investment was picking up and the labour market had strengthened. The unemployment rate had fallen below 5 per cent and job vacancies were at a high level. The recovery in the Australian economy has, however, been interrupted by the Delta outbreak and the associated restrictions on activity. GDP is expected to decline materially in the September quarter and the unemployment rate will move higher over coming months. While the outbreak is affecting most parts of the economy, the impact is uneven, with some areas facing very difficult conditions while others are continuing to grow strongly. This setback to the economic expansion is expected to be only temporary. The Delta outbreak is expected to delay, but not derail, the recovery. As vaccination rates increase further and restrictions are eased, the economy should bounce back. There is, however, uncertainty about the timing and pace of this bounce-back and it is likely to be slower than that earlier in the year. Much will depend on the health situation and the easing of restrictions on activity. In our central scenario, the economy will be growing again in the December quarter and is expected to be back around its pre-Delta path in the second half of next year. Notwithstanding the strong economic and labour market outcomes pre-Delta, wage and price pressures remain subdued. Over the year to the June quarter, the Wage Price Index increased by just 1.7 per cent. Housing prices are continuing to rise, although turnover in some markets has declined following the virus outbreak. Housing credit growth has picked up due to stronger",full_context_loaded,DOC_D151043468BF,7 September 2021,https://www.rba.gov.au/media-releases/2021/mr-21-19.html,data\RBA\Monetary Policy\2021-06-01 - 7 September 2021.txt,false,hold,0.0,,0.5,
RBA,2021-10-05,RBA_2021_10,medium,True,confidence < 0.7; policy_rate_after missing; keyword extraction,hold,0.0,,0.5,explicit_unchanged_keyword,,,,0.0,,,,"BANK: RBA CATEGORY: Monetary Policy TITLE: 5 October 2021 DATE: 01/06/2021 SPEAKER: SPEAKER ROLE: SOURCE URL: https://www.rba.gov.au/media-releases/2021/mr-21-22.html DOCUMENT TYPE: html ==== EXTRACTED TEXT START ==== Media Release Statement by Philip Lowe, Governor: Monetary Policy Decision Number 2021-22 Date 5 October 2021 At its meeting today, the Board decided to: maintain the cash rate target at 10 basis points and the interest rate on Exchange Settlement balances at zero per cent maintain the target of 10 basis points for the April 2024 Australian Government bond continue to purchase government securities at the rate of $4 billion a week until at least mid February 2022. The Delta outbreak has interrupted the recovery of the Australian economy and GDP is expected to have declined materially in the September quarter. The outbreak is affecting many parts of the economy, but the impact is uneven, with some areas facing very difficult conditions while others are continuing to grow strongly. This setback to the economic expansion in Australia is expected to be only temporary. As vaccination rates increase further and restrictions are eased, the economy is expected to bounce back. Many businesses are now planning for the easing of restrictions and confidence has held up reasonably well. There is, however, uncertainty about the timing and pace of the bounce-back and it is likely to be slower than that earlier in the year. Much will depend on the nature and timing of the easing of restrictions on activity. In our central scenario, the economy will be growing again in the December quarter and is expected to be back around its pre-Delta path in the second half of next year. The restrictions on activity have had a significant effect on the labour market. Hours worked - the best indicator of labour market conditions at the moment - declined by nearly 4 per cent in August. Looking forward, the Bank's business liaison and data on job vacancies suggest that many firms are seeking to hire workers ahead of the expected reopening in October and November. Wage and price pressures remain subdued in Australia. In underlying terms, inflation is running at around 1¾ per cent and wages, as measured by the Wage Price Index, are increasing at just 1.7 per cent. While disruptions to global supply chains are affecting the prices of some goods, the impact of this on the overall rate of inflation remains limited. Housing prices are continuing to rise, although turnover in some m",full_context_loaded,DOC_17297B3B1678,5 October 2021,https://www.rba.gov.au/media-releases/2021/mr-21-22.html,data\RBA\Monetary Policy\2021-06-01 - 5 October 2021.txt,false,hold,0.0,,0.5,
RBA,2021-11-02,RBA_2021_11,medium,True,confidence < 0.7; policy_rate_after missing; keyword extraction,hold,0.0,,0.5,explicit_unchanged_keyword,,,,0.0,,,,"BANK: RBA CATEGORY: Monetary Policy TITLE: 2 November 2021 DATE: 01/06/2021 SPEAKER: SPEAKER ROLE: SOURCE URL: https://www.rba.gov.au/media-releases/2021/mr-21-24.html DOCUMENT TYPE: html ==== EXTRACTED TEXT START ==== Media Release Statement by Philip Lowe, Governor: Monetary Policy Decision Number 2021-24 Date 2 November 2021 At its meeting today, the Board decided to: maintain the cash rate target at 10 basis points and the interest rate on Exchange Settlement balances at zero per cent continue to purchase government securities at the rate of $4 billion a week until at least mid February 2022 discontinue the target of 10 basis points for the April 2024 Australian Government bond. The Australian economy is recovering after the interruption caused by the Delta outbreak. As vaccination rates increase even further and restrictions are eased, the economy is expected to bounce back relatively quickly. The central forecast is for GDP growth of 3 per cent over 2021 and 5½ per cent and 2½ per cent over the following two years. One important source of uncertainty continues to be the possibility of a further setback on the health front. The Delta outbreak caused hours worked in Australia to fall sharply, but a bounce-back is now underway. The Bank's business liaison and the data on job ads suggest that many firms are now hiring, which will boost employment over coming months. The central forecast is for the unemployment rate to trend lower over the next couple of years, reaching 4¼ per cent at the end of 2022 and 4 per cent at the end of 2023. Inflation has picked up, but in underlying terms is still low, at 2.1 per cent. The headline CPI inflation rate is 3 per cent and is being affected by higher petrol prices, higher prices for newly constructed homes and the disruptions in global supply chains. A further, but only gradual, pick-up in underlying inflation is expected. The central forecast is for underlying inflation of around 2¼ per cent over 2021 and 2022 and 2½ per cent over 2023. Wages growth is expected to pick up gradually as the labour market tightens, with the Wage Price Index forecast to increase by 2½ per cent over 2022 and 3 per cent over 2023. The main uncertainties relate to the persistence of the current disruptions to global supply chains and the behaviour of wages at the lowest unemployment rate in decades. Housing prices are continuing to rise in most markets and housing credit growth has picked up due to stronger demand for credit by both owner",full_context_loaded,DOC_5B0349B10758,2 November 2021,https://www.rba.gov.au/media-releases/2021/mr-21-24.html,data\RBA\Monetary Policy\2021-06-01 - 2 November 2021.txt,false,hold,0.0,,0.5,
RBA,2021-12-07,RBA_2021_12,medium,True,confidence < 0.7; policy_rate_after missing; keyword extraction,hold,0.0,,0.5,explicit_unchanged_keyword,,,,0.0,,,,"BANK: RBA CATEGORY: Monetary Policy TITLE: 7 December 2021 DATE: 01/06/2021 SPEAKER: SPEAKER ROLE: SOURCE URL: https://www.rba.gov.au/media-releases/2021/mr-21-29.html DOCUMENT TYPE: html ==== EXTRACTED TEXT START ==== Media Release Statement by Philip Lowe, Governor: Monetary Policy Decision Number 2021-29 Date 7 December 2021 At its meeting today, the Board decided to: maintain the cash rate target at 10 basis points and the interest rate on Exchange Settlement balances at zero per cent continue to purchase government securities at the rate of $4 billion a week until at least mid February 2022. The Australian economy is recovering from the setback caused by the Delta outbreak. High rates of vaccination and substantial policy support are underpinning this recovery. Household consumption is rebounding strongly and the outlook for business investment has improved. The emergence of the Omicron strain is a new source of uncertainty, but it is not expected to derail the recovery. The economy is expected to return to its pre-Delta path in the first half of 2022. Leading indicators point to a strong recovery in the labour market. Job advertisements are at an historically high level and there are reports of firms finding it difficult to hire workers. Wages growth has picked up but, at the aggregate level, has only returned to the relatively low rates prevailing before the pandemic. A further pick-up in wages growth is expected as the labour market tightens. This pick-up is expected to be only gradual, although there is uncertainty about the behaviour of wages as the unemployment rate declines to historically low levels. Inflation has increased, but, in underlying terms, is still low, at 2.1 per cent. The headline CPI inflation rate is 3 per cent and is being affected by higher petrol prices, higher prices for newly constructed homes and the disruptions in global supply chains. A further, but only gradual, pick-up in underlying inflation is expected. The central forecast is for underlying inflation to reach 2½ per cent over 2023. Housing prices have risen strongly over the past year, although the rate of increase has eased over recent months. Housing credit increased by 6.7 per cent over the past year, but, more recently, the value of housing loan commitments has declined from high levels. With interest rates at historically low levels, it is important that lending standards are maintained and that borrowers have adequate buffers. Globally, bond yields have declin",full_context_loaded,DOC_6C5450EC6F09,7 December 2021,https://www.rba.gov.au/media-releases/2021/mr-21-29.html,data\RBA\Monetary Policy\2021-06-01 - 7 December 2021.txt,false,hold,0.0,,0.5,
RBA,2022-02-01,RBA_2022_02,medium,True,confidence < 0.7; policy_rate_after missing; keyword extraction,hold,0.0,,0.5,explicit_unchanged_keyword,hold,0.0,,0.75,strong hold keyword,"\b(left unchanged|kept unchanged|decided to maintain|decided to keep|no change to the policy rate|maintain the target range|target range\s+at\s+[0-9].{0,40}?to\s+[0-9])\b","ttps://www.rba.gov.au/media-releases/2022/mr-22-02.html DOCUMENT TYPE: html ==== EXTRACTED TEXT START ==== Media Release Statement by Philip Lowe, Governor: Monetary Policy Decision Number 2022-02 Date 1 February 2022 At its meeting today, the Board decided to maintain the cash rate target at 10 basis points and the interest rate on Exchange Settlement balances at zero per cent. It also decided to cease further purchases under the bond purchase program, with the final purchases to take place on 10 February. The Om","BANK: RBA CATEGORY: Monetary Policy TITLE: 1 February 2022 DATE: 01/06/2022 SPEAKER: SPEAKER ROLE: SOURCE URL: https://www.rba.gov.au/media-releases/2022/mr-22-02.html DOCUMENT TYPE: html ==== EXTRACTED TEXT START ==== Media Release Statement by Philip Lowe, Governor: Monetary Policy Decision Number 2022-02 Date 1 February 2022 At its meeting today, the Board decided to maintain the cash rate target at 10 basis points and the interest rate on Exchange Settlement balances at zero per cent. It also decided to cease further purchases under the bond purchase program, with the final purchases to take place on 10 February. The Omicron outbreak has affected the economy, but it has not derailed the economic recovery. The Australian economy remains resilient and spending is expected to pick up as case numbers trend lower. The RBA's central forecast is for GDP growth of around 4¼ per cent over 2022 and 2 per cent over 2023. This outlook is supported by household and business balance sheets that are in generally good shape, an upswing in business investment, a large pipeline of construction work and supportive macroeconomic policy settings. The main source of uncertainty continues to be the pandemic. The labour market has recovered strongly, with the unemployment rate declining to 4.2 per cent in December. Hours worked are estimated to have declined significantly in Jan",full_context_loaded,DOC_51146BD04AA5,1 February 2022,https://www.rba.gov.au/media-releases/2022/mr-22-02.html,data\RBA\Monetary Policy\2022-06-01 - 1 February 2022.txt,false,hold,0.0,,0.75,
RBA,2022-03-01,RBA_2022_03,medium,True,confidence < 0.7; policy_rate_after missing; keyword extraction,hold,0.0,,0.5,explicit_unchanged_keyword,hold,0.0,,0.75,strong hold keyword,"\b(left unchanged|kept unchanged|decided to maintain|decided to keep|no change to the policy rate|maintain the target range|target range\s+at\s+[0-9].{0,40}?to\s+[0-9])\b",": https://www.rba.gov.au/media-releases/2022/mr-22-05.html DOCUMENT TYPE: html ==== EXTRACTED TEXT START ==== Media Release Statement by Philip Lowe, Governor: Monetary Policy Decision Number 2022-05 Date 1 March 2022 At its meeting today, the Board decided to maintain the cash rate target at 10 basis points and the interest rate on Exchange Settlement balances at zero per cent. The global economy is continuing to recover from the pandemic. However, the war in Ukraine is a major new source of uncertainty. Inflatio","BANK: RBA CATEGORY: Monetary Policy TITLE: 1 March 2022 DATE: 01/06/2022 SPEAKER: SPEAKER ROLE: SOURCE URL: https://www.rba.gov.au/media-releases/2022/mr-22-05.html DOCUMENT TYPE: html ==== EXTRACTED TEXT START ==== Media Release Statement by Philip Lowe, Governor: Monetary Policy Decision Number 2022-05 Date 1 March 2022 At its meeting today, the Board decided to maintain the cash rate target at 10 basis points and the interest rate on Exchange Settlement balances at zero per cent. The global economy is continuing to recover from the pandemic. However, the war in Ukraine is a major new source of uncertainty. Inflation in parts of the world has increased sharply due to large increases in energy prices and disruptions to supply chains at a time of strong demand. The prices of many commodities have increased further due to the war in Ukraine. Bond yields have risen over the past month and expectations of future policy interest rates have increased. The Australian economy remains resilient and spending is picking up following the Omicron setback. Household and business balance sheets are in generally good shape, an upswing in business investment is underway and there is a large pipeline of construction work to be completed. Macroeconomic policy settings remain supportive of growth. The resilience of the economy is evident in the labour market, with the une",full_context_loaded,DOC_7E0F9E69D369,1 March 2022,https://www.rba.gov.au/media-releases/2022/mr-22-05.html,data\RBA\Monetary Policy\2022-06-01 - 1 March 2022.txt,false,hold,0.0,,0.75,
RBA,2022-04-05,RBA_2022_04,medium,True,confidence < 0.7; policy_rate_after missing; keyword extraction,hold,0.0,,0.5,explicit_unchanged_keyword,hold,0.0,,0.75,strong hold keyword,"\b(left unchanged|kept unchanged|decided to maintain|decided to keep|no change to the policy rate|maintain the target range|target range\s+at\s+[0-9].{0,40}?to\s+[0-9])\b",": https://www.rba.gov.au/media-releases/2022/mr-22-11.html DOCUMENT TYPE: html ==== EXTRACTED TEXT START ==== Media Release Statement by Philip Lowe, Governor: Monetary Policy Decision Number 2022-11 Date 5 April 2022 At its meeting today, the Board decided to maintain the cash rate target at 10 basis points and the interest rate on Exchange Settlement balances at zero per cent. Inflation has increased sharply in many parts of the world. Ongoing supply-side problems, Russia's invasion of Ukraine and strong demand","BANK: RBA CATEGORY: Monetary Policy TITLE: 5 April 2022 DATE: 01/06/2022 SPEAKER: SPEAKER ROLE: SOURCE URL: https://www.rba.gov.au/media-releases/2022/mr-22-11.html DOCUMENT TYPE: html ==== EXTRACTED TEXT START ==== Media Release Statement by Philip Lowe, Governor: Monetary Policy Decision Number 2022-11 Date 5 April 2022 At its meeting today, the Board decided to maintain the cash rate target at 10 basis points and the interest rate on Exchange Settlement balances at zero per cent. Inflation has increased sharply in many parts of the world. Ongoing supply-side problems, Russia's invasion of Ukraine and strong demand as economies recover from the pandemic are all contributing to the upward pressure on prices. In response, bond yields have risen and expectations of future policy interest rates have increased. The Australian economy remains resilient and spending is picking up following the Omicron setback. Household and business balance sheets are in generally good shape, an upswing in business investment is underway and there is a large pipeline of construction work to be completed. Macroeconomic policy settings also remain supportive of growth and national income is being boosted by higher commodity prices. At the same time, rising prices are putting pressure on household budgets and the floods are causing hardship for many communities. The strength of",full_context_loaded,DOC_6E8F4D4AE66C,5 April 2022,https://www.rba.gov.au/media-releases/2022/mr-22-11.html,data\RBA\Monetary Policy\2022-06-01 - 5 April 2022.txt,false,hold,0.0,,0.75,
RBA,2023-04-04,RBA_2023_04,medium,True,confidence < 0.7; policy_rate_after missing; keyword extraction,hold,0.0,,0.5,explicit_unchanged_keyword,,,,0.0,,,,"BANK: RBA CATEGORY: Monetary Policy TITLE: 4 April 2023 DATE: 01/06/2023 SPEAKER: SPEAKER ROLE: SOURCE URL: https://www.rba.gov.au/media-releases/2023/mr-23-08.html DOCUMENT TYPE: html ==== EXTRACTED TEXT START ==== Media Release Statement by Philip Lowe, Governor: Monetary Policy Decision Number 2023-08 Date 4 April 2023 At its meeting today, the Board decided to leave the cash rate target unchanged at 3.60 per cent and the interest rate on Exchange Settlement balances unchanged at 3.50 per cent. This decision follows a cumulative increase in interest rates of 3½ percentage points since May last year. The Board recognises that monetary policy operates with a lag and that the full effect of this substantial increase in interest rates is yet to be felt. The Board took the decision to hold interest rates steady this month to provide additional time to assess the impact of the increase in interest rates to date and the economic outlook. Global inflation remains very high. In headline terms it is moderating, although services price inflation remains high in many economies. The outlook for the global economy remains subdued, with below-average growth expected this year and next. The recent banking system problems in the United States and Switzerland have resulted in volatility in financial markets and a reassessment of the outlook for global interest rates. These problems are also expected to lead to tighter financial conditions, which would be an additional headwind for the global economy. The Australian banking system is strong, well capitalised and highly liquid. It is well placed to provide the credit that the economy needs. A range of information, including the monthly CPI indicator, suggests that inflation has peaked in Australia. Goods price inflation is expected to moderate over the months ahead due to global developments and softer demand in Australia. Meanwhile, rents are increasing at the fastest rate in some years, with vacancy rates low in many parts of the country. The prices of utilities are also rising quickly. The central forecast is for inflation to decline this year and next, to around 3 per cent in mid-2025. Medium-term inflation expectations remain well anchored, and it is important that this remains the case. Growth in the Australian economy has slowed, with growth over the next couple of years expected to be below trend. There is further evidence that the combination of higher interest rates, cost-of-living pressures and a decline in hous",full_context_loaded,DOC_F69B0B6D3494,4 April 2023,https://www.rba.gov.au/media-releases/2023/mr-23-08.html,data\RBA\Monetary Policy\2023-06-01 - 4 April 2023.txt,false,hold,0.0,,0.5,
RBA,2023-07-04,RBA_2023_07,medium,True,confidence < 0.7; policy_rate_after missing; keyword extraction,hold,0.0,,0.5,explicit_unchanged_keyword,,,,0.0,,,,"BANK: RBA CATEGORY: Monetary Policy TITLE: 4 July 2023 DATE: 01/06/2023 SPEAKER: SPEAKER ROLE: SOURCE URL: https://www.rba.gov.au/media-releases/2023/mr-23-16.html DOCUMENT TYPE: html ==== EXTRACTED TEXT START ==== Media Release Statement by Philip Lowe, Governor: Monetary Policy Decision Number 2023-16 Date 4 July 2023 At its meeting today, the Board decided to leave the cash rate target unchanged at 4.10 per cent and the interest rate paid on Exchange Settlement balances unchanged at 4.00 per cent. Interest rates have been increased by 4 percentage points since May last year. The higher interest rates are working to establish a more sustainable balance between supply and demand in the economy and will continue to do so. In light of this and the uncertainty surrounding the economic outlook, the Board decided to hold interest rates steady this month. This will provide some time to assess the impact of the increase in interest rates to date and the economic outlook. Inflation in Australia has passed its peak and the monthly CPI indicator for May showed a further decline. But inflation is still too high and will remain so for some time yet. High inflation makes life difficult for everyone and damages the functioning of the economy. It erodes the value of savings, hurts household budgets, makes it harder for businesses to plan and invest, and worsens income inequality. And if high inflation were to become entrenched in people’s expectations, it would be very costly to reduce later, involving even higher interest rates and a larger rise in unemployment. For these reasons, the Board’s priority is to return inflation to target within a reasonable timeframe. Growth in the Australian economy has slowed and conditions in the labour market have eased, although they remain very tight. Firms report that labour shortages have lessened, yet job vacancies and advertisements are still at very high levels. Labour force participation is at a record high and the unemployment rate remains close to a 50-year low. Wages growth has picked up in response to the tight labour market and high inflation. At the aggregate level, wages growth is still consistent with the inflation target, provided that productivity growth picks up. The Board remains alert to the risk that expectations of ongoing high inflation will contribute to larger increases in both prices and wages, especially given the limited spare capacity in the economy and the still very low rate of unemployment. Accordingly,",full_context_loaded,DOC_B6018A3C7C01,4 July 2023,https://www.rba.gov.au/media-releases/2023/mr-23-16.html,data\RBA\Monetary Policy\2023-06-01 - 4 July 2023.txt,false,hold,0.0,,0.5,
RBA,2023-08-01,RBA_2023_08,medium,True,confidence < 0.7; policy_rate_after missing; keyword extraction,hold,0.0,,0.5,explicit_unchanged_keyword,,,,0.0,,,,"BANK: RBA CATEGORY: Monetary Policy TITLE: 1 August 2023 DATE: 01/06/2023 SPEAKER: SPEAKER ROLE: SOURCE URL: https://www.rba.gov.au/media-releases/2023/mr-23-19.html DOCUMENT TYPE: html ==== EXTRACTED TEXT START ==== Media Release Statement by Philip Lowe, Governor: Monetary Policy Decision Number 2023-19 Date 1 August 2023 At its meeting today, the Board decided to leave the cash rate target unchanged at 4.10 per cent and the interest rate paid on Exchange Settlement balances unchanged at 4.00 per cent. Interest rates have been increased by 4 percentage points since May last year. The higher interest rates are working to establish a more sustainable balance between supply and demand in the economy and will continue to do so. In light of this and the uncertainty surrounding the economic outlook, the Board again decided to hold interest rates steady this month. This will provide further time to assess the impact of the increase in interest rates to date and the economic outlook. Inflation in Australia is declining but is still too high at 6 per cent. Goods price inflation has eased, but the prices of many services are rising briskly. Rent inflation is also elevated. The central forecast is for CPI inflation to continue to decline, to be around 3¼ per cent by the end of 2024 and to be back within the 2-3 per cent target range in late 2025. The Australian economy is experiencing a period of below-trend growth and this is expected to continue for a while. Household consumption growth is weak, as is dwelling investment. The central forecast is for GDP growth of around 1¾ per cent over 2024 and a little above 2 per cent over the following year. Conditions in the labour market remain very tight, although they have eased a little. Job vacancies and advertisements are still at very high levels, although firms report that labour shortages have lessened. With the economy and employment forecast to grow below trend, the unemployment rate is expected to rise gradually from its current rate of 3½ per cent to around 4½ per cent late next year. Wages growth has picked up in response to the tight labour market and high inflation. At the aggregate level, wages growth is still consistent with the inflation target, provided that productivity growth picks up. Returning inflation to target within a reasonable timeframe remains the Board’s priority. High inflation makes life difficult for everyone and damages the functioning of the economy. It erodes the value of savings, hurts",full_context_loaded,DOC_0B2B31D9DF08,1 August 2023,https://www.rba.gov.au/media-releases/2023/mr-23-19.html,data\RBA\Monetary Policy\2023-06-01 - 1 August 2023.txt,false,hold,0.0,,0.5,
RBA,2023-09-05,RBA_2023_09,medium,True,confidence < 0.7; policy_rate_after missing; keyword extraction,hold,0.0,,0.5,explicit_unchanged_keyword,,,,0.0,,,,"BANK: RBA CATEGORY: Monetary Policy TITLE: 5 September 2023 DATE: 01/06/2023 SPEAKER: SPEAKER ROLE: SOURCE URL: https://www.rba.gov.au/media-releases/2023/mr-23-23.html DOCUMENT TYPE: html ==== EXTRACTED TEXT START ==== Media Release Statement by Philip Lowe, Governor: Monetary Policy Decision Number 2023-23 Date 5 September 2023 At its meeting today, the Board decided to leave the cash rate target unchanged at 4.10 per cent and the interest rate paid on Exchange Settlement balances unchanged at 4.00 per cent. Interest rates have been increased by 4 percentage points since May last year. The higher interest rates are working to establish a more sustainable balance between supply and demand in the economy and will continue to do so. In light of this and the uncertainty surrounding the economic outlook, the Board again decided to hold interest rates steady this month. This will provide further time to assess the impact of the increase in interest rates to date and the economic outlook. Inflation in Australia has passed its peak and the monthly CPI indicator for July showed a further decline. But inflation is still too high and will remain so for some time yet. While goods price inflation has eased, the prices of many services are rising briskly. Rent inflation is also elevated. The central forecast is for CPI inflation to continue to decline and to be back within the 2-3 per cent target range in late 2025. The Australian economy is experiencing a period of below-trend growth and this is expected to continue for a while. High inflation is weighing on people’s real incomes and household consumption growth is weak, as is dwelling investment. Notwithstanding this, conditions in the labour market remain tight, although they have eased a little. Given that the economy and employment are forecast to grow below trend, the unemployment rate is expected to rise gradually to around 4½ per cent late next year. Wages growth has picked up over the past year but is still consistent with the inflation target, provided that productivity growth picks up. Returning inflation to target within a reasonable timeframe remains the Board’s priority. High inflation makes life difficult for everyone and damages the functioning of the economy. It erodes the value of savings, hurts household budgets, makes it harder for businesses to plan and invest, and worsens income inequality. And if high inflation were to become entrenched in people’s expectations, it would be very costly to reduce",full_context_loaded,DOC_C2D84F33A567,5 September 2023,https://www.rba.gov.au/media-releases/2023/mr-23-23.html,data\RBA\Monetary Policy\2023-06-01 - 5 September 2023.txt,false,hold,0.0,,0.5,
RBA,2023-10-03,RBA_2023_10,medium,True,confidence < 0.7; policy_rate_after missing; keyword extraction,hold,0.0,,0.5,explicit_unchanged_keyword,,,,0.0,,,,"BANK: RBA CATEGORY: Monetary Policy TITLE: 3 October 2023 DATE: 01/06/2023 SPEAKER: SPEAKER ROLE: SOURCE URL: https://www.rba.gov.au/media-releases/2023/mr-23-25.html DOCUMENT TYPE: html ==== EXTRACTED TEXT START ==== Media Release Statement by Michele Bullock, Governor: Monetary Policy Decision Number 2023-25 Date 3 October 2023 At its meeting today, the Board decided to leave the cash rate target unchanged at 4.10 per cent and the interest rate paid on Exchange Settlement balances unchanged at 4.00 per cent. Interest rates have been increased by 4 percentage points since May last year. The higher interest rates are working to establish a more sustainable balance between supply and demand in the economy and will continue to do so. In light of this and the uncertainty surrounding the economic outlook, the Board again decided to hold interest rates steady this month. This will provide further time to assess the impact of the increase in interest rates to date and the economic outlook. Inflation in Australia has passed its peak but is still too high and will remain so for some time yet. Timely indicators on inflation suggest that goods price inflation has eased further, but the prices of many services are continuing to rise briskly and fuel prices have risen noticeably of late. Rent inflation also remains elevated. The central forecast is for CPI inflation to continue to decline and to be back within the 2-3 per cent target range in late 2025. Growth in the Australian economy was a little stronger than expected over the first half of the year. But the economy is still experiencing a period of below-trend growth and this is expected to continue for a while. High inflation is weighing on people’s real incomes and household consumption growth is weak, as is dwelling investment. Notwithstanding this, conditions in the labour market remain tight, although they have eased a little. Given that the economy and employment are forecast to grow below trend, the unemployment rate is expected to rise gradually to around 4½ per cent late next year. Wages growth has picked up over the past year but is still consistent with the inflation target, provided that productivity growth picks up. Returning inflation to target within a reasonable timeframe remains the Board’s priority. High inflation makes life difficult for everyone and damages the functioning of the economy. It erodes the value of savings, hurts household budgets, makes it harder for businesses to plan and invest,",full_context_loaded,DOC_F37273118E26,3 October 2023,https://www.rba.gov.au/media-releases/2023/mr-23-25.html,data\RBA\Monetary Policy\2023-06-01 - 3 October 2023.txt,false,hold,0.0,,0.5,
RBA,2024-02-06,RBA_2024_02,medium,True,confidence < 0.7; policy_rate_after missing; keyword extraction,hold,0.0,,0.5,explicit_unchanged_keyword,,,,0.0,,,,"BANK: RBA CATEGORY: Monetary Policy TITLE: 6 February 2024 DATE: 01/06/2024 SPEAKER: SPEAKER ROLE: SOURCE URL: https://www.rba.gov.au/media-releases/2024/mr-24-01.html DOCUMENT TYPE: html ==== EXTRACTED TEXT START ==== More on the February 2024 monetary policy decision Media Release Statement by the Reserve Bank Board: Monetary Policy Decision Number 2024-01 Date 6 February 2024 At its meeting today, the Board decided to leave the cash rate target unchanged at 4.35 per cent and the interest rate paid on Exchange Settlement balances unchanged at 4.25 per cent. Inflation continues to moderate but remains high. Inflation continued to ease in the December quarter. Despite this progress, inflation remains high at 4.1 per cent. Goods price inflation was lower than the RBA’s November forecasts. It has continued to ease, reflecting the resolution of earlier global supply chain disruptions and a moderation in domestic demand for goods. Services price inflation, however, declined at a more gradual pace in line with the RBA’s earlier forecasts and remains high. This is consistent with continuing excess demand in the economy and strong domestic cost pressures, both for labour and non-labour inputs. Higher interest rates are working to establish a more sustainable balance between aggregate demand and supply in the economy. Accordingly, conditions in the labour market continue to ease gradually, although they remain tighter than is consistent with sustained full employment and inflation at target. Wages growth has picked up but is not expected to increase much further and remains consistent with the inflation target, on the assumption that productivity growth increases to around its long-run average. Inflation is still weighing on people’s real incomes and household consumption growth is weak, as is dwelling investment. The outlook is still highly uncertain. While there are encouraging signs, the economic outlook is uncertain and the Board remains highly attentive to inflation risks. The central forecasts are for inflation to return to the target range of 2-3 per cent in 2025, and to the midpoint in 2026. Services price inflation is expected to decline gradually as demand moderates and growth in labour and non-labour costs eases. Employment is expected to continue to grow moderately and the unemployment rate and the broader underutilisation rate are expected to increase a bit further. While there have been favourable signs on goods price inflation abroad, services price",full_context_loaded,DOC_A0EDA8DC50F1,6 February 2024,https://www.rba.gov.au/media-releases/2024/mr-24-01.html,data\RBA\Monetary Policy\2024-06-01 - 6 February 2024.txt,false,hold,0.0,,0.5,
RBA,2024-03-19,RBA_2024_03,medium,True,confidence < 0.7; policy_rate_after missing; keyword extraction,hold,0.0,,0.5,explicit_unchanged_keyword,,,,0.0,,,,"BANK: RBA CATEGORY: Monetary Policy TITLE: 19 March 2024 DATE: 01/06/2024 SPEAKER: SPEAKER ROLE: SOURCE URL: https://www.rba.gov.au/media-releases/2024/mr-24-05.html DOCUMENT TYPE: html ==== EXTRACTED TEXT START ==== More on the March 2024 monetary policy decision Media Release Statement by the Reserve Bank Board: Monetary Policy Decision Number 2024-05 Date 19 March 2024 At its meeting today, the Board decided to leave the cash rate target unchanged at 4.35 per cent and the interest rate paid on Exchange Settlement balances unchanged at 4.25 per cent. Inflation continues to moderate but remains high. Recent information suggests that inflation continues to moderate, in line with the RBA’s latest forecasts. The headline monthly CPI indicator was steady at 3.4 per cent over the year to January, with momentum easing over recent months, driven by moderating goods inflation. Services inflation remains elevated, and is moderating at a more gradual pace. The data are consistent with continuing excess demand in the economy and strong domestic cost pressures, both for labour and non-labour inputs. Higher interest rates are working to establish a more sustainable balance between aggregate demand and supply in the economy. Accordingly, conditions in the labour market continue to ease gradually, although they remain tighter than is consistent with sustained full employment and inflation at target. Wages growth picked up a little further in the December quarter, but appears to have peaked with indications it will moderate over the year ahead. Nevertheless, this level of wages growth remains consistent with the inflation target only on the assumption that productivity growth increases to around its long-run average. Inflation is still weighing on people’s real incomes and household consumption growth is weak, as is dwelling investment. The outlook remains highly uncertain. While there are encouraging signs that inflation is moderating, the economic outlook remains uncertain. The December quarter national accounts data confirmed growth has slowed. Household consumption growth remains particularly weak amid high inflation and the rise in interest rates. After recent declines, real incomes have stabilised and are expected to grow from here, which is expected to support growth in consumption later in the year. Meanwhile, growth in unit labour costs remains very high. It has begun to moderate slightly as measured productivity growth has picked up in the past two quarters but",full_context_loaded,DOC_4D76C376ECAE,19 March 2024,https://www.rba.gov.au/media-releases/2024/mr-24-05.html,data\RBA\Monetary Policy\2024-06-01 - 19 March 2024.txt,false,hold,0.0,,0.5,
RBA,2024-05-07,RBA_2024_05,medium,True,confidence < 0.7; policy_rate_after missing; keyword extraction,hold,0.0,,0.5,explicit_unchanged_keyword,,,,0.0,,,,"BANK: RBA CATEGORY: Monetary Policy TITLE: 7 May 2024 DATE: 01/06/2024 SPEAKER: SPEAKER ROLE: SOURCE URL: https://www.rba.gov.au/media-releases/2024/mr-24-08.html DOCUMENT TYPE: html ==== EXTRACTED TEXT START ==== More on the May 2024 monetary policy decision Media Release Statement by the Reserve Bank Board: Monetary Policy Decision Number 2024-08 Date 7 May 2024 At its meeting today, the Board decided to leave the cash rate target unchanged at 4.35 per cent and the interest rate paid on Exchange Settlement balances unchanged at 4.25 per cent. Inflation remains high and is falling more gradually than expected. Recent information indicates that inflation continues to moderate, but is declining more slowly than expected. The CPI grew by 3.6 per cent over the year to the March quarter, down from 4.1 per cent over the year to December. Underlying inflation was higher than headline inflation and declined by less. This was due in large part to services inflation, which remains high and is moderating only gradually. Higher interest rates have been working to bring aggregate demand and supply somewhat closer towards balance. But the data indicate continuing excess demand in the economy, coupled with strong domestic cost pressures, both for labour and non-labour inputs. Conditions in the labour market have eased over the past year, but remain tighter than is consistent with sustained full employment and inflation at target. Wages growth appears to have peaked but is still above the level that can be sustained given trend productivity growth. Meanwhile, inflation is still weighing on people’s real incomes and output growth has been subdued, reflecting weak household consumption growth. The outlook remains highly uncertain. The economic outlook remains uncertain and recent data have demonstrated that the process of returning inflation to target is unlikely to be smooth. The central forecasts, based on the assumption that the cash rate follows market expectations, are for inflation to return to the target range of 2-3 per cent in the second half of 2025, and to the midpoint in 2026. In the near term, inflation is forecast to be higher because of the recent rise in domestic petrol prices, and higher than expected services price inflation, which is now forecast to decline more slowly over the rest of the year. Inflation is, however, expected to decline over 2025 and 2026. The persistence of services inflation is a key uncertainty. It is expected to ease more slowly tha",full_context_loaded,DOC_DAF4B300994C,7 May 2024,https://www.rba.gov.au/media-releases/2024/mr-24-08.html,data\RBA\Monetary Policy\2024-06-01 - 7 May 2024.txt,false,hold,0.0,,0.5,
RBA,2024-06-18,RBA_2024_06,medium,True,confidence < 0.7; policy_rate_after missing; keyword extraction,hold,0.0,,0.5,explicit_unchanged_keyword,,,,0.0,,,,"BANK: RBA CATEGORY: Monetary Policy TITLE: 18 June 2024 DATE: 01/06/2024 SPEAKER: SPEAKER ROLE: SOURCE URL: https://www.rba.gov.au/media-releases/2024/mr-24-12.html DOCUMENT TYPE: html ==== EXTRACTED TEXT START ==== More on the June 2024 monetary policy decision Media Release Statement by the Reserve Bank Board: Monetary Policy Decision Number 2024-12 Date 18 June 2024 At its meeting today, the Board decided to leave the cash rate target unchanged at 4.35 per cent and the interest rate paid on Exchange Settlement balances unchanged at 4.25 per cent. Inflation remains above target and is proving persistent. Inflation has fallen substantially since its peak in 2022, as higher interest rates have been working to bring aggregate demand and supply closer towards balance. But the pace of decline has slowed in the most recent data, with inflation still some way above the midpoint of the 2-3 per cent target range. Over the year to April, the monthly CPI indicator rose by 3.6 per cent in headline terms, and by 4.1 per cent excluding volatile items and holiday travel, which was similar to its pace in December 2023. Broader data indicate continuing excess demand in the economy, coupled with elevated domestic cost pressures, for both labour and non-labour inputs. Conditions in the labour market eased further over the past month but remain tighter than is consistent with sustained full employment and inflation at target. Wages growth appears to have peaked but is still above the level that can be sustained given trend productivity growth. Recent data revisions suggest that consumption over the past year was stronger than previously suggested. At the same time, output growth has been subdued, and consumption per capita has been declining, as households restrain their discretionary expenditure and inflation weighs on real incomes. The outlook remains highly uncertain. The economic outlook remains uncertain and recent data have demonstrated that the process of returning inflation to target is unlikely to be smooth. The central forecasts published in May were for inflation to return to the target range of 2-3 per cent in the second half of 2025 and to the midpoint in 2026. Since then, there have been indications that momentum in economic activity is weak, including slow growth in GDP, a rise in the unemployment rate and slower-than-expected wages growth. At the same time, the revisions to consumption and the saving rate and the persistence of inflation suggest that risks t",full_context_loaded,DOC_13C3301225E5,18 June 2024,https://www.rba.gov.au/media-releases/2024/mr-24-12.html,data\RBA\Monetary Policy\2024-06-01 - 18 June 2024.txt,false,hold,0.0,,0.5,
RBA,2024-08-06,RBA_2024_08,medium,True,confidence < 0.7; policy_rate_after missing; keyword extraction,hold,0.0,,0.5,explicit_unchanged_keyword,,,,0.0,,,,"BANK: RBA CATEGORY: Monetary Policy TITLE: 6 August 2024 DATE: 01/06/2024 SPEAKER: SPEAKER ROLE: SOURCE URL: https://www.rba.gov.au/media-releases/2024/mr-24-15.html DOCUMENT TYPE: html ==== EXTRACTED TEXT START ==== More on the August 2024 monetary policy decision Media Release Statement by the Reserve Bank Board: Monetary Policy Decision Number 2024-15 Date 6 August 2024 At its meeting today, the Board decided to leave the cash rate target unchanged at 4.35 per cent and the interest rate paid on Exchange Settlement balances unchanged at 4.25 per cent. Inflation remains above target and is proving persistent. Inflation has fallen substantially since its peak in 2022, as higher interest rates have been working to bring aggregate demand and supply closer towards balance. But inflation is still some way above the midpoint of the 2-3 per cent target range. In underlying terms, as represented by the trimmed mean, the CPI rose by 3.9 per cent over the year to the June quarter, broadly as forecast in the May Statement on Monetary Policy (SMP). But the latest numbers also demonstrate that inflation is proving persistent. In year-ended terms, underlying inflation has now been above the midpoint of the target for 11 consecutive quarters. And quarterly underlying CPI inflation has fallen very little over the past year. The outlook remains highly uncertain. The economic outlook is uncertain and recent data have demonstrated that the process of returning inflation to target has been slow and bumpy. The central forecasts set out in the latest SMP are for inflation to return to the target range of 2-3 per cent late in 2025 and approach the midpoint in 2026. This represents a slightly slower return to target than forecast in May, based on estimates that the gap between aggregate demand and supply in the economy is larger than previously thought. In part, this reflects an increase in the forecast for domestic demand. But it also reflects a judgement that the economy’s capacity to meet that demand is somewhat weaker than previously thought, evidenced by the persistence of inflation and ongoing strength in the labour market. There is substantial uncertainty around these forecasts. Revisions to consumption and the saving rate in the most recent National Accounts, high unit labour costs and the persistence of inflation - particularly in the services sector - suggest there are upside risks to inflation. Wages growth appears to have peaked but is still above the level that can",full_context_loaded,DOC_0A3B148C48DD,6 August 2024,https://www.rba.gov.au/media-releases/2024/mr-24-15.html,data\RBA\Monetary Policy\2024-06-01 - 6 August 2024.txt,false,hold,0.0,,0.5,
RBA,2024-09-24,RBA_2024_09,medium,True,confidence < 0.7; policy_rate_after missing; keyword extraction,hold,0.0,,0.5,explicit_unchanged_keyword,hold,0.0,,0.75,strong hold keyword,\b(remains|remain)\s+at\b,"some signs of gradual easing. Over the three months to August, employment grew on average by 0.3 per cent per month. The unemployment rate remained at 4.2 per cent in August, up from the trough of 3.5 per cent in mid-2023. But the participation rate remains at record highs, vacancies remain elevated and average hours worked have stabilised. Taken together, the latest data do not change the Board’s assessment at the August meeting that policy is currently restrictive and working broadly as anticipated. But","nd was somewhat weaker than previously thought, evidenced by the persistence of inflation and ongoing strength in the labour market. Since then, GDP data for the June quarter have confirmed that growth has been weak. Earlier declines in real disposable incomes and the ongoing effect of restrictive financial conditions continue to weigh on consumption, particularly discretionary consumption. However, growth in aggregate consumer demand, which includes spending by temporary residents such as students and tourists, remained more resilient. Wage pressures have eased somewhat but labour productivity is still only at 2016 levels, despite the pickup over the past year. Broader indicators suggest that labour market conditions remain tight, despite some signs of gradual easing. Over the three months to August, employment grew on average by 0.3 per cent per month. The unemployment rate remained at 4.2 per cent in August, up from the trough of 3.5 per cent in mid-2023. But the participation rate remains at record highs, vacancies remain elevated and average hours worked have stabilised. Taken together, the latest data do not change the Board’s assessment at the August meeting that policy is currently restrictive and working broadly as anticipated. But there are uncertainties. The central projection is for household consumption growth to pick up in the second half of the year as the headwinds to income growth recede - but there is a risk that this pickup is slower than expected, resulting in continued subdued output growth and a sharper deterioration in the labour market. More broadly, there are uncertainties regarding the lags in the effects of monetary policy and how firms’ pricing decisions and wages will respond to the slower growth in the economy at a time of excess demand, and while conditions in the labour market remain tight. There also remains a high level of uncertainty about the outlook abroad. Some central banks have eased policy, although they note that they are removing onl",full_context_loaded,DOC_97ED32B7933B,24 September 2024,https://www.rba.gov.au/media-releases/2024/mr-24-18.html,data\RBA\Monetary Policy\2024-06-01 - 24 September 2024.txt,false,hold,0.0,,0.75,
RBA,2024-11-05,RBA_2024_11,medium,True,confidence < 0.7; policy_rate_after missing; keyword extraction,hold,0.0,,0.5,explicit_unchanged_keyword,hold,0.0,,0.75,strong hold keyword,\b(remains|remain)\s+at\b,"cently stabilised. Employment grew strongly over the three months to September, by an average of 0.4 per cent per month. The unemployment rate was 4.1 per cent in September, up from the trough of 3.5 per cent in late 2022. But the participation rate remains at record highs, vacancies are still elevated and average hours worked have stabilised. At the same time, some cyclical measures of the labour market including youth unemployment and underemployment have recently declined. Wage pressures have eased som","derlying inflation reflects a judgement that aggregate demand remains above the economy’s supply capacity, evidenced by the persistence of underlying inflation, surveys of business conditions and ongoing strength in the labour market. Growth in output has been weak. Past declines in real disposable incomes and the ongoing effect of restrictive financial conditions continue to weigh on household consumption, particularly discretionary consumption. However, growth in aggregate consumer demand, which includes spending by temporary residents such as students and tourists, has remained more resilient. A range of indicators suggest that labour market conditions remain tight, and while conditions have been easing gradually, some indicators have recently stabilised. Employment grew strongly over the three months to September, by an average of 0.4 per cent per month. The unemployment rate was 4.1 per cent in September, up from the trough of 3.5 per cent in late 2022. But the participation rate remains at record highs, vacancies are still elevated and average hours worked have stabilised. At the same time, some cyclical measures of the labour market including youth unemployment and underemployment have recently declined. Wage pressures have eased somewhat but labour productivity is still only at 2016 levels, despite the pick-up over the past year. Taking account of recent data and the updated forecasts, the Board’s assessment is that policy is currently restrictive and working broadly as anticipated. But there are uncertainties. The central projection is for growth in household consumption to increase from the second half of this year as income growth picks up - and there is tentative evidence of an increase in spending in the September quarter. But there is a risk that any pick-up is slower than expected, resulting in continued subdued output growth and a sharper deterioration in the labour market. More broadly, there are uncertainties regarding the lags in the effect of monetary poli",full_context_loaded,DOC_B7B259AF9344,5 November 2024,https://www.rba.gov.au/media-releases/2024/mr-24-24.html,data\RBA\Monetary Policy\2024-06-01 - 5 November 2024.txt,false,hold,0.0,,0.75,
RBA,2024-12-10,RBA_2024_12,medium,True,confidence < 0.7; policy_rate_after missing; keyword extraction,hold,0.0,,0.5,explicit_unchanged_keyword,,,,0.0,,,,"BANK: RBA CATEGORY: Monetary Policy TITLE: 10 December 2024 DATE: 01/06/2024 SPEAKER: SPEAKER ROLE: SOURCE URL: https://www.rba.gov.au/media-releases/2024/mr-24-27.html DOCUMENT TYPE: html ==== EXTRACTED TEXT START ==== More on the December 2024 monetary policy decision Media Release Statement by the Reserve Bank Board: Monetary Policy Decision Number 2024-27 Date 10 December 2024 At its meeting today, the Board decided to leave the cash rate target unchanged at 4.35 per cent and the interest rate paid on Exchange Settlement balances unchanged at 4.25 per cent. Underlying inflation remains too high. Inflation has fallen substantially since the peak in 2022, as higher interest rates have been working to bring aggregate demand and supply closer towards balance. Measures of underlying inflation are around 3½ per cent, which is still some way from the 2.5 per cent midpoint of the inflation target. The most recent forecasts published in the November Statement on Monetary Policy (SMP) do not see inflation returning sustainably to the midpoint of the target until 2026. The Board is gaining some confidence that inflationary pressures are declining in line with these recent forecasts, but risks remain. The outlook remains uncertain. While underlying inflation is still high, other recent data on economic activity have been mixed, but on balance softer than expected in November. Growth in output has been weak. National accounts for the September quarter show that the economy grew by only 0.8 per cent over the past year. Outside of the COVID-19 pandemic, this is the slowest pace of growth since the early 1990s. Past declines in real disposable income and the ongoing effect of restrictive financial conditions continued to weigh on household consumption spending, particularly on discretionary items. A range of indicators suggest that labour market conditions remain tight; while those conditions have been easing gradually, some indicators have recently stabilised. The unemployment rate was 4.1 per cent in October, up from 3.5 per cent in late 2022. That said, employment grew strongly over the three months to October, the participation rate remains close to record highs, vacancies are still relatively high and average hours worked have stabilised. At the same time, some cyclical labour market indicators, including youth unemployment and underemployment rates, have recently declined. Wage pressures have eased more than expected in the November SMP. The rate of wages growth",full_context_loaded,DOC_5B1FA6D4CC2E,10 December 2024,https://www.rba.gov.au/media-releases/2024/mr-24-27.html,data\RBA\Monetary Policy\2024-06-01 - 10 December 2024.txt,false,hold,0.0,,0.5,
RBA,2025-04-01,RBA_2025_04,medium,True,confidence < 0.7; policy_rate_after missing; keyword extraction,hold,0.0,,0.5,explicit_unchanged_keyword,,,,0.0,,,,"BANK: RBA CATEGORY: Monetary Policy TITLE: 1 April 2025 DATE: 01/06/2025 SPEAKER: SPEAKER ROLE: SOURCE URL: https://www.rba.gov.au/media-releases/2025/mr-25-10.html DOCUMENT TYPE: html ==== EXTRACTED TEXT START ==== Media Release Statement by the Monetary Policy Board: Monetary Policy Decision Number 2025-10 Date 1 April 2025 At its meeting today, the Board decided to leave the cash rate target unchanged at 4.10 per cent and the interest rate paid on Exchange Settlement balances at 4 per cent. Underlying inflation is moderating. Inflation has fallen substantially since the peak in 2022, as higher interest rates have been working to bring aggregate demand and supply closer towards balance. Recent information suggests that underlying inflation continues to ease in line with the most recent forecasts published in the February Statement on Monetary Policy . Nevertheless, the Board needs to be confident that this progress will continue so that inflation returns to the midpoint of the target band on a sustainable basis. It is therefore cautious about the outlook. The Board noted that monetary policy is well placed to respond to international developments if they were to have material implications for Australian activity and inflation. The outlook remains uncertain. Private domestic demand appears to be recovering, real household incomes have picked up and there has been an easing in some measures of financial stress. However, businesses in some sectors continue to report that weakness in demand makes it difficult to pass on cost increases to final prices. At the same time, a range of indicators suggest that labour market conditions remain tight. Despite a decline in employment in February, measures of labour underutilisation are at relatively low rates and business surveys and liaison suggest that availability of labour is still a constraint for a range of employers. Wage pressures have eased a little more than expected but productivity growth has not picked up and growth in unit labour costs remains high. There are notable uncertainties about the outlook for domestic economic activity and inflation. The central projection is for growth in household consumption to continue to increase as income growth rises. But there is a risk that any pick-up in consumption is slower than expected, resulting in continued subdued output growth and a sharper deterioration in the labour market than currently expected. Alternatively, labour market outcomes may prove stronger than",full_context_loaded,DOC_6D3FC4740575,1 April 2025,https://www.rba.gov.au/media-releases/2025/mr-25-10.html,data\RBA\Monetary Policy\2025-06-01 - 1 April 2025.txt,false,hold,0.0,,0.5,
RBA,2025-07-08,RBA_2025_07,medium,True,confidence < 0.7; policy_rate_after missing; keyword extraction,hold,0.0,,0.5,explicit_unchanged_keyword,,,,0.0,,,,"BANK: RBA CATEGORY: Monetary Policy TITLE: 8 July 2025 DATE: 01/06/2025 SPEAKER: SPEAKER ROLE: SOURCE URL: https://www.rba.gov.au/media-releases/2025/mr-25-17.html DOCUMENT TYPE: html ==== EXTRACTED TEXT START ==== More on the July 2025 monetary policy decision Media Release Statement by the Monetary Policy Board: Monetary Policy Decision Number 2025-17 Date 8 July 2025 At its meeting today, the Board decided to leave the cash rate target unchanged at 3.85 per cent. Inflation has continued to moderate. Inflation has fallen substantially since the peak in 2022, as higher interest rates have been working to bring aggregate demand and supply closer towards balance. In the March quarter, headline inflation, which has partly been affected by temporary cost of living relief, was at the midpoint of the target range while trimmed mean inflation was at 2.9 per cent. The baseline forecast in May was for underlying inflation to continue to moderate to around the midpoint of the 2-3 per cent range with the cash rate assumed to follow a gradual easing path. While recent monthly CPI Indicator data suggest that June quarter inflation is likely to be broadly in line with the forecast, they were, at the margin, slightly stronger than expected. With the cash rate 50 basis points lower than five months ago and wider economic conditions evolving broadly as expected, the Board judged that it could wait for a little more information to confirm that inflation remains on track to reach 2.5 per cent on a sustainable basis. The outlook remains uncertain. Uncertainty in the world economy remains elevated. While the final scope of US tariffs and policy responses in other countries remains unknown, financial market prices have rebounded with an expectation that the most extreme outcomes are likely to be avoided. Trade policy developments are nevertheless still expected to have an adverse effect on global economic activity, and there remains a risk that households and firms delay expenditure pending greater clarity on the outlook. Setting aside overseas developments, private domestic demand appears to have been recovering gradually, real household incomes have picked up and there has been an easing in some measures of financial stress. However, businesses in some sectors continue to report that weakness in demand makes it difficult to pass on cost increases to final prices. At the same time, various indicators suggest that labour market conditions remain tight. Measures of labour under",full_context_loaded,DOC_4C6775F02003,8 July 2025,https://www.rba.gov.au/media-releases/2025/mr-25-17.html,data\RBA\Monetary Policy\2025-06-01 - 8 July 2025.txt,false,hold,0.0,,0.5,
RBA,2025-09-30,RBA_2025_09,medium,True,confidence < 0.7; policy_rate_after missing; keyword extraction,hold,0.0,,0.5,explicit_unchanged_keyword,hold,0.0,,0.75,strong hold keyword,\b(remains|remain)\s+at\b,"et conditions have been broadly steady in recent months and remain a little tight. Growth in employment has slowed by slightly more than expected, but the unemployment rate was unchanged at 4.2 per cent in August. Measures of labour underutilisation remain at low rates and business surveys and liaison suggest that availability of labour has been little changed of late. Looking through quarterly volatility, wages growth has eased from its peak, but productivity growth has been weak and growth in unit labo","e quarter. Recent data, while partial and volatile, suggest that inflation in the September quarter may be higher than expected at the time of the August Statement on Monetary Policy . Domestic economic activity is recovering but the outlook remains uncertain. Data for the June quarter show that private demand is recovering a little more rapidly than expected, taking over from public demand as the driver of growth. In particular, private consumption is picking up as real household incomes rise and measures of financial conditions ease. The housing market is strengthening, a sign that recent interest rate decreases are having an effect. Credit is readily available to both households and businesses. Various indicators suggest that labour market conditions have been broadly steady in recent months and remain a little tight. Growth in employment has slowed by slightly more than expected, but the unemployment rate was unchanged at 4.2 per cent in August. Measures of labour underutilisation remain at low rates and business surveys and liaison suggest that availability of labour has been little changed of late. Looking through quarterly volatility, wages growth has eased from its peak, but productivity growth has been weak and growth in unit labour costs remains high. There are uncertainties about the outlook for domestic economic activity and inflation stemming from both domestic and international developments. On the domestic side, stronger-than-expected data on growth and inflation may indicate that households have become more comfortable consuming as real incomes and wealth rise. If this continues, it may make it easier for businesses to pass on cost increases and lead to more demand for labour. Alternatively, the recent growth in consumption might not persist, particularly if households become more concerned about overseas developments. Uncertainty in the global economy remains elevated. There is a little more clarity on the scope and scale of US tariffs and policy responses i",full_context_loaded,DOC_C9DB770FD7BC,30 September 2025,https://www.rba.gov.au/media-releases/2025/mr-25-27.html,data\RBA\Monetary Policy\2025-06-01 - 30 September 2025.txt,false,hold,0.0,,0.75,
RBA,2025-11-04,RBA_2025_11,medium,True,confidence < 0.7; policy_rate_after missing; keyword extraction,hold,0.0,,0.5,explicit_unchanged_keyword,hold,0.0,,0.75,strong hold keyword,\b(remains|remain)\s+at\b,"s remain a little tight, notwithstanding a recent easing. Growth in employment has slowed by slightly more than expected and the unemployment rate rose to 4.5 per cent in September from 4.3 per cent in August. But measures of labour underutilisation remain at low rates, job vacancies are still at a high level and business surveys and liaison continue to suggest that a significant share of firms are experiencing difficulty sourcing labour. Looking through quarterly volatility, wages growth has eased from","er Statement on Monetary Policy , which is based on a technical assumption of one more rate cut in 2026, has underlying inflation rising above 3 per cent in coming quarters before settling at 2.6 per cent in 2027. Domestic economic activity is recovering but the outlook remains uncertain. Data on consumption suggest that the pick-up in private demand evident in the June quarter is ongoing. The housing market is continuing to strengthen, a sign that recent interest rate reductions are having an effect. Housing prices are rising and dwelling construction costs have also started to increase again after a period of weak growth. Credit is readily available to both households and businesses. Various indicators suggest that labour market conditions remain a little tight, notwithstanding a recent easing. Growth in employment has slowed by slightly more than expected and the unemployment rate rose to 4.5 per cent in September from 4.3 per cent in August. But measures of labour underutilisation remain at low rates, job vacancies are still at a high level and business surveys and liaison continue to suggest that a significant share of firms are experiencing difficulty sourcing labour. Looking through quarterly volatility, wages growth has eased from its peak, but productivity growth has been weak and growth in unit labour costs remains high. There are uncertainties about the outlook for domestic economic activity and inflation stemming from both domestic and international developments. On the domestic side, if the pick-up in private demand continues to exceed expectations, this could increase the demand for labour, add to capacity pressures and make it easier for businesses to pass on cost increases. Alternatively, the improvement in private demand might not persist. Uncertainty in the global economy remains elevated but so far there has been minimal impact on overall growth and trade, and many forecasters have revised up their near-term expectations for world growth. Trade policy deve",full_context_loaded,DOC_42C579AB3C98,4 November 2025,https://www.rba.gov.au/media-releases/2025/mr-25-31.html,data\RBA\Monetary Policy\2025-06-01 - 4 November 2025.txt,false,hold,0.0,,0.75,
RBA,2025-12-09,RBA_2025_12,medium,True,confidence < 0.7; policy_rate_after missing; keyword extraction,hold,0.0,,0.5,explicit_unchanged_keyword,hold,0.0,,0.75,strong hold keyword,\b(remains|remain)\s+at\b,"lds have risen more recently. Various indicators suggest that labour market conditions remain a little tight. The unemployment rate has risen gradually over the past year and employment growth has slowed. However, measures of labour underutilisation remain at low rates, surveyed measures of capacity utilisation are above their long-run average and business surveys and liaison continue to suggest that a significant share of firms are experiencing difficulty sourcing labour. Wages growth, as measured by th","about how much signal to take from the monthly CPI data given it is a new data series. Nevertheless, the data do suggest some signs of a more broadly based pick-up in inflation, part of which may be persistent and will bear close monitoring. Economic activity continues to recover. Growth in private demand has strengthened, driven by both consumption and investment. Activity and prices in the housing market are also continuing to pick up. Financial conditions have eased since the beginning of the year, credit is readily available to both households and businesses and the effects of earlier interest rate reductions are yet to flow through fully to demand, prices and wages. On the other hand, money market interest rates and government bond yields have risen more recently. Various indicators suggest that labour market conditions remain a little tight. The unemployment rate has risen gradually over the past year and employment growth has slowed. However, measures of labour underutilisation remain at low rates, surveyed measures of capacity utilisation are above their long-run average and business surveys and liaison continue to suggest that a significant share of firms are experiencing difficulty sourcing labour. Wages growth, as measured by the Wage Price Index, has eased from its peak but broader measures of wages continue to show strong growth and growth in unit labour costs remains high. There are uncertainties about the outlook for domestic economic activity and inflation and the extent to which monetary policy remains restrictive. On the domestic side, the pick-up in momentum has been stronger than anticipated, particularly in the private sector. If this continues, it is likely to add to capacity pressures. Uncertainty in the global economy remains significant but so far there has been minimal impact on overall growth and trade in Australia’s major trading partners. Decision The recent data suggest the risks to inflation have tilted to the upside, but it will take a little",full_context_loaded,DOC_B331F18D0390,9 December 2025,https://www.rba.gov.au/media-releases/2025/mr-25-33.html,data\RBA\Monetary Policy\2025-06-01 - 9 December 2025.txt,false,hold,0.0,,0.75,
RBNZ,2021-02-23,RBNZ_2021_02,medium,True,confidence < 0.7; policy_rate_after missing; keyword extraction,hold,0.0,,0.5,explicit_unchanged_keyword,hold,0.0,2.0,0.9,strong hold keyword,\b(remains|remain)\s+at\b,"spikes in actual inflation) starting to move gradually towards 2 percent (figure 2.11). Expectations of near-term inflation continued to increase in early 2021, but remain below the 2 percent target mid-point (figure 2.12). Longer-term expectations remain at 2 percent. A stronger near-term outlook for inflation reflects the faster-than-expected rebound in economic activity, resulting in less spare capacity since mid- 2020. The trough in non-tradables inflation appears to have occurred earlier and been s","ead 1.0 1.5 2.0 2.5 3.0 1.0 1.5 2.0 2.5 3.0 % % Feb MPS Nov MPS Figure 2.12 Inflation expectations (annual) Source: Stats NZ, RBNZ estimates. Note: See Lewis and McDermott (2016) for a description of the estimation methodology. The labour market is expected to weaken slightly over 2021, reflecting ongoing challenges in tourism-related sectors, before recovering again as a reopening of New Zealand’s border and continued monetary policy support lead to increased pressures on capacity. Inflation has also been higher Like the labour market, inflation has been more resilient than anticipated. Consumer price inflation appears to be returning to its slow upward trend since 2015, with measures of core inflation (which attempt to disregard temporary spikes in actual inflation) starting to move gradually towards 2 percent (figure 2.11). Expectations of near-term inflation continued to increase in early 2021, but remain below the 2 percent target mid-point (figure 2.12). Longer-term expectations remain at 2 percent. A stronger near-term outlook for inflation reflects the faster-than-expected rebound in economic activity, resulting in less spare capacity since mid- 2020. The trough in non-tradables inflation appears to have occurred earlier and been shallower than previously assumed (figure 2.13). The robust housing market is also expected to support inflation in the near term, with housing-related components accounting for roughly a fifth of the CPI basket. Non-tradables inflation is expected to increase gradually over the medium term, due to a relatively quick increase in capacity pressures when the border reopens (assumed to be in 2022). 16 RESERVE BANK OF NEW ZEALAND/MONETARY POLICY STATEMENT, FEBRUARY 2021 Tradables inflation is expected to provide a further near-term boost to headline CPI inflation (figure 2.13). An increase in global oil prices in late 2020 has been a key factor via its impact on domestic petrol prices. Oil prices have increased alongside a range of other global",full_context_loaded,DOC_338FF28692BF,Monetary Policy Statement February 2021,https://www.rbnz.govt.nz/-/media/project/sites/rbnz/files/publications/monetary-policy-statements/2021/mpsfeb21.pdf,data\RBNZ\Monetary Policy\2021-02-23 - Monetary Policy Statement February 2021.txt,false,hold,0.0,2.0,0.9,
RBNZ,2021-05-25,RBNZ_2021_05,medium,True,confidence < 0.7; policy_rate_after missing; keyword extraction,hold,0.0,,0.5,explicit_unchanged_keyword,hold,0.0,0.25,0.9,strong hold keyword,\b(remains|remain)\s+at\b,"impact on tradables inflation (see chapter 4). The increase in the New Zealand dollar provides a partial offset. The New Zealand dollar measured against a trade-weighted basket of other currencies has appreciated in recent months, and is assumed to remain at its current level. 2003 2006 2009 2012 2015 2018 0 1 2 3 4 5 0 1 2 3 4 5 % % Trimmed mean (30%) Weighted median Core factor model Sectoral factor model Ex-food and energy Figure 2.8 Measures of core inflation (annual) Source: Stats NZ, RBNZ estimate","trend gradually higher towards the mid-point of the MPC’s 1 to 3 percent target range, while medium- and long-term inflation expectations remain anchored near 2 percent (figures 2.8 and 2.9). Inflation is expected to increase temporarily in the near term Inflation is expected to increase into the top half of the MPC’s target range during 2021. This near-term increase is due to a lift in non-tradables inflation - underpinned by rising prices due to strength in the construction and housing sectors - overlaid with an increase in tradables inflation (figure 2.10). Annual tradables inflation is expected to increase in the short term, predominantly reflecting the rebound in oil prices. We also expect supply- chain disruptions to have a temporary impact on tradables inflation (see chapter 4). The increase in the New Zealand dollar provides a partial offset. The New Zealand dollar measured against a trade-weighted basket of other currencies has appreciated in recent months, and is assumed to remain at its current level. 2003 2006 2009 2012 2015 2018 0 1 2 3 4 5 0 1 2 3 4 5 % % Trimmed mean (30%) Weighted median Core factor model Sectoral factor model Ex-food and energy Figure 2.8 Measures of core inflation (annual) Source: Stats NZ, RBNZ estimates. 1 2 3 4 5 6 7 8 9 10 Years ahead 1.0 1.5 2.0 2.5 3.0 1.0 1.5 2.0 2.5 3.0 % % May MPS Feb MPS Figure 2.9 Inflation expectations (annual) Source: RBNZ estimates. Note: See Inflation expectations and the conduct of monetary policy in New Zealand (Lewis, McDermott and Richardson, 2016) for a description of the inflation curve. 13 RESERVE BANK OF NEW ZEALAND/MONETARY POLICY STATEMENT, MAY 2021 Key judgements The key factors underpinning our economic outlook are outlined below. Chapter 5 discusses our remaining assumptions. Expectations for a stronger global recovery are realised International forecasts for global growth have been revised higher over recent months (figure 2.11). Global bond yields have also increased since the start of the yea",full_context_loaded,DOC_3EE7F07D15A1,Monetary Policy Statement May 2021,https://www.rbnz.govt.nz/-/media/project/sites/rbnz/files/publications/monetary-policy-statements/2021/mpsmay21.pdf,data\RBNZ\Monetary Policy\2021-05-25 - Monetary Policy Statement May 2021.txt,false,hold,0.0,0.25,0.9,
RBNZ,2021-08-17,RBNZ_2021_08,medium,True,confidence < 0.7; policy_rate_after missing; keyword extraction,hold,0.0,,0.5,explicit_unchanged_keyword,hold,0.0,,0.75,strong hold keyword,\b(remains|remain)\s+at\b,"he level of monetary stimulus over time so as to best meet their policy remit. This follows the recent halting of additional government bond purchases under the Large Scale Asset Purchase (LSAP) programme in July. Global monetary and fiscal settings remain at accommodative levels, supporting international spending and investment. Rising vaccination rates across many countries have provided economic impetus. The rise in activity has continued to support demand and prices for New Zealand’s export commoditi","rojection 35 6. Appendices 42 Appendix 1: Statistical tables 42 Appendix 2: Chart pack 47 Chapter 2 Current economic assessment and risks 2 Monetary Policy Statement August 2021 CHAPTER 01 Policy assessment Chapter 1 Policy assessment 3 Monetary Policy Statement August 2021 CHAPTER 1 Policy assessment Tēnā koutou katoa, welcome all. The Monetary Policy Committee agreed to retain the current stimulatory level of monetary settings, keeping the Official Cash Rate (OCR) at 0.25 per cent for now. Today’s decision was made in the context of the Government’s imposition of Level 4 COVID restrictions on activity across New Zealand. The Committee will assess the inflation and employment outlook on an ongoing basis, with a view to continue to reduce the level of monetary stimulus over time so as to best meet their policy remit. This follows the recent halting of additional government bond purchases under the Large Scale Asset Purchase (LSAP) programme in July. Global monetary and fiscal settings remain at accommodative levels, supporting international spending and investment. Rising vaccination rates across many countries have provided economic impetus. The rise in activity has continued to support demand and prices for New Zealand’s export commodities. However, the need to reinstate COVID-19 containment measures in some regions highlights the serious health and economic risks posed by the virus. Persistent and elevated health risks are promoting ongoing global supply chain disruptions, and are acting to constrain productive capacity and prolong inflationary pressures. Today’s re-introduction of Level 4 restrictions to activity across New Zealand is a stark example of how unpredictable and disruptive the virus is proving to be. The Committee noted that the New Zealand economy had rebounded more strongly than most countries, with less domestic disruption caused by COVID-19 to date. Employment is currently at or above its maximum sustainable level, and consumer price inflation expectatio",full_context_loaded,DOC_7B57217E2C10,Monetary Policy Statement August 2021,https://www.rbnz.govt.nz/-/media/project/sites/rbnz/files/publications/monetary-policy-statements/2021/mpsaug21.pdf,data\RBNZ\Monetary Policy\2021-08-17 - Monetary Policy Statement August 2021.txt,false,hold,0.0,,0.75,
RBNZ,2022-05-24,RBNZ_2022_05,medium,True,confidence < 0.7; policy_rate_after missing; keyword extraction,hold,0.0,,0.5,explicit_unchanged_keyword,,,,0.0,,,,"BANK: RBNZ CATEGORY: Monetary Policy TITLE: Monetary Policy Statement May 2022 DATE: 24/05/2022 SPEAKER: SPEAKER ROLE: SOURCE URL: https://www.rbnz.govt.nz/-/media/project/sites/rbnz/files/publications/monetary-policy-statements/2022/mpsmay22.pdf DOCUMENT TYPE: pdf ==== EXTRACTED TEXT START ==== 05/2022 Monetary Policy STATEMENT ii Monetary Policy Statement May 2022 STATEMENT of the MPC’s monetary policy strategy The Monetary Policy Committee’s (MPC) monetary policy strategy is its overarching plan for how it will formulate monetary policy under different circumstances to achieve its objectives.1 It outlines a consistent approach to how the MPC intends to achieve its objectives across time, accounting for trade-offs and uncertainty. Agreeing on and publishing a strategy promotes transparency, public understanding, and accountability. 1 For a more in-depth discussion of monetary policy strategy in New Zealand, see J. Ratcliffe and R. Kendall (2019), ‘Monetary policy strategy in New Zealand’, Reserve Bank of New Zealand, Bulletin, Vol. 82, No. 3, April. 2 These economic objectives contribute to the overall purpose of the Act, which is to promote the prosperity and well-being of New Zealanders, and contribute to a sustainable and productive economy. See monetary policy framework for more information on New Zealand’s monetary policy framework, including the full text of the Remit. Monetary policy framework and objectives Under the Reserve Bank of New Zealand Act 1989 (the Act), the MPC is responsible for formulating monetary policy to maintain a stable general level of prices over the medium term and to support maximum sustainable employment.2 Operational objectives for monetary policy are set out in the Remit. The current Remit sets out a flexible inflation targeting regime, under which the MPC must set policy to: • keep future annual inflation between 1 and 3 percent over the medium term, with a focus on keeping future inflation near the 2 percent mid-point; and • support maximum sustainable employment, considering a broad range of labour market indicators and taking into account that maximum sustainable employment is largely determined by non- monetary factors. In pursuing these objectives, the Remit requires the MPC to have regard to the efficiency and soundness of the financial system, seek to avoid unnecessary instability in the economy and financial markets, and discount events that have only transitory effects on inflation. The MPC must also assess the",full_context_loaded,DOC_79A1F8AF941B,Monetary Policy Statement May 2022,https://www.rbnz.govt.nz/-/media/project/sites/rbnz/files/publications/monetary-policy-statements/2022/mpsmay22.pdf,data\RBNZ\Monetary Policy\2022-05-24 - Monetary Policy Statement May 2022.txt,false,hold,0.0,,0.5,
RBNZ,2022-08-16,RBNZ_2022_08,medium,True,confidence < 0.7; policy_rate_after missing; keyword extraction,hold,0.0,,0.5,explicit_unchanged_keyword,hold,0.0,,0.75,strong hold keyword,\b(remains|remain)\s+at\b,"rcent on a trade-weighted basis over the forecast horizon, in line with softening global demand and a gradual recovery in global food supply following the Russian invasion of Ukraine. • The New Zealand dollar trade-weighted index (TWI) is assumed to remain at 71.7 consistent with the current quarterly average. • Oil prices are expected to remain relatively high, even as global demand softens. Oil prices are expected to gradually return from about USD 100 towards USD 85 per barrel, in line with risk- adju","on. • Recent house price falls are expected to slow household spending growth over the projection. Global factors • The global economic environment is highly inflationary, particularly in the near term. High global inflation and a low exchange rate are assumed to feed directly into high import prices for New Zealanders. • The global growth outlook is substantially weaker than at the time of the May Statement. Growth in China is projected to remain subdued, as COVID-19 and associated restrictions continue to weigh on activity. Growth in developed nations is also expected to slow in line with Consensus forecasts. • Prices for the commodities New Zealand exports have declined in recent months. Goods export prices are assumed to decline by 7 percent on a trade-weighted basis over the forecast horizon, in line with softening global demand and a gradual recovery in global food supply following the Russian invasion of Ukraine. • The New Zealand dollar trade-weighted index (TWI) is assumed to remain at 71.7 consistent with the current quarterly average. • Oil prices are expected to remain relatively high, even as global demand softens. Oil prices are expected to gradually return from about USD 100 towards USD 85 per barrel, in line with risk- adjusted futures market pricing. COVID-19 and health restrictions • The spread of the Omicron variant of COVID-19 in the community and associated restrictions on activity are estimated to have reduced potential output over the first half of 2022. • Daily COVID-19 cases rose in July, after several months of steady decline. We assume that daily COVID-19 cases resume a gradual decline over the forecast horizon. Over time, this is expected to reduce pressure in the labour market. Chapter 5 Economic projection 41 Monetary Policy Statement August 2022 Economic growth Production • Some factors continue to support activity in the near term. High export prices, household savings built up during lockdowns, and government spending are supporting economic",full_context_loaded,DOC_B33187352B80,Monetary Policy Statement August 2022,https://www.rbnz.govt.nz/-/media/project/sites/rbnz/files/publications/monetary-policy-statements/2022/mps-aug22/august-2022-monetary-policy-statement.pdf,data\RBNZ\Monetary Policy\2022-08-16 - Monetary Policy Statement August 2022.txt,false,hold,0.0,,0.75,
RBNZ,2024-11-27,RBNZ_2024_11,medium,True,confidence < 0.7; policy_rate_after missing; keyword extraction,hold,0.0,,0.5,explicit_unchanged_keyword,cut,-50.0,,0.85,explicit cut bps,\b(?:decrease|lower|reduce)\s+(?:the\s+)?(?:policy rate|cash rate target|official cash rate|bank rate)\s+by\s+([0-9]+(?:\.[0-9]+)?)\s+(?:basis points|bps)\b,T START ==== Monetary Policy Statement. November 2024 B.33 ii Policy assessment. Monetary Policy Statement. November 2024 Policy assessment. OCR 4.25% - OCR lowered further as inflation returns to target The Monetary Policy Committee today agreed to reduce the Official Cash Rate by 50 basis points to 4.25 percent. Annual consumer price inflation has declined and is now close to the midpoint of the Monetary Policy Committee’s 1 to 3 percent target band. Inflation expectations are also close to target and core inflation is converging to the mid,"BANK: RBNZ CATEGORY: Monetary Policy TITLE: Monetary Policy Statement November 2024 DATE: 24/11/2027 SPEAKER: SPEAKER ROLE: SOURCE URL: https://www.rbnz.govt.nz/-/media/project/sites/rbnz/files/publications/monetary-policy-statements/2024/nov-271124gsp/mps_report_nov2024.pdf DOCUMENT TYPE: pdf ==== EXTRACTED TEXT START ==== Monetary Policy Statement. November 2024 B.33 ii Policy assessment. Monetary Policy Statement. November 2024 Policy assessment. OCR 4.25% - OCR lowered further as inflation returns to target The Monetary Policy Committee today agreed to reduce the Official Cash Rate by 50 basis points to 4.25 percent. Annual consumer price inflation has declined and is now close to the midpoint of the Monetary Policy Committee’s 1 to 3 percent target band. Inflation expectations are also close to target and core inflation is converging to the midpoint. If economic conditions continue to evolve as projected, the Committee expects to be able to lower the OCR further early next year. Economic activity in New Zealand remains subdued and output continues to be below its potential. With excess productive capacity in the economy, inflation pressures have eased. Domestic price and wage setting behaviours are becoming consistent with inflation remaining near the target midpoint. The price of imports has fallen, also contributing to lower headline inflation. Economic growth is expected to recover during 2025, as lower interest rates encourage investment and other spending. Employment growth is expected to remain weak until mid- 2025 and, for some, financial stress will take time to ease. Glo",full_context_loaded,DOC_D4A25AB777D2,Monetary Policy Statement November 2024,https://www.rbnz.govt.nz/-/media/project/sites/rbnz/files/publications/monetary-policy-statements/2024/nov-271124gsp/mps_report_nov2024.pdf,data\RBNZ\Monetary Policy\2027-11-24 - Monetary Policy Statement November 2024.txt,false,cut,-50.0,,0.85,
RBNZ,2025-02-18,RBNZ_2025_02,medium,True,confidence < 0.7; policy_rate_after missing; keyword extraction,hold,0.0,,0.5,explicit_unchanged_keyword,cut,-50.0,,0.85,explicit cut bps,\b(?:decrease|lower|reduce)\s+(?:the\s+)?(?:policy rate|cash rate target|official cash rate|bank rate)\s+by\s+([0-9]+(?:\.[0-9]+)?)\s+(?:basis points|bps)\b,TRACTED TEXT START ==== Monetary Policy Statement. February 2025 B.33 ii Policy assessment. Monetary Policy Statement. February 2025 Policy assessment. OCR 3.75% - OCR reduced further as inflation abates The Monetary Policy Committee today agreed to reduce the Official Cash Rate by 50 basis points to 3.75 percent. Annual consumer price inflation remains near the mid-point of the Monetary Policy Committee’s 1 to 3 percent target band. Firms’ inflation expectations are at target and core inflation continues to fall towards the target mid-point.,"BANK: RBNZ CATEGORY: Monetary Policy TITLE: Monetary Policy Statement February 2025 DATE: 18/02/2025 SPEAKER: SPEAKER ROLE: SOURCE URL: https://www.rbnz.govt.nz/-/media/project/sites/rbnz/files/publications/monetary-policy-statements/2025/feb-19224/mps_report_feb2025.pdf DOCUMENT TYPE: pdf ==== EXTRACTED TEXT START ==== Monetary Policy Statement. February 2025 B.33 ii Policy assessment. Monetary Policy Statement. February 2025 Policy assessment. OCR 3.75% - OCR reduced further as inflation abates The Monetary Policy Committee today agreed to reduce the Official Cash Rate by 50 basis points to 3.75 percent. Annual consumer price inflation remains near the mid-point of the Monetary Policy Committee’s 1 to 3 percent target band. Firms’ inflation expectations are at target and core inflation continues to fall towards the target mid-point. The economic outlook remains consistent with inflation remaining in the band over the medium term, giving the Committee confidence to continue lowering the OCR. Economic activity in New Zealand remains subdued. With spare productive capacity, domestic inflation pressures continue to ease. Price and wage setting behaviours are adapting to a low-inflation environment. The price of imports has fallen, also contributing to lower headline inflation. Economic growth is expected to recover during 2025. Lower interest rates will encourage spending, although elevated global economic uncertainty is expected to weigh on business investment decisions. Higher prices for some of our key commodities and a lower exchange rate will increase export revenues",full_context_loaded,DOC_3B526CE06FB1,Monetary Policy Statement February 2025,https://www.rbnz.govt.nz/-/media/project/sites/rbnz/files/publications/monetary-policy-statements/2025/feb-19224/mps_report_feb2025.pdf,data\RBNZ\Monetary Policy\2025-02-18 - Monetary Policy Statement February 2025.txt,false,cut,-50.0,,0.85,
RBNZ,2025-11-26,RBNZ_2025_11,medium,True,confidence < 0.7; policy_rate_after missing; keyword extraction,hold,0.0,,0.5,explicit_unchanged_keyword,hold,0.0,,0.75,strong hold keyword,\b(remains|remain)\s+at\b,"ses reported an easing in overall cost pressures. In aggregate, costs are not growing as quickly as recent years. However, the weaker New Zealand dollar has increased costs for imported materials, and businesses noted that energy and insurance costs remain at elevated levels. Lower interest rates have reduced debt‑servicing costs for many firms, including farmers and growers with high debt levels. Businesses continued to report difficulties passing on costs to customers due to weak demand. Domestic custo","asury staff spoke with businesses and industry organisations across New Zealand. Overall, we heard similar messages from businesses to our previous round of discussions in July. Overall, businesses reported that demand and activity remain subdued, although the agricultural sector reported robust demand. Demand for New Zealand meat, dairy, and horticulture products has continued to be strong. Higher commodity prices and the depreciation in the New Zealand dollar are supporting exporter incomes (see chapter 4.1). In contrast, firms in industries more reliant on domestic demand, such as construction and retail, continued to report weak demand. Many firms reported that demand has stopped deteriorating but is yet to meaningfully pick up. Businesses reported an easing in overall cost pressures. In aggregate, costs are not growing as quickly as recent years. However, the weaker New Zealand dollar has increased costs for imported materials, and businesses noted that energy and insurance costs remain at elevated levels. Lower interest rates have reduced debt‑servicing costs for many firms, including farmers and growers with high debt levels. Businesses continued to report difficulties passing on costs to customers due to weak demand. Domestic customers were noted as being very price sensitive. Some businesses are relying on discounting to maintain sales, resulting in profit margins being squeezed. Exporters were an exception to this, with many businesses reporting they were able to pass on higher costs to customers due to strong demand. Labour market conditions remain weak. Businesses reported a high volume of applications for vacant roles. Some businesses are choosing not to fill vacancies, and most are cautious about increasing their headcounts. Overall, businesses reported very low levels of staff turnover, with average staff tenure increasing across all sectors. Weak labour market conditions were resulting in smaller wage increases than in recent years. Investment intentions rema",full_context_loaded,DOC_5C727F4593C7,Monetary Policy Statement November 2025,https://www.rbnz.govt.nz/-/media/project/sites/rbnz/files/publications/monetary-policy-statements/2025/nov-261125/monetary-policy-statement-november-2025.pdf,data\RBNZ\Monetary Policy\2026-11-25 - Monetary Policy Statement November 2025.txt,false,hold,0.0,,0.75,
RIKSBANK,2021-06-01,RIKSBANK_2021_06_A,medium,True,confidence < 0.7; policy_rate_after missing; keyword extraction,hold,0.0,,0.5,explicit_unchanged_keyword,hold,0.0,,0.75,strong hold keyword,\b(remains|remain)\s+at\b,"and groups on the labour market are expected to remain high, but overall economic activity is expected to approach more normal levels towards the end of the year. The situation on the labour market will strengthen even if unemployment is expected to remain at a somewhat higher level for a further period, as a result of the lasting effects of the crisis. The increasing resource utilisation creates the conditions for an upturn in inflation, but cost pressures are expected to rise relatively slowly. As duri","en in new window Repo rate 0 % Applies from 28 April 2021 Repo rate, table In brief - Monetary policy April 2021 The recovery in the global economy is continuing, even though infection has increased and restrictions have been comprehensive over the spring. Increasing numbers of people are being vaccinated and, with the significant fiscal and monetary policy support, conditions are good for demand to return rapidly even in contact-intensive services sectors, as soon as restrictions are eased. But there is still considerable uncertainty and the speed of the recovery varies substantially between different sectors and countries. Towards the summer, growth is expected to gear up both in Sweden and abroad. The differences between various sectors and groups on the labour market are expected to remain high, but overall economic activity is expected to approach more normal levels towards the end of the year. The situation on the labour market will strengthen even if unemployment is expected to remain at a somewhat higher level for a further period, as a result of the lasting effects of the crisis. The increasing resource utilisation creates the conditions for an upturn in inflation, but cost pressures are expected to rise relatively slowly. As during 2020, major variations in inflation are expected this year, too. It will take until the end of the forecast period before inflation is expected to be more permanently close to the target of 2 per cent. Expansionary monetary policy in the years ahead is needed to support the economy and inflation. The Riksbank is therefore continuing to purchase assets within the envelope of SEK 700 billion and to offer liquidity within all the programmes launched. The Executive Board has also decided to hold the repo rate at zero per cent and it is expected to remain at this level in the years to come. The Riksbank will design monetary policy so that there is extensive monetary policy assistance for as long as necessary in order to support the recovery a",full_context_loaded,DOC_3BC801A0B478,Monetary Policy Report April 2021,https://www.riksbank.se/en-gb/monetary-policy/monetary-policy-report/2021/monetary-policy-report-april-2021/,data\RIKSBANK\Monetary Policy\2021-06-01 - Monetary Policy Report April 2021.txt,false,hold,0.0,,0.75,
RIKSBANK,2021-06-01,RIKSBANK_2021_06_B,medium,True,confidence < 0.7; policy_rate_after missing; keyword extraction,hold,0.0,,0.5,explicit_unchanged_keyword,hold,0.0,,0.75,strong hold keyword,"\b(left unchanged|kept unchanged|decided to maintain|decided to keep|no change to the policy rate|maintain the target range|target range\s+at\s+[0-9].{0,40}?to\s+[0-9])\b","are reduced. To facilitate the recovery and help inflation rise towards the target, monetary policy needs to remain expansionary. The Riksbank is therefore continuing to purchase assets within the envelope of SEK 700 billion. The repo rate is being left unchanged at zero per cent. Email Share by email - Open in new window facebook Share on Facebook - Open in new window Linkedin Share on LinkedIn - Open in new window bluesky Share on Bluesky - Open in new window copy url Share on Twitter - Open in new window","BANK: RIKSBANK CATEGORY: Monetary Policy TITLE: Monetary Policy Report Februari 2021 DATE: 01/06/2021 SPEAKER: SPEAKER ROLE: SOURCE URL: https://www.riksbank.se/en-gb/monetary-policy/monetary-policy-report/2021/monetary-policy-report-februari-2021/ DOCUMENT TYPE: html ==== EXTRACTED TEXT START ==== Monetary Policy Report, February 2021 The Swedish economy has withstood the second wave of infection relatively well, supported by extensive economic policy measures. Vaccinations are now underway in many countries and despite continued uncertainty, the conditions for a rise in demand will be favourable when the spread of infection and restrictions are reduced. To facilitate the recovery and help inflation rise towards the target, monetary policy needs to remain expansionary. The Riksbank is therefore continuing to purchase assets within the envelope of SEK 700 billion. The repo rate is being left unchanged at zero per cent. Email Share by email - Open in new window facebook Share on Facebook - Open in new window Linkedin Share on LinkedIn - Open in new window bluesky Share on Bluesky - Open in new window copy url Share on Twitter - Open in new window Repo rate 0 % Applies from 17 February 2021 Repo rate, table In brief - Monetary policy February 2021 The second wave of infection that started to affect many countries during the autumn led to tightened restrictions and a slowdown in the recovery of the global economy. But vaccinations are now underway in many countries and, despite continued uncertainty, the conditions for an upturn in demand will be good when the spread of infection and restrictions are reduced. After the slowdown during the winter, the global economy is expected to continue to recover. Several service industries in Sweden are still under pressure but overall the economy seems to have been more resilient to the second wave of the pandemic than to the first. GDP growth an",full_context_loaded,DOC_01072B972A30,Monetary Policy Report Februari 2021,https://www.riksbank.se/en-gb/monetary-policy/monetary-policy-report/2021/monetary-policy-report-februari-2021/,data\RIKSBANK\Monetary Policy\2021-06-01 - Monetary Policy Report Februari 2021.txt,false,hold,0.0,,0.75,
RIKSBANK,2021-06-01,RIKSBANK_2021_06_C,medium,True,confidence < 0.7; policy_rate_after missing; keyword extraction,hold,0.0,,0.5,explicit_unchanged_keyword,hold,0.0,,0.75,strong hold keyword,\b(remains|remain)\s+at\b,"g will continue to be tapered off but that the envelope for asset purchases of SEK 700 billion will be fully utilised up until the end of 2021. The Executive Board has also decided to hold the repo rate at zero per cent. The repo rate is expected to remain at zero per cent for the entire forecast period, which extends until the third quarter of 2024. Documents Press release 1 July 2021, Zero interest rate and asset purchases for inflation to be more permanently close to 2 per cent (pdf | 505,6 kB) Moneta",". Inflation has varied to an unusually large degree during the pandemic. This is partly due to energy prices but also to measurement problems and people’s changed consumption patterns during the pandemic. Inflationary pressures are still deemed moderate and it is expected to take until next year before inflation rises more persistently. The expansionary monetary policy is a prerequisite for inflation to be close to the target of 2 per cent more persistently. The Riksbank will continue to purchase securities and offer liquidity within all the programmes launched. The Executive Board has now decided that the Riksbank will buy bonds for an aggregate nominal amount of SEK 68.5 billion in the fourth quarter. This means that the pace of purchasing will continue to be tapered off but that the envelope for asset purchases of SEK 700 billion will be fully utilised up until the end of 2021. The Executive Board has also decided to hold the repo rate at zero per cent. The repo rate is expected to remain at zero per cent for the entire forecast period, which extends until the third quarter of 2024. Documents Press release 1 July 2021, Zero interest rate and asset purchases for inflation to be more permanently close to 2 per cent (pdf | 505,6 kB) Monetary Policy Report July 2021 (pdf | 5,9 MB) Decision Guidance Document: Annex B to the minutes, The Riksbank’s asset purchases during the fourth quarter of 2021 (pdf | 512,5 kB) Numerical data: Monetary Policy Report July 2021 (xlsx | 1,7 MB) Article: Expansionary fiscal policies abroad are contributing to the recovery, article in Monetary Policy Report July 2021 (pdf | 1 MB) Article: How are higher commodity prices and freight costs affecting inflation in Sweden, article in Monetary Policy Report July 2021 (pdf | 1,3 MB) Slides from the press conference 1 July 2021 (pdf | 1,5 MB) Related content Repo rate, deposit and lending rate Minutes of the Monetary Policy Meeting held on 30 June 2021l The Riksbank’s measures in connection with the coro",full_context_loaded,DOC_944F5E1D2ED3,Monetary Policy Report July 2021,https://www.riksbank.se/en-gb/monetary-policy/monetary-policy-report/2021/monetary-policy-report-july-2021/,data\RIKSBANK\Monetary Policy\2021-06-01 - Monetary Policy Report July 2021.txt,false,hold,0.0,,0.75,
RIKSBANK,2021-06-01,RIKSBANK_2021_06_D,medium,True,confidence < 0.7; policy_rate_after missing; keyword extraction,hold,0.0,,0.5,explicit_unchanged_keyword,,,,0.0,,,,"BANK: RIKSBANK CATEGORY: Monetary Policy TITLE: Monetary Policy Report November 2021 DATE: 01/06/2021 SPEAKER: SPEAKER ROLE: SOURCE URL: https://www.riksbank.se/en-gb/monetary-policy/monetary-policy-report/2021/monetary-policy-report-november-2021/ DOCUMENT TYPE: html ==== EXTRACTED TEXT START ==== Monetary Policy Report, November 2021 Economic activity is strong and inflation has risen rapidly, largely driven by rising energy prices. The Riksbank forecasts a fall in inflation next year. The Executive Board has decided to hold the repo rate unchanged at zero per cent, and to purchase bonds during the first quarter of 2022 to compensate for forthcoming principal payments in the Riksbank's asset holdings. The Board's forecast is that the holdings will remain roughly unchanged in 2022, after which they will gradually decrease, and that the repo rate will be raised in the latter part of 2024. With this monetary policy, inflation is expected to be on target going forward. Email Share by email - Open in new window facebook Share on Facebook - Open in new window Linkedin Share on LinkedIn - Open in new window bluesky Share on Bluesky - Open in new window copy url Share on Twitter - Open in new window Repo rate 0 % Applies from 1 December 2021 Repo rate, table In brief - Monetary policy November 2021 Demand for both goods and services has varied considerably during the pandemic. The consumption of services fell sharply when large parts of societies closed down partially or entirely. Goods consumption did not fall as much, as consumption shifted from services to goods. In step with most countries having eased the restrictions that have hampered economic developments, demand has risen rapidly. The gradual opening-up of service sectors has led to high GDP growth abroad in the first half of this year. The rapid movements have strained global supply chains. Production and trade in goods have been restricted by a shortage of inputs such as semiconductors and by freight companies´ difficulties meeting demand. Bottlenecks have also occurred in service production in many places. The supply shocks are creating headwinds for growth but next year, these problems are expected to subside when consumption patterns normalise, demand grows more slowly and production capacity is adjusted. The difficulties in meeting the rapidly rising demand for goods has led to sharp rises in commodity and transport prices, which has also led to rising producer prices after a certain time lag. Som",full_context_loaded,DOC_9CC589D2565B,Monetary Policy Report November 2021,https://www.riksbank.se/en-gb/monetary-policy/monetary-policy-report/2021/monetary-policy-report-november-2021/,data\RIKSBANK\Monetary Policy\2021-06-01 - Monetary Policy Report November 2021.txt,false,hold,0.0,,0.5,
RIKSBANK,2021-06-01,RIKSBANK_2021_06_E,medium,True,confidence < 0.7; policy_rate_after missing; keyword extraction,hold,0.0,,0.5,explicit_unchanged_keyword,hold,0.0,,0.75,strong hold keyword,"\b(left unchanged|kept unchanged|decided to maintain|decided to keep|no change to the policy rate|maintain the target range|target range\s+at\s+[0-9].{0,40}?to\s+[0-9])\b","le years more before CPIF inflation is assessed to be more permanently close to 2 per cent. The expansionary monetary policy is a prerequisite for inflation to also be close to the target in the slightly longer run. The Executive Board has therefore decided to keep the repo rate at zero per cent. It is expected to remain at zero per cent for the entire forecast period, which stretches until the third quarter of 2024. The Riksbank will also continue to purchase securities in 2021 in line with earlier decisions","policy. Since the monetary policy meeting in June, outcomes and indicators have continued to confirm that the recovery in Sweden and abroad is strong. Rapidly rising energy prices, and global demand combined with supply limitations and logistics problems, have led to consumer prices increasing at a fast pace in several areas. In the near term, the Riksbank’s inflation forecast has been revised up, primarily because electricity prices have risen unexpectedly sharply. Swedish inflation, which has been fairly close to the inflation target of 2 per cent in recent months, is assessed to become higher than 2 per cent in the coming year, before falling back again. Underlying inflation, which shows more of a trend, is lower and it will take a couple years more before CPIF inflation is assessed to be more permanently close to 2 per cent. The expansionary monetary policy is a prerequisite for inflation to also be close to the target in the slightly longer run. The Executive Board has therefore decided to keep the repo rate at zero per cent. It is expected to remain at zero per cent for the entire forecast period, which stretches until the third quarter of 2024. The Riksbank will also continue to purchase securities in 2021 in line with earlier decisions and the Executive Board's forecast is that the holdings will be more or less unchanged in 2022. Documents Press release 21 September 2021: Monetary policy decision: Zero interest rate and asset purchases for inflation more lastingly close to 2 per cent (pdf | 396 kB) Monetary Policy Report September 2021 (pdf | 5 MB) Numerical data: Monetary Policy Report September 2021 (xlsx | 1,5 MB) Decision by the Executive Board, Annex B to the minutes: The Riksbank is terminating the programme for funding to banks to support corporate lending and some other measures implemented as a result of the pandemic (20 September 2021) (pdf | 175,5 kB) Decision by the Executive Board, Annex C to the minutes: The Riksbank stops offering three- and six-month loans",full_context_loaded,DOC_009B050A3DF0,Monetary Policy Report September 2021,https://www.riksbank.se/en-gb/monetary-policy/monetary-policy-report/2021/monetary-policy-report-september-2021/,data\RIKSBANK\Monetary Policy\2021-06-01 - Monetary Policy Report September 2021.txt,false,hold,0.0,,0.75,
RIKSBANK,2022-06-01,RIKSBANK_2022_06_B,medium,True,confidence < 0.7; policy_rate_after missing; keyword extraction,hold,0.0,,0.5,explicit_unchanged_keyword,hold,0.0,,0.75,strong hold keyword,"\b(left unchanged|kept unchanged|decided to maintain|decided to keep|no change to the policy rate|maintain the target range|target range\s+at\s+[0-9].{0,40}?to\s+[0-9])\b","to 2 per cent from the middle of next year. Compared with November, the assessment has been revised upwards. Monetary policy needs to provide continued support for inflation to be close to target in the medium term. The Executive Board has therefore decided to keep the repo rate at zero per cent and that the Riksbank shall purchase bonds for SEK 37 billion in the second quarter of 2022 to compensate for maturing assets. The Executive Board’s forecast is, as before, that the holdings will remain approximately u","on has risen rapidly over the past year. One common feature is that a large part of the upturn can be explained by rapidly rising energy prices. However, adjusted for energy prices, there are major differences between countries. For instance, in the United States and the United Kingdom, underlying inflation has risen to relatively high levels. In Sweden, the high inflation is entirely explained by rapid in-creases in electricity and fuel prices. Inflation adjusted for energy prices is close to 2 per cent. The Riksbank does not expect energy prices to continue to rise this year. This means that inflation will fall back. Although it is uncertain how lasting the high rate of inflation will be, in the forecast inflation is expected to be close to 2 per cent from the middle of next year. Compared with November, the assessment has been revised upwards. Monetary policy needs to provide continued support for inflation to be close to target in the medium term. The Executive Board has therefore decided to keep the repo rate at zero per cent and that the Riksbank shall purchase bonds for SEK 37 billion in the second quarter of 2022 to compensate for maturing assets. The Executive Board’s forecast is, as before, that the holdings will remain approximately unchanged in 2022 and then decrease gradually. The forecast for the repo rate indicates that it will be raised in the second half of 2024, which is slightly earlier than in the assessment in November. Documents Press release 10 February 2022: Monetary policy decision: Zero interest rate and unchanged asset holdings (pdf | 524,3 kB) Monetary Policy Report February 2022 (pdf | 6,1 MB) Decision by the Executive Board, Annex B to the minutes: The Riksbank’s purchases of securities during the second quarter of 2022 (9 February 2022) (pdf | 523,4 kB) Numerical data: Monetary Policy Report February 2022 (xlsx | 2,1 MB) Article: High energy prices - how will other consumer prices be affected? Article in Monetary Policy Report February 2022 (pdf | 1,",full_context_loaded,DOC_3F5F95E456E2,Monetary Policy Report February 2022,https://www.riksbank.se/en-gb/monetary-policy/monetary-policy-report/2022/monetary-policy-report-february-2022/,data\RIKSBANK\Monetary Policy\2022-06-01 - Monetary Policy Report February 2022.txt,false,hold,0.0,,0.75,
RIKSBANK,2023-06-01,RIKSBANK_2023_06_A,medium,True,confidence < 0.7; policy_rate_after missing; keyword extraction,hold,0.0,,0.5,explicit_unchanged_keyword,hike,,,0.75,strong hike keyword,\bdecided\s+to\s+(?:increase|raise)\b,"April 2023 Inflation is still far too high and underlying inflation has been much higher than expected during the first months of the year. For inflation to fall and stabilise at the target within a reasonable period of time, the Executive Board has decided to raise the Riksbank's policy rate by 0.5 percentage points to 3.5 per cent. The forecast indicates that the policy rate will probably be raised further by 0.25 percentage points in June or September. Email Share by email - Open in new window facebook Share","BANK: RIKSBANK CATEGORY: Monetary Policy TITLE: Monetary Policy Report April 2023 DATE: 01/06/2023 SPEAKER: SPEAKER ROLE: SOURCE URL: https://www.riksbank.se/en-gb/monetary-policy/monetary-policy-report/2023/monetary-policy-report-april-2023/ DOCUMENT TYPE: html ==== EXTRACTED TEXT START ==== Monetary Policy Report, April 2023 Inflation is still far too high and underlying inflation has been much higher than expected during the first months of the year. For inflation to fall and stabilise at the target within a reasonable period of time, the Executive Board has decided to raise the Riksbank's policy rate by 0.5 percentage points to 3.5 per cent. The forecast indicates that the policy rate will probably be raised further by 0.25 percentage points in June or September. Email Share by email - Open in new window facebook Share on Facebook - Open in new window Linkedin Share on LinkedIn - Open in new window bluesky Share on Bluesky - Open in new window copy url Share on Twitter - Open in new window What is the policy rate? Policy rate 3.5 % Applies from 3 May 2023 Policy rate, table The monetary policy decision including the policy rate The Executive Board's monetary policy decision from the meeting on 25 April 2023 is summarised in a press release: Policy rate raised by 0.5 percentage points to 3.5 per cent Monetary policy decision document April 2023: Decision on policy rate Read the Monetary Policy Report in full: Monetary Policy Report, April 2023 In brief - Monetary policy April 2023 Inflation is still far too high and far from the inflation target. The high",full_context_loaded,DOC_402ED7C5677E,Monetary Policy Report April 2023,https://www.riksbank.se/en-gb/monetary-policy/monetary-policy-report/2023/monetary-policy-report-april-2023/,data\RIKSBANK\Monetary Policy\2023-06-01 - Monetary Policy Report April 2023.txt,false,hike,0.0,,0.75,
RIKSBANK,2023-06-01,RIKSBANK_2023_06_B,medium,True,confidence < 0.7; policy_rate_after missing; keyword extraction,hold,0.0,,0.5,explicit_unchanged_keyword,hike,,,0.75,strong hike keyword,\bdecided\s+to\s+(?:increase|raise)\b,"23/ DOCUMENT TYPE: html ==== EXTRACTED TEXT START ==== Monetary Policy Report, February 2023 Inflation is far too high and has continued to rise. For inflation to fall and stabilise around the target within a reasonable time, the Executive Board has decided to raise the Riksbank's policy rate by 0.5 percentage points to 3.0 per cent. The policy rate will probably be raised further during the spring. Further, the Executive Board decided that the Riksbank will, with effect from April, sell government bonds to red","BANK: RIKSBANK CATEGORY: Monetary Policy TITLE: Monetary Policy Report February 2023 DATE: 01/06/2023 SPEAKER: SPEAKER ROLE: SOURCE URL: https://www.riksbank.se/en-gb/monetary-policy/monetary-policy-report/2023/monetary-policy-report-february-2023/ DOCUMENT TYPE: html ==== EXTRACTED TEXT START ==== Monetary Policy Report, February 2023 Inflation is far too high and has continued to rise. For inflation to fall and stabilise around the target within a reasonable time, the Executive Board has decided to raise the Riksbank's policy rate by 0.5 percentage points to 3.0 per cent. The policy rate will probably be raised further during the spring. Further, the Executive Board decided that the Riksbank will, with effect from April, sell government bonds to reduce asset holdings at a faster pace. Email Share by email - Open in new window facebook Share on Facebook - Open in new window Linkedin Share on LinkedIn - Open in new window bluesky Share on Bluesky - Open in new window copy url Share on Twitter - Open in new window What is the policy rate? Policy rate 3.0 % Applies from 15 February 2023 Policy rate, table The monetary policy decision including the policy rate The Executive Board's monetary policy decision from the meeting on 8 February 2023 is summarised in a press release: Riksbank raises policy rate by 0.5 percentage points and starting in April will begin selling government bonds Monetary policy decision document February 2023: Decision on policy rate, sales of government bonds and inc",full_context_loaded,DOC_7318BA177076,Monetary Policy Report February 2023,https://www.riksbank.se/en-gb/monetary-policy/monetary-policy-report/2023/monetary-policy-report-february-2023/,data\RIKSBANK\Monetary Policy\2023-06-01 - Monetary Policy Report February 2023.txt,false,hike,0.0,,0.75,
RIKSBANK,2023-06-01,RIKSBANK_2023_06_C,medium,True,confidence < 0.7; policy_rate_after missing; keyword extraction,hold,0.0,,0.5,explicit_unchanged_keyword,hike,,,0.75,strong hike keyword,\bdecided\s+to\s+(?:increase|raise)\b,"ly than expected. The Riksbank’s policy rate increases are having an effect, but for inflation to return to the target of 2 per cent within a reasonable period of time, monetary policy needs to be tightened further. The Executive Board has therefore decided to raise the policy rate by 0.25 percentage points to 3.75 per cent. The forecast is for the policy rate to be increased at least one more time this year. The Executive Board has also decided to increase the pace of government bond sales from SEK 3.5 billion","BANK: RIKSBANK CATEGORY: Monetary Policy TITLE: Monetary Policy Report June 2023 DATE: 01/06/2023 SPEAKER: SPEAKER ROLE: SOURCE URL: https://www.riksbank.se/en-gb/monetary-policy/monetary-policy-report/2023/monetary-policy-report-june-2023/ DOCUMENT TYPE: html ==== EXTRACTED TEXT START ==== Monetary Policy Report, June 2023 Inflation is falling but is still far too high. New information, such as service prices rising unexpectedly rapidly and a weaker krona, indicates that inflation is declining more slowly than expected. The Riksbank’s policy rate increases are having an effect, but for inflation to return to the target of 2 per cent within a reasonable period of time, monetary policy needs to be tightened further. The Executive Board has therefore decided to raise the policy rate by 0.25 percentage points to 3.75 per cent. The forecast is for the policy rate to be increased at least one more time this year. The Executive Board has also decided to increase the pace of government bond sales from SEK 3.5 billion to 5 billion per month with effect from September this year. Email Share by email - Open in new window facebook Share on Facebook - Open in new window Linkedin Share on LinkedIn - Open in new window bluesky Share on Bluesky - Open in new window copy url Share on Twitter - Open in new window What is the policy rate? Policy rate 3.75 % Applies from 5 July 2023 Policy rate, table The monetary policy decision including the policy rate The Executive Board's monetary policy decision from the meeting on 28 June 2023 is summarised in a press release: The Riksbank raises the policy rate by 0.25 percentage points and increases the pace of government bond sales Monetary policy decision document June 2023: Decision on the policy rate and government bo",full_context_loaded,DOC_C29C8407FA7C,Monetary Policy Report June 2023,https://www.riksbank.se/en-gb/monetary-policy/monetary-policy-report/2023/monetary-policy-report-june-2023/,data\RIKSBANK\Monetary Policy\2023-06-01 - Monetary Policy Report June 2023.txt,false,hike,0.0,,0.75,
RIKSBANK,2023-06-01,RIKSBANK_2023_06_D,medium,True,confidence < 0.7; policy_rate_after missing; keyword extraction,hold,0.0,,0.5,explicit_unchanged_keyword,,,,0.0,,,,"BANK: RIKSBANK CATEGORY: Monetary Policy TITLE: Monetary Policy Report November 2023 DATE: 01/06/2023 SPEAKER: SPEAKER ROLE: SOURCE URL: https://www.riksbank.se/en-gb/monetary-policy/monetary-policy-report/2023/monetary-policy-report-november-2023/ DOCUMENT TYPE: html ==== EXTRACTED TEXT START ==== Monetary Policy Report, November 2023 Inflation is still too high and there are still risks that it will not continue falling fast enough and stabilise at the target. But inflation has fallen and inflationary pressures have clearly eased. The Executive Board has decided to hold the policy rate unchanged at 4 per cent. The Executive Board assesses that monetary policy needs to be contractionary and is prepared to raise the policy rate further if inflation prospects deteriorate. Email Share by email - Open in new window facebook Share on Facebook - Open in new window Linkedin Share on LinkedIn - Open in new window bluesky Share on Bluesky - Open in new window copy url Share on Twitter - Open in new window What is the policy rate? Policy rate 4.00 % Applies from 29 November 2023 Policy rate, table The monetary policy decision including the policy rate The Executive Board's monetary policy decision from the meeting on 22 November 2023 is summarised in a press release: Policy rate held unchanged at 4 per cent Monetary policy decision document November 2023: Policy rate decision Read the Monetary Policy Report in full: Monetary Policy Report November 2023 In brief - Monetary policy November 2023 Inflation is still too high and there are still risks that it will not continue falling fast enough and stabilise at the target. But inflation has fallen and inflationary pressures have clearly eased. The Executive Board has decided to hold the policy rate unchanged at 4 per cent. The Executive Board assesses that monetary policy needs to remain contractionary and is prepared to raise the policy rate further if inflation prospects deteriorate. Monetary policy has contributed to inflationary pressures in the Swedish economy being on their way down: the short-term rate of increase in consumer prices is lower than before and companies are making downward adjustments to their plans to raise prices. However, inflation remains too high and there are still risks that it will not fall fast enough going forward. Prices for services are increasing at a rapid pace and contributing significantly to total inflation. In addition, the krona is still unjustifiably weak, which is holding up th",full_context_loaded,DOC_EED2D6ABB111,Monetary Policy Report November 2023,https://www.riksbank.se/en-gb/monetary-policy/monetary-policy-report/2023/monetary-policy-report-november-2023/,data\RIKSBANK\Monetary Policy\2023-06-01 - Monetary Policy Report November 2023.txt,false,hold,0.0,,0.5,
RIKSBANK,2023-06-01,RIKSBANK_2023_06_E,medium,True,confidence < 0.7; policy_rate_after missing; keyword extraction,hold,0.0,,0.5,explicit_unchanged_keyword,,,,0.0,,,,"BANK: RIKSBANK CATEGORY: Speeches TITLE: Erik Thedeen My View Of Monetary Policy DATE: 01/06/2023 SPEAKER: Erik Thedéen SPEAKER ROLE: SOURCE URL: https://www.riksbank.se/en-gb/press-and-published/speeches-and-presentations/2023/erik-thedeen-my-view-of-monetary-policy/ DOCUMENT TYPE: html ==== EXTRACTED TEXT START ==== Erik Thedéen: My view of monetary policy Today, Governor Erik Thedéen held a speech at Nordea in Stockholm regarding his view of monetary policy. In his speech, he emphasized the importance of inflation showing a clear downturn this year. This is not least to maintain confidence in the inflation target as an anchor for households’ and companies’ expectations. Date: 23/03/2023 15:00 Speaker: Governor Erik Thedéen Place: Nordea Email Share by email - Open in new window facebook Share on Facebook - Open in new window Linkedin Share on LinkedIn - Open in new window bluesky Share on Bluesky - Open in new window copy url Share on Twitter - Open in new window Published 23/03/2023 Mr Thedéen began his speech by commenting on the recent banking unease that arose after a couple of US niche banks recently faced liquidity problems and collapsed, which was followed by problems in Swiss bank Credit Suisse. “Although the situation has become a little calmer, there is underlying concern that the problems will spread to other banks and further into the financial system. I think it is necessary to have a sensible but also sensitive attitude towards the risks. At the moment, the likelihood of an international financial crisis seems slight, and so does the likelihood of contagion effects to Sweden. There is a major difference between the banks that have been affected and the Swedish banks, which have high profitability, good liquidity and relatively large capital buffers. However, the financial system is closely interwoven at a global level, and there is every reason to be vigilant.” He went on to note that the inflation figures he is now seeing as newly appointed Governor are the same as he saw as a new Economics graduate, during his first job at the Riksbank in 1990. However, the reasons for the high inflation then and now differ and, according to Mr Thedéen, the conditions for addressing the situation are much better today. “One important reason for this is the reforms in wage formation and the economic policy frameworks that Sweden implemented in the mid-1990s. The inflation target and the transition to an independent central bank with a strong mandate to ma",full_context_loaded,DOC_157C131A3AC6,Erik Thedeen My View Of Monetary Policy,https://www.riksbank.se/en-gb/press-and-published/speeches-and-presentations/2023/erik-thedeen-my-view-of-monetary-policy/,data\RIKSBANK\Speeches\2023-06-01 - Erik Thedéen - Erik Thedeen My View Of Monetary Policy.txt,false,hold,0.0,,0.5,
RIKSBANK,2024-06-01,RIKSBANK_2024_06_B,medium,True,confidence < 0.7; policy_rate_after missing; keyword extraction,hold,0.0,,0.5,explicit_unchanged_keyword,,,,0.0,,,,"BANK: RIKSBANK CATEGORY: Monetary Policy TITLE: Monetary Policy Decision December 2024 DATE: 01/06/2024 SPEAKER: SPEAKER ROLE: SOURCE URL: https://www.riksbank.se/en-gb/monetary-policy/monetary-policy-report/2024/monetary-policy-decision-december-2024/ DOCUMENT TYPE: html ==== EXTRACTED TEXT START ==== Monetary policy decision December 2024 Published 19 December 2024 Email Share by email - Open in new window facebook Share on Facebook - Open in new window Linkedin Share on LinkedIn - Open in new window bluesky Share on Bluesky - Open in new window copy url Share on Twitter - Open in new window The decision in brief The policy rate is cut by 0.25 percentage points to 2.5 per cent. If the outlook remains unchanged, the policy rate may be cut once again in the first half of 2025. Inflationary pressures are in line with 2 per cent and inflation is expected to be close to target in the coming years. The Swedish economy is in a mild recession, but economic activity is expected to strengthen next year. Read more: Press release Read more: Monetary Policy Report, December 2024 Policy rate 2.50% Applies from 8 January 2025 Decision documentation Press release 19 December 2024: Policy rate cut by 0.25 percentage points to 2.5 per cent pdf 661,4 kB Monetary Policy Report December 2024 pdf 5,2 MB Monetary policy decision December 2024, Policy rate decision pdf 647,9 kB Numerical data, Monetary Policy Report December 2024 xlsx 767,6 kB Outcomes and forecasts, December 2024 xlsx 571,1 kB Slides from the press conference 19 December 2024 pdf 2,2 MB Minutes of the Monetary Policy Meeting held on 18 December 2024 pdf 1,1 MB Voting by the Executive Board on interest rate decisions xlsx 168.4 kB What is the forecast for the policy rate? The figure below shows the outcomes for the policy rate (solid line) and the Executive Board’s assessment of the policy rate in the coming three quarters (dashed line). Policy rate (per cent) , published on 19 December 2024 Outcomes for the policy rate are daily data and forecasts refer to quarterly values. Read more about the forecast for the policy rate in the Monetary Policy Report. Note: The figure illustrates the decision in December 2024 by changing the policy rate in connection with the decision. Due to the Christmas and New Year holidays, the new policy rate was not implemented in practice until 8 January 2025. Source: The Riksbank. Next monetary policy decision? The next monetary policy meeting will take place on 28 January 2025 and i",full_context_loaded,DOC_795B2B6F0692,Monetary Policy Decision December 2024,https://www.riksbank.se/en-gb/monetary-policy/monetary-policy-report/2024/monetary-policy-decision-december-2024/,data\RIKSBANK\Monetary Policy\2024-06-01 - Monetary Policy Decision December 2024.txt,false,hold,0.0,,0.5,
RIKSBANK,2024-06-01,RIKSBANK_2024_06_C,medium,True,confidence < 0.7; policy_rate_after missing; keyword extraction,hold,0.0,,0.5,explicit_unchanged_keyword,hold,0.0,,0.75,strong hold keyword,"\b(left unchanged|kept unchanged|decided to maintain|decided to keep|no change to the policy rate|maintain the target range|target range\s+at\s+[0-9].{0,40}?to\s+[0-9])\b","Open in new window facebook Share on Facebook - Open in new window Linkedin Share on LinkedIn - Open in new window bluesky Share on Bluesky - Open in new window copy url Share on Twitter - Open in new window The decision in brief The policy rate is left unchanged at 4 per cent. It is likely that it will be cut earlier than was indicated in November. Inflation has continued to fall, but there is a risk of setbacks. The slowdown in the Swedish economy is continuing and the labour market is weakening. Read more","BANK: RIKSBANK CATEGORY: Monetary Policy TITLE: Monetary Policy Decision February 2024 DATE: 01/06/2024 SPEAKER: SPEAKER ROLE: SOURCE URL: https://www.riksbank.se/en-gb/monetary-policy/monetary-policy-report/2024/monetary-policy-decision-february-2024/ DOCUMENT TYPE: html ==== EXTRACTED TEXT START ==== Monetary policy decision February 2024 Published 1 February 2024 Email Share by email - Open in new window facebook Share on Facebook - Open in new window Linkedin Share on LinkedIn - Open in new window bluesky Share on Bluesky - Open in new window copy url Share on Twitter - Open in new window The decision in brief The policy rate is left unchanged at 4 per cent. It is likely that it will be cut earlier than was indicated in November. Inflation has continued to fall, but there is a risk of setbacks. The slowdown in the Swedish economy is continuing and the labour market is weakening. Read more: Press release Read more: Monetary policy update February 2024 Policy rate 4.00% Applies from 7 February 2024 Decision documentation Press release: Policy rate unchanged at 4 per cent pdf 693,6 kB Monetary policy update February 2024 pdf 1,3 MB Numerical data, Monetary Policy Update February 2024 xlsx 679,6 kB Monetary policy decision February 2024, Policy rate decision and government bond sales pdf 974,3 kB Slides from the press conference 1 February 2024 pdf 3,4 MB Minutes of the Monetary Policy Meeting held on 31 January 2024 pdf 741,4 kB Voting by the Executive Board on interest rate decisions xlsx 168.4 kB Next monetary policy decision? The next monetary policy meeting will take place on 26 March 2024 and information on the monetary p",full_context_loaded,DOC_85FAD8810109,Monetary Policy Decision February 2024,https://www.riksbank.se/en-gb/monetary-policy/monetary-policy-report/2024/monetary-policy-decision-february-2024/,data\RIKSBANK\Monetary Policy\2024-06-01 - Monetary Policy Decision February 2024.txt,false,hold,0.0,,0.75,
RIKSBANK,2024-06-01,RIKSBANK_2024_06_D,medium,True,confidence < 0.7; policy_rate_after missing; keyword extraction,hold,0.0,,0.5,explicit_unchanged_keyword,,,,0.0,,,,"BANK: RIKSBANK CATEGORY: Monetary Policy TITLE: Monetary Policy Decision June 2024 DATE: 01/06/2024 SPEAKER: SPEAKER ROLE: SOURCE URL: https://www.riksbank.se/en-gb/monetary-policy/monetary-policy-report/2024/monetary-policy-decision-june-2024/ DOCUMENT TYPE: html ==== EXTRACTED TEXT START ==== Monetary policy decision June 2024 Published 27 June 2024 Email Share by email - Open in new window facebook Share on Facebook - Open in new window Linkedin Share on LinkedIn - Open in new window bluesky Share on Bluesky - Open in new window copy url Share on Twitter - Open in new window The decision in brief Policy rate unchanged at 3.75 per cent. If inflation outlook remains the same, it can be cut two or three times during the second half of the year. Inflation is close to target and expected to remain so even in the slightly longer term. However, the outlook for inflation is uncertain. Economic activity is recovering from a weak starting point. The labour market will continue to weaken for some time to come. Read more: Press release Read more: Monetary Policy Report, June 2024 Policy rate 3.75% Applies from 3 July 2024 Decision documentation Press release: Policy rate unchanged at 3.75 per cent pdf 662,5 kB Monetary Policy Report June 2024 pdf 4,3 MB Monetary policy decision June 2024, Policy rate decision pdf 690,6 kB Numerical data, Monetary Policy Report June 2024 xlsx 1,2 MB Outcome and forecasts, June 2024 xlsx 544,1 kB Slides from the press conference 27 June 2024 pdf 2,1 MB Minutes of the Monetary Policy Meeting held on 26 June 2024 pdf 945,5 kB Voting by the Executive Board on interest rate decisions xlsx 168.4 kB What is the forecast for the policy rate? The figure below shows the outcomes for the policy rate (solid line) and the Executive Board’s assessment of the policy rate in the coming three quarters (dashed line). Policy rate (per cent) , published on 27 June 2024 Outcomes for the policy rate are daily data and forecasts refer to quarterly values. Read more about the forecast for the policy rate in the Monetary Policy Report. Source: The Riksbank. Next monetary policy decision? The next monetary policy meeting will take place on 19 August 2024 and information on the monetary policy decision, including the policy rate, will be communicated the day after, 20 August 2024. Do you want to know more? Policy rate, deposit and lending rate What is inflation? How is inflation measured? How monetary policy affects inflation Related content Staff memo: What",full_context_loaded,DOC_1F719FD3A09B,Monetary Policy Decision June 2024,https://www.riksbank.se/en-gb/monetary-policy/monetary-policy-report/2024/monetary-policy-decision-june-2024/,data\RIKSBANK\Monetary Policy\2024-06-01 - Monetary Policy Decision June 2024.txt,false,hold,0.0,,0.5,
RIKSBANK,2024-06-01,RIKSBANK_2024_06_E,medium,True,confidence < 0.7; policy_rate_after missing; keyword extraction,hold,0.0,,0.5,explicit_unchanged_keyword,,,,0.0,,,,"BANK: RIKSBANK CATEGORY: Monetary Policy TITLE: Monetary Policy Decision March 2024 DATE: 01/06/2024 SPEAKER: SPEAKER ROLE: SOURCE URL: https://www.riksbank.se/en-gb/monetary-policy/monetary-policy-report/2024/monetary-policy-decision-march-2024/ DOCUMENT TYPE: html ==== EXTRACTED TEXT START ==== Monetary policy decision March 2024 Published 27 March 2024 Email Share by email - Open in new window facebook Share on Facebook - Open in new window Linkedin Share on LinkedIn - Open in new window bluesky Share on Bluesky - Open in new window copy url Share on Twitter - Open in new window The decision in brief The policy rate is held unchanged at 4 per cent. It can probably be cut in May or June. Inflation has continued to fall and is approaching 2 per cent, but there is a risk of setbacks. The economic downturn is expected to be relatively short-lived. Read more: Press release Read more: Monetary Policy Report, March 2024 Policy rate 4.00% Applies from 3 April 2024 Decision documentation Press release: Policy rate unchanged at 4 per cent pdf 642 kB Monetary Policy Report March 2024 pdf 4,6 MB Numerical data, Monetary Policy Report March 2024 xlsx 2,2 MB Forecasts and outcomes, March 2024 xlsx 543,9 kB Monetary policy decision March 2024, Policy rate decision pdf 434,8 kB Slides from the press conference 27 March 2024 pdf 2,3 MB Minutes of the Monetary Policy Meeting held on 26 March 2024 pdf 837,1 kB Voting by the Executive Board on interest rate decisions xlsx 168.4 kB Next monetary policy decision? The next monetary policy meeting will take place on 7 May 2024 and information on the monetary policy decision, including the policy rate, will be communicated the day after, 8 May 2024. Do you want to know more? Policy rate, deposit and lending rate What is inflation? How is inflation measured? How monetary policy affects inflation Related content Economic Commentary: Structural factors determine interest rates in the longer run Economic Commentary: What drove the major fluctuations in deposits between 2020 and 2023 Statistics: Forecasts and outcomes Was this information helpful? After your answear a textbox appears Yes No Do you want to leave a comment? Submit Thanks for your feedback! Your comment could not be sent, please try again later",full_context_loaded,DOC_E744097131A3,Monetary Policy Decision March 2024,https://www.riksbank.se/en-gb/monetary-policy/monetary-policy-report/2024/monetary-policy-decision-march-2024/,data\RIKSBANK\Monetary Policy\2024-06-01 - Monetary Policy Decision March 2024.txt,false,hold,0.0,,0.5,
RIKSBANK,2024-06-01,RIKSBANK_2024_06_G,medium,True,confidence < 0.7; policy_rate_after missing; keyword extraction,hold,0.0,,0.5,explicit_unchanged_keyword,,,,0.0,,,,"BANK: RIKSBANK CATEGORY: Monetary Policy TITLE: Monetary Policy Decision November 2024 DATE: 01/06/2024 SPEAKER: SPEAKER ROLE: SOURCE URL: https://www.riksbank.se/en-gb/monetary-policy/monetary-policy-report/2024/monetary-policy-decision-november-2024/ DOCUMENT TYPE: html ==== EXTRACTED TEXT START ==== Monetary policy decision November 2024 Published 7 November 2024 Email Share by email - Open in new window facebook Share on Facebook - Open in new window Linkedin Share on LinkedIn - Open in new window bluesky Share on Bluesky - Open in new window copy url Share on Twitter - Open in new window The decision in brief The policy rate is cut by 0.5 percentage points to 2.75 per cent. If the inflation outlook remains unchanged, the policy rate can also be cut in December. Inflationary pressures have fallen and are now assessed to be compatible with an inflation rate in line with the target. However, the outlook for inflation is uncertain. GDP and the labour market have performed weakly, but economic activity is expected to strengthen next year. Read more: Press release Read more: Monetary policy update November 2024 Policy rate 2.75% Applies from 13 November 2024 Decision documentation Press release: Policy rate cut by 0.5 percentage points to 2.75 per cent pdf 640,1 kB Monetary Policy Update November 2024 pdf 1,5 MB Monetary policy decision November 2024, Policy rate decision pdf 644,1 kB Numerical data, Monetary Policy Update November 2024 xlsx 154,2 kB Slides from the press conference 7 November 2024 pdf 2,5 MB Minutes of the Monetary Policy Meeting held on 6 November 2024 pdf 926,7 kB Voting by the Executive Board on interest rate decisions xlsx 168.4 kB Next monetary policy decision? The next monetary policy meeting will take place on 18 December 2024 and information on the monetary policy decision, including the policy rate, will be communicated the day after, 19 December 2024. Do you want to know more? Policy rate, deposit and lending rate What is inflation? How is inflation measured? How monetary policy affects inflation Related content Riksbank decides on long-term holding of government bonds of SEK 20 billion Was this information helpful? After your answear a textbox appears Yes No Do you want to leave a comment? Submit Thanks for your feedback! Your comment could not be sent, please try again later",full_context_loaded,DOC_3DEE296ACAA4,Monetary Policy Decision November 2024,https://www.riksbank.se/en-gb/monetary-policy/monetary-policy-report/2024/monetary-policy-decision-november-2024/,data\RIKSBANK\Monetary Policy\2024-06-01 - Monetary Policy Decision November 2024.txt,false,hold,0.0,,0.5,
RIKSBANK,2024-06-01,RIKSBANK_2024_06_H,medium,True,confidence < 0.7; policy_rate_after missing; keyword extraction,hold,0.0,,0.5,explicit_unchanged_keyword,,,,0.0,,,,"BANK: RIKSBANK CATEGORY: Monetary Policy TITLE: Monetary Policy Decision September 2024 DATE: 01/06/2024 SPEAKER: SPEAKER ROLE: SOURCE URL: https://www.riksbank.se/en-gb/monetary-policy/monetary-policy-report/2024/monetary-policy-decision-september-2024/ DOCUMENT TYPE: html ==== EXTRACTED TEXT START ==== Monetary policy decision September 2024 Published 25 September 2024 Email Share by email - Open in new window facebook Share on Facebook - Open in new window Linkedin Share on LinkedIn - Open in new window bluesky Share on Bluesky - Open in new window copy url Share on Twitter - Open in new window The decision in brief The policy rate is cut by 0.25 percentage points to 3.25 per cent. If the inflation outlook remains unchanged, the rate can also be cut in November and December this year. Inflationary pressures have fallen and are now assessed to be compatible with an inflation rate of around 2 per cent. However, the outlook for inflation is uncertain. GDP and the labour market have performed weakly. Low and stable inflation and falling interest rates are expected to contribute to stronger economic activity next year. Read more: Press release Read more: Monetary Policy Report, September 2024 Policy rate 3.25% Applies from 2 October 2024 Decision documentation Press release 25 September 2024: Policy rate cut by 0.25 percentage points to 3.25 per cent pdf 664,1 kB Monetary Policy Report September 2024 pdf 4,3 MB Monetary policy decision September 2024, Policy rate decision pdf 641 kB Numerical data, Monetary Policy Report September 2024 xlsx 786,8 kB Outcomes and forecasts, September 2024 xlsx 538,1 kB Slides from the press conference 25 September 2024 pdf 2,2 MB Minutes of the Monetary Policy Meeting held on 24 September 2024 pdf 833,8 kB Voting by the Executive Board on interest rate decisions xlsx 168.4 kB What is the forecast for the policy rate? The figure below shows the outcomes for the policy rate (solid line) and the Executive Board’s assessment of the policy rate in the coming three quarters (dashed line). Policy rate (per cent) , published on 25 September 2024 Outcomes for the policy rate are daily data and forecasts refer to quarterly values. Read more about the forecast for the policy rate in the Monetary Policy Report. Source: The Riksbank. Next monetary policy decision? The next monetary policy meeting will take place on 6 November 2024 and information on the monetary policy decision, including the policy rate, will be communicated the day afte",full_context_loaded,DOC_150E3562AC77,Monetary Policy Decision September 2024,https://www.riksbank.se/en-gb/monetary-policy/monetary-policy-report/2024/monetary-policy-decision-september-2024/,data\RIKSBANK\Monetary Policy\2024-06-01 - Monetary Policy Decision September 2024.txt,false,hold,0.0,,0.5,
RIKSBANK,2025-06-01,RIKSBANK_2025_06_H,medium,True,confidence < 0.7; policy_rate_after missing; keyword extraction,hold,0.0,,0.5,explicit_unchanged_keyword,,,,0.0,,,,"BANK: RIKSBANK CATEGORY: Speeches TITLE: Anna Breman Monetary Policy Contributes To Stability In A Turbulent World DATE: 01/06/2025 SPEAKER: Presentation SPEAKER ROLE: SOURCE URL: https://www.riksbank.se/en-gb/press-and-published/speeches-and-presentations/2025/anna-breman-monetary-policy-contributes-to-stability-in-a-turbulent-world/ DOCUMENT TYPE: html ==== EXTRACTED TEXT START ==== Anna Breman: Monetary policy contributes to stability in a turbulent world Presentation “Overall, the outlook for inflation and economic activity still largely holds, despite the turbulence abroad. That is why I supported an unchanged policy rate at our most recent monetary policy meeting. But I wish to emphasise that we are vigilant of events that risk leading to an inflation rate that is persistently too high or too low and that we will act if the outlook changes.” This comment was made by First Deputy Governor Anna Breman, speaking today at DNB in Stockholm. Date: 27/03/2025 12:00 Speaker: First Deputy Governor Anna Breman Place: DNB, Stockholm Email Share by email - Open in new window facebook Share on Facebook - Open in new window Linkedin Share on LinkedIn - Open in new window bluesky Share on Bluesky - Open in new window copy url Share on Twitter - Open in new window Published 27/03/2025 Anna Breman, First Deputy Governor. Ms Breman began by saying that the dramatic developments abroad could lead to higher inflation and lower growth in the Swedish economy. Increased trade barriers can contribute to higher inflation, at least in the short term. However, at the same time, inflationary pressures could be dampened by weaker demand, lower energy prices and a stronger krona. Swedish growth is also being supported by the Riksbank's interest rate cuts, rising real wages and extensive defence spending in Sweden and Europe. “Inflation has been higher than expected in recent months. The upturn is explained by factors that monetary policy would normally disregard; new weights in the CPI basket, rents and administrative prices that reflect earlier price increases. Inflation is expected to fall back next year. But we need to be extremely vigilant and to act if forward-looking indicators point to inflation being lastingly above the target.” Ms Breman also highlighted the fact that food prices have risen more than expected in recent months and that food prices are the price category for which the price level has risen the most in recent years. “Food is a necessity, which means that ho",full_context_loaded,DOC_4CDF88BC148F,Anna Breman Monetary Policy Contributes To Stability In A Turbulent World,https://www.riksbank.se/en-gb/press-and-published/speeches-and-presentations/2025/anna-breman-monetary-policy-contributes-to-stability-in-a-turbulent-world/,data\RIKSBANK\Speeches\2025-06-01 - Presentation - Anna Breman Monetary Policy Contributes To Stability In A Turbulent World.txt,false,hold,0.0,,0.5,
BOC,2024-06-07,BOC_2024_06_B,medium,True,policy_rate_after missing,cut,-25.0,,0.8,explicit_bps_change,,,,0.0,,,,"BANK: BOC CATEGORY: Monetary Policy TITLE: Monetary Policy Report DATE: 07/06/2024 SPEAKER: SPEAKER ROLE: SOURCE URL: https://www.bankofcanada.ca/publications/mpr/mpr-2024-07/ DOCUMENT TYPE: html ==== EXTRACTED TEXT START ==== Monetary Policy Report July 2024 Monetary Policy Report-July 2024 Data available as: CSV , JSON and XML Available as: PDF Monetary policy is working to reduce price pressures in the Canadian economy. Core inflation is expected to ease gradually, while the path of CPI inflation will be bumpy. Choose another section to view Overview Current conditions Outlook Global economy Projections Risks Drivers of inflation in core goods and services How newcomers impact the Canadian economy Bank of Canada reduces policy rate by 25 basis points to 4½% The Bank of Canada today reduced its target for the overnight rate to 4½%, with the Bank Rate at 4¾% and the deposit rate at 4½%. The Bank is continuing its policy of balance sheet normalization. Overview Consumer price index (CPI) inflation in Canada is moving closer to the 2% target. Inflation is no longer broad-based, and measures of core inflation have eased significantly. However, some pressures remain, particularly in prices for services. Progress back to target is expected to be uneven. See details in the Projections section. A modern browser with javascript enabled is required to view our charts. Alternatively, the data is available for download in: XML JSON CSV Canadian economy Economic growth in Canada has picked up but is weak relative to population growth. Consumer spending per person has been declining, and residential investment has been subdued. Strong population growth has added to the supply of workers, and the labour market has cooled significantly. The ongoing excess supply in the economy is expected to pull inflation down. Other indicators also point to lower inflation going forward. Inflation expectations have generally fallen, and businesses have gone back to their normal ways of setting prices. Wage growth, however, remains elevated. Inflation in the services most affected by wages is proving persistent. And rent and mortgage interest costs are keeping inflation in shelter prices high. Find out more in the Current conditions section. Outlook Canada’s economy is expected to strengthen in the second half of 2024 and into 2025. Growth in exports is anticipated to pick up. Household spending should strengthen as borrowing costs come down. Population growth is projected to slow beca",full_context_loaded,DOC_DDE4C277C3C8,Monetary Policy Report,https://www.bankofcanada.ca/publications/mpr/mpr-2024-07/,data\BOC\Monetary Policy\2024-06-07 - Monetary Policy Report.txt,false,cut,-25.0,,0.8,
BOE,2022-06-01,BOE_2022_06_A,medium,True,policy_rate_after missing,hike,75.0,,0.8,explicit_bps_change,hike,75.0,,0.85,explicit hike bps,"\b(raised|increased|lifted|tightened)\b.{0,90}?\bby\s+([0-9]+(?:\.[0-9]+)?)\s+(?:basis points|bps)\b","gricultural and livestock S&P Commodity Index and the ‘Oil’ series is based on US dollar Brent forward prices for delivery in 10-25 days’ time. Bank of England Page 43 Many central banks have continued to tighten monetary policy. In the US, the FOMC increased the target range for the federal funds rate by 75 basis points in both June and July to 2.25%-2.50%, following a 50 basis points rise in May. These were the largest increases in a single meeting since 1994. At its June meeting, the ECB Governing Council announced an end to its net asset purchases as of 1 July 2","Index, have fallen back from their peaks. And there are some signs of a gradual slowdown in US goods consumption. In the MPC’s baseline projection, higher gas prices and upward pressure from global bottlenecks are expected to keep global inflationary pressures strong in the near term. As these pressures then fade, four-quarter world export price growth is projected to fall sharply over the next year (Section 1). Chart 2.5: Oil, agricultural and metals prices have fallen back US dollar commodity prices (a) Sources: Bloomberg Finance L.P., Refinitiv Eikon from LSEG, S&P indices and Bank calculations. (a) Daily data to 26 July. Calculated using S&P GSCI US dollar commodity price indices, the ‘Agricultural goods’ series is based on the total agricultural and livestock S&P Commodity Index and the ‘Oil’ series is based on US dollar Brent forward prices for delivery in 10-25 days’ time. Bank of England Page 43 Many central banks have continued to tighten monetary policy. In the US, the FOMC increased the target range for the federal funds rate by 75 basis points in both June and July to 2.25%-2.50%, following a 50 basis points rise in May. These were the largest increases in a single meeting since 1994. At its June meeting, the ECB Governing Council announced an end to its net asset purchases as of 1 July 2022 and, at its July meeting, it increased its key interest rates by 50 basis points, the first rate rises since 2011. In June, the MPC voted to increase Bank Rate for the fifth consecutive meeting, by 25 basis points, to 1.25%. Market-implied expectations for policy rates have risen since the May Report (Chart 2.7). The market-implied path in the euro area over the next three years is 25 basis points higher on average than in the run up to the May Report, rising to 1.5% in 2025. The Chart 2.6: Indicators of supply chain constraints point to continuing disruption, although supply constraints in China have eased Indicators of supply constraints (a) Sources: IHS Markit, JPMorgan, Refinitiv Eikon from LSEG and Bank calculations. (a) Indicators",full_context_loaded,DOC_559C176C2AB6,Monetary Policy Report - August 2022,https://www.bankofengland.co.uk/-/media/boe/files/monetary-policy-report/2022/august/monetary-policy-report-august-2022.pdf,data\BOE\Monetary Policy\2022-06-01 - Monetary Policy Report - August 2022.txt,false,hike,75.0,,0.85,
BOE,2022-06-01,BOE_2022_06_C,medium,True,policy_rate_after missing,hike,25.0,,0.8,explicit_bps_change,hike,25.0,1.0,0.95,explicit hike bps,\b(?:raise|increase)\s+(?:the\s+)?(?:policy rate|cash rate target|official cash rate|bank rate)\s+by\s+([0-9]+(?:\.[0-9]+)?)\s+(?:basis points|bps)\b,"increased the target range for the federal funds rate to 0.25%-0.50%. At its March meeting, the ECB Governing Council left its key policy interest rates unchanged but announced a faster reduction in the pace of net asset purchases. The MPC voted to increase Bank Rate by 25 basis points, to 0.75%, at its March meeting. The stock of purchased assets has fallen slightly since February, reflecting the MPC’s previous decision to cease reinvesting maturing assets. Market-implied expectations of policy rates have risen further since the","kraine. GDP growth is expected to be weaker in the US and China, despite these economies’ lower exposure to the energy price rises caused by the war. Tighter financial conditions, partly due to the higher market- implied path for US policy rates, drags on US growth in the near term, while growth in China weakens as Covid lockdowns reduce activity. …and, in addition to Covid-related lockdowns in China, has exacerbated disruptions to supply chains. These are expected to raise inflation across countries in the near term… …and have resulted in a deterioration in the near-term outlook for global growth. Bank of England Page 41 Some central banks have continued to tighten monetary policy. In the US, the FOMC ended net asset purchases in March and increased the target range for the federal funds rate to 0.25%-0.50%. At its March meeting, the ECB Governing Council left its key policy interest rates unchanged but announced a faster reduction in the pace of net asset purchases. The MPC voted to increase Bank Rate by 25 basis points, to 0.75%, at its March meeting. The stock of purchased assets has fallen slightly since February, reflecting the MPC’s previous decision to cease reinvesting maturing assets. Market-implied expectations of policy rates have risen further since the February Report (Chart 2.6). On average, expected US policy rates are around 140 basis points higher over the next three years with a peak of around 3.2% in 2023. Chart 2.6: Market participants’ expectations for policy rates are higher than in February International forward interest rates (a) (b) Sources: Bloomberg Finance L.P. and Bank calculations. (a) All data as of 26 April 2022. The May and February curves are estimated using instantaneous forward overnight swap rates in the 15 working days to 26 April 2022 and 26 January 2022 respectively. (b) Federal funds rate is the upper bound of the target range. Some central banks have tightened monetary policy since the last Report… …and market-implied expectations of policy rates have risen si",full_context_loaded,DOC_0CE4F50B3860,Monetary Policy Report - May 2022,https://www.bankofengland.co.uk/-/media/boe/files/monetary-policy-report/2022/may/monetary-policy-report-may-2022.pdf,data\BOE\Monetary Policy\2022-06-01 - Monetary Policy Report - May 2022.txt,false,hike,25.0,1.0,0.95,
BOE,2022-06-01,BOE_2022_06_D,medium,True,policy_rate_after missing,hike,75.0,,0.8,explicit_bps_change,hike,75.0,,0.85,explicit hike bps,"\b(raised|increased|lifted|tightened)\b.{0,90}?\bby\s+([0-9]+(?:\.[0-9]+)?)\s+(?:basis points|bps)\b","ng 2023 (Section 1). Many central banks have continued to tighten policy. This has been against the backdrop of elevated inflation rates which have been partly driven by a range of global factors (see Box E in the August Report). In the US, the FOMC increased the target range for the federal funds rate by 75 basis points to 3.00%-3.25% in September. The FOMC anticipated that ongoing increases in the target range would be appropriate. At its October meeting, the ECB Governing Council increased its key interest rates by a further 75 basis points, following a similar h","llow their futures curves, four-quarter world export price inflation is projected to Chart 2.4: Inflation remains elevated in the UK, US and euro area Contributions to annual consumer price inflation (a) Sources: Eurostat, ONS, Refinitiv Eikon from LSEG, US Bureau of Economic Analysis, US Bureau of Labor Statistics and Bank calculations. (a) Energy includes fuel and household energy bills. Other goods is the difference between overall inflation and the other contributions identified on the chart, and therefore includes alcohol and tobacco. The latest data are September 2022 outturns. An easing of global bottlenecks and the fall in commodity prices should help to reduce global inflationary pressures. Bank of England Page 44 fall sharply during 2023 (Section 1). Many central banks have continued to tighten policy. This has been against the backdrop of elevated inflation rates which have been partly driven by a range of global factors (see Box E in the August Report). In the US, the FOMC increased the target range for the federal funds rate by 75 basis points to 3.00%-3.25% in September. The FOMC anticipated that ongoing increases in the target range would be appropriate. At its October meeting, the ECB Governing Council increased its key interest rates by a further 75 basis points, following a similar hike in September. The Governing Council had expected to raise interest rates further, and had noted that substantial progress had been made in withdrawing monetary policy accommodation. Market-implied expectations for policy rates in the US and euro area have risen sharply since August (Chart 2.7). The path for policy rates in the US reaches a peak of just over 4¾% in 2023, and falls to around 3½% at the three-year horizon. In the euro area, the Chart 2.5: Oil and metals prices have fallen since August US dollar commodity prices (a) Sources: Bloomberg Finance L.P., Refinitiv Eikon from LSEG, S&P indices and Bank calculations. (a) Daily data to 25 October. Calculated using S&P GSCI US dollar commodity price indices, the ‘Agricultural goods’",full_context_loaded,DOC_9652B33D7643,Monetary Policy Report - November 2022,https://www.bankofengland.co.uk/-/media/boe/files/monetary-policy-report/2022/november/monetary-policy-report-november-2022.pdf,data\BOE\Monetary Policy\2022-06-01 - Monetary Policy Report - November 2022.txt,false,hike,75.0,,0.85,
ECB,2023-02-02,ECB_2023_02,medium,True,policy_rate_after missing,hike,50.0,,0.8,explicit_bps_change,hike,50.0,,0.85,explicit hike bps,"\b(raised|increased|lifted|tightened)\b.{0,90}?\bby\s+([0-9]+(?:\.[0-9]+)?)\s+(?:basis points|bps)\b","r. We also made it clear that this would require rates to rise to sufficiently restrictive levels, and that rate increases would happen at a steady pace. So we are making that decision in that continuity that I have tried to explain. Steady pace: we increased rates by 50 basis points in December, we increased rates by 50 basis points in early February, and we intend - which is a strong word; it’s not an absolute, irrevocable, unconditional commitment, but it’s a strong word - we intend to raise by 50 basis points, and that is wh","rates by 50 basis points. I would characterise our good discussions with an enlarged Governing Council, given that we are now 26 around the table, I would characterise them as marked by the sign of continuity and consistency. I know that I have repeated that in the course of the monetary policy statement, and I have said it before, but the expression, ‘We shall stay the course’, or ‘the Governing Council will stay the course’, is a good way to express that double principle of continuity and consistency. Continuity, because we were very clear in December that in all reasonable scenarios significant rate increases would be needed. Would be needed for what? To bring inflation back to the 2% medium-term objective that we have in a timely manner. We also made it clear that this would require rates to rise to sufficiently restrictive levels, and that rate increases would happen at a steady pace. So we are making that decision in that continuity that I have tried to explain. Steady pace: we increased rates by 50 basis points in December, we increased rates by 50 basis points in early February, and we intend - which is a strong word; it’s not an absolute, irrevocable, unconditional commitment, but it’s a strong word - we intend to raise by 50 basis points, and that is what was meant in December by this steady pace reference that you find, yet again, in the monetary policy statement. So this has been the continuity. Where we have consistency is consistency with the communication that we had back in December, and with any communication that I have expressed ever since, and it’s totally consistent with the view that we reached in a very, very large consensus today, that it should be 50 this time around, it is intended to be 50 in March. Now, you will say, ‘Well, yes, but what about after March? Does that mean that you have reached the pinnacle or the peak?’ No. We know that we have ground to cover. We know that we are not done. What we are saying is that, as we will receive projections, we will need to assess",full_context_loaded,DOC_A6685714D96C,"Christine Lagarde, Luis de Guindos: Monetary policy statement (with Q&A)",https://www.ecb.europa.eu/press/press_conference/monetary-policy-statement/2023/html/ecb.is230202~4313651089.en.html,"data\ECB\Press Conference Q&A\2023-02-02 - Christine Lagarde, Luis de Guindos_ Monetary policy statement (with Q&A).txt",false,hike,50.0,,0.85,
ECB,2023-03-16,ECB_2023_03,medium,True,policy_rate_after missing,hike,50.0,,0.8,explicit_bps_change,hike,,,0.75,strong hike keyword,\bdecided\s+to\s+(?:increase|raise)\b,"pr/date/2023/html/ecb.mp230316~aad5249f30.en.html DOCUMENT TYPE: html ==== EXTRACTED TEXT START ==== PRESS RELEASE Monetary policy decisions 16 March 2023 Inflation is projected to remain too high for too long. Therefore, the Governing Council today decided to increase the three key ECB interest rates by 50 basis points, in line with its determination to ensure the timely return of inflation to the 2% medium-term target. The elevated level of uncertainty reinforces the importance of a data-dependent approach to th","BANK: ECB CATEGORY: Monetary Policy TITLE: Monetary policy decisions DATE: 16/03/2023 SPEAKER: SPEAKER ROLE: SOURCE URL: https://www.ecb.europa.eu/press/pr/date/2023/html/ecb.mp230316~aad5249f30.en.html DOCUMENT TYPE: html ==== EXTRACTED TEXT START ==== PRESS RELEASE Monetary policy decisions 16 March 2023 Inflation is projected to remain too high for too long. Therefore, the Governing Council today decided to increase the three key ECB interest rates by 50 basis points, in line with its determination to ensure the timely return of inflation to the 2% medium-term target. The elevated level of uncertainty reinforces the importance of a data-dependent approach to the Governing Council’s policy rate decisions, which will be determined by its assessment of the inflation outlook in light of the incoming economic and financial data, the dynamics of underlying inflation, and the strength of monetary policy transmission. The Governing Council is monitoring current market tensions closely and stands ready to respond as necessary to preserve price stability and financial stability in the euro area. The euro area banking sector is resilient, with strong capital and liquidity positions. In any case, the ECB’s policy toolkit is fully equipped to provide liquidity support to the euro area financial system if needed and to preserve the smooth transmission of monetary policy. The new ECB staff macroeconomic project",full_context_loaded,DOC_29AE3F7765C9,Monetary policy decisions,https://www.ecb.europa.eu/press/pr/date/2023/html/ecb.mp230316~aad5249f30.en.html,data\ECB\Monetary Policy\2023-03-16 - Monetary policy decisions.txt,false,hike,50.0,,0.75,
ECB,2023-07-27,ECB_2023_07,medium,True,policy_rate_after missing,hike,25.0,,0.8,explicit_bps_change,hike,,,0.75,strong hike keyword,\bdecided\s+to\s+(?:increase|raise)\b,"ess conference. Inflation continues to decline but is still expected to remain too high for too long. We are determined to ensure that inflation returns to our two per cent medium-term target in a timely manner. The Governing Council therefore today decided to raise the three key ECB interest rates by 25 basis points. The rate increase today reflects our assessment of the inflation outlook, the dynamics of underlying inflation, and the strength of monetary policy transmission. The developments since our last me","νικά EL Español ES Eesti keel ET Suomi FI Français FR Gaeilge GA Hrvatski HR Magyar HU Italiano IT Lietuvių LT Latviešu LV Malti MT Nederlands NL Polski PL Português PT Română RO Slovenčina SK Slovenščina SL Svenska SV Related 27 July 2023 Combined monetary policy decisions and statement English SOURCE URL: https://www.ecb.europa.eu/press/press_conference/monetary-policy-statement/2023/html/ecb.is230727~e0a11feb2e.en.html DOCUMENT TYPE: html ==== EXTRACTED TEXT START ==== MONETARY POLICY STATEMENT PRESS CONFERENCE Christine Lagarde, President of the ECB, Luis de Guindos, Vice-President of the ECB Frankfurt am Main, 27 July 2023 Jump to the transcript of the questions and answers Good afternoon, the Vice-President and I welcome you to our press conference. Inflation continues to decline but is still expected to remain too high for too long. We are determined to ensure that inflation returns to our two per cent medium-term target in a timely manner. The Governing Council therefore today decided to raise the three key ECB interest rates by 25 basis points. The rate increase today reflects our assessment of the inflation outlook, the dynamics of underlying inflation, and the strength of monetary policy transmission. The developments since our last meeting support our expectation that inflation will drop further over the remainder of the year but will stay above target for an extended period. While some measures show signs of easing, underlying inflation remains high overall. Our past rate increases continue to be transmitted forcefully: financing conditions have tightened again and are increasingly dampening demand, which is an important factor in bringing inflation back to target. Our future decisions will ensure that the key ECB interest rates will be set at sufficiently restrictive levels for as long as necessary to achieve a timely return of inflation to our two per cent medium-term target. We will continue to follow a data-dependent approach to determining the appropriate level an",full_context_loaded,DOC_6CDED0AD0E89,"Christine Lagarde, Luis de Guindos: Monetary policy statement (with Q&A)",https://www.ecb.europa.eu/press/press_conference/monetary-policy-statement/2023/html/ecb.is230727~e0a11feb2e.en.html,"data\ECB\Press Conference Q&A\2023-07-27 - Christine Lagarde, Luis de Guindos_ Monetary policy statement (with Q&A).txt",false,hike,25.0,,0.75,
NORGES_BANK,2023-06-01,NORGES_BANK_2023_06_D,medium,True,policy_rate_after missing,hike,50.0,,0.8,explicit_bps_change,hike,50.0,,0.85,explicit hike bps,"\b(raised|increased|lifted|tightened)\b.{0,90}?\bby\s+([0-9]+(?:\.[0-9]+)?)\s+(?:basis points|bps)\b",". [Chart: The exchange rate reacts to policy rate surprises- example from the monetary policy meeting on 22 June 2023] As an example, let us look at the announcement of our policy rate decision on Thursday, 22 June, of this year. The policy rate was raised by 50 basis points. This surprised the markets. The policy rate forecast we published in Monetary Policy Report on the same day was also somewhat above the market’s policy rate expectations. Here you see what happened to the exchange rate and market interest rates whe","ers. [8] On the other hand, a large share of our petroleum wealth has already been converted into financial reserves. External balance is thus less dependent on petroleum revenues than it would otherwise be. This pulls in the direction of a smaller effect on the real exchange rate. The krone exchange rate and the interest rate differential The structural factors driving the real exchange rate are beyond the central bank’s control. What monetary policy can influence are movements around the long-term trend. According to the simple equation we looked at earlier, the krone will appreciate if we set a higher policy rate than expected by the market or if market policy rate expectations rise. This is also consistent with what we regularly observe. [Chart: The exchange rate reacts to policy rate surprises- example from the monetary policy meeting on 22 June 2023] As an example, let us look at the announcement of our policy rate decision on Thursday, 22 June, of this year. The policy rate was raised by 50 basis points. This surprised the markets. The policy rate forecast we published in Monetary Policy Report on the same day was also somewhat above the market’s policy rate expectations. Here you see what happened to the exchange rate and market interest rates when the decision and policy rate forecast were announced. Market interest rates rose immediately. At the same time, the krone appreciated against the euro. [Chart: The krone exchange rate reacts to policy rate surprises - estimated change in the krone exchange rate against the euro of an unexpected of 0.25 percentage point increase in the policy rate.] The policy rate decision on 22 June is only one episode but is a good illustration of the exchange rate movements we observe when the market is surprised by our policy rate decisions. We have estimated the average amplitude of this effect over time based on data from 2001 to the present. [9] The chart shows the movements in the exchange rate in the days that follow an unexpected policy rate hik",full_context_loaded,DOC_E46401275E3D,Monetary policy and the krone exchange rate,https://www.norges-bank.no/en/news-events/news/Speeches/2023/09-11-2023-cme/,data\NORGES_BANK\Speeches\2023-06-01 - Monetary policy and the krone exchange rate.txt,false,hike,50.0,,0.85,
RBA,2022-05-03,RBA_2022_05,medium,True,policy_rate_after missing,hike,25.0,,0.8,explicit_bps_change,hike,25.0,,0.85,explicit hike bps,\b(?:raise|increase)\s+(?:the\s+)?(?:policy rate|cash rate target|official cash rate|bank rate)\s+by\s+([0-9]+(?:\.[0-9]+)?)\s+(?:basis points|bps)\b,"/www.rba.gov.au/media-releases/2022/mr-22-12.html DOCUMENT TYPE: html ==== EXTRACTED TEXT START ==== Media Release Statement by Philip Lowe, Governor: Monetary Policy Decision Number 2022-12 Date 3 May 2022 At its meeting today, the Board decided to increase the cash rate target by 25 basis points to 35 basis points. It also increased the interest rate on Exchange Settlement balances from zero per cent to 25 basis points. The Board judged that now was the right time to begin withdrawing some of the extraordinary monetary support that was put","BANK: RBA CATEGORY: Monetary Policy TITLE: 3 May 2022 DATE: 01/06/2022 SPEAKER: SPEAKER ROLE: SOURCE URL: https://www.rba.gov.au/media-releases/2022/mr-22-12.html DOCUMENT TYPE: html ==== EXTRACTED TEXT START ==== Media Release Statement by Philip Lowe, Governor: Monetary Policy Decision Number 2022-12 Date 3 May 2022 At its meeting today, the Board decided to increase the cash rate target by 25 basis points to 35 basis points. It also increased the interest rate on Exchange Settlement balances from zero per cent to 25 basis points. The Board judged that now was the right time to begin withdrawing some of the extraordinary monetary support that was put in place to help the Australian economy during the pandemic. The economy has proven to be resilient and inflation has picked up more quickly, and to a higher level, than was expected. There is also evidence that wages growth is picking up. Given this, and the very low level of interest rates, it is appropriate to start the process of normalising monetary conditions. The resilience of the Australian economy is particularly evident in the labour market, with the unemployment rate declining over recent months to 4 per cent and labour force participation increasing to a record high. Both job vacancies and job ads are also at high levels. The central forecast is for the unemployment rate to decline to around 3½ per cent by early 2023 and remain",full_context_loaded,DOC_E5FBCF3FF65E,3 May 2022,https://www.rba.gov.au/media-releases/2022/mr-22-12.html,data\RBA\Monetary Policy\2022-06-01 - 3 May 2022.txt,false,hike,25.0,,0.85,
RBA,2022-06-07,RBA_2022_06,medium,True,policy_rate_after missing,hike,50.0,,0.8,explicit_bps_change,hike,50.0,,0.85,explicit hike bps,"\b(raised|increased|lifted|tightened)\b.{0,90}?\bby\s+([0-9]+(?:\.[0-9]+)?)\s+(?:basis points|bps)\b","RACTED TEXT START ==== Media Release Statement by Philip Lowe, Governor: Monetary Policy Decision Number 2022-14 Date 7 June 2022 At its meeting today, the Board decided to increase the cash rate target by 50 basis points to 85 basis points. It also increased the interest rate on Exchange Settlement balances by 50 basis points to 75 basis points. Inflation in Australia has increased significantly. While inflation is lower than in most other advanced economies, it is higher than earlier expected. Global factors, including COVID-related disruptions to supply chains and the","BANK: RBA CATEGORY: Monetary Policy TITLE: 7 June 2022 DATE: 01/06/2022 SPEAKER: SPEAKER ROLE: SOURCE URL: https://www.rba.gov.au/media-releases/2022/mr-22-14.html DOCUMENT TYPE: html ==== EXTRACTED TEXT START ==== Media Release Statement by Philip Lowe, Governor: Monetary Policy Decision Number 2022-14 Date 7 June 2022 At its meeting today, the Board decided to increase the cash rate target by 50 basis points to 85 basis points. It also increased the interest rate on Exchange Settlement balances by 50 basis points to 75 basis points. Inflation in Australia has increased significantly. While inflation is lower than in most other advanced economies, it is higher than earlier expected. Global factors, including COVID-related disruptions to supply chains and the war in Ukraine, account for much of this increase in inflation. But domestic factors are playing a role too, with capacity constraints in some sectors and the tight labour market contributing to the upward pressure on prices. The floods earlier this year have also affected some prices. Inflation is expected to increase further, but then decline back towards the 2-3 per cent range next year. Higher prices for electricity and gas and recent increases in petrol prices mean that, in the near term, inflation is likely to be higher than was expected a month ago. As the global supply-side problems are resolved and commodity prices stabilise, even if at a high level, inflation is expected to moderate. Today's increase in interest rates will assist",full_context_loaded,DOC_711BBC3EF912,7 June 2022,https://www.rba.gov.au/media-releases/2022/mr-22-14.html,data\RBA\Monetary Policy\2022-06-01 - 7 June 2022.txt,false,hike,50.0,,0.85,
RBA,2022-07-05,RBA_2022_07,medium,True,policy_rate_after missing,hike,50.0,,0.8,explicit_bps_change,hike,50.0,,0.85,explicit hike bps,"\b(raised|increased|lifted|tightened)\b.{0,90}?\bby\s+([0-9]+(?:\.[0-9]+)?)\s+(?:basis points|bps)\b","XTRACTED TEXT START ==== Media Release Statement by Philip Lowe, Governor: Monetary Policy Decision Number 2022-20 Date 5 July 2022 At its meeting today, the Board decided to increase the cash rate target by 50 basis points to 1.35 per cent. It also increased the interest rate on Exchange Settlement balances by 50 basis points to 1.25 per cent. Global inflation is high. It is being boosted by COVID-related disruptions to supply chains, the war in Ukraine and strong demand which is putting pressure on productive capacity. Monetary policy globally is responding to this high","BANK: RBA CATEGORY: Monetary Policy TITLE: 5 July 2022 DATE: 01/06/2022 SPEAKER: SPEAKER ROLE: SOURCE URL: https://www.rba.gov.au/media-releases/2022/mr-22-20.html DOCUMENT TYPE: html ==== EXTRACTED TEXT START ==== Media Release Statement by Philip Lowe, Governor: Monetary Policy Decision Number 2022-20 Date 5 July 2022 At its meeting today, the Board decided to increase the cash rate target by 50 basis points to 1.35 per cent. It also increased the interest rate on Exchange Settlement balances by 50 basis points to 1.25 per cent. Global inflation is high. It is being boosted by COVID-related disruptions to supply chains, the war in Ukraine and strong demand which is putting pressure on productive capacity. Monetary policy globally is responding to this higher inflation, although it will be some time yet before inflation returns to target in most countries. Inflation in Australia is also high, but not as high as it is in many other countries. Global factors account for much of the increase in inflation in Australia, but domestic factors are also playing a role. Strong demand, a tight labour market and capacity constraints in some sectors are contributing to the upward pressure on prices. The floods are also affecting some prices. Inflation is forecast to peak later this year and then decline back towards the 2-3 per cent range next year. As global supply-side problems continue to ease and commodity prices stabilise, even if at a high level, inflation is expected to moderate. Higher interest ra",full_context_loaded,DOC_7B8B36CBD2A5,5 July 2022,https://www.rba.gov.au/media-releases/2022/mr-22-20.html,data\RBA\Monetary Policy\2022-06-01 - 5 July 2022.txt,false,hike,50.0,,0.85,
RBA,2022-08-02,RBA_2022_08,medium,True,policy_rate_after missing,hike,50.0,,0.8,explicit_bps_change,hike,50.0,,0.85,explicit hike bps,"\b(raised|increased|lifted|tightened)\b.{0,90}?\bby\s+([0-9]+(?:\.[0-9]+)?)\s+(?:basis points|bps)\b","RACTED TEXT START ==== Media Release Statement by Philip Lowe, Governor: Monetary Policy Decision Number 2022-21 Date 2 August 2022 At its meeting today, the Board decided to increase the cash rate target by 50 basis points to 1.85 per cent. It also increased the interest rate on Exchange Settlement balances by 50 basis points to 1.75 per cent. The Board places a high priority on the return of inflation to the 2-3 per cent range over time, while keeping the economy on an even keel. The path to achieve this balance is a narrow one and clouded in uncertainty, not least beca","BANK: RBA CATEGORY: Monetary Policy TITLE: 2 August 2022 DATE: 01/06/2022 SPEAKER: SPEAKER ROLE: SOURCE URL: https://www.rba.gov.au/media-releases/2022/mr-22-21.html DOCUMENT TYPE: html ==== EXTRACTED TEXT START ==== Media Release Statement by Philip Lowe, Governor: Monetary Policy Decision Number 2022-21 Date 2 August 2022 At its meeting today, the Board decided to increase the cash rate target by 50 basis points to 1.85 per cent. It also increased the interest rate on Exchange Settlement balances by 50 basis points to 1.75 per cent. The Board places a high priority on the return of inflation to the 2-3 per cent range over time, while keeping the economy on an even keel. The path to achieve this balance is a narrow one and clouded in uncertainty, not least because of global developments. The outlook for global economic growth has been downgraded due to pressures on real incomes from higher inflation, the tightening of monetary policy in most countries, Russia's invasion of Ukraine and the COVID containment measures in China. Inflation in Australia is the highest it has been since the early 1990s. In headline terms, inflation was 6.1 per cent over the year to the June quarter; in underlying terms it was 4.9 per cent. Global factors explain much of the increase in inflation, but domestic factors are also playing a role. There are widespread upward pressures on prices from strong demand, a tight labour market and capacity constraints in some sectors of the economy. The floods this year are also affe",full_context_loaded,DOC_96B7BFBC83BD,2 August 2022,https://www.rba.gov.au/media-releases/2022/mr-22-21.html,data\RBA\Monetary Policy\2022-06-01 - 2 August 2022.txt,false,hike,50.0,,0.85,
RBA,2022-09-06,RBA_2022_09,medium,True,policy_rate_after missing,hike,50.0,,0.8,explicit_bps_change,hike,50.0,,0.85,explicit hike bps,"\b(raised|increased|lifted|tightened)\b.{0,90}?\bby\s+([0-9]+(?:\.[0-9]+)?)\s+(?:basis points|bps)\b","TED TEXT START ==== Media Release Statement by Philip Lowe, Governor: Monetary Policy Decision Number 2022-28 Date 6 September 2022 At its meeting today, the Board decided to increase the cash rate target by 50 basis points to 2.35 per cent. It also increased the interest rate on Exchange Settlement balances by 50 basis points to 2.25 per cent. The Board is committed to returning inflation to the 2-3 per cent range over time. It is seeking to do this while keeping the economy on an even keel. The path to achieving this balance is a narrow one and clouded in uncertainty, n","BANK: RBA CATEGORY: Monetary Policy TITLE: 6 September 2022 DATE: 01/06/2022 SPEAKER: SPEAKER ROLE: SOURCE URL: https://www.rba.gov.au/media-releases/2022/mr-22-28.html DOCUMENT TYPE: html ==== EXTRACTED TEXT START ==== Media Release Statement by Philip Lowe, Governor: Monetary Policy Decision Number 2022-28 Date 6 September 2022 At its meeting today, the Board decided to increase the cash rate target by 50 basis points to 2.35 per cent. It also increased the interest rate on Exchange Settlement balances by 50 basis points to 2.25 per cent. The Board is committed to returning inflation to the 2-3 per cent range over time. It is seeking to do this while keeping the economy on an even keel. The path to achieving this balance is a narrow one and clouded in uncertainty, not least because of global developments. The outlook for global economic growth has deteriorated due to pressures on real incomes from high inflation, the tightening of monetary policy in most countries, Russia's invasion of Ukraine, and the COVID containment measures and other policy challenges in China. Inflation in Australia is the highest it has been since the early 1990s and is expected to increase further over the months ahead. Global factors explain much of the increase in inflation, but domestic factors are also playing a role. There are widespread upward pressures on prices from strong demand, a tight labour market and capacity constraints in some sectors of the economy. Inflation is expected to peak later this year and then declin",full_context_loaded,DOC_EF698CEAFB0D,6 September 2022,https://www.rba.gov.au/media-releases/2022/mr-22-28.html,data\RBA\Monetary Policy\2022-06-01 - 6 September 2022.txt,false,hike,50.0,,0.85,
RBA,2022-10-04,RBA_2022_10,medium,True,policy_rate_after missing,hike,25.0,,0.8,explicit_bps_change,hike,25.0,,0.85,explicit hike bps,"\b(raised|increased|lifted|tightened)\b.{0,90}?\bby\s+([0-9]+(?:\.[0-9]+)?)\s+(?:basis points|bps)\b","ACTED TEXT START ==== Media Release Statement by Philip Lowe, Governor: Monetary Policy Decision Number 2022-33 Date 4 October 2022 At its meeting today, the Board decided to increase the cash rate target by 25 basis points to 2.60 per cent. It also increased the interest rate on Exchange Settlement balances by 25 basis points to 2.50 per cent. The Board is committed to returning inflation to the 2-3 per cent range over time. Today’s increase in interest rates will help achieve this goal and further increases are likely to be required over the period ahead. The cash rate","BANK: RBA CATEGORY: Monetary Policy TITLE: 4 October 2022 DATE: 01/06/2022 SPEAKER: SPEAKER ROLE: SOURCE URL: https://www.rba.gov.au/media-releases/2022/mr-22-33.html DOCUMENT TYPE: html ==== EXTRACTED TEXT START ==== Media Release Statement by Philip Lowe, Governor: Monetary Policy Decision Number 2022-33 Date 4 October 2022 At its meeting today, the Board decided to increase the cash rate target by 25 basis points to 2.60 per cent. It also increased the interest rate on Exchange Settlement balances by 25 basis points to 2.50 per cent. The Board is committed to returning inflation to the 2-3 per cent range over time. Today’s increase in interest rates will help achieve this goal and further increases are likely to be required over the period ahead. The cash rate has been increased substantially in a short period of time. Reflecting this, the Board decided to increase the cash rate by 25 basis points this month as it assesses the outlook for inflation and economic growth in Australia. As is the case in most countries, inflation in Australia is too high. Global factors explain much of this high inflation, but strong domestic demand relative to the ability of the economy to meet that demand is also playing a role. A further increase in inflation is expected over the months ahead, before inflation then declines back towards the 2-3 per cent range. The expected moderation in inflation next year reflects the ongoing resolution of global supply-side problems, recent declines in some commodity prices and t",full_context_loaded,DOC_23F8AC54A3A2,4 October 2022,https://www.rba.gov.au/media-releases/2022/mr-22-33.html,data\RBA\Monetary Policy\2022-06-01 - 4 October 2022.txt,false,hike,25.0,,0.85,
RBA,2022-11-01,RBA_2022_11,medium,True,policy_rate_after missing,hike,25.0,,0.8,explicit_bps_change,hike,25.0,,0.85,explicit hike bps,"\b(raised|increased|lifted|tightened)\b.{0,90}?\bby\s+([0-9]+(?:\.[0-9]+)?)\s+(?:basis points|bps)\b","CTED TEXT START ==== Media Release Statement by Philip Lowe, Governor: Monetary Policy Decision Number 2022-36 Date 1 November 2022 At its meeting today, the Board decided to increase the cash rate target by 25 basis points to 2.85 per cent. It also increased the interest rate on Exchange Settlement balances by 25 basis points to 2.75 per cent. As is the case in most countries, inflation in Australia is too high. Over the year to September, the CPI inflation rate was 7.3 per cent, the highest it has been in more than three decades. Global factors explain much of this high","BANK: RBA CATEGORY: Monetary Policy TITLE: 1 November 2022 DATE: 01/06/2022 SPEAKER: SPEAKER ROLE: SOURCE URL: https://www.rba.gov.au/media-releases/2022/mr-22-36.html DOCUMENT TYPE: html ==== EXTRACTED TEXT START ==== Media Release Statement by Philip Lowe, Governor: Monetary Policy Decision Number 2022-36 Date 1 November 2022 At its meeting today, the Board decided to increase the cash rate target by 25 basis points to 2.85 per cent. It also increased the interest rate on Exchange Settlement balances by 25 basis points to 2.75 per cent. As is the case in most countries, inflation in Australia is too high. Over the year to September, the CPI inflation rate was 7.3 per cent, the highest it has been in more than three decades. Global factors explain much of this high inflation, but strong domestic demand relative to the ability of the economy to meet that demand is also playing a role. Returning inflation to target requires a more sustainable balance between demand and supply. A further increase in inflation is expected over the months ahead, with inflation now forecast to peak at around 8 per cent later this year. Inflation is then expected to decline next year due to the ongoing resolution of global supply-side problems, recent declines in some commodity prices and slower growth in demand. Medium-term inflation expectations remain well anchored, and it is important that this remains the case. The Bank’s central forecast is for CPI inflation to be around 4¾ per cent over 2023 and a little above 3 per",full_context_loaded,DOC_2A81375950F4,1 November 2022,https://www.rba.gov.au/media-releases/2022/mr-22-36.html,data\RBA\Monetary Policy\2022-06-01 - 1 November 2022.txt,false,hike,25.0,,0.85,
RBA,2022-12-06,RBA_2022_12,medium,True,policy_rate_after missing,hike,25.0,,0.8,explicit_bps_change,hike,25.0,,0.85,explicit hike bps,"\b(raised|increased|lifted|tightened)\b.{0,90}?\bby\s+([0-9]+(?:\.[0-9]+)?)\s+(?:basis points|bps)\b","CTED TEXT START ==== Media Release Statement by Philip Lowe, Governor: Monetary Policy Decision Number 2022-41 Date 6 December 2022 At its meeting today, the Board decided to increase the cash rate target by 25 basis points to 3.10 per cent. It also increased the interest rate on Exchange Settlement balances by 25 basis points to 3.00 per cent. Inflation in Australia is too high, at 6.9 per cent over the year to October. Global factors explain much of this high inflation, but strong domestic demand relative to the ability of the economy to meet that demand is also playing","BANK: RBA CATEGORY: Monetary Policy TITLE: 6 December 2022 DATE: 01/06/2022 SPEAKER: SPEAKER ROLE: SOURCE URL: https://www.rba.gov.au/media-releases/2022/mr-22-41.html DOCUMENT TYPE: html ==== EXTRACTED TEXT START ==== Media Release Statement by Philip Lowe, Governor: Monetary Policy Decision Number 2022-41 Date 6 December 2022 At its meeting today, the Board decided to increase the cash rate target by 25 basis points to 3.10 per cent. It also increased the interest rate on Exchange Settlement balances by 25 basis points to 3.00 per cent. Inflation in Australia is too high, at 6.9 per cent over the year to October. Global factors explain much of this high inflation, but strong domestic demand relative to the ability of the economy to meet that demand is also playing a role. Returning inflation to target requires a more sustainable balance between demand and supply. A further increase in inflation is expected over the months ahead, with inflation forecast to peak at around 8 per cent over the year to the December quarter. Inflation is then expected to decline next year due to the ongoing resolution of global supply-side problems, recent declines in some commodity prices and slower growth in demand. Medium-term inflation expectations remain well anchored, and it is important that this remains the case. The Bank’s central forecast is for CPI inflation to decline over the next couple of years to be a little above 3 per cent over 2024. The Australian economy is continuing to grow solidly. Economic growth i",full_context_loaded,DOC_48943573CE30,6 December 2022,https://www.rba.gov.au/media-releases/2022/mr-22-41.html,data\RBA\Monetary Policy\2022-06-01 - 6 December 2022.txt,false,hike,25.0,,0.85,
RBA,2023-02-07,RBA_2023_02,medium,True,policy_rate_after missing,hike,25.0,,0.8,explicit_bps_change,hike,25.0,,0.85,explicit hike bps,"\b(raised|increased|lifted|tightened)\b.{0,90}?\bby\s+([0-9]+(?:\.[0-9]+)?)\s+(?:basis points|bps)\b","CTED TEXT START ==== Media Release Statement by Philip Lowe, Governor: Monetary Policy Decision Number 2023-04 Date 7 February 2023 At its meeting today, the Board decided to increase the cash rate target by 25 basis points to 3.35 per cent. It also increased the interest rate on Exchange Settlement balances by 25 basis points to 3.25 per cent. Global inflation remains very high. It is, however, moderating in response to lower energy prices, the resolution of supply-chain problems and the tightening of monetary policy. It will be some time, though, before inflation is bac","BANK: RBA CATEGORY: Monetary Policy TITLE: 7 February 2023 DATE: 01/06/2023 SPEAKER: SPEAKER ROLE: SOURCE URL: https://www.rba.gov.au/media-releases/2023/mr-23-04.html DOCUMENT TYPE: html ==== EXTRACTED TEXT START ==== Media Release Statement by Philip Lowe, Governor: Monetary Policy Decision Number 2023-04 Date 7 February 2023 At its meeting today, the Board decided to increase the cash rate target by 25 basis points to 3.35 per cent. It also increased the interest rate on Exchange Settlement balances by 25 basis points to 3.25 per cent. Global inflation remains very high. It is, however, moderating in response to lower energy prices, the resolution of supply-chain problems and the tightening of monetary policy. It will be some time, though, before inflation is back to target rates. The outlook for the global economy remains subdued, with below average growth expected this year and next. In Australia, CPI inflation over the year to the December quarter was 7.8 per cent, the highest since 1990. In underlying terms, inflation was 6.9 per cent, which was higher than expected. Global factors explain much of this high inflation, but strong domestic demand is adding to the inflationary pressures in a number of areas of the economy. Inflation is expected to decline this year due to both global factors and slower growth in domestic demand. The central forecast is for CPI inflation to decline to 4¾ per cent this year and to around 3 per cent by mid-2025. Medium-term inflation expectations remain well anchored",full_context_loaded,DOC_38C1B63CF214,7 February 2023,https://www.rba.gov.au/media-releases/2023/mr-23-04.html,data\RBA\Monetary Policy\2023-06-01 - 7 February 2023.txt,false,hike,25.0,,0.85,
RBA,2023-03-07,RBA_2023_03,medium,True,policy_rate_after missing,hike,25.0,,0.8,explicit_bps_change,hike,25.0,,0.85,explicit hike bps,"\b(raised|increased|lifted|tightened)\b.{0,90}?\bby\s+([0-9]+(?:\.[0-9]+)?)\s+(?:basis points|bps)\b","TRACTED TEXT START ==== Media Release Statement by Philip Lowe, Governor: Monetary Policy Decision Number 2023-07 Date 7 March 2023 At its meeting today, the Board decided to increase the cash rate target by 25 basis points to 3.60 per cent. It also increased the interest rate on Exchange Settlement balances by 25 basis points to 3.50 per cent. Global inflation remains very high. In headline terms it is moderating, although services price inflation remains elevated in many economies. It will be some time before inflation is back to target rates. The outlook for the global","BANK: RBA CATEGORY: Monetary Policy TITLE: 7 March 2023 DATE: 01/06/2023 SPEAKER: SPEAKER ROLE: SOURCE URL: https://www.rba.gov.au/media-releases/2023/mr-23-07.html DOCUMENT TYPE: html ==== EXTRACTED TEXT START ==== Media Release Statement by Philip Lowe, Governor: Monetary Policy Decision Number 2023-07 Date 7 March 2023 At its meeting today, the Board decided to increase the cash rate target by 25 basis points to 3.60 per cent. It also increased the interest rate on Exchange Settlement balances by 25 basis points to 3.50 per cent. Global inflation remains very high. In headline terms it is moderating, although services price inflation remains elevated in many economies. It will be some time before inflation is back to target rates. The outlook for the global economy remains subdued, with below average growth expected this year and next. The monthly CPI indicator suggests that inflation has peaked in Australia. Goods price inflation is expected to moderate over the months ahead due to both global developments and softer demand in Australia. Services price inflation remains high, with strong demand for some services over the summer. Rents are increasing at the fastest rate in some years, with vacancy rates low in many parts of the country. The central forecast is for inflation to decline this year and next, to be around 3 per cent in mid-2025. Medium-term inflation expectations remain well anchored, and it is important that this remains the case. Growth in the Australian economy has slowed, with",full_context_loaded,DOC_F77EB10CEECD,7 March 2023,https://www.rba.gov.au/media-releases/2023/mr-23-07.html,data\RBA\Monetary Policy\2023-06-01 - 7 March 2023.txt,false,hike,25.0,,0.85,
RBA,2023-05-02,RBA_2023_05,medium,True,policy_rate_after missing,hike,25.0,,0.8,explicit_bps_change,hike,25.0,,0.85,explicit hike bps,"\b(raised|increased|lifted|tightened)\b.{0,90}?\bby\s+([0-9]+(?:\.[0-9]+)?)\s+(?:basis points|bps)\b","EXTRACTED TEXT START ==== Media Release Statement by Philip Lowe, Governor: Monetary Policy Decision Number 2023-10 Date 2 May 2023 At its meeting today, the Board decided to increase the cash rate target by 25 basis points to 3.85 per cent. It also increased the rate paid on Exchange Settlement balances by 25 basis points to 3.75 per cent. Inflation in Australia has passed its peak, but at 7 per cent is still too high and it will be some time yet before it is back in the target range. Given the importance of returning inflation to target within a reasonable timeframe","BANK: RBA CATEGORY: Monetary Policy TITLE: 2 May 2023 DATE: 01/06/2023 SPEAKER: SPEAKER ROLE: SOURCE URL: https://www.rba.gov.au/media-releases/2023/mr-23-10.html DOCUMENT TYPE: html ==== EXTRACTED TEXT START ==== Media Release Statement by Philip Lowe, Governor: Monetary Policy Decision Number 2023-10 Date 2 May 2023 At its meeting today, the Board decided to increase the cash rate target by 25 basis points to 3.85 per cent. It also increased the rate paid on Exchange Settlement balances by 25 basis points to 3.75 per cent. Inflation in Australia has passed its peak, but at 7 per cent is still too high and it will be some time yet before it is back in the target range. Given the importance of returning inflation to target within a reasonable timeframe, the Board judged that a further increase in interest rates was warranted today. The Board held interest rates steady last month to provide additional time to assess the state of the economy and the outlook. While the recent data showed a welcome decline in inflation, the central forecast remains that it takes a couple of years before inflation returns to the top of the target range; inflation is expected to be 4½ per cent in 2023 and 3 per cent in mid-2025. Goods price inflation is clearly slowing due to a better balance of supply and demand following the resolution of the pandemic disruptions. But services price inflation is still very high and broadly based and the experience overseas points to upside risks. Unit labour costs are also r",full_context_loaded,DOC_8C54519B6629,2 May 2023,https://www.rba.gov.au/media-releases/2023/mr-23-10.html,data\RBA\Monetary Policy\2023-06-01 - 2 May 2023.txt,false,hike,25.0,,0.85,
RBA,2023-06-06,RBA_2023_06,medium,True,policy_rate_after missing,hike,25.0,,0.8,explicit_bps_change,hike,25.0,,0.85,explicit hike bps,"\b(raised|increased|lifted|tightened)\b.{0,90}?\bby\s+([0-9]+(?:\.[0-9]+)?)\s+(?:basis points|bps)\b","XTRACTED TEXT START ==== Media Release Statement by Philip Lowe, Governor: Monetary Policy Decision Number 2023-13 Date 6 June 2023 At its meeting today, the Board decided to increase the cash rate target by 25 basis points to 4.10 per cent. It also increased the interest rate paid on Exchange Settlement balances by 25 basis points to 4.00 per cent. Inflation in Australia has passed its peak, but at 7 per cent is still too high and it will be some time yet before it is back in the target range. This further increase in interest rates is to provide greater confidence that infla","BANK: RBA CATEGORY: Monetary Policy TITLE: 6 June 2023 DATE: 01/06/2023 SPEAKER: SPEAKER ROLE: SOURCE URL: https://www.rba.gov.au/media-releases/2023/mr-23-13.html DOCUMENT TYPE: html ==== EXTRACTED TEXT START ==== Media Release Statement by Philip Lowe, Governor: Monetary Policy Decision Number 2023-13 Date 6 June 2023 At its meeting today, the Board decided to increase the cash rate target by 25 basis points to 4.10 per cent. It also increased the interest rate paid on Exchange Settlement balances by 25 basis points to 4.00 per cent. Inflation in Australia has passed its peak, but at 7 per cent is still too high and it will be some time yet before it is back in the target range. This further increase in interest rates is to provide greater confidence that inflation will return to target within a reasonable timeframe. High inflation makes life difficult for people and damages the functioning of the economy. It erodes the value of savings, hurts family budgets, makes it harder for businesses to plan and invest, and worsens income inequality. And if high inflation were to become entrenched in people’s expectations, it would be very costly to reduce later, involving even higher interest rates and a larger rise in unemployment. Recent data indicate that the upside risks to the inflation outlook have increased and the Board has responded to this. While goods price inflation is slowing, services price inflation is still very high and is proving to be very persistent overseas. Unit labour costs are also",full_context_loaded,DOC_5629D73FAE06,6 June 2023,https://www.rba.gov.au/media-releases/2023/mr-23-13.html,data\RBA\Monetary Policy\2023-06-01 - 6 June 2023.txt,false,hike,25.0,,0.85,
RBA,2023-11-07,RBA_2023_11,medium,True,policy_rate_after missing,hike,25.0,,0.8,explicit_bps_change,hike,25.0,,0.85,explicit hike bps,"\b(raised|increased|lifted|tightened)\b.{0,90}?\bby\s+([0-9]+(?:\.[0-9]+)?)\s+(?:basis points|bps)\b","TED TEXT START ==== Media Release Statement by Michele Bullock, Governor: Monetary Policy Decision Number 2023-30 Date 7 November 2023 At its meeting today, the Board decided to raise the cash rate target by 25 basis points to 4.35 per cent. It also increased the interest rate paid on Exchange Settlement balances by 25 basis points to 4.25 per cent. Inflation in Australia has passed its peak but is still too high and is proving more persistent than expected a few months ago. The latest reading on CPI inflation indicates that while goods price inflation has eased further, the p","BANK: RBA CATEGORY: Monetary Policy TITLE: 7 November 2023 DATE: 01/06/2023 SPEAKER: SPEAKER ROLE: SOURCE URL: https://www.rba.gov.au/media-releases/2023/mr-23-30.html DOCUMENT TYPE: html ==== EXTRACTED TEXT START ==== Media Release Statement by Michele Bullock, Governor: Monetary Policy Decision Number 2023-30 Date 7 November 2023 At its meeting today, the Board decided to raise the cash rate target by 25 basis points to 4.35 per cent. It also increased the interest rate paid on Exchange Settlement balances by 25 basis points to 4.25 per cent. Inflation in Australia has passed its peak but is still too high and is proving more persistent than expected a few months ago. The latest reading on CPI inflation indicates that while goods price inflation has eased further, the prices of many services are continuing to rise briskly. While the central forecast is for CPI inflation to continue to decline, progress looks to be slower than earlier expected. CPI inflation is now expected to be around 3½ per cent by the end of 2024 and at the top of the target range of 2 to 3 per cent by the end of 2025. The Board judged an increase in interest rates was warranted today to be more assured that inflation would return to target in a reasonable timeframe. The Board had held interest rates steady since June following an increase of 4 percentage points since May last year. It had judged that higher interest rates were working to establish a more sustainable balance between supply and demand in the economy. Furthermore, it had",full_context_loaded,DOC_345C9C578DBD,7 November 2023,https://www.rba.gov.au/media-releases/2023/mr-23-30.html,data\RBA\Monetary Policy\2023-06-01 - 7 November 2023.txt,false,hike,25.0,,0.85,
RBA,2023-12-05,RBA_2023_12,medium,True,policy_rate_after missing,hike,25.0,,0.8,explicit_bps_change,hike,25.0,,0.85,explicit hike bps,"\b(raised|increased|lifted|tightened)\b.{0,90}?\bby\s+([0-9]+(?:\.[0-9]+)?)\s+(?:basis points|bps)\b","ecision Number 2023-35 Date 5 December 2023 At its meeting today, the Board decided to leave the cash rate target unchanged at 4.35 per cent and the interest rate paid on Exchange Settlement balances unchanged at 4.25 per cent. Last month, the Board increased interest rates by 25 basis points, following a period of four months where it had held interest rates steady. This decision reflected the Board’s view that progress in bringing inflation back to the target range of 2 to 3 per cent was looking slower than earlier forecast. While the","BANK: RBA CATEGORY: Monetary Policy TITLE: 5 December 2023 DATE: 01/06/2023 SPEAKER: SPEAKER ROLE: SOURCE URL: https://www.rba.gov.au/media-releases/2023/mr-23-35.html DOCUMENT TYPE: html ==== EXTRACTED TEXT START ==== Media Release Statement by Michele Bullock, Governor: Monetary Policy Decision Number 2023-35 Date 5 December 2023 At its meeting today, the Board decided to leave the cash rate target unchanged at 4.35 per cent and the interest rate paid on Exchange Settlement balances unchanged at 4.25 per cent. Last month, the Board increased interest rates by 25 basis points, following a period of four months where it had held interest rates steady. This decision reflected the Board’s view that progress in bringing inflation back to the target range of 2 to 3 per cent was looking slower than earlier forecast. While the economy has been experiencing a period of below-trend growth, it was stronger than expected over the first half of the year. Underlying inflation was higher than expected at the time of the August forecasts, including across a broad range of services. Conditions in the labour market had eased but remained tight. Housing prices were continuing to rise across the country as was the number of new mortgages. Given this, the Board judged that the risk of inflation remaining higher for longer had risen and an increase in interest rates was therefore warranted to be more assured that inflation would return to target in a reasonable timeframe. The limited information received on the domestic economy since the November meeting has been broadly in li",full_context_loaded,DOC_5F03602807D4,5 December 2023,https://www.rba.gov.au/media-releases/2023/mr-23-35.html,data\RBA\Monetary Policy\2023-06-01 - 5 December 2023.txt,false,hike,25.0,,0.85,
RBA,2025-02-18,RBA_2025_02,medium,True,policy_rate_after missing,cut,-25.0,,0.8,explicit_bps_change,hike,,,0.75,strong hike keyword,\bdecided\s+to\s+(?:increase|raise)\b,"hank you all for coming. As you know the Board decided today to cut the cash rate by 25 basis points to 4.1%. The cash rate has been at 4.35% since November 2023. At that time in November ‘23 the upside risks to inflation had increased, so the Board decided to raise the cash rate to 4.35% from 4.1% to address those upside risks. Since then, inflation has fallen, and recent data suggests it’s eased a bit more than expected. Growth in private demand has also been quite weak and wage pressures have eased. The Boar","BANK: RBA CATEGORY: Speeches TITLE: Monetary Policy Decision DATE: 18/02/2025 SPEAKER: Michele Bullock SPEAKER ROLE: SOURCE URL: https://www.rba.gov.au/speeches/2025/mc-gov-2025-02-18.html DOCUMENT TYPE: html ==== EXTRACTED TEXT START ==== More on the February 2025 monetary policy decision Media Conference Monetary Policy Decision Michele Bullock Governor Sydney - 18 February 2025 Audio 18.2MB Watch video: Media Conference - Monetary Policy Decision, Sydney Transcript Michele Bullock Good afternoon. Thank you all for coming. As you know the Board decided today to cut the cash rate by 25 basis points to 4.1%. The cash rate has been at 4.35% since November 2023. At that time in November ‘23 the upside risks to inflation had increased, so the Board decided to raise the cash rate to 4.35% from 4.1% to address those upside risks. Since then, inflation has fallen, and recent data suggests it’s eased a bit more than expected. Growth in private demand has also been quite weak and wage pressures have eased. The Board therefore judged it was appropriate to remove the cautionary raise undertaken in 2023. I’ve said many times we need to see inflation moving sustainably towards our 2 to 3% target band before we ease rates. In December we said we’d gained confidence that things were headed in the right direction. Now we’re at a point where underlying inflation is at 3.2% and headline inflation is 2.4%. Inflation has eased over the past three quarters and in the most recent quarter a bit more than our forecast had anticipated. This has increased our confidence further. It’s clear that higher interest rates have been working as anticipated, restricting economic activity and putting downward pressure on inflation. The Board judges it’s time to reduce a little",full_context_loaded,DOC_3996D9351F9E,Monetary Policy Decision,https://www.rba.gov.au/speeches/2025/mc-gov-2025-02-18.html,data\RBA\Speeches\2025-02-18 - Michele Bullock - Monetary Policy Decision.txt,false,hike,-25.0,,0.75,
RBA,2025-05-20,RBA_2025_05,medium,True,policy_rate_after missing,cut,-25.0,,0.8,explicit_bps_change,cut,-25.0,,0.85,explicit cut bps,"\b(cut|reduced|lowered|eased|decreased)\b.{0,90}?\bby\s+([0-9]+(?:\.[0-9]+)?)\s+(?:basis points|bps)\b","cision Michele Bullock Governor Sydney - 20 May 2025 Audio 45.7MB Watch video: Media Conference - Monetary Policy Decision, Sydney Transcript Michele Bullock Good afternoon. Thank you all for coming, again. So as you know, today the Board decided to cut the cash rate by 25 basis points and that takes the official rate to 3.85 per cent. Now, we’ve done this because the most recent quarterly CPI confirmed that both headline and underlying inflation are now under 3 per cent, and if you ignore the more volatile items in the headline C","BANK: RBA CATEGORY: Speeches TITLE: Monetary Policy Decision DATE: 20/05/2025 SPEAKER: Michele Bullock SPEAKER ROLE: SOURCE URL: https://www.rba.gov.au/speeches/2025/mc-gov-2025-05-20.html DOCUMENT TYPE: html ==== EXTRACTED TEXT START ==== More on the May 2025 monetary policy decision Media Conference Monetary Policy Decision Michele Bullock Governor Sydney - 20 May 2025 Audio 45.7MB Watch video: Media Conference - Monetary Policy Decision, Sydney Transcript Michele Bullock Good afternoon. Thank you all for coming, again. So as you know, today the Board decided to cut the cash rate by 25 basis points and that takes the official rate to 3.85 per cent. Now, we’ve done this because the most recent quarterly CPI confirmed that both headline and underlying inflation are now under 3 per cent, and if you ignore the more volatile items in the headline CPI our forecasts see the underlying pulse of inflation around the midpoint of the 2 to 3 per cent range over the next year or so. So price increases have slowed and it’s fairly broadly based, and this is very good news. The Board’s strategy over quite some time has been to bring inflation down while avoiding a sharp rise in unemployment. This is consistent with our dual mandate of price stability and full employment. I know this period of relatively high interest rates has been, and continues to be, challenging for many households and businesses, but it was essential we brought inflation down because inflation hurts everyone. The strategy that we took to achieve this was different to that of some other central banks who took rates much high",full_context_loaded,DOC_58379EFDE740,Monetary Policy Decision,https://www.rba.gov.au/speeches/2025/mc-gov-2025-05-20.html,data\RBA\Speeches\2025-05-20 - Michele Bullock - Monetary Policy Decision.txt,false,cut,-25.0,,0.85,
RBA,2025-08-12,RBA_2025_08,medium,True,policy_rate_after missing,cut,-25.0,,0.8,explicit_bps_change,cut,-25.0,4.3,0.95,explicit cut bps,"\b(cut|reduced|lowered|eased|decreased)\b.{0,90}?\bby\s+([0-9]+(?:\.[0-9]+)?)\s+(?:basis points|bps)\b","rence Monetary Policy Decision Michele Bullock Governor Sydney - 12 August 2025 Audio 40.6MB Watch video: Media Conference - Monetary Policy Decision, Sydney Transcript Michele Bullock Good afternoon everyone. As you know, today the Board decided to cut the cash rate by 25 basis points to 3.6%. Monetary policy has been working as intended and we’ve had good progress on bringing inflation down over the past 18 months. The Board’s now cut the cash rate by 75 basis points since February this year as we’ve become increasingly confiden","BANK: RBA CATEGORY: Speeches TITLE: Monetary Policy Decision DATE: 12/08/2025 SPEAKER: Michele Bullock SPEAKER ROLE: SOURCE URL: https://www.rba.gov.au/speeches/2025/mc-gov-2025-08-12.html DOCUMENT TYPE: html ==== EXTRACTED TEXT START ==== More on the August 2025 monetary policy decision Media Conference Monetary Policy Decision Michele Bullock Governor Sydney - 12 August 2025 Audio 40.6MB Watch video: Media Conference - Monetary Policy Decision, Sydney Transcript Michele Bullock Good afternoon everyone. As you know, today the Board decided to cut the cash rate by 25 basis points to 3.6%. Monetary policy has been working as intended and we’ve had good progress on bringing inflation down over the past 18 months. The Board’s now cut the cash rate by 75 basis points since February this year as we’ve become increasingly confident that inflation is on track to be in our 2 to 3% target range on a sustainable basis. Because the price level has gone up so much during the period of high inflation from 2022 to 2024, households are still feeling the pain of those higher costs. This is why we’re so determined to keep inflation down. The Board’s strategy, as you know, has been to bring inflation down while avoiding a sharp rise in unemployment. Because we didn’t take rates as high as some other countries it may be that we don’t need to reduce rates as much either. As demand and potential supply in the economy get closer to balance and inflationary pressures ease the Board is discussing how we can sustain this. We’re continuing to analyse what developments mean for inflatio",full_context_loaded,DOC_0AD7586B5725,Monetary Policy Decision,https://www.rba.gov.au/speeches/2025/mc-gov-2025-08-12.html,data\RBA\Speeches\2025-08-12 - Michele Bullock - Monetary Policy Decision.txt,false,cut,-25.0,4.3,0.95,
RBA,2026-02-03,RBA_2026_02,medium,True,policy_rate_after missing,hike,25.0,,0.8,explicit_bps_change,hike,25.0,,0.85,explicit hike bps,\b(?:raise|increase)\s+(?:the\s+)?(?:policy rate|cash rate target|official cash rate|bank rate)\s+by\s+([0-9]+(?:\.[0-9]+)?)\s+(?:basis points|bps)\b,"YPE: html ==== EXTRACTED TEXT START ==== More on the February 2026 monetary policy decision Media Release Statement by the Monetary Policy Board: Monetary Policy Decision Number 2026-03 Date 3 February 2026 At its meeting today, the Board decided to increase the cash rate target by 25 basis points to 3.85 per cent. While inflation has fallen substantially since its peak in 2022, it picked up materially in the second half of 2025. The Board has been closely monitoring the economy and judges that some of the increase in inflation reflects great","BANK: RBA CATEGORY: Monetary Policy TITLE: 3 February 2026 DATE: 01/06/2026 SPEAKER: SPEAKER ROLE: SOURCE URL: https://www.rba.gov.au/media-releases/2026/mr-26-03.html DOCUMENT TYPE: html ==== EXTRACTED TEXT START ==== More on the February 2026 monetary policy decision Media Release Statement by the Monetary Policy Board: Monetary Policy Decision Number 2026-03 Date 3 February 2026 At its meeting today, the Board decided to increase the cash rate target by 25 basis points to 3.85 per cent. While inflation has fallen substantially since its peak in 2022, it picked up materially in the second half of 2025. The Board has been closely monitoring the economy and judges that some of the increase in inflation reflects greater capacity pressures. As a result, the Board considers that inflation is likely to remain above target for some time. Capacity pressures reflect, in part, the greater momentum in demand seen in recent months. Growth in private demand has strengthened substantially more than expected, driven by both household spending and investment. Activity and prices in the housing market are also continuing to pick up. Financial conditions eased over 2025 and it is uncertain whether they remain restrictive. Credit is readily available to both households and businesses and the effects of earlier interest rate reductions are yet to flow through fully to aggregate demand, prices and wages. More recently, the exchange rate, money market interest rates and g",full_context_loaded,DOC_8C56817C5BCB,3 February 2026,https://www.rba.gov.au/media-releases/2026/mr-26-03.html,data\RBA\Monetary Policy\2026-06-01 - 3 February 2026.txt,false,hike,25.0,,0.85,
RBA,2026-03-17,RBA_2026_03,medium,True,policy_rate_after missing,hike,25.0,,0.8,explicit_bps_change,hike,25.0,,0.85,explicit hike bps,\b(?:raise|increase)\s+(?:the\s+)?(?:policy rate|cash rate target|official cash rate|bank rate)\s+by\s+([0-9]+(?:\.[0-9]+)?)\s+(?:basis points|bps)\b,"a.gov.au/media-releases/2026/mr-26-08.html DOCUMENT TYPE: html ==== EXTRACTED TEXT START ==== Media Release Statement by the Monetary Policy Board: Monetary Policy Decision Number 2026-08 Date 17 March 2026 At its meeting today, the Board decided to increase the cash rate target by 25 basis points to 4.10 per cent. While inflation has fallen substantially since its peak in 2022, it picked up materially in the second half of 2025. Information since the February meeting suggests that some of the increase in inflation reflects greater capacity p","BANK: RBA CATEGORY: Monetary Policy TITLE: 17 March 2026 DATE: 01/06/2026 SPEAKER: SPEAKER ROLE: SOURCE URL: https://www.rba.gov.au/media-releases/2026/mr-26-08.html DOCUMENT TYPE: html ==== EXTRACTED TEXT START ==== Media Release Statement by the Monetary Policy Board: Monetary Policy Decision Number 2026-08 Date 17 March 2026 At its meeting today, the Board decided to increase the cash rate target by 25 basis points to 4.10 per cent. While inflation has fallen substantially since its peak in 2022, it picked up materially in the second half of 2025. Information since the February meeting suggests that some of the increase in inflation reflects greater capacity pressures. In addition, the conflict in the Middle East has resulted in sharply higher fuel prices, which, if sustained, will add to inflation. Short-term measures of inflation expectations have already risen. As a result, the Board judged that there is a material risk that inflation will remain above target for longer than previously anticipated. Higher capacity pressures reflect, in part, the greater momentum in demand in the latter part of 2025. Growth in private demand strengthened substantially more than was expected in mid-2025, although the composition of that growth surprised in the December quarter. Business investment was above expectations and consumption was below expectations. Meanwhile, growth in unit labour costs declined. Mor",full_context_loaded,DOC_CE3F0C3DFC5E,17 March 2026,https://www.rba.gov.au/media-releases/2026/mr-26-08.html,data\RBA\Monetary Policy\2026-06-01 - 17 March 2026.txt,false,hike,25.0,,0.85,
RBA,2026-05-05,RBA_2026_05,medium,True,policy_rate_after missing,hike,25.0,,0.8,explicit_bps_change,hike,25.0,,0.85,explicit hike bps,\b(?:raise|increase)\s+(?:the\s+)?(?:policy rate|cash rate target|official cash rate|bank rate)\s+by\s+([0-9]+(?:\.[0-9]+)?)\s+(?:basis points|bps)\b,"DOCUMENT TYPE: html ==== EXTRACTED TEXT START ==== More on the May 2026 monetary policy decision Media Release Statement by the Monetary Policy Board: Monetary Policy Decision Number 2026-12 Date 5 May 2026 At its meeting today, the Board decided to increase the cash rate target by 25 basis points to 4.35 per cent. Inflation picked up materially in the second half of 2025, and information since the beginning of this year confirms that some of this increase reflected greater capacity pressures. In addition, the conflict in the Middle East has","BANK: RBA CATEGORY: Monetary Policy TITLE: 5 May 2026 DATE: 01/06/2026 SPEAKER: SPEAKER ROLE: SOURCE URL: https://www.rba.gov.au/media-releases/2026/mr-26-12.html DOCUMENT TYPE: html ==== EXTRACTED TEXT START ==== More on the May 2026 monetary policy decision Media Release Statement by the Monetary Policy Board: Monetary Policy Decision Number 2026-12 Date 5 May 2026 At its meeting today, the Board decided to increase the cash rate target by 25 basis points to 4.35 per cent. Inflation picked up materially in the second half of 2025, and information since the beginning of this year confirms that some of this increase reflected greater capacity pressures. In addition, the conflict in the Middle East has resulted in sharply higher fuel and related commodity prices, which are already adding to inflation. There are early signs that many firms experiencing cost pressures are looking to increase prices of their goods and services. Short-term measures of inflation expectations have also risen. The Bank has updated its forecasts to incorporate recent data and developments in the Middle East. The baseline forecast, which assumes that the conflict is resolved soon and fuel prices decline, sees underlying inflation peaking higher than was expected in February. It then declines as demand growth slows and capacity pressures ease in response to higher interest rates. Financial conditions have tightened this year. Money market interest rates and governm",full_context_loaded,DOC_E9BC7704F7B4,5 May 2026,https://www.rba.gov.au/media-releases/2026/mr-26-12.html,data\RBA\Monetary Policy\2026-06-01 - 5 May 2026.txt,false,hike,25.0,,0.85,
RBNZ,2021-11-23,RBNZ_2021_11,medium,True,policy_rate_after missing,hike,100.0,,0.8,explicit_bps_change,hike,100.0,,0.85,explicit hike bps,"\b(raised|increased|lifted|tightened)\b.{0,90}?\bby\s+([0-9]+(?:\.[0-9]+)?)\s+(?:basis points|bps)\b","sit rates have increased at a slower pace than mortgage rates, but have risen quickly since the August Statement. The 6-month term deposit rate is 60 basis points higher than at the start of this year. In comparison, the 1-year term deposit rate has increased by 100 basis points this year, to 1.8 percent. These smaller increases relative to mortgage rates are partly a consequence of the shorter term of these rates. Term deposit rates have been suppressed by the large growth in deposits over the past 18 months, caused in par","of rising interest rates. These dynamics, coupled with rising mortgage rates, imply that the majority of borrowers who reprice in the current quarter will be moving onto rates at least 1 percentage point higher. Despite these recent increases, interest rates on outstanding business loans and mortgages remain low by historical standards. The average interest rates on outstanding business loans and mortgages were 3.2 percent and 2.8 percent in September, respectively. This is more than 80 and 120 basis points lower than at the start of 2020. Business loans tend to be floating or fixed at shorter terms, meaning the interest rates on these loans tend to move more closely with the OCR. Term deposit rates have also increased. This year, term deposit rates have increased at a slower pace than mortgage rates, but have risen quickly since the August Statement. The 6-month term deposit rate is 60 basis points higher than at the start of this year. In comparison, the 1-year term deposit rate has increased by 100 basis points this year, to 1.8 percent. These smaller increases relative to mortgage rates are partly a consequence of the shorter term of these rates. Term deposit rates have been suppressed by the large growth in deposits over the past 18 months, caused in part by the LSAP programme and the Wage Subsidy. Continued availability of the FLP, which provides an alternative source of funding, has also suppressed term deposit rates. Figure 3.7 Mortgage rates Source: Interest.co.nz. Note: The rate shown for each term is the average of the latest ‘special’ rates on offer from ANZ, ASB, BNZ, and Westpac. Chapter 4 Special topics 28 Monetary Policy Statement November 2021 CHAPTER 04 Special topics Wairau River. Marlborough, New Zealand. Chapter 4 Special topics 29 Monetary Policy Statement November 2021 CHAPTER 4 Special topics Before each Statement, the MPC is provided with analysis of some topical issues. Topics for the November Statement included: 1. Transmission of global developments to New Zealand’s",full_context_loaded,DOC_41C95DBF3A55,Monetary Policy Statement November 2021,https://www.rbnz.govt.nz/-/media/project/sites/rbnz/files/publications/monetary-policy-statements/2021/mpsnov21.pdf,data\RBNZ\Monetary Policy\2021-11-23 - Monetary Policy Statement November 2021.txt,false,hike,100.0,,0.85,
RBNZ,2022-02-22,RBNZ_2022_02,medium,True,policy_rate_after missing,hike,25.0,,0.8,explicit_bps_change,hold,0.0,,0.75,strong hold keyword,\b(remains|remain)\s+at\b,"pectations of continued higher global inflation. Tighter monetary policy in some of our key trading partners is assumed to place continued downward pressure on the TWI, increasing domestic inflationary pressures. The New Zealand dollar is assumed to remain at its current level over the entire projection horizon. • The Dubai oil price is assumed to ease gradually towards 80 USD per barrel in the medium term, in line with futures market pricing. Chapter 5 Economic projection 39 Monetary Policy Statement Fe","abour, as more workers fall ill or are required to isolate. • COVID-19 restrictions are expected to become less stringent over the projection horizon. • New Zealand’s border restrictions are expected to be lifted incrementally over the course of 2022, in line with the recent Government announcement on reopening New Zealand. Global factors • Annual average trading-partner GDP growth is expected to have recovered to 5.8 percent in 2021 and then return to its long-term average growth rate from there. While the global recovery has been impeded recently by the Omicron outbreak, the ongoing COVID-19 vaccine rollout and further booster doses are assumed to help ease disruptions. • Recovering global demand and supply-chain impacts are supporting expectations of continued higher global inflation. Tighter monetary policy in some of our key trading partners is assumed to place continued downward pressure on the TWI, increasing domestic inflationary pressures. The New Zealand dollar is assumed to remain at its current level over the entire projection horizon. • The Dubai oil price is assumed to ease gradually towards 80 USD per barrel in the medium term, in line with futures market pricing. Chapter 5 Economic projection 39 Monetary Policy Statement February 2022 Economic growth Production • Economic activity was less negatively impacted by the August 2021 lockdown than we expected in the November Statement. However, activity over the 2021/22 summer has still been constrained by periods of higher Government restrictions. Activity is expected to recover, with annual average GDP growth peaking at 3.0 percent in 2022. • New Zealand’s productive capacity (potential output) continues to be constrained by the domestic and international measures put in place to contain COVID-19. Mismatches in labour demand and supply have resulted in higher structural unemployment than prior to the pandemic, while supply-chain disruptions are reducing the availability of materials. These temporary disruptions a",full_context_loaded,DOC_B6A914CC02F4,Monetary Policy Statement February 2022,https://www.rbnz.govt.nz/-/media/project/sites/rbnz/files/publications/monetary-policy-statements/2022/mpsfeb22.pdf,data\RBNZ\Monetary Policy\2022-02-22 - Monetary Policy Statement February 2022.txt,false,hold,0.0,,0.75,
RBNZ,2022-11-22,RBNZ_2022_11,medium,True,policy_rate_after missing,hike,85.0,,0.8,explicit_bps_change,hike,85.0,,0.85,explicit hike bps,"\b(raised|increased|lifted|tightened)\b.{0,90}?\bby\s+([0-9]+(?:\.[0-9]+)?)\s+(?:basis points|bps)\b","tgage curve. • Increases in mortgage rates continue to be smaller than increases in wholesale interest rates at comparable terms, as bank funding costs remain historically low relative to wholesale rates. Deposit rates • Term deposit rates have also increased since the August Statement. They have increased by 85 basis points and 50 basis points in the popular terms of six months and one year respectively. These increases mean that both terms are currently at their highest levels since 2015. • The deposit curve is now relatively flat, with the five-year term deposit rate","ces • Decreases in New Zealand’s key export commodity prices have also contributed to the depreciation of the New Zealand dollar. • Prices of key export commodities in New Zealand peaked in the first quarter of this year and have gradually fallen since then. In particular, dairy prices are now near a two-year low. Despite declining over this year, commodity export prices have remained elevated relative to historical levels. Retail interest rates Mortgage rates • Mortgage rates have risen since the August Statement in response to rising wholesale rates. The one- and two-year fixed-rate terms have increased by 100 and 70 basis points respectively. Increases have been smaller in the three- to five-year terms, leading to a flattening of the mortgage curve. • Increases in mortgage rates continue to be smaller than increases in wholesale interest rates at comparable terms, as bank funding costs remain historically low relative to wholesale rates. Deposit rates • Term deposit rates have also increased since the August Statement. They have increased by 85 basis points and 50 basis points in the popular terms of six months and one year respectively. These increases mean that both terms are currently at their highest levels since 2015. • The deposit curve is now relatively flat, with the five-year term deposit rate currently only around 20 basis points higher than the one-year rate. Chapter 5 Financial conditions 41 Monetary Policy Statement November 2022 Bank funding conditions Funding composition • Term deposit volumes continue to increase as depositors switch from on-call accounts. This is increasing banks’ average funding costs as the interest rates paid on term deposits are higher than they are for on-call accounts. • Funding for Lending Programme (FLP) drawdowns have increased by $3.7 billion since the August Statement, taking total drawdowns to $16.4 billion. The additional allocation drawdown window closes on 6 December 2022. • Banks remain well funded and have strong liquidity buffers. The core funding ratio rose by 0.5 percentage points in",full_context_loaded,DOC_1ADD185BC6B3,Monetary Policy Statement November 2022,https://www.rbnz.govt.nz/-/media/project/sites/rbnz/files/publications/monetary-policy-statements/2022/mps-nov-22/mpsnov22.pdf,data\RBNZ\Monetary Policy\2022-11-22 - Monetary Policy Statement November 2022.txt,false,hike,85.0,,0.85,
RBNZ,2023-02-21,RBNZ_2023_02,medium,True,policy_rate_after missing,hike,85.0,,0.8,explicit_bps_change,hike,85.0,,0.85,explicit hike bps,"\b(raised|increased|lifted|tightened)\b.{0,90}?\bby\s+([0-9]+(?:\.[0-9]+)?)\s+(?:basis points|bps)\b","rate increases have been larger than moves in wholesale interest rates at comparable terms, meaning the historically small spread between mortgage rates and wholesale interest rates is beginning to normalise. Deposit rates • Term deposit rates have increased since the November Statement. As at 16 February, they had increased by 85 basis points and 70 basis points in the popular terms of 6 months and 1 year respectively. • These increases mean that the 6-month rate is now at its highest since 2011, and the 1-year rate is at its highest since 2008. • The deposit curve is now relatively flat","fell steadily over 2022. In particular, dairy prices hit a 2-year low in mid-January this year, but have since stabilised. • Decreases in New Zealand’s key export commodity prices tend to be associated with a depreciation in the New Zealand dollar. Retail interest rates Mortgage rates • For the first time since 2008, the mortgage rate curve has inverted. As at 16 February, the 1- and 2-year fixed rate terms had increased by 65 and 45 basis points, respectively, since the November Statement. Increases have been smaller in the 3- to 5-year terms, leading to an inversion of the mortgage curve, with some banks even decreasing rates at these longer terms. • Bank funding costs remain historically low relative to wholesale rates. However, mortgage rate increases have been larger than moves in wholesale interest rates at comparable terms, meaning the historically small spread between mortgage rates and wholesale interest rates is beginning to normalise. Deposit rates • Term deposit rates have increased since the November Statement. As at 16 February, they had increased by 85 basis points and 70 basis points in the popular terms of 6 months and 1 year respectively. • These increases mean that the 6-month rate is now at its highest since 2011, and the 1-year rate is at its highest since 2008. • The deposit curve is now relatively flat, with the 5-year term deposit rate currently a few basis points below the 1-year rate. The spreads between term deposit rates and wholesale rates at comparable terms are still low. Chapter 5 Financial conditions 42 Monetary Policy Statement February 2023 Bank funding conditions Funding composition • Term deposit volumes continue to increase, particularly at the 6-month and 1-year terms, as depositors switch from on-call accounts. This is increasing banks’ average funding costs, as the interest rates paid on term deposits are higher than those for on-call accounts. • FLP drawdowns between the November Statement and the end of the additional allocation drawdown window on 6 December 2022 were $2.6 billion. This took the total drawdowns to $19",full_context_loaded,DOC_E41A35276FCA,Monetary Policy Statement February 2023,https://www.rbnz.govt.nz/-/media/project/sites/rbnz/files/publications/monetary-policy-statements/2023/feb/mpsfeb23.pdf,data\RBNZ\Monetary Policy\2023-02-21 - Monetary Policy Statement February 2023.txt,false,hike,85.0,,0.85,
RBNZ,2023-05-23,RBNZ_2023_05,medium,True,policy_rate_after missing,hike,25.0,,0.8,explicit_bps_change,hike,15.0,,0.85,explicit hike bps,"\b(raised|increased|lifted|tightened)\b.{0,90}?\bby\s+([0-9]+(?:\.[0-9]+)?)\s+(?:basis points|bps)\b","llen slightly since the February Statement, with swap rates across the 3-year to 10-year tenors down by around 5 to 15 basis points. However, the 1-year swap rate is 40 basis points higher since the February Statement, while the 2-year swap rate has increased by 15 basis points. This contrasts with swap rates in other advanced economies that declined sharply through March 2023 in response to banking stress in the US and Europe, and have remained around those lower levels in the weeks since (figure 5.2). Increases in short-","and other factors such as credit availability. Overall financial conditions are broadly similar to those at the time of the February Statement. Short-term retail interest rates are higher, while medium- and long-term wholesale rates have declined. Market participants’ expectations for the OCR over the near term have increased since the February Statement. As at 18 May, pricing for the peak in the OCR in this tightening cycle was around 5.75 percent, while pricing for the level of the OCR in 12-months’ time was about 50 basis points higher than at the February Statement (figure 5.1). Market participants expect the OCR to begin declining from its peak level later this year. Medium- and long-term wholesale interest rates in New Zealand have fallen slightly since the February Statement, with swap rates across the 3-year to 10-year tenors down by around 5 to 15 basis points. However, the 1-year swap rate is 40 basis points higher since the February Statement, while the 2-year swap rate has increased by 15 basis points. This contrasts with swap rates in other advanced economies that declined sharply through March 2023 in response to banking stress in the US and Europe, and have remained around those lower levels in the weeks since (figure 5.2). Increases in short-term interest rates alongside declines in domestic wholesale interest rates at longer terms have led the interest rate swap curve to invert further than at the time of the February Statement. Inverted interest rate curves usually indicate expectations for slowing economic growth. Offshore economic and financial developments have led to an increase in global financial market volatility. This includes recent developments relating to US sovereign debt limits, with US financial debt likely to reach its statutory limit in June. Risks around the debt ceiling are contributing to significant volatility in US treasury bills and significant price increases for credit default swaps, which are a form of insurance against sovereign default. Despite this",full_context_loaded,DOC_3399A83105CC,Monetary Policy Statement May 2023,https://www.rbnz.govt.nz/-/media/project/sites/rbnz/files/publications/monetary-policy-statements/2023/may/mpsmay23.pdf,data\RBNZ\Monetary Policy\2023-05-23 - Monetary Policy Statement May 2023.txt,false,hike,15.0,,0.85,
RBNZ,2024-08-14,RBNZ_2024_08,medium,True,policy_rate_after missing,cut,-25.0,,0.8,explicit_bps_change,cut,-25.0,,0.85,explicit cut bps,"\b(cut|reduced|lowered|eased|decreased)\b.{0,90}?\bby\s+([0-9]+(?:\.[0-9]+)?)\s+(?:basis points|bps)\b","OCUMENT TYPE: pdf ==== EXTRACTED TEXT START ==== Monetary Policy Statement. August 2024 B.33 ii Policy assessment. Monetary Policy Statement. August 2024 Policy assessment. OCR 5.25% - Monetary restraint tempered as inflation converges on target OCR reduced by 25 basis points to 5.25%. New Zealand’s annual consumer price inflation is returning to within the Monetary Policy Committee’s 1 to 3 percent target band. Surveyed inflation expectations, firms’ pricing behaviour, headline inflation, and a variety of core inflation","BANK: RBNZ CATEGORY: Monetary Policy TITLE: Monetary Policy Statement August 2024 DATE: 13/08/2024 SPEAKER: SPEAKER ROLE: SOURCE URL: https://www.rbnz.govt.nz/-/media/project/sites/rbnz/files/publications/monetary-policy-statements/2024/aug-140824jvb/mps_report_aug2024.pdf DOCUMENT TYPE: pdf ==== EXTRACTED TEXT START ==== Monetary Policy Statement. August 2024 B.33 ii Policy assessment. Monetary Policy Statement. August 2024 Policy assessment. OCR 5.25% - Monetary restraint tempered as inflation converges on target OCR reduced by 25 basis points to 5.25%. New Zealand’s annual consumer price inflation is returning to within the Monetary Policy Committee’s 1 to 3 percent target band. Surveyed inflation expectations, firms’ pricing behaviour, headline inflation, and a variety of core inflation measures are moving consistent with low and stable inflation. Economic growth remains below trend and inflation is declining across advanced economies. Some central banks have begun reducing policy interest rates. Imported inflation into New Zealand has declined to be more consistent with pre-pandemic levels. Services inflation remains elevated but is also expected to continue to decline, both at home and abroad, in line with increased spare economic capacity. Consumer price inflation in New Zealand is expected to remain near the target mid-point over the foreseeable future. The Committee agreed to ease the level of monetary policy restraint by reducing the OCR to 5.25 percent. The pace of further easing will depend on the Committee’s conf",full_context_loaded,DOC_98B1766C1807,Monetary Policy Statement August 2024,https://www.rbnz.govt.nz/-/media/project/sites/rbnz/files/publications/monetary-policy-statements/2024/aug-140824jvb/mps_report_aug2024.pdf,data\RBNZ\Monetary Policy\2024-08-13 - Monetary Policy Statement August 2024.txt,false,cut,-25.0,,0.85,
RBNZ,2025-05-27,RBNZ_2025_05,medium,True,policy_rate_after missing,cut,-25.0,,0.8,explicit_bps_change,cut,-25.0,,0.85,explicit cut bps,"\b(cut|reduced|lowered|eased|decreased)\b.{0,90}?\bby\s+([0-9]+(?:\.[0-9]+)?)\s+(?:basis points|bps)\b","/publications/monetary-policy-statements/2025/may-0525/mps_report_may2025.pdf DOCUMENT TYPE: pdf ==== EXTRACTED TEXT START ==== Monetary Policy Statement. May 2025 B.33 ii Policy assessment. Monetary Policy Statement. May 2025 Policy assessment. OCR lowered to 3.25% The Monetary Policy Committee today voted to lower the OCR by 25 basis points to 3.25 percent. Annual consumers price index inflation increased to 2.5 percent in the first quarter of 2025. Inflation expectations across firms and households have also risen. However, core inflation is declining and there is spare productive cap","BANK: RBNZ CATEGORY: Monetary Policy TITLE: Monetary Policy Statement May 2025 DATE: 27/05/2025 SPEAKER: SPEAKER ROLE: SOURCE URL: https://www.rbnz.govt.nz/-/media/project/sites/rbnz/files/publications/monetary-policy-statements/2025/may-0525/mps_report_may2025.pdf DOCUMENT TYPE: pdf ==== EXTRACTED TEXT START ==== Monetary Policy Statement. May 2025 B.33 ii Policy assessment. Monetary Policy Statement. May 2025 Policy assessment. OCR lowered to 3.25% The Monetary Policy Committee today voted to lower the OCR by 25 basis points to 3.25 percent. Annual consumers price index inflation increased to 2.5 percent in the first quarter of 2025. Inflation expectations across firms and households have also risen. However, core inflation is declining and there is spare productive capacity in the economy. These conditions are consistent with inflation returning to the mid-point of the 1 to 3 percent target band over the medium term. The New Zealand economy is recovering after a period of contraction. High commodity prices and lower interest rates are supporting overall economic activity. Recent developments in the international economy are expected to reduce global economic growth. Both tariffs and increased policy uncertainty overseas are expected to moderate New Zealand’s economic recovery and reduce medium-term inflation pressures. However, there remains considerable uncertainty around these judgements. Inflation is within the target band, and the Committee is well placed to respond to domestic and international deve",full_context_loaded,DOC_48EF2AEC582E,Monetary Policy Statement May 2025,https://www.rbnz.govt.nz/-/media/project/sites/rbnz/files/publications/monetary-policy-statements/2025/may-0525/mps_report_may2025.pdf,data\RBNZ\Monetary Policy\2025-05-27 - Monetary Policy Statement May 2025.txt,false,cut,-25.0,,0.85,
RBNZ,2025-08-19,RBNZ_2025_08,medium,True,policy_rate_after missing,cut,-25.0,,0.8,explicit_bps_change,cut,-25.0,,0.85,explicit cut bps,"\b(cut|reduced|lowered|eased|decreased)\b.{0,90}?\bby\s+([0-9]+(?:\.[0-9]+)?)\s+(?:basis points|bps)\b","tions/monetary-policy-statements/2025/aug-20825/mps-report-aug-2025.pdf DOCUMENT TYPE: pdf ==== EXTRACTED TEXT START ==== Monetary Policy Statement. August 2025 B.33 ii Policy assessment. Monetary Policy Statement. August 2025 Policy assessment. OCR lowered to 3% The Monetary Policy Committee today voted to lower the OCR by 25 basis points to 3 percent. Annual consumers price index inflation is currently around the top of the Monetary Policy Committee’s 1 to 3 percent target band. However, with spare capacity in the economy and declining domestic inflation pressure, headline inflation","BANK: RBNZ CATEGORY: Monetary Policy TITLE: Monetary Policy Statement August 2025 DATE: 19/08/2025 SPEAKER: SPEAKER ROLE: SOURCE URL: https://www.rbnz.govt.nz/-/media/project/sites/rbnz/files/publications/monetary-policy-statements/2025/aug-20825/mps-report-aug-2025.pdf DOCUMENT TYPE: pdf ==== EXTRACTED TEXT START ==== Monetary Policy Statement. August 2025 B.33 ii Policy assessment. Monetary Policy Statement. August 2025 Policy assessment. OCR lowered to 3% The Monetary Policy Committee today voted to lower the OCR by 25 basis points to 3 percent. Annual consumers price index inflation is currently around the top of the Monetary Policy Committee’s 1 to 3 percent target band. However, with spare capacity in the economy and declining domestic inflation pressure, headline inflation is expected to return to around the 2 percent target mid-point by mid-2026. New Zealand’s economic recovery stalled in the second quarter of this year. Spending by households and businesses has been constrained by global economic policy uncertainty, falling employment, higher prices for some essentials, and declining house prices. There are upside and downside risks to the economic outlook. Cautious behaviour by households and businesses could further dampen economic growth. Alternatively, the economic recovery could accelerate as the full effects of interest rate reductions flow through the economy. The Monetary Policy Committee today voted to decrease the Official Cash Rate (OCR) by 25 basis points to 3 percent. Further data on the speed",full_context_loaded,DOC_19F0855B32A3,Monetary Policy Statement August 2025,https://www.rbnz.govt.nz/-/media/project/sites/rbnz/files/publications/monetary-policy-statements/2025/aug-20825/mps-report-aug-2025.pdf,data\RBNZ\Monetary Policy\2025-08-19 - Monetary Policy Statement August 2025.txt,false,cut,-25.0,,0.85,
RBNZ,2026-02-18,RBNZ_2026_02,medium,True,policy_rate_after missing,cut,-25.0,,0.8,explicit_bps_change,hike,25.0,2.25,0.95,explicit hike bps,"\b(raised|increased|lifted|tightened)\b.{0,90}?\bby\s+([0-9]+(?:\.[0-9]+)?)\s+(?:basis points|bps)\b","ovember Statement, the Federal Reserve and Bank of England (BoE) have each lowered their policy rate by 25 basis points, whilst the European Central Bank (ECB) and the Bank of Canada (BoC) have left their policy rates unchanged. In contrast, the RBA increased its policy rate by 25 basis points in early February and is expected to tighten monetary policy further. Financial market participants now expect varying policy paths moving forward, with the Federal Reserve and BoE expected to ease further, while the BoC and ECB are expected to rema","lia (RBA) in the first half of 2026. Figure 3.2 Trading‑partner inflation (annual) Source: Haver Analytics, Bloomberg, Consensus Economics, RBNZ estimates. Note: Projections show consensus forecasts from Bloomberg for 2025, 2026 and 2027, and Consensus Economics for 2028 and beyond. The trading‑partner aggregate is based on 17 of New Zealand’s largest trading partners. 22 Chapter 3. Global economy and financial markets. Monetary Policy Statement. February 2026 Global financial conditions Divergent economic conditions have driven recent changes in global financial markets Market pricing for central bank policy rates has continued to diverge across jurisdictions, reflecting differences in domestic economic conditions (figure 3.3). Since the November Statement, the Federal Reserve and Bank of England (BoE) have each lowered their policy rate by 25 basis points, whilst the European Central Bank (ECB) and the Bank of Canada (BoC) have left their policy rates unchanged. In contrast, the RBA increased its policy rate by 25 basis points in early February and is expected to tighten monetary policy further. Financial market participants now expect varying policy paths moving forward, with the Federal Reserve and BoE expected to ease further, while the BoC and ECB are expected to remain on hold. This reflects differences in current stances of monetary policy relative to estimates of neutral rates, as well as differing domestic economic conditions. Policy rate expectations and short‑term bond yields have increased across jurisdictions. A slightly stronger economic outlook since the November Statement has put upward pressure on short‑term yields. This has been largest in Australia, Japan and New Zealand, with smaller increases across other jurisdictions. Longer‑term bond yields have increased in most of our trading partners since the November Statement. This is most notable in Japan, where Prime Minister Takaichi’s proposal for increased fiscal spending and a general election in early February heightened concerns for Japa",full_context_loaded,DOC_1C33635D851E,Monetary Policy Statement February 2026,https://www.rbnz.govt.nz/-/media/project/sites/rbnz/files/publications/monetary-policy-statements/2026/feb-180226/mps_report_feb2026.pdf,data\RBNZ\Monetary Policy\2026-02-17 - Monetary Policy Statement February 2026.txt,false,hike,25.0,2.25,0.95,
RBNZ,2026-05-26,RBNZ_2026_05,medium,True,policy_rate_after missing,hike,25.0,,0.8,explicit_bps_change,hold,0.0,,0.75,strong hold keyword,\b(remains|remain)\s+at\b,"wever, the Middle East conflict is expected to materially delay the economic recovery, and spare capacity is projected to persist. The output gap is estimated to be around ‑1.5 percent of potential output in the June 2026 quarter, and is expected to remain at or below that level for another year (figure 2.10). The output gap is projected to recover in the latter half of the projection as inflation falls, real income growth recovers, and uncertainty fades. New Zealand’s supply capacity is growing slowly.","r 2. Economic assessment and monetary policy outlook. Monetary Policy Statement. May 2026 The near‑term growth outlook is weaker than previously assumed. Taken together, weaker consumption and investment mean that annual GDP growth is expected to be 0.9 percentage points lower in the year to the December 2026 quarter relative to the February Statement. Spare capacity will persist for longer There is significant spare capacity in the domestic economy. Before the onset of the Middle East conflict, a range of indicators suggest that spare capacity was being gradually absorbed (see chapter 4.2). In the February Statement, we projected that a gradual recovery in demand, supported by low interest rates, would continue to reduce spare capacity. However, the Middle East conflict is expected to materially delay the economic recovery, and spare capacity is projected to persist. The output gap is estimated to be around ‑1.5 percent of potential output in the June 2026 quarter, and is expected to remain at or below that level for another year (figure 2.10). The output gap is projected to recover in the latter half of the projection as inflation falls, real income growth recovers, and uncertainty fades. New Zealand’s supply capacity is growing slowly. Low investment, slow population growth, and weak productivity growth have all contributed to low potential output growth in recent years. This constrains the rate at which the economy can grow without contributing to inflationary pressure. However, net immigration has increased materially since late 2025, which will increase the labour force and contribute to higher potential growth if sustained. Figure 2.9 Production GDP growth (annual) Source: Stats NZ, RBNZ estimates. Figure 2.10 Output gap (share of potential, seasonally adjusted) Source: Stats NZ, RBNZ estimates. 19 Chapter 2. Economic assessment and monetary policy outlook. Monetary Policy Statement. May 2026 Spare capacity in the labour market is projected to persist. Recently, labou",full_context_loaded,DOC_2CB583E6CCD9,Monetary Policy Statement May 2026,https://www.rbnz.govt.nz/-/media/project/sites/rbnz/files/publications/monetary-policy-statements/2026/may-272605/monetary-policy-statement-may-2026.pdf,data\RBNZ\Monetary Policy\2026-05-26 - Monetary Policy Statement May 2026.txt,false,hold,0.0,,0.75,
BOC,2025-04-16,BOC_2025_04,low,True,keyword extraction,hold,0.0,2.75,0.9,explicit_unchanged_keyword,,,3.0,0.0,,policy_rate,"esigned to help you integrate your applications and processes with our data. For details, please see our documentation . Bank of Canada holds policy rate at 2¾% The Bank of Canada today maintained its target for the overnight rate at 2.75%, with the Bank Rate at 3% and the deposit rate at 2.70%. Content Type(s): Press , Press releases Monetary Policy Report Press Conference Opening Statement Governor Tiff Macklem discusses the Monetary Policy Report and the key issues involved in the Governing Council’s delibe","reduction in the level of consumer prices, mostly reflecting a decline in gasoline prices. Appendix Potential output and the nominal neutral rate of interest Canada’s potential output growth is anticipated to slow due to declining population growth and the ongoing trade conflict. The range for Canada’s neutral interest rate lies between 2.25% and 3.25%. The Monetary Policy Report is a product of the Governing Council of the Bank of Canada: Tiff Macklem, Carolyn Rogers, Toni Gravelle, Sharon Kozicki, Nicolas Vincent, Rhys Mendes and Michelle Alexopoulos. In brief: Monetary Policy Report Learn about Canada’s inflation-control strategy, the objective of Canada’s monetary policy and the main instruments used to implement it. Our Valet API is designed to help you integrate your applications and processes with our data. For details, please see our documentation . Bank of Canada holds policy rate at 2¾% The Bank of Canada today maintained its target for the overnight rate at 2.75%, with the Bank Rate at 3% and the deposit rate at 2.70%. Content Type(s): Press , Press releases Monetary Policy Report Press Conference Opening Statement Governor Tiff Macklem discusses the Monetary Policy Report and the key issues involved in the Governing Council’s deliberations about the monetary policy decision. Content Type(s): Opening statements , Press , Speeches and appearances Press Conference: Monetary Policy Report - April 2025 Release of the Monetary Policy Report - Press conference by Governor Tiff Macklem and Senior Deputy Governor Carolyn Rogers (10:30 (ET) approx.). Content Type(s): Press , Speeches and appearances , Webcasts ISSN 1490-1234 (Online) Share this page on Facebook Share this page on Facebook Share this page on X Share this page on X Share this page on LinkedIn Share this page on LinkedIn Share this page by email Share this page by email",full_context_loaded,DOC_0991EB1A9864,Monetary Policy Report,https://www.bankofcanada.ca/publications/mpr/mpr-2025-04-16/,data\BOC\Monetary Policy\2025-04-16 - Monetary Policy Report.txt,false,hold,0.0,3.0,0.9,
BOC,2025-07-30,BOC_2025_07,low,True,keyword extraction,hold,0.0,2.75,0.9,explicit_unchanged_keyword,,,3.0,0.0,,policy_rate,"esigned to help you integrate your applications and processes with our data. For details, please see our documentation . Bank of Canada holds policy rate at 2¾% The Bank of Canada today maintained its target for the overnight rate at 2.75%, with the Bank Rate at 3% and the deposit rate at 2.70%. Content Type(s): Press , Press releases Monetary Policy Report Press Conference Opening Statement Governor Tiff Macklem discusses the Monetary Policy Report and the key issues involved in the Governing Council’s delibe","vel of tariffs. The outlook also faces risks that are not directly related to tariffs. In focus The path of US tariffs remains uncertain Because the trade environment remains so uncertain, the path for Canadian growth and inflation is less clear than usual. If the trade conflict were to escalate or de-escalate, those shifts would alter economic outcomes. The Monetary Policy Report is a product of the Governing Council of the Bank of Canada: Tiff Macklem, Carolyn Rogers, Toni Gravelle, Sharon Kozicki, Nicolas Vincent, Rhys Mendes and Michelle Alexopoulos. In brief: Monetary Policy Report Learn about Canada’s inflation-control strategy, the objective of Canada’s monetary policy and the main instruments used to implement it. Our Valet API is designed to help you integrate your applications and processes with our data. For details, please see our documentation . Bank of Canada holds policy rate at 2¾% The Bank of Canada today maintained its target for the overnight rate at 2.75%, with the Bank Rate at 3% and the deposit rate at 2.70%. Content Type(s): Press , Press releases Monetary Policy Report Press Conference Opening Statement Governor Tiff Macklem discusses the Monetary Policy Report and the key issues involved in the Governing Council’s deliberations about the monetary policy decision. Content Type(s): Opening statements , Press , Speeches and appearances Press Conference: Monetary Policy Report - July 2025 Release of the Monetary Policy Report - Press conference by Governor Tiff Macklem and Senior Deputy Governor Carolyn Rogers (10:30 (ET) approx.). Content Type(s): Press , Speeches and appearances , Webcasts ISSN 1490-1234 (Online) Share this page on Facebook Share this page on Facebook Share this page on X Share this page on X Share this page on LinkedIn Share this page on LinkedIn Share this page by email Share this page by email",full_context_loaded,DOC_E0C2D118ACCD,Monetary Policy Report,https://www.bankofcanada.ca/publications/mpr/mpr-2025-07-30/,data\BOC\Monetary Policy\2025-07-30 - Monetary Policy Report.txt,false,hold,0.0,3.0,0.9,
BOE,2021-06-01,BOE_2021_06_A,low,True,keyword extraction,hold,0.0,0.1,0.9,explicit_unchanged_keyword,hold,0.0,0.1,0.9,strong hold keyword,\b(remains|remain)\s+at\b,"alternative assumption of constant interest rates at 0.1%,(4) activity is projected to be slightly stronger, unemployment to be somewhat lower by the end of the projection and CPI inflation to be a little higher. (4) The assumption is that Bank Rate remains at 0.1% throughout the three years of the forecast period, before moving towards the market path over the subsequent three years.. Monetary Policy Report August 2021 Section 1: The economic outlook 11 Table 1.B: Indicative projections consistent with t","l markets. But most are not elevated, although they might rise over the coming months, reflecting the impact of the cost shocks affecting the near-term outlook for inflation. Medium-term expectations should remain more stable, as the MPC is expected to adjust monetary policy to achieve the inflation target. At present, taking all the measures together, inflation expectations appear to be well anchored and there is little evidence to suggest that higher expectations will add to the persistence of the near-term overshoot in inflation. The MPC will continue to monitor these indicators closely. Overall, the risks to the MPC’s inflation projection are judged to be broadly balanced. 1.4: Constant rates In the MPC’s projections conditioned on the alternative assumption of constant interest rates at 0.1%,(4) activity is projected to be slightly stronger, unemployment to be somewhat lower by the end of the projection and CPI inflation to be a little higher. (4) The assumption is that Bank Rate remains at 0.1% throughout the three years of the forecast period, before moving towards the market path over the subsequent three years.. Monetary Policy Report August 2021 Section 1: The economic outlook 11 Table 1.B: Indicative projections consistent with the MPC’s forecast(a)(b) Averages Projections 1998-2007 2010-19 2020 2021 2022 2023 World GDP (UK-weighted)(c) 3 2¼ -4¼ 5 (5) 4¼ (4½) 2¾ (2½) World GDP (PPP-weighted)(d) 4 3¾ -3¼ 6 (6¼) 4¾ (4¾) 4 (3½) Euro-area GDP(e) 2¼ 1½ -6½ 4½ (3¾) 5 (5½) 2¼ (2¼) US GDP(f) 3 2¼ -3½ 6½ (6¾) 5 (4¼) 2¼ (1¾) Emerging market GDP (PPP-weighted)(g) 5¾ 5 -2¼ 6¾ (7) 5 (5¼) 5½ (4¾) of which, China GDP(h) 10 7¾ 2½ 8½ (9¼) 5½ (5½) 5½ (5¼) UK GDP(i) 3 1¾ -9¾ 7¼ (7¼) 6 (5¾) 1½ (1¼) Household consumption(j) 3¼ 1¾ -11 5½ (5¼) 9¼ (9¼) 1½ (1¾) Business investment(k) 2¾ 3¾ -10¾ 3 (7) 18¾ (13½) ¾ (1¼) Housing investment(l) 3¼ 3¾ -12½ 13¼ (13½) 6¼ (4¾) 3¼ (3¼) Exports(m) 4¼ 3¼ -16½ 2 (1) 4¾ (4½) 5 (4½) Imports(n) 5¾ 3½ -17¾ 4¾ (8½) 13¾ (10) 4 (4) Contribution of net trade to",full_context_loaded,DOC_E70CD84B1976,Monetary Policy Report - August 2021,https://www.bankofengland.co.uk/-/media/boe/files/monetary-policy-report/2021/august/monetary-policy-report-august-2021.pdf,data\BOE\Monetary Policy\2021-06-01 - Monetary Policy Report - August 2021.txt,false,hold,0.0,0.1,0.9,
BOE,2021-06-01,BOE_2021_06_C,low,True,keyword extraction,hold,0.0,0.1,0.9,explicit_unchanged_keyword,hold,0.0,0.1,0.9,strong hold keyword,\b(remains|remain)\s+at\b,"alternative assumption of constant interest rates at 0.1%,(3) activity is projected to be slightly stronger, unemployment to be somewhat lower by the end of the projection and CPI inflation to be a little higher. (3) The assumption is that Bank Rate remains at 0.1% throughout the three years of the forecast period, before moving towards the market path over the subsequent three years. Monetary Policy Report May 2021 Section 1: The economic outlook 11 Table 1.B: Indicative projections consistent with the M","central forecast, demand grows more rapidly than supply in the near term, such that slack is eroded, and a degree of excess demand emerges towards the end of 2021. Further out in the forecast period, however, demand growth slows to below supply growth, and consequently excess demand diminishes, before demand and supply return broadly to balance. The risks around CPI inflation are judged to be broadly balanced. Overall, the risks to the MPC’s inflation projection are judged to be broadly balanced. Most measures of inflation expectations have been broadly stable since the February Report, and the MPC continues to judge that inflation expectations remain well anchored. 1.4: Constant rate projections In the MPC’s projections conditioned on the alternative assumption of constant interest rates at 0.1%,(3) activity is projected to be slightly stronger, unemployment to be somewhat lower by the end of the projection and CPI inflation to be a little higher. (3) The assumption is that Bank Rate remains at 0.1% throughout the three years of the forecast period, before moving towards the market path over the subsequent three years. Monetary Policy Report May 2021 Section 1: The economic outlook 11 Table 1.B: Indicative projections consistent with the MPC’s forecast(a)(b) Averages Projections 1998-2007 2010-19 2020 2021 2022 2023 World GDP (UK-weighted)(c) 3 2¼ -4½ (-4¾) 5 (4¾) 4½ (5) 2½ (2¼) World GDP (PPP-weighted)(d) 4 3½ -3½ (-4) 6¼ (6) 4¾ (5¼) 3½ (3½) Euro-area GDP(e) 2¼ 1½ -6¾ (-7) 3¾ (3½) 5½ (6½) 2¼ (1¾) US GDP(f) 3 2¼ -3½ (-3½) 6¾ (6½) 4¼ (3¼) 1¾ (1¾) Emerging market GDP (PPP-weighted)(g) 5½ 5 -2½ (-3) 7 (6¾) 5¼ (5¾) 4¾ (4½) of which, China GDP(h) 10 7¾ 1¾ (2¼) 9¼ (8½) 5½ (5½) 5¼ (5¼) UK GDP(i) 3 1¾ -9¾ (-10) 7¼ (5) 5 ¾ (7¼) 1¼ (1¼) Household consumption(j) 3¼ 1¾ -11 (-12¼) 5¼ (4¼) 9¼ (11¾) 1¾ (1) Business investment(k) 2¾ 3¾ -10¼ (-15) 7 (4) 13½ (12) 1¼ (4½) Housing investment(l) 3¼ 3¾ -12½ (-10½) 13½ (10¾) 4¾ (3½) 3¼ (6¼) Exports(m) 4¼ 3¼ -15¾ (-13½) 1 (-3) 4½ (5½) 4½ (4¼) Impor",full_context_loaded,DOC_B8CEB039FD93,Monetary Policy Report - May 2021,https://www.bankofengland.co.uk/-/media/boe/files/monetary-policy-report/2021/may/monetary-policy-report-may-2021.pdf,data\BOE\Monetary Policy\2021-06-01 - Monetary Policy Report - May 2021.txt,false,hold,0.0,0.1,0.9,
BOE,2021-06-01,BOE_2021_06_D,low,True,keyword extraction,hold,0.0,0.1,0.9,explicit_unchanged_keyword,hold,0.0,0.1,0.9,strong hold keyword,\b(remains|remain)\s+at\b,"economy remains in excess demand throughout the forecast period. CPI inflation is forecast to be higher, with inflation projected to be materially above the MPC’s 2% target two and three years ahead (Chart 1.6). (1) The assumption is that Bank Rate remains at 0.1% throughout the three years of the forecast period, before moving towards the market path over the subsequent three years. Chart 1.5: GDP projection based on constant interest rates at 0.1%, other policy measures as announced This fan chart depi","be broadly balanced. The risks around energy prices are judged to be skewed to the downside, but those to wage growth are judged to be skewed to the upside. 1.4: Constant rates The MPC’s central projections are conditioned on the market-implied path for Bank Rate. In those, GDP grows strongly in the near term as the recovery from Covid continues, but the pace of GDP growth slows thereafter. A degree of spare capacity is expected to emerge by the end of the forecast period. Inflation is a little above the MPC’s 2% target in two years’ time and just below it in three years. In projections conditioned on the alternative assumption of constant interest rates at 0.1%,(1) activity is projected to be somewhat stronger (Chart 1.5). As a result, the economy remains in excess demand throughout the forecast period. CPI inflation is forecast to be higher, with inflation projected to be materially above the MPC’s 2% target two and three years ahead (Chart 1.6). (1) The assumption is that Bank Rate remains at 0.1% throughout the three years of the forecast period, before moving towards the market path over the subsequent three years. Chart 1.5: GDP projection based on constant interest rates at 0.1%, other policy measures as announced This fan chart depicts the probability of various outcomes for GDP, conditioned on the assumptions in Table 1.A footnote (b), apart from for Bank Rate, with this chart conditioned on constant interest rates at 0.1%. The fan chart has the same interpretation as Chart 1.1. Chart 1.6: CPI inflation projection based on constant interest rates at 0.1%, other policy measures as announced This fan chart depicts the probability of various outcomes for CPI inflation in the future, conditioned on the assumptions in Table 1.A footnote (b), apart from for Bank Rate, with this chart conditioned on constant interest rates at 0.1%. The fan chart has the same interpretation as Chart 1.4. Monetary Policy Report November 2021 Section 1: The economic outlook 12 Table 1.B: Indic",full_context_loaded,DOC_58740ADFFA25,Monetary Policy Report - November 2021,https://www.bankofengland.co.uk/-/media/boe/files/monetary-policy-report/2021/november/monetary-policy-report-november-2021.pdf,data\BOE\Monetary Policy\2021-06-01 - Monetary Policy Report - November 2021.txt,false,hold,0.0,0.1,0.9,
BOE,2024-06-01,BOE_2024_06_B,low,True,keyword extraction,hold,0.0,5.25,0.9,explicit_unchanged_keyword,hold,0.0,5.25,0.9,strong hold keyword,\b(remains|remain)\s+at\b,"e of 4.7% in 2025 Q1, in line with the MPC’s projection (middle panel, Chart A). The average external forecast then falls to 4.5% for 2026 Q1 and 2027 Q1. By comparison, in the MPC’s projection, the unemployment rate increases to 4.9% in 2026 Q1 and remains at that level in 2027 Q1. CPI inflation was expected to fall on average, to 2.0% in 2025 Q1, below the MPC’s projection of 2.8% (right panel, Chart A). The average forecasts for 2026 Q1 and 2027 Q1 were broadly in line with the 2% target at 2.1% for bo","Bank’s most recent survey of external forecasters. Responses were submitted in the two weeks to 19 January and are summarised in Chart A. These are compared with the MPC’s modal projections, which are conditioned on a range of assumptions (Section 1.1) that may differ from those made by external forecasters. On average, forecasters expected a 0.9% rise in GDP over the four quarters to 2025 Q1 (left panel, Chart A). Four-quarter GDP growth was then expected to rise, on average, to 1.5% in 2026 Q1 and to remain relatively stable at 1.6% in 2027 Q1. These forecasts are higher than the MPC’s modal projections for 2025 Q1 and 2026 Q1, of 0.5% and 0.8% respectively and broadly in line for 2027 Q1. External forecasters expected an unemployment rate of 4.7% in 2025 Q1, in line with the MPC’s projection (middle panel, Chart A). The average external forecast then falls to 4.5% for 2026 Q1 and 2027 Q1. By comparison, in the MPC’s projection, the unemployment rate increases to 4.9% in 2026 Q1 and remains at that level in 2027 Q1. CPI inflation was expected to fall on average, to 2.0% in 2025 Q1, below the MPC’s projection of 2.8% (right panel, Chart A). The average forecasts for 2026 Q1 and 2027 Q1 were broadly in line with the 2% target at 2.1% for both periods, contrasting with the MPC’s modal projections of 2.3% and 1.9% respectively. Page 87 Bank of England Chart A: At the three-year horizon, external forecasters expected four-quarter GDP growth to be 1.6%, the unemployment rate to be 4.5%, and CPI inflation to be 2.1% Projections for GDP, the unemployment rate and CPI inflation Page 88 Bank of England Glossary and other information AWE - average weekly earnings. CPI - consumer prices index. CPI inflation - inflation measured by the consumer prices index. CPIH - consumer prices index including owner-occupiers’ housing costs. DMP - Decision Maker Panel. ERI - exchange rate index. GDP - gross domestic product. HICP - harmonised index of consumer prices. LFS - Labour Force Survey. M4 -",full_context_loaded,DOC_0E92B2C7AA06,Monetary Policy Report - February 2024,https://www.bankofengland.co.uk/-/media/boe/files/monetary-policy-report/2024/february/monetary-policy-report-february-2024.pdf,data\BOE\Monetary Policy\2024-06-01 - Monetary Policy Report - February 2024.txt,false,hold,0.0,5.25,0.9,
BOE,2024-06-01,BOE_2024_06_C,low,True,keyword extraction,hold,0.0,5.25,0.9,explicit_unchanged_keyword,,,5.25,0.0,,policy_rate,"The Bank of England’s Monetary Policy Committee (MPC) sets monetary policy to meet the 2% inflation target, and in a way that helps to sustain growth and employment. At its meeting ending on 8 May 2024, the MPC voted by a majority of 7-2 to maintain Bank Rate at 5.25%. Two members preferred to reduce Bank Rate by 0.25 percentage points, to 5%. The Committee’s updated projections for activity and inflation are set out in the accompanying May Monetary Policy Report and are conditioned on a market-implied path for B","s 26 2.2: Domestic credit conditions 33 2.3: Domestic activity and the labour market 35 2.4: Wage growth and inflation 45 2.5: Inflation expectations 47 Box B: Assessing developments in broad money 49 Box C: Recent developments in the market sector 55 Box D: Uncertainties around Labour Force Survey data 58 Box E: Agents’ update on business conditions 62 3: In focus - Developments in the persistence of UK inflation 66 3.1: Why is inflation persistence important? 66 3.2: The effects of external supply shocks on inflation 67 3.3: The persistence of domestic inflationary pressure 71 3.4: The MPC’s forecast for inflation 82 Annex: Other forecasters’ expectations 83 Glossary and other information 85 Page 3 Bank of England Monetary Policy Summary The Bank of England’s Monetary Policy Committee (MPC) sets monetary policy to meet the 2% inflation target, and in a way that helps to sustain growth and employment. At its meeting ending on 8 May 2024, the MPC voted by a majority of 7-2 to maintain Bank Rate at 5.25%. Two members preferred to reduce Bank Rate by 0.25 percentage points, to 5%. The Committee’s updated projections for activity and inflation are set out in the accompanying May Monetary Policy Report and are conditioned on a market-implied path for Bank Rate that declines from 5¼% to 3¾% by the end of the forecast period, compared with an endpoint of 3¼% in February. Internationally, recent growth outturns have tended to be stronger in the United States than in the euro area. Underlying inflationary pressures in both regions have continued to moderate somewhat since the start of the year, though by less than expected in the United States. Forward interest rates have risen in the United States and, as a result, elsewhere. Following modest weakness last year, UK GDP is expected to have risen by 0.4% in 2024 Q1 and to grow by 0.2% in Q2. Despite picking up during the forecast period, demand growth is expected to remain weaker than potential supply growth throughout most of that period. A",full_context_loaded,DOC_D1640C68A179,Monetary Policy Report - May 2024,https://www.bankofengland.co.uk/-/media/boe/files/monetary-policy-report/2024/may/monetary-policy-report-may-2024.pdf,data\BOE\Monetary Policy\2024-06-01 - Monetary Policy Report - May 2024.txt,false,hold,0.0,5.25,0.9,
BOE,2025-06-01,BOE_2025_06_A,low,True,keyword extraction,hold,0.0,4.0,0.9,explicit_unchanged_keyword,hold,0.0,4.0,0.9,strong hold keyword,\b(remains|remain)\s+at\b,"18 months in which household energy bills reduced headline inflation (Chart 2.18). The Ofgem energy price cap for the typical household is £1,720 for July until September 2025, almost 10% higher than for the same period last year, and is expected to remain at around that level for October to December 2025. Household energy bills are expected to boost inflation slightly over the next few months, partly offset by a small drag from fuels and lubricants. Energy prices drove much of the rise in CPI inflation","rise in the National Living Wage is putting modest upward pressure on pay, partly offset by a drag from higher employer NICs. Headline CPI inflation was 3.6% in June, above the MPC’s 2% target. Bank of England Page 69 inflation. Meanwhile, core inflation has remained elevated, mainly because services inflation continues to be high at 4.7%. This reflects past strength in wage growth as well as temporary upward pressures from one-off increases in administered prices and the increase in employer NICs. The largest driver of the rise in headline inflation over the past year has been the waning drag from household energy bills. The contribution of household energy bills to headline inflation has been positive since April of this year, following 18 months in which household energy bills reduced headline inflation (Chart 2.18). The Ofgem energy price cap for the typical household is £1,720 for July until September 2025, almost 10% higher than for the same period last year, and is expected to remain at around that level for October to December 2025. Household energy bills are expected to boost inflation slightly over the next few months, partly offset by a small drag from fuels and lubricants. Energy prices drove much of the rise in CPI inflation over the past year but are expected to have little impact on inflation going forward. Chart 2.18: CPI inflation rose to 3.6% in June Contributions to CPI inflation (a) Sources: Bloomberg Finance L.P., Department for Energy Security and Net Zero, ONS and Bank calculations. (a) Figures in parentheses are CPI basket weights in 2025, which do not sum to 100% due to rounding. Data are shown to June 2025. Component-level Bank staff projections are shown from July to December 2025. The food component is defined as food and non-alcoholic beverages. Fuels and lubricants estimates use Department for Energy Security and Net Zero petrol price data for July 2025 and are then projected based on the sterling oil futures curve. Core goods price inflation i",full_context_loaded,DOC_9C89C4ACCFFF,Monetary Policy Report - August 2025,https://www.bankofengland.co.uk/-/media/boe/files/monetary-policy-report/2025/august/monetary-policy-report-august-2025.pdf,data\BOE\Monetary Policy\2025-06-01 - Monetary Policy Report - August 2025.txt,false,hold,0.0,4.0,0.9,
BOE,2025-06-01,BOE_2025_06_C,low,True,keyword extraction,hold,0.0,4.5,0.9,explicit_unchanged_keyword,hold,0.0,4.5,0.9,strong hold keyword,\b(remains|remain)\s+at\b,"ly in 2026, compared with the February Report, owing to global trade developments. Trade data have been volatile recently, which may make it harder to assess underlying developments going forward. Four-quarter potential supply growth is projected to remain at around 1½% in the medium term. Within that, potential labour supply growth is around ¾% per annum in the medium term. Potential productivity is assumed to recover some of its recent weakness and settles at annual growth rates of around ¾%. Reflectin",", before picking up towards the end of the forecast period (Chart 1.2). Quarterly growth rates are expected to be slightly weaker than in the February Report at the start of the forecast beyond 2025 Q1 and slightly stronger further out. Household spending growth is projected to pick up throughout most of the forecast period (Table 1.D), supported by a declining saving ratio that in turn reflects the impact of the downward-sloping assumed path of interest rates. Annual housing investment growth is expected to strengthen to 5% in 2026 and to 6% in 2027, in part reflecting a positive impact from planning reforms over time. Business investment growth is weak throughout much of the forecast period. Export growth has been revised down, particularly in 2026, compared with the February Report, owing to global trade developments. Trade data have been volatile recently, which may make it harder to assess underlying developments going forward. Four-quarter potential supply growth is projected to remain at around 1½% in the medium term. Within that, potential labour supply growth is around ¾% per annum in the medium term. Potential productivity is assumed to recover some of its recent weakness and settles at annual growth rates of around ¾%. Reflecting these paths of GDP and potential supply, the margin of excess supply is expected to widen further over the next couple of years in the May forecast, from ¼% in 2025 Q1 to just under 1% of potential GDP by the end of 2026. That in large part reflects the tightening in the stance of fiscal policy and the continuing restrictive stance of monetary policy. The margin of slack is then projected to narrow by the end of the forecast period. Relative to the February Report projection, there is expected to be a slightly greater margin of excess supply throughout most of the forecast period, in part reflecting global trade developments. Bank of England Page 13 The unemployment rate is projected to rise gradually to around 5% by the end of 2026 (Char",full_context_loaded,DOC_D3EAC3BB3BE5,Monetary Policy Report - May 2025,https://www.bankofengland.co.uk/-/media/boe/files/monetary-policy-report/2025/may/monetary-policy-report-may-2025.pdf,data\BOE\Monetary Policy\2025-06-01 - Monetary Policy Report - May 2025.txt,false,hold,0.0,4.5,0.9,
BOE,2025-06-01,BOE_2025_06_D,low,True,keyword extraction,hold,0.0,4.0,0.9,explicit_unchanged_keyword,,,4.0,0.0,,policy_rate,"Annex 2: Monetary policy since the August 2025 Report 74 Glossary and other information 75 Page 3 Bank of England Monetary Policy Summary At its meeting ending on 5 November 2025, the Monetary Policy Committee voted by a majority of 5-4 to maintain Bank Rate at 4%. Four members voted to reduce Bank Rate by 0.25 percentage points, to 3.75%. CPI inflation is judged to have peaked. Progress on underlying disinflation continues, supported by the still restrictive stance of monetary policy. This is reflected in an","the scenarios. © Bank of England 2025 ISSN 2633-7819 Page 2 Bank of England Contents Monetary Policy Summary 4 Monetary Policy Overview 5 1: Current economic conditions 9 1.1: Inflation 9 1.2: Activity 18 1.3: Global and financial conditions 25 2: Topical policy issues 30 Box A: Developments in firms’ costs and margins 30 Box B: Inflation expectations and their role in wage and price-setting 35 Box C: Prospects for CPI inflation when inflation is high 40 Box D: Risks around the outlook for household consumption 45 Box E: The risks of a sharper rise in unemployment 49 Box F: Structural changes in the labour market 53 3: Outlook and risks 60 3.1: Central projection 60 3.2: Risks 63 3.3: Scenarios 68 Annex 1: Model-based policy simulations 74 Annex 2: Monetary policy since the August 2025 Report 74 Glossary and other information 75 Page 3 Bank of England Monetary Policy Summary At its meeting ending on 5 November 2025, the Monetary Policy Committee voted by a majority of 5-4 to maintain Bank Rate at 4%. Four members voted to reduce Bank Rate by 0.25 percentage points, to 3.75%. CPI inflation is judged to have peaked. Progress on underlying disinflation continues, supported by the still restrictive stance of monetary policy. This is reflected in an easing of pay growth and services price inflation. Underlying disinflation is being underpinned by subdued economic growth and building slack in the labour market. Monetary policy is being set to balance the risks around meeting the 2% inflation target sustainably. The risk from greater inflation persistence has become less pronounced recently, and the risk to medium-term inflation from weaker demand more apparent, such that overall the risks are now more balanced. But more evidence is needed on both. The restrictiveness of monetary policy has fallen as Bank Rate has been reduced. The extent of further reductions will therefore depend on the evolution of the outlook for inflation. If progress on disinflation continues, Bank Rate is likely",full_context_loaded,DOC_9CE70AC2A23C,Monetary Policy Report - November 2025,https://www.bankofengland.co.uk/-/media/boe/files/monetary-policy-report/2025/november/monetary-policy-report-november-2025.pdf,data\BOE\Monetary Policy\2025-06-01 - Monetary Policy Report - November 2025.txt,false,hold,0.0,4.0,0.9,
BOE,2026-06-01,BOE_2026_06_A,low,True,keyword extraction,hold,0.0,3.75,0.9,explicit_unchanged_keyword,hold,0.0,3.75,0.9,strong hold keyword,\b(remains|remain)\s+at\b,"atabank accompanying this Report. The final projections are for 2029 Q2. Bank of England Page 78 incomes remain permanently lower over the scenario period due to the drag from higher yield curve. The unemployment rate picks up to 5.6% in 2027 Q2 and remains at 5.1% at the end of the scenario. In Scenario B, four-quarter GDP growth also weakens, falling to a trough of 0.6% in 2027 Q1, before recovering somewhat over the scenario period. The output gap widens to -1.5% of potential output by the end of 2026","eriod. The output gap widens to -1.6% of potential output at the end of 2026, before narrowing later in the scenario (Chart 3.2, gold line in right panel). Reduced consumption smoothing weighs on demand. And while the lack of second‑round effects helps to contain domestic cost pressures, supporting a rebound in demand, real Chart 3.3: The impact of second-round effects on inflation in Scenario C is higher than in Scenario B Potential additional inflation impacts of second-round effects stemming from the new energy shock (a) Source: Bank calculations. (a) Both scenarios shown here are conditioned on the same market-implied path for Bank Rate. Further details on conditioning assumptions can be found in Table 3.A and the Scenario Projections Databank accompanying this Report. The final projections are for 2029 Q2. Bank of England Page 78 incomes remain permanently lower over the scenario period due to the drag from higher yield curve. The unemployment rate picks up to 5.6% in 2027 Q2 and remains at 5.1% at the end of the scenario. In Scenario B, four-quarter GDP growth also weakens, falling to a trough of 0.6% in 2027 Q1, before recovering somewhat over the scenario period. The output gap widens to -1.5% of potential output by the end of 2026 and ends the period at -0.8% (Chart 3.2, purple line in right panel). While households smooth consumption more than in scenario A, the hit to real income from the energy price shock is larger, which weighs on demand. As a result, the unemployment rate rises, peaking at 5.5% in 2027, before declining to 5.2% at the end of the scenario period. In Scenario C, the combination of high and persistent energy prices, elevated global export prices and strong second‑round effects, alongside the impact of the higher yield curve, results in a marked deterioration in activity. Four-quarter GDP growth falls to 0.3% in 2027 Q1. The output gap widens to -1.7% of potential output by the end of 2026, remaining significantly negative for an extended period (C",full_context_loaded,DOC_5B23170272EC,Monetary Policy Report - April 2026,https://www.bankofengland.co.uk/-/media/boe/files/monetary-policy-report/2026/april/monetary-policy-report-april-2026.pdf,data\BOE\Monetary Policy\2026-06-01 - Monetary Policy Report - April 2026.txt,false,hold,0.0,3.75,0.9,
FED,2021-01-27,FED_2021_01,low,True,keyword extraction,hold,0.0,0.125,0.9,explicit_unchanged_keyword,hold,0.0,0.125,0.9,strong hold keyword; Fed target range 0 to 0.25; midpoint used.,"\b(left unchanged|kept unchanged|decided to maintain|decided to keep|no change to the policy rate|maintain the target range|target range\s+at\s+[0-9].{0,40}?to\s+[0-9])\b",me so that inflation averages 2 percent over time and longer-term inflation expectations remain well anchored at 2 percent. The Committee expects to maintain an accommodative stance of monetary policy until these outcomes are achieved. The Committee decided to keep the target range for the federal funds rate at 0 to 1/4 percent and expects it will be appropriate to maintain this target range until labor market conditions have reached levels consistent with the Committee’s assessments of maximum employment and,"prices have been holding down consumer price inflation. Overall financial conditions remain accommodative, in part reflecting policy measures to support the economy and the flow of credit to U.S. households and businesses. The path of the economy will depend significantly on the course of the virus, including progress on vaccinations. The ongoing public health crisis continues to weigh on economic activity, employment, and inflation, and poses considerable risks to the economic outlook. The Committee seeks to achieve maximum employment and inflation at the rate of 2 percent over the longer run. With inflation running persistently below this longer- run goal, the Committee will aim to achieve inflation moderately above 2 percent for some time so that inflation averages 2 percent over time and longer-term inflation expectations remain well anchored at 2 percent. The Committee expects to maintain an accommodative stance of monetary policy until these outcomes are achieved. The Committee decided to keep the target range for the federal funds rate at 0 to 1/4 percent and expects it will be appropriate to maintain this target range until labor market conditions have reached levels consistent with the Committee’s assessments of maximum employment and inflation has risen to 2 percent and is on track to moderately exceed 2 percent for some time. In addition, the Federal Reserve will continue to increase its (more) For release at 2 p.m. EST January 27, 2021 - 2 - holdings of Treasury securities by at least $80 billion per month and of agency mortgage-backed securities by at least $40 billion per month until substantial further progress has been made toward the Committee’s maximum employment and price stability goals. These asset purchases help foster smooth market functioning and accommodative financial conditions, thereby supporting the flow of credit to households and businesses. In assessing the appropriate stance of monetary policy, the Committee will continue to monitor the implicatio",full_context_loaded,DOC_B9CDE799F003,FOMC statement,https://www.federalreserve.gov/monetarypolicy/files/monetary20210127a1.pdf,data\FED\Monetary Policy\2021-01-27 - FOMC statement.txt,false,hold,0.0,0.125,0.9,
FED,2021-03-17,FED_2021_03,low,True,keyword extraction,hold,0.0,0.125,0.9,explicit_unchanged_keyword,hold,0.0,0.125,0.9,strong hold keyword; Fed target range 0 to 0.25; midpoint used.,"\b(left unchanged|kept unchanged|decided to maintain|decided to keep|no change to the policy rate|maintain the target range|target range\s+at\s+[0-9].{0,40}?to\s+[0-9])\b","me so that inflation averages 2 percent over time and longer‑term inflation expectations remain well anchored at 2 percent. The Committee expects to maintain an accommodative stance of monetary policy until these outcomes are achieved. The Committee decided to keep the target range for the federal funds rate at 0 to 1/4 percent and expects it will be appropriate to maintain this target range until (more) For release at 2 p.m. EDT March 17, 2021 -2- labor market conditions have reached levels consistent with th","remain weak. Inflation continues to run below 2 percent. Overall financial conditions remain accommodative, in part reflecting policy measures to support the economy and the flow of credit to U.S. households and businesses. The path of the economy will depend significantly on the course of the virus, including progress on vaccinations. The ongoing public health crisis continues to weigh on economic activity, employment, and inflation, and poses considerable risks to the economic outlook. The Committee seeks to achieve maximum employment and inflation at the rate of 2 percent over the longer run. With inflation running persistently below this longer-run goal, the Committee will aim to achieve inflation moderately above 2 percent for some time so that inflation averages 2 percent over time and longer‑term inflation expectations remain well anchored at 2 percent. The Committee expects to maintain an accommodative stance of monetary policy until these outcomes are achieved. The Committee decided to keep the target range for the federal funds rate at 0 to 1/4 percent and expects it will be appropriate to maintain this target range until (more) For release at 2 p.m. EDT March 17, 2021 -2- labor market conditions have reached levels consistent with the Committee’s assessments of maximum employment and inflation has risen to 2 percent and is on track to moderately exceed 2 percent for some time. In addition, the Federal Reserve will continue to increase its holdings of Treasury securities by at least $80 billion per month and of agency mortgage‑backed securities by at least $40 billion per month until substantial further progress has been made toward the Committee’s maximum employment and price stability goals. These asset purchases help foster smooth market functioning and accommodative financial conditions, thereby supporting the flow of credit to households and businesses. In assessing the appropriate stance of monetary policy, the Committee will continue to monitor the implications o",full_context_loaded,DOC_F1DF90B22339,FOMC statement,https://www.federalreserve.gov/monetarypolicy/files/monetary20210317a1.pdf,data\FED\Monetary Policy\2021-03-17 - FOMC statement.txt,false,hold,0.0,0.125,0.9,
FED,2021-04-28,FED_2021_04,low,True,keyword extraction,hold,0.0,0.125,0.9,explicit_unchanged_keyword,hold,0.0,0.125,0.9,strong hold keyword; Fed target range 0 to 0.25; midpoint used.,"\b(left unchanged|kept unchanged|decided to maintain|decided to keep|no change to the policy rate|maintain the target range|target range\s+at\s+[0-9].{0,40}?to\s+[0-9])\b",me so that inflation averages 2 percent over time and longer‑term inflation expectations remain well anchored at 2 percent. The Committee expects to maintain an accommodative stance of monetary policy until these outcomes are achieved. The Committee decided to keep the target range for the federal funds rate at 0 to 1/4 percent and expects it will be appropriate to maintain this target range until labor market conditions have reached levels consistent with the Committee’s (more) For release at 2 p.m. EDT April,"ic remain weak but have shown improvement. Inflation has risen, largely reflecting transitory factors. Overall financial conditions remain accommodative, in part reflecting policy measures to support the economy and the flow of credit to U.S. households and businesses. The path of the economy will depend significantly on the course of the virus, including progress on vaccinations. The ongoing public health crisis continues to weigh on the economy, and risks to the economic outlook remain. The Committee seeks to achieve maximum employment and inflation at the rate of 2 percent over the longer run. With inflation running persistently below this longer-run goal, the Committee will aim to achieve inflation moderately above 2 percent for some time so that inflation averages 2 percent over time and longer‑term inflation expectations remain well anchored at 2 percent. The Committee expects to maintain an accommodative stance of monetary policy until these outcomes are achieved. The Committee decided to keep the target range for the federal funds rate at 0 to 1/4 percent and expects it will be appropriate to maintain this target range until labor market conditions have reached levels consistent with the Committee’s (more) For release at 2 p.m. EDT April 28, 2021 -2- assessments of maximum employment and inflation has risen to 2 percent and is on track to moderately exceed 2 percent for some time. In addition, the Federal Reserve will continue to increase its holdings of Treasury securities by at least $80 billion per month and of agency mortgage‑backed securities by at least $40 billion per month until substantial further progress has been made toward the Committee’s maximum employment and price stability goals. These asset purchases help foster smooth market functioning and accommodative financial conditions, thereby supporting the flow of credit to households and businesses. In assessing the appropriate stance of monetary policy, the Committee will continue to monitor the implications o",full_context_loaded,DOC_B766A2A61F74,FOMC statement,https://www.federalreserve.gov/monetarypolicy/files/monetary20210428a1.pdf,data\FED\Monetary Policy\2021-04-28 - FOMC statement.txt,false,hold,0.0,0.125,0.9,
FED,2021-06-16,FED_2021_06,low,True,keyword extraction,hold,0.0,0.125,0.9,explicit_unchanged_keyword,hold,0.0,0.125,0.9,strong hold keyword; Fed target range 0 to 0.25; midpoint used.,"\b(left unchanged|kept unchanged|decided to maintain|decided to keep|no change to the policy rate|maintain the target range|target range\s+at\s+[0-9].{0,40}?to\s+[0-9])\b",me so that inflation averages 2 percent over time and longer‑term inflation expectations remain well anchored at 2 percent. The Committee expects to maintain an accommodative stance of monetary policy until these outcomes are achieved. The Committee decided to keep the target range for the federal funds rate at 0 to 1/4 percent and expects it will be appropriate to maintain this target range until labor market conditions have reached levels consistent with the Committee’s (more) For release at 2 p.m. EDT June,"eak but have shown improvement. Inflation has risen, largely reflecting transitory factors. Overall financial conditions remain accommodative, in part reflecting policy measures to support the economy and the flow of credit to U.S. households and businesses. The path of the economy will depend significantly on the course of the virus. Progress on vaccinations will likely continue to reduce the effects of the public health crisis on the economy, but risks to the economic outlook remain. The Committee seeks to achieve maximum employment and inflation at the rate of 2 percent over the longer run. With inflation having run persistently below this longer-run goal, the Committee will aim to achieve inflation moderately above 2 percent for some time so that inflation averages 2 percent over time and longer‑term inflation expectations remain well anchored at 2 percent. The Committee expects to maintain an accommodative stance of monetary policy until these outcomes are achieved. The Committee decided to keep the target range for the federal funds rate at 0 to 1/4 percent and expects it will be appropriate to maintain this target range until labor market conditions have reached levels consistent with the Committee’s (more) For release at 2 p.m. EDT June 16, 2021 -2- assessments of maximum employment and inflation has risen to 2 percent and is on track to moderately exceed 2 percent for some time. In addition, the Federal Reserve will continue to increase its holdings of Treasury securities by at least $80 billion per month and of agency mortgage‑backed securities by at least $40 billion per month until substantial further progress has been made toward the Committee’s maximum employment and price stability goals. These asset purchases help foster smooth market functioning and accommodative financial conditions, thereby supporting the flow of credit to households and businesses. In assessing the appropriate stance of monetary policy, the Committee will continue to monitor the implications of",full_context_loaded,DOC_AF698697F313,FOMC statement,https://www.federalreserve.gov/monetarypolicy/files/monetary20210616a1.pdf,data\FED\Monetary Policy\2021-06-16 - FOMC statement.txt,false,hold,0.0,0.125,0.9,
FED,2021-07-28,FED_2021_07,low,True,keyword extraction,hold,0.0,0.125,0.9,explicit_unchanged_keyword,hold,0.0,0.125,0.9,strong hold keyword; Fed target range 0 to 0.25; midpoint used.,"\b(left unchanged|kept unchanged|decided to maintain|decided to keep|no change to the policy rate|maintain the target range|target range\s+at\s+[0-9].{0,40}?to\s+[0-9])\b",me so that inflation averages 2 percent over time and longer‑term inflation expectations remain well anchored at 2 percent. The Committee expects to maintain an accommodative stance of monetary policy until these outcomes are achieved. The Committee decided to keep the target range for the federal funds rate at 0 to 1/4 percent and expects it will be appropriate to maintain this target range until labor market conditions have reached levels consistent with the Committee’s assessments of maximum employment and,"ovement but have not fully recovered. Inflation has risen, largely reflecting transitory factors. Overall financial conditions remain accommodative, in part reflecting policy measures to support the economy and the flow of credit to U.S. households and businesses. The path of the economy continues to depend on the course of the virus. Progress on vaccinations will likely continue to reduce the effects of the public health crisis on the economy, but risks to the economic outlook remain. The Committee seeks to achieve maximum employment and inflation at the rate of 2 percent over the longer run. With inflation having run persistently below this longer-run goal, the Committee will aim to achieve inflation moderately above 2 percent for some time so that inflation averages 2 percent over time and longer‑term inflation expectations remain well anchored at 2 percent. The Committee expects to maintain an accommodative stance of monetary policy until these outcomes are achieved. The Committee decided to keep the target range for the federal funds rate at 0 to 1/4 percent and expects it will be appropriate to maintain this target range until labor market conditions have reached levels consistent with the Committee’s assessments of maximum employment and inflation has risen to 2 percent and is on (more) For release at 2 p.m. EDT July 28, 2021 -2- track to moderately exceed 2 percent for some time. Last December, the Committee indicated that it would continue to increase its holdings of Treasury securities by at least $80 billion per month and of agency mortgage‑backed securities by at least $40 billion per month until substantial further progress has been made toward its maximum employment and price stability goals. Since then, the economy has made progress toward these goals, and the Committee will continue to assess progress in coming meetings. These asset purchases help foster smooth market functioning and accommodative financial conditions, thereby supporting the flow of credit to house",full_context_loaded,DOC_F83A81E665B0,FOMC statement,https://www.federalreserve.gov/monetarypolicy/files/monetary20210728a1.pdf,data\FED\Monetary Policy\2021-07-28 - FOMC statement.txt,false,hold,0.0,0.125,0.9,
FED,2021-09-22,FED_2021_09,low,True,keyword extraction,hold,0.0,0.125,0.9,explicit_unchanged_keyword,hold,0.0,0.125,0.9,strong hold keyword; Fed target range 0 to 0.25; midpoint used.,"\b(left unchanged|kept unchanged|decided to maintain|decided to keep|no change to the policy rate|maintain the target range|target range\s+at\s+[0-9].{0,40}?to\s+[0-9])\b",me so that inflation averages 2 percent over time and longer‑term inflation expectations remain well anchored at 2 percent. The Committee expects to maintain an accommodative stance of monetary policy until these outcomes are achieved. The Committee decided to keep the target range for the federal funds rate at 0 to 1/4 percent and expects it will be appropriate to maintain this target range until labor market conditions have reached levels consistent with the Committee’s (more) For release at 2 p.m. EDT Septe,"19 cases has slowed their recovery. Inflation is elevated, largely reflecting transitory factors. Overall financial conditions remain accommodative, in part reflecting policy measures to support the economy and the flow of credit to U.S. households and businesses. The path of the economy continues to depend on the course of the virus. Progress on vaccinations will likely continue to reduce the effects of the public health crisis on the economy, but risks to the economic outlook remain. The Committee seeks to achieve maximum employment and inflation at the rate of 2 percent over the longer run. With inflation having run persistently below this longer-run goal, the Committee will aim to achieve inflation moderately above 2 percent for some time so that inflation averages 2 percent over time and longer‑term inflation expectations remain well anchored at 2 percent. The Committee expects to maintain an accommodative stance of monetary policy until these outcomes are achieved. The Committee decided to keep the target range for the federal funds rate at 0 to 1/4 percent and expects it will be appropriate to maintain this target range until labor market conditions have reached levels consistent with the Committee’s (more) For release at 2 p.m. EDT September 22, 2021 -2- assessments of maximum employment and inflation has risen to 2 percent and is on track to moderately exceed 2 percent for some time. Last December, the Committee indicated that it would continue to increase its holdings of Treasury securities by at least $80 billion per month and of agency mortgage‑backed securities by at least $40 billion per month until substantial further progress has been made toward its maximum employment and price stability goals. Since then, the economy has made progress toward these goals. If progress continues broadly as expected, the Committee judges that a moderation in the pace of asset purchases may soon be warranted. These asset purchases help foster smooth market functioning and accommodativ",full_context_loaded,DOC_EBC59530A876,FOMC statement,https://www.federalreserve.gov/monetarypolicy/files/monetary20210922a1.pdf,data\FED\Monetary Policy\2021-09-22 - FOMC statement.txt,false,hold,0.0,0.125,0.9,
FED,2021-12-15,FED_2021_12,low,True,keyword extraction,hold,0.0,0.125,0.9,explicit_unchanged_keyword,cut,,0.125,0.75,strong cut keyword; Fed target range 0 to 0.25; midpoint used.,\bdecided\s+to\s+(?:lower|reduce)\b,"onditions have reached levels consistent with the Committee’s assessments of maximum employment. In light of inflation developments and the further improvement in the labor market, the (more) For release at 2 p.m. EST December 15, 2021 -2- Committee decided to reduce the monthly pace of its net asset purchases by $20 billion for Treasury securities and $10 billion for agency mortgage-backed securities. Beginning in January, the Committee will increase its holdings of Treasury securities by at least $40 billion p","redit to U.S. households and businesses. The path of the economy continues to depend on the course of the virus. Progress on vaccinations and an easing of supply constraints are expected to support continued gains in economic activity and employment as well as a reduction in inflation. Risks to the economic outlook remain, including from new variants of the virus. The Committee seeks to achieve maximum employment and inflation at the rate of 2 percent over the longer run. In support of these goals, the Committee decided to keep the target range for the federal funds rate at 0 to 1/4 percent. With inflation having exceeded 2 percent for some time, the Committee expects it will be appropriate to maintain this target range until labor market conditions have reached levels consistent with the Committee’s assessments of maximum employment. In light of inflation developments and the further improvement in the labor market, the (more) For release at 2 p.m. EST December 15, 2021 -2- Committee decided to reduce the monthly pace of its net asset purchases by $20 billion for Treasury securities and $10 billion for agency mortgage-backed securities. Beginning in January, the Committee will increase its holdings of Treasury securities by at least $40 billion per month and of agency mortgage‑backed securities by at least $20 billion per month. The Committee judges that similar reductions in the pace of net asset purchases will likely be appropriate each month, but it is prepared to adjust the pace of purchases if warranted by changes in the economic outlook. The Federal Reserve’s ongoing purchases and holdings of securities will continue to foster smooth market functioning and accommodative financial conditions, thereby supporting the flow of credit to households and businesses. In assessing the appropriate stance of monetary policy, the Committee will continue to monitor the implications of incoming information for the economic outlook. The Committee would be prepared to adjust the stance of mon",full_context_loaded,DOC_D4AC23A3E0CB,FOMC statement,https://www.federalreserve.gov/monetarypolicy/files/monetary20211215a1.pdf,data\FED\Monetary Policy\2021-12-15 - FOMC statement.txt,false,cut,0.0,0.125,0.75,
FED,2022-01-26,FED_2022_01,low,True,keyword extraction,hold,0.0,0.125,0.9,explicit_unchanged_keyword,hold,0.0,0.125,0.9,strong hold keyword; Fed target range 0 to 0.25; midpoint used.,"\b(left unchanged|kept unchanged|decided to maintain|decided to keep|no change to the policy rate|maintain the target range|target range\s+at\s+[0-9].{0,40}?to\s+[0-9])\b","tion in inflation. Risks to the economic outlook remain, including from new variants of the virus. The Committee seeks to achieve maximum employment and inflation at the rate of 2 percent over the longer run. In support of these goals, the Committee decided to keep the target range for the federal funds rate at 0 to 1/4 percent. With inflation well above 2 percent and a strong labor market, the Committee expects it will soon be appropriate to raise the target range for the federal funds rate. The Committee dec","he pandemic have improved in recent months but are being affected by the recent sharp rise in COVID-19 cases. Job gains have been solid in recent months, and the unemployment rate has declined substantially. Supply and demand imbalances related to the pandemic and the reopening of the economy have continued to contribute to elevated levels of inflation. Overall financial conditions remain accommodative, in part reflecting policy measures to support the economy and the flow of credit to U.S. households and businesses. The path of the economy continues to depend on the course of the virus. Progress on vaccinations and an easing of supply constraints are expected to support continued gains in economic activity and employment as well as a reduction in inflation. Risks to the economic outlook remain, including from new variants of the virus. The Committee seeks to achieve maximum employment and inflation at the rate of 2 percent over the longer run. In support of these goals, the Committee decided to keep the target range for the federal funds rate at 0 to 1/4 percent. With inflation well above 2 percent and a strong labor market, the Committee expects it will soon be appropriate to raise the target range for the federal funds rate. The Committee decided to continue to reduce the monthly pace of its net asset purchases, bringing them to an end in early March. Beginning in February, the Committee will increase its holdings of Treasury securities by at least $20 billion per month and of agency mortgage‑backed securities by at least $10 billion per month. The Federal Reserve’s ongoing purchases and holdings of securities will continue to foster smooth market functioning and accommodative financial conditions, thereby supporting the flow of credit to households and businesses. (more) For release at 2 p.m. EST January 26, 2022 -2- In assessing the appropriate stance of monetary policy, the Committee will continue to monitor the implications of incoming information for the economic outlook.",full_context_loaded,DOC_6EA63600B6E6,FOMC statement,https://www.federalreserve.gov/monetarypolicy/files/monetary20220126a1.pdf,data\FED\Monetary Policy\2022-01-26 - FOMC statement.txt,false,hold,0.0,0.125,0.9,
FED,2023-06-14,FED_2023_06,low,True,keyword extraction,hold,0.0,5.125,0.9,explicit_unchanged_keyword,hold,0.0,5.125,0.9,strong hold keyword; Fed target range 5 to 5.25; midpoint used.,"\b(left unchanged|kept unchanged|decided to maintain|decided to keep|no change to the policy rate|maintain the target range|target range\s+at\s+[0-9].{0,40}?to\s+[0-9])\b","ent of these effects remains uncertain. The Committee remains highly attentive to inflation risks. The Committee seeks to achieve maximum employment and inflation at the rate of 2 percent over the longer run. In support of these goals, the Committee decided to maintain the target range for the federal funds rate at 5 to 5-1/4 percent. Holding the target range steady at this meeting allows the Committee to assess additional information and its implications for monetary policy. In determining the extent of additiona","BANK: FED CATEGORY: Monetary Policy TITLE: FOMC statement DATE: 14/06/2023 SPEAKER: SPEAKER ROLE: SOURCE URL: https://www.federalreserve.gov/monetarypolicy/files/monetary20230614a1.pdf DOCUMENT TYPE: pdf ==== EXTRACTED TEXT START ==== For release at 2:00 p.m. EDT June 14, 2023 Recent indicators suggest that economic activity has continued to expand at a modest pace. Job gains have been robust in recent months, and the unemployment rate has remained low. Inflation remains elevated. The U.S. banking system is sound and resilient. Tighter credit conditions for households and businesses are likely to weigh on economic activity, hiring, and inflation. The extent of these effects remains uncertain. The Committee remains highly attentive to inflation risks. The Committee seeks to achieve maximum employment and inflation at the rate of 2 percent over the longer run. In support of these goals, the Committee decided to maintain the target range for the federal funds rate at 5 to 5-1/4 percent. Holding the target range steady at this meeting allows the Committee to assess additional information and its implications for monetary policy. In determining the extent of additional policy firming that may be appropriate to return inflation to 2 percent over time, the Committee will take into account the cumulative tightening of monetary policy, the lags with which monetary policy affects economic activity and inflation, and economic and financial developments. In addition, the Committee will continue reducing its holdings of Treasury securities and agency debt and agency mortgage-backed securities, as described in its previously announced plans. The Committee is strongly committed to returning inflation to its 2 percent objective. In assessing the appropriate stance of monetary policy, the Committee will continue to monitor the implications of incoming information for the economic outlook. The Committee (more) -2- w",full_context_loaded,DOC_EA9560B7BFC9,FOMC statement,https://www.federalreserve.gov/monetarypolicy/files/monetary20230614a1.pdf,data\FED\Monetary Policy\2023-06-14 - FOMC statement.txt,false,hold,0.0,5.125,0.9,
FED,2023-09-20,FED_2023_09,low,True,keyword extraction,hold,0.0,5.375,0.9,explicit_unchanged_keyword,hold,0.0,5.375,0.9,strong hold keyword; Fed target range 5.25 to 5.5; midpoint used.,"\b(left unchanged|kept unchanged|decided to maintain|decided to keep|no change to the policy rate|maintain the target range|target range\s+at\s+[0-9].{0,40}?to\s+[0-9])\b","ent of these effects remains uncertain. The Committee remains highly attentive to inflation risks. The Committee seeks to achieve maximum employment and inflation at the rate of 2 percent over the longer run. In support of these goals, the Committee decided to maintain the target range for the federal funds rate at 5-1/4 to 5-1/2 percent. The Committee will continue to assess additional information and its implications for monetary policy. In determining the extent of additional policy firming that may be appropri","BANK: FED CATEGORY: Monetary Policy TITLE: FOMC statement DATE: 20/09/2023 SPEAKER: SPEAKER ROLE: SOURCE URL: https://www.federalreserve.gov/monetarypolicy/files/monetary20230920a1.pdf DOCUMENT TYPE: pdf ==== EXTRACTED TEXT START ==== For release at 2:00 p.m. EDT September 20, 2023 Recent indicators suggest that economic activity has been expanding at a solid pace. Job gains have slowed in recent months but remain strong, and the unemployment rate has remained low. Inflation remains elevated. The U.S. banking system is sound and resilient. Tighter credit conditions for households and businesses are likely to weigh on economic activity, hiring, and inflation. The extent of these effects remains uncertain. The Committee remains highly attentive to inflation risks. The Committee seeks to achieve maximum employment and inflation at the rate of 2 percent over the longer run. In support of these goals, the Committee decided to maintain the target range for the federal funds rate at 5-1/4 to 5-1/2 percent. The Committee will continue to assess additional information and its implications for monetary policy. In determining the extent of additional policy firming that may be appropriate to return inflation to 2 percent over time, the Committee will take into account the cumulative tightening of monetary policy, the lags with which monetary policy affects economic activity and inflation, and economic and financial developments. In addition, the Committee will continue reducing its holdings of Treasury securities and agency debt and agency mortgage-backed securities, as described in its previously announced plans. The Committee is strongly committed to returning inflation to its 2 percent objective. In assessing the appropriate stance of monetary policy, the Committee will continue to monitor the implications of incoming information for the economic outlook. The Committee (more) -2- would be prepared to adjust the stance",full_context_loaded,DOC_C69BB7C267D9,FOMC statement,https://www.federalreserve.gov/monetarypolicy/files/monetary20230920a1.pdf,data\FED\Monetary Policy\2023-09-20 - FOMC statement.txt,false,hold,0.0,5.375,0.9,
FED,2023-11-01,FED_2023_11,low,True,keyword extraction,hold,0.0,5.375,0.9,explicit_unchanged_keyword,hold,0.0,5.375,0.9,strong hold keyword; Fed target range 5.25 to 5.5; midpoint used.,"\b(left unchanged|kept unchanged|decided to maintain|decided to keep|no change to the policy rate|maintain the target range|target range\s+at\s+[0-9].{0,40}?to\s+[0-9])\b","ent of these effects remains uncertain. The Committee remains highly attentive to inflation risks. The Committee seeks to achieve maximum employment and inflation at the rate of 2 percent over the longer run. In support of these goals, the Committee decided to maintain the target range for the federal funds rate at 5-1/4 to 5-1/2 percent. The Committee will continue to assess additional information and its implications for monetary policy. In determining the extent of additional policy firming that may be appropri","BANK: FED CATEGORY: Monetary Policy TITLE: FOMC statement DATE: 01/11/2023 SPEAKER: SPEAKER ROLE: SOURCE URL: https://www.federalreserve.gov/monetarypolicy/files/monetary20231101a1.pdf DOCUMENT TYPE: pdf ==== EXTRACTED TEXT START ==== For release at 2:00 p.m. EDT November 1, 2023 Recent indicators suggest that economic activity expanded at a strong pace in the third quarter. Job gains have moderated since earlier in the year but remain strong, and the unemployment rate has remained low. Inflation remains elevated. The U.S. banking system is sound and resilient. Tighter financial and credit conditions for households and businesses are likely to weigh on economic activity, hiring, and inflation. The extent of these effects remains uncertain. The Committee remains highly attentive to inflation risks. The Committee seeks to achieve maximum employment and inflation at the rate of 2 percent over the longer run. In support of these goals, the Committee decided to maintain the target range for the federal funds rate at 5-1/4 to 5-1/2 percent. The Committee will continue to assess additional information and its implications for monetary policy. In determining the extent of additional policy firming that may be appropriate to return inflation to 2 percent over time, the Committee will take into account the cumulative tightening of monetary policy, the lags with which monetary policy affects economic activity and inflation, and economic and financial developments. In addition, the Committee will continue reducing its holdings of Treasury securities and agency debt and agency mortgage-backed securities, as described in its previously announced plans. The Committee is strongly committed to returning inflation to its 2 percent objective. (more) -2- In assessing the appropriate stance of monetary policy, the Committee will continue to monitor the implications of incoming information for the economic outlook. The Committee would be prepared to adjust the stance",full_context_loaded,DOC_3B969F5D300E,FOMC statement,https://www.federalreserve.gov/monetarypolicy/files/monetary20231101a1.pdf,data\FED\Monetary Policy\2023-11-01 - FOMC statement.txt,false,hold,0.0,5.375,0.9,
FED,2023-12-13,FED_2023_12,low,True,keyword extraction,hold,0.0,5.375,0.9,explicit_unchanged_keyword,hold,0.0,5.375,0.9,strong hold keyword; Fed target range 5.25 to 5.5; midpoint used.,"\b(left unchanged|kept unchanged|decided to maintain|decided to keep|no change to the policy rate|maintain the target range|target range\s+at\s+[0-9].{0,40}?to\s+[0-9])\b","ent of these effects remains uncertain. The Committee remains highly attentive to inflation risks. The Committee seeks to achieve maximum employment and inflation at the rate of 2 percent over the longer run. In support of these goals, the Committee decided to maintain the target range for the federal funds rate at 5-1/4 to 5-1/2 percent. The Committee will continue to assess additional information and its implications for monetary policy. In determining the extent of any additional policy firming that may be appr","CATEGORY: Monetary Policy TITLE: FOMC statement DATE: 13/12/2023 SPEAKER: SPEAKER ROLE: SOURCE URL: https://www.federalreserve.gov/monetarypolicy/files/monetary20231213a1.pdf DOCUMENT TYPE: pdf ==== EXTRACTED TEXT START ==== For release at 2:00 p.m. EST December 13, 2023 Recent indicators suggest that growth of economic activity has slowed from its strong pace in the third quarter. Job gains have moderated since earlier in the year but remain strong, and the unemployment rate has remained low. Inflation has eased over the past year but remains elevated. The U.S. banking system is sound and resilient. Tighter financial and credit conditions for households and businesses are likely to weigh on economic activity, hiring, and inflation. The extent of these effects remains uncertain. The Committee remains highly attentive to inflation risks. The Committee seeks to achieve maximum employment and inflation at the rate of 2 percent over the longer run. In support of these goals, the Committee decided to maintain the target range for the federal funds rate at 5-1/4 to 5-1/2 percent. The Committee will continue to assess additional information and its implications for monetary policy. In determining the extent of any additional policy firming that may be appropriate to return inflation to 2 percent over time, the Committee will take into account the cumulative tightening of monetary policy, the lags with which monetary policy affects economic activity and inflation, and economic and financial developments. In addition, the Committee will continue reducing its holdings of Treasury securities and agency debt and agency mortgage-backed securities, as described in its previously announced plans. The Committee is strongly committed to returning inflation to its 2 percent objective. (more) -2- In assessing the appropriate stance of monetary policy, the Committee will continue to monitor the implications of incoming information for the economic outlook. The Committee would be prepared to adjust the st",full_context_loaded,DOC_743F335632F6,FOMC statement,https://www.federalreserve.gov/monetarypolicy/files/monetary20231213a1.pdf,data\FED\Monetary Policy\2023-12-13 - FOMC statement.txt,false,hold,0.0,5.375,0.9,
FED,2024-01-31,FED_2024_01,low,True,keyword extraction,hold,0.0,5.375,0.9,explicit_unchanged_keyword,hold,0.0,5.375,0.9,strong hold keyword; Fed target range 5.25 to 5.5; midpoint used.,"\b(left unchanged|kept unchanged|decided to maintain|decided to keep|no change to the policy rate|maintain the target range|target range\s+at\s+[0-9].{0,40}?to\s+[0-9])\b","Committee judges that the risks to achieving its employment and inflation goals are moving into better balance. The economic outlook is uncertain, and the Committee remains highly attentive to inflation risks. In support of its goals, the Committee decided to maintain the target range for the federal funds rate at 5-1/4 to 5-1/2 percent. In considering any adjustments to the target range for the federal funds rate, the Committee will carefully assess incoming data, the evolving outlook, and the balance of risks.","BANK: FED CATEGORY: Monetary Policy TITLE: FOMC statement DATE: 31/01/2024 SPEAKER: SPEAKER ROLE: SOURCE URL: https://www.federalreserve.gov/monetarypolicy/files/monetary20240131a1.pdf DOCUMENT TYPE: pdf ==== EXTRACTED TEXT START ==== For release at 2:00 p.m. EST January 31, 2024 Recent indicators suggest that economic activity has been expanding at a solid pace. Job gains have moderated since early last year but remain strong, and the unemployment rate has remained low. Inflation has eased over the past year but remains elevated. The Committee seeks to achieve maximum employment and inflation at the rate of 2 percent over the longer run. The Committee judges that the risks to achieving its employment and inflation goals are moving into better balance. The economic outlook is uncertain, and the Committee remains highly attentive to inflation risks. In support of its goals, the Committee decided to maintain the target range for the federal funds rate at 5-1/4 to 5-1/2 percent. In considering any adjustments to the target range for the federal funds rate, the Committee will carefully assess incoming data, the evolving outlook, and the balance of risks. The Committee does not expect it will be appropriate to reduce the target range until it has gained greater confidence that inflation is moving sustainably toward 2 percent. In addition, the Committee will continue reducing its holdings of Treasury securities and agency debt and agency mortgage-backed securities, as described in its previously announced plans. The Committee is strongly committed to returning inflation to its 2 percent objective. In assessing the appropriate stance of monetary policy, the Committee will continue to monitor the implications of incoming information for the economic outlook. The Committee would be prepared to adjust the stance of monetary policy as appropriate if risks emerge that could impede the attainment of",full_context_loaded,DOC_E21671C4A927,FOMC statement,https://www.federalreserve.gov/monetarypolicy/files/monetary20240131a1.pdf,data\FED\Monetary Policy\2024-01-31 - FOMC statement.txt,false,hold,0.0,5.375,0.9,
FED,2024-03-20,FED_2024_03,low,True,keyword extraction,hold,0.0,5.375,0.9,explicit_unchanged_keyword,hold,0.0,5.375,0.9,strong hold keyword; Fed target range 5.25 to 5.5; midpoint used.,"\b(left unchanged|kept unchanged|decided to maintain|decided to keep|no change to the policy rate|maintain the target range|target range\s+at\s+[0-9].{0,40}?to\s+[0-9])\b","Committee judges that the risks to achieving its employment and inflation goals are moving into better balance. The economic outlook is uncertain, and the Committee remains highly attentive to inflation risks. In support of its goals, the Committee decided to maintain the target range for the federal funds rate at 5-1/4 to 5-1/2 percent. In considering any adjustments to the target range for the federal funds rate, the Committee will carefully assess incoming data, the evolving outlook, and the balance of risks.","BANK: FED CATEGORY: Monetary Policy TITLE: FOMC statement DATE: 20/03/2024 SPEAKER: SPEAKER ROLE: SOURCE URL: https://www.federalreserve.gov/monetarypolicy/files/monetary20240320a1.pdf DOCUMENT TYPE: pdf ==== EXTRACTED TEXT START ==== For release at 2:00 p.m. EDT March 20, 2024 Recent indicators suggest that economic activity has been expanding at a solid pace. Job gains have remained strong, and the unemployment rate has remained low. Inflation has eased over the past year but remains elevated. The Committee seeks to achieve maximum employment and inflation at the rate of 2 percent over the longer run. The Committee judges that the risks to achieving its employment and inflation goals are moving into better balance. The economic outlook is uncertain, and the Committee remains highly attentive to inflation risks. In support of its goals, the Committee decided to maintain the target range for the federal funds rate at 5-1/4 to 5-1/2 percent. In considering any adjustments to the target range for the federal funds rate, the Committee will carefully assess incoming data, the evolving outlook, and the balance of risks. The Committee does not expect it will be appropriate to reduce the target range until it has gained greater confidence that inflation is moving sustainably toward 2 percent. In addition, the Committee will continue reducing its holdings of Treasury securities and agency debt and agency mortgage-backed securities, as described in its previously announced plans. The Committee is strongly committed to returning inflation to its 2 percent objective. In assessing the appropriate stance of monetary policy, the Committee will continue to monitor the implications of incoming information for the economic outlook. The Committee would be prepared to adjust the stance of monetary policy as appropriate if risks emerge that could impede the attainment of",full_context_loaded,DOC_DB28C3494C07,FOMC statement,https://www.federalreserve.gov/monetarypolicy/files/monetary20240320a1.pdf,data\FED\Monetary Policy\2024-03-20 - FOMC statement.txt,false,hold,0.0,5.375,0.9,
FED,2024-05-01,FED_2024_05,low,True,keyword extraction,hold,0.0,5.375,0.9,explicit_unchanged_keyword,hold,0.0,5.375,0.9,strong hold keyword; Fed target range 5.25 to 5.5; midpoint used.,"\b(left unchanged|kept unchanged|decided to maintain|decided to keep|no change to the policy rate|maintain the target range|target range\s+at\s+[0-9].{0,40}?to\s+[0-9])\b","t the risks to achieving its employment and inflation goals have moved toward better balance over the past year. The economic outlook is uncertain, and the Committee remains highly attentive to inflation risks. In support of its goals, the Committee decided to maintain the target range for the federal funds rate at 5-1/4 to 5-1/2 percent. In considering any adjustments to the target range for the federal funds rate, the Committee will carefully assess incoming data, the evolving outlook, and the balance of risks.","ANK: FED CATEGORY: Monetary Policy TITLE: FOMC statement DATE: 01/05/2024 SPEAKER: SPEAKER ROLE: SOURCE URL: https://www.federalreserve.gov/monetarypolicy/files/monetary20240501a1.pdf DOCUMENT TYPE: pdf ==== EXTRACTED TEXT START ==== For release at 2:00 p.m. EDT May 1, 2024 Recent indicators suggest that economic activity has continued to expand at a solid pace. Job gains have remained strong, and the unemployment rate has remained low. Inflation has eased over the past year but remains elevated. In recent months, there has been a lack of further progress toward the Committee’s 2 percent inflation objective. The Committee seeks to achieve maximum employment and inflation at the rate of 2 percent over the longer run. The Committee judges that the risks to achieving its employment and inflation goals have moved toward better balance over the past year. The economic outlook is uncertain, and the Committee remains highly attentive to inflation risks. In support of its goals, the Committee decided to maintain the target range for the federal funds rate at 5-1/4 to 5-1/2 percent. In considering any adjustments to the target range for the federal funds rate, the Committee will carefully assess incoming data, the evolving outlook, and the balance of risks. The Committee does not expect it will be appropriate to reduce the target range until it has gained greater confidence that inflation is moving sustainably toward 2 percent. In addition, the Committee will continue reducing its holdings of Treasury securities and agency debt and agency mortgage-backed securities. Beginning in June, the Committee will slow the pace of decline of its securities holdings by reducing the monthly redemption cap on Treasury securities from $60 billion to $25 billion. The Committee will maintain the monthly redemption cap on agency debt and agency mortgage-backed securities at $35 billion and will reinvest any (more) -2- principal payments in excess of this cap into Treasury securities. The Committee is strongly c",full_context_loaded,DOC_9188E02FEF08,FOMC statement,https://www.federalreserve.gov/monetarypolicy/files/monetary20240501a1.pdf,data\FED\Monetary Policy\2024-05-01 - FOMC statement.txt,false,hold,0.0,5.375,0.9,
FED,2024-06-12,FED_2024_06,low,True,keyword extraction,hold,0.0,5.375,0.9,explicit_unchanged_keyword,hold,0.0,5.375,0.9,strong hold keyword; Fed target range 5.25 to 5.5; midpoint used.,"\b(left unchanged|kept unchanged|decided to maintain|decided to keep|no change to the policy rate|maintain the target range|target range\s+at\s+[0-9].{0,40}?to\s+[0-9])\b","t the risks to achieving its employment and inflation goals have moved toward better balance over the past year. The economic outlook is uncertain, and the Committee remains highly attentive to inflation risks. In support of its goals, the Committee decided to maintain the target range for the federal funds rate at 5-1/4 to 5-1/2 percent. In considering any adjustments to the target range for the federal funds rate, the Committee will carefully assess incoming data, the evolving outlook, and the balance of risks.","BANK: FED CATEGORY: Monetary Policy TITLE: FOMC statement DATE: 12/06/2024 SPEAKER: SPEAKER ROLE: SOURCE URL: https://www.federalreserve.gov/monetarypolicy/files/monetary20240612a1.pdf DOCUMENT TYPE: pdf ==== EXTRACTED TEXT START ==== For release at 2:00 p.m. EDT June 12, 2024 Recent indicators suggest that economic activity has continued to expand at a solid pace. Job gains have remained strong, and the unemployment rate has remained low. Inflation has eased over the past year but remains elevated. In recent months, there has been modest further progress toward the Committee’s 2 percent inflation objective. The Committee seeks to achieve maximum employment and inflation at the rate of 2 percent over the longer run. The Committee judges that the risks to achieving its employment and inflation goals have moved toward better balance over the past year. The economic outlook is uncertain, and the Committee remains highly attentive to inflation risks. In support of its goals, the Committee decided to maintain the target range for the federal funds rate at 5-1/4 to 5-1/2 percent. In considering any adjustments to the target range for the federal funds rate, the Committee will carefully assess incoming data, the evolving outlook, and the balance of risks. The Committee does not expect it will be appropriate to reduce the target range until it has gained greater confidence that inflation is moving sustainably toward 2 percent. In addition, the Committee will continue reducing its holdings of Treasury securities and agency debt and agency mortgage‑backed securities. The Committee is strongly committed to returning inflation to its 2 percent objective. In assessing the appropriate stance of monetary policy, the Committee will continue to monitor the implications of incoming information for the economic outlook. The Committee would be prepared to adjust the stance of monetary policy as appropriate if risks emerge that (more) -2- could impede the attainment of the Committee’s goals. The Committee",full_context_loaded,DOC_E90F0043310A,FOMC statement,https://www.federalreserve.gov/monetarypolicy/files/monetary20240612a1.pdf,data\FED\Monetary Policy\2024-06-12 - FOMC statement.txt,false,hold,0.0,5.375,0.9,
FED,2024-07-31,FED_2024_07,low,True,keyword extraction,hold,0.0,5.375,0.9,explicit_unchanged_keyword,hold,0.0,5.375,0.9,strong hold keyword; Fed target range 5.25 to 5.5; midpoint used.,"\b(left unchanged|kept unchanged|decided to maintain|decided to keep|no change to the policy rate|maintain the target range|target range\s+at\s+[0-9].{0,40}?to\s+[0-9])\b","the risks to achieving its employment and inflation goals continue to move into better balance. The economic outlook is uncertain, and the Committee is attentive to the risks to both sides of its dual mandate. In support of its goals, the Committee decided to maintain the target range for the federal funds rate at 5-1/4 to 5-1/2 percent. In considering any adjustments to the target range for the federal funds rate, the Committee will carefully assess incoming data, the evolving outlook, and the balance of risks.","GORY: Monetary Policy TITLE: FOMC statement DATE: 31/07/2024 SPEAKER: SPEAKER ROLE: SOURCE URL: https://www.federalreserve.gov/monetarypolicy/files/monetary20240731a1.pdf DOCUMENT TYPE: pdf ==== EXTRACTED TEXT START ==== For release at 2:00 p.m. EDT July 31, 2024 Recent indicators suggest that economic activity has continued to expand at a solid pace. Job gains have moderated, and the unemployment rate has moved up but remains low. Inflation has eased over the past year but remains somewhat elevated. In recent months, there has been some further progress toward the Committee’s 2 percent inflation objective. The Committee seeks to achieve maximum employment and inflation at the rate of 2 percent over the longer run. The Committee judges that the risks to achieving its employment and inflation goals continue to move into better balance. The economic outlook is uncertain, and the Committee is attentive to the risks to both sides of its dual mandate. In support of its goals, the Committee decided to maintain the target range for the federal funds rate at 5-1/4 to 5-1/2 percent. In considering any adjustments to the target range for the federal funds rate, the Committee will carefully assess incoming data, the evolving outlook, and the balance of risks. The Committee does not expect it will be appropriate to reduce the target range until it has gained greater confidence that inflation is moving sustainably toward 2 percent. In addition, the Committee will continue reducing its holdings of Treasury securities and agency debt and agency mortgage‑backed securities. The Committee is strongly committed to returning inflation to its 2 percent objective. In assessing the appropriate stance of monetary policy, the Committee will continue to monitor the implications of incoming information for the economic outlook. The Committee would be prepared to adjust the stance of monetary policy as appropriate if risks emerge that (more) -2- could impede the attainment of the Committee’s goals. The Committee",full_context_loaded,DOC_C7105885CC22,FOMC statement,https://www.federalreserve.gov/monetarypolicy/files/monetary20240731a1.pdf,data\FED\Monetary Policy\2024-07-31 - FOMC statement.txt,false,hold,0.0,5.375,0.9,
FED,2024-12-18,FED_2024_12,low,True,keyword extraction,hold,0.0,4.625,0.9,explicit_unchanged_keyword,cut,,4.625,0.75,strong cut keyword; Fed target range 4.5 to 4.75; midpoint used.,\bdecided\s+to\s+(?:lower|reduce)\b,"ee judges that the risks to achieving its employment and inflation goals are roughly in balance. The economic outlook is uncertain, and the Committee is attentive to the risks to both sides of its dual mandate. In support of its goals, the Committee decided to lower the target range for the federal funds rate by 1/4 percentage point to 4-1/4 to 4-1/2 percent. In considering the extent and timing of additional adjustments to the target range for the federal funds rate, the Committee will carefully assess incomin","BANK: FED CATEGORY: Monetary Policy TITLE: FOMC statement DATE: 18/12/2024 SPEAKER: SPEAKER ROLE: SOURCE URL: https://www.federalreserve.gov/monetarypolicy/files/monetary20241218a1.pdf DOCUMENT TYPE: pdf ==== EXTRACTED TEXT START ==== For release at 2:00 p.m. EST December 18, 2024 Recent indicators suggest that economic activity has continued to expand at a solid pace. Since earlier in the year, labor market conditions have generally eased, and the unemployment rate has moved up but remains low. Inflation has made progress toward the Committee’s 2 percent objective but remains somewhat elevated. The Committee seeks to achieve maximum employment and inflation at the rate of 2 percent over the longer run. The Committee judges that the risks to achieving its employment and inflation goals are roughly in balance. The economic outlook is uncertain, and the Committee is attentive to the risks to both sides of its dual mandate. In support of its goals, the Committee decided to lower the target range for the federal funds rate by 1/4 percentage point to 4-1/4 to 4-1/2 percent. In considering the extent and timing of additional adjustments to the target range for the federal funds rate, the Committee will carefully assess incoming data, the evolving outlook, and the balance of risks. The Committee will continue reducing its holdings of Treasury securities and agency debt and agency mortgage‑backed securities. The Committee is strongly committed to supporting maximum employment and returning inflation to its 2 percent objective. In assessing the appropriate stance of monetary policy, the Committee will continue to monitor the implications of incoming information for the economic outlook. The Committee would be prepared to adjust the stance of monetary policy as appropriate if risks emerge that could impede the attainment of the Committee’s goals. The Committee’s assessments will take (more) -2- into account a wide range of information, including readings on labor ma",full_context_loaded,DOC_86EB3874CE5B,FOMC statement,https://www.federalreserve.gov/monetarypolicy/files/monetary20241218a1.pdf,data\FED\Monetary Policy\2024-12-18 - FOMC statement.txt,false,cut,0.0,4.625,0.75,
FED,2025-01-29,FED_2025_01,low,True,keyword extraction,hold,0.0,4.375,0.9,explicit_unchanged_keyword,hold,0.0,4.375,0.9,strong hold keyword; Fed target range 4.25 to 4.5; midpoint used.,"\b(left unchanged|kept unchanged|decided to maintain|decided to keep|no change to the policy rate|maintain the target range|target range\s+at\s+[0-9].{0,40}?to\s+[0-9])\b","ee judges that the risks to achieving its employment and inflation goals are roughly in balance. The economic outlook is uncertain, and the Committee is attentive to the risks to both sides of its dual mandate. In support of its goals, the Committee decided to maintain the target range for the federal funds rate at 4-1/4 to 4-1/2 percent. In considering the extent and timing of additional adjustments to the target range for the federal funds rate, the Committee will carefully assess incoming data, the evolving out","BANK: FED CATEGORY: Monetary Policy TITLE: FOMC statement DATE: 29/01/2025 SPEAKER: SPEAKER ROLE: SOURCE URL: https://www.federalreserve.gov/monetarypolicy/files/monetary20250129a1.pdf DOCUMENT TYPE: pdf ==== EXTRACTED TEXT START ==== For release at 2:00 p.m. EST January 29, 2025 Recent indicators suggest that economic activity has continued to expand at a solid pace. The unemployment rate has stabilized at a low level in recent months, and labor market conditions remain solid. Inflation remains somewhat elevated. The Committee seeks to achieve maximum employment and inflation at the rate of 2 percent over the longer run. The Committee judges that the risks to achieving its employment and inflation goals are roughly in balance. The economic outlook is uncertain, and the Committee is attentive to the risks to both sides of its dual mandate. In support of its goals, the Committee decided to maintain the target range for the federal funds rate at 4-1/4 to 4-1/2 percent. In considering the extent and timing of additional adjustments to the target range for the federal funds rate, the Committee will carefully assess incoming data, the evolving outlook, and the balance of risks. The Committee will continue reducing its holdings of Treasury securities and agency debt and agency mortgage‑backed securities. The Committee is strongly committed to supporting maximum employment and returning inflation to its 2 percent objective. In assessing the appropriate stance of monetary policy, the Committee will continue to monitor the implications of incoming information for the economic outlook. The Committee would be prepared to adjust the stance of monetary policy as appropriate if risks emerge that could impede the attainment of the Committee’s goals. The Committee’s assessments will take into account a wide range of information, including readings on labor market conditions, (more) -2- inflati",full_context_loaded,DOC_DE851CC96915,FOMC statement,https://www.federalreserve.gov/monetarypolicy/files/monetary20250129a1.pdf,data\FED\Monetary Policy\2025-01-29 - FOMC statement.txt,false,hold,0.0,4.375,0.9,
FED,2025-03-19,FED_2025_03,low,True,keyword extraction,hold,0.0,4.375,0.9,explicit_unchanged_keyword,hold,0.0,4.375,0.9,strong hold keyword; Fed target range 4.25 to 4.5; midpoint used.,"\b(left unchanged|kept unchanged|decided to maintain|decided to keep|no change to the policy rate|maintain the target range|target range\s+at\s+[0-9].{0,40}?to\s+[0-9])\b","e maximum employment and inflation at the rate of 2 percent over the longer run. Uncertainty around the economic outlook has increased. The Committee is attentive to the risks to both sides of its dual mandate. In support of its goals, the Committee decided to maintain the target range for the federal funds rate at 4-1/4 to 4-1/2 percent. In considering the extent and timing of additional adjustments to the target range for the federal funds rate, the Committee will carefully assess incoming data, the evolving out","BANK: FED CATEGORY: Monetary Policy TITLE: FOMC statement DATE: 19/03/2025 SPEAKER: SPEAKER ROLE: SOURCE URL: https://www.federalreserve.gov/monetarypolicy/files/monetary20250319a1.pdf DOCUMENT TYPE: pdf ==== EXTRACTED TEXT START ==== For release at 2:00 p.m. EDT March 19, 2025 Recent indicators suggest that economic activity has continued to expand at a solid pace. The unemployment rate has stabilized at a low level in recent months, and labor market conditions remain solid. Inflation remains somewhat elevated. The Committee seeks to achieve maximum employment and inflation at the rate of 2 percent over the longer run. Uncertainty around the economic outlook has increased. The Committee is attentive to the risks to both sides of its dual mandate. In support of its goals, the Committee decided to maintain the target range for the federal funds rate at 4-1/4 to 4-1/2 percent. In considering the extent and timing of additional adjustments to the target range for the federal funds rate, the Committee will carefully assess incoming data, the evolving outlook, and the balance of risks. The Committee will continue reducing its holdings of Treasury securities and agency debt and agency mortgage‑backed securities. Beginning in April, the Committee will slow the pace of decline of its securities holdings by reducing the monthly redemption cap on Treasury securities from $25 billion to $5 billion. The Committee will maintain the monthly redemption cap on agency debt and agency mortgage-backed securities at $35 billion. The Committee is strongly committed to supporting maximum employment and returning inflation to its 2 percent objective. In assessing the appropriate stance of monetary policy, the Committee will continue to monitor the implications of incoming information for the economic outlook",full_context_loaded,DOC_B6AE96406438,FOMC statement,https://www.federalreserve.gov/monetarypolicy/files/monetary20250319a1.pdf,data\FED\Monetary Policy\2025-03-19 - FOMC statement.txt,false,hold,0.0,4.375,0.9,
FED,2025-05-07,FED_2025_05,low,True,keyword extraction,hold,0.0,4.375,0.9,explicit_unchanged_keyword,hold,0.0,4.375,0.9,strong hold keyword; Fed target range 4.25 to 4.5; midpoint used.,"\b(left unchanged|kept unchanged|decided to maintain|decided to keep|no change to the policy rate|maintain the target range|target range\s+at\s+[0-9].{0,40}?to\s+[0-9])\b","inty about the economic outlook has increased further. The Committee is attentive to the risks to both sides of its dual mandate and judges that the risks of higher unemployment and higher inflation have risen. In support of its goals, the Committee decided to maintain the target range for the federal funds rate at 4-1/4 to 4-1/2 percent. In considering the extent and timing of additional adjustments to the target range for the federal funds rate, the Committee will carefully assess incoming data, the evolving out","BANK: FED CATEGORY: Monetary Policy TITLE: FOMC statement DATE: 07/05/2025 SPEAKER: SPEAKER ROLE: SOURCE URL: https://www.federalreserve.gov/monetarypolicy/files/monetary20250507a1.pdf DOCUMENT TYPE: pdf ==== EXTRACTED TEXT START ==== For release at 2:00 p.m. EDT May 7, 2025 Although swings in net exports have affected the data, recent indicators suggest that economic activity has continued to expand at a solid pace. The unemployment rate has stabilized at a low level in recent months, and labor market conditions remain solid. Inflation remains somewhat elevated. The Committee seeks to achieve maximum employment and inflation at the rate of 2 percent over the longer run. Uncertainty about the economic outlook has increased further. The Committee is attentive to the risks to both sides of its dual mandate and judges that the risks of higher unemployment and higher inflation have risen. In support of its goals, the Committee decided to maintain the target range for the federal funds rate at 4-1/4 to 4-1/2 percent. In considering the extent and timing of additional adjustments to the target range for the federal funds rate, the Committee will carefully assess incoming data, the evolving outlook, and the balance of risks. The Committee will continue reducing its holdings of Treasury securities and agency debt and agency mortgage‑backed securities. The Committee is strongly committed to supporting maximum employment and returning inflation to its 2 percent objective. In assessing the appropriate stance of monetary policy, the Committee will continue to monitor the implications of incoming information for the economic outlook. The Committee would be prepared to adjust the stance of monetary policy as appropriate if risks emerge that could impede the attainment of the Committee’s goals. The Committee’s assessments will take (more) -2- into account a wide range of information, including readings on labor market conditions, inflati",full_context_loaded,DOC_46531E694893,FOMC statement,https://www.federalreserve.gov/monetarypolicy/files/monetary20250507a1.pdf,data\FED\Monetary Policy\2025-05-07 - FOMC statement.txt,false,hold,0.0,4.375,0.9,
FED,2025-06-18,FED_2025_06,low,True,keyword extraction,hold,0.0,4.375,0.9,explicit_unchanged_keyword,hold,0.0,4.375,0.9,strong hold keyword; Fed target range 4.25 to 4.5; midpoint used.,"\b(left unchanged|kept unchanged|decided to maintain|decided to keep|no change to the policy rate|maintain the target range|target range\s+at\s+[0-9].{0,40}?to\s+[0-9])\b","and inflation at the rate of 2 percent over the longer run. Uncertainty about the economic outlook has diminished but remains elevated. The Committee is attentive to the risks to both sides of its dual mandate. In support of its goals, the Committee decided to maintain the target range for the federal funds rate at 4-1/4 to 4-1/2 percent. In considering the extent and timing of additional adjustments to the target range for the federal funds rate, the Committee will carefully assess incoming data, the evolving out","BANK: FED CATEGORY: Monetary Policy TITLE: FOMC statement DATE: 18/06/2025 SPEAKER: SPEAKER ROLE: SOURCE URL: https://www.federalreserve.gov/monetarypolicy/files/monetary20250618a1.pdf DOCUMENT TYPE: pdf ==== EXTRACTED TEXT START ==== For release at 2:00 p.m. EDT June 18, 2025 Although swings in net exports have affected the data, recent indicators suggest that economic activity has continued to expand at a solid pace. The unemployment rate remains low, and labor market conditions remain solid. Inflation remains somewhat elevated. The Committee seeks to achieve maximum employment and inflation at the rate of 2 percent over the longer run. Uncertainty about the economic outlook has diminished but remains elevated. The Committee is attentive to the risks to both sides of its dual mandate. In support of its goals, the Committee decided to maintain the target range for the federal funds rate at 4-1/4 to 4-1/2 percent. In considering the extent and timing of additional adjustments to the target range for the federal funds rate, the Committee will carefully assess incoming data, the evolving outlook, and the balance of risks. The Committee will continue reducing its holdings of Treasury securities and agency debt and agency mortgage‑backed securities. The Committee is strongly committed to supporting maximum employment and returning inflation to its 2 percent objective. In assessing the appropriate stance of monetary policy, the Committee will continue to monitor the implications of incoming information for the economic outlook. The Committee would be prepared to adjust the stance of monetary policy as appropriate if risks emerge that could impede the attainment of the Committee’s goals. The Committee’s assessments will take into account a wide range of information, including readings on labor market conditions, inflation pressure",full_context_loaded,DOC_9DAEA125EB24,FOMC statement,https://www.federalreserve.gov/monetarypolicy/files/monetary20250618a1.pdf,data\FED\Monetary Policy\2025-06-18 - FOMC statement.txt,false,hold,0.0,4.375,0.9,
FED,2025-07-30,FED_2025_07,low,True,keyword extraction,hold,0.0,4.375,0.9,explicit_unchanged_keyword,hold,0.0,4.375,0.9,strong hold keyword; Fed target range 4.25 to 4.5; midpoint used.,"\b(left unchanged|kept unchanged|decided to maintain|decided to keep|no change to the policy rate|maintain the target range|target range\s+at\s+[0-9].{0,40}?to\s+[0-9])\b","maximum employment and inflation at the rate of 2 percent over the longer run. Uncertainty about the economic outlook remains elevated. The Committee is attentive to the risks to both sides of its dual mandate. In support of its goals, the Committee decided to maintain the target range for the federal funds rate at 4-1/4 to 4-1/2 percent. In considering the extent and timing of additional adjustments to the target range for the federal funds rate, the Committee will carefully assess incoming data, the evolving out","BANK: FED CATEGORY: Monetary Policy TITLE: FOMC statement DATE: 30/07/2025 SPEAKER: SPEAKER ROLE: SOURCE URL: https://www.federalreserve.gov/monetarypolicy/files/monetary20250730a1.pdf DOCUMENT TYPE: pdf ==== EXTRACTED TEXT START ==== For release at 2:00 p.m. EDT July 30, 2025 Although swings in net exports continue to affect the data, recent indicators suggest that growth of economic activity moderated in the first half of the year. The unemployment rate remains low, and labor market conditions remain solid. Inflation remains somewhat elevated. The Committee seeks to achieve maximum employment and inflation at the rate of 2 percent over the longer run. Uncertainty about the economic outlook remains elevated. The Committee is attentive to the risks to both sides of its dual mandate. In support of its goals, the Committee decided to maintain the target range for the federal funds rate at 4-1/4 to 4-1/2 percent. In considering the extent and timing of additional adjustments to the target range for the federal funds rate, the Committee will carefully assess incoming data, the evolving outlook, and the balance of risks. The Committee will continue reducing its holdings of Treasury securities and agency debt and agency mortgage‑backed securities. The Committee is strongly committed to supporting maximum employment and returning inflation to its 2 percent objective. In assessing the appropriate stance of monetary policy, the Committee will continue to monitor the implications of incoming information for the economic outlook. The Committee would be prepared to adjust the stance of monetary policy as appropriate if risks emerge that could impede the attainment of the Committee’s goals. The Committee’s assessments will take into account a wide range of information, including readings on labor market conditions, inflation pressure",full_context_loaded,DOC_071349E655F3,FOMC statement,https://www.federalreserve.gov/monetarypolicy/files/monetary20250730a1.pdf,data\FED\Monetary Policy\2025-07-30 - FOMC statement.txt,false,hold,0.0,4.375,0.9,
FED,2026-01-28,FED_2026_01,low,True,keyword extraction,hold,0.0,3.625,0.9,explicit_unchanged_keyword,hold,0.0,3.625,0.9,strong hold keyword; Fed target range 3.5 to 3.75; midpoint used.,"\b(left unchanged|kept unchanged|decided to maintain|decided to keep|no change to the policy rate|maintain the target range|target range\s+at\s+[0-9].{0,40}?to\s+[0-9])\b","maximum employment and inflation at the rate of 2 percent over the longer run. Uncertainty about the economic outlook remains elevated. The Committee is attentive to the risks to both sides of its dual mandate. In support of its goals, the Committee decided to maintain the target range for the federal funds rate at 3-1/2 to 3-3/4 percent. In considering the extent and timing of additional adjustments to the target range for the federal funds rate, the Committee will carefully assess incoming data, the evolving out","BANK: FED CATEGORY: Monetary Policy TITLE: FOMC statement DATE: 28/01/2026 SPEAKER: SPEAKER ROLE: SOURCE URL: https://www.federalreserve.gov/monetarypolicy/files/monetary20260128a1.pdf DOCUMENT TYPE: pdf ==== EXTRACTED TEXT START ==== For release at 2:00 p.m. EST January 28, 2026 Available indicators suggest that economic activity has been expanding at a solid pace. Job gains have remained low, and the unemployment rate has shown some signs of stabilization. Inflation remains somewhat elevated. The Committee seeks to achieve maximum employment and inflation at the rate of 2 percent over the longer run. Uncertainty about the economic outlook remains elevated. The Committee is attentive to the risks to both sides of its dual mandate. In support of its goals, the Committee decided to maintain the target range for the federal funds rate at 3-1/2 to 3-3/4 percent. In considering the extent and timing of additional adjustments to the target range for the federal funds rate, the Committee will carefully assess incoming data, the evolving outlook, and the balance of risks. The Committee is strongly committed to supporting maximum employment and returning inflation to its 2 percent objective. In assessing the appropriate stance of monetary policy, the Committee will continue to monitor the implications of incoming information for the economic outlook. The Committee would be prepared to adjust the stance of monetary policy as appropriate if risks emerge that could impede the attainment of the Committee’s goals. The Committee’s assessments will take into account a wide range of information, including readings on labor market conditions, inflation pressures and inflation expectations, and financial and international developments. (more) -2- Voting for the monetary policy action wer",full_context_loaded,DOC_C110B384B484,FOMC statement,https://www.federalreserve.gov/monetarypolicy/files/monetary20260128a1.pdf,data\FED\Monetary Policy\2026-01-28 - FOMC statement.txt,false,hold,0.0,3.625,0.9,
NORGES_BANK,2024-06-01,NORGES_BANK_2024_06_D,low,True,keyword extraction,hold,0.0,4.5,0.9,explicit_unchanged_keyword,hold,0.0,4.5,0.9,strong hold keyword,\b(remains|remain)\s+at\b,"orecast] Norges Bank started a gradual normalisation of interest rates in September 2021, and our key policy rate now stands at 4.5 percent. The policy rate forecast in our latest Monetary Policy Report in September implies that the policy rate will remain at 4.5 percent to the end of this year, before being gradually reduced from first quarter 2025. The trade-offs we face as policymakers when setting interest rates depend not only on the shocks that occur, but also on the relative strength of the differ","ntributed to a rise in prices for a broad range of goods during the pandemic. When pandemic restrictions were lifted, economic activity quickly rebounded. The high level of household saving gave an additional impetus to demand. When Russia invaded Ukraine in February 2022, energy and commodity prices soared. Since Norway is a major exporter of oil and gas, those price increases constituted a positive terms-of-trade shock, and they generated large inflows into the Norwegian government’s sovereign wealth fund, the Government Pension Fund Global. But at the same time, the increases in energy prices contributed to pushing up domestic business costs and spilled over into consumer prices. [Chart: Policy rate at 4.5% to end of year, according to forecast] Norges Bank started a gradual normalisation of interest rates in September 2021, and our key policy rate now stands at 4.5 percent. The policy rate forecast in our latest Monetary Policy Report in September implies that the policy rate will remain at 4.5 percent to the end of this year, before being gradually reduced from first quarter 2025. The trade-offs we face as policymakers when setting interest rates depend not only on the shocks that occur, but also on the relative strength of the different transmission channels of monetary policy. The transmission channels can vary both across countries and over time depending on, among other things, institutional features of labor and housing markets as well as the balance sheets of households. [3] My remarks today will focus on one particular aspect of the monetary policy transmission mechanism in Norway, namely the strong direct effect of monetary policy on household spending operating through net interest expenses. [4] As I will return to, the strong cash-flow channel combined with an unexpectedly large currency depreciation has created some particular trade-offs for monetary policy over the past few years. A strong cash-flow channel [Chart: Large differences in pass-through of moneta",full_context_loaded,DOC_8AE8F016BA52,Monetary policy trade-offs in a small open economy – the case of Norway,https://www.norges-bank.no/en/news-events/news/Speeches/2024/2024-10-24-peterson-institute/,data\NORGES_BANK\Speeches\2024-10-24 - the case of Norway - Monetary policy trade-offs in a small open economy – the case of Norway.txt,false,hold,0.0,4.5,0.9,
RBNZ,2024-02-27,RBNZ_2024_02,low,True,keyword extraction,hold,0.0,5.5,0.9,explicit_unchanged_keyword,hold,0.0,5.5,0.9,strong hold keyword,\b(remains|remain)\s+at\b,"ins confident that the current level of the OCR is restricting demand. However, a sustained decline in capacity pressures in the New Zealand economy is required to ensure that headline inflation returns to the 1 to 3 percent target. The OCR needs to remain at a restrictive level for a sustained period of time to ensure this occurs. Meitaki, thanks. Adrian Orr Governor Figure i.1 Official Cash Rate (OCR) (quarterly average) Source: RBNZ estimates. iii Monetary Policy Statement. February 2024 REPORT AND SU","port a further moderation in New Zealand’s import price inflation. The outlook for the China economy remains particularly weak relative to recent historical norms, with structural factors constraining long- term growth. A more general risk to global growth is that central banks may need to keep policy interest rates at restrictive levels for longer than currently reflected by financial market pricing, to ensure that inflation targets are met. Heightened geopolitical and climate conditions remain a risk for inflation. The recent rise in global shipping costs is one manifestation of these risks. The Committee remains alert to these relative cost pressures and will act to limit spillovers into general inflation if necessary. The Committee remains confident that the current level of the OCR is restricting demand. However, a sustained decline in capacity pressures in the New Zealand economy is required to ensure that headline inflation returns to the 1 to 3 percent target. The OCR needs to remain at a restrictive level for a sustained period of time to ensure this occurs. Meitaki, thanks. Adrian Orr Governor Figure i.1 Official Cash Rate (OCR) (quarterly average) Source: RBNZ estimates. iii Monetary Policy Statement. February 2024 REPORT AND SUPPORTING NOTES PUBLISHED AT: www.rbnz.govt.nz/monetary-policy/monetary-policy-statement Subscribe online: www.rbnz.govt.nz/email-updates Copyright © 2023 Reserve Bank of New Zealand This report is published pursuant to section 129 of the Reserve Bank of New Zealand Act 2021. ISSN 1770-4829 rbnz.govt.nz Thank you to RBNZ staff for photography in this report. Cover: Kaikōura Peninsula. Photo: Matthew Brunt Monetary Policy Framework The Monetary Policy Committee operates and makes decisions under the monetary policy framework that comprises the following key components: • the Remit; • the Charter; • the Code of Conduct; and • the monetary policy strategy. The corresponding documents to these components and additional information can be accesse",full_context_loaded,DOC_63D0AB1E01EE,Monetary Policy Statement February 2024,https://www.rbnz.govt.nz/-/media/project/sites/rbnz/files/publications/monetary-policy-statements/2024/feb/mps-feb-2024.pdf,data\RBNZ\Monetary Policy\2024-02-27 - Monetary Policy Statement February 2024.txt,false,hold,0.0,5.5,0.9,
SNB,2025-09-25,SNB_2025_09,low,True,keyword extraction,hold,0.0,0.0,0.9,explicit_unchanged_keyword,,,0.0,0.0,,policy_rate,"t the SNB 21 November 2025 Martin Schlegel, Chairman of the Governing Board Keynote speech at the conference 'The SNB and its Watchers', Zurich Summary At its monetary policy assessment in September 2025, the Swiss National Bank decided to leave its policy rate at 0%. The SNB also indicated that it remains willing to be active in the foreign exchange market as necessary. The SNB makes monetary policy decisions, such as that taken in September, at its monetary policy assessments. These take place in March, June,","BANK: SNB CATEGORY: Speeches TITLE: Martin Schlegel, Chairman of the Governing Board The path to the monetary policy decision at the SNB ﻿ DATE: 21/11/2025 SPEAKER: Martin Schlegel SPEAKER ROLE: SOURCE URL: https://www.snb.ch/en/publications/communication/speeches/2025/ref_20251121_msl DOCUMENT TYPE: html ==== EXTRACTED TEXT START ==== Speech The path to the monetary policy decision at the SNB 21 November 2025 Martin Schlegel, Chairman of the Governing Board Keynote speech at the conference 'The SNB and its Watchers', Zurich Summary At its monetary policy assessment in September 2025, the Swiss National Bank decided to leave its policy rate at 0%. The SNB also indicated that it remains willing to be active in the foreign exchange market as necessary. The SNB makes monetary policy decisions, such as that taken in September, at its monetary policy assessments. These take place in March, June, September and December. Every decision is based on the SNB's mandate, which is to ensure price stability while taking due account of economic developments. The monetary policy strategy provides the framework for monetary policy decision-making. In it the SNB sets out its definition of price stability, namely an inflation rate of between 0% and 2%. The SNB seeks to keep inflation within the range consistent with price stability over the medium term. The monetary policy decision-making process is divided into two phases: the preparation phase and the monetary policy assessment phase. Shortly after the completion of a monetary policy assessment, the preparation phase for the next decision, during which economic developments are monitored and a",full_context_loaded,DOC_2CB8C7948D11,"Martin Schlegel, Chairman of the Governing Board The path to the monetary policy decision at the SNB ﻿",https://www.snb.ch/en/publications/communication/speeches/2025/ref_20251121_msl,"data\SNB\Speeches\2025-11-21 - Martin Schlegel - Martin Schlegel, Chairman of the Governing Board The path to the monetary policy decision at the SNB ﻿.txt",false,hold,0.0,0.0,0.9,
