doc_id,bank,category,document_subtype,title,date_au,speaker,source_url,raw_file_path,text_file_path,document_type,status,scraped_at,meeting_id,meeting_relation,meeting_date,days_after_meeting,linkage_confidence,linkage_reason
FED_DOC_0EA9A9606F96,FED,Speeches,speech,U.S. Economic Outlook and Monetary Policy,2021-01-08,Richard H. Clarida,https://www.federalreserve.gov/newsevents/speech/clarida20210108a.htm,data\FED\Speeches\2021-01-08 - Richard H. Clarida - U.S. Economic Outlook and Monetary Policy.html,data\FED\Speeches\2021-01-08 - Richard H. Clarida - U.S. Economic Outlook and Monetary Policy.txt,html,success,2026-06-03T02:07:57,,unlinked,,,0.0,Speech outside all FOMC meeting windows.
FED_DOC_57340FF6FD7C,FED,Speeches,speech,Supporting Responsible Use of AI and Equitable Outcomes in Financial Services,2021-01-12,Lael Brainard,https://www.federalreserve.gov/newsevents/speech/brainard20210112a.htm,data\FED\Speeches\2021-01-12 - Lael Brainard - Supporting Responsible Use of AI and Equitable Outcomes in Financial Services.html,data\FED\Speeches\2021-01-12 - Lael Brainard - Supporting Responsible Use of AI and Equitable Outcomes in Financial Services.txt,html,success,2026-06-03T02:07:55,,unlinked,,,0.0,Speech outside all FOMC meeting windows.
FED_DOC_4ACC9BC418E1,FED,Speeches,speech,Full Employment in the New Monetary Policy Framework,2021-01-13,Lael Brainard,https://www.federalreserve.gov/newsevents/speech/brainard20210113a.htm,data\FED\Speeches\2021-01-13 - Lael Brainard - Full Employment in the New Monetary Policy Framework.html,data\FED\Speeches\2021-01-13 - Lael Brainard - Full Employment in the New Monetary Policy Framework.txt,html,success,2026-06-03T02:07:53,,unlinked,,,0.0,Speech outside all FOMC meeting windows.
FED_DOC_EF48534C26F2,FED,Speeches,speech,The Federal Reserve's New Framework: Context and Consequences,2021-01-13,Richard H. Clarida,https://www.federalreserve.gov/newsevents/speech/clarida20210113a.htm,data\FED\Speeches\2021-01-13 - Richard H. Clarida - The Federal Reserve's New Framework_ Context and Consequences.html,data\FED\Speeches\2021-01-13 - Richard H. Clarida - The Federal Reserve's New Framework_ Context and Consequences.txt,html,success,2026-06-03T02:07:51,,unlinked,,,0.0,Speech outside all FOMC meeting windows.
FED_DOC_A6039C8D2684,FED,Minutes,minutes,FOMC minutes,2021-01-27,,https://www.federalreserve.gov/monetarypolicy/files/fomcminutes20210127.pdf,data\FED\Minutes\2021-01-27 - FOMC minutes.pdf,data\FED\Minutes\2021-01-27 - FOMC minutes.txt,pdf,success,2026-06-03T01:50:34,FED_2021_01,minutes_for_meeting,2021-01-27,0,0.9,Linked to latest FOMC meeting on or before minutes date.
FED_DOC_B9CDE799F003,FED,Monetary Policy,statement,FOMC statement,2021-01-27,,https://www.federalreserve.gov/monetarypolicy/files/monetary20210127a1.pdf,data\FED\Monetary Policy\2021-01-27 - FOMC statement.pdf,data\FED\Monetary Policy\2021-01-27 - FOMC statement.txt,pdf,success,2026-06-03T01:49:02,FED_2021_01,anchor_statement,2021-01-27,0,1.0,Official FOMC statement anchor.
FED_DOC_D1989C2D3689,FED,Speeches,speech,Getting Back to a Strong Labor Market,2021-02-10,Jerome H. Powell,https://www.federalreserve.gov/newsevents/speech/powell20210210a.htm,data\FED\Speeches\2021-02-10 - Jerome H. Powell - Getting Back to a Strong Labor Market.html,data\FED\Speeches\2021-02-10 - Jerome H. Powell - Getting Back to a Strong Labor Market.txt,html,success,2026-06-03T02:07:49,FED_2021_01,speech_after_meeting,2021-01-27,14,0.7,Speech falls inside a FOMC meeting window.
FED_DOC_A99E7B794EDF,FED,Speeches,speech,My Perspective on Bank Regulation and Supervision,2021-02-16,Michelle W. Bowman,https://www.federalreserve.gov/newsevents/speech/bowman20210216a.htm,data\FED\Speeches\2021-02-16 - Michelle W. Bowman - My Perspective on Bank Regulation and Supervision.html,data\FED\Speeches\2021-02-16 - Michelle W. Bowman - My Perspective on Bank Regulation and Supervision.txt,html,success,2026-06-03T02:07:47,FED_2021_01,speech_after_meeting,2021-01-27,20,0.7,Speech falls inside a FOMC meeting window.
FED_DOC_9FA884EE5543,FED,Speeches,speech,The Role of Financial Institutions in Tackling the Challenges of Climate Change,2021-02-18,Lael Brainard,https://www.federalreserve.gov/newsevents/speech/brainard20210218a.htm,data\FED\Speeches\2021-02-18 - Lael Brainard - The Role of Financial Institutions in Tackling the Challenges of Climate Change.html,data\FED\Speeches\2021-02-18 - Lael Brainard - The Role of Financial Institutions in Tackling the Challenges of Climate Change.txt,html,success,2026-06-03T02:07:45,FED_2021_01,speech_after_meeting,2021-01-27,22,0.7,Speech falls inside a FOMC meeting window.
FED_DOC_C6C764474807,FED,Speeches,speech,Economic Inclusion in Lower-Income Communities,2021-02-22,Economic Inclusion in Lower-Income Communities,https://www.federalreserve.gov/newsevents/speech/bowman20210222a.htm,data\FED\Speeches\2021-02-22 - Economic Inclusion in Lower-Income Communities - Economic Inclusion in Lower-Income Communities.html,data\FED\Speeches\2021-02-22 - Economic Inclusion in Lower-Income Communities - Economic Inclusion in Lower-Income Communities.txt,html,success,2026-06-03T02:07:43,FED_2021_01,speech_after_meeting,2021-01-27,26,0.7,Speech falls inside a FOMC meeting window.
FED_DOC_2D76B92874F1,FED,Speeches,speech,How Should We Think about Full Employment in the Federal Reserve's Dual Mandate?,2021-02-24,Lael Brainard,https://www.federalreserve.gov/newsevents/speech/brainard20210224a.htm,data\FED\Speeches\2021-02-24 - Lael Brainard - How Should We Think about Full Employment in the Federal Reserve's Dual Mandate_.html,data\FED\Speeches\2021-02-24 - Lael Brainard - How Should We Think about Full Employment in the Federal Reserve's Dual Mandate_.txt,html,success,2026-06-03T02:07:41,FED_2021_01,speech_after_meeting,2021-01-27,28,0.7,Speech falls inside a FOMC meeting window.
FED_DOC_167497A7F46A,FED,Speeches,speech,U.S. Economic Outlook and Monetary Policy,2021-02-24,Richard H. Clarida,https://www.federalreserve.gov/newsevents/speech/clarida20210224a.htm,data\FED\Speeches\2021-02-24 - Richard H. Clarida - U.S. Economic Outlook and Monetary Policy.html,data\FED\Speeches\2021-02-24 - Richard H. Clarida - U.S. Economic Outlook and Monetary Policy.txt,html,success,2026-06-03T02:07:39,FED_2021_01,speech_after_meeting,2021-01-27,28,0.7,Speech falls inside a FOMC meeting window.
FED_DOC_8DC10F392688,FED,Speeches,speech,Themistocles and the Mathematicians: The Role of Stress Testing,2021-02-25,Randal K. Quarles,https://www.federalreserve.gov/newsevents/speech/quarles20210225a.htm,data\FED\Speeches\2021-02-25 - Randal K. Quarles - Themistocles and the Mathematicians_ The Role of Stress Testing.html,data\FED\Speeches\2021-02-25 - Randal K. Quarles - Themistocles and the Mathematicians_ The Role of Stress Testing.txt,html,success,2026-06-03T02:07:37,FED_2021_01,speech_after_meeting,2021-01-27,29,0.7,Speech falls inside a FOMC meeting window.
FED_DOC_CBB9DCB3F0CC,FED,Speeches,speech,Some Preliminary Financial Stability Lessons from the COVID-19 Shock,2021-03-01,Lael Brainard,https://www.federalreserve.gov/newsevents/speech/brainard20210301a.htm,data\FED\Speeches\2021-03-01 - Lael Brainard - Some Preliminary Financial Stability Lessons from the COVID-19 Shock.html,data\FED\Speeches\2021-03-01 - Lael Brainard - Some Preliminary Financial Stability Lessons from the COVID-19 Shock.txt,html,success,2026-06-03T02:07:35,FED_2021_01,speech_after_meeting,2021-01-27,33,0.7,Speech falls inside a FOMC meeting window.
FED_DOC_093BA66C734F,FED,Speeches,speech,U.S. Economic Outlook and Monetary Policy: An Update,2021-03-02,Lael Brainard,https://www.federalreserve.gov/newsevents/speech/brainard20210302a.htm,data\FED\Speeches\2021-03-02 - Lael Brainard - U.S. Economic Outlook and Monetary Policy_ An Update.html,data\FED\Speeches\2021-03-02 - Lael Brainard - U.S. Economic Outlook and Monetary Policy_ An Update.txt,html,success,2026-06-03T02:07:33,FED_2021_01,speech_after_meeting,2021-01-27,34,0.7,Speech falls inside a FOMC meeting window.
FED_DOC_720F3770B9C5,FED,Minutes,minutes,FOMC minutes,2021-03-17,,https://www.federalreserve.gov/monetarypolicy/files/fomcminutes20210317.pdf,data\FED\Minutes\2021-03-17 - FOMC minutes.pdf,data\FED\Minutes\2021-03-17 - FOMC minutes.txt,pdf,success,2026-06-03T01:50:36,FED_2021_03,minutes_for_meeting,2021-03-17,0,0.9,Linked to latest FOMC meeting on or before minutes date.
FED_DOC_F1DF90B22339,FED,Monetary Policy,statement,FOMC statement,2021-03-17,,https://www.federalreserve.gov/monetarypolicy/files/monetary20210317a1.pdf,data\FED\Monetary Policy\2021-03-17 - FOMC statement.pdf,data\FED\Monetary Policy\2021-03-17 - FOMC statement.txt,pdf,success,2026-06-03T01:49:04,FED_2021_03,anchor_statement,2021-03-17,0,1.0,Official FOMC statement anchor.
FED_DOC_109E9C765C04,FED,Speeches,speech,Closing Remarks,2021-03-18,Jerome H. Powell,https://www.federalreserve.gov/newsevents/speech/powell20210318a.htm,data\FED\Speeches\2021-03-18 - Jerome H. Powell - Closing Remarks.html,data\FED\Speeches\2021-03-18 - Jerome H. Powell - Closing Remarks.txt,html,success,2026-06-03T02:07:31,FED_2021_03,speech_after_meeting,2021-03-17,1,0.7,Speech falls inside a FOMC meeting window.
FED_DOC_8E5CC1BCB7D4,FED,Speeches,speech,Keynote Remarks,2021-03-22,Keynote Remarks,https://www.federalreserve.gov/newsevents/speech/quarles20210322a.htm,data\FED\Speeches\2021-03-22 - Keynote Remarks - Keynote Remarks.html,data\FED\Speeches\2021-03-22 - Keynote Remarks - Keynote Remarks.txt,html,success,2026-06-03T02:07:29,FED_2021_03,speech_after_meeting,2021-03-17,5,0.7,Speech falls inside a FOMC meeting window.
FED_DOC_31FEDFA8098B,FED,Speeches,speech,The Economic Outlook and Prospects for Small Business,2021-03-22,Michelle W. Bowman,https://www.federalreserve.gov/newsevents/speech/bowman20210322a.htm,data\FED\Speeches\2021-03-22 - Michelle W. Bowman - The Economic Outlook and Prospects for Small Business.html,data\FED\Speeches\2021-03-22 - Michelle W. Bowman - The Economic Outlook and Prospects for Small Business.txt,html,success,2026-06-03T02:07:27,FED_2021_03,speech_after_meeting,2021-03-17,5,0.7,Speech falls inside a FOMC meeting window.
FED_DOC_6161E4A1A204,FED,Speeches,speech,Financial Stability Implications of Climate Change,2021-03-23,Lael Brainard,https://www.federalreserve.gov/newsevents/speech/brainard20210323a.htm,data\FED\Speeches\2021-03-23 - Lael Brainard - Financial Stability Implications of Climate Change.html,data\FED\Speeches\2021-03-23 - Lael Brainard - Financial Stability Implications of Climate Change.txt,html,success,2026-06-03T02:07:25,FED_2021_03,speech_after_meeting,2021-03-17,6,0.7,Speech falls inside a FOMC meeting window.
FED_DOC_716DF8847034,FED,Speeches,speech,Remaining Patient as the Outlook Brightens,2021-03-23,Lael Brainard,https://www.federalreserve.gov/newsevents/speech/brainard20210323b.htm,data\FED\Speeches\2021-03-23 - Lael Brainard - Remaining Patient as the Outlook Brightens.html,data\FED\Speeches\2021-03-23 - Lael Brainard - Remaining Patient as the Outlook Brightens.txt,html,success,2026-06-03T02:07:23,FED_2021_03,speech_after_meeting,2021-03-17,6,0.7,Speech falls inside a FOMC meeting window.
FED_DOC_D41A8AE74E26,FED,Speeches,speech,U.S. Economic Outlook and Monetary Policy,2021-03-25,Richard H. Clarida,https://www.federalreserve.gov/newsevents/speech/clarida20210325a.htm,data\FED\Speeches\2021-03-25 - Richard H. Clarida - U.S. Economic Outlook and Monetary Policy.html,data\FED\Speeches\2021-03-25 - Richard H. Clarida - U.S. Economic Outlook and Monetary Policy.txt,html,success,2026-06-03T02:07:22,FED_2021_03,speech_after_meeting,2021-03-17,8,0.7,Speech falls inside a FOMC meeting window.
FED_DOC_978F2C556A54,FED,Speeches,speech,TreasuryâFederal Reserve Cooperation and the Importance of Central Bank Independence,2021-03-29,Christopher J. Waller,https://www.federalreserve.gov/newsevents/speech/waller20210329a.htm,data\FED\Speeches\2021-03-29 - Christopher J. Waller - TreasuryâFederal Reserve Cooperation and the Importance of Central Bank Independence.html,data\FED\Speeches\2021-03-29 - Christopher J. Waller - TreasuryâFederal Reserve Cooperation and the Importance of Central Bank Independence.txt,html,success,2026-06-03T02:07:19,FED_2021_03,speech_after_meeting,2021-03-17,12,0.7,Speech falls inside a FOMC meeting window.
FED_DOC_F5DD022560EB,FED,Speeches,speech,"The FSB in 2021: Addressing Financial Stability Challenges in an Age of Interconnectedness, Innovation, and Change",2021-03-30,,https://www.federalreserve.gov/newsevents/speech/quarles20210330a.htm,"data\FED\Speeches\2021-03-30 - The FSB in 2021_ Addressing Financial Stability Challenges in an Age of Interconnectedness, Innovation, and Change.html","data\FED\Speeches\2021-03-30 - The FSB in 2021_ Addressing Financial Stability Challenges in an Age of Interconnectedness, Innovation, and Change.txt",html,success,2026-06-03T02:07:17,FED_2021_03,speech_after_meeting,2021-03-17,13,0.7,Speech falls inside a FOMC meeting window.
FED_DOC_2EC7BB16BD4B,FED,Speeches,speech,The Federal Reserve's New Framework and Outcome-Based Forward Guidance,2021-04-14,Richard H. Clarida,https://www.federalreserve.gov/newsevents/speech/clarida20210414a.htm,data\FED\Speeches\2021-04-14 - Richard H. Clarida - The Federal Reserve's New Framework and Outcome-Based Forward Guidance.html,data\FED\Speeches\2021-04-14 - Richard H. Clarida - The Federal Reserve's New Framework and Outcome-Based Forward Guidance.txt,html,success,2026-06-03T02:07:15,FED_2021_03,speech_after_meeting,2021-03-17,28,0.7,Speech falls inside a FOMC meeting window.
FED_DOC_14D3CDF77916,FED,Minutes,minutes,FOMC minutes,2021-04-28,,https://www.federalreserve.gov/monetarypolicy/files/fomcminutes20210428.pdf,data\FED\Minutes\2021-04-28 - FOMC minutes.pdf,data\FED\Minutes\2021-04-28 - FOMC minutes.txt,pdf,success,2026-06-03T01:50:38,FED_2021_04,minutes_for_meeting,2021-04-28,0,0.9,Linked to latest FOMC meeting on or before minutes date.
FED_DOC_B766A2A61F74,FED,Monetary Policy,statement,FOMC statement,2021-04-28,,https://www.federalreserve.gov/monetarypolicy/files/monetary20210428a1.pdf,data\FED\Monetary Policy\2021-04-28 - FOMC statement.pdf,data\FED\Monetary Policy\2021-04-28 - FOMC statement.txt,pdf,success,2026-06-03T01:49:06,FED_2021_04,anchor_statement,2021-04-28,0,1.0,Official FOMC statement anchor.
FED_DOC_4E3AF9E6DC5D,FED,Speeches,speech,Community Development,2021-05-03,Jerome H. Powell,https://www.federalreserve.gov/newsevents/speech/powell20210503a.htm,data\FED\Speeches\2021-05-03 - Jerome H. Powell - Community Development.html,data\FED\Speeches\2021-05-03 - Jerome H. Powell - Community Development.txt,html,success,2026-06-03T02:07:13,FED_2021_04,speech_after_meeting,2021-04-28,5,0.7,Speech falls inside a FOMC meeting window.
FED_DOC_49F1D8168DA7,FED,Speeches,speech,The Economic Outlook and Implications for Monetary Policy,2021-05-05,Michelle W. Bowman,https://www.federalreserve.gov/newsevents/speech/bowman20210505a.htm,data\FED\Speeches\2021-05-05 - Michelle W. Bowman - The Economic Outlook and Implications for Monetary Policy.html,data\FED\Speeches\2021-05-05 - Michelle W. Bowman - The Economic Outlook and Implications for Monetary Policy.txt,html,success,2026-06-03T02:07:11,FED_2021_04,speech_after_meeting,2021-04-28,7,0.7,Speech falls inside a FOMC meeting window.
FED_DOC_E93103AFE502,FED,Speeches,speech,Patience and Progress as the Economy Reopens and Recovers,2021-05-11,Lael Brainard,https://www.federalreserve.gov/newsevents/speech/brainard20210511a.htm,data\FED\Speeches\2021-05-11 - Lael Brainard - Patience and Progress as the Economy Reopens and Recovers.html,data\FED\Speeches\2021-05-11 - Lael Brainard - Patience and Progress as the Economy Reopens and Recovers.txt,html,success,2026-06-03T02:07:09,FED_2021_04,speech_after_meeting,2021-04-28,13,0.7,Speech falls inside a FOMC meeting window.
FED_DOC_BECFAC912D80,FED,Speeches,speech,U.S. Economic Outlook and Monetary Policy,2021-05-12,Richard H. Clarida,https://www.federalreserve.gov/newsevents/speech/clarida20210512a.htm,data\FED\Speeches\2021-05-12 - Richard H. Clarida - U.S. Economic Outlook and Monetary Policy.html,data\FED\Speeches\2021-05-12 - Richard H. Clarida - U.S. Economic Outlook and Monetary Policy.txt,html,success,2026-06-03T02:07:07,FED_2021_04,speech_after_meeting,2021-04-28,14,0.7,Speech falls inside a FOMC meeting window.
FED_DOC_CEE76203C745,FED,Speeches,speech,The Economic Outlook and Monetary Policy,2021-05-13,Christopher J. Waller,https://www.federalreserve.gov/newsevents/speech/waller20210513a.htm,data\FED\Speeches\2021-05-13 - Christopher J. Waller - The Economic Outlook and Monetary Policy.html,data\FED\Speeches\2021-05-13 - Christopher J. Waller - The Economic Outlook and Monetary Policy.txt,html,success,2026-06-03T02:07:04,FED_2021_04,speech_after_meeting,2021-04-28,15,0.7,Speech falls inside a FOMC meeting window.
FED_DOC_CA6B2E0B696A,FED,Speeches,speech,"Sovereign Markets, Global Factors",2021-05-17,Richard H. Clarida,https://www.federalreserve.gov/newsevents/speech/clarida20210517a.htm,"data\FED\Speeches\2021-05-17 - Richard H. Clarida - Sovereign Markets, Global Factors.html","data\FED\Speeches\2021-05-17 - Richard H. Clarida - Sovereign Markets, Global Factors.txt",html,success,2026-06-03T02:07:03,FED_2021_04,speech_after_meeting,2021-04-28,19,0.7,Speech falls inside a FOMC meeting window.
FED_DOC_F51C4D1A838B,FED,Speeches,speech,Private Money and Central Bank Money as Payments Go Digital: an Update on CBDCs,2021-05-24,Lael Brainard,https://www.federalreserve.gov/newsevents/speech/brainard20210524a.htm,data\FED\Speeches\2021-05-24 - Lael Brainard - Private Money and Central Bank Money as Payments Go Digital_ an Update on CBDCs.html,data\FED\Speeches\2021-05-24 - Lael Brainard - Private Money and Central Bank Money as Payments Go Digital_ an Update on CBDCs.txt,html,success,2026-06-03T02:07:01,FED_2021_04,speech_after_meeting,2021-04-28,26,0.7,Speech falls inside a FOMC meeting window.
FED_DOC_811DDA559AA8,FED,Speeches,speech,Remarks,2021-05-26,,https://www.federalreserve.gov/newsevents/speech/quarles20210526a.htm,data\FED\Speeches\2021-05-26 - Remarks.html,data\FED\Speeches\2021-05-26 - Remarks.txt,html,success,2026-06-03T02:06:59,FED_2021_04,speech_after_meeting,2021-04-28,28,0.7,Speech falls inside a FOMC meeting window.
FED_DOC_E3AD9FFD4760,FED,Speeches,speech,The Economic Outlook and Monetary Policy,2021-05-26,Randal K. Quarles,https://www.federalreserve.gov/newsevents/speech/quarles20210526b.htm,data\FED\Speeches\2021-05-26 - Randal K. Quarles - The Economic Outlook and Monetary Policy.html,data\FED\Speeches\2021-05-26 - Randal K. Quarles - The Economic Outlook and Monetary Policy.txt,html,success,2026-06-03T02:06:57,FED_2021_04,speech_after_meeting,2021-04-28,28,0.7,Speech falls inside a FOMC meeting window.
FED_DOC_6F5583AD985B,FED,Speeches,speech,Remaining Steady as the Economy Reopens,2021-06-01,Lael Brainard,https://www.federalreserve.gov/newsevents/speech/brainard20210601a.htm,data\FED\Speeches\2021-06-01 - Lael Brainard - Remaining Steady as the Economy Reopens.html,data\FED\Speeches\2021-06-01 - Lael Brainard - Remaining Steady as the Economy Reopens.txt,html,success,2026-06-03T02:06:55,FED_2021_04,speech_after_meeting,2021-04-28,34,0.7,Speech falls inside a FOMC meeting window.
FED_DOC_7987F6B7F83D,FED,Speeches,speech,"Jet Flight, Mail Bags, and Banking Regulation",2021-06-03,Randal K. Quarles,https://www.federalreserve.gov/newsevents/speech/quarles20210603a.htm,"data\FED\Speeches\2021-06-03 - Randal K. Quarles - Jet Flight, Mail Bags, and Banking Regulation.html","data\FED\Speeches\2021-06-03 - Randal K. Quarles - Jet Flight, Mail Bags, and Banking Regulation.txt",html,success,2026-06-03T02:06:53,FED_2021_04,speech_after_meeting,2021-04-28,36,0.7,Speech falls inside a FOMC meeting window.
FED_DOC_9887E195832C,FED,Minutes,minutes,FOMC minutes,2021-06-16,,https://www.federalreserve.gov/monetarypolicy/files/fomcminutes20210616.pdf,data\FED\Minutes\2021-06-16 - FOMC minutes.pdf,data\FED\Minutes\2021-06-16 - FOMC minutes.txt,pdf,success,2026-06-03T01:50:40,FED_2021_06,minutes_for_meeting,2021-06-16,0,0.9,Linked to latest FOMC meeting on or before minutes date.
FED_DOC_AF698697F313,FED,Monetary Policy,statement,FOMC statement,2021-06-16,,https://www.federalreserve.gov/monetarypolicy/files/monetary20210616a1.pdf,data\FED\Monetary Policy\2021-06-16 - FOMC statement.pdf,data\FED\Monetary Policy\2021-06-16 - FOMC statement.txt,pdf,success,2026-06-03T01:49:08,FED_2021_06,anchor_statement,2021-06-16,0,1.0,Official FOMC statement anchor.
FED_DOC_DE5F08971786,FED,Speeches,speech,Building Economic Resilience in Communities,2021-06-23,Building Economic Resilience in Communities,https://www.federalreserve.gov/newsevents/speech/bowman20210623a.htm,data\FED\Speeches\2021-06-23 - Building Economic Resilience in Communities - Building Economic Resilience in Communities.html,data\FED\Speeches\2021-06-23 - Building Economic Resilience in Communities - Building Economic Resilience in Communities.txt,html,success,2026-06-03T02:06:51,FED_2021_06,speech_after_meeting,2021-06-16,7,0.7,Speech falls inside a FOMC meeting window.
FED_DOC_459BE97E35B7,FED,Speeches,speech,Parachute Pants and Central Bank Money,2021-06-28,Randal K. Quarles,https://www.federalreserve.gov/newsevents/speech/quarles20210628a.htm,data\FED\Speeches\2021-06-28 - Randal K. Quarles - Parachute Pants and Central Bank Money.html,data\FED\Speeches\2021-06-28 - Randal K. Quarles - Parachute Pants and Central Bank Money.txt,html,success,2026-06-03T02:06:49,FED_2021_06,speech_after_meeting,2021-06-16,12,0.7,Speech falls inside a FOMC meeting window.
FED_DOC_F4ABCEE274DA,FED,Speeches,speech,Disclosures and Data: Building Strong Foundations for Addressing Climate-Related Financial Risks,2021-07-11,Randal K. Quarles,https://www.federalreserve.gov/newsevents/speech/quarles20210711a.htm,data\FED\Speeches\2021-07-11 - Randal K. Quarles - Disclosures and Data_ Building Strong Foundations for Addressing Climate-Related Financial Risks.html,data\FED\Speeches\2021-07-11 - Randal K. Quarles - Disclosures and Data_ Building Strong Foundations for Addressing Climate-Related Financial Risks.txt,html,success,2026-06-03T02:06:47,FED_2021_06,speech_after_meeting,2021-06-16,25,0.7,Speech falls inside a FOMC meeting window.
FED_DOC_2BE2F1980B2C,FED,Minutes,minutes,FOMC minutes,2021-07-28,,https://www.federalreserve.gov/monetarypolicy/files/fomcminutes20210728.pdf,data\FED\Minutes\2021-07-28 - FOMC minutes.pdf,data\FED\Minutes\2021-07-28 - FOMC minutes.txt,pdf,success,2026-06-03T01:50:42,FED_2021_07,minutes_for_meeting,2021-07-28,0,0.9,Linked to latest FOMC meeting on or before minutes date.
FED_DOC_F83A81E665B0,FED,Monetary Policy,statement,FOMC statement,2021-07-28,,https://www.federalreserve.gov/monetarypolicy/files/monetary20210728a1.pdf,data\FED\Monetary Policy\2021-07-28 - FOMC statement.pdf,data\FED\Monetary Policy\2021-07-28 - FOMC statement.txt,pdf,success,2026-06-03T01:49:09,FED_2021_07,anchor_statement,2021-07-28,0,1.0,Official FOMC statement anchor.
FED_DOC_E18F3E64F7A6,FED,Speeches,speech,Assessing Progress as the Economy Moves from Reopening to Recovery,2021-07-30,Lael Brainard,https://www.federalreserve.gov/newsevents/speech/brainard20210730a.htm,data\FED\Speeches\2021-07-30 - Lael Brainard - Assessing Progress as the Economy Moves from Reopening to Recovery.html,data\FED\Speeches\2021-07-30 - Lael Brainard - Assessing Progress as the Economy Moves from Reopening to Recovery.txt,html,success,2026-06-03T02:06:45,FED_2021_07,speech_after_meeting,2021-07-28,2,0.7,Speech falls inside a FOMC meeting window.
FED_DOC_A2E289CA8EFD,FED,Speeches,speech,Welcoming Remarks,2021-08-03,Welcoming Remarks,https://www.federalreserve.gov/newsevents/speech/bowman20210803a.htm,data\FED\Speeches\2021-08-03 - Welcoming Remarks - Welcoming Remarks.html,data\FED\Speeches\2021-08-03 - Welcoming Remarks - Welcoming Remarks.txt,html,success,2026-06-03T02:06:43,FED_2021_07,speech_after_meeting,2021-07-28,6,0.7,Speech falls inside a FOMC meeting window.
FED_DOC_02F037FBECDC,FED,Speeches,speech,"Outlooks, Outcomes, and Prospects for U.S. Monetary Policy",2021-08-04,Richard H. Clarida,https://www.federalreserve.gov/newsevents/speech/clarida20210804a.htm,"data\FED\Speeches\2021-08-04 - Richard H. Clarida - Outlooks, Outcomes, and Prospects for U.S. Monetary Policy.html","data\FED\Speeches\2021-08-04 - Richard H. Clarida - Outlooks, Outcomes, and Prospects for U.S. Monetary Policy.txt",html,success,2026-06-03T02:06:41,FED_2021_07,speech_after_meeting,2021-07-28,7,0.7,Speech falls inside a FOMC meeting window.
FED_DOC_4C0137185F7E,FED,Speeches,speech,CBDC: A Solution in Search of a Problem?,2021-08-05,Christopher J. Waller,https://www.federalreserve.gov/newsevents/speech/waller20210805a.htm,data\FED\Speeches\2021-08-05 - Christopher J. Waller - CBDC_ A Solution in Search of a Problem_.html,data\FED\Speeches\2021-08-05 - Christopher J. Waller - CBDC_ A Solution in Search of a Problem_.txt,html,success,2026-06-03T02:06:39,FED_2021_07,speech_after_meeting,2021-07-28,8,0.7,Speech falls inside a FOMC meeting window.
FED_DOC_EBFD2CD57B7F,FED,Speeches,speech,Welcoming Remarks,2021-08-17,Jerome H. Powell,https://www.federalreserve.gov/newsevents/speech/powell20210817a.htm,data\FED\Speeches\2021-08-17 - Jerome H. Powell - Welcoming Remarks.html,data\FED\Speeches\2021-08-17 - Jerome H. Powell - Welcoming Remarks.txt,html,success,2026-06-03T02:06:37,FED_2021_07,speech_after_meeting,2021-07-28,20,0.7,Speech falls inside a FOMC meeting window.
FED_DOC_296CFEC7CD45,FED,Speeches,speech,Monetary Policy in the Time of COVID,2021-08-27,Jerome H. Powell,https://www.federalreserve.gov/newsevents/speech/powell20210827a.htm,data\FED\Speeches\2021-08-27 - Jerome H. Powell - Monetary Policy in the Time of COVID.html,data\FED\Speeches\2021-08-27 - Jerome H. Powell - Monetary Policy in the Time of COVID.txt,html,success,2026-06-03T02:06:35,FED_2021_07,speech_after_meeting,2021-07-28,30,0.7,Speech falls inside a FOMC meeting window.
FED_DOC_395985311916,FED,Speeches,speech,Community Bank Access to Innovation,2021-09-09,Community Bank Access to Innovation,https://www.federalreserve.gov/newsevents/speech/bowman20210909a.htm,data\FED\Speeches\2021-09-09 - Community Bank Access to Innovation - Community Bank Access to Innovation.html,data\FED\Speeches\2021-09-09 - Community Bank Access to Innovation - Community Bank Access to Innovation.txt,html,success,2026-06-03T02:06:33,FED_2021_07,speech_after_meeting,2021-07-28,43,0.7,Speech falls inside a FOMC meeting window.
FED_DOC_15B6A5A825D8,FED,Minutes,minutes,FOMC minutes,2021-09-22,,https://www.federalreserve.gov/monetarypolicy/files/fomcminutes20210922.pdf,data\FED\Minutes\2021-09-22 - FOMC minutes.pdf,data\FED\Minutes\2021-09-22 - FOMC minutes.txt,pdf,success,2026-06-03T01:50:44,FED_2021_09,minutes_for_meeting,2021-09-22,0,0.9,Linked to latest FOMC meeting on or before minutes date.
FED_DOC_EBC59530A876,FED,Monetary Policy,statement,FOMC statement,2021-09-22,,https://www.federalreserve.gov/monetarypolicy/files/monetary20210922a1.pdf,data\FED\Monetary Policy\2021-09-22 - FOMC statement.pdf,data\FED\Monetary Policy\2021-09-22 - FOMC statement.txt,pdf,success,2026-06-03T01:49:11,FED_2021_09,anchor_statement,2021-09-22,0,1.0,Official FOMC statement anchor.
FED_DOC_E556356BBE9D,FED,Speeches,speech,Introductory Remarks,2021-09-24,Jerome H. Powell,https://www.federalreserve.gov/newsevents/speech/powell20210924a.htm,data\FED\Speeches\2021-09-24 - Jerome H. Powell - Introductory Remarks.html,data\FED\Speeches\2021-09-24 - Jerome H. Powell - Introductory Remarks.txt,html,success,2026-06-03T02:06:31,FED_2021_09,speech_after_meeting,2021-09-22,2,0.7,Speech falls inside a FOMC meeting window.
FED_DOC_309D5A801BD4,FED,Speeches,speech,Navigating Delta Headwinds on the Path to a Full Recovery,2021-09-27,Lael Brainard,https://www.federalreserve.gov/newsevents/speech/brainard20210927a.htm,data\FED\Speeches\2021-09-27 - Lael Brainard - Navigating Delta Headwinds on the Path to a Full Recovery.html,data\FED\Speeches\2021-09-27 - Lael Brainard - Navigating Delta Headwinds on the Path to a Full Recovery.txt,html,success,2026-06-03T02:06:29,FED_2021_09,speech_after_meeting,2021-09-22,5,0.7,Speech falls inside a FOMC meeting window.
FED_DOC_B3A36DE2C6BD,FED,Speeches,speech,Creating a New Model for the Future of Supervision,2021-09-28,Michelle W. Bowman,https://www.federalreserve.gov/newsevents/speech/bowman20210928a.htm,data\FED\Speeches\2021-09-28 - Michelle W. Bowman - Creating a New Model for the Future of Supervision.html,data\FED\Speeches\2021-09-28 - Michelle W. Bowman - Creating a New Model for the Future of Supervision.txt,html,success,2026-06-03T02:06:28,FED_2021_09,speech_after_meeting,2021-09-22,6,0.7,Speech falls inside a FOMC meeting window.
FED_DOC_E202CE5D8EEE,FED,Speeches,speech,Goodbye to All That: The End of LIBOR,2021-10-05,Randal K. Quarles,https://www.federalreserve.gov/newsevents/speech/quarles20211005a.htm,data\FED\Speeches\2021-10-05 - Randal K. Quarles - Goodbye to All That_ The End of LIBOR.html,data\FED\Speeches\2021-10-05 - Randal K. Quarles - Goodbye to All That_ The End of LIBOR.txt,html,success,2026-06-03T02:06:23,FED_2021_09,speech_after_meeting,2021-09-22,13,0.7,Speech falls inside a FOMC meeting window.
FED_DOC_48752476C512,FED,Speeches,speech,Building Climate Scenario Analysis on the Foundations of Economic Research,2021-10-07,Lael Brainard,https://www.federalreserve.gov/newsevents/speech/brainard20211007a.htm,data\FED\Speeches\2021-10-07 - Lael Brainard - Building Climate Scenario Analysis on the Foundations of Economic Research.html,data\FED\Speeches\2021-10-07 - Lael Brainard - Building Climate Scenario Analysis on the Foundations of Economic Research.txt,html,success,2026-06-03T02:06:21,FED_2021_09,speech_after_meeting,2021-09-22,15,0.7,Speech falls inside a FOMC meeting window.
FED_DOC_A8B682FA5C31,FED,Speeches,speech,U.S. Economic Outlook and Monetary Policy,2021-10-12,Richard H. Clarida,https://www.federalreserve.gov/newsevents/speech/clarida20211012a.htm,data\FED\Speeches\2021-10-12 - Richard H. Clarida - U.S. Economic Outlook and Monetary Policy.html,data\FED\Speeches\2021-10-12 - Richard H. Clarida - U.S. Economic Outlook and Monetary Policy.txt,html,success,2026-06-03T02:06:20,FED_2021_09,speech_after_meeting,2021-09-22,20,0.7,Speech falls inside a FOMC meeting window.
FED_DOC_1A3AF921C3D0,FED,Speeches,speech,Financial Inclusion and Economic Challenges in the Shadow of the Pandemic: A Conversation with Tribal Leaders,2021-10-13,Lael Brainard,https://www.federalreserve.gov/newsevents/speech/brainard20211013a.htm,data\FED\Speeches\2021-10-13 - Lael Brainard - Financial Inclusion and Economic Challenges in the Shadow of the Pandemic_ A Conversation with Tribal Leaders.html,data\FED\Speeches\2021-10-13 - Lael Brainard - Financial Inclusion and Economic Challenges in the Shadow of the Pandemic_ A Conversation with Tribal Leaders.txt,html,success,2026-06-03T02:06:18,FED_2021_09,speech_after_meeting,2021-09-22,21,0.7,Speech falls inside a FOMC meeting window.
FED_DOC_D14E7E781E00,FED,Speeches,speech,The View from Here: The Outlook for the U.S. Economy and Implications for Monetary Policy,2021-10-13,Michelle W. Bowman,https://www.federalreserve.gov/newsevents/speech/bowman20211013a.htm,data\FED\Speeches\2021-10-13 - Michelle W. Bowman - The View from Here_ The Outlook for the U.S. Economy and Implications for Monetary Policy.html,data\FED\Speeches\2021-10-13 - Michelle W. Bowman - The View from Here_ The Outlook for the U.S. Economy and Implications for Monetary Policy.txt,html,success,2026-06-03T02:06:16,FED_2021_09,speech_after_meeting,2021-09-22,21,0.7,Speech falls inside a FOMC meeting window.
FED_DOC_930A561867E9,FED,Speeches,speech,Financial Stability and Coordination in Times of Crisis,2021-10-18,Randal K. Quarles,https://www.federalreserve.gov/newsevents/speech/quarles20211018a.htm,data\FED\Speeches\2021-10-18 - Randal K. Quarles - Financial Stability and Coordination in Times of Crisis.html,data\FED\Speeches\2021-10-18 - Randal K. Quarles - Financial Stability and Coordination in Times of Crisis.txt,html,success,2026-06-03T02:06:14,FED_2021_09,speech_after_meeting,2021-09-22,26,0.7,Speech falls inside a FOMC meeting window.
FED_DOC_6897BB7A0DA6,FED,Speeches,speech,The Economic Outlook and a Cautionary Tale on âIdiosyncraticâ Price Changes and Inflation,2021-10-19,Christopher J. Waller,https://www.federalreserve.gov/newsevents/speech/waller20211019a.htm,data\FED\Speeches\2021-10-19 - Christopher J. Waller - The Economic Outlook and a Cautionary Tale on âIdiosyncraticâ Price Changes and Inflation.html,data\FED\Speeches\2021-10-19 - Christopher J. Waller - The Economic Outlook and a Cautionary Tale on âIdiosyncraticâ Price Changes and Inflation.txt,html,success,2026-06-03T02:06:10,FED_2021_09,speech_after_meeting,2021-09-22,27,0.7,Speech falls inside a FOMC meeting window.
FED_DOC_688791B68D0C,FED,Speeches,speech,Welcoming Remarks,2021-10-19,Welcoming Remarks,https://www.federalreserve.gov/newsevents/speech/bowman20211019a.htm,data\FED\Speeches\2021-10-19 - Welcoming Remarks - Welcoming Remarks.html,data\FED\Speeches\2021-10-19 - Welcoming Remarks - Welcoming Remarks.txt,html,success,2026-06-03T02:06:12,FED_2021_09,speech_after_meeting,2021-09-22,27,0.7,Speech falls inside a FOMC meeting window.
FED_DOC_08D9FCBAB99F,FED,Speeches,speech,How Long is Too Long? How High is Too High?: Managing Recent Inflation Developments within the FOMCâs Monetary Policy Framework,2021-10-20,Randal K. Quarles,https://www.federalreserve.gov/newsevents/speech/quarles20211020a.htm,data\FED\Speeches\2021-10-20 - Randal K. Quarles - How Long is Too Long_ How High is Too High_ Managing Recent Inflation Developments within the FOMCâs Monetary Polic.html,data\FED\Speeches\2021-10-20 - Randal K. Quarles - How Long is Too Long_ How High is Too High_ Managing Recent Inflation Developments within the FOMCâs Monetary Polic.txt,html,success,2026-06-03T02:06:08,FED_2021_09,speech_after_meeting,2021-09-22,28,0.7,Speech falls inside a FOMC meeting window.
FED_DOC_E33872CEEB0C,FED,Speeches,speech,The Lack of New Bank Formations is a Significant Issue for the Banking Industry,2021-10-22,Michelle W. Bowman,https://www.federalreserve.gov/newsevents/speech/bowman20211022a.htm,data\FED\Speeches\2021-10-22 - Michelle W. Bowman - The Lack of New Bank Formations is a Significant Issue for the Banking Industry.html,data\FED\Speeches\2021-10-22 - Michelle W. Bowman - The Lack of New Bank Formations is a Significant Issue for the Banking Industry.txt,html,success,2026-06-03T02:06:06,FED_2021_09,speech_after_meeting,2021-09-22,30,0.7,Speech falls inside a FOMC meeting window.
FED_DOC_79313CF650B6,FED,Minutes,minutes,FOMC minutes,2021-11-03,,https://www.federalreserve.gov/monetarypolicy/files/fomcminutes20211103.pdf,data\FED\Minutes\2021-11-03 - FOMC minutes.pdf,data\FED\Minutes\2021-11-03 - FOMC minutes.txt,pdf,success,2026-06-03T01:50:46,FED_2021_11,minutes_for_meeting,2021-11-03,0,0.9,Linked to latest FOMC meeting on or before minutes date.
FED_DOC_A25BBF08463A,FED,Monetary Policy,statement,FOMC statement,2021-11-03,,https://www.federalreserve.gov/monetarypolicy/files/monetary20211103a1.pdf,data\FED\Monetary Policy\2021-11-03 - FOMC statement.pdf,data\FED\Monetary Policy\2021-11-03 - FOMC statement.txt,pdf,success,2026-06-03T01:49:13,FED_2021_11,anchor_statement,2021-11-03,0,1.0,Official FOMC statement anchor.
FED_DOC_E9C42DF66787,FED,Speeches,speech,Flexible Average Inflation Targeting and Prospects for U.S. Monetary Policy,2021-11-08,Richard H. Clarida,https://www.federalreserve.gov/newsevents/speech/clarida20211108a.htm,data\FED\Speeches\2021-11-08 - Richard H. Clarida - Flexible Average Inflation Targeting and Prospects for U.S. Monetary Policy.html,data\FED\Speeches\2021-11-08 - Richard H. Clarida - Flexible Average Inflation Targeting and Prospects for U.S. Monetary Policy.txt,html,success,2026-06-03T02:06:04,FED_2021_11,speech_after_meeting,2021-11-03,5,0.7,Speech falls inside a FOMC meeting window.
FED_DOC_3DC4B02B0BC7,FED,Speeches,speech,Opening Remarks,2021-11-08,Jerome H. Powell,https://www.federalreserve.gov/newsevents/speech/powell20211108a.htm,data\FED\Speeches\2021-11-08 - Jerome H. Powell - Opening Remarks.html,data\FED\Speeches\2021-11-08 - Jerome H. Powell - Opening Remarks.txt,html,success,2026-06-03T02:06:02,FED_2021_11,speech_after_meeting,2021-11-03,5,0.7,Speech falls inside a FOMC meeting window.
FED_DOC_F56EC3331F73,FED,Speeches,speech,The U.S. Housing and Mortgage Market: Risks and Resilience,2021-11-08,Michelle W. Bowman,https://www.federalreserve.gov/newsevents/speech/bowman20211108a.htm,data\FED\Speeches\2021-11-08 - Michelle W. Bowman - The U.S. Housing and Mortgage Market_ Risks and Resilience.html,data\FED\Speeches\2021-11-08 - Michelle W. Bowman - The U.S. Housing and Mortgage Market_ Risks and Resilience.txt,html,success,2026-06-03T02:06:00,FED_2021_11,speech_after_meeting,2021-11-03,5,0.7,Speech falls inside a FOMC meeting window.
FED_DOC_55AC407AAB0E,FED,Speeches,speech,Opening Remarks,2021-11-09,Jerome H. Powell,https://www.federalreserve.gov/newsevents/speech/powell20211109a.htm,data\FED\Speeches\2021-11-09 - Jerome H. Powell - Opening Remarks.html,data\FED\Speeches\2021-11-09 - Jerome H. Powell - Opening Remarks.txt,html,success,2026-06-03T02:05:58,FED_2021_11,speech_after_meeting,2021-11-03,6,0.7,Speech falls inside a FOMC meeting window.
FED_DOC_DE16B74686E6,FED,Speeches,speech,Reflections on Stablecoins and Payments Innovations,2021-11-17,Christopher J. Waller,https://www.federalreserve.gov/newsevents/speech/waller20211117a.htm,data\FED\Speeches\2021-11-17 - Christopher J. Waller - Reflections on Stablecoins and Payments Innovations.html,data\FED\Speeches\2021-11-17 - Christopher J. Waller - Reflections on Stablecoins and Payments Innovations.txt,html,success,2026-06-03T01:57:05,FED_2021_11,speech_after_meeting,2021-11-03,14,0.7,Speech falls inside a FOMC meeting window.
FED_DOC_A0F04E718745,FED,Speeches,speech,Economic Outlook,2021-11-19,Economic Outlook,https://www.federalreserve.gov/newsevents/speech/waller20211119a.htm,data\FED\Speeches\2021-11-19 - Economic Outlook - Economic Outlook.html,data\FED\Speeches\2021-11-19 - Economic Outlook - Economic Outlook.txt,html,success,2026-06-03T02:05:56,FED_2021_11,speech_after_meeting,2021-11-03,16,0.7,Speech falls inside a FOMC meeting window.
FED_DOC_067630A03BBB,FED,Speeches,speech,"Perspectives on Global Monetary Policy Coordination, Cooperation, and Correlation",2021-11-19,Richard H. Clarida,https://www.federalreserve.gov/newsevents/speech/clarida20211119a.htm,"data\FED\Speeches\2021-11-19 - Richard H. Clarida - Perspectives on Global Monetary Policy Coordination, Cooperation, and Correlation.html","data\FED\Speeches\2021-11-19 - Richard H. Clarida - Perspectives on Global Monetary Policy Coordination, Cooperation, and Correlation.txt",html,success,2026-06-03T02:05:54,FED_2021_11,speech_after_meeting,2021-11-03,16,0.7,Speech falls inside a FOMC meeting window.
FED_DOC_801A507CEA19,FED,Speeches,speech,"Engagement, Research and Policy: Integrating Indigenous Voices into Economic Inclusion at the Federal Reserve",2021-11-29,Michelle W. Bowman,https://www.federalreserve.gov/newsevents/speech/bowman20211129a.htm,"data\FED\Speeches\2021-11-29 - Michelle W. Bowman - Engagement, Research and Policy_ Integrating Indigenous Voices into Economic Inclusion at the Federal Reserve.html","data\FED\Speeches\2021-11-29 - Michelle W. Bowman - Engagement, Research and Policy_ Integrating Indigenous Voices into Economic Inclusion at the Federal Reserve.txt",html,success,2026-06-03T02:05:50,FED_2021_11,speech_after_meeting,2021-11-03,26,0.7,Speech falls inside a FOMC meeting window.
FED_DOC_0D3BEA180082,FED,Speeches,speech,Opening Remarks,2021-11-29,Jerome H. Powell,https://www.federalreserve.gov/newsevents/speech/powell20211129a.htm,data\FED\Speeches\2021-11-29 - Jerome H. Powell - Opening Remarks.html,data\FED\Speeches\2021-11-29 - Jerome H. Powell - Opening Remarks.txt,html,success,2026-06-03T02:05:52,FED_2021_11,speech_after_meeting,2021-11-03,26,0.7,Speech falls inside a FOMC meeting window.
FED_DOC_ABFFFC01A62B,FED,Speeches,speech,Federal Reserve Independence: Foundations and Responsibilities,2021-11-30,Richard H. Clarida,https://www.federalreserve.gov/newsevents/speech/clarida20211130a.htm,data\FED\Speeches\2021-11-30 - Richard H. Clarida - Federal Reserve Independence_ Foundations and Responsibilities.html,data\FED\Speeches\2021-11-30 - Richard H. Clarida - Federal Reserve Independence_ Foundations and Responsibilities.txt,html,success,2026-06-03T02:05:48,FED_2021_11,speech_after_meeting,2021-11-03,27,0.7,Speech falls inside a FOMC meeting window.
FED_DOC_B856ED3CFF11,FED,Speeches,speech,Between the Hither and the Farther Shore: Thoughts on Unfinished Business,2021-12-02,Randal K. Quarles,https://www.federalreserve.gov/newsevents/speech/quarles20211202a.htm,data\FED\Speeches\2021-12-02 - Randal K. Quarles - Between the Hither and the Farther Shore_ Thoughts on Unfinished Business.html,data\FED\Speeches\2021-12-02 - Randal K. Quarles - Between the Hither and the Farther Shore_ Thoughts on Unfinished Business.txt,html,success,2026-06-03T02:05:46,FED_2021_11,speech_after_meeting,2021-11-03,29,0.7,Speech falls inside a FOMC meeting window.
FED_DOC_C51656387D53,FED,Minutes,minutes,FOMC minutes,2021-12-15,,https://www.federalreserve.gov/monetarypolicy/files/fomcminutes20211215.pdf,data\FED\Minutes\2021-12-15 - FOMC minutes.pdf,data\FED\Minutes\2021-12-15 - FOMC minutes.txt,pdf,success,2026-06-03T01:50:48,FED_2021_12,minutes_for_meeting,2021-12-15,0,0.9,Linked to latest FOMC meeting on or before minutes date.
FED_DOC_D4AC23A3E0CB,FED,Monetary Policy,statement,FOMC statement,2021-12-15,,https://www.federalreserve.gov/monetarypolicy/files/monetary20211215a1.pdf,data\FED\Monetary Policy\2021-12-15 - FOMC statement.pdf,data\FED\Monetary Policy\2021-12-15 - FOMC statement.txt,pdf,success,2026-06-03T01:49:15,FED_2021_12,anchor_statement,2021-12-15,0,1.0,Official FOMC statement anchor.
FED_DOC_5104C3D598A1,FED,Speeches,speech,A Hopeless and Imperative Endeavor: Lessons from the Pandemic for Economic Forecasters,2021-12-17,Christopher J. Waller,https://www.federalreserve.gov/newsevents/speech/waller20211217a.htm,data\FED\Speeches\2021-12-17 - Christopher J. Waller - A Hopeless and Imperative Endeavor_ Lessons from the Pandemic for Economic Forecasters.html,data\FED\Speeches\2021-12-17 - Christopher J. Waller - A Hopeless and Imperative Endeavor_ Lessons from the Pandemic for Economic Forecasters.txt,html,success,2026-06-03T02:05:43,FED_2021_12,speech_after_meeting,2021-12-15,2,0.7,Speech falls inside a FOMC meeting window.
FED_DOC_E1296E6BABD3,FED,Minutes,minutes,FOMC minutes,2022-01-26,,https://www.federalreserve.gov/monetarypolicy/files/fomcminutes20220126.pdf,data\FED\Minutes\2022-01-26 - FOMC minutes.pdf,data\FED\Minutes\2022-01-26 - FOMC minutes.txt,pdf,success,2026-06-03T01:50:18,FED_2022_01,minutes_for_meeting,2022-01-26,0,0.9,Linked to latest FOMC meeting on or before minutes date.
FED_DOC_6EA63600B6E6,FED,Monetary Policy,statement,FOMC statement,2022-01-26,,https://www.federalreserve.gov/monetarypolicy/files/monetary20220126a1.pdf,data\FED\Monetary Policy\2022-01-26 - FOMC statement.pdf,data\FED\Monetary Policy\2022-01-26 - FOMC statement.txt,pdf,success,2026-06-03T01:48:46,FED_2022_01,anchor_statement,2022-01-26,0,1.0,Official FOMC statement anchor.
FED_DOC_6549A97BA416,FED,Speeches,speech,"Comments on ""Some Benefits and Risks of a Hot Economy""",2022-02-18,Christopher J. Waller,https://www.federalreserve.gov/newsevents/speech/waller20220218a.htm,data\FED\Speeches\2022-02-18 - Christopher J. Waller - Comments on _Some Benefits and Risks of a Hot Economy_.html,data\FED\Speeches\2022-02-18 - Christopher J. Waller - Comments on _Some Benefits and Risks of a Hot Economy_.txt,html,success,2026-06-03T02:05:42,FED_2022_01,speech_after_meeting,2022-01-26,23,0.7,Speech falls inside a FOMC meeting window.
FED_DOC_9AAB24AB7440,FED,Speeches,speech,Preparing for the Financial System of the Future,2022-02-18,Lael Brainard,https://www.federalreserve.gov/newsevents/speech/brainard20220218a.htm,data\FED\Speeches\2022-02-18 - Lael Brainard - Preparing for the Financial System of the Future.html,data\FED\Speeches\2022-02-18 - Lael Brainard - Preparing for the Financial System of the Future.txt,html,success,2026-06-03T02:05:40,FED_2022_01,speech_after_meeting,2022-01-26,23,0.7,Speech falls inside a FOMC meeting window.
FED_DOC_A75F6DE9621F,FED,Speeches,speech,High Inflation and the Outlook for Monetary Policy,2022-02-21,Michelle W. Bowman,https://www.federalreserve.gov/newsevents/speech/bowman20220221a.htm,data\FED\Speeches\2022-02-21 - Michelle W. Bowman - High Inflation and the Outlook for Monetary Policy.html,data\FED\Speeches\2022-02-21 - Michelle W. Bowman - High Inflation and the Outlook for Monetary Policy.txt,html,success,2026-06-03T02:05:38,FED_2022_01,speech_after_meeting,2022-01-26,26,0.7,Speech falls inside a FOMC meeting window.
FED_DOC_7326BB90F476,FED,Speeches,speech,Fighting Inflation with Rate Hikes and Balance Sheet Reduction,2022-02-24,Christopher J. Waller,https://www.federalreserve.gov/newsevents/speech/waller20220224a.htm,data\FED\Speeches\2022-02-24 - Christopher J. Waller - Fighting Inflation with Rate Hikes and Balance Sheet Reduction.html,data\FED\Speeches\2022-02-24 - Christopher J. Waller - Fighting Inflation with Rate Hikes and Balance Sheet Reduction.txt,html,success,2026-06-03T02:05:36,FED_2022_01,speech_after_meeting,2022-01-26,29,0.7,Speech falls inside a FOMC meeting window.
FED_DOC_ACDC751C5B07,FED,Minutes,minutes,FOMC minutes,2022-03-16,,https://www.federalreserve.gov/monetarypolicy/files/fomcminutes20220316.pdf,data\FED\Minutes\2022-03-16 - FOMC minutes.pdf,data\FED\Minutes\2022-03-16 - FOMC minutes.txt,pdf,success,2026-06-03T01:50:20,FED_2022_03,minutes_for_meeting,2022-03-16,0,0.9,Linked to latest FOMC meeting on or before minutes date.
FED_DOC_1B8FFEA724BB,FED,Monetary Policy,statement,FOMC statement,2022-03-16,,https://www.federalreserve.gov/monetarypolicy/files/monetary20220316a1.pdf,data\FED\Monetary Policy\2022-03-16 - FOMC statement.pdf,data\FED\Monetary Policy\2022-03-16 - FOMC statement.txt,pdf,success,2026-06-03T01:48:48,FED_2022_03,anchor_statement,2022-03-16,0,1.0,Official FOMC statement anchor.
FED_DOC_3A6FC2995A40,FED,Speeches,speech,Welcoming Remarks,2022-03-18,Welcoming Remarks,https://www.federalreserve.gov/newsevents/speech/bowman20220318a.htm,data\FED\Speeches\2022-03-18 - Welcoming Remarks - Welcoming Remarks.html,data\FED\Speeches\2022-03-18 - Welcoming Remarks - Welcoming Remarks.txt,html,success,2026-06-03T02:05:34,FED_2022_03,speech_after_meeting,2022-03-16,2,0.7,Speech falls inside a FOMC meeting window.
FED_DOC_4D2F6C089423,FED,Speeches,speech,Restoring Price Stability,2022-03-21,Pro Tempore Jerome H. Powell,https://www.federalreserve.gov/newsevents/speech/powell20220321a.htm,data\FED\Speeches\2022-03-21 - Pro Tempore Jerome H. Powell - Restoring Price Stability.html,data\FED\Speeches\2022-03-21 - Pro Tempore Jerome H. Powell - Restoring Price Stability.txt,html,success,2026-06-03T02:05:32,FED_2022_03,speech_after_meeting,2022-03-16,5,0.7,Speech falls inside a FOMC meeting window.
FED_DOC_F8617E1600FA,FED,Speeches,speech,The Red Hot Housing Market: the Role of Policy and Implications for Housing Affordability,2022-03-24,Christopher J. Waller,https://www.federalreserve.gov/newsevents/speech/waller20220324a.htm,data\FED\Speeches\2022-03-24 - Christopher J. Waller - The Red Hot Housing Market_ the Role of Policy and Implications for Housing Affordability.html,data\FED\Speeches\2022-03-24 - Christopher J. Waller - The Red Hot Housing Market_ the Role of Policy and Implications for Housing Affordability.txt,html,success,2026-06-03T02:05:30,FED_2022_03,speech_after_meeting,2022-03-16,8,0.7,Speech falls inside a FOMC meeting window.
FED_DOC_AC6CDC4FDD36,FED,Speeches,speech,Variation in the Inflation Experiences of Households,2022-04-05,Lael Brainard,https://www.federalreserve.gov/newsevents/speech/brainard20220405a.htm,data\FED\Speeches\2022-04-05 - Lael Brainard - Variation in the Inflation Experiences of Households.html,data\FED\Speeches\2022-04-05 - Lael Brainard - Variation in the Inflation Experiences of Households.txt,html,success,2026-06-03T02:05:28,FED_2022_03,speech_after_meeting,2022-03-16,20,0.7,Speech falls inside a FOMC meeting window.
FED_DOC_765967B363BB,FED,Minutes,minutes,FOMC minutes,2022-05-04,,https://www.federalreserve.gov/monetarypolicy/files/fomcminutes20220504.pdf,data\FED\Minutes\2022-05-04 - FOMC minutes.pdf,data\FED\Minutes\2022-05-04 - FOMC minutes.txt,pdf,success,2026-06-03T01:50:22,FED_2022_05,minutes_for_meeting,2022-05-04,0,0.9,Linked to latest FOMC meeting on or before minutes date.
FED_DOC_01ECCF02DE6D,FED,Monetary Policy,statement,FOMC statement,2022-05-04,,https://www.federalreserve.gov/monetarypolicy/files/monetary20220504a1.pdf,data\FED\Monetary Policy\2022-05-04 - FOMC statement.pdf,data\FED\Monetary Policy\2022-05-04 - FOMC statement.txt,pdf,success,2026-06-03T01:48:50,FED_2022_05,anchor_statement,2022-05-04,0,1.0,Official FOMC statement anchor.
FED_DOC_B168A9EB0096,FED,Speeches,speech,Reflections on Monetary Policy in 2021,2022-05-06,Christopher J. Waller,https://www.federalreserve.gov/newsevents/speech/waller20220506a.htm,data\FED\Speeches\2022-05-06 - Christopher J. Waller - Reflections on Monetary Policy in 2021.html,data\FED\Speeches\2022-05-06 - Christopher J. Waller - Reflections on Monetary Policy in 2021.txt,html,success,2026-06-03T02:05:26,FED_2022_05,speech_after_meeting,2022-05-04,2,0.7,Speech falls inside a FOMC meeting window.
FED_DOC_F83FAE352B85,FED,Speeches,speech,Welcoming Remarks,2022-05-24,Jerome H. Powell,https://www.federalreserve.gov/newsevents/speech/powell20220524a.htm,data\FED\Speeches\2022-05-24 - Jerome H. Powell - Welcoming Remarks.html,data\FED\Speeches\2022-05-24 - Jerome H. Powell - Welcoming Remarks.txt,html,success,2026-06-03T02:05:24,FED_2022_05,speech_after_meeting,2022-05-04,20,0.7,Speech falls inside a FOMC meeting window.
FED_DOC_7CE1386F893C,FED,Speeches,speech,Commencement Remarks,2022-05-25,Lael Brainard,https://www.federalreserve.gov/newsevents/speech/brainard20220525a.htm,data\FED\Speeches\2022-05-25 - Lael Brainard - Commencement Remarks.html,data\FED\Speeches\2022-05-25 - Lael Brainard - Commencement Remarks.txt,html,success,2026-06-03T02:05:22,FED_2022_05,speech_after_meeting,2022-05-04,21,0.7,Speech falls inside a FOMC meeting window.
FED_DOC_5638871E7903,FED,Speeches,speech,"Responding to High Inflation, with Some Thoughts on a Soft Landing",2022-05-30,Christopher J. Waller,https://www.federalreserve.gov/newsevents/speech/waller20220530a.htm,"data\FED\Speeches\2022-05-30 - Christopher J. Waller - Responding to High Inflation, with Some Thoughts on a Soft Landing.html","data\FED\Speeches\2022-05-30 - Christopher J. Waller - Responding to High Inflation, with Some Thoughts on a Soft Landing.txt",html,success,2026-06-03T02:05:20,FED_2022_05,speech_after_meeting,2022-05-04,26,0.7,Speech falls inside a FOMC meeting window.
FED_DOC_6704B5480198,FED,Speeches,speech,Risk in the Crypto Markets,2022-06-03,Risk in the Crypto Markets,https://www.federalreserve.gov/newsevents/speech/waller20220603a.htm,data\FED\Speeches\2022-06-03 - Risk in the Crypto Markets - Risk in the Crypto Markets.html,data\FED\Speeches\2022-06-03 - Risk in the Crypto Markets - Risk in the Crypto Markets.txt,html,success,2026-06-03T02:05:18,FED_2022_05,speech_after_meeting,2022-05-04,30,0.7,Speech falls inside a FOMC meeting window.
FED_DOC_C5558630B881,FED,Minutes,minutes,FOMC minutes,2022-06-15,,https://www.federalreserve.gov/monetarypolicy/files/fomcminutes20220615.pdf,data\FED\Minutes\2022-06-15 - FOMC minutes.pdf,data\FED\Minutes\2022-06-15 - FOMC minutes.txt,pdf,success,2026-06-03T01:50:24,FED_2022_06,minutes_for_meeting,2022-06-15,0,0.9,Linked to latest FOMC meeting on or before minutes date.
FED_DOC_A83DEA2795D6,FED,Monetary Policy,statement,FOMC statement,2022-06-15,,https://www.federalreserve.gov/monetarypolicy/files/monetary20220615a1.pdf,data\FED\Monetary Policy\2022-06-15 - FOMC statement.pdf,data\FED\Monetary Policy\2022-06-15 - FOMC statement.txt,pdf,success,2026-06-03T01:48:52,FED_2022_06,anchor_statement,2022-06-15,0,1.0,Official FOMC statement anchor.
FED_DOC_3E880B2EDA46,FED,Speeches,speech,Welcoming Remarks,2022-06-17,Jerome H. Powell,https://www.federalreserve.gov/newsevents/speech/powell20220617a.htm,data\FED\Speeches\2022-06-17 - Jerome H. Powell - Welcoming Remarks.html,data\FED\Speeches\2022-06-17 - Jerome H. Powell - Welcoming Remarks.txt,html,success,2026-06-03T02:05:16,FED_2022_06,speech_after_meeting,2022-06-15,2,0.7,Speech falls inside a FOMC meeting window.
FED_DOC_EC90AD97C722,FED,Speeches,speech,Lessons Learned on Normalizing Monetary Policy,2022-06-18,Christopher J. Waller,https://www.federalreserve.gov/newsevents/speech/waller20220618a.htm,data\FED\Speeches\2022-06-18 - Christopher J. Waller - Lessons Learned on Normalizing Monetary Policy.html,data\FED\Speeches\2022-06-18 - Christopher J. Waller - Lessons Learned on Normalizing Monetary Policy.txt,html,success,2026-06-03T02:05:14,FED_2022_06,speech_after_meeting,2022-06-15,3,0.7,Speech falls inside a FOMC meeting window.
FED_DOC_59F0F3A48B5D,FED,Speeches,speech,The Outlook for Inflation and Monetary Policy,2022-06-23,Michelle W. Bowman,https://www.federalreserve.gov/newsevents/speech/bowman20220623a.htm,data\FED\Speeches\2022-06-23 - Michelle W. Bowman - The Outlook for Inflation and Monetary Policy.html,data\FED\Speeches\2022-06-23 - Michelle W. Bowman - The Outlook for Inflation and Monetary Policy.txt,html,success,2026-06-03T02:05:12,FED_2022_06,speech_after_meeting,2022-06-15,8,0.7,Speech falls inside a FOMC meeting window.
FED_DOC_AD69E976D4DD,FED,Speeches,speech,Crypto-Assets and Decentralized Finance through a Financial Stability Lens,2022-07-08,Lael Brainard,https://www.federalreserve.gov/newsevents/speech/brainard20220708a.htm,data\FED\Speeches\2022-07-08 - Lael Brainard - Crypto-Assets and Decentralized Finance through a Financial Stability Lens.html,data\FED\Speeches\2022-07-08 - Lael Brainard - Crypto-Assets and Decentralized Finance through a Financial Stability Lens.txt,html,success,2026-06-03T02:05:10,FED_2022_06,speech_after_meeting,2022-06-15,23,0.7,Speech falls inside a FOMC meeting window.
FED_DOC_4CE878A3D358,FED,Speeches,speech,Monetary Policy in a World of Conflicting Data,2022-07-14,Christopher J. Waller,https://www.federalreserve.gov/newsevents/speech/waller20220714a.htm,data\FED\Speeches\2022-07-14 - Christopher J. Waller - Monetary Policy in a World of Conflicting Data.html,data\FED\Speeches\2022-07-14 - Christopher J. Waller - Monetary Policy in a World of Conflicting Data.txt,html,success,2026-06-03T02:05:08,FED_2022_06,speech_after_meeting,2022-06-15,29,0.7,Speech falls inside a FOMC meeting window.
FED_DOC_3D62EA3E03F5,FED,Speeches,speech,Strengthening the CRA: A Conversation with Representatives of Native Communities,2022-07-19,Lael Brainard,https://www.federalreserve.gov/newsevents/speech/brainard20220719a.htm,data\FED\Speeches\2022-07-19 - Lael Brainard - Strengthening the CRA_ A Conversation with Representatives of Native Communities.html,data\FED\Speeches\2022-07-19 - Lael Brainard - Strengthening the CRA_ A Conversation with Representatives of Native Communities.txt,html,success,2026-06-03T02:05:06,FED_2022_06,speech_after_meeting,2022-06-15,34,0.7,Speech falls inside a FOMC meeting window.
FED_DOC_66D7AF562B19,FED,Minutes,minutes,FOMC minutes,2022-07-27,,https://www.federalreserve.gov/monetarypolicy/files/fomcminutes20220727.pdf,data\FED\Minutes\2022-07-27 - FOMC minutes.pdf,data\FED\Minutes\2022-07-27 - FOMC minutes.txt,pdf,success,2026-06-03T01:50:26,FED_2022_07,minutes_for_meeting,2022-07-27,0,0.9,Linked to latest FOMC meeting on or before minutes date.
FED_DOC_9F659D82DDEA,FED,Monetary Policy,statement,FOMC statement,2022-07-27,,https://www.federalreserve.gov/monetarypolicy/files/monetary20220727a1.pdf,data\FED\Monetary Policy\2022-07-27 - FOMC statement.pdf,data\FED\Monetary Policy\2022-07-27 - FOMC statement.txt,pdf,success,2026-06-03T01:48:54,FED_2022_07,anchor_statement,2022-07-27,0,1.0,Official FOMC statement anchor.
FED_DOC_CC37429C0096,FED,Speeches,speech,Fighting Inflation in Challenging Times,2022-08-06,Fighting Inflation in Challenging Times,https://www.federalreserve.gov/newsevents/speech/bowman20220806a.htm,data\FED\Speeches\2022-08-06 - Fighting Inflation in Challenging Times - Fighting Inflation in Challenging Times.html,data\FED\Speeches\2022-08-06 - Fighting Inflation in Challenging Times - Fighting Inflation in Challenging Times.txt,html,success,2026-06-03T02:05:04,FED_2022_07,speech_after_meeting,2022-07-27,10,0.7,Speech falls inside a FOMC meeting window.
FED_DOC_8F5A922C7876,FED,Speeches,speech,"Technology, Innovation, and Financial Services",2022-08-17,Michelle W. Bowman,https://www.federalreserve.gov/newsevents/speech/bowman20220817a.htm,"data\FED\Speeches\2022-08-17 - Michelle W. Bowman - Technology, Innovation, and Financial Services.html","data\FED\Speeches\2022-08-17 - Michelle W. Bowman - Technology, Innovation, and Financial Services.txt",html,success,2026-06-03T02:05:02,FED_2022_07,speech_after_meeting,2022-07-27,21,0.7,Speech falls inside a FOMC meeting window.
FED_DOC_9C66730908EE,FED,Speeches,speech,Working Women in the Pandemic Era,2022-08-17,Michelle W. Bowman,https://www.federalreserve.gov/newsevents/speech/bowman20220817b.htm,data\FED\Speeches\2022-08-17 - Michelle W. Bowman - Working Women in the Pandemic Era.html,data\FED\Speeches\2022-08-17 - Michelle W. Bowman - Working Women in the Pandemic Era.txt,html,success,2026-06-03T02:05:00,FED_2022_07,speech_after_meeting,2022-07-27,21,0.7,Speech falls inside a FOMC meeting window.
FED_DOC_369FB684CF2B,FED,Speeches,speech,Monetary Policy and Price Stability,2022-08-26,Jerome H. Powell,https://www.federalreserve.gov/newsevents/speech/powell20220826a.htm,data\FED\Speeches\2022-08-26 - Jerome H. Powell - Monetary Policy and Price Stability.html,data\FED\Speeches\2022-08-26 - Jerome H. Powell - Monetary Policy and Price Stability.txt,html,success,2026-06-03T02:04:58,FED_2022_07,speech_after_meeting,2022-07-27,30,0.7,Speech falls inside a FOMC meeting window.
FED_DOC_A6A496C9BED2,FED,Speeches,speech,Progress on Fast Payments for All: An Update on FedNow,2022-08-29,Lael Brainard,https://www.federalreserve.gov/newsevents/speech/brainard20220829a.htm,data\FED\Speeches\2022-08-29 - Lael Brainard - Progress on Fast Payments for All_ An Update on FedNow.html,data\FED\Speeches\2022-08-29 - Lael Brainard - Progress on Fast Payments for All_ An Update on FedNow.txt,html,success,2026-06-03T02:04:55,FED_2022_07,speech_after_meeting,2022-07-27,33,0.7,Speech falls inside a FOMC meeting window.
FED_DOC_C0AC9AAFD847,FED,Speeches,speech,Bringing Inflation Down,2022-09-07,Lael Brainard,https://www.federalreserve.gov/newsevents/speech/brainard20220907a.htm,data\FED\Speeches\2022-09-07 - Lael Brainard - Bringing Inflation Down.html,data\FED\Speeches\2022-09-07 - Lael Brainard - Bringing Inflation Down.txt,html,success,2026-06-03T02:04:53,FED_2022_07,speech_after_meeting,2022-07-27,42,0.7,Speech falls inside a FOMC meeting window.
FED_DOC_6CD45CA20399,FED,Speeches,speech,Making the Financial System Safer and Fairer,2022-09-07,Stablecoins as Private Money,https://www.federalreserve.gov/newsevents/speech/barr20220907a.htm,data\FED\Speeches\2022-09-07 - Stablecoins as Private Money - Making the Financial System Safer and Fairer.html,data\FED\Speeches\2022-09-07 - Stablecoins as Private Money - Making the Financial System Safer and Fairer.txt,html,success,2026-06-03T02:04:52,FED_2022_07,speech_after_meeting,2022-07-27,42,0.7,Speech falls inside a FOMC meeting window.
FED_DOC_73931354B52E,FED,Speeches,speech,The Economic Outlook: Time to Let the Data Do the Talking,2022-09-09,Christopher J. Waller,https://www.federalreserve.gov/newsevents/speech/waller20220909a.htm,data\FED\Speeches\2022-09-09 - Christopher J. Waller - The Economic Outlook_ Time to Let the Data Do the Talking.html,data\FED\Speeches\2022-09-09 - Christopher J. Waller - The Economic Outlook_ Time to Let the Data Do the Talking.txt,html,success,2026-06-03T02:04:50,FED_2022_07,speech_after_meeting,2022-07-27,44,0.7,Speech falls inside a FOMC meeting window.
FED_DOC_30C9D0D91F8D,FED,Minutes,minutes,FOMC minutes,2022-09-21,,https://www.federalreserve.gov/monetarypolicy/files/fomcminutes20220921.pdf,data\FED\Minutes\2022-09-21 - FOMC minutes.pdf,data\FED\Minutes\2022-09-21 - FOMC minutes.txt,pdf,success,2026-06-03T01:50:27,FED_2022_09,minutes_for_meeting,2022-09-21,0,0.9,Linked to latest FOMC meeting on or before minutes date.
FED_DOC_82596B8FA70D,FED,Monetary Policy,statement,FOMC statement,2022-09-21,,https://www.federalreserve.gov/monetarypolicy/files/monetary20220921a1.pdf,data\FED\Monetary Policy\2022-09-21 - FOMC statement.pdf,data\FED\Monetary Policy\2022-09-21 - FOMC statement.txt,pdf,success,2026-06-03T01:48:56,FED_2022_09,anchor_statement,2022-09-21,0,1.0,Official FOMC statement anchor.
FED_DOC_730475AF3128,FED,Speeches,speech,The New Landscape for Banking Competition,2022-09-28,Michelle W. Bowman,https://www.federalreserve.gov/newsevents/speech/bowman20220928a.htm,data\FED\Speeches\2022-09-28 - Michelle W. Bowman - The New Landscape for Banking Competition.html,data\FED\Speeches\2022-09-28 - Michelle W. Bowman - The New Landscape for Banking Competition.txt,html,success,2026-06-03T02:04:46,FED_2022_09,speech_after_meeting,2022-09-21,7,0.7,Speech falls inside a FOMC meeting window.
FED_DOC_58684D283390,FED,Speeches,speech,Welcoming Remarks,2022-09-28,Jerome H. Powell,https://www.federalreserve.gov/newsevents/speech/powell20220928a.htm,data\FED\Speeches\2022-09-28 - Jerome H. Powell - Welcoming Remarks.html,data\FED\Speeches\2022-09-28 - Jerome H. Powell - Welcoming Remarks.txt,html,success,2026-06-03T02:04:48,FED_2022_09,speech_after_meeting,2022-09-21,7,0.7,Speech falls inside a FOMC meeting window.
FED_DOC_299D2902C1CB,FED,Speeches,speech,Global Financial Stability Considerations for Monetary Policy in a High-Inflation Environment,2022-09-30,Lael Brainard,https://www.federalreserve.gov/newsevents/speech/brainard20220930a.htm,data\FED\Speeches\2022-09-30 - Lael Brainard - Global Financial Stability Considerations for Monetary Policy in a High-Inflation Environment.html,data\FED\Speeches\2022-09-30 - Lael Brainard - Global Financial Stability Considerations for Monetary Policy in a High-Inflation Environment.txt,html,success,2026-06-03T02:04:44,FED_2022_09,speech_after_meeting,2022-09-21,9,0.7,Speech falls inside a FOMC meeting window.
FED_DOC_DDC9E029908A,FED,Speeches,speech,Large Bank Supervision and Regulation,2022-09-30,Large Bank Supervision and Regulation,https://www.federalreserve.gov/newsevents/speech/bowman20220930a.htm,data\FED\Speeches\2022-09-30 - Large Bank Supervision and Regulation - Large Bank Supervision and Regulation.html,data\FED\Speeches\2022-09-30 - Large Bank Supervision and Regulation - Large Bank Supervision and Regulation.txt,html,success,2026-06-03T02:04:42,FED_2022_09,speech_after_meeting,2022-09-21,9,0.7,Speech falls inside a FOMC meeting window.
FED_DOC_E033E7C183F4,FED,Speeches,speech,Technologyâs Impact on the Post-Pandemic Economy,2022-10-04,Philip N. Jefferson,https://www.federalreserve.gov/newsevents/speech/jefferson20221004a.htm,data\FED\Speeches\2022-10-04 - Philip N. Jefferson - Technologyâs Impact on the Post-Pandemic Economy.html,data\FED\Speeches\2022-10-04 - Philip N. Jefferson - Technologyâs Impact on the Post-Pandemic Economy.txt,html,success,2026-06-03T02:04:40,FED_2022_09,speech_after_meeting,2022-09-21,13,0.7,Speech falls inside a FOMC meeting window.
FED_DOC_B5E408EB4FED,FED,Speeches,speech,Economic Outlook,2022-10-06,Economic Outlook,https://www.federalreserve.gov/newsevents/speech/cook20221006a.htm,data\FED\Speeches\2022-10-06 - Economic Outlook - Economic Outlook.html,data\FED\Speeches\2022-10-06 - Economic Outlook - Economic Outlook.txt,html,success,2026-06-03T02:04:38,FED_2022_09,speech_after_meeting,2022-09-21,15,0.7,Speech falls inside a FOMC meeting window.
FED_DOC_B272B8C1A4C0,FED,Speeches,speech,The Economic Outlook with a Look at the Housing Market,2022-10-06,Christopher J. Waller,https://www.federalreserve.gov/newsevents/speech/waller20221006a.htm,data\FED\Speeches\2022-10-06 - Christopher J. Waller - The Economic Outlook with a Look at the Housing Market.html,data\FED\Speeches\2022-10-06 - Christopher J. Waller - The Economic Outlook with a Look at the Housing Market.txt,html,success,2026-06-03T02:04:36,FED_2022_09,speech_after_meeting,2022-09-21,15,0.7,Speech falls inside a FOMC meeting window.
FED_DOC_180610C75707,FED,Speeches,speech,Restoring Price Stability in an Uncertain Economic Environment,2022-10-10,Lael Brainard,https://www.federalreserve.gov/newsevents/speech/brainard20221010a.htm,data\FED\Speeches\2022-10-10 - Lael Brainard - Restoring Price Stability in an Uncertain Economic Environment.html,data\FED\Speeches\2022-10-10 - Lael Brainard - Restoring Price Stability in an Uncertain Economic Environment.txt,html,success,2026-06-03T02:04:34,FED_2022_09,speech_after_meeting,2022-09-21,19,0.7,Speech falls inside a FOMC meeting window.
FED_DOC_67A446CDD875,FED,Speeches,speech,Forward Guidance as a Monetary Policy Tool: Considerations for the Current Economic Environment,2022-10-12,Michelle W. Bowman,https://www.federalreserve.gov/newsevents/speech/bowman20221012a.htm,data\FED\Speeches\2022-10-12 - Michelle W. Bowman - Forward Guidance as a Monetary Policy Tool_ Considerations for the Current Economic Environment.html,data\FED\Speeches\2022-10-12 - Michelle W. Bowman - Forward Guidance as a Monetary Policy Tool_ Considerations for the Current Economic Environment.txt,html,success,2026-06-03T02:04:30,FED_2022_09,speech_after_meeting,2022-09-21,21,0.7,Speech falls inside a FOMC meeting window.
FED_DOC_97B9C8E3B013,FED,Speeches,speech,Managing the Promise and Risk of Financial Innovation,2022-10-12,Regulating Stablecoins,https://www.federalreserve.gov/newsevents/speech/barr20221012a.htm,data\FED\Speeches\2022-10-12 - Regulating Stablecoins - Managing the Promise and Risk of Financial Innovation.html,data\FED\Speeches\2022-10-12 - Regulating Stablecoins - Managing the Promise and Risk of Financial Innovation.txt,html,success,2026-06-03T02:04:32,FED_2022_09,speech_after_meeting,2022-09-21,21,0.7,Speech falls inside a FOMC meeting window.
FED_DOC_779B8AB234D4,FED,Speeches,speech,The U.S. Dollar and Central Bank Digital Currencies,2022-10-14,Christopher J. Waller,https://www.federalreserve.gov/newsevents/speech/waller20221014a.htm,data\FED\Speeches\2022-10-14 - Christopher J. Waller - The U.S. Dollar and Central Bank Digital Currencies.html,data\FED\Speeches\2022-10-14 - Christopher J. Waller - The U.S. Dollar and Central Bank Digital Currencies.txt,html,success,2026-06-03T02:04:28,FED_2022_09,speech_after_meeting,2022-09-21,23,0.7,Speech falls inside a FOMC meeting window.
FED_DOC_D2947DC67540,FED,Speeches,speech,Welcoming Remarks,2022-10-20,Welcoming Remarks,https://www.federalreserve.gov/newsevents/speech/bowman20221020a.htm,data\FED\Speeches\2022-10-20 - Welcoming Remarks - Welcoming Remarks.html,data\FED\Speeches\2022-10-20 - Welcoming Remarks - Welcoming Remarks.txt,html,success,2026-06-03T02:04:26,FED_2022_09,speech_after_meeting,2022-09-21,29,0.7,Speech falls inside a FOMC meeting window.
FED_DOC_35A3359E47C0,FED,Minutes,minutes,FOMC minutes,2022-11-02,,https://www.federalreserve.gov/monetarypolicy/files/fomcminutes20221102.pdf,data\FED\Minutes\2022-11-02 - FOMC minutes.pdf,data\FED\Minutes\2022-11-02 - FOMC minutes.txt,pdf,success,2026-06-03T01:50:30,FED_2022_11,minutes_for_meeting,2022-11-02,0,0.9,Linked to latest FOMC meeting on or before minutes date.
FED_DOC_6B14C0BC340D,FED,Monetary Policy,statement,FOMC statement,2022-11-02,,https://www.federalreserve.gov/monetarypolicy/files/monetary20221102a1.pdf,data\FED\Monetary Policy\2022-11-02 - FOMC statement.pdf,data\FED\Monetary Policy\2022-11-02 - FOMC statement.txt,pdf,success,2026-06-03T01:48:58,FED_2022_11,anchor_statement,2022-11-02,0,1.0,Official FOMC statement anchor.
FED_DOC_7F020B18CA41,FED,Speeches,speech,The Economic Outlook and a Word of Caution on Inflation,2022-11-16,Christopher J. Waller,https://www.federalreserve.gov/newsevents/speech/waller20221116a.htm,data\FED\Speeches\2022-11-16 - Christopher J. Waller - The Economic Outlook and a Word of Caution on Inflation.html,data\FED\Speeches\2022-11-16 - Christopher J. Waller - The Economic Outlook and a Word of Caution on Inflation.txt,html,success,2026-06-03T02:04:24,FED_2022_11,speech_after_meeting,2022-11-02,14,0.7,Speech falls inside a FOMC meeting window.
FED_DOC_23DCFBBD6B42,FED,Speeches,speech,Financial Education,2022-11-17,Financial Education,https://www.federalreserve.gov/newsevents/speech/bowman20221117a.htm,data\FED\Speeches\2022-11-17 - Financial Education - Financial Education.html,data\FED\Speeches\2022-11-17 - Financial Education - Financial Education.txt,html,success,2026-06-03T02:04:22,FED_2022_11,speech_after_meeting,2022-11-02,15,0.7,Speech falls inside a FOMC meeting window.
FED_DOC_594157576908,FED,Speeches,speech,Opportunity and Inclusive Economic Growth,2022-11-17,Opportunity and Inclusive Economic Growth,https://www.federalreserve.gov/newsevents/speech/jefferson20221117a.htm,data\FED\Speeches\2022-11-17 - Opportunity and Inclusive Economic Growth - Opportunity and Inclusive Economic Growth.html,data\FED\Speeches\2022-11-17 - Opportunity and Inclusive Economic Growth - Opportunity and Inclusive Economic Growth.txt,html,success,2026-06-03T02:04:20,FED_2022_11,speech_after_meeting,2022-11-02,15,0.7,Speech falls inside a FOMC meeting window.
FED_DOC_5509BBBBEADE,FED,Speeches,speech,"What Can We Learn from the Pandemic and the War about Supply Shocks, Inflation, and Monetary Policy?",2022-11-28,Lael Brainard,https://www.federalreserve.gov/newsevents/speech/brainard20221128a.htm,"data\FED\Speeches\2022-11-28 - Lael Brainard - What Can We Learn from the Pandemic and the War about Supply Shocks, Inflation, and Monetary Policy_.html","data\FED\Speeches\2022-11-28 - Lael Brainard - What Can We Learn from the Pandemic and the War about Supply Shocks, Inflation, and Monetary Policy_.txt",html,success,2026-06-03T02:04:18,FED_2022_11,speech_after_meeting,2022-11-02,26,0.7,Speech falls inside a FOMC meeting window.
FED_DOC_C7D8EB840867,FED,Speeches,speech,Inflation and the Labor Market,2022-11-30,Jerome H. Powell,https://www.federalreserve.gov/newsevents/speech/powell20221130a.htm,data\FED\Speeches\2022-11-30 - Jerome H. Powell - Inflation and the Labor Market.html,data\FED\Speeches\2022-11-30 - Jerome H. Powell - Inflation and the Labor Market.txt,html,success,2026-06-03T02:04:14,FED_2022_11,speech_after_meeting,2022-11-02,28,0.7,Speech falls inside a FOMC meeting window.
FED_DOC_CB7007CA1575,FED,Speeches,speech,The Economic Outlook and U.S. Productivity,2022-11-30,Lisa D. Cook,https://www.federalreserve.gov/newsevents/speech/cook20221130a.htm,data\FED\Speeches\2022-11-30 - Lisa D. Cook - The Economic Outlook and U.S. Productivity.html,data\FED\Speeches\2022-11-30 - Lisa D. Cook - The Economic Outlook and U.S. Productivity.txt,html,success,2026-06-03T02:04:16,FED_2022_11,speech_after_meeting,2022-11-02,28,0.7,Speech falls inside a FOMC meeting window.
FED_DOC_BBCA21B7302F,FED,Speeches,speech,Why Bank Capital Matters,2022-12-01,Why Bank Capital Matters,https://www.federalreserve.gov/newsevents/speech/barr20221201a.htm,data\FED\Speeches\2022-12-01 - Why Bank Capital Matters - Why Bank Capital Matters.html,data\FED\Speeches\2022-12-01 - Why Bank Capital Matters - Why Bank Capital Matters.txt,html,success,2026-06-03T02:00:45,FED_2022_11,speech_after_meeting,2022-11-02,29,0.7,Speech falls inside a FOMC meeting window.
FED_DOC_B0E6B0A4803A,FED,Minutes,minutes,FOMC minutes,2022-12-14,,https://www.federalreserve.gov/monetarypolicy/files/fomcminutes20221214.pdf,data\FED\Minutes\2022-12-14 - FOMC minutes.pdf,data\FED\Minutes\2022-12-14 - FOMC minutes.txt,pdf,success,2026-06-03T01:50:32,FED_2022_12,minutes_for_meeting,2022-12-14,0,0.9,Linked to latest FOMC meeting on or before minutes date.
FED_DOC_7BD25D9C17C3,FED,Monetary Policy,statement,FOMC statement,2022-12-14,,https://www.federalreserve.gov/monetarypolicy/files/monetary20221214a1.pdf,data\FED\Monetary Policy\2022-12-14 - FOMC statement.pdf,data\FED\Monetary Policy\2022-12-14 - FOMC statement.txt,pdf,success,2026-06-03T01:49:00,FED_2022_12,anchor_statement,2022-12-14,0,1.0,Official FOMC statement anchor.
FED_DOC_C6C1E8E165B3,FED,Speeches,speech,Thoughts on Inflation in a Supply-Constrained Economy,2023-01-06,Lisa D. Cook,https://www.federalreserve.gov/newsevents/speech/cook20230106a.htm,data\FED\Speeches\2023-01-06 - Lisa D. Cook - Thoughts on Inflation in a Supply-Constrained Economy.html,data\FED\Speeches\2023-01-06 - Lisa D. Cook - Thoughts on Inflation in a Supply-Constrained Economy.txt,html,success,2026-06-03T02:04:12,FED_2022_12,speech_after_meeting,2022-12-14,23,0.7,Speech falls inside a FOMC meeting window.
FED_DOC_FD466DFAF84E,FED,Speeches,speech,Brief Remarks on the Economy and Bank Supervision,2023-01-10,Michelle W. Bowman,https://www.federalreserve.gov/newsevents/speech/bowman20230110a.htm,data\FED\Speeches\2023-01-10 - Michelle W. Bowman - Brief Remarks on the Economy and Bank Supervision.html,data\FED\Speeches\2023-01-10 - Michelle W. Bowman - Brief Remarks on the Economy and Bank Supervision.txt,html,success,2026-06-03T02:04:08,FED_2022_12,speech_after_meeting,2022-12-14,27,0.7,Speech falls inside a FOMC meeting window.
FED_DOC_A38D58CFFCB9,FED,Speeches,speech,"Panel on ""Central Bank Independence and the MandateâEvolving Views""",2023-01-10,Jerome H. Powell,https://www.federalreserve.gov/newsevents/speech/powell20230110a.htm,data\FED\Speeches\2023-01-10 - Jerome H. Powell - Panel on _Central Bank Independence and the MandateâEvolving Views_.html,data\FED\Speeches\2023-01-10 - Jerome H. Powell - Panel on _Central Bank Independence and the MandateâEvolving Views_.txt,html,success,2026-06-03T02:04:10,FED_2022_12,speech_after_meeting,2022-12-14,27,0.7,Speech falls inside a FOMC meeting window.
FED_DOC_17808E7F5D11,FED,Speeches,speech,Staying the Course to Bring Inflation Down,2023-01-19,Lael Brainard,https://www.federalreserve.gov/newsevents/speech/brainard20230119a.htm,data\FED\Speeches\2023-01-19 - Lael Brainard - Staying the Course to Bring Inflation Down.html,data\FED\Speeches\2023-01-19 - Lael Brainard - Staying the Course to Bring Inflation Down.txt,html,success,2026-06-03T02:04:06,FED_2022_12,speech_after_meeting,2022-12-14,36,0.7,Speech falls inside a FOMC meeting window.
FED_DOC_047496DD607D,FED,Speeches,speech,A Case for Cautious Optimism,2023-01-20,A Case for Cautious Optimism,https://www.federalreserve.gov/newsevents/speech/waller20230120a.htm,data\FED\Speeches\2023-01-20 - A Case for Cautious Optimism - A Case for Cautious Optimism.html,data\FED\Speeches\2023-01-20 - A Case for Cautious Optimism - A Case for Cautious Optimism.txt,html,success,2026-06-03T02:04:04,FED_2022_12,speech_after_meeting,2022-12-14,37,0.7,Speech falls inside a FOMC meeting window.
FED_DOC_C2E75FF919ED,FED,Speeches,speech,Remarks to Delta Sigma Theta,2023-01-21,Remarks to Delta Sigma Theta,https://www.federalreserve.gov/newsevents/speech/cook20230121a.htm,data\FED\Speeches\2023-01-21 - Remarks to Delta Sigma Theta - Remarks to Delta Sigma Theta.html,data\FED\Speeches\2023-01-21 - Remarks to Delta Sigma Theta - Remarks to Delta Sigma Theta.txt,html,success,2026-06-03T02:04:02,FED_2022_12,speech_after_meeting,2022-12-14,38,0.7,Speech falls inside a FOMC meeting window.
FED_DOC_6243BCF443DA,FED,Minutes,minutes,FOMC minutes,2023-02-01,,https://www.federalreserve.gov/monetarypolicy/files/fomcminutes20230201.pdf,data\FED\Minutes\2023-02-01 - FOMC minutes.pdf,data\FED\Minutes\2023-02-01 - FOMC minutes.txt,pdf,success,2026-06-03T01:50:02,FED_2023_02,minutes_for_meeting,2023-02-01,0,0.9,Linked to latest FOMC meeting on or before minutes date.
FED_DOC_784A66EE64F2,FED,Monetary Policy,statement,FOMC statement,2023-02-01,,https://www.federalreserve.gov/monetarypolicy/files/monetary20230201a1.pdf,data\FED\Monetary Policy\2023-02-01 - FOMC statement.pdf,data\FED\Monetary Policy\2023-02-01 - FOMC statement.txt,pdf,success,2026-06-03T01:48:30,FED_2023_02,anchor_statement,2023-02-01,0,1.0,Official FOMC statement anchor.
FED_DOC_CB8FB8D1B73C,FED,Speeches,speech,Remarks at the âBanking on Financial Inclusionâ Conference,2023-02-07,Michael S. Barr,https://www.federalreserve.gov/newsevents/speech/barr20230207a.htm,data\FED\Speeches\2023-02-07 - Michael S. Barr - Remarks at the âBanking on Financial Inclusionâ Conference.html,data\FED\Speeches\2023-02-07 - Michael S. Barr - Remarks at the âBanking on Financial Inclusionâ Conference.txt,html,success,2026-06-03T02:03:59,FED_2023_02,speech_after_meeting,2023-02-01,6,0.7,Speech falls inside a FOMC meeting window.
FED_DOC_59447F580B65,FED,Speeches,speech,"The Inflation Rate for Necessities: A Look at Food, Energy and Shelter Inflation",2023-02-08,Christopher J. Waller,https://www.federalreserve.gov/newsevents/speech/waller20230208a.htm,"data\FED\Speeches\2023-02-08 - Christopher J. Waller - The Inflation Rate for Necessities_ A Look at Food, Energy and Shelter Inflation.html","data\FED\Speeches\2023-02-08 - Christopher J. Waller - The Inflation Rate for Necessities_ A Look at Food, Energy and Shelter Inflation.txt",html,success,2026-06-03T02:03:57,FED_2023_02,speech_after_meeting,2023-02-01,7,0.7,Speech falls inside a FOMC meeting window.
FED_DOC_0B65E798863E,FED,Speeches,speech,Thoughts on the Crypto Ecosystem,2023-02-10,Thoughts on the Crypto Ecosystem,https://www.federalreserve.gov/newsevents/speech/waller20230210a.htm,data\FED\Speeches\2023-02-10 - Thoughts on the Crypto Ecosystem - Thoughts on the Crypto Ecosystem.html,data\FED\Speeches\2023-02-10 - Thoughts on the Crypto Ecosystem - Thoughts on the Crypto Ecosystem.txt,html,success,2026-06-03T02:03:55,FED_2023_02,speech_after_meeting,2023-02-01,9,0.7,Speech falls inside a FOMC meeting window.
FED_DOC_1E233AFE7CBE,FED,Speeches,speech,"Independence, Predictability, and Tailoring in Banking Regulation and Supervision",2023-02-13,Michelle W. Bowman,https://www.federalreserve.gov/newsevents/speech/bowman20230213a.htm,"data\FED\Speeches\2023-02-13 - Michelle W. Bowman - Independence, Predictability, and Tailoring in Banking Regulation and Supervision.html","data\FED\Speeches\2023-02-13 - Michelle W. Bowman - Independence, Predictability, and Tailoring in Banking Regulation and Supervision.txt",html,success,2026-06-03T02:03:53,FED_2023_02,speech_after_meeting,2023-02-01,12,0.7,Speech falls inside a FOMC meeting window.
FED_DOC_ACF9B2E973D5,FED,Speeches,speech,Welcoming Remarks,2023-02-15,Welcoming Remarks,https://www.federalreserve.gov/newsevents/speech/bowman20230215a.htm,data\FED\Speeches\2023-02-15 - Welcoming Remarks - Welcoming Remarks.html,data\FED\Speeches\2023-02-15 - Welcoming Remarks - Welcoming Remarks.txt,html,success,2026-06-03T02:03:51,FED_2023_02,speech_after_meeting,2023-02-01,14,0.7,Speech falls inside a FOMC meeting window.
FED_DOC_679849A4866A,FED,Speeches,speech,Welcome Remarks,2023-02-16,Welcome Remarks,https://www.federalreserve.gov/newsevents/speech/cook20230216a.htm,data\FED\Speeches\2023-02-16 - Welcome Remarks - Welcome Remarks.html,data\FED\Speeches\2023-02-16 - Welcome Remarks - Welcome Remarks.txt,html,success,2026-06-03T02:03:49,FED_2023_02,speech_after_meeting,2023-02-01,15,0.7,Speech falls inside a FOMC meeting window.
FED_DOC_2F70D39A152A,FED,Speeches,speech,"Discussion of the Paper ""Managing Disinflations"" by Stephen G. Cecchetti, Michael E. Feroli, Peter Hooper, Frederic S. Mishkin, and Kermit L. Schoenholtz",2023-02-24,Philip N. Jefferson,https://www.federalreserve.gov/newsevents/speech/jefferson20230224a.htm,"data\FED\Speeches\2023-02-24 - Philip N. Jefferson - Discussion of the Paper _Managing Disinflations_ by Stephen G. Cecchetti, Michael E. Feroli, Peter Hooper, Frederic.html","data\FED\Speeches\2023-02-24 - Philip N. Jefferson - Discussion of the Paper _Managing Disinflations_ by Stephen G. Cecchetti, Michael E. Feroli, Peter Hooper, Frederic.txt",html,success,2026-06-03T02:03:47,FED_2023_02,speech_after_meeting,2023-02-01,23,0.7,Speech falls inside a FOMC meeting window.
FED_DOC_28D5A930FD2E,FED,Speeches,speech,Recent Inflation and the Dual Mandate,2023-02-27,Philip N. Jefferson,https://www.federalreserve.gov/newsevents/speech/jefferson20230227a.htm,data\FED\Speeches\2023-02-27 - Philip N. Jefferson - Recent Inflation and the Dual Mandate.html,data\FED\Speeches\2023-02-27 - Philip N. Jefferson - Recent Inflation and the Dual Mandate.txt,html,success,2026-06-03T02:03:45,FED_2023_02,speech_after_meeting,2023-02-01,26,0.7,Speech falls inside a FOMC meeting window.
FED_DOC_E98366D81A72,FED,Speeches,speech,Februaryâs Hot Data Releases,2023-03-02,Christopher J. Waller,https://www.federalreserve.gov/newsevents/speech/waller20230302a.htm,data\FED\Speeches\2023-03-02 - Christopher J. Waller - Februaryâs Hot Data Releases.html,data\FED\Speeches\2023-03-02 - Christopher J. Waller - Februaryâs Hot Data Releases.txt,html,success,2026-06-03T02:03:42,FED_2023_02,speech_after_meeting,2023-02-01,29,0.7,Speech falls inside a FOMC meeting window.
FED_DOC_B3328141495D,FED,Speeches,speech,Panel on âDesign Issues for Central Bank Facilities in the Futureâ,2023-03-03,Michelle W. Bowman,https://www.federalreserve.gov/newsevents/speech/bowman20230303a.htm,data\FED\Speeches\2023-03-03 - Michelle W. Bowman - Panel on âDesign Issues for Central Bank Facilities in the Futureâ.html,data\FED\Speeches\2023-03-03 - Michelle W. Bowman - Panel on âDesign Issues for Central Bank Facilities in the Futureâ.txt,html,success,2026-06-03T02:03:40,FED_2023_02,speech_after_meeting,2023-02-01,30,0.7,Speech falls inside a FOMC meeting window.
FED_DOC_E077B0248E51,FED,Speeches,speech,Supporting Innovation with Guardrails: The Federal Reserveâs Approach to Supervision and Regulation of Banksâ Crypto-related Activities,2023-03-09,Michael S. Barr,https://www.federalreserve.gov/newsevents/speech/barr20230309a.htm,data\FED\Speeches\2023-03-09 - Michael S. Barr - Supporting Innovation with Guardrails_ The Federal Reserveâs Approach to Supervision and Regulation of Banksâ Crypt.html,data\FED\Speeches\2023-03-09 - Michael S. Barr - Supporting Innovation with Guardrails_ The Federal Reserveâs Approach to Supervision and Regulation of Banksâ Crypt.txt,html,success,2026-06-03T02:03:38,FED_2023_02,speech_after_meeting,2023-02-01,36,0.7,Speech falls inside a FOMC meeting window.
FED_DOC_7FEEAF7FC0B0,FED,Speeches,speech,The Innovation Imperative: Modernizing Traditional Banking,2023-03-14,Michelle W. Bowman,https://www.federalreserve.gov/newsevents/speech/bowman20230314a.htm,data\FED\Speeches\2023-03-14 - Michelle W. Bowman - The Innovation Imperative_ Modernizing Traditional Banking.html,data\FED\Speeches\2023-03-14 - Michelle W. Bowman - The Innovation Imperative_ Modernizing Traditional Banking.txt,html,success,2026-06-03T02:03:36,FED_2023_02,speech_after_meeting,2023-02-01,41,0.7,Speech falls inside a FOMC meeting window.
FED_DOC_E7DF516D256B,FED,Minutes,minutes,FOMC minutes,2023-03-22,,https://www.federalreserve.gov/monetarypolicy/files/fomcminutes20230322.pdf,data\FED\Minutes\2023-03-22 - FOMC minutes.pdf,data\FED\Minutes\2023-03-22 - FOMC minutes.txt,pdf,success,2026-06-03T01:50:04,FED_2023_03,minutes_for_meeting,2023-03-22,0,0.9,Linked to latest FOMC meeting on or before minutes date.
FED_DOC_D81BFDDEA9D8,FED,Monetary Policy,statement,FOMC statement,2023-03-22,,https://www.federalreserve.gov/monetarypolicy/files/monetary20230322a1.pdf,data\FED\Monetary Policy\2023-03-22 - FOMC statement.pdf,data\FED\Monetary Policy\2023-03-22 - FOMC statement.txt,pdf,success,2026-06-03T01:48:32,FED_2023_03,anchor_statement,2023-03-22,0,1.0,Official FOMC statement anchor.
FED_DOC_5D1D245F0BE4,FED,Speeches,speech,Implementation and Transmission of Monetary Policy,2023-03-27,Philip N. Jefferson,https://www.federalreserve.gov/newsevents/speech/jefferson20230327a.htm,data\FED\Speeches\2023-03-27 - Philip N. Jefferson - Implementation and Transmission of Monetary Policy.html,data\FED\Speeches\2023-03-27 - Philip N. Jefferson - Implementation and Transmission of Monetary Policy.txt,html,success,2026-06-03T02:03:34,FED_2023_03,speech_after_meeting,2023-03-22,5,0.7,Speech falls inside a FOMC meeting window.
FED_DOC_ADCA93F0A630,FED,Speeches,speech,Brief Remarks,2023-03-29,Brief Remarks,https://www.federalreserve.gov/newsevents/speech/barr20230329a.htm,data\FED\Speeches\2023-03-29 - Brief Remarks - Brief Remarks.html,data\FED\Speeches\2023-03-29 - Brief Remarks - Brief Remarks.txt,html,success,2026-06-03T02:03:32,FED_2023_03,speech_after_meeting,2023-03-22,7,0.7,Speech falls inside a FOMC meeting window.
FED_DOC_564750CDD75E,FED,Speeches,speech,The U.S. Economic Outlook and Monetary Policy,2023-03-31,Lisa D. Cook,https://www.federalreserve.gov/newsevents/speech/cook20230331a.htm,data\FED\Speeches\2023-03-31 - Lisa D. Cook - The U.S. Economic Outlook and Monetary Policy.html,data\FED\Speeches\2023-03-31 - Lisa D. Cook - The U.S. Economic Outlook and Monetary Policy.txt,html,success,2026-06-03T02:03:29,FED_2023_03,speech_after_meeting,2023-03-22,9,0.7,Speech falls inside a FOMC meeting window.
FED_DOC_7846E04CFD2B,FED,Speeches,speech,The Unstable Phillips Curve,2023-03-31,The Unstable Phillips Curve,https://www.federalreserve.gov/newsevents/speech/waller20230331a.htm,data\FED\Speeches\2023-03-31 - The Unstable Phillips Curve - The Unstable Phillips Curve.html,data\FED\Speeches\2023-03-31 - The Unstable Phillips Curve - The Unstable Phillips Curve.txt,html,success,2026-06-03T02:03:27,FED_2023_03,speech_after_meeting,2023-03-22,9,0.7,Speech falls inside a FOMC meeting window.
FED_DOC_AA38C02FEA46,FED,Speeches,speech,Welcoming Remarks,2023-04-04,Welcoming Remarks,https://www.federalreserve.gov/newsevents/speech/cook20230404a.htm,data\FED\Speeches\2023-04-04 - Welcoming Remarks - Welcoming Remarks.html,data\FED\Speeches\2023-04-04 - Welcoming Remarks - Welcoming Remarks.txt,html,success,2026-06-03T02:03:24,FED_2023_03,speech_after_meeting,2023-03-22,13,0.7,Speech falls inside a FOMC meeting window.
FED_DOC_75722C74792D,FED,Speeches,speech,Financial Stabilization and Macroeconomic Stabilization: Two Tools for Two Problems,2023-04-14,Christopher J. Waller,https://www.federalreserve.gov/newsevents/speech/waller20230414a.htm,data\FED\Speeches\2023-04-14 - Christopher J. Waller - Financial Stabilization and Macroeconomic Stabilization_ Two Tools for Two Problems.html,data\FED\Speeches\2023-04-14 - Christopher J. Waller - Financial Stabilization and Macroeconomic Stabilization_ Two Tools for Two Problems.txt,html,success,2026-06-03T02:03:22,FED_2023_03,speech_after_meeting,2023-03-22,23,0.7,Speech falls inside a FOMC meeting window.
FED_DOC_5C09C4534174,FED,Speeches,speech,The Consequences of Fewer Banks in the U.S. Banking System,2023-04-14,Michelle W. Bowman,https://www.federalreserve.gov/newsevents/speech/bowman20230414a.htm,data\FED\Speeches\2023-04-14 - Michelle W. Bowman - The Consequences of Fewer Banks in the U.S. Banking System.html,data\FED\Speeches\2023-04-14 - Michelle W. Bowman - The Consequences of Fewer Banks in the U.S. Banking System.txt,html,success,2026-06-03T02:03:20,FED_2023_03,speech_after_meeting,2023-03-22,23,0.7,Speech falls inside a FOMC meeting window.
FED_DOC_39573B2C7858,FED,Speeches,speech,Considerations for a Central Bank Digital Currency,2023-04-18,Michelle W. Bowman,https://www.federalreserve.gov/newsevents/speech/bowman20230418a.htm,data\FED\Speeches\2023-04-18 - Michelle W. Bowman - Considerations for a Central Bank Digital Currency.html,data\FED\Speeches\2023-04-18 - Michelle W. Bowman - Considerations for a Central Bank Digital Currency.txt,html,success,2026-06-03T02:03:18,FED_2023_03,speech_after_meeting,2023-03-22,27,0.7,Speech falls inside a FOMC meeting window.
FED_DOC_7F4CE701C324,FED,Speeches,speech,Brief Remarks,2023-04-20,Brief Remarks,https://www.federalreserve.gov/newsevents/speech/bowman20230420a.htm,data\FED\Speeches\2023-04-20 - Brief Remarks - Brief Remarks.html,data\FED\Speeches\2023-04-20 - Brief Remarks - Brief Remarks.txt,html,success,2026-06-03T02:03:14,FED_2023_03,speech_after_meeting,2023-03-22,29,0.7,Speech falls inside a FOMC meeting window.
FED_DOC_64A3184745B7,FED,Speeches,speech,Innovation and the Future of Finance,2023-04-20,Christopher J. Waller,https://www.federalreserve.gov/newsevents/speech/waller20230420a.htm,data\FED\Speeches\2023-04-20 - Christopher J. Waller - Innovation and the Future of Finance.html,data\FED\Speeches\2023-04-20 - Christopher J. Waller - Innovation and the Future of Finance.txt,html,success,2026-06-03T02:03:16,FED_2023_03,speech_after_meeting,2023-03-22,29,0.7,Speech falls inside a FOMC meeting window.
FED_DOC_10F31B1CBE6B,FED,Speeches,speech,Important Questions for Economic Research,2023-04-21,Important Questions for Economic Research,https://www.federalreserve.gov/newsevents/speech/cook20230421a.htm,data\FED\Speeches\2023-04-21 - Important Questions for Economic Research - Important Questions for Economic Research.html,data\FED\Speeches\2023-04-21 - Important Questions for Economic Research - Important Questions for Economic Research.txt,html,success,2026-06-03T02:03:12,FED_2023_03,speech_after_meeting,2023-03-22,30,0.7,Speech falls inside a FOMC meeting window.
FED_DOC_4F6DA402012B,FED,Minutes,minutes,FOMC minutes,2023-05-03,,https://www.federalreserve.gov/monetarypolicy/files/fomcminutes20230503.pdf,data\FED\Minutes\2023-05-03 - FOMC minutes.pdf,data\FED\Minutes\2023-05-03 - FOMC minutes.txt,pdf,success,2026-06-03T01:50:06,FED_2023_05,minutes_for_meeting,2023-05-03,0,0.9,Linked to latest FOMC meeting on or before minutes date.
FED_DOC_2E9009700367,FED,Monetary Policy,statement,FOMC statement,2023-05-03,,https://www.federalreserve.gov/monetarypolicy/files/monetary20230503a1.pdf,data\FED\Monetary Policy\2023-05-03 - FOMC statement.pdf,data\FED\Monetary Policy\2023-05-03 - FOMC statement.txt,pdf,success,2026-06-03T01:48:33,FED_2023_05,anchor_statement,2023-05-03,0,1.0,Official FOMC statement anchor.
FED_DOC_3E02213F1E95,FED,Speeches,speech,Commencement Address,2023-05-05,Commencement Address,https://www.federalreserve.gov/newsevents/speech/cook20230505a.htm,data\FED\Speeches\2023-05-05 - Commencement Address - Commencement Address.html,data\FED\Speeches\2023-05-05 - Commencement Address - Commencement Address.txt,html,success,2026-06-03T02:03:10,FED_2023_05,speech_after_meeting,2023-05-03,2,0.7,Speech falls inside a FOMC meeting window.
FED_DOC_39D1E67B45E0,FED,Speeches,speech,Climate Change and Financial Stability,2023-05-11,Climate Change and Financial Stability,https://www.federalreserve.gov/newsevents/speech/waller20230511a.htm,data\FED\Speeches\2023-05-11 - Climate Change and Financial Stability - Climate Change and Financial Stability.html,data\FED\Speeches\2023-05-11 - Climate Change and Financial Stability - Climate Change and Financial Stability.txt,html,success,2026-06-03T02:03:08,FED_2023_05,speech_after_meeting,2023-05-03,8,0.7,Speech falls inside a FOMC meeting window.
FED_DOC_91B0FF0D9415,FED,Speeches,speech,On the Assessment of Current Monetary Policy,2023-05-12,Philip N. Jefferson,https://www.federalreserve.gov/newsevents/speech/jefferson20230512a.htm,data\FED\Speeches\2023-05-12 - Philip N. Jefferson - On the Assessment of Current Monetary Policy.html,data\FED\Speeches\2023-05-12 - Philip N. Jefferson - On the Assessment of Current Monetary Policy.txt,html,success,2026-06-03T02:03:04,FED_2023_05,speech_after_meeting,2023-05-03,9,0.7,Speech falls inside a FOMC meeting window.
FED_DOC_F10497492C3C,FED,Speeches,speech,"The Evolving Nature of Banking, Bank Culture, and Bank Runs",2023-05-12,Michelle W. Bowman,https://www.federalreserve.gov/newsevents/speech/bowman20230512a.htm,"data\FED\Speeches\2023-05-12 - Michelle W. Bowman - The Evolving Nature of Banking, Bank Culture, and Bank Runs.html","data\FED\Speeches\2023-05-12 - Michelle W. Bowman - The Evolving Nature of Banking, Bank Culture, and Bank Runs.txt",html,success,2026-06-03T02:03:06,FED_2023_05,speech_after_meeting,2023-05-03,9,0.7,Speech falls inside a FOMC meeting window.
FED_DOC_5F2F5F0B7CBA,FED,Speeches,speech,Commencement Address,2023-05-13,Commencement Address,https://www.federalreserve.gov/newsevents/speech/cook20230513a.htm,data\FED\Speeches\2023-05-13 - Commencement Address - Commencement Address.html,data\FED\Speeches\2023-05-13 - Commencement Address - Commencement Address.txt,html,success,2026-06-03T02:03:02,FED_2023_05,speech_after_meeting,2023-05-03,10,0.7,Speech falls inside a FOMC meeting window.
FED_DOC_661DD2D732BF,FED,Speeches,speech,Commencement Address,2023-05-15,Commencement Address,https://www.federalreserve.gov/newsevents/speech/cook20230515a.htm,data\FED\Speeches\2023-05-15 - Commencement Address - Commencement Address.html,data\FED\Speeches\2023-05-15 - Commencement Address - Commencement Address.txt,html,success,2026-06-03T02:03:00,FED_2023_05,speech_after_meeting,2023-05-03,12,0.7,Speech falls inside a FOMC meeting window.
FED_DOC_995A003B0054,FED,Speeches,speech,The U.S. Economic Outlook and Considerations for Monetary Policy,2023-05-18,Philip N. Jefferson,https://www.federalreserve.gov/newsevents/speech/jefferson20230518a.htm,data\FED\Speeches\2023-05-18 - Philip N. Jefferson - The U.S. Economic Outlook and Considerations for Monetary Policy.html,data\FED\Speeches\2023-05-18 - Philip N. Jefferson - The U.S. Economic Outlook and Considerations for Monetary Policy.txt,html,success,2026-06-03T02:02:57,FED_2023_05,speech_after_meeting,2023-05-03,15,0.7,Speech falls inside a FOMC meeting window.
FED_DOC_55A4B43DC4D0,FED,Speeches,speech,Considerations for Revisions to the Bank Regulatory Framework,2023-05-19,Michelle W. Bowman,https://www.federalreserve.gov/newsevents/speech/bowman20230519a.htm,data\FED\Speeches\2023-05-19 - Michelle W. Bowman - Considerations for Revisions to the Bank Regulatory Framework.html,data\FED\Speeches\2023-05-19 - Michelle W. Bowman - Considerations for Revisions to the Bank Regulatory Framework.txt,html,success,2026-06-03T02:02:55,FED_2023_05,speech_after_meeting,2023-05-03,16,0.7,Speech falls inside a FOMC meeting window.
FED_DOC_C0AB0DD234CA,FED,Speeches,speech,"Hike, Skip, or Pause?",2023-05-24,Christopher J. Waller,https://www.federalreserve.gov/newsevents/speech/waller20230524a.htm,"data\FED\Speeches\2023-05-24 - Christopher J. Waller - Hike, Skip, or Pause_.html","data\FED\Speeches\2023-05-24 - Christopher J. Waller - Hike, Skip, or Pause_.txt",html,success,2026-06-03T02:02:52,FED_2023_05,speech_after_meeting,2023-05-03,21,0.7,Speech falls inside a FOMC meeting window.
FED_DOC_1E081DE9C0F4,FED,Speeches,speech,Brief Remarks,2023-05-31,Brief Remarks,https://www.federalreserve.gov/newsevents/speech/bowman20230531a.htm,data\FED\Speeches\2023-05-31 - Brief Remarks - Brief Remarks.html,data\FED\Speeches\2023-05-31 - Brief Remarks - Brief Remarks.txt,html,success,2026-06-03T02:02:50,FED_2023_05,speech_after_meeting,2023-05-03,28,0.7,Speech falls inside a FOMC meeting window.
FED_DOC_79D7AE3A8577,FED,Speeches,speech,Financial Stability and the U.S. Economy,2023-05-31,Philip N. Jefferson,https://www.federalreserve.gov/newsevents/speech/jefferson20230531a.htm,data\FED\Speeches\2023-05-31 - Philip N. Jefferson - Financial Stability and the U.S. Economy.html,data\FED\Speeches\2023-05-31 - Philip N. Jefferson - Financial Stability and the U.S. Economy.txt,html,success,2026-06-03T02:02:48,FED_2023_05,speech_after_meeting,2023-05-03,28,0.7,Speech falls inside a FOMC meeting window.
FED_DOC_428814D8999A,FED,Minutes,minutes,FOMC minutes,2023-06-14,,https://www.federalreserve.gov/monetarypolicy/files/fomcminutes20230614.pdf,data\FED\Minutes\2023-06-14 - FOMC minutes.pdf,data\FED\Minutes\2023-06-14 - FOMC minutes.txt,pdf,success,2026-06-03T01:50:08,FED_2023_06,minutes_for_meeting,2023-06-14,0,0.9,Linked to latest FOMC meeting on or before minutes date.
FED_DOC_EA9560B7BFC9,FED,Monetary Policy,statement,FOMC statement,2023-06-14,,https://www.federalreserve.gov/monetarypolicy/files/monetary20230614a1.pdf,data\FED\Monetary Policy\2023-06-14 - FOMC statement.pdf,data\FED\Monetary Policy\2023-06-14 - FOMC statement.txt,pdf,success,2026-06-03T01:48:36,FED_2023_06,anchor_statement,2023-06-14,0,1.0,Official FOMC statement anchor.
FED_DOC_FC407A1C1FB0,FED,Speeches,speech,Financial Stability and Macroeconomic Policy,2023-06-16,Financial Stability and Macroeconomic Policy,https://www.federalreserve.gov/newsevents/speech/waller20230616a.htm,data\FED\Speeches\2023-06-16 - Financial Stability and Macroeconomic Policy - Financial Stability and Macroeconomic Policy.html,data\FED\Speeches\2023-06-16 - Financial Stability and Macroeconomic Policy - Financial Stability and Macroeconomic Policy.txt,html,success,2026-06-03T02:02:46,FED_2023_06,speech_after_meeting,2023-06-14,2,0.7,Speech falls inside a FOMC meeting window.
FED_DOC_D4FA59CE926E,FED,Speeches,speech,Opening Remarks,2023-06-22,Opening Remarks,https://www.federalreserve.gov/newsevents/speech/bowman20230622a.htm,data\FED\Speeches\2023-06-22 - Opening Remarks - Opening Remarks.html,data\FED\Speeches\2023-06-22 - Opening Remarks - Opening Remarks.txt,html,success,2026-06-03T02:02:43,FED_2023_06,speech_after_meeting,2023-06-14,8,0.7,Speech falls inside a FOMC meeting window.
FED_DOC_C50E3456BDF4,FED,Speeches,speech,Welcoming Remarks,2023-06-22,Welcoming Remarks,https://www.federalreserve.gov/newsevents/speech/waller20230622a.htm,data\FED\Speeches\2023-06-22 - Welcoming Remarks - Welcoming Remarks.html,data\FED\Speeches\2023-06-22 - Welcoming Remarks - Welcoming Remarks.txt,html,success,2026-06-03T02:02:44,FED_2023_06,speech_after_meeting,2023-06-14,8,0.7,Speech falls inside a FOMC meeting window.
FED_DOC_69D820970B65,FED,Speeches,speech,Responsive and Responsible Bank Regulation and Supervision,2023-06-25,Michelle W. Bowman,https://www.federalreserve.gov/newsevents/speech/bowman20230625a.htm,data\FED\Speeches\2023-06-25 - Michelle W. Bowman - Responsive and Responsible Bank Regulation and Supervision.html,data\FED\Speeches\2023-06-25 - Michelle W. Bowman - Responsive and Responsible Bank Regulation and Supervision.txt,html,success,2026-06-03T02:02:40,FED_2023_06,speech_after_meeting,2023-06-14,11,0.7,Speech falls inside a FOMC meeting window.
FED_DOC_5AEC10BEC78F,FED,Speeches,speech,Financial Stability and Economic Developments,2023-06-29,Jerome H. Powell,https://www.federalreserve.gov/newsevents/speech/powell20230629a.htm,data\FED\Speeches\2023-06-29 - Jerome H. Powell - Financial Stability and Economic Developments.html,data\FED\Speeches\2023-06-29 - Jerome H. Powell - Financial Stability and Economic Developments.txt,html,success,2026-06-03T02:02:38,FED_2023_06,speech_after_meeting,2023-06-14,15,0.7,Speech falls inside a FOMC meeting window.
FED_DOC_A419C47AF17D,FED,Speeches,speech,Holistic Capital Review,2023-07-10,Holistic Capital Review,https://www.federalreserve.gov/newsevents/speech/barr20230710a.htm,data\FED\Speeches\2023-07-10 - Holistic Capital Review - Holistic Capital Review.html,data\FED\Speeches\2023-07-10 - Holistic Capital Review - Holistic Capital Review.txt,html,success,2026-06-03T02:02:36,FED_2023_06,speech_after_meeting,2023-06-14,26,0.7,Speech falls inside a FOMC meeting window.
FED_DOC_AC2624F640AE,FED,Speeches,speech,Big Shocks Travel Fast: Why Policy Lags May Be Shorter Than You Think,2023-07-13,Christopher J. Waller,https://www.federalreserve.gov/newsevents/speech/waller20230713a.htm,data\FED\Speeches\2023-07-13 - Christopher J. Waller - Big Shocks Travel Fast_ Why Policy Lags May Be Shorter Than You Think.html,data\FED\Speeches\2023-07-13 - Christopher J. Waller - Big Shocks Travel Fast_ Why Policy Lags May Be Shorter Than You Think.txt,html,success,2026-06-03T02:02:34,FED_2023_06,speech_after_meeting,2023-06-14,29,0.7,Speech falls inside a FOMC meeting window.
FED_DOC_4DADF5A8FF7B,FED,Speeches,speech,Furthering the Vision of the Fair Housing Act,2023-07-18,Michael S. Barr,https://www.federalreserve.gov/newsevents/speech/barr20230718a.htm,data\FED\Speeches\2023-07-18 - Michael S. Barr - Furthering the Vision of the Fair Housing Act.html,data\FED\Speeches\2023-07-18 - Michael S. Barr - Furthering the Vision of the Fair Housing Act.txt,html,success,2026-06-03T02:02:32,FED_2023_06,speech_after_meeting,2023-06-14,34,0.7,Speech falls inside a FOMC meeting window.
FED_DOC_899B5CE7999F,FED,Minutes,minutes,FOMC minutes,2023-07-26,,https://www.federalreserve.gov/monetarypolicy/files/fomcminutes20230726.pdf,data\FED\Minutes\2023-07-26 - FOMC minutes.pdf,data\FED\Minutes\2023-07-26 - FOMC minutes.txt,pdf,success,2026-06-03T01:50:10,FED_2023_07,minutes_for_meeting,2023-07-26,0,0.9,Linked to latest FOMC meeting on or before minutes date.
FED_DOC_E349351C7759,FED,Monetary Policy,statement,FOMC statement,2023-07-26,,https://www.federalreserve.gov/monetarypolicy/files/monetary20230726a1.pdf,data\FED\Monetary Policy\2023-07-26 - FOMC statement.pdf,data\FED\Monetary Policy\2023-07-26 - FOMC statement.txt,pdf,success,2026-06-03T01:48:38,FED_2023_07,anchor_statement,2023-07-26,0,1.0,Official FOMC statement anchor.
FED_DOC_910502A98C3B,FED,Speeches,speech,Brief Remarks on the Economy and Monetary Policy,2023-08-05,Michelle W. Bowman,https://www.federalreserve.gov/newsevents/speech/bowman20230805a.htm,data\FED\Speeches\2023-08-05 - Michelle W. Bowman - Brief Remarks on the Economy and Monetary Policy.html,data\FED\Speeches\2023-08-05 - Michelle W. Bowman - Brief Remarks on the Economy and Monetary Policy.txt,html,success,2026-06-03T02:02:30,FED_2023_07,speech_after_meeting,2023-07-26,10,0.7,Speech falls inside a FOMC meeting window.
FED_DOC_488337565CC4,FED,Speeches,speech,Welcoming Remarks,2023-08-07,Welcoming Remarks,https://www.federalreserve.gov/newsevents/speech/bowman20230807a.htm,data\FED\Speeches\2023-08-07 - Welcoming Remarks - Welcoming Remarks.html,data\FED\Speeches\2023-08-07 - Welcoming Remarks - Welcoming Remarks.txt,html,success,2026-06-03T02:02:27,FED_2023_07,speech_after_meeting,2023-07-26,12,0.7,Speech falls inside a FOMC meeting window.
FED_DOC_AA0839D296EF,FED,Speeches,speech,Welcoming Remarks,2023-08-22,Welcoming Remarks,https://www.federalreserve.gov/newsevents/speech/bowman20230822a.htm,data\FED\Speeches\2023-08-22 - Welcoming Remarks - Welcoming Remarks.html,data\FED\Speeches\2023-08-22 - Welcoming Remarks - Welcoming Remarks.txt,html,success,2026-06-03T02:02:25,FED_2023_07,speech_after_meeting,2023-07-26,27,0.7,Speech falls inside a FOMC meeting window.
FED_DOC_37721B8E2F23,FED,Speeches,speech,Inflation: Progress and the Path Ahead,2023-08-25,Jerome H. Powell,https://www.federalreserve.gov/newsevents/speech/powell20230825a.htm,data\FED\Speeches\2023-08-25 - Jerome H. Powell - Inflation_ Progress and the Path Ahead.html,data\FED\Speeches\2023-08-25 - Jerome H. Powell - Inflation_ Progress and the Path Ahead.txt,html,success,2026-06-03T02:02:22,FED_2023_07,speech_after_meeting,2023-07-26,30,0.7,Speech falls inside a FOMC meeting window.
FED_DOC_80FE9812E827,FED,Speeches,speech,The Federal Reserveâs Role in Supporting Responsible Innovation,2023-09-08,Michael S. Barr,https://www.federalreserve.gov/newsevents/speech/barr20230908a.htm,data\FED\Speeches\2023-09-08 - Michael S. Barr - The Federal Reserveâs Role in Supporting Responsible Innovation.html,data\FED\Speeches\2023-09-08 - Michael S. Barr - The Federal Reserveâs Role in Supporting Responsible Innovation.txt,html,success,2026-06-03T02:02:20,FED_2023_07,speech_after_meeting,2023-07-26,44,0.7,Speech falls inside a FOMC meeting window.
FED_DOC_37707DD9A879,FED,Minutes,minutes,FOMC minutes,2023-09-20,,https://www.federalreserve.gov/monetarypolicy/files/fomcminutes20230920.pdf,data\FED\Minutes\2023-09-20 - FOMC minutes.pdf,data\FED\Minutes\2023-09-20 - FOMC minutes.txt,pdf,success,2026-06-03T01:50:12,FED_2023_09,minutes_for_meeting,2023-09-20,0,0.9,Linked to latest FOMC meeting on or before minutes date.
FED_DOC_C69BB7C267D9,FED,Monetary Policy,statement,FOMC statement,2023-09-20,,https://www.federalreserve.gov/monetarypolicy/files/monetary20230920a1.pdf,data\FED\Monetary Policy\2023-09-20 - FOMC statement.pdf,data\FED\Monetary Policy\2023-09-20 - FOMC statement.txt,pdf,success,2026-06-03T01:48:40,FED_2023_09,anchor_statement,2023-09-20,0,1.0,Official FOMC statement anchor.
FED_DOC_7D4387EBC882,FED,Speeches,speech,Brief Remarks on the Economy and Monetary Policy,2023-09-22,Michelle W. Bowman,https://www.federalreserve.gov/newsevents/speech/bowman20230922a.htm,data\FED\Speeches\2023-09-22 - Michelle W. Bowman - Brief Remarks on the Economy and Monetary Policy.html,data\FED\Speeches\2023-09-22 - Michelle W. Bowman - Brief Remarks on the Economy and Monetary Policy.txt,html,success,2026-06-03T02:02:16,FED_2023_09,speech_after_meeting,2023-09-20,2,0.7,Speech falls inside a FOMC meeting window.
FED_DOC_D406A4E92428,FED,Speeches,speech,"Generative AI, Productivity, the Labor Market, and Choice Behavior",2023-09-22,Lisa D. Cook,https://www.federalreserve.gov/newsevents/speech/cook20230922a.htm,"data\FED\Speeches\2023-09-22 - Lisa D. Cook - Generative AI, Productivity, the Labor Market, and Choice Behavior.html","data\FED\Speeches\2023-09-22 - Lisa D. Cook - Generative AI, Productivity, the Labor Market, and Choice Behavior.txt",html,success,2026-06-03T02:02:18,FED_2023_09,speech_after_meeting,2023-09-20,2,0.7,Speech falls inside a FOMC meeting window.
FED_DOC_833FE9E2A350,FED,Speeches,speech,Welcoming Remarks,2023-09-26,Welcoming Remarks,https://www.federalreserve.gov/newsevents/speech/bowman20230926a.htm,data\FED\Speeches\2023-09-26 - Welcoming Remarks - Welcoming Remarks.html,data\FED\Speeches\2023-09-26 - Welcoming Remarks - Welcoming Remarks.txt,html,success,2026-06-03T02:02:14,FED_2023_09,speech_after_meeting,2023-09-20,6,0.7,Speech falls inside a FOMC meeting window.
FED_DOC_CB416552C0AD,FED,Speeches,speech,Panel Remarks,2023-09-27,Panel Remarks,https://www.federalreserve.gov/newsevents/speech/bowman20230927a.htm,data\FED\Speeches\2023-09-27 - Panel Remarks - Panel Remarks.html,data\FED\Speeches\2023-09-27 - Panel Remarks - Panel Remarks.txt,html,success,2026-06-03T02:02:12,FED_2023_09,speech_after_meeting,2023-09-20,7,0.7,Speech falls inside a FOMC meeting window.
FED_DOC_97058482B149,FED,Speeches,speech,Closing Remarks,2023-09-28,Closing Remarks,https://www.federalreserve.gov/newsevents/speech/cook20230928a.htm,data\FED\Speeches\2023-09-28 - Closing Remarks - Closing Remarks.html,data\FED\Speeches\2023-09-28 - Closing Remarks - Closing Remarks.txt,html,success,2026-06-03T02:02:10,FED_2023_09,speech_after_meeting,2023-09-20,8,0.7,Speech falls inside a FOMC meeting window.
FED_DOC_81419ABD7666,FED,Speeches,speech,Welcoming Remarks,2023-09-28,Jerome H. Powell,https://www.federalreserve.gov/newsevents/speech/powell20230928a.htm,data\FED\Speeches\2023-09-28 - Jerome H. Powell - Welcoming Remarks.html,data\FED\Speeches\2023-09-28 - Jerome H. Powell - Welcoming Remarks.txt,html,success,2026-06-03T02:02:08,FED_2023_09,speech_after_meeting,2023-09-20,8,0.7,Speech falls inside a FOMC meeting window.
FED_DOC_8AFFBC13BD6D,FED,Speeches,speech,Brief Remarks on the Economy and Bank Regulation,2023-10-02,Michelle W. Bowman,https://www.federalreserve.gov/newsevents/speech/bowman20231002a.htm,data\FED\Speeches\2023-10-02 - Michelle W. Bowman - Brief Remarks on the Economy and Bank Regulation.html,data\FED\Speeches\2023-10-02 - Michelle W. Bowman - Brief Remarks on the Economy and Bank Regulation.txt,html,success,2026-06-03T02:02:06,FED_2023_09,speech_after_meeting,2023-09-20,12,0.7,Speech falls inside a FOMC meeting window.
FED_DOC_C098636BA2D2,FED,Speeches,speech,Monetary Policy and Financial Stability,2023-10-02,Monetary Policy and Financial Stability,https://www.federalreserve.gov/newsevents/speech/barr20231002a.htm,data\FED\Speeches\2023-10-02 - Monetary Policy and Financial Stability - Monetary Policy and Financial Stability.html,data\FED\Speeches\2023-10-02 - Monetary Policy and Financial Stability - Monetary Policy and Financial Stability.txt,html,success,2026-06-03T02:02:03,FED_2023_09,speech_after_meeting,2023-09-20,12,0.7,Speech falls inside a FOMC meeting window.
FED_DOC_88225DB1F615,FED,Speeches,speech,"The Role of Research, Data, and Analysis in Banking Reforms",2023-10-04,Michelle W. Bowman,https://www.federalreserve.gov/newsevents/speech/bowman20231004a.htm,"data\FED\Speeches\2023-10-04 - Michelle W. Bowman - The Role of Research, Data, and Analysis in Banking Reforms.html","data\FED\Speeches\2023-10-04 - Michelle W. Bowman - The Role of Research, Data, and Analysis in Banking Reforms.txt",html,success,2026-06-03T02:02:01,FED_2023_09,speech_after_meeting,2023-09-20,14,0.7,Speech falls inside a FOMC meeting window.
FED_DOC_0B424DD775DF,FED,Speeches,speech,Brief Remarks on the Economy and Insights from Past Bank Regulatory Reform Efforts,2023-10-07,Michelle W. Bowman,https://www.federalreserve.gov/newsevents/speech/bowman20231007a.htm,data\FED\Speeches\2023-10-07 - Michelle W. Bowman - Brief Remarks on the Economy and Insights from Past Bank Regulatory Reform Efforts.html,data\FED\Speeches\2023-10-07 - Michelle W. Bowman - Brief Remarks on the Economy and Insights from Past Bank Regulatory Reform Efforts.txt,html,success,2026-06-03T02:01:59,FED_2023_09,speech_after_meeting,2023-09-20,17,0.7,Speech falls inside a FOMC meeting window.
FED_DOC_B34518FF78CF,FED,Speeches,speech,Capital Supports Lending,2023-10-09,Capital Supports Lending,https://www.federalreserve.gov/newsevents/speech/barr20231009a.htm,data\FED\Speeches\2023-10-09 - Capital Supports Lending - Capital Supports Lending.html,data\FED\Speeches\2023-10-09 - Capital Supports Lending - Capital Supports Lending.txt,html,success,2026-06-03T02:01:57,FED_2023_09,speech_after_meeting,2023-09-20,19,0.7,Speech falls inside a FOMC meeting window.
FED_DOC_6E8DBBF45BBC,FED,Speeches,speech,U.S. Economic Outlook and Monetary Policy Transmission,2023-10-09,Philip N. Jefferson,https://www.federalreserve.gov/newsevents/speech/jefferson20231009a.htm,data\FED\Speeches\2023-10-09 - Philip N. Jefferson - U.S. Economic Outlook and Monetary Policy Transmission.html,data\FED\Speeches\2023-10-09 - Philip N. Jefferson - U.S. Economic Outlook and Monetary Policy Transmission.txt,html,success,2026-06-03T02:01:55,FED_2023_09,speech_after_meeting,2023-09-20,19,0.7,Speech falls inside a FOMC meeting window.
FED_DOC_C0233C4CC834,FED,Speeches,speech,Monetary Policy Analysis and the Development of Federal Reserve Policymaking,2023-10-10,Christopher J. Waller,https://www.federalreserve.gov/newsevents/speech/waller20231010a.htm,data\FED\Speeches\2023-10-10 - Christopher J. Waller - Monetary Policy Analysis and the Development of Federal Reserve Policymaking.html,data\FED\Speeches\2023-10-10 - Christopher J. Waller - Monetary Policy Analysis and the Development of Federal Reserve Policymaking.txt,html,success,2026-06-03T02:01:53,FED_2023_09,speech_after_meeting,2023-09-20,20,0.7,Speech falls inside a FOMC meeting window.
FED_DOC_5FE056B21F1D,FED,Speeches,speech,Financial Stability in Uncertain Times,2023-10-11,Financial Stability in Uncertain Times,https://www.federalreserve.gov/newsevents/speech/bowman20231011a.htm,data\FED\Speeches\2023-10-11 - Financial Stability in Uncertain Times - Financial Stability in Uncertain Times.html,data\FED\Speeches\2023-10-11 - Financial Stability in Uncertain Times - Financial Stability in Uncertain Times.txt,html,success,2026-06-03T02:01:51,FED_2023_09,speech_after_meeting,2023-09-20,21,0.7,Speech falls inside a FOMC meeting window.
FED_DOC_8DEEB2E1327A,FED,Speeches,speech,Responsible Innovation in Money and Payments,2023-10-17,Michelle W. Bowman,https://www.federalreserve.gov/newsevents/speech/bowman20231017a.htm,data\FED\Speeches\2023-10-17 - Michelle W. Bowman - Responsible Innovation in Money and Payments.html,data\FED\Speeches\2023-10-17 - Michelle W. Bowman - Responsible Innovation in Money and Payments.txt,html,success,2026-06-03T02:01:49,FED_2023_09,speech_after_meeting,2023-09-20,27,0.7,Speech falls inside a FOMC meeting window.
FED_DOC_BE4140DF45D7,FED,Speeches,speech,Brief Remarks,2023-10-18,Brief Remarks,https://www.federalreserve.gov/newsevents/speech/bowman20231018a.htm,data\FED\Speeches\2023-10-18 - Brief Remarks - Brief Remarks.html,data\FED\Speeches\2023-10-18 - Brief Remarks - Brief Remarks.txt,html,success,2026-06-03T02:01:43,FED_2023_09,speech_after_meeting,2023-09-20,28,0.7,Speech falls inside a FOMC meeting window.
FED_DOC_B33DBED4D214,FED,Speeches,speech,Somethingâs Got to Give,2023-10-18,Christopher J. Waller,https://www.federalreserve.gov/newsevents/speech/waller20231018a.htm,data\FED\Speeches\2023-10-18 - Christopher J. Waller - Somethingâs Got to Give.html,data\FED\Speeches\2023-10-18 - Christopher J. Waller - Somethingâs Got to Give.txt,html,success,2026-06-03T02:01:47,FED_2023_09,speech_after_meeting,2023-09-20,28,0.7,Speech falls inside a FOMC meeting window.
FED_DOC_A80A4720BA90,FED,Speeches,speech,The Evolution of the Federal Reserveâs Employment Mandate,2023-10-18,Lisa D. Cook,https://www.federalreserve.gov/newsevents/speech/cook20231018a.htm,data\FED\Speeches\2023-10-18 - Lisa D. Cook - The Evolution of the Federal Reserveâs Employment Mandate.html,data\FED\Speeches\2023-10-18 - Lisa D. Cook - The Evolution of the Federal Reserveâs Employment Mandate.txt,html,success,2026-06-03T02:01:39,FED_2023_09,speech_after_meeting,2023-09-20,28,0.7,Speech falls inside a FOMC meeting window.
FED_DOC_D51B9888071F,FED,Speeches,speech,Multiple Scenarios in Stress Testing,2023-10-19,Multiple Scenarios in Stress Testing,https://www.federalreserve.gov/newsevents/speech/barr20231019a.htm,data\FED\Speeches\2023-10-19 - Multiple Scenarios in Stress Testing - Multiple Scenarios in Stress Testing.html,data\FED\Speeches\2023-10-19 - Multiple Scenarios in Stress Testing - Multiple Scenarios in Stress Testing.txt,html,success,2026-06-03T02:01:35,FED_2023_09,speech_after_meeting,2023-09-20,29,0.7,Speech falls inside a FOMC meeting window.
FED_DOC_B1A92F805EF8,FED,Speeches,speech,Opening Remarks,2023-10-19,Philip N. Jefferson,https://www.federalreserve.gov/newsevents/speech/jefferson20231019a.htm,data\FED\Speeches\2023-10-19 - Philip N. Jefferson - Opening Remarks.html,data\FED\Speeches\2023-10-19 - Philip N. Jefferson - Opening Remarks.txt,html,success,2026-06-03T02:01:37,FED_2023_09,speech_after_meeting,2023-09-20,29,0.7,Speech falls inside a FOMC meeting window.
FED_DOC_6A8BAF9E62B8,FED,Speeches,speech,Introductory Remarks,2023-10-25,Jerome H. Powell,https://www.federalreserve.gov/newsevents/speech/powell20231025a.htm,data\FED\Speeches\2023-10-25 - Jerome H. Powell - Introductory Remarks.html,data\FED\Speeches\2023-10-25 - Jerome H. Powell - Introductory Remarks.txt,html,success,2026-06-03T02:01:33,FED_2023_09,speech_after_meeting,2023-09-20,35,0.7,Speech falls inside a FOMC meeting window.
FED_DOC_0DB769ACB7A5,FED,Speeches,speech,Welcome Remarks,2023-10-26,Welcome Remarks,https://www.federalreserve.gov/newsevents/speech/waller20231026a.htm,data\FED\Speeches\2023-10-26 - Welcome Remarks - Welcome Remarks.html,data\FED\Speeches\2023-10-26 - Welcome Remarks - Welcome Remarks.txt,html,success,2026-06-03T02:01:29,FED_2023_09,speech_after_meeting,2023-09-20,36,0.7,Speech falls inside a FOMC meeting window.
FED_DOC_E58A40D404AE,FED,Speeches,speech,Opening Remarks,2023-10-27,Opening Remarks,https://www.federalreserve.gov/newsevents/speech/barr20231027a.htm,data\FED\Speeches\2023-10-27 - Opening Remarks - Opening Remarks.html,data\FED\Speeches\2023-10-27 - Opening Remarks - Opening Remarks.txt,html,success,2026-06-03T02:01:27,FED_2023_09,speech_after_meeting,2023-09-20,37,0.7,Speech falls inside a FOMC meeting window.
FED_DOC_6AC8C7EB2863,FED,Minutes,minutes,FOMC minutes,2023-11-01,,https://www.federalreserve.gov/monetarypolicy/files/fomcminutes20231101.pdf,data\FED\Minutes\2023-11-01 - FOMC minutes.pdf,data\FED\Minutes\2023-11-01 - FOMC minutes.txt,pdf,success,2026-06-03T01:50:14,FED_2023_11,minutes_for_meeting,2023-11-01,0,0.9,Linked to latest FOMC meeting on or before minutes date.
FED_DOC_3B969F5D300E,FED,Monetary Policy,statement,FOMC statement,2023-11-01,,https://www.federalreserve.gov/monetarypolicy/files/monetary20231101a1.pdf,data\FED\Monetary Policy\2023-11-01 - FOMC statement.pdf,data\FED\Monetary Policy\2023-11-01 - FOMC statement.txt,pdf,success,2026-06-03T01:48:42,FED_2023_11,anchor_statement,2023-11-01,0,1.0,Official FOMC statement anchor.
FED_DOC_332448EA5A97,FED,Speeches,speech,Financial Stability: Resilience and Challenges,2023-11-06,Lisa D. Cook,https://www.federalreserve.gov/newsevents/speech/cook20231106a.htm,data\FED\Speeches\2023-11-06 - Lisa D. Cook - Financial Stability_ Resilience and Challenges.html,data\FED\Speeches\2023-11-06 - Lisa D. Cook - Financial Stability_ Resilience and Challenges.txt,html,success,2026-06-03T02:01:25,FED_2023_11,speech_after_meeting,2023-11-01,5,0.7,Speech falls inside a FOMC meeting window.
FED_DOC_5EF90DD2808E,FED,Speeches,speech,Remarks on the Economy and Bank Supervision and Regulation,2023-11-07,Michelle W. Bowman,https://www.federalreserve.gov/newsevents/speech/bowman20231107a.htm,data\FED\Speeches\2023-11-07 - Michelle W. Bowman - Remarks on the Economy and Bank Supervision and Regulation.html,data\FED\Speeches\2023-11-07 - Michelle W. Bowman - Remarks on the Economy and Bank Supervision and Regulation.txt,html,success,2026-06-03T02:01:21,FED_2023_11,speech_after_meeting,2023-11-01,6,0.7,Speech falls inside a FOMC meeting window.
FED_DOC_6908091C49CB,FED,Speeches,speech,Using Economic Data to Understand the Economy,2023-11-07,Christopher J. Waller,https://www.federalreserve.gov/newsevents/speech/waller20231107a.htm,data\FED\Speeches\2023-11-07 - Christopher J. Waller - Using Economic Data to Understand the Economy.html,data\FED\Speeches\2023-11-07 - Christopher J. Waller - Using Economic Data to Understand the Economy.txt,html,success,2026-06-03T02:01:23,FED_2023_11,speech_after_meeting,2023-11-01,6,0.7,Speech falls inside a FOMC meeting window.
FED_DOC_622D4DF36E04,FED,Speeches,speech,"Financial Stability: Resilience, Challenges, and Global Connections",2023-11-08,Lisa D. Cook,https://www.federalreserve.gov/newsevents/speech/cook20231108a.htm,"data\FED\Speeches\2023-11-08 - Lisa D. Cook - Financial Stability_ Resilience, Challenges, and Global Connections.html","data\FED\Speeches\2023-11-08 - Lisa D. Cook - Financial Stability_ Resilience, Challenges, and Global Connections.txt",html,success,2026-06-03T02:01:19,FED_2023_11,speech_after_meeting,2023-11-01,7,0.7,Speech falls inside a FOMC meeting window.
FED_DOC_154F64768A83,FED,Speeches,speech,Opening Remarks,2023-11-08,Jerome H. Powell,https://www.federalreserve.gov/newsevents/speech/powell20231108a.htm,data\FED\Speeches\2023-11-08 - Jerome H. Powell - Opening Remarks.html,data\FED\Speeches\2023-11-08 - Jerome H. Powell - Opening Remarks.txt,html,success,2026-06-03T02:01:17,FED_2023_11,speech_after_meeting,2023-11-01,7,0.7,Speech falls inside a FOMC meeting window.
FED_DOC_3D197D40208B,FED,Speeches,speech,"Research and Statistics Centennial Anniversary: Past, Present and Future",2023-11-08,Philip N. Jefferson,https://www.federalreserve.gov/newsevents/speech/jefferson20231108a.htm,"data\FED\Speeches\2023-11-08 - Philip N. Jefferson - Research and Statistics Centennial Anniversary_ Past, Present and Future.html","data\FED\Speeches\2023-11-08 - Philip N. Jefferson - Research and Statistics Centennial Anniversary_ Past, Present and Future.txt",html,success,2026-06-03T02:01:13,FED_2023_11,speech_after_meeting,2023-11-01,7,0.7,Speech falls inside a FOMC meeting window.
FED_DOC_F8D8C864138E,FED,Speeches,speech,Opening Remarks,2023-11-09,Jerome H. Powell,https://www.federalreserve.gov/newsevents/speech/powell20231109a.htm,data\FED\Speeches\2023-11-09 - Jerome H. Powell - Opening Remarks.html,data\FED\Speeches\2023-11-09 - Jerome H. Powell - Opening Remarks.txt,html,success,2026-06-03T02:01:09,FED_2023_11,speech_after_meeting,2023-11-01,8,0.7,Speech falls inside a FOMC meeting window.
FED_DOC_87BA307FF11D,FED,Speeches,speech,Remarks on the Economy and Prioritization of Bank Supervision and Regulation,2023-11-09,Michelle W. Bowman,https://www.federalreserve.gov/newsevents/speech/bowman20231109a.htm,data\FED\Speeches\2023-11-09 - Michelle W. Bowman - Remarks on the Economy and Prioritization of Bank Supervision and Regulation.html,data\FED\Speeches\2023-11-09 - Michelle W. Bowman - Remarks on the Economy and Prioritization of Bank Supervision and Regulation.txt,html,success,2026-06-03T02:01:11,FED_2023_11,speech_after_meeting,2023-11-01,8,0.7,Speech falls inside a FOMC meeting window.
FED_DOC_4DB1ECF1A397,FED,Speeches,speech,Welcoming Remarks,2023-11-13,Welcoming Remarks,https://www.federalreserve.gov/newsevents/speech/cook20231113a.htm,data\FED\Speeches\2023-11-13 - Welcoming Remarks - Welcoming Remarks.html,data\FED\Speeches\2023-11-13 - Welcoming Remarks - Welcoming Remarks.txt,html,success,2026-06-03T02:01:07,FED_2023_11,speech_after_meeting,2023-11-01,12,0.7,Speech falls inside a FOMC meeting window.
FED_DOC_2E670DD3B606,FED,Speeches,speech,Elevated Economic Uncertainty: Causes and Consequences,2023-11-14,Philip N. Jefferson,https://www.federalreserve.gov/newsevents/speech/jefferson20231114a.htm,data\FED\Speeches\2023-11-14 - Philip N. Jefferson - Elevated Economic Uncertainty_ Causes and Consequences.html,data\FED\Speeches\2023-11-14 - Philip N. Jefferson - Elevated Economic Uncertainty_ Causes and Consequences.txt,html,success,2026-06-03T02:01:05,FED_2023_11,speech_after_meeting,2023-11-01,13,0.7,Speech falls inside a FOMC meeting window.
FED_DOC_48B5D0005ABA,FED,Speeches,speech,"Global Linkages: Supply, Spillovers, and Common Challenges",2023-11-16,Lisa D. Cook,https://www.federalreserve.gov/newsevents/speech/cook20231116a.htm,"data\FED\Speeches\2023-11-16 - Lisa D. Cook - Global Linkages_ Supply, Spillovers, and Common Challenges.html","data\FED\Speeches\2023-11-16 - Lisa D. Cook - Global Linkages_ Supply, Spillovers, and Common Challenges.txt",html,success,2026-06-03T02:01:01,FED_2023_11,speech_after_meeting,2023-11-01,15,0.7,Speech falls inside a FOMC meeting window.
FED_DOC_4CAE20116355,FED,Speeches,speech,The 2023 U.S. Treasury Market Conference,2023-11-16,Michael S. Barr,https://www.federalreserve.gov/newsevents/speech/barr20231116a.htm,data\FED\Speeches\2023-11-16 - Michael S. Barr - The 2023 U.S. Treasury Market Conference.html,data\FED\Speeches\2023-11-16 - Michael S. Barr - The 2023 U.S. Treasury Market Conference.txt,html,success,2026-06-03T02:01:03,FED_2023_11,speech_after_meeting,2023-11-01,15,0.7,Speech falls inside a FOMC meeting window.
FED_DOC_0ACA90105ED6,FED,Speeches,speech,Reflections on the Economy and Monetary Policy,2023-11-28,Michelle W. Bowman,https://www.federalreserve.gov/newsevents/speech/bowman20231128a.htm,data\FED\Speeches\2023-11-28 - Michelle W. Bowman - Reflections on the Economy and Monetary Policy.html,data\FED\Speeches\2023-11-28 - Michelle W. Bowman - Reflections on the Economy and Monetary Policy.txt,html,success,2026-06-03T02:00:57,FED_2023_11,speech_after_meeting,2023-11-01,27,0.7,Speech falls inside a FOMC meeting window.
FED_DOC_9329FBA5E319,FED,Speeches,speech,Serving Indian Country with the Modernized Community Reinvestment Act,2023-11-28,Michael S. Barr,https://www.federalreserve.gov/newsevents/speech/barr20231128a.htm,data\FED\Speeches\2023-11-28 - Michael S. Barr - Serving Indian Country with the Modernized Community Reinvestment Act.html,data\FED\Speeches\2023-11-28 - Michael S. Barr - Serving Indian Country with the Modernized Community Reinvestment Act.txt,html,success,2026-06-03T02:00:55,FED_2023_11,speech_after_meeting,2023-11-01,27,0.7,Speech falls inside a FOMC meeting window.
FED_DOC_B9566B15032C,FED,Speeches,speech,Something Appears to Be Giving,2023-11-28,Something Appears to Be Giving,https://www.federalreserve.gov/newsevents/speech/waller20231128a.htm,data\FED\Speeches\2023-11-28 - Something Appears to Be Giving - Something Appears to Be Giving.html,data\FED\Speeches\2023-11-28 - Something Appears to Be Giving - Something Appears to Be Giving.txt,html,success,2026-06-03T02:00:59,FED_2023_11,speech_after_meeting,2023-11-01,27,0.7,Speech falls inside a FOMC meeting window.
FED_DOC_F8DCB746BE41,FED,Speeches,speech,Opening Remarks,2023-12-01,Jerome H. Powell,https://www.federalreserve.gov/newsevents/speech/powell20231201a.htm,data\FED\Speeches\2023-12-01 - Jerome H. Powell - Opening Remarks.html,data\FED\Speeches\2023-12-01 - Jerome H. Powell - Opening Remarks.txt,html,success,2026-06-03T02:00:49,FED_2023_11,speech_after_meeting,2023-11-01,30,0.7,Speech falls inside a FOMC meeting window.
FED_DOC_A5EDA1EE0947,FED,Speeches,speech,The Importance of Effective Liquidity Risk Management,2023-12-01,Michael S. Barr,https://www.federalreserve.gov/newsevents/speech/barr20231201a.htm,data\FED\Speeches\2023-12-01 - Michael S. Barr - The Importance of Effective Liquidity Risk Management.html,data\FED\Speeches\2023-12-01 - Michael S. Barr - The Importance of Effective Liquidity Risk Management.txt,html,success,2026-06-03T02:00:51,FED_2023_11,speech_after_meeting,2023-11-01,30,0.7,Speech falls inside a FOMC meeting window.
FED_DOC_473B837D2659,FED,Speeches,speech,Building a More Inclusive Financial System through Collaboration and Action,2023-12-05,Michelle W. Bowman,https://www.federalreserve.gov/newsevents/speech/bowman20231205a.htm,data\FED\Speeches\2023-12-05 - Michelle W. Bowman - Building a More Inclusive Financial System through Collaboration and Action.html,data\FED\Speeches\2023-12-05 - Michelle W. Bowman - Building a More Inclusive Financial System through Collaboration and Action.txt,html,success,2026-06-03T02:00:47,FED_2023_11,speech_after_meeting,2023-11-01,34,0.7,Speech falls inside a FOMC meeting window.
FED_DOC_9BD1567ED4AA,FED,Minutes,minutes,FOMC minutes,2023-12-13,,https://www.federalreserve.gov/monetarypolicy/files/fomcminutes20231213.pdf,data\FED\Minutes\2023-12-13 - FOMC minutes.pdf,data\FED\Minutes\2023-12-13 - FOMC minutes.txt,pdf,success,2026-06-03T01:50:16,FED_2023_12,minutes_for_meeting,2023-12-13,0,0.9,Linked to latest FOMC meeting on or before minutes date.
FED_DOC_743F335632F6,FED,Monetary Policy,statement,FOMC statement,2023-12-13,,https://www.federalreserve.gov/monetarypolicy/files/monetary20231213a1.pdf,data\FED\Monetary Policy\2023-12-13 - FOMC statement.pdf,data\FED\Monetary Policy\2023-12-13 - FOMC statement.txt,pdf,success,2026-06-03T01:48:43,FED_2023_12,anchor_statement,2023-12-13,0,1.0,Official FOMC statement anchor.
FED_DOC_BF24491DDA80,FED,Speeches,speech,New Yearâs Resolutions for Bank Regulatory Policymakers,2024-01-08,Michelle W. Bowman,https://www.federalreserve.gov/newsevents/speech/bowman20240108a.htm,data\FED\Speeches\2024-01-08 - Michelle W. Bowman - New Yearâs Resolutions for Bank Regulatory Policymakers.html,data\FED\Speeches\2024-01-08 - Michelle W. Bowman - New Yearâs Resolutions for Bank Regulatory Policymakers.txt,html,success,2026-06-03T02:00:43,FED_2023_12,speech_after_meeting,2023-12-13,26,0.7,Speech falls inside a FOMC meeting window.
FED_DOC_3EA5DD09F0B3,FED,Speeches,speech,Almost as Good as It Getsâ¦But Will It Last?,2024-01-16,Christopher J. Waller,https://www.federalreserve.gov/newsevents/speech/waller20240116a.htm,data\FED\Speeches\2024-01-16 - Christopher J. Waller - Almost as Good as It Getsâ¦But Will It Last_.html,data\FED\Speeches\2024-01-16 - Christopher J. Waller - Almost as Good as It Getsâ¦But Will It Last_.txt,html,success,2026-06-03T02:00:41,FED_2023_12,speech_after_meeting,2023-12-13,34,0.7,Speech falls inside a FOMC meeting window.
FED_DOC_0D309F65E186,FED,Speeches,speech,Opening Remarks,2024-01-17,Opening Remarks,https://www.federalreserve.gov/newsevents/speech/barr20240117a.htm,data\FED\Speeches\2024-01-17 - Opening Remarks - Opening Remarks.html,data\FED\Speeches\2024-01-17 - Opening Remarks - Opening Remarks.txt,html,success,2026-06-03T02:00:36,FED_2023_12,speech_after_meeting,2023-12-13,35,0.7,Speech falls inside a FOMC meeting window.
FED_DOC_272F7E206701,FED,Speeches,speech,The Path Forward for Bank Capital Reform,2024-01-17,Michelle W. Bowman,https://www.federalreserve.gov/newsevents/speech/bowman20240117a.htm,data\FED\Speeches\2024-01-17 - Michelle W. Bowman - The Path Forward for Bank Capital Reform.html,data\FED\Speeches\2024-01-17 - Michelle W. Bowman - The Path Forward for Bank Capital Reform.txt,html,success,2026-06-03T02:00:39,FED_2023_12,speech_after_meeting,2023-12-13,35,0.7,Speech falls inside a FOMC meeting window.
FED_DOC_C498DF431757,FED,Minutes,minutes,FOMC minutes,2024-01-31,,https://www.federalreserve.gov/monetarypolicy/files/fomcminutes20240131.pdf,data\FED\Minutes\2024-01-31 - FOMC minutes.pdf,data\FED\Minutes\2024-01-31 - FOMC minutes.txt,pdf,success,2026-06-03T01:49:46,FED_2024_01,minutes_for_meeting,2024-01-31,0,0.9,Linked to latest FOMC meeting on or before minutes date.
FED_DOC_E21671C4A927,FED,Monetary Policy,statement,FOMC statement,2024-01-31,,https://www.federalreserve.gov/monetarypolicy/files/monetary20240131a1.pdf,data\FED\Monetary Policy\2024-01-31 - FOMC statement.pdf,data\FED\Monetary Policy\2024-01-31 - FOMC statement.txt,pdf,success,2026-06-03T01:48:13,FED_2024_01,anchor_statement,2024-01-31,0,1.0,Official FOMC statement anchor.
FED_DOC_D8CD1AA44E6F,FED,Speeches,speech,The Future of Banking,2024-02-02,The Future of Banking,https://www.federalreserve.gov/newsevents/speech/bowman20240202a.htm,data\FED\Speeches\2024-02-02 - The Future of Banking - The Future of Banking.html,data\FED\Speeches\2024-02-02 - The Future of Banking - The Future of Banking.txt,html,success,2026-06-03T02:00:34,FED_2024_01,speech_after_meeting,2024-01-31,2,0.7,Speech falls inside a FOMC meeting window.
FED_DOC_2AA38C088165,FED,Speeches,speech,Supporting Entrepreneurship & Small Businesses,2024-02-07,Michelle W. Bowman,https://www.federalreserve.gov/newsevents/speech/bowman20240207a.htm,data\FED\Speeches\2024-02-07 - Michelle W. Bowman - Supporting Entrepreneurship & Small Businesses.html,data\FED\Speeches\2024-02-07 - Michelle W. Bowman - Supporting Entrepreneurship & Small Businesses.txt,html,success,2026-06-03T02:00:27,FED_2024_01,speech_after_meeting,2024-01-31,7,0.7,Speech falls inside a FOMC meeting window.
FED_DOC_1431EFEA6702,FED,Speeches,speech,The Outlook for the Economy and Monetary Policy,2024-02-07,Adriana D. Kugler,https://www.federalreserve.gov/newsevents/speech/kugler20240207a.htm,data\FED\Speeches\2024-02-07 - Adriana D. Kugler - The Outlook for the Economy and Monetary Policy.html,data\FED\Speeches\2024-02-07 - Adriana D. Kugler - The Outlook for the Economy and Monetary Policy.txt,html,success,2026-06-03T02:00:29,FED_2024_01,speech_after_meeting,2024-01-31,7,0.7,Speech falls inside a FOMC meeting window.
FED_DOC_004A1B1E0AB9,FED,Speeches,speech,Defining a Bank,2024-02-12,Defining a Bank,https://www.federalreserve.gov/newsevents/speech/bowman20240212a.htm,data\FED\Speeches\2024-02-12 - Defining a Bank - Defining a Bank.html,data\FED\Speeches\2024-02-12 - Defining a Bank - Defining a Bank.txt,html,success,2026-06-03T02:00:25,FED_2024_01,speech_after_meeting,2024-01-31,12,0.7,Speech falls inside a FOMC meeting window.
FED_DOC_96E534180AA7,FED,Speeches,speech,"The Intersection of Monetary Policy, Market Functioning, and Liquidity Risk Management",2024-02-14,Michael S. Barr,https://www.federalreserve.gov/newsevents/speech/barr20240214a.htm,"data\FED\Speeches\2024-02-14 - Michael S. Barr - The Intersection of Monetary Policy, Market Functioning, and Liquidity Risk Management.html","data\FED\Speeches\2024-02-14 - Michael S. Barr - The Intersection of Monetary Policy, Market Functioning, and Liquidity Risk Management.txt",html,success,2026-06-03T02:00:23,FED_2024_01,speech_after_meeting,2024-01-31,14,0.7,Speech falls inside a FOMC meeting window.
FED_DOC_2312962CE014,FED,Speeches,speech,Advancing Cross-Border Payments and Financial Inclusion,2024-02-15,Michelle W. Bowman,https://www.federalreserve.gov/newsevents/speech/bowman20240215a.htm,data\FED\Speeches\2024-02-15 - Michelle W. Bowman - Advancing Cross-Border Payments and Financial Inclusion.html,data\FED\Speeches\2024-02-15 - Michelle W. Bowman - Advancing Cross-Border Payments and Financial Inclusion.txt,html,success,2026-06-03T02:00:21,FED_2024_01,speech_after_meeting,2024-01-31,15,0.7,Speech falls inside a FOMC meeting window.
FED_DOC_19D729ED81D6,FED,Speeches,speech,The Dollar's International Role,2024-02-15,The Dollar's International Role,https://www.federalreserve.gov/newsevents/speech/waller20240215a.htm,data\FED\Speeches\2024-02-15 - The Dollar's International Role - The Dollar's International Role.html,data\FED\Speeches\2024-02-15 - The Dollar's International Role - The Dollar's International Role.txt,html,success,2026-06-03T02:00:19,FED_2024_01,speech_after_meeting,2024-01-31,15,0.7,Speech falls inside a FOMC meeting window.
FED_DOC_D1FA525B21CE,FED,Speeches,speech,"Supervision with Speed, Force, and Agility",2024-02-16,Review of Silicon Valley Bank,https://www.federalreserve.gov/newsevents/speech/barr20240216a.htm,"data\FED\Speeches\2024-02-16 - Review of Silicon Valley Bank - Supervision with Speed, Force, and Agility.html","data\FED\Speeches\2024-02-16 - Review of Silicon Valley Bank - Supervision with Speed, Force, and Agility.txt",html,success,2026-06-03T02:00:17,FED_2024_01,speech_after_meeting,2024-01-31,16,0.7,Speech falls inside a FOMC meeting window.
FED_DOC_BA31CBED9F34,FED,Speeches,speech,Is This Time Different? Recent Monetary Policy Cycles in Retrospect,2024-02-22,Philip N. Jefferson,https://www.federalreserve.gov/newsevents/speech/jefferson20240222a.htm,data\FED\Speeches\2024-02-22 - Philip N. Jefferson - Is This Time Different_ Recent Monetary Policy Cycles in Retrospect.html,data\FED\Speeches\2024-02-22 - Philip N. Jefferson - Is This Time Different_ Recent Monetary Policy Cycles in Retrospect.txt,html,success,2026-06-03T02:00:15,FED_2024_01,speech_after_meeting,2024-01-31,22,0.7,Speech falls inside a FOMC meeting window.
FED_DOC_011C0AABF0D2,FED,Speeches,speech,Sources of Uncertainty in the Short Run and the Long Run,2024-02-22,Lisa D. Cook,https://www.federalreserve.gov/newsevents/speech/cook20240222a.htm,data\FED\Speeches\2024-02-22 - Lisa D. Cook - Sources of Uncertainty in the Short Run and the Long Run.html,data\FED\Speeches\2024-02-22 - Lisa D. Cook - Sources of Uncertainty in the Short Run and the Long Run.txt,html,success,2026-06-03T02:00:14,FED_2024_01,speech_after_meeting,2024-01-31,22,0.7,Speech falls inside a FOMC meeting window.
FED_DOC_7D14F0C53FC0,FED,Speeches,speech,Whatâs the Rush?,2024-02-22,Christopher J. Waller,https://www.federalreserve.gov/newsevents/speech/waller20240222a.htm,data\FED\Speeches\2024-02-22 - Christopher J. Waller - Whatâs the Rush_.html,data\FED\Speeches\2024-02-22 - Christopher J. Waller - Whatâs the Rush_.txt,html,success,2026-06-03T02:00:12,FED_2024_01,speech_after_meeting,2024-01-31,22,0.7,Speech falls inside a FOMC meeting window.
FED_DOC_CC2B1F539A7F,FED,Speeches,speech,Reflections on the Economy and Bank Regulation,2024-02-27,Michelle W. Bowman,https://www.federalreserve.gov/newsevents/speech/bowman20240227a.htm,data\FED\Speeches\2024-02-27 - Michelle W. Bowman - Reflections on the Economy and Bank Regulation.html,data\FED\Speeches\2024-02-27 - Michelle W. Bowman - Reflections on the Economy and Bank Regulation.txt,html,success,2026-06-03T02:00:08,FED_2024_01,speech_after_meeting,2024-01-31,27,0.7,Speech falls inside a FOMC meeting window.
FED_DOC_658828BF6554,FED,Speeches,speech,The Importance of Counterparty Credit Risk Management,2024-02-27,Michael S. Barr,https://www.federalreserve.gov/newsevents/speech/barr20240227a.htm,data\FED\Speeches\2024-02-27 - Michael S. Barr - The Importance of Counterparty Credit Risk Management.html,data\FED\Speeches\2024-02-27 - Michael S. Barr - The Importance of Counterparty Credit Risk Management.txt,html,success,2026-06-03T02:00:10,FED_2024_01,speech_after_meeting,2024-01-31,27,0.7,Speech falls inside a FOMC meeting window.
FED_DOC_5902C1616942,FED,Speeches,speech,Disinflation without a Rise in Unemployment? What Is Different This Time Around,2024-03-01,Adriana D. Kugler,https://www.federalreserve.gov/newsevents/speech/kugler20240301a.htm,data\FED\Speeches\2024-03-01 - Adriana D. Kugler - Disinflation without a Rise in Unemployment_ What Is Different This Time Around.html,data\FED\Speeches\2024-03-01 - Adriana D. Kugler - Disinflation without a Rise in Unemployment_ What Is Different This Time Around.txt,html,success,2026-06-03T02:00:04,FED_2024_01,speech_after_meeting,2024-01-31,30,0.7,Speech falls inside a FOMC meeting window.
FED_DOC_BCDF45624ACE,FED,Speeches,speech,"Thoughts on Quantitative Tightening, Including Remarks on the Paper ""Quantitative Tightening around the Globe: What Have We Learned?""",2024-03-01,Christopher J. Waller,https://www.federalreserve.gov/newsevents/speech/waller20240301a.htm,"data\FED\Speeches\2024-03-01 - Christopher J. Waller - Thoughts on Quantitative Tightening, Including Remarks on the Paper _Quantitative Tightening around the Globe_ Wh.html","data\FED\Speeches\2024-03-01 - Christopher J. Waller - Thoughts on Quantitative Tightening, Including Remarks on the Paper _Quantitative Tightening around the Globe_ Wh.txt",html,success,2026-06-03T02:00:06,FED_2024_01,speech_after_meeting,2024-01-31,30,0.7,Speech falls inside a FOMC meeting window.
FED_DOC_1827E142A7B6,FED,Speeches,speech,"Tailoring, Fidelity to the Rule of Law, and Unintended Consequences",2024-03-05,Michelle W. Bowman,https://www.federalreserve.gov/newsevents/speech/bowman20240305a.htm,"data\FED\Speeches\2024-03-05 - Michelle W. Bowman - Tailoring, Fidelity to the Rule of Law, and Unintended Consequences.html","data\FED\Speeches\2024-03-05 - Michelle W. Bowman - Tailoring, Fidelity to the Rule of Law, and Unintended Consequences.txt",html,success,2026-06-03T02:00:02,FED_2024_01,speech_after_meeting,2024-01-31,34,0.7,Speech falls inside a FOMC meeting window.
FED_DOC_894304C5D2D6,FED,Speeches,speech,Reflections on the Economy and Bank Regulation,2024-03-07,Michelle W. Bowman,https://www.federalreserve.gov/newsevents/speech/bowman20240307a.htm,data\FED\Speeches\2024-03-07 - Michelle W. Bowman - Reflections on the Economy and Bank Regulation.html,data\FED\Speeches\2024-03-07 - Michelle W. Bowman - Reflections on the Economy and Bank Regulation.txt,html,success,2026-06-03T02:00:00,FED_2024_01,speech_after_meeting,2024-01-31,36,0.7,Speech falls inside a FOMC meeting window.
FED_DOC_7E3F7C5D2046,FED,Minutes,minutes,FOMC minutes,2024-03-20,,https://www.federalreserve.gov/monetarypolicy/files/fomcminutes20240320.pdf,data\FED\Minutes\2024-03-20 - FOMC minutes.pdf,data\FED\Minutes\2024-03-20 - FOMC minutes.txt,pdf,success,2026-06-03T01:49:48,FED_2024_03,minutes_for_meeting,2024-03-20,0,0.9,Linked to latest FOMC meeting on or before minutes date.
FED_DOC_DB28C3494C07,FED,Monetary Policy,statement,FOMC statement,2024-03-20,,https://www.federalreserve.gov/monetarypolicy/files/monetary20240320a1.pdf,data\FED\Monetary Policy\2024-03-20 - FOMC statement.pdf,data\FED\Monetary Policy\2024-03-20 - FOMC statement.txt,pdf,success,2026-06-03T01:48:15,FED_2024_03,anchor_statement,2024-03-20,0,1.0,Official FOMC statement anchor.
FED_DOC_32C6B2F4AF0B,FED,Speeches,speech,The Dual Mandate and the Balance of Risks,2024-03-25,Lisa D. Cook,https://www.federalreserve.gov/newsevents/speech/cook20240325a.htm,data\FED\Speeches\2024-03-25 - Lisa D. Cook - The Dual Mandate and the Balance of Risks.html,data\FED\Speeches\2024-03-25 - Lisa D. Cook - The Dual Mandate and the Balance of Risks.txt,html,success,2026-06-03T01:59:58,FED_2024_03,speech_after_meeting,2024-03-20,5,0.7,Speech falls inside a FOMC meeting window.
FED_DOC_0ED47AD48D2A,FED,Speeches,speech,Thereâs Still No Rush,2024-03-27,Christopher J. Waller,https://www.federalreserve.gov/newsevents/speech/waller20240327a.htm,data\FED\Speeches\2024-03-27 - Christopher J. Waller - Thereâs Still No Rush.html,data\FED\Speeches\2024-03-27 - Christopher J. Waller - Thereâs Still No Rush.txt,html,success,2026-06-03T01:59:56,FED_2024_03,speech_after_meeting,2024-03-20,7,0.7,Speech falls inside a FOMC meeting window.
FED_DOC_2B7F67B3B6E8,FED,Speeches,speech,"Hope, Promise, and Mentors",2024-04-01,Lisa D. Cook,https://www.federalreserve.gov/newsevents/speech/cook20240401a.htm,"data\FED\Speeches\2024-04-01 - Lisa D. Cook - Hope, Promise, and Mentors.html","data\FED\Speeches\2024-04-01 - Lisa D. Cook - Hope, Promise, and Mentors.txt",html,success,2026-06-03T01:59:54,FED_2024_03,speech_after_meeting,2024-03-20,12,0.7,Speech falls inside a FOMC meeting window.
FED_DOC_DED80882127D,FED,Speeches,speech,"Bank Mergers and Acquisitions, and De Novo Bank Formation: Implications for the Future of the Banking System",2024-04-02,Michelle W. Bowman,https://www.federalreserve.gov/newsevents/speech/bowman20240402a.htm,"data\FED\Speeches\2024-04-02 - Michelle W. Bowman - Bank Mergers and Acquisitions, and De Novo Bank Formation_ Implications for the Future of the Banking System.html","data\FED\Speeches\2024-04-02 - Michelle W. Bowman - Bank Mergers and Acquisitions, and De Novo Bank Formation_ Implications for the Future of the Banking System.txt",html,success,2026-06-03T01:59:50,FED_2024_03,speech_after_meeting,2024-03-20,13,0.7,Speech falls inside a FOMC meeting window.
FED_DOC_94F15D2180A7,FED,Speeches,speech,"Bank Liquidity, Regulation, and the Fed's Role as Lender of Last Resort",2024-04-03,Michelle W. Bowman,https://www.federalreserve.gov/newsevents/speech/bowman20240403a.htm,"data\FED\Speeches\2024-04-03 - Michelle W. Bowman - Bank Liquidity, Regulation, and the Fed's Role as Lender of Last Resort.html","data\FED\Speeches\2024-04-03 - Michelle W. Bowman - Bank Liquidity, Regulation, and the Fed's Role as Lender of Last Resort.txt",html,success,2026-06-03T01:59:48,FED_2024_03,speech_after_meeting,2024-03-20,14,0.7,Speech falls inside a FOMC meeting window.
FED_DOC_2411C0DDA86B,FED,Speeches,speech,Opening Remarks,2024-04-03,Jerome H. Powell,https://www.federalreserve.gov/newsevents/speech/powell20240403a.htm,data\FED\Speeches\2024-04-03 - Jerome H. Powell - Opening Remarks.html,data\FED\Speeches\2024-04-03 - Jerome H. Powell - Opening Remarks.txt,html,success,2026-06-03T01:59:46,FED_2024_03,speech_after_meeting,2024-03-20,14,0.7,Speech falls inside a FOMC meeting window.
FED_DOC_0B7F372ACB48,FED,Speeches,speech,The Outlook for the U.S. Economy and Monetary Policy,2024-04-03,Adriana D. Kugler,https://www.federalreserve.gov/newsevents/speech/kugler20240403a.htm,data\FED\Speeches\2024-04-03 - Adriana D. Kugler - The Outlook for the U.S. Economy and Monetary Policy.html,data\FED\Speeches\2024-04-03 - Adriana D. Kugler - The Outlook for the U.S. Economy and Monetary Policy.txt,html,success,2026-06-03T01:59:44,FED_2024_03,speech_after_meeting,2024-03-20,14,0.7,Speech falls inside a FOMC meeting window.
FED_DOC_9DEEEC9BD2AA,FED,Speeches,speech,Enriching Data and Analysis in Economics with Real Life Experiences,2024-04-04,Adriana D. Kugler,https://www.federalreserve.gov/newsevents/speech/kugler20240404a.htm,data\FED\Speeches\2024-04-04 - Adriana D. Kugler - Enriching Data and Analysis in Economics with Real Life Experiences.html,data\FED\Speeches\2024-04-04 - Adriana D. Kugler - Enriching Data and Analysis in Economics with Real Life Experiences.txt,html,success,2026-06-03T01:59:42,FED_2024_03,speech_after_meeting,2024-03-20,15,0.7,Speech falls inside a FOMC meeting window.
FED_DOC_CEDE40B82E91,FED,Speeches,speech,Risks and Uncertainty in Monetary Policy: Current and Past Considerations,2024-04-05,Michelle W. Bowman,https://www.federalreserve.gov/newsevents/speech/bowman20240405a.htm,data\FED\Speeches\2024-04-05 - Michelle W. Bowman - Risks and Uncertainty in Monetary Policy_ Current and Past Considerations.html,data\FED\Speeches\2024-04-05 - Michelle W. Bowman - Risks and Uncertainty in Monetary Policy_ Current and Past Considerations.txt,html,success,2026-06-03T01:59:40,FED_2024_03,speech_after_meeting,2024-03-20,16,0.7,Speech falls inside a FOMC meeting window.
FED_DOC_D2E5C92B3635,FED,Speeches,speech,Economic Uncertainty and the Evolution of Monetary Policymaking,2024-04-16,Philip N. Jefferson,https://www.federalreserve.gov/newsevents/speech/jefferson20240416a.htm,data\FED\Speeches\2024-04-16 - Philip N. Jefferson - Economic Uncertainty and the Evolution of Monetary Policymaking.html,data\FED\Speeches\2024-04-16 - Philip N. Jefferson - Economic Uncertainty and the Evolution of Monetary Policymaking.txt,html,success,2026-06-03T01:59:38,FED_2024_03,speech_after_meeting,2024-03-20,27,0.7,Speech falls inside a FOMC meeting window.
FED_DOC_2EDA32D5BA16,FED,Speeches,speech,Opening Remarks,2024-04-18,Opening Remarks,https://www.federalreserve.gov/newsevents/speech/bowman20240418a.htm,data\FED\Speeches\2024-04-18 - Opening Remarks - Opening Remarks.html,data\FED\Speeches\2024-04-18 - Opening Remarks - Opening Remarks.txt,html,success,2026-06-03T01:59:36,FED_2024_03,speech_after_meeting,2024-03-20,29,0.7,Speech falls inside a FOMC meeting window.
FED_DOC_B0D6A58222F8,FED,Minutes,minutes,FOMC minutes,2024-05-01,,https://www.federalreserve.gov/monetarypolicy/files/fomcminutes20240501.pdf,data\FED\Minutes\2024-05-01 - FOMC minutes.pdf,data\FED\Minutes\2024-05-01 - FOMC minutes.txt,pdf,success,2026-06-03T01:49:50,FED_2024_05,minutes_for_meeting,2024-05-01,0,0.9,Linked to latest FOMC meeting on or before minutes date.
FED_DOC_9188E02FEF08,FED,Monetary Policy,statement,FOMC statement,2024-05-01,,https://www.federalreserve.gov/monetarypolicy/files/monetary20240501a1.pdf,data\FED\Monetary Policy\2024-05-01 - FOMC statement.pdf,data\FED\Monetary Policy\2024-05-01 - FOMC statement.txt,pdf,success,2026-06-03T01:48:17,FED_2024_05,anchor_statement,2024-05-01,0,1.0,Official FOMC statement anchor.
FED_DOC_54F26FB8DBDB,FED,Speeches,speech,Brief Remarks on the Economy and Monetary Policy,2024-05-03,Michelle W. Bowman,https://www.federalreserve.gov/newsevents/speech/bowman20240503a.htm,data\FED\Speeches\2024-05-03 - Michelle W. Bowman - Brief Remarks on the Economy and Monetary Policy.html,data\FED\Speeches\2024-05-03 - Michelle W. Bowman - Brief Remarks on the Economy and Monetary Policy.txt,html,success,2026-06-03T01:59:34,FED_2024_05,speech_after_meeting,2024-05-01,2,0.7,Speech falls inside a FOMC meeting window.
FED_DOC_BBF8C82A61FA,FED,Speeches,speech,"""Oh, the Places Youâll Go and the Things Youâll Do""",2024-05-04,Lisa D. Cook,https://www.federalreserve.gov/newsevents/speech/cook20240504a.htm,"data\FED\Speeches\2024-05-04 - Lisa D. Cook - _Oh, the Places Youâll Go and the Things Youâll Do_.html","data\FED\Speeches\2024-05-04 - Lisa D. Cook - _Oh, the Places Youâll Go and the Things Youâll Do_.txt",html,success,2026-06-03T01:59:32,FED_2024_05,speech_after_meeting,2024-05-01,3,0.7,Speech falls inside a FOMC meeting window.
FED_DOC_3490E8CBB199,FED,Speeches,speech,Current Assessment of Financial Stability,2024-05-08,Current Assessment of Financial Stability,https://www.federalreserve.gov/newsevents/speech/cook20240508a.htm,data\FED\Speeches\2024-05-08 - Current Assessment of Financial Stability - Current Assessment of Financial Stability.html,data\FED\Speeches\2024-05-08 - Current Assessment of Financial Stability - Current Assessment of Financial Stability.txt,html,success,2026-06-03T01:59:30,FED_2024_05,speech_after_meeting,2024-05-01,7,0.7,Speech falls inside a FOMC meeting window.
FED_DOC_A7405DEF69BE,FED,Speeches,speech,Commencement Remarks,2024-05-10,Commencement Remarks,https://www.federalreserve.gov/newsevents/speech/barr20240510a.htm,data\FED\Speeches\2024-05-10 - Commencement Remarks - Commencement Remarks.html,data\FED\Speeches\2024-05-10 - Commencement Remarks - Commencement Remarks.txt,html,success,2026-06-03T01:59:26,FED_2024_05,speech_after_meeting,2024-05-01,9,0.7,Speech falls inside a FOMC meeting window.
FED_DOC_CD683C9FC52A,FED,Speeches,speech,Financial Stability Risks: Resiliency and the Role of Regulators,2024-05-10,Michelle W. Bowman,https://www.federalreserve.gov/newsevents/speech/bowman20240510a.htm,data\FED\Speeches\2024-05-10 - Michelle W. Bowman - Financial Stability Risks_ Resiliency and the Role of Regulators.html,data\FED\Speeches\2024-05-10 - Michelle W. Bowman - Financial Stability Risks_ Resiliency and the Role of Regulators.txt,html,success,2026-06-03T01:59:28,FED_2024_05,speech_after_meeting,2024-05-01,9,0.7,Speech falls inside a FOMC meeting window.
FED_DOC_C6E4781FFCEE,FED,Speeches,speech,Communicating about Monetary Policy,2024-05-13,Philip N. Jefferson,https://www.federalreserve.gov/newsevents/speech/jefferson20240513a.htm,data\FED\Speeches\2024-05-13 - Philip N. Jefferson - Communicating about Monetary Policy.html,data\FED\Speeches\2024-05-13 - Philip N. Jefferson - Communicating about Monetary Policy.txt,html,success,2026-06-03T01:59:24,FED_2024_05,speech_after_meeting,2024-05-01,12,0.7,Speech falls inside a FOMC meeting window.
FED_DOC_07A3F9934E12,FED,Speeches,speech,Growth and Change at Community Development Financial Institutions,2024-05-14,Lisa D. Cook,https://www.federalreserve.gov/newsevents/speech/cook20240514a.htm,data\FED\Speeches\2024-05-14 - Lisa D. Cook - Growth and Change at Community Development Financial Institutions.html,data\FED\Speeches\2024-05-14 - Lisa D. Cook - Growth and Change at Community Development Financial Institutions.txt,html,success,2026-06-03T01:59:22,FED_2024_05,speech_after_meeting,2024-05-01,13,0.7,Speech falls inside a FOMC meeting window.
FED_DOC_D57B90CCE69E,FED,Speeches,speech,Innovation and the Evolving Financial Landscape,2024-05-15,Michelle W. Bowman,https://www.federalreserve.gov/newsevents/speech/bowman20240515a.htm,data\FED\Speeches\2024-05-15 - Michelle W. Bowman - Innovation and the Evolving Financial Landscape.html,data\FED\Speeches\2024-05-15 - Michelle W. Bowman - Innovation and the Evolving Financial Landscape.txt,html,success,2026-06-03T01:59:20,FED_2024_05,speech_after_meeting,2024-05-01,14,0.7,Speech falls inside a FOMC meeting window.
FED_DOC_329D427B9CF9,FED,Speeches,speech,"Brief Remarks on the Economy, Monetary Policy, and Bank Regulation",2024-05-17,Michelle W. Bowman,https://www.federalreserve.gov/newsevents/speech/bowman20240517a.htm,"data\FED\Speeches\2024-05-17 - Michelle W. Bowman - Brief Remarks on the Economy, Monetary Policy, and Bank Regulation.html","data\FED\Speeches\2024-05-17 - Michelle W. Bowman - Brief Remarks on the Economy, Monetary Policy, and Bank Regulation.txt",html,success,2026-06-03T01:59:15,FED_2024_05,speech_after_meeting,2024-05-01,16,0.7,Speech falls inside a FOMC meeting window.
FED_DOC_D6D65DE9A4C3,FED,Speeches,speech,"Payments Innovation, Technical Standards, and the Federal Reserve's Roles",2024-05-17,Christopher J. Waller,https://www.federalreserve.gov/newsevents/speech/waller20240517a.htm,"data\FED\Speeches\2024-05-17 - Christopher J. Waller - Payments Innovation, Technical Standards, and the Federal Reserve's Roles.html","data\FED\Speeches\2024-05-17 - Christopher J. Waller - Payments Innovation, Technical Standards, and the Federal Reserve's Roles.txt",html,success,2026-06-03T01:59:17,FED_2024_05,speech_after_meeting,2024-05-01,16,0.7,Speech falls inside a FOMC meeting window.
FED_DOC_AEF4521413D9,FED,Speeches,speech,"On the Road Ahead, Cherish the Detours",2024-05-18,Adriana D. Kugler,https://www.federalreserve.gov/newsevents/speech/kugler20240518a.htm,"data\FED\Speeches\2024-05-18 - Adriana D. Kugler - On the Road Ahead, Cherish the Detours.html","data\FED\Speeches\2024-05-18 - Adriana D. Kugler - On the Road Ahead, Cherish the Detours.txt",html,success,2026-06-03T01:59:13,FED_2024_05,speech_after_meeting,2024-05-01,17,0.7,Speech falls inside a FOMC meeting window.
FED_DOC_778FF3ACBBDF,FED,Speeches,speech,Georgetown University Law Center Commencement Address,2024-05-19,Jerome H. Powell,https://www.federalreserve.gov/newsevents/speech/powell20240519a.htm,data\FED\Speeches\2024-05-19 - Jerome H. Powell - Georgetown University Law Center Commencement Address.html,data\FED\Speeches\2024-05-19 - Jerome H. Powell - Georgetown University Law Center Commencement Address.txt,html,success,2026-06-03T01:59:11,FED_2024_05,speech_after_meeting,2024-05-01,18,0.7,Speech falls inside a FOMC meeting window.
FED_DOC_04F504377147,FED,Speeches,speech,On Building a Resilient Regulatory Framework,2024-05-20,Watch Live,https://www.federalreserve.gov/newsevents/speech/barr20240520a.htm,data\FED\Speeches\2024-05-20 - Watch Live - On Building a Resilient Regulatory Framework.html,data\FED\Speeches\2024-05-20 - Watch Live - On Building a Resilient Regulatory Framework.txt,html,success,2026-06-03T01:59:07,FED_2024_05,speech_after_meeting,2024-05-01,19,0.7,Speech falls inside a FOMC meeting window.
FED_DOC_FB9CC007D065,FED,Speeches,speech,U.S. Economic Outlook and Housing Price Dynamics,2024-05-20,Philip N. Jefferson,https://www.federalreserve.gov/newsevents/speech/jefferson20240520a.htm,data\FED\Speeches\2024-05-20 - Philip N. Jefferson - U.S. Economic Outlook and Housing Price Dynamics.html,data\FED\Speeches\2024-05-20 - Philip N. Jefferson - U.S. Economic Outlook and Housing Price Dynamics.txt,html,success,2026-06-03T01:59:05,FED_2024_05,speech_after_meeting,2024-05-01,19,0.7,Speech falls inside a FOMC meeting window.
FED_DOC_FB79A6B9DDC8,FED,Speeches,speech,Welcoming Remarks on the International Role of the U.S. Dollar,2024-05-20,Christopher J. Waller,https://www.federalreserve.gov/newsevents/speech/waller20240520a.htm,data\FED\Speeches\2024-05-20 - Christopher J. Waller - Welcoming Remarks on the International Role of the U.S. Dollar.html,data\FED\Speeches\2024-05-20 - Christopher J. Waller - Welcoming Remarks on the International Role of the U.S. Dollar.txt,html,success,2026-06-03T01:59:09,FED_2024_05,speech_after_meeting,2024-05-01,19,0.7,Speech falls inside a FOMC meeting window.
FED_DOC_2C8F3EC40278,FED,Speeches,speech,"Little by Little, Progress Seems to be Resuming.",2024-05-21,"Little, Progress Seems to be Resuming.",https://www.federalreserve.gov/newsevents/speech/waller20240521a.htm,"data\FED\Speeches\2024-05-21 - Little, Progress Seems to be Resuming - Little by Little, Progress Seems to be Resuming.html","data\FED\Speeches\2024-05-21 - Little, Progress Seems to be Resuming - Little by Little, Progress Seems to be Resuming.txt",html,success,2026-06-03T01:59:02,FED_2024_05,speech_after_meeting,2024-05-01,20,0.7,Speech falls inside a FOMC meeting window.
FED_DOC_3DC7A212C1C8,FED,Speeches,speech,Some Thoughts on r*: Why Did It Fall and Will It Rise?,2024-05-24,Christopher J. Waller,https://www.federalreserve.gov/newsevents/speech/waller20240524a.htm,data\FED\Speeches\2024-05-24 - Christopher J. Waller - Some Thoughts on r_ Why Did It Fall and Will It Rise_.html,data\FED\Speeches\2024-05-24 - Christopher J. Waller - Some Thoughts on r_ Why Did It Fall and Will It Rise_.txt,html,success,2026-06-03T01:59:00,FED_2024_05,speech_after_meeting,2024-05-01,23,0.7,Speech falls inside a FOMC meeting window.
FED_DOC_7B037A0587FD,FED,Speeches,speech,The Federal Reserve's Balance Sheet as a Monetary Policy Tool: Past Lessons and Future Considerations,2024-05-28,Michelle W. Bowman,https://www.federalreserve.gov/newsevents/speech/bowman20240528a.htm,data\FED\Speeches\2024-05-28 - Michelle W. Bowman - The Federal Reserve's Balance Sheet as a Monetary Policy Tool_ Past Lessons and Future Considerations.html,data\FED\Speeches\2024-05-28 - Michelle W. Bowman - The Federal Reserve's Balance Sheet as a Monetary Policy Tool_ Past Lessons and Future Considerations.txt,html,success,2026-06-03T01:58:58,FED_2024_05,speech_after_meeting,2024-05-01,27,0.7,Speech falls inside a FOMC meeting window.
FED_DOC_582A06C5DE9A,FED,Speeches,speech,A New Class of Trailblazers,2024-06-07,A New Class of Trailblazers,https://www.federalreserve.gov/newsevents/speech/cook20240607a.htm,data\FED\Speeches\2024-06-07 - A New Class of Trailblazers - A New Class of Trailblazers.html,data\FED\Speeches\2024-06-07 - A New Class of Trailblazers - A New Class of Trailblazers.txt,html,success,2026-06-03T01:58:56,FED_2024_05,speech_after_meeting,2024-05-01,37,0.7,Speech falls inside a FOMC meeting window.
FED_DOC_4D8FF1233001,FED,Minutes,minutes,FOMC minutes,2024-06-12,,https://www.federalreserve.gov/monetarypolicy/files/fomcminutes20240612.pdf,data\FED\Minutes\2024-06-12 - FOMC minutes.pdf,data\FED\Minutes\2024-06-12 - FOMC minutes.txt,pdf,success,2026-06-03T01:49:52,FED_2024_06,minutes_for_meeting,2024-06-12,0,0.9,Linked to latest FOMC meeting on or before minutes date.
FED_DOC_E90F0043310A,FED,Monetary Policy,statement,FOMC statement,2024-06-12,,https://www.federalreserve.gov/monetarypolicy/files/monetary20240612a1.pdf,data\FED\Monetary Policy\2024-06-12 - FOMC statement.pdf,data\FED\Monetary Policy\2024-06-12 - FOMC statement.txt,pdf,success,2026-06-03T01:48:20,FED_2024_06,anchor_statement,2024-06-12,0,1.0,Official FOMC statement anchor.
FED_DOC_77F197BBD8B9,FED,Speeches,speech,Lessons from the American Economic Association Summer Program,2024-06-14,Lisa D. Cook,https://www.federalreserve.gov/newsevents/speech/cook20240614a.htm,data\FED\Speeches\2024-06-14 - Lisa D. Cook - Lessons from the American Economic Association Summer Program.html,data\FED\Speeches\2024-06-14 - Lisa D. Cook - Lessons from the American Economic Association Summer Program.txt,html,success,2026-06-03T01:58:54,FED_2024_06,speech_after_meeting,2024-06-12,2,0.7,Speech falls inside a FOMC meeting window.
FED_DOC_61D6F345CE48,FED,Speeches,speech,A Transformative Experience,2024-06-17,A Transformative Experience,https://www.federalreserve.gov/newsevents/speech/cook20240617a.htm,data\FED\Speeches\2024-06-17 - A Transformative Experience - A Transformative Experience.html,data\FED\Speeches\2024-06-17 - A Transformative Experience - A Transformative Experience.txt,html,success,2026-06-03T01:58:50,FED_2024_06,speech_after_meeting,2024-06-12,5,0.7,Speech falls inside a FOMC meeting window.
FED_DOC_A9A278E07317,FED,Speeches,speech,Innovation in the Financial System,2024-06-17,Innovation in the Financial System,https://www.federalreserve.gov/newsevents/speech/bowman20240617a.htm,data\FED\Speeches\2024-06-17 - Innovation in the Financial System - Innovation in the Financial System.html,data\FED\Speeches\2024-06-17 - Innovation in the Financial System - Innovation in the Financial System.txt,html,success,2026-06-03T01:58:52,FED_2024_06,speech_after_meeting,2024-06-12,5,0.7,Speech falls inside a FOMC meeting window.
FED_DOC_E10EC7DE1C6B,FED,Speeches,speech,Some Reasons for Optimism about Inflation,2024-06-18,Adriana D. Kugler,https://www.federalreserve.gov/newsevents/speech/kugler20240618a.htm,data\FED\Speeches\2024-06-18 - Adriana D. Kugler - Some Reasons for Optimism about Inflation.html,data\FED\Speeches\2024-06-18 - Adriana D. Kugler - Some Reasons for Optimism about Inflation.txt,html,success,2026-06-03T01:58:48,FED_2024_06,speech_after_meeting,2024-06-12,6,0.7,Speech falls inside a FOMC meeting window.
FED_DOC_7AE14ADBD1E1,FED,Speeches,speech,Welcoming Remarks,2024-06-24,Welcoming Remarks,https://www.federalreserve.gov/newsevents/speech/waller20240624a.htm,data\FED\Speeches\2024-06-24 - Welcoming Remarks - Welcoming Remarks.html,data\FED\Speeches\2024-06-24 - Welcoming Remarks - Welcoming Remarks.txt,html,success,2026-06-03T01:58:46,FED_2024_06,speech_after_meeting,2024-06-12,12,0.7,Speech falls inside a FOMC meeting window.
FED_DOC_5243D0F9AC46,FED,Speeches,speech,Moving Toward Better Balance and Implications for Monetary Policy,2024-06-25,Lisa D. Cook,https://www.federalreserve.gov/newsevents/speech/cook20240625a.htm,data\FED\Speeches\2024-06-25 - Lisa D. Cook - Moving Toward Better Balance and Implications for Monetary Policy.html,data\FED\Speeches\2024-06-25 - Lisa D. Cook - Moving Toward Better Balance and Implications for Monetary Policy.txt,html,success,2026-06-03T01:58:41,FED_2024_06,speech_after_meeting,2024-06-12,13,0.7,Speech falls inside a FOMC meeting window.
FED_DOC_9DA8D82ADA21,FED,Speeches,speech,Opening Remarks,2024-06-25,Opening Remarks,https://www.federalreserve.gov/newsevents/speech/bowman20240625b.htm,data\FED\Speeches\2024-06-25 - Opening Remarks - Opening Remarks.html,data\FED\Speeches\2024-06-25 - Opening Remarks - Opening Remarks.txt,html,success,2026-06-03T01:58:39,FED_2024_06,speech_after_meeting,2024-06-12,13,0.7,Speech falls inside a FOMC meeting window.
FED_DOC_3A99D27BB0C6,FED,Speeches,speech,Perspectives on U.S. Monetary Policy and Bank Capital Reform,2024-06-25,Michelle W. Bowman,https://www.federalreserve.gov/newsevents/speech/bowman20240625a.htm,data\FED\Speeches\2024-06-25 - Michelle W. Bowman - Perspectives on U.S. Monetary Policy and Bank Capital Reform.html,data\FED\Speeches\2024-06-25 - Michelle W. Bowman - Perspectives on U.S. Monetary Policy and Bank Capital Reform.txt,html,success,2026-06-03T01:58:43,FED_2024_06,speech_after_meeting,2024-06-12,13,0.7,Speech falls inside a FOMC meeting window.
FED_DOC_A4D6E945FF1E,FED,Speeches,speech,The Consequences of Bank Capital Reform,2024-06-26,Michelle W. Bowman,https://www.federalreserve.gov/newsevents/speech/bowman20240626a.htm,data\FED\Speeches\2024-06-26 - Michelle W. Bowman - The Consequences of Bank Capital Reform.html,data\FED\Speeches\2024-06-26 - Michelle W. Bowman - The Consequences of Bank Capital Reform.txt,html,success,2026-06-03T01:58:37,FED_2024_06,speech_after_meeting,2024-06-12,14,0.7,Speech falls inside a FOMC meeting window.
FED_DOC_0A410DFA475F,FED,Speeches,speech,"Brief Remarks on the Economy, Monetary Policy, and Bank Regulation",2024-06-27,Michelle W. Bowman,https://www.federalreserve.gov/newsevents/speech/bowman20240627a.htm,"data\FED\Speeches\2024-06-27 - Michelle W. Bowman - Brief Remarks on the Economy, Monetary Policy, and Bank Regulation.html","data\FED\Speeches\2024-06-27 - Michelle W. Bowman - Brief Remarks on the Economy, Monetary Policy, and Bank Regulation.txt",html,success,2026-06-03T01:58:35,FED_2024_06,speech_after_meeting,2024-06-12,15,0.7,Speech falls inside a FOMC meeting window.
FED_DOC_1F8F1D245AD0,FED,Speeches,speech,"Financial Inclusion: Past, Present, and Hopes for the Future",2024-07-09,Michael S. Barr,https://www.federalreserve.gov/newsevents/speech/barr20240709a.htm,"data\FED\Speeches\2024-07-09 - Michael S. Barr - Financial Inclusion_ Past, Present, and Hopes for the Future.html","data\FED\Speeches\2024-07-09 - Michael S. Barr - Financial Inclusion_ Past, Present, and Hopes for the Future.txt",html,success,2026-06-03T01:58:33,FED_2024_06,speech_after_meeting,2024-06-12,27,0.7,Speech falls inside a FOMC meeting window.
FED_DOC_AEE055287570,FED,Speeches,speech,Promoting an Inclusive Financial System,2024-07-09,Promoting an Inclusive Financial System,https://www.federalreserve.gov/newsevents/speech/bowman20240709a.htm,data\FED\Speeches\2024-07-09 - Promoting an Inclusive Financial System - Promoting an Inclusive Financial System.html,data\FED\Speeches\2024-07-09 - Promoting an Inclusive Financial System - Promoting an Inclusive Financial System.txt,html,success,2026-06-03T01:58:31,FED_2024_06,speech_after_meeting,2024-06-12,27,0.7,Speech falls inside a FOMC meeting window.
FED_DOC_9C3C5B206071,FED,Speeches,speech,Common Inflation and Monetary Policy Challenges across Countries,2024-07-10,Lisa D. Cook,https://www.federalreserve.gov/newsevents/speech/cook20240710a.htm,data\FED\Speeches\2024-07-10 - Lisa D. Cook - Common Inflation and Monetary Policy Challenges across Countries.html,data\FED\Speeches\2024-07-10 - Lisa D. Cook - Common Inflation and Monetary Policy Challenges across Countries.txt,html,success,2026-06-03T01:58:25,FED_2024_06,speech_after_meeting,2024-06-12,28,0.7,Speech falls inside a FOMC meeting window.
FED_DOC_9070B9890859,FED,Speeches,speech,Opening Remarks,2024-07-10,Opening Remarks,https://www.federalreserve.gov/newsevents/speech/bowman20240710a.htm,data\FED\Speeches\2024-07-10 - Opening Remarks - Opening Remarks.html,data\FED\Speeches\2024-07-10 - Opening Remarks - Opening Remarks.txt,html,success,2026-06-03T01:58:27,FED_2024_06,speech_after_meeting,2024-06-12,28,0.7,Speech falls inside a FOMC meeting window.
FED_DOC_051D7558FD5D,FED,Speeches,speech,The Challenges Facing Economic Measurement and Creative Solutions,2024-07-16,Adriana D. Kugler,https://www.federalreserve.gov/newsevents/speech/kugler20240716a.htm,data\FED\Speeches\2024-07-16 - Adriana D. Kugler - The Challenges Facing Economic Measurement and Creative Solutions.html,data\FED\Speeches\2024-07-16 - Adriana D. Kugler - The Challenges Facing Economic Measurement and Creative Solutions.txt,html,success,2026-06-03T01:58:23,FED_2024_06,speech_after_meeting,2024-06-12,34,0.7,Speech falls inside a FOMC meeting window.
FED_DOC_53EC6AD53A5A,FED,Speeches,speech,Getting Closer,2024-07-17,Getting Closer,https://www.federalreserve.gov/newsevents/speech/waller20240717a.htm,data\FED\Speeches\2024-07-17 - Getting Closer - Getting Closer.html,data\FED\Speeches\2024-07-17 - Getting Closer - Getting Closer.txt,html,success,2026-06-03T01:58:21,FED_2024_06,speech_after_meeting,2024-06-12,35,0.7,Speech falls inside a FOMC meeting window.
FED_DOC_990D878C7528,FED,Speeches,speech,"Liquidity, Supervision, and Regulatory Reform",2024-07-18,Michelle W. Bowman,https://www.federalreserve.gov/newsevents/speech/bowman20240718a.htm,"data\FED\Speeches\2024-07-18 - Michelle W. Bowman - Liquidity, Supervision, and Regulatory Reform.html","data\FED\Speeches\2024-07-18 - Michelle W. Bowman - Liquidity, Supervision, and Regulatory Reform.txt",html,success,2026-06-03T01:58:19,FED_2024_06,speech_after_meeting,2024-06-12,36,0.7,Speech falls inside a FOMC meeting window.
FED_DOC_B365776CCC3A,FED,Speeches,speech,Opening Remarks,2024-07-24,Opening Remarks,https://www.federalreserve.gov/newsevents/speech/bowman20240724a.htm,data\FED\Speeches\2024-07-24 - Opening Remarks - Opening Remarks.html,data\FED\Speeches\2024-07-24 - Opening Remarks - Opening Remarks.txt,html,success,2026-06-03T01:58:17,FED_2024_06,speech_after_meeting,2024-06-12,42,0.7,Speech falls inside a FOMC meeting window.
FED_DOC_0EBDE7E68795,FED,Minutes,minutes,FOMC minutes,2024-07-31,,https://www.federalreserve.gov/monetarypolicy/files/fomcminutes20240731.pdf,data\FED\Minutes\2024-07-31 - FOMC minutes.pdf,data\FED\Minutes\2024-07-31 - FOMC minutes.txt,pdf,success,2026-06-03T01:49:54,FED_2024_07,minutes_for_meeting,2024-07-31,0,0.9,Linked to latest FOMC meeting on or before minutes date.
FED_DOC_C7105885CC22,FED,Monetary Policy,statement,FOMC statement,2024-07-31,,https://www.federalreserve.gov/monetarypolicy/files/monetary20240731a1.pdf,data\FED\Monetary Policy\2024-07-31 - FOMC statement.pdf,data\FED\Monetary Policy\2024-07-31 - FOMC statement.txt,pdf,success,2026-06-03T01:48:22,FED_2024_07,anchor_statement,2024-07-31,0,1.0,Official FOMC statement anchor.
FED_DOC_80B000C8067D,FED,Speeches,speech,"Update on the Economic Outlook, and Perspective on Bank Culture, M&A, and Liquidity",2024-08-10,Michelle W. Bowman,https://www.federalreserve.gov/newsevents/speech/bowman20240810a.htm,"data\FED\Speeches\2024-08-10 - Michelle W. Bowman - Update on the Economic Outlook, and Perspective on Bank Culture, M&A, and Liquidity.html","data\FED\Speeches\2024-08-10 - Michelle W. Bowman - Update on the Economic Outlook, and Perspective on Bank Culture, M&A, and Liquidity.txt",html,success,2026-06-03T01:58:15,FED_2024_07,speech_after_meeting,2024-07-31,10,0.7,Speech falls inside a FOMC meeting window.
FED_DOC_3BFCF04A3A64,FED,Speeches,speech,Opening Remarks,2024-08-19,Opening Remarks,https://www.federalreserve.gov/newsevents/speech/waller20240819a.htm,data\FED\Speeches\2024-08-19 - Opening Remarks - Opening Remarks.html,data\FED\Speeches\2024-08-19 - Opening Remarks - Opening Remarks.txt,html,success,2026-06-03T01:58:13,FED_2024_07,speech_after_meeting,2024-07-31,19,0.7,Speech falls inside a FOMC meeting window.
FED_DOC_6403BB919C8F,FED,Speeches,speech,Remarks on the Economic Outlook and Financial Inclusion,2024-08-20,Michelle W. Bowman,https://www.federalreserve.gov/newsevents/speech/bowman20240820a.htm,data\FED\Speeches\2024-08-20 - Michelle W. Bowman - Remarks on the Economic Outlook and Financial Inclusion.html,data\FED\Speeches\2024-08-20 - Michelle W. Bowman - Remarks on the Economic Outlook and Financial Inclusion.txt,html,success,2026-06-03T01:58:11,FED_2024_07,speech_after_meeting,2024-07-31,20,0.7,Speech falls inside a FOMC meeting window.
FED_DOC_F2DFDD0FC2A2,FED,Speeches,speech,Review and Outlook,2024-08-23,Jerome H. Powell,https://www.federalreserve.gov/newsevents/speech/powell20240823a.htm,data\FED\Speeches\2024-08-23 - Jerome H. Powell - Review and Outlook.html,data\FED\Speeches\2024-08-23 - Jerome H. Powell - Review and Outlook.txt,html,success,2026-06-03T01:58:09,FED_2024_07,speech_after_meeting,2024-07-31,23,0.7,Speech falls inside a FOMC meeting window.
FED_DOC_78D5BFCB70D6,FED,Speeches,speech,Interlinking Fast Payment Systems,2024-08-28,Interlinking Fast Payment Systems,https://www.federalreserve.gov/newsevents/speech/waller20240828a.htm,data\FED\Speeches\2024-08-28 - Interlinking Fast Payment Systems - Interlinking Fast Payment Systems.html,data\FED\Speeches\2024-08-28 - Interlinking Fast Payment Systems - Interlinking Fast Payment Systems.txt,html,success,2026-06-03T01:57:07,FED_2024_07,speech_after_meeting,2024-07-31,28,0.7,Speech falls inside a FOMC meeting window.
FED_DOC_502E85EB00A2,FED,Speeches,speech,The Time Has Come,2024-09-06,The Time Has Come,https://www.federalreserve.gov/newsevents/speech/waller20240906a.htm,data\FED\Speeches\2024-09-06 - The Time Has Come - The Time Has Come.html,data\FED\Speeches\2024-09-06 - The Time Has Come - The Time Has Come.txt,html,success,2026-06-03T01:58:07,FED_2024_07,speech_after_meeting,2024-07-31,37,0.7,Speech falls inside a FOMC meeting window.
FED_DOC_C500AF521E82,FED,Speeches,speech,The Future of Stress Testing and the Stress Capital Buffer Framework,2024-09-10,Michelle W. Bowman,https://www.federalreserve.gov/newsevents/speech/bowman20240910a.htm,data\FED\Speeches\2024-09-10 - Michelle W. Bowman - The Future of Stress Testing and the Stress Capital Buffer Framework.html,data\FED\Speeches\2024-09-10 - Michelle W. Bowman - The Future of Stress Testing and the Stress Capital Buffer Framework.txt,html,success,2026-06-03T01:58:03,FED_2024_07,speech_after_meeting,2024-07-31,41,0.7,Speech falls inside a FOMC meeting window.
FED_DOC_3C01DACBF770,FED,Speeches,speech,The Next Steps on Capital,2024-09-10,The Next Steps on Capital,https://www.federalreserve.gov/newsevents/speech/barr20240910a.htm,data\FED\Speeches\2024-09-10 - The Next Steps on Capital - The Next Steps on Capital.html,data\FED\Speeches\2024-09-10 - The Next Steps on Capital - The Next Steps on Capital.txt,html,success,2026-06-03T01:58:05,FED_2024_07,speech_after_meeting,2024-07-31,41,0.7,Speech falls inside a FOMC meeting window.
FED_DOC_1A7FA181ABD6,FED,Minutes,minutes,FOMC minutes,2024-09-18,,https://www.federalreserve.gov/monetarypolicy/files/fomcminutes20240918.pdf,data\FED\Minutes\2024-09-18 - FOMC minutes.pdf,data\FED\Minutes\2024-09-18 - FOMC minutes.txt,pdf,success,2026-06-03T01:49:56,FED_2024_09,minutes_for_meeting,2024-09-18,0,0.9,Linked to latest FOMC meeting on or before minutes date.
FED_DOC_0C106841044E,FED,Monetary Policy,statement,FOMC statement,2024-09-18,,https://www.federalreserve.gov/monetarypolicy/files/monetary20240918a1.pdf,data\FED\Monetary Policy\2024-09-18 - FOMC statement.pdf,data\FED\Monetary Policy\2024-09-18 - FOMC statement.txt,pdf,success,2026-06-03T01:48:24,FED_2024_09,anchor_statement,2024-09-18,0,1.0,Official FOMC statement anchor.
FED_DOC_B18A28F47B70,FED,Speeches,speech,Statement by Governor Michelle W. Bowman,2024-09-20,Michelle W. Bowman,https://www.federalreserve.gov/newsevents/speech/bowman20240920a.htm,data\FED\Speeches\2024-09-20 - Michelle W. Bowman - Statement by Governor Michelle W. Bowman.html,data\FED\Speeches\2024-09-20 - Michelle W. Bowman - Statement by Governor Michelle W. Bowman.txt,html,success,2026-06-03T01:58:01,FED_2024_09,speech_after_meeting,2024-09-18,2,0.7,Speech falls inside a FOMC meeting window.
FED_DOC_97A23DC4548B,FED,Speeches,speech,Recent Views on Monetary Policy and the Economic Outlook,2024-09-24,Michelle W. Bowman,https://www.federalreserve.gov/newsevents/speech/bowman20240924a.htm,data\FED\Speeches\2024-09-24 - Michelle W. Bowman - Recent Views on Monetary Policy and the Economic Outlook.html,data\FED\Speeches\2024-09-24 - Michelle W. Bowman - Recent Views on Monetary Policy and the Economic Outlook.txt,html,success,2026-06-03T01:57:59,FED_2024_09,speech_after_meeting,2024-09-18,6,0.7,Speech falls inside a FOMC meeting window.
FED_DOC_23A5A72691DC,FED,Speeches,speech,How We Got Here: A Perspective on Inflation and the Labor Market,2024-09-25,Adriana D. Kugler,https://www.federalreserve.gov/newsevents/speech/kugler20240925a.htm,data\FED\Speeches\2024-09-25 - Adriana D. Kugler - How We Got Here_ A Perspective on Inflation and the Labor Market.html,data\FED\Speeches\2024-09-25 - Adriana D. Kugler - How We Got Here_ A Perspective on Inflation and the Labor Market.txt,html,success,2026-06-03T01:57:57,FED_2024_09,speech_after_meeting,2024-09-18,7,0.7,Speech falls inside a FOMC meeting window.
FED_DOC_E3C8E17F54F9,FED,Speeches,speech,Opening Remarks,2024-09-26,Jerome H. Powell,https://www.federalreserve.gov/newsevents/speech/powell20240926a.htm,data\FED\Speeches\2024-09-26 - Jerome H. Powell - Opening Remarks.html,data\FED\Speeches\2024-09-26 - Jerome H. Powell - Opening Remarks.txt,html,success,2026-06-03T01:57:53,FED_2024_09,speech_after_meeting,2024-09-18,8,0.7,Speech falls inside a FOMC meeting window.
FED_DOC_5F31BB22FAA0,FED,Speeches,speech,Recent Views on Monetary Policy and the Economic Outlook,2024-09-26,Michelle W. Bowman,https://www.federalreserve.gov/newsevents/speech/bowman20240926a.htm,data\FED\Speeches\2024-09-26 - Michelle W. Bowman - Recent Views on Monetary Policy and the Economic Outlook.html,data\FED\Speeches\2024-09-26 - Michelle W. Bowman - Recent Views on Monetary Policy and the Economic Outlook.txt,html,success,2026-06-03T01:57:55,FED_2024_09,speech_after_meeting,2024-09-18,8,0.7,Speech falls inside a FOMC meeting window.
FED_DOC_E30BC2BC367F,FED,Speeches,speech,Supporting Market Resilience and Financial Stability,2024-09-26,Michael S. Barr,https://www.federalreserve.gov/newsevents/speech/barr20240926a.htm,data\FED\Speeches\2024-09-26 - Michael S. Barr - Supporting Market Resilience and Financial Stability.html,data\FED\Speeches\2024-09-26 - Michael S. Barr - Supporting Market Resilience and Financial Stability.txt,html,success,2026-06-03T01:57:51,FED_2024_09,speech_after_meeting,2024-09-18,8,0.7,Speech falls inside a FOMC meeting window.
FED_DOC_E5C6F260C2E8,FED,Speeches,speech,What Will Artificial Intelligence Mean for Americaâs Workers?,2024-09-26,Lisa D. Cook,https://www.federalreserve.gov/newsevents/speech/cook20240926a.htm,data\FED\Speeches\2024-09-26 - Lisa D. Cook - What Will Artificial Intelligence Mean for Americaâs Workers_.html,data\FED\Speeches\2024-09-26 - Lisa D. Cook - What Will Artificial Intelligence Mean for Americaâs Workers_.txt,html,success,2026-06-03T01:57:49,FED_2024_09,speech_after_meeting,2024-09-18,8,0.7,Speech falls inside a FOMC meeting window.
FED_DOC_28980E8F0651,FED,Speeches,speech,Economic Outlook,2024-09-30,Jerome H. Powell,https://www.federalreserve.gov/newsevents/speech/powell20240930a.htm,data\FED\Speeches\2024-09-30 - Jerome H. Powell - Economic Outlook.html,data\FED\Speeches\2024-09-30 - Jerome H. Powell - Economic Outlook.txt,html,success,2026-06-03T01:57:45,FED_2024_09,speech_after_meeting,2024-09-18,12,0.7,Speech falls inside a FOMC meeting window.
FED_DOC_AB6553B66D99,FED,Speeches,speech,Recent Views on Monetary Policy and the Economic Outlook,2024-09-30,Michelle W. Bowman,https://www.federalreserve.gov/newsevents/speech/bowman20240930a.htm,data\FED\Speeches\2024-09-30 - Michelle W. Bowman - Recent Views on Monetary Policy and the Economic Outlook.html,data\FED\Speeches\2024-09-30 - Michelle W. Bowman - Recent Views on Monetary Policy and the Economic Outlook.txt,html,success,2026-06-03T01:57:47,FED_2024_09,speech_after_meeting,2024-09-18,12,0.7,Speech falls inside a FOMC meeting window.
FED_DOC_BD76EE757142,FED,Speeches,speech,"Artificial Intelligence, Big Data, and the Path Ahead for Productivity",2024-10-01,Lisa D. Cook,https://www.federalreserve.gov/newsevents/speech/cook20241001a.htm,"data\FED\Speeches\2024-10-01 - Lisa D. Cook - Artificial Intelligence, Big Data, and the Path Ahead for Productivity.html","data\FED\Speeches\2024-10-01 - Lisa D. Cook - Artificial Intelligence, Big Data, and the Path Ahead for Productivity.txt",html,success,2026-06-03T01:57:43,FED_2024_09,speech_after_meeting,2024-09-18,13,0.7,Speech falls inside a FOMC meeting window.
FED_DOC_6447BAF6BBBE,FED,Speeches,speech,Building a Community Banking Framework for the Future,2024-10-02,Michelle W. Bowman,https://www.federalreserve.gov/newsevents/speech/bowman20241002a.htm,data\FED\Speeches\2024-10-02 - Michelle W. Bowman - Building a Community Banking Framework for the Future.html,data\FED\Speeches\2024-10-02 - Michelle W. Bowman - Building a Community Banking Framework for the Future.txt,html,success,2026-06-03T01:57:41,FED_2024_09,speech_after_meeting,2024-09-18,14,0.7,Speech falls inside a FOMC meeting window.
FED_DOC_A90F2F9F2969,FED,Speeches,speech,A History of the Fed's Discount Window: 1913â2000,2024-10-08,Philip N. Jefferson,https://www.federalreserve.gov/newsevents/speech/jefferson20241008a.htm,data\FED\Speeches\2024-10-08 - Philip N. Jefferson - A History of the Fed's Discount Window_ 1913â2000.html,data\FED\Speeches\2024-10-08 - Philip N. Jefferson - A History of the Fed's Discount Window_ 1913â2000.txt,html,success,2026-06-03T01:57:37,FED_2024_09,speech_after_meeting,2024-09-18,20,0.7,Speech falls inside a FOMC meeting window.
FED_DOC_2EDAC3E1820D,FED,Speeches,speech,The Global Fight Against Inflation,2024-10-08,The Global Fight Against Inflation,https://www.federalreserve.gov/newsevents/speech/kugler20241008a.htm,data\FED\Speeches\2024-10-08 - The Global Fight Against Inflation - The Global Fight Against Inflation.html,data\FED\Speeches\2024-10-08 - The Global Fight Against Inflation - The Global Fight Against Inflation.txt,html,success,2026-06-03T01:57:39,FED_2024_09,speech_after_meeting,2024-09-18,20,0.7,Speech falls inside a FOMC meeting window.
FED_DOC_EB7AEA085E82,FED,Speeches,speech,The Fed's Discount Window: 1990 to the Present,2024-10-09,Philip N. Jefferson,https://www.federalreserve.gov/newsevents/speech/jefferson20241009a.htm,data\FED\Speeches\2024-10-09 - Philip N. Jefferson - The Fed's Discount Window_ 1990 to the Present.html,data\FED\Speeches\2024-10-09 - Philip N. Jefferson - The Fed's Discount Window_ 1990 to the Present.txt,html,success,2026-06-03T01:57:35,FED_2024_09,speech_after_meeting,2024-09-18,21,0.7,Speech falls inside a FOMC meeting window.
FED_DOC_A1B8C6695240,FED,Speeches,speech,"Entrepreneurs, Innovation, and Participation",2024-10-10,Lisa D. Cook,https://www.federalreserve.gov/newsevents/speech/cook20241010a.htm,"data\FED\Speeches\2024-10-10 - Lisa D. Cook - Entrepreneurs, Innovation, and Participation.html","data\FED\Speeches\2024-10-10 - Lisa D. Cook - Entrepreneurs, Innovation, and Participation.txt",html,success,2026-06-03T01:57:33,FED_2024_09,speech_after_meeting,2024-09-18,22,0.7,Speech falls inside a FOMC meeting window.
FED_DOC_59143D1477D6,FED,Speeches,speech,Challenges to the Community Banking Model,2024-10-11,Michelle W. Bowman,https://www.federalreserve.gov/newsevents/speech/bowman20241011a.htm,data\FED\Speeches\2024-10-11 - Michelle W. Bowman - Challenges to the Community Banking Model.html,data\FED\Speeches\2024-10-11 - Michelle W. Bowman - Challenges to the Community Banking Model.txt,html,success,2026-06-03T01:57:31,FED_2024_09,speech_after_meeting,2024-09-18,23,0.7,Speech falls inside a FOMC meeting window.
FED_DOC_F69F61CFB847,FED,Speeches,speech,Thoughts on the Economy and Policy Rules at the Federal Open Market Committee,2024-10-14,Christopher J. Waller,https://www.federalreserve.gov/newsevents/speech/waller20241014a.htm,data\FED\Speeches\2024-10-14 - Christopher J. Waller - Thoughts on the Economy and Policy Rules at the Federal Open Market Committee.html,data\FED\Speeches\2024-10-14 - Christopher J. Waller - Thoughts on the Economy and Policy Rules at the Federal Open Market Committee.txt,html,success,2026-06-03T01:57:29,FED_2024_09,speech_after_meeting,2024-09-18,26,0.7,Speech falls inside a FOMC meeting window.
FED_DOC_75BD3FF01AE4,FED,Speeches,speech,Centralized and Decentralized Finance: Substitutes or Complements?,2024-10-18,Christopher J. Waller,https://www.federalreserve.gov/newsevents/speech/waller20241018a.htm,data\FED\Speeches\2024-10-18 - Christopher J. Waller - Centralized and Decentralized Finance_ Substitutes or Complements_.html,data\FED\Speeches\2024-10-18 - Christopher J. Waller - Centralized and Decentralized Finance_ Substitutes or Complements_.txt,html,success,2026-06-03T01:57:27,FED_2024_09,speech_after_meeting,2024-09-18,30,0.7,Speech falls inside a FOMC meeting window.
FED_DOC_9A5B8A80A676,FED,Speeches,speech,Opening Remarks,2024-10-23,Opening Remarks,https://www.federalreserve.gov/newsevents/speech/bowman20241023a.htm,data\FED\Speeches\2024-10-23 - Opening Remarks - Opening Remarks.html,data\FED\Speeches\2024-10-23 - Opening Remarks - Opening Remarks.txt,html,success,2026-06-03T01:57:25,FED_2024_09,speech_after_meeting,2024-09-18,35,0.7,Speech falls inside a FOMC meeting window.
FED_DOC_07D48266F3B7,FED,Minutes,minutes,FOMC minutes,2024-11-07,,https://www.federalreserve.gov/monetarypolicy/files/fomcminutes20241107.pdf,data\FED\Minutes\2024-11-07 - FOMC minutes.pdf,data\FED\Minutes\2024-11-07 - FOMC minutes.txt,pdf,success,2026-06-03T01:49:58,FED_2024_11,minutes_for_meeting,2024-11-07,0,0.9,Linked to latest FOMC meeting on or before minutes date.
FED_DOC_59B1C262576E,FED,Monetary Policy,statement,FOMC statement,2024-11-07,,https://www.federalreserve.gov/monetarypolicy/files/monetary20241107a1.pdf,data\FED\Monetary Policy\2024-11-07 - FOMC statement.pdf,data\FED\Monetary Policy\2024-11-07 - FOMC statement.txt,pdf,success,2026-06-03T01:48:26,FED_2024_11,anchor_statement,2024-11-07,0,1.0,Official FOMC statement anchor.
FED_DOC_8F02A5697B31,FED,Speeches,speech,What Roles Should the Private Sector and the Federal Reserve Play in Payments?,2024-11-12,Christopher J. Waller,https://www.federalreserve.gov/newsevents/speech/waller20241112a.htm,data\FED\Speeches\2024-11-12 - Christopher J. Waller - What Roles Should the Private Sector and the Federal Reserve Play in Payments_.html,data\FED\Speeches\2024-11-12 - Christopher J. Waller - What Roles Should the Private Sector and the Federal Reserve Play in Payments_.txt,html,success,2026-06-03T01:57:23,FED_2024_11,speech_after_meeting,2024-11-07,5,0.7,Speech falls inside a FOMC meeting window.
FED_DOC_80B0459E2CBD,FED,Speeches,speech,Central Bank Independence and the Conduct of Monetary Policy,2024-11-14,Adriana D. Kugler,https://www.federalreserve.gov/newsevents/speech/kugler20241114a.htm,data\FED\Speeches\2024-11-14 - Adriana D. Kugler - Central Bank Independence and the Conduct of Monetary Policy.html,data\FED\Speeches\2024-11-14 - Adriana D. Kugler - Central Bank Independence and the Conduct of Monetary Policy.txt,html,success,2026-06-03T01:57:21,FED_2024_11,speech_after_meeting,2024-11-07,7,0.7,Speech falls inside a FOMC meeting window.
FED_DOC_9193F359FE69,FED,Speeches,speech,Economic Outlook,2024-11-14,Jerome H. Powell,https://www.federalreserve.gov/newsevents/speech/powell20241114a.htm,data\FED\Speeches\2024-11-14 - Jerome H. Powell - Economic Outlook.html,data\FED\Speeches\2024-11-14 - Jerome H. Powell - Economic Outlook.txt,html,success,2026-06-03T01:57:19,FED_2024_11,speech_after_meeting,2024-11-07,7,0.7,Speech falls inside a FOMC meeting window.
FED_DOC_51B0C8869F11,FED,Speeches,speech,Approaching Policymaking Pragmatically,2024-11-20,Approaching Policymaking Pragmatically,https://www.federalreserve.gov/newsevents/speech/bowman20241120a.htm,data\FED\Speeches\2024-11-20 - Approaching Policymaking Pragmatically - Approaching Policymaking Pragmatically.html,data\FED\Speeches\2024-11-20 - Approaching Policymaking Pragmatically - Approaching Policymaking Pragmatically.txt,html,success,2026-06-03T01:57:15,FED_2024_11,speech_after_meeting,2024-11-07,13,0.7,Speech falls inside a FOMC meeting window.
FED_DOC_E6F8351B6DB8,FED,Speeches,speech,Economic Outlook,2024-11-20,Economic Outlook,https://www.federalreserve.gov/newsevents/speech/cook20241120a.htm,data\FED\Speeches\2024-11-20 - Economic Outlook - Economic Outlook.html,data\FED\Speeches\2024-11-20 - Economic Outlook - Economic Outlook.txt,html,success,2026-06-03T01:57:17,FED_2024_11,speech_after_meeting,2024-11-07,13,0.7,Speech falls inside a FOMC meeting window.
FED_DOC_FF5A0B0D3397,FED,Speeches,speech,Artificial Intelligence in the Financial System,2024-11-22,Michelle W. Bowman,https://www.federalreserve.gov/newsevents/speech/bowman20241122a.htm,data\FED\Speeches\2024-11-22 - Michelle W. Bowman - Artificial Intelligence in the Financial System.html,data\FED\Speeches\2024-11-22 - Michelle W. Bowman - Artificial Intelligence in the Financial System.txt,html,success,2026-06-03T01:57:13,FED_2024_11,speech_after_meeting,2024-11-07,15,0.7,Speech falls inside a FOMC meeting window.
FED_DOC_D5D33E202C2E,FED,Speeches,speech,Cut or Skip?,2024-12-02,Christopher J. Waller,https://www.federalreserve.gov/newsevents/speech/waller20241202a.htm,data\FED\Speeches\2024-12-02 - Christopher J. Waller - Cut or Skip_.html,data\FED\Speeches\2024-12-02 - Christopher J. Waller - Cut or Skip_.txt,html,success,2026-06-03T01:57:11,FED_2024_11,speech_after_meeting,2024-11-07,25,0.7,Speech falls inside a FOMC meeting window.
FED_DOC_65B2C1049F84,FED,Speeches,speech,A Year in Review: A Tale of Two Supply Shocks,2024-12-03,Adriana D. Kugler,https://www.federalreserve.gov/newsevents/speech/kugler20241203a.htm,data\FED\Speeches\2024-12-03 - Adriana D. Kugler - A Year in Review_ A Tale of Two Supply Shocks.html,data\FED\Speeches\2024-12-03 - Adriana D. Kugler - A Year in Review_ A Tale of Two Supply Shocks.txt,html,success,2026-06-03T01:57:09,FED_2024_11,speech_after_meeting,2024-11-07,26,0.7,Speech falls inside a FOMC meeting window.
FED_DOC_67806B4C35BE,FED,Minutes,minutes,FOMC minutes,2024-12-18,,https://www.federalreserve.gov/monetarypolicy/files/fomcminutes20241218.pdf,data\FED\Minutes\2024-12-18 - FOMC minutes.pdf,data\FED\Minutes\2024-12-18 - FOMC minutes.txt,pdf,success,2026-06-03T01:50:00,FED_2024_12,minutes_for_meeting,2024-12-18,0,0.9,Linked to latest FOMC meeting on or before minutes date.
FED_DOC_86EB3874CE5B,FED,Monetary Policy,statement,FOMC statement,2024-12-18,,https://www.federalreserve.gov/monetarypolicy/files/monetary20241218a1.pdf,data\FED\Monetary Policy\2024-12-18 - FOMC statement.pdf,data\FED\Monetary Policy\2024-12-18 - FOMC statement.txt,pdf,success,2026-06-03T01:48:28,FED_2024_12,anchor_statement,2024-12-18,0,1.0,Official FOMC statement anchor.
FED_DOC_61EB29C49492,FED,Speeches,speech,An Assessment of the Economy and Financial Stability,2025-01-06,Lisa D. Cook,https://www.federalreserve.gov/newsevents/speech/cook20250106a.htm,data\FED\Speeches\2025-01-06 - Lisa D. Cook - An Assessment of the Economy and Financial Stability.html,data\FED\Speeches\2025-01-06 - Lisa D. Cook - An Assessment of the Economy and Financial Stability.txt,html,success,2026-06-03T01:57:03,FED_2024_12,speech_after_meeting,2024-12-18,19,0.7,Speech falls inside a FOMC meeting window.
FED_DOC_3FDCB3342381,FED,Speeches,speech,Challenges Facing Central Bankers,2025-01-08,Challenges Facing Central Bankers,https://www.federalreserve.gov/newsevents/speech/waller20250108a.htm,data\FED\Speeches\2025-01-08 - Challenges Facing Central Bankers - Challenges Facing Central Bankers.html,data\FED\Speeches\2025-01-08 - Challenges Facing Central Bankers - Challenges Facing Central Bankers.txt,html,success,2026-06-03T01:57:01,FED_2024_12,speech_after_meeting,2024-12-18,21,0.7,Speech falls inside a FOMC meeting window.
FED_DOC_A8808345A2DB,FED,Speeches,speech,"Reflections on 2024: Monetary Policy, Economic Performance, and Lessons for Banking Regulation",2025-01-09,Michelle W. Bowman,https://www.federalreserve.gov/newsevents/speech/bowman20250109a.htm,"data\FED\Speeches\2025-01-09 - Michelle W. Bowman - Reflections on 2024_ Monetary Policy, Economic Performance, and Lessons for Banking Regulation.html","data\FED\Speeches\2025-01-09 - Michelle W. Bowman - Reflections on 2024_ Monetary Policy, Economic Performance, and Lessons for Banking Regulation.txt",html,success,2026-06-03T01:56:59,FED_2024_12,speech_after_meeting,2024-12-18,22,0.7,Speech falls inside a FOMC meeting window.
FED_DOC_64E53EA0D226,FED,Minutes,minutes,FOMC minutes,2025-01-29,,https://www.federalreserve.gov/monetarypolicy/files/fomcminutes20250129.pdf,data\FED\Minutes\2025-01-29 - FOMC minutes.pdf,data\FED\Minutes\2025-01-29 - FOMC minutes.txt,pdf,success,2026-06-03T01:49:28,FED_2025_01,minutes_for_meeting,2025-01-29,0,0.9,Linked to latest FOMC meeting on or before minutes date.
FED_DOC_DE851CC96915,FED,Monetary Policy,statement,FOMC statement,2025-01-29,,https://www.federalreserve.gov/monetarypolicy/files/monetary20250129a1.pdf,data\FED\Monetary Policy\2025-01-29 - FOMC statement.pdf,data\FED\Monetary Policy\2025-01-29 - FOMC statement.txt,pdf,success,2026-06-03T01:47:55,FED_2025_01,anchor_statement,2025-01-29,0,1.0,Official FOMC statement anchor.
FED_DOC_F36CDA51C239,FED,Speeches,speech,"Brief Remarks on the Economy, and Perspective on Mutual and Community Banks",2025-01-31,Michelle W. Bowman,https://www.federalreserve.gov/newsevents/speech/bowman20250131a.htm,"data\FED\Speeches\2025-01-31 - Michelle W. Bowman - Brief Remarks on the Economy, and Perspective on Mutual and Community Banks.html","data\FED\Speeches\2025-01-31 - Michelle W. Bowman - Brief Remarks on the Economy, and Perspective on Mutual and Community Banks.txt",html,success,2026-06-03T01:56:57,FED_2025_01,speech_after_meeting,2025-01-29,2,0.7,Speech falls inside a FOMC meeting window.
FED_DOC_633EE3BADFC4,FED,Speeches,speech,U.S. Economic Outlook and Monetary Policy,2025-02-04,Philip N. Jefferson,https://www.federalreserve.gov/newsevents/speech/jefferson20250204a.htm,data\FED\Speeches\2025-02-04 - Philip N. Jefferson - U.S. Economic Outlook and Monetary Policy.html,data\FED\Speeches\2025-02-04 - Philip N. Jefferson - U.S. Economic Outlook and Monetary Policy.txt,html,success,2026-06-03T01:56:55,FED_2025_01,speech_after_meeting,2025-01-29,6,0.7,Speech falls inside a FOMC meeting window.
FED_DOC_72744245E2F3,FED,Speeches,speech,Bank Regulation in 2025 and Beyond,2025-02-05,Michelle W. Bowman,https://www.federalreserve.gov/newsevents/speech/bowman20250205a.htm,data\FED\Speeches\2025-02-05 - Michelle W. Bowman - Bank Regulation in 2025 and Beyond.html,data\FED\Speeches\2025-02-05 - Michelle W. Bowman - Bank Regulation in 2025 and Beyond.txt,html,success,2026-06-03T01:56:47,FED_2025_01,speech_after_meeting,2025-01-29,7,0.7,Speech falls inside a FOMC meeting window.
FED_DOC_596F502D42E8,FED,Speeches,speech,Do Non-inflationary Economic Expansions Promote Shared Prosperity? Evidence from the U.S. Labor Market,2025-02-05,Philip N. Jefferson,https://www.federalreserve.gov/newsevents/speech/jefferson20250205a.htm,data\FED\Speeches\2025-02-05 - Philip N. Jefferson - Do Non-inflationary Economic Expansions Promote Shared Prosperity_ Evidence from the U.S. Labor Market.html,data\FED\Speeches\2025-02-05 - Philip N. Jefferson - Do Non-inflationary Economic Expansions Promote Shared Prosperity_ Evidence from the U.S. Labor Market.txt,html,success,2026-06-03T01:56:51,FED_2025_01,speech_after_meeting,2025-01-29,7,0.7,Speech falls inside a FOMC meeting window.
FED_DOC_F6036BB99853,FED,Speeches,speech,Entrepreneurship and Aggregate Productivity,2025-02-07,Entrepreneurship and Aggregate Productivity,https://www.federalreserve.gov/newsevents/speech/kugler20250207a.htm,data\FED\Speeches\2025-02-07 - Entrepreneurship and Aggregate Productivity - Entrepreneurship and Aggregate Productivity.html,data\FED\Speeches\2025-02-07 - Entrepreneurship and Aggregate Productivity - Entrepreneurship and Aggregate Productivity.txt,html,success,2026-06-03T01:56:49,FED_2025_01,speech_after_meeting,2025-01-29,9,0.7,Speech falls inside a FOMC meeting window.
FED_DOC_BAC57D65C0A0,FED,Speeches,speech,Reflections on a Maturing Stablecoin Market,2025-02-12,Christopher J. Waller,https://www.federalreserve.gov/newsevents/speech/waller20250212a.htm,data\FED\Speeches\2025-02-12 - Christopher J. Waller - Reflections on a Maturing Stablecoin Market.html,data\FED\Speeches\2025-02-12 - Christopher J. Waller - Reflections on a Maturing Stablecoin Market.txt,html,success,2026-06-03T01:56:45,FED_2025_01,speech_after_meeting,2025-01-29,14,0.7,Speech falls inside a FOMC meeting window.
FED_DOC_ECBF8892F3ED,FED,Speeches,speech,"Brief Remarks on the Economy and Accountability in Supervision, Applications, and Regulation",2025-02-17,Michelle W. Bowman,https://www.federalreserve.gov/newsevents/speech/bowman20250217a.htm,"data\FED\Speeches\2025-02-17 - Michelle W. Bowman - Brief Remarks on the Economy and Accountability in Supervision, Applications, and Regulation.html","data\FED\Speeches\2025-02-17 - Michelle W. Bowman - Brief Remarks on the Economy and Accountability in Supervision, Applications, and Regulation.txt",html,success,2026-06-03T01:56:43,FED_2025_01,speech_after_meeting,2025-01-29,19,0.7,Speech falls inside a FOMC meeting window.
FED_DOC_96836BA8313D,FED,Speeches,speech,Disinflation Progress Uneven but Still on Track Rates Cuts on Track as Well,2025-02-17,Christopher J. Waller,https://www.federalreserve.gov/newsevents/speech/waller20250217a.htm,data\FED\Speeches\2025-02-17 - Christopher J. Waller - Disinflation Progress Uneven but Still on Track Rates Cuts on Track as Well.html,data\FED\Speeches\2025-02-17 - Christopher J. Waller - Disinflation Progress Uneven but Still on Track Rates Cuts on Track as Well.txt,html,success,2026-06-03T01:56:41,FED_2025_01,speech_after_meeting,2025-01-29,19,0.7,Speech falls inside a FOMC meeting window.
FED_DOC_DC88F49D2B09,FED,Speeches,speech,Artificial Intelligence: Hypothetical Scenarios for the Future,2025-02-18,Michael S. Barr,https://www.federalreserve.gov/newsevents/speech/barr20250218a.htm,data\FED\Speeches\2025-02-18 - Michael S. Barr - Artificial Intelligence_ Hypothetical Scenarios for the Future.html,data\FED\Speeches\2025-02-18 - Michael S. Barr - Artificial Intelligence_ Hypothetical Scenarios for the Future.txt,html,success,2026-06-03T01:56:39,FED_2025_01,speech_after_meeting,2025-01-29,20,0.7,Speech falls inside a FOMC meeting window.
FED_DOC_09EF657FE56C,FED,Speeches,speech,How Healthy are U.S. Householdsâ Balance Sheets?,2025-02-19,Philip N. Jefferson,https://www.federalreserve.gov/newsevents/speech/jefferson20250219a.htm,data\FED\Speeches\2025-02-19 - Philip N. Jefferson - How Healthy are U.S. Householdsâ Balance Sheets_.html,data\FED\Speeches\2025-02-19 - Philip N. Jefferson - How Healthy are U.S. Householdsâ Balance Sheets_.txt,html,success,2026-06-03T01:56:37,FED_2025_01,speech_after_meeting,2025-01-29,21,0.7,Speech falls inside a FOMC meeting window.
FED_DOC_7918BE229D7E,FED,Speeches,speech,Navigating Inflation Waves: A Phillips Curve Perspective,2025-02-20,Adriana D. Kugler,https://www.federalreserve.gov/newsevents/speech/kugler20250220a.htm,data\FED\Speeches\2025-02-20 - Adriana D. Kugler - Navigating Inflation Waves_ A Phillips Curve Perspective.html,data\FED\Speeches\2025-02-20 - Adriana D. Kugler - Navigating Inflation Waves_ A Phillips Curve Perspective.txt,html,success,2026-06-03T01:56:33,FED_2025_01,speech_after_meeting,2025-01-29,22,0.7,Speech falls inside a FOMC meeting window.
FED_DOC_241F00188C16,FED,Speeches,speech,Risks and Challenges for Bank Regulation and Supervision,2025-02-20,Michael S. Barr,https://www.federalreserve.gov/newsevents/speech/barr20250220a.htm,data\FED\Speeches\2025-02-20 - Michael S. Barr - Risks and Challenges for Bank Regulation and Supervision.html,data\FED\Speeches\2025-02-20 - Michael S. Barr - Risks and Challenges for Bank Regulation and Supervision.txt,html,success,2026-06-03T01:56:35,FED_2025_01,speech_after_meeting,2025-01-29,22,0.7,Speech falls inside a FOMC meeting window.
FED_DOC_6185D97CE1CF,FED,Speeches,speech,Reading between the Lines? Textual Analysis of Central Bank Communications,2025-02-21,Philip N. Jefferson,https://www.federalreserve.gov/newsevents/speech/jefferson20250221a.htm,data\FED\Speeches\2025-02-21 - Philip N. Jefferson - Reading between the Lines_ Textual Analysis of Central Bank Communications.html,data\FED\Speeches\2025-02-21 - Philip N. Jefferson - Reading between the Lines_ Textual Analysis of Central Bank Communications.txt,html,success,2026-06-03T01:56:31,FED_2025_01,speech_after_meeting,2025-01-29,23,0.7,Speech falls inside a FOMC meeting window.
FED_DOC_B1760EF0AB9B,FED,Speeches,speech,Managing Financial Crises,2025-02-25,Managing Financial Crises,https://www.federalreserve.gov/newsevents/speech/barr20250225a.htm,data\FED\Speeches\2025-02-25 - Managing Financial Crises - Managing Financial Crises.html,data\FED\Speeches\2025-02-25 - Managing Financial Crises - Managing Financial Crises.txt,html,success,2026-06-03T01:56:29,FED_2025_01,speech_after_meeting,2025-01-29,27,0.7,Speech falls inside a FOMC meeting window.
FED_DOC_C519D3E9CB8F,FED,Speeches,speech,Community Banking,2025-02-27,Community Banking,https://www.federalreserve.gov/newsevents/speech/bowman20250227a.htm,data\FED\Speeches\2025-02-27 - Community Banking - Community Banking.html,data\FED\Speeches\2025-02-27 - Community Banking - Community Banking.txt,html,success,2026-06-03T01:56:24,FED_2025_01,speech_after_meeting,2025-01-29,29,0.7,Speech falls inside a FOMC meeting window.
FED_DOC_7E93015AF031,FED,Speeches,speech,Promoting Responsible Innovation through the Novel Activities Program,2025-02-27,Michael S. Barr,https://www.federalreserve.gov/newsevents/speech/barr20250227a.htm,data\FED\Speeches\2025-02-27 - Michael S. Barr - Promoting Responsible Innovation through the Novel Activities Program.html,data\FED\Speeches\2025-02-27 - Michael S. Barr - Promoting Responsible Innovation through the Novel Activities Program.txt,html,success,2026-06-03T01:56:26,FED_2025_01,speech_after_meeting,2025-01-29,29,0.7,Speech falls inside a FOMC meeting window.
FED_DOC_AE6506DA8C34,FED,Speeches,speech,Economic Outlook,2025-03-07,Jerome H. Powell,https://www.federalreserve.gov/newsevents/speech/powell20250307a.htm,data\FED\Speeches\2025-03-07 - Jerome H. Powell - Economic Outlook.html,data\FED\Speeches\2025-03-07 - Jerome H. Powell - Economic Outlook.txt,html,success,2026-06-03T01:56:18,FED_2025_01,speech_after_meeting,2025-01-29,37,0.7,Speech falls inside a FOMC meeting window.
FED_DOC_09F4C12700F8,FED,Speeches,speech,"Remarks on ""Monetary Policy Transmission to Real Activity"" and the Recent Experience",2025-03-07,Michelle W. Bowman,https://www.federalreserve.gov/newsevents/speech/bowman20250307a.htm,data\FED\Speeches\2025-03-07 - Michelle W. Bowman - Remarks on _Monetary Policy Transmission to Real Activity_ and the Recent Experience.html,data\FED\Speeches\2025-03-07 - Michelle W. Bowman - Remarks on _Monetary Policy Transmission to Real Activity_ and the Recent Experience.txt,html,success,2026-06-03T01:56:22,FED_2025_01,speech_after_meeting,2025-01-29,37,0.7,Speech falls inside a FOMC meeting window.
FED_DOC_5FCC4DD73B8A,FED,Speeches,speech,The Rebalancing of Labor Markets across the World,2025-03-07,Adriana D. Kugler,https://www.federalreserve.gov/newsevents/speech/kugler20250307a.htm,data\FED\Speeches\2025-03-07 - Adriana D. Kugler - The Rebalancing of Labor Markets across the World.html,data\FED\Speeches\2025-03-07 - Adriana D. Kugler - The Rebalancing of Labor Markets across the World.txt,html,success,2026-06-03T01:56:20,FED_2025_01,speech_after_meeting,2025-01-29,37,0.7,Speech falls inside a FOMC meeting window.
FED_DOC_25779C9F78FD,FED,Minutes,minutes,FOMC minutes,2025-03-19,,https://www.federalreserve.gov/monetarypolicy/files/fomcminutes20250319.pdf,data\FED\Minutes\2025-03-19 - FOMC minutes.pdf,data\FED\Minutes\2025-03-19 - FOMC minutes.txt,pdf,success,2026-06-03T01:49:30,FED_2025_03,minutes_for_meeting,2025-03-19,0,0.9,Linked to latest FOMC meeting on or before minutes date.
FED_DOC_B6AE96406438,FED,Monetary Policy,statement,FOMC statement,2025-03-19,,https://www.federalreserve.gov/monetarypolicy/files/monetary20250319a1.pdf,data\FED\Monetary Policy\2025-03-19 - FOMC statement.pdf,data\FED\Monetary Policy\2025-03-19 - FOMC statement.txt,pdf,success,2026-06-03T01:47:57,FED_2025_03,anchor_statement,2025-03-19,0,1.0,Official FOMC statement anchor.
FED_DOC_82E91E742D87,FED,Speeches,speech,Statement by Governor Christopher J. Waller,2025-03-21,Christopher J. Waller,https://www.federalreserve.gov/newsevents/speech/waller20250321a.htm,data\FED\Speeches\2025-03-21 - Christopher J. Waller - Statement by Governor Christopher J. Waller.html,data\FED\Speeches\2025-03-21 - Christopher J. Waller - Statement by Governor Christopher J. Waller.txt,html,success,2026-06-03T01:56:16,FED_2025_03,speech_after_meeting,2025-03-19,2,0.7,Speech falls inside a FOMC meeting window.
FED_DOC_C0860A46537A,FED,Speeches,speech,Helping Small Businesses Reach Their Potential,2025-03-24,Michael S. Barr,https://www.federalreserve.gov/newsevents/speech/barr20250324a.htm,data\FED\Speeches\2025-03-24 - Michael S. Barr - Helping Small Businesses Reach Their Potential.html,data\FED\Speeches\2025-03-24 - Michael S. Barr - Helping Small Businesses Reach Their Potential.txt,html,success,2026-06-03T01:56:14,FED_2025_03,speech_after_meeting,2025-03-19,5,0.7,Speech falls inside a FOMC meeting window.
FED_DOC_9EA9924DDAEF,FED,Speeches,speech,"Latinos, Entrepreneurs, and the U.S. Economy",2025-03-25,Adriana D. Kugler,https://www.federalreserve.gov/newsevents/speech/kugler20250325a.htm,"data\FED\Speeches\2025-03-25 - Adriana D. Kugler - Latinos, Entrepreneurs, and the U.S. Economy.html","data\FED\Speeches\2025-03-25 - Adriana D. Kugler - Latinos, Entrepreneurs, and the U.S. Economy.txt",html,success,2026-06-03T01:56:12,FED_2025_03,speech_after_meeting,2025-03-19,6,0.7,Speech falls inside a FOMC meeting window.
FED_DOC_3CDBA627F18F,FED,Speeches,speech,Inflation Expectations and Monetary Policymaking,2025-04-02,Inflation Expectations and Monetary Policymaking,https://www.federalreserve.gov/newsevents/speech/kugler20250402a.htm,data\FED\Speeches\2025-04-02 - Inflation Expectations and Monetary Policymaking - Inflation Expectations and Monetary Policymaking.html,data\FED\Speeches\2025-04-02 - Inflation Expectations and Monetary Policymaking - Inflation Expectations and Monetary Policymaking.txt,html,success,2026-06-03T01:56:10,FED_2025_03,speech_after_meeting,2025-03-19,14,0.7,Speech falls inside a FOMC meeting window.
FED_DOC_B5A65767993B,FED,Speeches,speech,The Economic Outlook and Path of Policy,2025-04-03,Lisa D. Cook,https://www.federalreserve.gov/newsevents/speech/cook20250403a.htm,data\FED\Speeches\2025-04-03 - Lisa D. Cook - The Economic Outlook and Path of Policy.html,data\FED\Speeches\2025-04-03 - Lisa D. Cook - The Economic Outlook and Path of Policy.txt,html,success,2026-06-03T01:56:01,FED_2025_03,speech_after_meeting,2025-03-19,15,0.7,Speech falls inside a FOMC meeting window.
FED_DOC_18D173CC2EEB,FED,Speeches,speech,U.S. Economic Outlook and Central Bank Communications,2025-04-03,Philip N. Jefferson,https://www.federalreserve.gov/newsevents/speech/jefferson20250403a.htm,data\FED\Speeches\2025-04-03 - Philip N. Jefferson - U.S. Economic Outlook and Central Bank Communications.html,data\FED\Speeches\2025-04-03 - Philip N. Jefferson - U.S. Economic Outlook and Central Bank Communications.txt,html,success,2026-06-03T01:56:08,FED_2025_03,speech_after_meeting,2025-03-19,15,0.7,Speech falls inside a FOMC meeting window.
FED_DOC_E251637757F5,FED,Speeches,speech,"AI, Fintechs, and Banks",2025-04-04,Michael S. Barr,https://www.federalreserve.gov/newsevents/speech/barr20250404a.htm,"data\FED\Speeches\2025-04-04 - Michael S. Barr - AI, Fintechs, and Banks.html","data\FED\Speeches\2025-04-04 - Michael S. Barr - AI, Fintechs, and Banks.txt",html,success,2026-06-03T01:55:57,FED_2025_03,speech_after_meeting,2025-03-19,16,0.7,Speech falls inside a FOMC meeting window.
FED_DOC_9691E83FDD8C,FED,Speeches,speech,Economic Outlook,2025-04-04,Jerome H. Powell,https://www.federalreserve.gov/newsevents/speech/powell20250404a.htm,data\FED\Speeches\2025-04-04 - Jerome H. Powell - Economic Outlook.html,data\FED\Speeches\2025-04-04 - Jerome H. Powell - Economic Outlook.txt,html,success,2026-06-03T01:55:59,FED_2025_03,speech_after_meeting,2025-03-19,16,0.7,Speech falls inside a FOMC meeting window.
FED_DOC_B697A0402D6E,FED,Speeches,speech,Inflation Dynamics and the Phillips Curve,2025-04-07,Adriana D. Kugler,https://www.federalreserve.gov/newsevents/speech/kugler20250407a.htm,data\FED\Speeches\2025-04-07 - Adriana D. Kugler - Inflation Dynamics and the Phillips Curve.html,data\FED\Speeches\2025-04-07 - Adriana D. Kugler - Inflation Dynamics and the Phillips Curve.txt,html,success,2026-06-03T01:55:55,FED_2025_03,speech_after_meeting,2025-03-19,19,0.7,Speech falls inside a FOMC meeting window.
FED_DOC_DA3BA011B550,FED,Speeches,speech,A Tale of Two Outlooks,2025-04-14,A Tale of Two Outlooks,https://www.federalreserve.gov/newsevents/speech/waller20250414a.htm,data\FED\Speeches\2025-04-14 - A Tale of Two Outlooks - A Tale of Two Outlooks.html,data\FED\Speeches\2025-04-14 - A Tale of Two Outlooks - A Tale of Two Outlooks.txt,html,success,2026-06-03T01:55:53,FED_2025_03,speech_after_meeting,2025-03-19,26,0.7,Speech falls inside a FOMC meeting window.
FED_DOC_66E4746ED9FE,FED,Speeches,speech,2025 Distinguished Alumna Award Acceptance Remarks,2025-04-15,Lisa D. Cook,https://www.federalreserve.gov/newsevents/speech/cook20250415a.htm,data\FED\Speeches\2025-04-15 - Lisa D. Cook - 2025 Distinguished Alumna Award Acceptance Remarks.html,data\FED\Speeches\2025-04-15 - Lisa D. Cook - 2025 Distinguished Alumna Award Acceptance Remarks.txt,html,success,2026-06-03T01:55:51,FED_2025_03,speech_after_meeting,2025-03-19,27,0.7,Speech falls inside a FOMC meeting window.
FED_DOC_8EEC58439500,FED,Speeches,speech,Economic Outlook,2025-04-16,Jerome H. Powell,https://www.federalreserve.gov/newsevents/speech/powell20250416a.htm,data\FED\Speeches\2025-04-16 - Jerome H. Powell - Economic Outlook.html,data\FED\Speeches\2025-04-16 - Jerome H. Powell - Economic Outlook.txt,html,success,2026-06-03T01:55:49,FED_2025_03,speech_after_meeting,2025-03-19,28,0.7,Speech falls inside a FOMC meeting window.
FED_DOC_B188CCD889EA,FED,Speeches,speech,Deepfakes and the AI Arms Race in Bank Cybersecurity,2025-04-17,Michael S. Barr,https://www.federalreserve.gov/newsevents/speech/barr20250417a.htm,data\FED\Speeches\2025-04-17 - Michael S. Barr - Deepfakes and the AI Arms Race in Bank Cybersecurity.html,data\FED\Speeches\2025-04-17 - Michael S. Barr - Deepfakes and the AI Arms Race in Bank Cybersecurity.txt,html,success,2026-06-03T01:55:47,FED_2025_03,speech_after_meeting,2025-03-19,29,0.7,Speech falls inside a FOMC meeting window.
FED_DOC_54E3A3DF8F52,FED,Speeches,speech,Economic Mobility and the Dual Mandate,2025-04-22,Philip N. Jefferson,https://www.federalreserve.gov/newsevents/speech/jefferson20250422a.htm,data\FED\Speeches\2025-04-22 - Philip N. Jefferson - Economic Mobility and the Dual Mandate.html,data\FED\Speeches\2025-04-22 - Philip N. Jefferson - Economic Mobility and the Dual Mandate.txt,html,success,2026-06-03T01:55:45,FED_2025_03,speech_after_meeting,2025-03-19,34,0.7,Speech falls inside a FOMC meeting window.
FED_DOC_36CFE0F8138B,FED,Speeches,speech,Transmission of Monetary Policy,2025-04-22,Transmission of Monetary Policy,https://www.federalreserve.gov/newsevents/speech/kugler20250422a.htm,data\FED\Speeches\2025-04-22 - Transmission of Monetary Policy - Transmission of Monetary Policy.html,data\FED\Speeches\2025-04-22 - Transmission of Monetary Policy - Transmission of Monetary Policy.txt,html,success,2026-06-03T01:55:43,FED_2025_03,speech_after_meeting,2025-03-19,34,0.7,Speech falls inside a FOMC meeting window.
FED_DOC_B34E93849BD6,FED,Speeches,speech,Welcoming Remarks,2025-04-23,Welcoming Remarks,https://www.federalreserve.gov/newsevents/speech/waller20250423a.htm,data\FED\Speeches\2025-04-23 - Welcoming Remarks - Welcoming Remarks.html,data\FED\Speeches\2025-04-23 - Welcoming Remarks - Welcoming Remarks.txt,html,success,2026-06-03T01:55:41,FED_2025_03,speech_after_meeting,2025-03-19,35,0.7,Speech falls inside a FOMC meeting window.
FED_DOC_A4248C684F07,FED,Speeches,speech,Four Guides for the Journey Ahead,2025-05-03,Lisa D. Cook,https://www.federalreserve.gov/newsevents/speech/cook20250503a.htm,data\FED\Speeches\2025-05-03 - Lisa D. Cook - Four Guides for the Journey Ahead.html,data\FED\Speeches\2025-05-03 - Lisa D. Cook - Four Guides for the Journey Ahead.txt,html,success,2026-06-03T01:55:35,FED_2025_03,speech_after_meeting,2025-03-19,45,0.7,Speech falls inside a FOMC meeting window.
FED_DOC_6D55A5AC940F,FED,Minutes,minutes,FOMC minutes,2025-05-07,,https://www.federalreserve.gov/monetarypolicy/files/fomcminutes20250507.pdf,data\FED\Minutes\2025-05-07 - FOMC minutes.pdf,data\FED\Minutes\2025-05-07 - FOMC minutes.txt,pdf,success,2026-06-03T01:49:32,FED_2025_05,minutes_for_meeting,2025-05-07,0,0.9,Linked to latest FOMC meeting on or before minutes date.
FED_DOC_46531E694893,FED,Monetary Policy,statement,FOMC statement,2025-05-07,,https://www.federalreserve.gov/monetarypolicy/files/monetary20250507a1.pdf,data\FED\Monetary Policy\2025-05-07 - FOMC statement.pdf,data\FED\Monetary Policy\2025-05-07 - FOMC statement.txt,pdf,success,2026-06-03T01:47:59,FED_2025_05,anchor_statement,2025-05-07,0,1.0,Official FOMC statement anchor.
FED_DOC_4D7A52A0DBE8,FED,Speeches,speech,Artificial Intelligence and the Labor Market: A Scenario-Based Approach,2025-05-09,Michael S. Barr,https://www.federalreserve.gov/newsevents/speech/barr20250509a.htm,data\FED\Speeches\2025-05-09 - Michael S. Barr - Artificial Intelligence and the Labor Market_ A Scenario-Based Approach.html,data\FED\Speeches\2025-05-09 - Michael S. Barr - Artificial Intelligence and the Labor Market_ A Scenario-Based Approach.txt,html,success,2026-06-03T01:55:33,FED_2025_05,speech_after_meeting,2025-05-07,2,0.7,Speech falls inside a FOMC meeting window.
FED_DOC_45EE57B13D29,FED,Speeches,speech,Assessing Maximum Employment,2025-05-09,Assessing Maximum Employment,https://www.federalreserve.gov/newsevents/speech/kugler20250509a.htm,data\FED\Speeches\2025-05-09 - Assessing Maximum Employment - Assessing Maximum Employment.html,data\FED\Speeches\2025-05-09 - Assessing Maximum Employment - Assessing Maximum Employment.txt,html,success,2026-06-03T01:55:31,FED_2025_05,speech_after_meeting,2025-05-07,2,0.7,Speech falls inside a FOMC meeting window.
FED_DOC_BF16EE476921,FED,Speeches,speech,Opening Remarks on Productivity Dynamics,2025-05-09,Opening Remarks on Productivity Dynamics,https://www.federalreserve.gov/newsevents/speech/cook20250509a.htm,data\FED\Speeches\2025-05-09 - Opening Remarks on Productivity Dynamics - Opening Remarks on Productivity Dynamics.html,data\FED\Speeches\2025-05-09 - Opening Remarks on Productivity Dynamics - Opening Remarks on Productivity Dynamics.txt,html,success,2026-06-03T01:55:27,FED_2025_05,speech_after_meeting,2025-05-07,2,0.7,Speech falls inside a FOMC meeting window.
FED_DOC_32324173AB65,FED,Speeches,speech,"Thank You, John",2025-05-09,Christopher J. Waller,https://www.federalreserve.gov/newsevents/speech/waller20250509a.htm,"data\FED\Speeches\2025-05-09 - Christopher J. Waller - Thank You, John.html","data\FED\Speeches\2025-05-09 - Christopher J. Waller - Thank You, John.txt",html,success,2026-06-03T01:55:29,FED_2025_05,speech_after_meeting,2025-05-07,2,0.7,Speech falls inside a FOMC meeting window.
FED_DOC_D7012616B6C0,FED,Speeches,speech,Economic Outlook,2025-05-12,Economic Outlook,https://www.federalreserve.gov/newsevents/speech/kugler20250512a.htm,data\FED\Speeches\2025-05-12 - Economic Outlook - Economic Outlook.html,data\FED\Speeches\2025-05-12 - Economic Outlook - Economic Outlook.txt,html,success,2026-06-03T01:55:25,FED_2025_05,speech_after_meeting,2025-05-07,5,0.7,Speech falls inside a FOMC meeting window.
FED_DOC_8C8C9198E0DB,FED,Speeches,speech,Economic Outlook,2025-05-14,Philip N. Jefferson,https://www.federalreserve.gov/newsevents/speech/jefferson20250514a.htm,data\FED\Speeches\2025-05-14 - Philip N. Jefferson - Economic Outlook.html,data\FED\Speeches\2025-05-14 - Philip N. Jefferson - Economic Outlook.txt,html,success,2026-06-03T01:55:21,FED_2025_05,speech_after_meeting,2025-05-07,7,0.7,Speech falls inside a FOMC meeting window.
FED_DOC_30051E8E98CA,FED,Speeches,speech,The Role of Economic Research in Central Banking,2025-05-14,Christopher J. Waller,https://www.federalreserve.gov/newsevents/speech/waller20250514a.htm,data\FED\Speeches\2025-05-14 - Christopher J. Waller - The Role of Economic Research in Central Banking.html,data\FED\Speeches\2025-05-14 - Christopher J. Waller - The Role of Economic Research in Central Banking.txt,html,success,2026-06-03T01:55:23,FED_2025_05,speech_after_meeting,2025-05-07,7,0.7,Speech falls inside a FOMC meeting window.
FED_DOC_375034EB4A13,FED,Speeches,speech,Opening Remarks,2025-05-15,Opening Remarks,https://www.federalreserve.gov/newsevents/speech/barr20250515a.htm,data\FED\Speeches\2025-05-15 - Opening Remarks - Opening Remarks.html,data\FED\Speeches\2025-05-15 - Opening Remarks - Opening Remarks.txt,html,success,2026-06-03T01:55:19,FED_2025_05,speech_after_meeting,2025-05-07,8,0.7,Speech falls inside a FOMC meeting window.
FED_DOC_EA4E152AA4D9,FED,Speeches,speech,Liquidity Facilities: Purposes and Functions,2025-05-19,Philip N. Jefferson,https://www.federalreserve.gov/newsevents/speech/jefferson20250519a.htm,data\FED\Speeches\2025-05-19 - Philip N. Jefferson - Liquidity Facilities_ Purposes and Functions.html,data\FED\Speeches\2025-05-19 - Philip N. Jefferson - Liquidity Facilities_ Purposes and Functions.txt,html,success,2026-06-03T01:55:18,FED_2025_05,speech_after_meeting,2025-05-07,12,0.7,Speech falls inside a FOMC meeting window.
FED_DOC_FCFF62A0FD6F,FED,Speeches,speech,Commencement Remarks,2025-05-20,Commencement Remarks,https://www.federalreserve.gov/newsevents/speech/kugler20250520a.htm,data\FED\Speeches\2025-05-20 - Commencement Remarks - Commencement Remarks.html,data\FED\Speeches\2025-05-20 - Commencement Remarks - Commencement Remarks.txt,html,success,2026-06-03T01:55:13,FED_2025_05,speech_after_meeting,2025-05-07,13,0.7,Speech falls inside a FOMC meeting window.
FED_DOC_27316DE6F12F,FED,Speeches,speech,A View on Financial Stability,2025-05-23,A View on Financial Stability,https://www.federalreserve.gov/newsevents/speech/cook20250523a.htm,data\FED\Speeches\2025-05-23 - A View on Financial Stability - A View on Financial Stability.html,data\FED\Speeches\2025-05-23 - A View on Financial Stability - A View on Financial Stability.txt,html,success,2026-06-03T01:55:11,FED_2025_05,speech_after_meeting,2025-05-07,16,0.7,Speech falls inside a FOMC meeting window.
FED_DOC_F4855C4DD12F,FED,Speeches,speech,Baccalaureate Remarks,2025-05-25,Jerome H. Powell,https://www.federalreserve.gov/newsevents/speech/powell20250525a.htm,data\FED\Speeches\2025-05-25 - Jerome H. Powell - Baccalaureate Remarks.html,data\FED\Speeches\2025-05-25 - Jerome H. Powell - Baccalaureate Remarks.txt,html,success,2026-06-03T01:55:08,FED_2025_05,speech_after_meeting,2025-05-07,18,0.7,Speech falls inside a FOMC meeting window.
FED_DOC_46EBEC1AC13F,FED,Speeches,speech,Opening Remarks,2025-05-29,Opening Remarks,https://www.federalreserve.gov/newsevents/speech/kugler20250529a.htm,data\FED\Speeches\2025-05-29 - Opening Remarks - Opening Remarks.html,data\FED\Speeches\2025-05-29 - Opening Remarks - Opening Remarks.txt,html,success,2026-06-03T01:55:06,FED_2025_05,speech_after_meeting,2025-05-07,22,0.7,Speech falls inside a FOMC meeting window.
FED_DOC_B73362F9427F,FED,Speeches,speech,"The Effects of Tariffs on the Three Iâs: Inflation, Inflation Persistence, and Inflation Expectations",2025-06-01,Christopher J. Waller,https://www.federalreserve.gov/newsevents/speech/waller20250601a.htm,"data\FED\Speeches\2025-06-01 - Christopher J. Waller - The Effects of Tariffs on the Three Iâs_ Inflation, Inflation Persistence, and Inflation Expectations.html","data\FED\Speeches\2025-06-01 - Christopher J. Waller - The Effects of Tariffs on the Three Iâs_ Inflation, Inflation Persistence, and Inflation Expectations.txt",html,success,2026-06-03T01:55:05,FED_2025_05,speech_after_meeting,2025-05-07,25,0.7,Speech falls inside a FOMC meeting window.
FED_DOC_D4034FCF52C1,FED,Speeches,speech,Opening Remarks,2025-06-02,Jerome H. Powell,https://www.federalreserve.gov/newsevents/speech/powell20250602a.htm,data\FED\Speeches\2025-06-02 - Jerome H. Powell - Opening Remarks.html,data\FED\Speeches\2025-06-02 - Jerome H. Powell - Opening Remarks.txt,html,success,2026-06-03T01:55:02,FED_2025_05,speech_after_meeting,2025-05-07,26,0.7,Speech falls inside a FOMC meeting window.
FED_DOC_F30041EB7E0D,FED,Speeches,speech,Economic Outlook,2025-06-03,Economic Outlook,https://www.federalreserve.gov/newsevents/speech/cook20250603a.htm,data\FED\Speeches\2025-06-03 - Economic Outlook - Economic Outlook.html,data\FED\Speeches\2025-06-03 - Economic Outlook - Economic Outlook.txt,html,success,2026-06-03T01:55:00,FED_2025_05,speech_after_meeting,2025-05-07,27,0.7,Speech falls inside a FOMC meeting window.
FED_DOC_99553F9575EE,FED,Speeches,speech,Welcoming Remarks,2025-06-04,Welcoming Remarks,https://www.federalreserve.gov/newsevents/speech/cook20250604a.htm,data\FED\Speeches\2025-06-04 - Welcoming Remarks - Welcoming Remarks.html,data\FED\Speeches\2025-06-04 - Welcoming Remarks - Welcoming Remarks.txt,html,success,2026-06-03T01:54:58,FED_2025_05,speech_after_meeting,2025-05-07,28,0.7,Speech falls inside a FOMC meeting window.
FED_DOC_635B547DC7F9,FED,Speeches,speech,The Economic Outlook and Appropriate Monetary Policy,2025-06-05,Adriana D. Kugler,https://www.federalreserve.gov/newsevents/speech/kugler20250605a.htm,data\FED\Speeches\2025-06-05 - Adriana D. Kugler - The Economic Outlook and Appropriate Monetary Policy.html,data\FED\Speeches\2025-06-05 - Adriana D. Kugler - The Economic Outlook and Appropriate Monetary Policy.txt,html,success,2026-06-03T01:54:56,FED_2025_05,speech_after_meeting,2025-05-07,29,0.7,Speech falls inside a FOMC meeting window.
FED_DOC_BE72629825FD,FED,Speeches,speech,Taking a Fresh Look at Supervision and Regulation,2025-06-06,Watch Live,https://www.federalreserve.gov/newsevents/speech/bowman20250606a.htm,data\FED\Speeches\2025-06-06 - Watch Live - Taking a Fresh Look at Supervision and Regulation.html,data\FED\Speeches\2025-06-06 - Watch Live - Taking a Fresh Look at Supervision and Regulation.txt,html,success,2026-06-03T01:54:55,FED_2025_05,speech_after_meeting,2025-05-07,30,0.7,Speech falls inside a FOMC meeting window.
FED_DOC_C2C6D118B0F9,FED,Minutes,minutes,FOMC minutes,2025-06-18,,https://www.federalreserve.gov/monetarypolicy/files/fomcminutes20250618.pdf,data\FED\Minutes\2025-06-18 - FOMC minutes.pdf,data\FED\Minutes\2025-06-18 - FOMC minutes.txt,pdf,success,2026-06-03T01:49:34,FED_2025_06,minutes_for_meeting,2025-06-18,0,0.9,Linked to latest FOMC meeting on or before minutes date.
FED_DOC_9DAEA125EB24,FED,Monetary Policy,statement,FOMC statement,2025-06-18,,https://www.federalreserve.gov/monetarypolicy/files/monetary20250618a1.pdf,data\FED\Monetary Policy\2025-06-18 - FOMC statement.pdf,data\FED\Monetary Policy\2025-06-18 - FOMC statement.txt,pdf,success,2026-06-03T01:48:01,FED_2025_06,anchor_statement,2025-06-18,0,1.0,Official FOMC statement anchor.
FED_DOC_B21CBB02A1E4,FED,Speeches,speech,Unintended Policy Shifts and Unexpected Consequences,2025-06-23,Michelle W. Bowman,https://www.federalreserve.gov/newsevents/speech/bowman20250623a.htm,data\FED\Speeches\2025-06-23 - Michelle W. Bowman - Unintended Policy Shifts and Unexpected Consequences.html,data\FED\Speeches\2025-06-23 - Michelle W. Bowman - Unintended Policy Shifts and Unexpected Consequences.txt,html,success,2026-06-03T01:54:53,FED_2025_06,speech_after_meeting,2025-06-18,5,0.7,Speech falls inside a FOMC meeting window.
FED_DOC_6798A4B4DCD9,FED,Speeches,speech,Welcoming Remarks,2025-06-23,Welcoming Remarks,https://www.federalreserve.gov/newsevents/speech/kugler20250623a.htm,data\FED\Speeches\2025-06-23 - Welcoming Remarks - Welcoming Remarks.html,data\FED\Speeches\2025-06-23 - Welcoming Remarks - Welcoming Remarks.txt,html,success,2026-06-03T01:54:51,FED_2025_06,speech_after_meeting,2025-06-18,5,0.7,Speech falls inside a FOMC meeting window.
FED_DOC_84A53E8BC692,FED,Speeches,speech,Opening Remarks,2025-06-24,Opening Remarks,https://www.federalreserve.gov/newsevents/speech/barr20250624a.htm,data\FED\Speeches\2025-06-24 - Opening Remarks - Opening Remarks.html,data\FED\Speeches\2025-06-24 - Opening Remarks - Opening Remarks.txt,html,success,2026-06-03T01:54:49,FED_2025_06,speech_after_meeting,2025-06-18,6,0.7,Speech falls inside a FOMC meeting window.
FED_DOC_A3D92C551FEE,FED,Speeches,speech,Community Development at the Federal Reserve,2025-06-26,Michael S. Barr,https://www.federalreserve.gov/newsevents/speech/barr20250626a.htm,data\FED\Speeches\2025-06-26 - Michael S. Barr - Community Development at the Federal Reserve.html,data\FED\Speeches\2025-06-26 - Michael S. Barr - Community Development at the Federal Reserve.txt,html,success,2026-06-03T01:54:47,FED_2025_06,speech_after_meeting,2025-06-18,8,0.7,Speech falls inside a FOMC meeting window.
FED_DOC_DB98A8730080,FED,Speeches,speech,Demystifying the Federal Reserve's Balance Sheet,2025-07-10,Christopher J. Waller,https://www.federalreserve.gov/newsevents/speech/waller20250710a.htm,data\FED\Speeches\2025-07-10 - Christopher J. Waller - Demystifying the Federal Reserve's Balance Sheet.html,data\FED\Speeches\2025-07-10 - Christopher J. Waller - Demystifying the Federal Reserve's Balance Sheet.txt,html,success,2026-06-03T01:54:45,FED_2025_06,speech_after_meeting,2025-06-18,22,0.7,Speech falls inside a FOMC meeting window.
FED_DOC_040E145A4C99,FED,Speeches,speech,Expanding Financial Inclusion,2025-07-15,Expanding Financial Inclusion,https://www.federalreserve.gov/newsevents/speech/barr20250715a.htm,data\FED\Speeches\2025-07-15 - Expanding Financial Inclusion - Expanding Financial Inclusion.html,data\FED\Speeches\2025-07-15 - Expanding Financial Inclusion - Expanding Financial Inclusion.txt,html,success,2026-06-03T01:54:40,FED_2025_06,speech_after_meeting,2025-06-18,27,0.7,Speech falls inside a FOMC meeting window.
FED_DOC_D7A16662B5A3,FED,Speeches,speech,Welcoming Remarks,2025-07-15,Welcoming Remarks,https://www.federalreserve.gov/newsevents/speech/bowman20250715a.htm,data\FED\Speeches\2025-07-15 - Welcoming Remarks - Welcoming Remarks.html,data\FED\Speeches\2025-07-15 - Welcoming Remarks - Welcoming Remarks.txt,html,success,2026-06-03T01:54:42,FED_2025_06,speech_after_meeting,2025-06-18,27,0.7,Speech falls inside a FOMC meeting window.
FED_DOC_C371049E586C,FED,Speeches,speech,Booms and Busts and the Regulatory Cycle,2025-07-16,Michael S. Barr,https://www.federalreserve.gov/newsevents/speech/barr20250716a.htm,data\FED\Speeches\2025-07-16 - Michael S. Barr - Booms and Busts and the Regulatory Cycle.html,data\FED\Speeches\2025-07-16 - Michael S. Barr - Booms and Busts and the Regulatory Cycle.txt,html,success,2026-06-03T01:54:38,FED_2025_06,speech_after_meeting,2025-06-18,28,0.7,Speech falls inside a FOMC meeting window.
FED_DOC_B8CC5594432F,FED,Speeches,speech,A View of the Housing Market and U.S. Economic Outlook,2025-07-17,Adriana D. Kugler,https://www.federalreserve.gov/newsevents/speech/kugler20250717a.htm,data\FED\Speeches\2025-07-17 - Adriana D. Kugler - A View of the Housing Market and U.S. Economic Outlook.html,data\FED\Speeches\2025-07-17 - Adriana D. Kugler - A View of the Housing Market and U.S. Economic Outlook.txt,html,success,2026-06-03T01:54:36,FED_2025_06,speech_after_meeting,2025-06-18,29,0.7,Speech falls inside a FOMC meeting window.
FED_DOC_2B2B8E10C95E,FED,Speeches,speech,AI: A Fed Policymaker's View,2025-07-17,Lisa D. Cook,https://www.federalreserve.gov/newsevents/speech/cook20250717a.htm,data\FED\Speeches\2025-07-17 - Lisa D. Cook - AI_ A Fed Policymaker's View.html,data\FED\Speeches\2025-07-17 - Lisa D. Cook - AI_ A Fed Policymaker's View.txt,html,success,2026-06-03T01:54:34,FED_2025_06,speech_after_meeting,2025-06-18,29,0.7,Speech falls inside a FOMC meeting window.
FED_DOC_F21861C74D89,FED,Speeches,speech,The Case for Cutting Now,2025-07-17,The Case for Cutting Now,https://www.federalreserve.gov/newsevents/speech/waller20250717a.htm,data\FED\Speeches\2025-07-17 - The Case for Cutting Now - The Case for Cutting Now.html,data\FED\Speeches\2025-07-17 - The Case for Cutting Now - The Case for Cutting Now.txt,html,success,2026-06-03T01:54:32,FED_2025_06,speech_after_meeting,2025-06-18,29,0.7,Speech falls inside a FOMC meeting window.
FED_DOC_F80C58D5C881,FED,Speeches,speech,Opening Remarks,2025-07-22,Jerome H. Powell,https://www.federalreserve.gov/newsevents/speech/powell20250722a.htm,data\FED\Speeches\2025-07-22 - Jerome H. Powell - Opening Remarks.html,data\FED\Speeches\2025-07-22 - Jerome H. Powell - Opening Remarks.txt,html,success,2026-06-03T01:54:30,FED_2025_06,speech_after_meeting,2025-06-18,34,0.7,Speech falls inside a FOMC meeting window.
FED_DOC_33A96A3F4A4A,FED,Minutes,minutes,FOMC minutes,2025-07-30,,https://www.federalreserve.gov/monetarypolicy/files/fomcminutes20250730.pdf,data\FED\Minutes\2025-07-30 - FOMC minutes.pdf,data\FED\Minutes\2025-07-30 - FOMC minutes.txt,pdf,success,2026-06-03T01:49:36,FED_2025_07,minutes_for_meeting,2025-07-30,0,0.9,Linked to latest FOMC meeting on or before minutes date.
FED_DOC_071349E655F3,FED,Monetary Policy,statement,FOMC statement,2025-07-30,,https://www.federalreserve.gov/monetarypolicy/files/monetary20250730a1.pdf,data\FED\Monetary Policy\2025-07-30 - FOMC statement.pdf,data\FED\Monetary Policy\2025-07-30 - FOMC statement.txt,pdf,success,2026-06-03T01:48:03,FED_2025_07,anchor_statement,2025-07-30,0,1.0,Official FOMC statement anchor.
FED_DOC_78729FD1BC78,FED,Speeches,speech,Statement by Governor Christopher J. Waller,2025-08-01,Christopher J. Waller,https://www.federalreserve.gov/newsevents/speech/waller20250801a.htm,data\FED\Speeches\2025-08-01 - Christopher J. Waller - Statement by Governor Christopher J. Waller.html,data\FED\Speeches\2025-08-01 - Christopher J. Waller - Statement by Governor Christopher J. Waller.txt,html,success,2026-06-03T01:54:28,FED_2025_07,speech_after_meeting,2025-07-30,2,0.7,Speech falls inside a FOMC meeting window.
FED_DOC_F4B45AF4E5DB,FED,Speeches,speech,Statement by Vice Chair for Supervision Michelle W. Bowman,2025-08-01,Michelle W. Bowman,https://www.federalreserve.gov/newsevents/speech/bowman20250801a.htm,data\FED\Speeches\2025-08-01 - Michelle W. Bowman - Statement by Vice Chair for Supervision Michelle W. Bowman.html,data\FED\Speeches\2025-08-01 - Michelle W. Bowman - Statement by Vice Chair for Supervision Michelle W. Bowman.txt,html,success,2026-06-03T01:54:26,FED_2025_07,speech_after_meeting,2025-07-30,2,0.7,Speech falls inside a FOMC meeting window.
FED_DOC_425C4974F38D,FED,Speeches,speech,Thoughts on the Economy and Community Bank Capital,2025-08-09,Michelle W. Bowman,https://www.federalreserve.gov/newsevents/speech/bowman20250809a.htm,data\FED\Speeches\2025-08-09 - Michelle W. Bowman - Thoughts on the Economy and Community Bank Capital.html,data\FED\Speeches\2025-08-09 - Michelle W. Bowman - Thoughts on the Economy and Community Bank Capital.txt,html,success,2026-06-03T01:54:24,FED_2025_07,speech_after_meeting,2025-07-30,10,0.7,Speech falls inside a FOMC meeting window.
FED_DOC_1927AA70A0AA,FED,Speeches,speech,Embracing Innovation,2025-08-19,Embracing Innovation,https://www.federalreserve.gov/newsevents/speech/bowman20250819a.htm,data\FED\Speeches\2025-08-19 - Embracing Innovation - Embracing Innovation.html,data\FED\Speeches\2025-08-19 - Embracing Innovation - Embracing Innovation.txt,html,success,2026-06-03T01:54:22,FED_2025_07,speech_after_meeting,2025-07-30,20,0.7,Speech falls inside a FOMC meeting window.
FED_DOC_49BCECDED3C4,FED,Speeches,speech,Technological Advancements in Payments,2025-08-20,Technological Advancements in Payments,https://www.federalreserve.gov/newsevents/speech/waller20250820a.htm,data\FED\Speeches\2025-08-20 - Technological Advancements in Payments - Technological Advancements in Payments.html,data\FED\Speeches\2025-08-20 - Technological Advancements in Payments - Technological Advancements in Payments.txt,html,success,2026-06-03T01:54:20,FED_2025_07,speech_after_meeting,2025-07-30,21,0.7,Speech falls inside a FOMC meeting window.
FED_DOC_071377F69523,FED,Monetary Policy,statement,Statement on Longer-Run Goals and Monetary Policy Strategy,2025-08-22,,https://www.federalreserve.gov/newsevents/pressreleases/monetary20250822a.htm,data\FED\Monetary Policy\2025-08-22 - Statement on Longer-Run Goals and Monetary Policy Strategy.html,data\FED\Monetary Policy\2025-08-22 - Statement on Longer-Run Goals and Monetary Policy Strategy.txt,html,success,2026-06-03T01:48:06,FED_2025_07,other_in_meeting_window,2025-07-30,23,0.4,Document falls inside a FOMC meeting window.
FED_DOC_5D9DF8DDF930,FED,Speeches,speech,Monetary Policy and the Fedâs Framework Review,2025-08-22,Jerome H. Powell,https://www.federalreserve.gov/newsevents/speech/powell20250822a.htm,data\FED\Speeches\2025-08-22 - Jerome H. Powell - Monetary Policy and the Fedâs Framework Review.html,data\FED\Speeches\2025-08-22 - Jerome H. Powell - Monetary Policy and the Fedâs Framework Review.txt,html,success,2026-06-03T01:54:18,FED_2025_07,speech_after_meeting,2025-07-30,23,0.7,Speech falls inside a FOMC meeting window.
FED_DOC_AD10AEC9D012,FED,Speeches,speech,Letâs Get On with It,2025-08-28,Christopher J. Waller,https://www.federalreserve.gov/newsevents/speech/waller20250828a.htm,data\FED\Speeches\2025-08-28 - Christopher J. Waller - Letâs Get On with It.html,data\FED\Speeches\2025-08-28 - Christopher J. Waller - Letâs Get On with It.txt,html,success,2026-06-03T01:54:16,FED_2025_07,speech_after_meeting,2025-07-30,29,0.7,Speech falls inside a FOMC meeting window.
FED_DOC_24ED074230BE,FED,Minutes,minutes,FOMC minutes,2025-09-17,,https://www.federalreserve.gov/monetarypolicy/files/fomcminutes20250917.pdf,data\FED\Minutes\2025-09-17 - FOMC minutes.pdf,data\FED\Minutes\2025-09-17 - FOMC minutes.txt,pdf,success,2026-06-03T01:49:38,FED_2025_09,minutes_for_meeting,2025-09-17,0,0.9,Linked to latest FOMC meeting on or before minutes date.
FED_DOC_4B2F70170969,FED,Monetary Policy,statement,FOMC statement,2025-09-17,,https://www.federalreserve.gov/monetarypolicy/files/monetary20250917a1.pdf,data\FED\Monetary Policy\2025-09-17 - FOMC statement.pdf,data\FED\Monetary Policy\2025-09-17 - FOMC statement.txt,pdf,success,2026-06-03T01:48:08,FED_2025_09,anchor_statement,2025-09-17,0,1.0,Official FOMC statement anchor.
FED_DOC_CBAB127CB945,FED,Speeches,speech,Nonmonetary Forces and Appropriate Monetary Policy,2025-09-22,Stephen I. Miran,https://www.federalreserve.gov/newsevents/speech/miran20250922a.htm,data\FED\Speeches\2025-09-22 - Stephen I. Miran - Nonmonetary Forces and Appropriate Monetary Policy.html,data\FED\Speeches\2025-09-22 - Stephen I. Miran - Nonmonetary Forces and Appropriate Monetary Policy.txt,html,success,2026-06-03T01:54:14,FED_2025_09,speech_after_meeting,2025-09-17,5,0.7,Speech falls inside a FOMC meeting window.
FED_DOC_D24462A86705,FED,Speeches,speech,Economic Outlook,2025-09-23,Jerome H. Powell,https://www.federalreserve.gov/newsevents/speech/powell20250923a.htm,data\FED\Speeches\2025-09-23 - Jerome H. Powell - Economic Outlook.html,data\FED\Speeches\2025-09-23 - Jerome H. Powell - Economic Outlook.txt,html,success,2026-06-03T01:54:10,FED_2025_09,speech_after_meeting,2025-09-17,6,0.7,Speech falls inside a FOMC meeting window.
FED_DOC_A0E15CEE4A0B,FED,Speeches,speech,Views on the Economy and Monetary Policy,2025-09-23,Closing Thoughts,https://www.federalreserve.gov/newsevents/speech/bowman20250923a.htm,data\FED\Speeches\2025-09-23 - Closing Thoughts - Views on the Economy and Monetary Policy.html,data\FED\Speeches\2025-09-23 - Closing Thoughts - Views on the Economy and Monetary Policy.txt,html,success,2026-06-03T01:54:12,FED_2025_09,speech_after_meeting,2025-09-17,6,0.7,Speech falls inside a FOMC meeting window.
FED_DOC_35556FBCC485,FED,Speeches,speech,Preserving the Dynamism and Credibility of Stress Testing,2025-09-25,Michael S. Barr,https://www.federalreserve.gov/newsevents/speech/barr20250925a.htm,data\FED\Speeches\2025-09-25 - Michael S. Barr - Preserving the Dynamism and Credibility of Stress Testing.html,data\FED\Speeches\2025-09-25 - Michael S. Barr - Preserving the Dynamism and Credibility of Stress Testing.txt,html,success,2026-06-03T01:54:08,FED_2025_09,speech_after_meeting,2025-09-17,8,0.7,Speech falls inside a FOMC meeting window.
FED_DOC_526FEBB57CC5,FED,Speeches,speech,Thoughts on Monetary Policy Decisionmaking and Challenges Ahead,2025-09-26,Michelle W. Bowman,https://www.federalreserve.gov/newsevents/speech/bowman20250926a.htm,data\FED\Speeches\2025-09-26 - Michelle W. Bowman - Thoughts on Monetary Policy Decisionmaking and Challenges Ahead.html,data\FED\Speeches\2025-09-26 - Michelle W. Bowman - Thoughts on Monetary Policy Decisionmaking and Challenges Ahead.txt,html,success,2026-06-03T01:54:07,FED_2025_09,speech_after_meeting,2025-09-17,9,0.7,Speech falls inside a FOMC meeting window.
FED_DOC_4D05F26D7680,FED,Speeches,speech,The Next Frontier of Payments Innovation,2025-09-29,Christopher J. Waller,https://www.federalreserve.gov/newsevents/speech/waller20250929a.htm,data\FED\Speeches\2025-09-29 - Christopher J. Waller - The Next Frontier of Payments Innovation.html,data\FED\Speeches\2025-09-29 - Christopher J. Waller - The Next Frontier of Payments Innovation.txt,html,success,2026-06-03T01:54:05,FED_2025_09,speech_after_meeting,2025-09-17,12,0.7,Speech falls inside a FOMC meeting window.
FED_DOC_CB9D7E5D3864,FED,Speeches,speech,Monetary Policy Frameworks and the U.S. Economic Outlook,2025-09-30,Philip N. Jefferson,https://www.federalreserve.gov/newsevents/speech/jefferson20250930a.htm,data\FED\Speeches\2025-09-30 - Philip N. Jefferson - Monetary Policy Frameworks and the U.S. Economic Outlook.html,data\FED\Speeches\2025-09-30 - Philip N. Jefferson - Monetary Policy Frameworks and the U.S. Economic Outlook.txt,html,success,2026-06-03T01:54:03,FED_2025_09,speech_after_meeting,2025-09-17,13,0.7,Speech falls inside a FOMC meeting window.
FED_DOC_B50FFE12E512,FED,Speeches,speech,Economic Outlook and the Fedâs Monetary Policy Framework,2025-10-03,Philip N. Jefferson,https://www.federalreserve.gov/newsevents/speech/jefferson20251003a.htm,data\FED\Speeches\2025-10-03 - Philip N. Jefferson - Economic Outlook and the Fedâs Monetary Policy Framework.html,data\FED\Speeches\2025-10-03 - Philip N. Jefferson - Economic Outlook and the Fedâs Monetary Policy Framework.txt,html,success,2026-06-03T01:54:01,FED_2025_09,speech_after_meeting,2025-09-17,16,0.7,Speech falls inside a FOMC meeting window.
FED_DOC_96075950B680,FED,Speeches,speech,Welcome Remarks,2025-10-07,Welcome Remarks,https://www.federalreserve.gov/newsevents/speech/bowman20251007a.htm,data\FED\Speeches\2025-10-07 - Welcome Remarks - Welcome Remarks.html,data\FED\Speeches\2025-10-07 - Welcome Remarks - Welcome Remarks.txt,html,success,2026-06-03T01:53:59,FED_2025_09,speech_after_meeting,2025-09-17,20,0.7,Speech falls inside a FOMC meeting window.
FED_DOC_D04CBDE5B2C9,FED,Speeches,speech,Community Banking: The Cornerstone of Building Communities,2025-10-08,Michael S. Barr,https://www.federalreserve.gov/newsevents/speech/barr20251008a.htm,data\FED\Speeches\2025-10-08 - Michael S. Barr - Community Banking_ The Cornerstone of Building Communities.html,data\FED\Speeches\2025-10-08 - Michael S. Barr - Community Banking_ The Cornerstone of Building Communities.txt,html,success,2026-06-03T01:53:57,FED_2025_09,speech_after_meeting,2025-09-17,21,0.7,Speech falls inside a FOMC meeting window.
FED_DOC_FFA4FA5DA2F8,FED,Speeches,speech,Economic Data and Research in Indian Country,2025-10-08,Michael S. Barr,https://www.federalreserve.gov/newsevents/speech/barr20251008b.htm,data\FED\Speeches\2025-10-08 - Michael S. Barr - Economic Data and Research in Indian Country.html,data\FED\Speeches\2025-10-08 - Michael S. Barr - Economic Data and Research in Indian Country.txt,html,success,2026-06-03T01:53:55,FED_2025_09,speech_after_meeting,2025-09-17,21,0.7,Speech falls inside a FOMC meeting window.
FED_DOC_0F8E61CD579F,FED,Speeches,speech,Community Banking: Looking Toward the Future,2025-10-09,Michelle W. Bowman,https://www.federalreserve.gov/newsevents/speech/bowman20251009b.htm,data\FED\Speeches\2025-10-09 - Michelle W. Bowman - Community Banking_ Looking Toward the Future.html,data\FED\Speeches\2025-10-09 - Michelle W. Bowman - Community Banking_ Looking Toward the Future.txt,html,success,2026-06-03T01:53:42,FED_2025_09,speech_after_meeting,2025-09-17,22,0.7,Speech falls inside a FOMC meeting window.
FED_DOC_4050F8B427BA,FED,Speeches,speech,Opening Remarks,2025-10-09,Opening Remarks,https://www.federalreserve.gov/newsevents/speech/bowman20251009a.htm,data\FED\Speeches\2025-10-09 - Opening Remarks - Opening Remarks.html,data\FED\Speeches\2025-10-09 - Opening Remarks - Opening Remarks.txt,html,success,2026-06-03T01:53:49,FED_2025_09,speech_after_meeting,2025-09-17,22,0.7,Speech falls inside a FOMC meeting window.
FED_DOC_1F21099EED2E,FED,Speeches,speech,The Economic Outlook and Monetary Policy,2025-10-09,Michael S. Barr,https://www.federalreserve.gov/newsevents/speech/barr20251009a.htm,data\FED\Speeches\2025-10-09 - Michael S. Barr - The Economic Outlook and Monetary Policy.html,data\FED\Speeches\2025-10-09 - Michael S. Barr - The Economic Outlook and Monetary Policy.txt,html,success,2026-06-03T01:53:43,FED_2025_09,speech_after_meeting,2025-09-17,22,0.7,Speech falls inside a FOMC meeting window.
FED_DOC_79E2C4D868C6,FED,Speeches,speech,Welcoming Remarks,2025-10-09,Jerome H. Powell,https://www.federalreserve.gov/newsevents/speech/powell20251009a.htm,data\FED\Speeches\2025-10-09 - Jerome H. Powell - Welcoming Remarks.html,data\FED\Speeches\2025-10-09 - Jerome H. Powell - Welcoming Remarks.txt,html,success,2026-06-03T01:53:51,FED_2025_09,speech_after_meeting,2025-09-17,22,0.7,Speech falls inside a FOMC meeting window.
FED_DOC_3DDDF8B17DCB,FED,Speeches,speech,Understanding the Fedâs Balance Sheet,2025-10-14,Jerome H. Powell,https://www.federalreserve.gov/newsevents/speech/powell20251014a.htm,data\FED\Speeches\2025-10-14 - Jerome H. Powell - Understanding the Fedâs Balance Sheet.html,data\FED\Speeches\2025-10-14 - Jerome H. Powell - Understanding the Fedâs Balance Sheet.txt,html,success,2026-06-03T01:53:40,FED_2025_09,speech_after_meeting,2025-09-17,27,0.7,Speech falls inside a FOMC meeting window.
FED_DOC_175ED3046F18,FED,Speeches,speech,Innovation at the Speed of AI,2025-10-15,Christopher J. Waller,https://www.federalreserve.gov/newsevents/speech/waller20251015a.htm,data\FED\Speeches\2025-10-15 - Christopher J. Waller - Innovation at the Speed of AI.html,data\FED\Speeches\2025-10-15 - Christopher J. Waller - Innovation at the Speed of AI.txt,html,success,2026-06-03T01:53:38,FED_2025_09,speech_after_meeting,2025-09-17,28,0.7,Speech falls inside a FOMC meeting window.
FED_DOC_395C7D53F698,FED,Speeches,speech,Cutting Rates in the Face of Conflicting Data,2025-10-16,Christopher J. Waller,https://www.federalreserve.gov/newsevents/speech/waller20251016a.htm,data\FED\Speeches\2025-10-16 - Christopher J. Waller - Cutting Rates in the Face of Conflicting Data.html,data\FED\Speeches\2025-10-16 - Christopher J. Waller - Cutting Rates in the Face of Conflicting Data.txt,html,success,2026-06-03T01:53:36,FED_2025_09,speech_after_meeting,2025-09-17,29,0.7,Speech falls inside a FOMC meeting window.
FED_DOC_F5C650B767D7,FED,Speeches,speech,Exploring the Possibilities and Risks of New Payment Technologies,2025-10-16,Michael S. Barr,https://www.federalreserve.gov/newsevents/speech/barr20251016a.htm,data\FED\Speeches\2025-10-16 - Michael S. Barr - Exploring the Possibilities and Risks of New Payment Technologies.html,data\FED\Speeches\2025-10-16 - Michael S. Barr - Exploring the Possibilities and Risks of New Payment Technologies.txt,html,success,2026-06-03T01:53:34,FED_2025_09,speech_after_meeting,2025-09-17,29,0.7,Speech falls inside a FOMC meeting window.
FED_DOC_70322661AAB0,FED,Speeches,speech,Welcome Remarks,2025-10-16,Welcome Remarks,https://www.federalreserve.gov/newsevents/speech/bowman20251016a.htm,data\FED\Speeches\2025-10-16 - Welcome Remarks - Welcome Remarks.html,data\FED\Speeches\2025-10-16 - Welcome Remarks - Welcome Remarks.txt,html,success,2026-06-03T01:53:32,FED_2025_09,speech_after_meeting,2025-09-17,29,0.7,Speech falls inside a FOMC meeting window.
FED_DOC_5E538743C4E7,FED,Speeches,speech,Embracing New Technologies and Players in Payments,2025-10-21,Christopher J. Waller,https://www.federalreserve.gov/newsevents/speech/waller20251021a.htm,data\FED\Speeches\2025-10-21 - Christopher J. Waller - Embracing New Technologies and Players in Payments.html,data\FED\Speeches\2025-10-21 - Christopher J. Waller - Embracing New Technologies and Players in Payments.txt,html,success,2026-06-03T01:53:28,FED_2025_09,speech_after_meeting,2025-09-17,34,0.7,Speech falls inside a FOMC meeting window.
FED_DOC_C6473B03DB1A,FED,Speeches,speech,Brief Remarks,2025-10-22,Brief Remarks,https://www.federalreserve.gov/newsevents/speech/barr20251022a.htm,data\FED\Speeches\2025-10-22 - Brief Remarks - Brief Remarks.html,data\FED\Speeches\2025-10-22 - Brief Remarks - Brief Remarks.txt,html,success,2026-06-03T01:53:26,FED_2025_09,speech_after_meeting,2025-09-17,35,0.7,Speech falls inside a FOMC meeting window.
FED_DOC_57C0A19F94EC,FED,Speeches,speech,Supporting Investment in Communities: The First 25 Years of the New Markets Tax Credit,2025-10-23,Michael S. Barr,https://www.federalreserve.gov/newsevents/speech/barr20251023a.htm,data\FED\Speeches\2025-10-23 - Michael S. Barr - Supporting Investment in Communities_ The First 25 Years of the New Markets Tax Credit.html,data\FED\Speeches\2025-10-23 - Michael S. Barr - Supporting Investment in Communities_ The First 25 Years of the New Markets Tax Credit.txt,html,success,2026-06-03T01:53:23,FED_2025_09,speech_after_meeting,2025-09-17,36,0.7,Speech falls inside a FOMC meeting window.
FED_DOC_8B3C70D2391C,FED,Minutes,minutes,FOMC minutes,2025-10-29,,https://www.federalreserve.gov/monetarypolicy/files/fomcminutes20251029.pdf,data\FED\Minutes\2025-10-29 - FOMC minutes.pdf,data\FED\Minutes\2025-10-29 - FOMC minutes.txt,pdf,success,2026-06-03T01:49:40,FED_2025_10,minutes_for_meeting,2025-10-29,0,0.9,Linked to latest FOMC meeting on or before minutes date.
FED_DOC_6B553EBA9B62,FED,Monetary Policy,statement,FOMC statement,2025-10-29,,https://www.federalreserve.gov/monetarypolicy/files/monetary20251029a1.pdf,data\FED\Monetary Policy\2025-10-29 - FOMC statement.pdf,data\FED\Monetary Policy\2025-10-29 - FOMC statement.txt,pdf,success,2026-06-03T01:48:09,FED_2025_10,anchor_statement,2025-10-29,0,1.0,Official FOMC statement anchor.
FED_DOC_F412F757EE02,FED,Speeches,speech,Opening Remarks,2025-10-30,Opening Remarks,https://www.federalreserve.gov/newsevents/speech/bowman20251030a.htm,data\FED\Speeches\2025-10-30 - Opening Remarks - Opening Remarks.html,data\FED\Speeches\2025-10-30 - Opening Remarks - Opening Remarks.txt,html,success,2026-06-03T01:53:22,FED_2025_10,speech_after_meeting,2025-10-29,1,0.7,Speech falls inside a FOMC meeting window.
FED_DOC_6368B0CB177E,FED,Speeches,speech,The Economic Outlook and Monetary Policy,2025-11-03,Lisa D. Cook,https://www.federalreserve.gov/newsevents/speech/cook20251103a.htm,data\FED\Speeches\2025-11-03 - Lisa D. Cook - The Economic Outlook and Monetary Policy.html,data\FED\Speeches\2025-11-03 - Lisa D. Cook - The Economic Outlook and Monetary Policy.txt,html,success,2026-06-03T01:53:20,FED_2025_10,speech_after_meeting,2025-10-29,5,0.7,Speech falls inside a FOMC meeting window.
FED_DOC_2EC571D46FE1,FED,Speeches,speech,A Global Stablecoin Glut: Implications for Monetary Policy,2025-11-07,Stephen I. Miran,https://www.federalreserve.gov/newsevents/speech/miran20251107a.htm,data\FED\Speeches\2025-11-07 - Stephen I. Miran - A Global Stablecoin Glut_ Implications for Monetary Policy.html,data\FED\Speeches\2025-11-07 - Stephen I. Miran - A Global Stablecoin Glut_ Implications for Monetary Policy.txt,html,success,2026-06-03T01:53:16,FED_2025_10,speech_after_meeting,2025-10-29,9,0.7,Speech falls inside a FOMC meeting window.
FED_DOC_2A1B3CDD1BC0,FED,Speeches,speech,AI and the Economy,2025-11-07,Philip N. Jefferson,https://www.federalreserve.gov/newsevents/speech/jefferson20251107a.htm,data\FED\Speeches\2025-11-07 - Philip N. Jefferson - AI and the Economy.html,data\FED\Speeches\2025-11-07 - Philip N. Jefferson - AI and the Economy.txt,html,success,2026-06-03T01:53:18,FED_2025_10,speech_after_meeting,2025-10-29,9,0.7,Speech falls inside a FOMC meeting window.
FED_DOC_34D2BCF41028,FED,Speeches,speech,AI and Central Banking,2025-11-11,AI and Central Banking,https://www.federalreserve.gov/newsevents/speech/barr20251111a.htm,data\FED\Speeches\2025-11-11 - AI and Central Banking - AI and Central Banking.html,data\FED\Speeches\2025-11-11 - AI and Central Banking - AI and Central Banking.txt,html,success,2026-06-03T01:53:14,FED_2025_10,speech_after_meeting,2025-10-29,13,0.7,Speech falls inside a FOMC meeting window.
FED_DOC_922296F6ED5F,FED,Speeches,speech,Economic Outlook and Monetary Policy,2025-11-17,Philip N. Jefferson,https://www.federalreserve.gov/newsevents/speech/jefferson20251117a.htm,data\FED\Speeches\2025-11-17 - Philip N. Jefferson - Economic Outlook and Monetary Policy.html,data\FED\Speeches\2025-11-17 - Philip N. Jefferson - Economic Outlook and Monetary Policy.txt,html,success,2026-06-03T01:53:12,FED_2025_10,speech_after_meeting,2025-10-29,19,0.7,Speech falls inside a FOMC meeting window.
FED_DOC_C94663569E5E,FED,Speeches,speech,The Case for Continuing Rate Cuts,2025-11-17,Christopher J. Waller,https://www.federalreserve.gov/newsevents/speech/waller20251117a.htm,data\FED\Speeches\2025-11-17 - Christopher J. Waller - The Case for Continuing Rate Cuts.html,data\FED\Speeches\2025-11-17 - Christopher J. Waller - The Case for Continuing Rate Cuts.txt,html,success,2026-06-03T01:53:10,FED_2025_10,speech_after_meeting,2025-10-29,19,0.7,Speech falls inside a FOMC meeting window.
FED_DOC_563CEF193E88,FED,Speeches,speech,"The Case for Strong, Effective Banking Supervision",2025-11-18,Michael S. Barr,https://www.federalreserve.gov/newsevents/speech/barr20251118a.htm,"data\FED\Speeches\2025-11-18 - Michael S. Barr - The Case for Strong, Effective Banking Supervision.html","data\FED\Speeches\2025-11-18 - Michael S. Barr - The Case for Strong, Effective Banking Supervision.txt",html,success,2026-06-03T01:53:08,FED_2025_10,speech_after_meeting,2025-10-29,20,0.7,Speech falls inside a FOMC meeting window.
FED_DOC_24349764EBB9,FED,Speeches,speech,Regulatory Dominance of the Federal Reserveâs Balance Sheet,2025-11-19,Stephen I. Miran,https://www.federalreserve.gov/newsevents/speech/miran20251119a.htm,data\FED\Speeches\2025-11-19 - Stephen I. Miran - Regulatory Dominance of the Federal Reserveâs Balance Sheet.html,data\FED\Speeches\2025-11-19 - Stephen I. Miran - Regulatory Dominance of the Federal Reserveâs Balance Sheet.txt,html,success,2026-06-03T01:53:06,FED_2025_10,speech_after_meeting,2025-10-29,21,0.7,Speech falls inside a FOMC meeting window.
FED_DOC_D6D43F6D5BD5,FED,Speeches,speech,A Policymakerâs View of Financial Stability,2025-11-20,Lisa D. Cook,https://www.federalreserve.gov/newsevents/speech/cook20251120a.htm,data\FED\Speeches\2025-11-20 - Lisa D. Cook - A Policymakerâs View of Financial Stability.html,data\FED\Speeches\2025-11-20 - Lisa D. Cook - A Policymakerâs View of Financial Stability.txt,html,success,2026-06-03T01:53:04,FED_2025_10,speech_after_meeting,2025-10-29,22,0.7,Speech falls inside a FOMC meeting window.
FED_DOC_E5B83E572E47,FED,Speeches,speech,"AI, the Economy, and Financial Stability",2025-11-21,Philip N. Jefferson,https://www.federalreserve.gov/newsevents/speech/jefferson20251121a.htm,"data\FED\Speeches\2025-11-21 - Philip N. Jefferson - AI, the Economy, and Financial Stability.html","data\FED\Speeches\2025-11-21 - Philip N. Jefferson - AI, the Economy, and Financial Stability.txt",html,success,2026-06-03T01:53:00,FED_2025_10,speech_after_meeting,2025-10-29,23,0.7,Speech falls inside a FOMC meeting window.
FED_DOC_36A6A4D6C144,FED,Speeches,speech,Welcoming Remarks,2025-11-21,Welcoming Remarks,https://www.federalreserve.gov/newsevents/speech/barr20251121a.htm,data\FED\Speeches\2025-11-21 - Welcoming Remarks - Welcoming Remarks.html,data\FED\Speeches\2025-11-21 - Welcoming Remarks - Welcoming Remarks.txt,html,success,2026-06-03T01:53:02,FED_2025_10,speech_after_meeting,2025-10-29,23,0.7,Speech falls inside a FOMC meeting window.
FED_DOC_BDEF610F7E90,FED,Speeches,speech,Opening Remarks,2025-12-01,Jerome H. Powell,https://www.federalreserve.gov/newsevents/speech/powell20251201a.htm,data\FED\Speeches\2025-12-01 - Jerome H. Powell - Opening Remarks.html,data\FED\Speeches\2025-12-01 - Jerome H. Powell - Opening Remarks.txt,html,success,2026-06-03T01:52:58,FED_2025_10,speech_after_meeting,2025-10-29,33,0.7,Speech falls inside a FOMC meeting window.
FED_DOC_92C5EE209D5D,FED,Minutes,minutes,FOMC minutes,2025-12-10,,https://www.federalreserve.gov/monetarypolicy/files/fomcminutes20251210.pdf,data\FED\Minutes\2025-12-10 - FOMC minutes.pdf,data\FED\Minutes\2025-12-10 - FOMC minutes.txt,pdf,success,2026-06-03T01:49:44,FED_2025_12,minutes_for_meeting,2025-12-10,0,0.9,Linked to latest FOMC meeting on or before minutes date.
FED_DOC_D3F6FC67E443,FED,Monetary Policy,statement,FOMC statement,2025-12-10,,https://www.federalreserve.gov/monetarypolicy/files/monetary20251210a1.pdf,data\FED\Monetary Policy\2025-12-10 - FOMC statement.pdf,data\FED\Monetary Policy\2025-12-10 - FOMC statement.txt,pdf,success,2026-06-03T01:48:11,FED_2025_12,anchor_statement,2025-12-10,0,1.0,Official FOMC statement anchor.
FED_DOC_BBF4CF589076,FED,Speeches,speech,The Inflation Outlook,2025-12-15,The Inflation Outlook,https://www.federalreserve.gov/newsevents/speech/miran20251215a.htm,data\FED\Speeches\2025-12-15 - The Inflation Outlook - The Inflation Outlook.html,data\FED\Speeches\2025-12-15 - The Inflation Outlook - The Inflation Outlook.txt,html,success,2026-06-03T01:52:56,FED_2025_12,speech_after_meeting,2025-12-10,5,0.7,Speech falls inside a FOMC meeting window.
FED_DOC_00A4CAC24036,FED,Speeches,speech,Modernizing Supervision and Regulation: 2025 and the Path Ahead,2026-01-07,Michelle W. Bowman,https://www.federalreserve.gov/newsevents/speech/bowman20260107a.htm,data\FED\Speeches\2026-01-07 - Michelle W. Bowman - Modernizing Supervision and Regulation_ 2025 and the Path Ahead.html,data\FED\Speeches\2026-01-07 - Michelle W. Bowman - Modernizing Supervision and Regulation_ 2025 and the Path Ahead.txt,html,success,2026-06-03T01:52:54,FED_2025_12,speech_after_meeting,2025-12-10,28,0.7,Speech falls inside a FOMC meeting window.
FED_DOC_5AC4F39A96F8,FED,Speeches,speech,Statement from Federal Reserve Chair Jerome H. Powell,2026-01-11,Jerome H. Powell,https://www.federalreserve.gov/newsevents/speech/powell20260111a.htm,data\FED\Speeches\2026-01-11 - Jerome H. Powell - Statement from Federal Reserve Chair Jerome H. Powell.html,data\FED\Speeches\2026-01-11 - Jerome H. Powell - Statement from Federal Reserve Chair Jerome H. Powell.txt,html,success,2026-06-03T01:52:52,FED_2025_12,speech_after_meeting,2025-12-10,32,0.7,Speech falls inside a FOMC meeting window.
FED_DOC_BE9A20271EC2,FED,Speeches,speech,"Regulations, the Supply Side, and Monetary Policy",2026-01-14,Stephen I. Miran,https://www.federalreserve.gov/newsevents/speech/miran20260114a.htm,"data\FED\Speeches\2026-01-14 - Stephen I. Miran - Regulations, the Supply Side, and Monetary Policy.html","data\FED\Speeches\2026-01-14 - Stephen I. Miran - Regulations, the Supply Side, and Monetary Policy.txt",html,success,2026-06-03T01:52:50,FED_2025_12,speech_after_meeting,2025-12-10,35,0.7,Speech falls inside a FOMC meeting window.
FED_DOC_3985834A441C,FED,Speeches,speech,Economic Outlook and Monetary Policy Implementation,2026-01-16,Philip N. Jefferson,https://www.federalreserve.gov/newsevents/speech/jefferson20260116a.htm,data\FED\Speeches\2026-01-16 - Philip N. Jefferson - Economic Outlook and Monetary Policy Implementation.html,data\FED\Speeches\2026-01-16 - Philip N. Jefferson - Economic Outlook and Monetary Policy Implementation.txt,html,success,2026-06-03T01:52:46,FED_2025_12,speech_after_meeting,2025-12-10,37,0.7,Speech falls inside a FOMC meeting window.
FED_DOC_A9E5ECA1C637,FED,Speeches,speech,Outlook for the Economy and Monetary Policy,2026-01-16,Michelle W. Bowman,https://www.federalreserve.gov/newsevents/speech/bowman20260116a.htm,data\FED\Speeches\2026-01-16 - Michelle W. Bowman - Outlook for the Economy and Monetary Policy.html,data\FED\Speeches\2026-01-16 - Michelle W. Bowman - Outlook for the Economy and Monetary Policy.txt,html,success,2026-06-03T01:52:48,FED_2025_12,speech_after_meeting,2025-12-10,37,0.7,Speech falls inside a FOMC meeting window.
FED_DOC_071821156599,FED,Minutes,minutes,FOMC minutes,2026-01-28,,https://www.federalreserve.gov/monetarypolicy/files/fomcminutes20260128.pdf,data\FED\Minutes\2026-01-28 - FOMC minutes.pdf,data\FED\Minutes\2026-01-28 - FOMC minutes.txt,pdf,success,2026-06-03T01:49:22,FED_2026_01,minutes_for_meeting,2026-01-28,0,0.9,Linked to latest FOMC meeting on or before minutes date.
FED_DOC_C110B384B484,FED,Monetary Policy,statement,FOMC statement,2026-01-28,,https://www.federalreserve.gov/monetarypolicy/files/monetary20260128a1.pdf,data\FED\Monetary Policy\2026-01-28 - FOMC statement.pdf,data\FED\Monetary Policy\2026-01-28 - FOMC statement.txt,pdf,success,2026-06-03T01:47:49,FED_2026_01,anchor_statement,2026-01-28,0,1.0,Official FOMC statement anchor.
FED_DOC_2B4929C624D0,FED,Speeches,speech,Outlook for the Economy and Monetary Policy,2026-01-30,Michelle W. Bowman,https://www.federalreserve.gov/newsevents/speech/bowman20260130a.htm,data\FED\Speeches\2026-01-30 - Michelle W. Bowman - Outlook for the Economy and Monetary Policy.html,data\FED\Speeches\2026-01-30 - Michelle W. Bowman - Outlook for the Economy and Monetary Policy.txt,html,success,2026-06-03T01:52:41,FED_2026_01,speech_after_meeting,2026-01-28,2,0.7,Speech falls inside a FOMC meeting window.
FED_DOC_AE96B46D54F1,FED,Speeches,speech,Statement by Governor Christopher J. Waller,2026-01-30,Christopher J. Waller,https://www.federalreserve.gov/newsevents/speech/waller20260130a.htm,data\FED\Speeches\2026-01-30 - Christopher J. Waller - Statement by Governor Christopher J. Waller.html,data\FED\Speeches\2026-01-30 - Christopher J. Waller - Statement by Governor Christopher J. Waller.txt,html,success,2026-06-03T01:52:43,FED_2026_01,speech_after_meeting,2026-01-28,2,0.7,Speech falls inside a FOMC meeting window.
FED_DOC_8E5E682F516A,FED,Speeches,speech,Economic Outlook,2026-02-04,Economic Outlook,https://www.federalreserve.gov/newsevents/speech/cook20260204a.htm,data\FED\Speeches\2026-02-04 - Economic Outlook - Economic Outlook.html,data\FED\Speeches\2026-02-04 - Economic Outlook - Economic Outlook.txt,html,success,2026-06-03T01:52:40,FED_2026_01,speech_after_meeting,2026-01-28,7,0.7,Speech falls inside a FOMC meeting window.
FED_DOC_15AD70037D44,FED,Speeches,speech,Economic Outlook and Supply-Side (Dis)Inflation Dynamics,2026-02-06,Philip N. Jefferson,https://www.federalreserve.gov/newsevents/speech/jefferson20260206a.htm,data\FED\Speeches\2026-02-06 - Philip N. Jefferson - Economic Outlook and Supply-Side (Dis)Inflation Dynamics.html,data\FED\Speeches\2026-02-06 - Philip N. Jefferson - Economic Outlook and Supply-Side (Dis)Inflation Dynamics.txt,html,success,2026-06-03T01:52:38,FED_2026_01,speech_after_meeting,2026-01-28,9,0.7,Speech falls inside a FOMC meeting window.
FED_DOC_5D01C02457E0,FED,Speeches,speech,"Revitalizing Bank Mortgage Lending, One Step with Basel",2026-02-16,Michelle W. Bowman,https://www.federalreserve.gov/newsevents/speech/bowman20260216a.htm,"data\FED\Speeches\2026-02-16 - Michelle W. Bowman - Revitalizing Bank Mortgage Lending, One Step with Basel.html","data\FED\Speeches\2026-02-16 - Michelle W. Bowman - Revitalizing Bank Mortgage Lending, One Step with Basel.txt",html,success,2026-06-03T01:52:36,FED_2026_01,speech_after_meeting,2026-01-28,19,0.7,Speech falls inside a FOMC meeting window.
FED_DOC_23F7F90BB819,FED,Speeches,speech,What Will Artificial Intelligence Mean for the Labor Market and the Economy?,2026-02-17,Michael S. Barr,https://www.federalreserve.gov/newsevents/speech/barr20260217a.htm,data\FED\Speeches\2026-02-17 - Michael S. Barr - What Will Artificial Intelligence Mean for the Labor Market and the Economy_.html,data\FED\Speeches\2026-02-17 - Michael S. Barr - What Will Artificial Intelligence Mean for the Labor Market and the Economy_.txt,html,success,2026-06-03T01:52:34,FED_2026_01,speech_after_meeting,2026-01-28,20,0.7,Speech falls inside a FOMC meeting window.
FED_DOC_4F3729E6CFA8,FED,Speeches,speech,Opening Remarks,2026-02-19,Opening Remarks,https://www.federalreserve.gov/newsevents/speech/bowman20260219a.htm,data\FED\Speeches\2026-02-19 - Opening Remarks - Opening Remarks.html,data\FED\Speeches\2026-02-19 - Opening Remarks - Opening Remarks.txt,html,success,2026-06-03T01:52:32,FED_2026_01,speech_after_meeting,2026-01-28,22,0.7,Speech falls inside a FOMC meeting window.
FED_DOC_734BF48EA856,FED,Speeches,speech,Labor Market Data: Signal or Noise?,2026-02-23,Christopher J. Waller,https://www.federalreserve.gov/newsevents/speech/waller20260223a.htm,data\FED\Speeches\2026-02-23 - Christopher J. Waller - Labor Market Data_ Signal or Noise_.html,data\FED\Speeches\2026-02-23 - Christopher J. Waller - Labor Market Data_ Signal or Noise_.txt,html,success,2026-06-03T01:52:30,FED_2026_01,speech_after_meeting,2026-01-28,26,0.7,Speech falls inside a FOMC meeting window.
FED_DOC_639A3D3D4B2F,FED,Speeches,speech,Opening Remarks for the âAI and Productivity across the Economyâ Panel,2026-02-24,Lisa D. Cook,https://www.federalreserve.gov/newsevents/speech/cook20260224a.htm,data\FED\Speeches\2026-02-24 - Lisa D. Cook - Opening Remarks for the âAI and Productivity across the Economyâ Panel.html,data\FED\Speeches\2026-02-24 - Lisa D. Cook - Opening Remarks for the âAI and Productivity across the Economyâ Panel.txt,html,success,2026-06-03T01:52:26,FED_2026_01,speech_after_meeting,2026-01-28,27,0.7,Speech falls inside a FOMC meeting window.
FED_DOC_4F1F62DAB39C,FED,Speeches,speech,Operationalizing AI at the Federal Reserve,2026-02-24,Christopher J. Waller,https://www.federalreserve.gov/newsevents/speech/waller20260224a.htm,data\FED\Speeches\2026-02-24 - Christopher J. Waller - Operationalizing AI at the Federal Reserve.html,data\FED\Speeches\2026-02-24 - Christopher J. Waller - Operationalizing AI at the Federal Reserve.txt,html,success,2026-06-03T01:52:28,FED_2026_01,speech_after_meeting,2026-01-28,27,0.7,Speech falls inside a FOMC meeting window.
FED_DOC_6879DD38A21B,FED,Speeches,speech,Supervision and Regulation,2026-02-26,Supervision and Regulation,https://www.federalreserve.gov/newsevents/speech/bowman20260226a.htm,data\FED\Speeches\2026-02-26 - Supervision and Regulation - Supervision and Regulation.html,data\FED\Speeches\2026-02-26 - Supervision and Regulation - Supervision and Regulation.txt,html,success,2026-06-03T01:52:24,FED_2026_01,speech_after_meeting,2026-01-28,29,0.7,Speech falls inside a FOMC meeting window.
FED_DOC_E506EC50F6D5,FED,Speeches,speech,"Liquidity Resiliency, Financial Stability, and the Role of the Federal Reserve",2026-03-03,Michelle W. Bowman,https://www.federalreserve.gov/newsevents/speech/bowman20260303a.htm,"data\FED\Speeches\2026-03-03 - Michelle W. Bowman - Liquidity Resiliency, Financial Stability, and the Role of the Federal Reserve.html","data\FED\Speeches\2026-03-03 - Michelle W. Bowman - Liquidity Resiliency, Financial Stability, and the Role of the Federal Reserve.txt",html,success,2026-06-03T01:52:22,FED_2026_01,speech_after_meeting,2026-01-28,34,0.7,Speech falls inside a FOMC meeting window.
FED_DOC_F252770C032B,FED,Speeches,speech,Capital Rules for the Real Economy,2026-03-12,Michelle W. Bowman,https://www.federalreserve.gov/newsevents/speech/bowman20260312a.htm,data\FED\Speeches\2026-03-12 - Michelle W. Bowman - Capital Rules for the Real Economy.html,data\FED\Speeches\2026-03-12 - Michelle W. Bowman - Capital Rules for the Real Economy.txt,html,success,2026-06-03T01:52:20,FED_2026_01,speech_after_meeting,2026-01-28,43,0.7,Speech falls inside a FOMC meeting window.
FED_DOC_46C1266C103E,FED,Minutes,minutes,FOMC minutes,2026-03-18,,https://www.federalreserve.gov/monetarypolicy/files/fomcminutes20260318.pdf,data\FED\Minutes\2026-03-18 - FOMC minutes.pdf,data\FED\Minutes\2026-03-18 - FOMC minutes.txt,pdf,success,2026-06-03T01:49:24,FED_2026_03,minutes_for_meeting,2026-03-18,0,0.9,Linked to latest FOMC meeting on or before minutes date.
FED_DOC_AA84114F7571,FED,Monetary Policy,statement,FOMC statement,2026-03-18,,https://www.federalreserve.gov/monetarypolicy/files/monetary20260318a1.pdf,data\FED\Monetary Policy\2026-03-18 - FOMC statement.pdf,data\FED\Monetary Policy\2026-03-18 - FOMC statement.txt,pdf,success,2026-06-03T01:47:51,FED_2026_03,anchor_statement,2026-03-18,0,1.0,Official FOMC statement anchor.
FED_DOC_9E3FB2D80B20,FED,Speeches,speech,Acceptance Remarks,2026-03-21,Jerome H. Powell,https://www.federalreserve.gov/newsevents/speech/powell20260321a.htm,data\FED\Speeches\2026-03-21 - Jerome H. Powell - Acceptance Remarks.html,data\FED\Speeches\2026-03-21 - Jerome H. Powell - Acceptance Remarks.txt,html,success,2026-06-03T01:52:18,FED_2026_03,speech_after_meeting,2026-03-18,3,0.7,Speech falls inside a FOMC meeting window.
FED_DOC_7F0A49B1D47E,FED,Speeches,speech,Developing Communities through Public-private Partnerships,2026-03-24,Developing Communities through Public-private Partnerships,https://www.federalreserve.gov/newsevents/speech/barr20260324a.htm,data\FED\Speeches\2026-03-24 - Developing Communities through Public-private Partnerships - Developing Communities through Public-private Partnerships.html,data\FED\Speeches\2026-03-24 - Developing Communities through Public-private Partnerships - Developing Communities through Public-private Partnerships.txt,html,success,2026-06-03T01:52:16,FED_2026_03,speech_after_meeting,2026-03-18,6,0.7,Speech falls inside a FOMC meeting window.
FED_DOC_AE52E1DA1565,FED,Speeches,speech,Brief Remarks on the Economic Outlook and Monetary Policy,2026-03-26,Michael S. Barr,https://www.federalreserve.gov/newsevents/speech/barr20260326a.htm,data\FED\Speeches\2026-03-26 - Michael S. Barr - Brief Remarks on the Economic Outlook and Monetary Policy.html,data\FED\Speeches\2026-03-26 - Michael S. Barr - Brief Remarks on the Economic Outlook and Monetary Policy.txt,html,success,2026-06-03T01:52:06,FED_2026_03,speech_after_meeting,2026-03-18,8,0.7,Speech falls inside a FOMC meeting window.
FED_DOC_FA7D3A44E4E8,FED,Speeches,speech,Economic Outlook and Energy Effects,2026-03-26,Philip N. Jefferson,https://www.federalreserve.gov/newsevents/speech/jefferson20260326a.htm,data\FED\Speeches\2026-03-26 - Philip N. Jefferson - Economic Outlook and Energy Effects.html,data\FED\Speeches\2026-03-26 - Philip N. Jefferson - Economic Outlook and Energy Effects.txt,html,success,2026-06-03T01:52:08,FED_2026_03,speech_after_meeting,2026-03-18,8,0.7,Speech falls inside a FOMC meeting window.
FED_DOC_8BC658E9E0EC,FED,Speeches,speech,Prospects for Shrinking the Fedâs Balance Sheet,2026-03-26,Stephen I. Miran,https://www.federalreserve.gov/newsevents/speech/miran20260326a.htm,data\FED\Speeches\2026-03-26 - Stephen I. Miran - Prospects for Shrinking the Fedâs Balance Sheet.html,data\FED\Speeches\2026-03-26 - Stephen I. Miran - Prospects for Shrinking the Fedâs Balance Sheet.txt,html,success,2026-06-03T01:52:10,FED_2026_03,speech_after_meeting,2026-03-18,8,0.7,Speech falls inside a FOMC meeting window.
FED_DOC_98288CC3DA94,FED,Speeches,speech,Reflections on Financial Stability,2026-03-26,Reflections on Financial Stability,https://www.federalreserve.gov/newsevents/speech/cook20260326a.htm,data\FED\Speeches\2026-03-26 - Reflections on Financial Stability - Reflections on Financial Stability.html,data\FED\Speeches\2026-03-26 - Reflections on Financial Stability - Reflections on Financial Stability.txt,html,success,2026-06-03T01:52:14,FED_2026_03,speech_after_meeting,2026-03-18,8,0.7,Speech falls inside a FOMC meeting window.
FED_DOC_2D07723FC6C1,FED,Speeches,speech,Brief Remarks on Stablecoins,2026-03-31,Brief Remarks on Stablecoins,https://www.federalreserve.gov/newsevents/speech/barr20260331a.htm,data\FED\Speeches\2026-03-31 - Brief Remarks on Stablecoins - Brief Remarks on Stablecoins.html,data\FED\Speeches\2026-03-31 - Brief Remarks on Stablecoins - Brief Remarks on Stablecoins.txt,html,success,2026-06-03T01:52:04,FED_2026_03,speech_after_meeting,2026-03-18,13,0.7,Speech falls inside a FOMC meeting window.
FED_DOC_90CD027144B2,FED,Speeches,speech,Supporting Small Businesses,2026-03-31,Supporting Small Businesses,https://www.federalreserve.gov/newsevents/speech/bowman20260331a.htm,data\FED\Speeches\2026-03-31 - Supporting Small Businesses - Supporting Small Businesses.html,data\FED\Speeches\2026-03-31 - Supporting Small Businesses - Supporting Small Businesses.txt,html,success,2026-06-03T01:52:02,FED_2026_03,speech_after_meeting,2026-03-18,13,0.7,Speech falls inside a FOMC meeting window.
FED_DOC_E812A26DC7B5,FED,Speeches,speech,Economic Outlook and the Labor Market,2026-04-07,Philip N. Jefferson,https://www.federalreserve.gov/newsevents/speech/jefferson20260407a.htm,data\FED\Speeches\2026-04-07 - Philip N. Jefferson - Economic Outlook and the Labor Market.html,data\FED\Speeches\2026-04-07 - Philip N. Jefferson - Economic Outlook and the Labor Market.txt,html,success,2026-06-03T01:51:59,FED_2026_03,speech_after_meeting,2026-03-18,20,0.7,Speech falls inside a FOMC meeting window.
FED_DOC_80D847C74428,FED,Speeches,speech,Rural Communities: Worth the Investment,2026-04-14,Michael S. Barr,https://www.federalreserve.gov/newsevents/speech/barr20260414a.htm,data\FED\Speeches\2026-04-14 - Michael S. Barr - Rural Communities_ Worth the Investment.html,data\FED\Speeches\2026-04-14 - Michael S. Barr - Rural Communities_ Worth the Investment.txt,html,success,2026-06-03T01:51:57,FED_2026_03,speech_after_meeting,2026-03-18,27,0.7,Speech falls inside a FOMC meeting window.
FED_DOC_A31AF50DD11E,FED,Speeches,speech,One Transitory Shock After Another,2026-04-17,One Transitory Shock After Another,https://www.federalreserve.gov/newsevents/speech/waller20260417a.htm,data\FED\Speeches\2026-04-17 - One Transitory Shock After Another - One Transitory Shock After Another.html,data\FED\Speeches\2026-04-17 - One Transitory Shock After Another - One Transitory Shock After Another.txt,html,success,2026-06-03T01:51:55,FED_2026_03,speech_after_meeting,2026-03-18,30,0.7,Speech falls inside a FOMC meeting window.
FED_DOC_3501D9B90D6A,FED,Speeches,speech,Modernizing Federal Reserve Operations in the 21st Century,2026-04-21,Christopher J. Waller,https://www.federalreserve.gov/newsevents/speech/waller20260421a.htm,data\FED\Speeches\2026-04-21 - Christopher J. Waller - Modernizing Federal Reserve Operations in the 21st Century.html,data\FED\Speeches\2026-04-21 - Christopher J. Waller - Modernizing Federal Reserve Operations in the 21st Century.txt,html,success,2026-06-03T01:51:53,FED_2026_03,speech_after_meeting,2026-03-18,34,0.7,Speech falls inside a FOMC meeting window.
FED_DOC_518E0987424C,FED,Minutes,minutes,FOMC minutes,2026-04-29,,https://www.federalreserve.gov/monetarypolicy/files/fomcminutes20260429.pdf,data\FED\Minutes\2026-04-29 - FOMC minutes.pdf,data\FED\Minutes\2026-04-29 - FOMC minutes.txt,pdf,success,2026-06-03T01:49:26,FED_2026_04,minutes_for_meeting,2026-04-29,0,0.9,Linked to latest FOMC meeting on or before minutes date.
FED_DOC_483ADFC55AB2,FED,Monetary Policy,statement,FOMC statement,2026-04-29,,https://www.federalreserve.gov/monetarypolicy/files/monetary20260429a1.pdf,data\FED\Monetary Policy\2026-04-29 - FOMC statement.pdf,data\FED\Monetary Policy\2026-04-29 - FOMC statement.txt,pdf,success,2026-06-03T01:47:53,FED_2026_04,anchor_statement,2026-04-29,0,1.0,Official FOMC statement anchor.
FED_DOC_17DA4AAFD88D,FED,Speeches,speech,Artificial Intelligence in the Financial System,2026-05-01,Michelle W. Bowman,https://www.federalreserve.gov/newsevents/speech/bowman20260501a.htm,data\FED\Speeches\2026-05-01 - Michelle W. Bowman - Artificial Intelligence in the Financial System.html,data\FED\Speeches\2026-05-01 - Michelle W. Bowman - Artificial Intelligence in the Financial System.txt,html,success,2026-06-03T01:51:51,FED_2026_04,speech_after_meeting,2026-04-29,2,0.7,Speech falls inside a FOMC meeting window.
FED_DOC_FDBF1675216E,FED,Speeches,speech,A Coordinated Approach to Consumer Fraud Protection,2026-05-05,Michelle W. Bowman,https://www.federalreserve.gov/newsevents/speech/bowman20260505a.htm,data\FED\Speeches\2026-05-05 - Michelle W. Bowman - A Coordinated Approach to Consumer Fraud Protection.html,data\FED\Speeches\2026-05-05 - Michelle W. Bowman - A Coordinated Approach to Consumer Fraud Protection.txt,html,success,2026-06-03T01:51:50,FED_2026_04,speech_after_meeting,2026-04-29,6,0.7,Speech falls inside a FOMC meeting window.
FED_DOC_A13274C40ADF,FED,Speeches,speech,Perspectives on Tokenization and Implications for the Financial System,2026-05-08,Lisa D. Cook,https://www.federalreserve.gov/newsevents/speech/cook20260508a.htm,data\FED\Speeches\2026-05-08 - Lisa D. Cook - Perspectives on Tokenization and Implications for the Financial System.html,data\FED\Speeches\2026-05-08 - Lisa D. Cook - Perspectives on Tokenization and Implications for the Financial System.txt,html,success,2026-06-03T01:51:48,FED_2026_04,speech_after_meeting,2026-04-29,9,0.7,Speech falls inside a FOMC meeting window.
FED_DOC_D3BB7599D602,FED,Speeches,speech,Update On Federal Reserve Bank Operations,2026-05-08,Christopher J. Waller,https://www.federalreserve.gov/newsevents/speech/waller20260508a.htm,data\FED\Speeches\2026-05-08 - Christopher J. Waller - Update On Federal Reserve Bank Operations.html,data\FED\Speeches\2026-05-08 - Christopher J. Waller - Update On Federal Reserve Bank Operations.txt,html,success,2026-06-03T01:51:46,FED_2026_04,speech_after_meeting,2026-04-29,9,0.7,Speech falls inside a FOMC meeting window.
FED_DOC_AC6001390A99,FED,Speeches,speech,When Regulation Reshapes Markets: The Migration of Corporate Lending,2026-05-08,Michelle W. Bowman,https://www.federalreserve.gov/newsevents/speech/bowman20260508a.htm,data\FED\Speeches\2026-05-08 - Michelle W. Bowman - When Regulation Reshapes Markets_ The Migration of Corporate Lending.html,data\FED\Speeches\2026-05-08 - Michelle W. Bowman - When Regulation Reshapes Markets_ The Migration of Corporate Lending.txt,html,success,2026-06-03T01:51:44,FED_2026_04,speech_after_meeting,2026-04-29,9,0.7,Speech falls inside a FOMC meeting window.
FED_DOC_30D90A4339EA,FED,Speeches,speech,Efficient and Effective Central Banking: Beyond the Balance Sheet,2026-05-14,Michael S. Barr,https://www.federalreserve.gov/newsevents/speech/barr20260514a.htm,data\FED\Speeches\2026-05-14 - Michael S. Barr - Efficient and Effective Central Banking_ Beyond the Balance Sheet.html,data\FED\Speeches\2026-05-14 - Michael S. Barr - Efficient and Effective Central Banking_ Beyond the Balance Sheet.txt,html,success,2026-06-03T01:51:40,FED_2026_04,speech_after_meeting,2026-04-29,15,0.7,Speech falls inside a FOMC meeting window.
FED_DOC_9F5E3486F1AA,FED,Speeches,speech,Opening Remarks,2026-05-14,Opening Remarks,https://www.federalreserve.gov/newsevents/speech/bowman20260514a.htm,data\FED\Speeches\2026-05-14 - Opening Remarks - Opening Remarks.html,data\FED\Speeches\2026-05-14 - Opening Remarks - Opening Remarks.txt,html,success,2026-06-03T01:51:42,FED_2026_04,speech_after_meeting,2026-04-29,15,0.7,Speech falls inside a FOMC meeting window.
FED_DOC_AD23B3BA97E2,FED,Speeches,speech,Measuring Financial Health,2026-05-20,Measuring Financial Health,https://www.federalreserve.gov/newsevents/speech/barr20260520a.htm,data\FED\Speeches\2026-05-20 - Measuring Financial Health - Measuring Financial Health.html,data\FED\Speeches\2026-05-20 - Measuring Financial Health - Measuring Financial Health.txt,html,success,2026-06-03T01:51:38,FED_2026_04,speech_after_meeting,2026-04-29,21,0.7,Speech falls inside a FOMC meeting window.
FED_DOC_CB60C8342E21,FED,Speeches,speech,Policy Risks Have Changed,2026-05-22,Policy Risks Have Changed,https://www.federalreserve.gov/newsevents/speech/waller20260522a.htm,data\FED\Speeches\2026-05-22 - Policy Risks Have Changed - Policy Risks Have Changed.html,data\FED\Speeches\2026-05-22 - Policy Risks Have Changed - Policy Risks Have Changed.txt,html,success,2026-06-03T01:51:36,FED_2026_04,speech_after_meeting,2026-04-29,23,0.7,Speech falls inside a FOMC meeting window.
FED_DOC_345C020CA9AB,FED,Speeches,speech,Global Economic Developments and the U.S. Economy,2026-05-27,Philip N. Jefferson,https://www.federalreserve.gov/newsevents/speech/jefferson20260527a.htm,data\FED\Speeches\2026-05-27 - Philip N. Jefferson - Global Economic Developments and the U.S. Economy.html,data\FED\Speeches\2026-05-27 - Philip N. Jefferson - Global Economic Developments and the U.S. Economy.txt,html,success,2026-06-03T01:51:31,FED_2026_04,speech_after_meeting,2026-04-29,28,0.7,Speech falls inside a FOMC meeting window.
FED_DOC_59CF7795E8BA,FED,Speeches,speech,The Opportunities and Risks AI Presents for the Economy and Financial System,2026-05-27,Lisa D. Cook,https://www.federalreserve.gov/newsevents/speech/cook20260527a.htm,data\FED\Speeches\2026-05-27 - Lisa D. Cook - The Opportunities and Risks AI Presents for the Economy and Financial System.html,data\FED\Speeches\2026-05-27 - Lisa D. Cook - The Opportunities and Risks AI Presents for the Economy and Financial System.txt,html,success,2026-06-03T01:51:33,FED_2026_04,speech_after_meeting,2026-04-29,28,0.7,Speech falls inside a FOMC meeting window.
FED_DOC_9B12B4B196CF,FED,Speeches,speech,A Framework for Practical Monetary Policy Decision Making,2026-05-29,Watch Live,https://www.federalreserve.gov/newsevents/speech/bowman20260529a.htm,data\FED\Speeches\2026-05-29 - Watch Live - A Framework for Practical Monetary Policy Decision Making.html,data\FED\Speeches\2026-05-29 - Watch Live - A Framework for Practical Monetary Policy Decision Making.txt,html,success,2026-06-03T01:51:29,FED_2026_04,speech_after_meeting,2026-04-29,30,0.7,Speech falls inside a FOMC meeting window.
FED_DOC_32FD66862A5A,FED,Speeches,speech,Acceptance Remarks,2026-05-31,Acceptance Remarks,https://www.federalreserve.gov/newsevents/speech/powell20260531a.htm,data\FED\Speeches\2026-05-31 - Acceptance Remarks - Acceptance Remarks.html,data\FED\Speeches\2026-05-31 - Acceptance Remarks - Acceptance Remarks.txt,html,success,2026-06-03T01:51:27,FED_2026_04,speech_after_meeting,2026-04-29,32,0.7,Speech falls inside a FOMC meeting window.
