meeting_id,bank,meeting_date,doc_id,document_subtype,category,title,speaker,date_au,days_after_meeting,text_file_path,source_url,meeting_relation,linkage_confidence
FED_2021_01,FED,2021-01-27,FED_DOC_A6039C8D2684,minutes,Minutes,FOMC minutes,,2021-01-27,0,data\FED\Minutes\2021-01-27 - FOMC minutes.txt,https://www.federalreserve.gov/monetarypolicy/files/fomcminutes20210127.pdf,minutes_for_meeting,0.9
FED_2021_01,FED,2021-01-27,FED_DOC_B9CDE799F003,statement,Monetary Policy,FOMC statement,,2021-01-27,0,data\FED\Monetary Policy\2021-01-27 - FOMC statement.txt,https://www.federalreserve.gov/monetarypolicy/files/monetary20210127a1.pdf,anchor_statement,1.0
FED_2021_01,FED,2021-01-27,FED_DOC_D1989C2D3689,speech,Speeches,Getting Back to a Strong Labor Market,Jerome H. Powell,2021-02-10,14,data\FED\Speeches\2021-02-10 - Jerome H. Powell - Getting Back to a Strong Labor Market.txt,https://www.federalreserve.gov/newsevents/speech/powell20210210a.htm,speech_after_meeting,0.7
FED_2021_01,FED,2021-01-27,FED_DOC_A99E7B794EDF,speech,Speeches,My Perspective on Bank Regulation and Supervision,Michelle W. Bowman,2021-02-16,20,data\FED\Speeches\2021-02-16 - Michelle W. Bowman - My Perspective on Bank Regulation and Supervision.txt,https://www.federalreserve.gov/newsevents/speech/bowman20210216a.htm,speech_after_meeting,0.7
FED_2021_01,FED,2021-01-27,FED_DOC_9FA884EE5543,speech,Speeches,The Role of Financial Institutions in Tackling the Challenges of Climate Change,Lael Brainard,2021-02-18,22,data\FED\Speeches\2021-02-18 - Lael Brainard - The Role of Financial Institutions in Tackling the Challenges of Climate Change.txt,https://www.federalreserve.gov/newsevents/speech/brainard20210218a.htm,speech_after_meeting,0.7
FED_2021_01,FED,2021-01-27,FED_DOC_C6C764474807,speech,Speeches,Economic Inclusion in Lower-Income Communities,Economic Inclusion in Lower-Income Communities,2021-02-22,26,data\FED\Speeches\2021-02-22 - Economic Inclusion in Lower-Income Communities - Economic Inclusion in Lower-Income Communities.txt,https://www.federalreserve.gov/newsevents/speech/bowman20210222a.htm,speech_after_meeting,0.7
FED_2021_01,FED,2021-01-27,FED_DOC_2D76B92874F1,speech,Speeches,How Should We Think about Full Employment in the Federal Reserve's Dual Mandate?,Lael Brainard,2021-02-24,28,data\FED\Speeches\2021-02-24 - Lael Brainard - How Should We Think about Full Employment in the Federal Reserve's Dual Mandate_.txt,https://www.federalreserve.gov/newsevents/speech/brainard20210224a.htm,speech_after_meeting,0.7
FED_2021_01,FED,2021-01-27,FED_DOC_167497A7F46A,speech,Speeches,U.S. Economic Outlook and Monetary Policy,Richard H. Clarida,2021-02-24,28,data\FED\Speeches\2021-02-24 - Richard H. Clarida - U.S. Economic Outlook and Monetary Policy.txt,https://www.federalreserve.gov/newsevents/speech/clarida20210224a.htm,speech_after_meeting,0.7
FED_2021_01,FED,2021-01-27,FED_DOC_8DC10F392688,speech,Speeches,Themistocles and the Mathematicians: The Role of Stress Testing,Randal K. Quarles,2021-02-25,29,data\FED\Speeches\2021-02-25 - Randal K. Quarles - Themistocles and the Mathematicians_ The Role of Stress Testing.txt,https://www.federalreserve.gov/newsevents/speech/quarles20210225a.htm,speech_after_meeting,0.7
FED_2021_01,FED,2021-01-27,FED_DOC_CBB9DCB3F0CC,speech,Speeches,Some Preliminary Financial Stability Lessons from the COVID-19 Shock,Lael Brainard,2021-03-01,33,data\FED\Speeches\2021-03-01 - Lael Brainard - Some Preliminary Financial Stability Lessons from the COVID-19 Shock.txt,https://www.federalreserve.gov/newsevents/speech/brainard20210301a.htm,speech_after_meeting,0.7
FED_2021_01,FED,2021-01-27,FED_DOC_093BA66C734F,speech,Speeches,U.S. Economic Outlook and Monetary Policy: An Update,Lael Brainard,2021-03-02,34,data\FED\Speeches\2021-03-02 - Lael Brainard - U.S. Economic Outlook and Monetary Policy_ An Update.txt,https://www.federalreserve.gov/newsevents/speech/brainard20210302a.htm,speech_after_meeting,0.7
FED_2021_03,FED,2021-03-17,FED_DOC_720F3770B9C5,minutes,Minutes,FOMC minutes,,2021-03-17,0,data\FED\Minutes\2021-03-17 - FOMC minutes.txt,https://www.federalreserve.gov/monetarypolicy/files/fomcminutes20210317.pdf,minutes_for_meeting,0.9
FED_2021_03,FED,2021-03-17,FED_DOC_F1DF90B22339,statement,Monetary Policy,FOMC statement,,2021-03-17,0,data\FED\Monetary Policy\2021-03-17 - FOMC statement.txt,https://www.federalreserve.gov/monetarypolicy/files/monetary20210317a1.pdf,anchor_statement,1.0
FED_2021_03,FED,2021-03-17,FED_DOC_109E9C765C04,speech,Speeches,Closing Remarks,Jerome H. Powell,2021-03-18,1,data\FED\Speeches\2021-03-18 - Jerome H. Powell - Closing Remarks.txt,https://www.federalreserve.gov/newsevents/speech/powell20210318a.htm,speech_after_meeting,0.7
FED_2021_03,FED,2021-03-17,FED_DOC_8E5CC1BCB7D4,speech,Speeches,Keynote Remarks,Keynote Remarks,2021-03-22,5,data\FED\Speeches\2021-03-22 - Keynote Remarks - Keynote Remarks.txt,https://www.federalreserve.gov/newsevents/speech/quarles20210322a.htm,speech_after_meeting,0.7
FED_2021_03,FED,2021-03-17,FED_DOC_31FEDFA8098B,speech,Speeches,The Economic Outlook and Prospects for Small Business,Michelle W. Bowman,2021-03-22,5,data\FED\Speeches\2021-03-22 - Michelle W. Bowman - The Economic Outlook and Prospects for Small Business.txt,https://www.federalreserve.gov/newsevents/speech/bowman20210322a.htm,speech_after_meeting,0.7
FED_2021_03,FED,2021-03-17,FED_DOC_6161E4A1A204,speech,Speeches,Financial Stability Implications of Climate Change,Lael Brainard,2021-03-23,6,data\FED\Speeches\2021-03-23 - Lael Brainard - Financial Stability Implications of Climate Change.txt,https://www.federalreserve.gov/newsevents/speech/brainard20210323a.htm,speech_after_meeting,0.7
FED_2021_03,FED,2021-03-17,FED_DOC_716DF8847034,speech,Speeches,Remaining Patient as the Outlook Brightens,Lael Brainard,2021-03-23,6,data\FED\Speeches\2021-03-23 - Lael Brainard - Remaining Patient as the Outlook Brightens.txt,https://www.federalreserve.gov/newsevents/speech/brainard20210323b.htm,speech_after_meeting,0.7
FED_2021_03,FED,2021-03-17,FED_DOC_D41A8AE74E26,speech,Speeches,U.S. Economic Outlook and Monetary Policy,Richard H. Clarida,2021-03-25,8,data\FED\Speeches\2021-03-25 - Richard H. Clarida - U.S. Economic Outlook and Monetary Policy.txt,https://www.federalreserve.gov/newsevents/speech/clarida20210325a.htm,speech_after_meeting,0.7
FED_2021_03,FED,2021-03-17,FED_DOC_978F2C556A54,speech,Speeches,TreasuryâFederal Reserve Cooperation and the Importance of Central Bank Independence,Christopher J. Waller,2021-03-29,12,data\FED\Speeches\2021-03-29 - Christopher J. Waller - TreasuryâFederal Reserve Cooperation and the Importance of Central Bank Independence.txt,https://www.federalreserve.gov/newsevents/speech/waller20210329a.htm,speech_after_meeting,0.7
FED_2021_03,FED,2021-03-17,FED_DOC_F5DD022560EB,speech,Speeches,"The FSB in 2021: Addressing Financial Stability Challenges in an Age of Interconnectedness, Innovation, and Change",,2021-03-30,13,"data\FED\Speeches\2021-03-30 - The FSB in 2021_ Addressing Financial Stability Challenges in an Age of Interconnectedness, Innovation, and Change.txt",https://www.federalreserve.gov/newsevents/speech/quarles20210330a.htm,speech_after_meeting,0.7
FED_2021_03,FED,2021-03-17,FED_DOC_2EC7BB16BD4B,speech,Speeches,The Federal Reserve's New Framework and Outcome-Based Forward Guidance,Richard H. Clarida,2021-04-14,28,data\FED\Speeches\2021-04-14 - Richard H. Clarida - The Federal Reserve's New Framework and Outcome-Based Forward Guidance.txt,https://www.federalreserve.gov/newsevents/speech/clarida20210414a.htm,speech_after_meeting,0.7
FED_2021_04,FED,2021-04-28,FED_DOC_14D3CDF77916,minutes,Minutes,FOMC minutes,,2021-04-28,0,data\FED\Minutes\2021-04-28 - FOMC minutes.txt,https://www.federalreserve.gov/monetarypolicy/files/fomcminutes20210428.pdf,minutes_for_meeting,0.9
FED_2021_04,FED,2021-04-28,FED_DOC_B766A2A61F74,statement,Monetary Policy,FOMC statement,,2021-04-28,0,data\FED\Monetary Policy\2021-04-28 - FOMC statement.txt,https://www.federalreserve.gov/monetarypolicy/files/monetary20210428a1.pdf,anchor_statement,1.0
FED_2021_04,FED,2021-04-28,FED_DOC_4E3AF9E6DC5D,speech,Speeches,Community Development,Jerome H. Powell,2021-05-03,5,data\FED\Speeches\2021-05-03 - Jerome H. Powell - Community Development.txt,https://www.federalreserve.gov/newsevents/speech/powell20210503a.htm,speech_after_meeting,0.7
FED_2021_04,FED,2021-04-28,FED_DOC_49F1D8168DA7,speech,Speeches,The Economic Outlook and Implications for Monetary Policy,Michelle W. Bowman,2021-05-05,7,data\FED\Speeches\2021-05-05 - Michelle W. Bowman - The Economic Outlook and Implications for Monetary Policy.txt,https://www.federalreserve.gov/newsevents/speech/bowman20210505a.htm,speech_after_meeting,0.7
FED_2021_04,FED,2021-04-28,FED_DOC_E93103AFE502,speech,Speeches,Patience and Progress as the Economy Reopens and Recovers,Lael Brainard,2021-05-11,13,data\FED\Speeches\2021-05-11 - Lael Brainard - Patience and Progress as the Economy Reopens and Recovers.txt,https://www.federalreserve.gov/newsevents/speech/brainard20210511a.htm,speech_after_meeting,0.7
FED_2021_04,FED,2021-04-28,FED_DOC_BECFAC912D80,speech,Speeches,U.S. Economic Outlook and Monetary Policy,Richard H. Clarida,2021-05-12,14,data\FED\Speeches\2021-05-12 - Richard H. Clarida - U.S. Economic Outlook and Monetary Policy.txt,https://www.federalreserve.gov/newsevents/speech/clarida20210512a.htm,speech_after_meeting,0.7
FED_2021_04,FED,2021-04-28,FED_DOC_CEE76203C745,speech,Speeches,The Economic Outlook and Monetary Policy,Christopher J. Waller,2021-05-13,15,data\FED\Speeches\2021-05-13 - Christopher J. Waller - The Economic Outlook and Monetary Policy.txt,https://www.federalreserve.gov/newsevents/speech/waller20210513a.htm,speech_after_meeting,0.7
FED_2021_04,FED,2021-04-28,FED_DOC_CA6B2E0B696A,speech,Speeches,"Sovereign Markets, Global Factors",Richard H. Clarida,2021-05-17,19,"data\FED\Speeches\2021-05-17 - Richard H. Clarida - Sovereign Markets, Global Factors.txt",https://www.federalreserve.gov/newsevents/speech/clarida20210517a.htm,speech_after_meeting,0.7
FED_2021_04,FED,2021-04-28,FED_DOC_F51C4D1A838B,speech,Speeches,Private Money and Central Bank Money as Payments Go Digital: an Update on CBDCs,Lael Brainard,2021-05-24,26,data\FED\Speeches\2021-05-24 - Lael Brainard - Private Money and Central Bank Money as Payments Go Digital_ an Update on CBDCs.txt,https://www.federalreserve.gov/newsevents/speech/brainard20210524a.htm,speech_after_meeting,0.7
FED_2021_04,FED,2021-04-28,FED_DOC_811DDA559AA8,speech,Speeches,Remarks,,2021-05-26,28,data\FED\Speeches\2021-05-26 - Remarks.txt,https://www.federalreserve.gov/newsevents/speech/quarles20210526a.htm,speech_after_meeting,0.7
FED_2021_04,FED,2021-04-28,FED_DOC_E3AD9FFD4760,speech,Speeches,The Economic Outlook and Monetary Policy,Randal K. Quarles,2021-05-26,28,data\FED\Speeches\2021-05-26 - Randal K. Quarles - The Economic Outlook and Monetary Policy.txt,https://www.federalreserve.gov/newsevents/speech/quarles20210526b.htm,speech_after_meeting,0.7
FED_2021_04,FED,2021-04-28,FED_DOC_6F5583AD985B,speech,Speeches,Remaining Steady as the Economy Reopens,Lael Brainard,2021-06-01,34,data\FED\Speeches\2021-06-01 - Lael Brainard - Remaining Steady as the Economy Reopens.txt,https://www.federalreserve.gov/newsevents/speech/brainard20210601a.htm,speech_after_meeting,0.7
FED_2021_04,FED,2021-04-28,FED_DOC_7987F6B7F83D,speech,Speeches,"Jet Flight, Mail Bags, and Banking Regulation",Randal K. Quarles,2021-06-03,36,"data\FED\Speeches\2021-06-03 - Randal K. Quarles - Jet Flight, Mail Bags, and Banking Regulation.txt",https://www.federalreserve.gov/newsevents/speech/quarles20210603a.htm,speech_after_meeting,0.7
FED_2021_06,FED,2021-06-16,FED_DOC_9887E195832C,minutes,Minutes,FOMC minutes,,2021-06-16,0,data\FED\Minutes\2021-06-16 - FOMC minutes.txt,https://www.federalreserve.gov/monetarypolicy/files/fomcminutes20210616.pdf,minutes_for_meeting,0.9
FED_2021_06,FED,2021-06-16,FED_DOC_AF698697F313,statement,Monetary Policy,FOMC statement,,2021-06-16,0,data\FED\Monetary Policy\2021-06-16 - FOMC statement.txt,https://www.federalreserve.gov/monetarypolicy/files/monetary20210616a1.pdf,anchor_statement,1.0
FED_2021_06,FED,2021-06-16,FED_DOC_DE5F08971786,speech,Speeches,Building Economic Resilience in Communities,Building Economic Resilience in Communities,2021-06-23,7,data\FED\Speeches\2021-06-23 - Building Economic Resilience in Communities - Building Economic Resilience in Communities.txt,https://www.federalreserve.gov/newsevents/speech/bowman20210623a.htm,speech_after_meeting,0.7
FED_2021_06,FED,2021-06-16,FED_DOC_459BE97E35B7,speech,Speeches,Parachute Pants and Central Bank Money,Randal K. Quarles,2021-06-28,12,data\FED\Speeches\2021-06-28 - Randal K. Quarles - Parachute Pants and Central Bank Money.txt,https://www.federalreserve.gov/newsevents/speech/quarles20210628a.htm,speech_after_meeting,0.7
FED_2021_06,FED,2021-06-16,FED_DOC_F4ABCEE274DA,speech,Speeches,Disclosures and Data: Building Strong Foundations for Addressing Climate-Related Financial Risks,Randal K. Quarles,2021-07-11,25,data\FED\Speeches\2021-07-11 - Randal K. Quarles - Disclosures and Data_ Building Strong Foundations for Addressing Climate-Related Financial Risks.txt,https://www.federalreserve.gov/newsevents/speech/quarles20210711a.htm,speech_after_meeting,0.7
FED_2021_07,FED,2021-07-28,FED_DOC_2BE2F1980B2C,minutes,Minutes,FOMC minutes,,2021-07-28,0,data\FED\Minutes\2021-07-28 - FOMC minutes.txt,https://www.federalreserve.gov/monetarypolicy/files/fomcminutes20210728.pdf,minutes_for_meeting,0.9
FED_2021_07,FED,2021-07-28,FED_DOC_F83A81E665B0,statement,Monetary Policy,FOMC statement,,2021-07-28,0,data\FED\Monetary Policy\2021-07-28 - FOMC statement.txt,https://www.federalreserve.gov/monetarypolicy/files/monetary20210728a1.pdf,anchor_statement,1.0
FED_2021_07,FED,2021-07-28,FED_DOC_E18F3E64F7A6,speech,Speeches,Assessing Progress as the Economy Moves from Reopening to Recovery,Lael Brainard,2021-07-30,2,data\FED\Speeches\2021-07-30 - Lael Brainard - Assessing Progress as the Economy Moves from Reopening to Recovery.txt,https://www.federalreserve.gov/newsevents/speech/brainard20210730a.htm,speech_after_meeting,0.7
FED_2021_07,FED,2021-07-28,FED_DOC_A2E289CA8EFD,speech,Speeches,Welcoming Remarks,Welcoming Remarks,2021-08-03,6,data\FED\Speeches\2021-08-03 - Welcoming Remarks - Welcoming Remarks.txt,https://www.federalreserve.gov/newsevents/speech/bowman20210803a.htm,speech_after_meeting,0.7
FED_2021_07,FED,2021-07-28,FED_DOC_02F037FBECDC,speech,Speeches,"Outlooks, Outcomes, and Prospects for U.S. Monetary Policy",Richard H. Clarida,2021-08-04,7,"data\FED\Speeches\2021-08-04 - Richard H. Clarida - Outlooks, Outcomes, and Prospects for U.S. Monetary Policy.txt",https://www.federalreserve.gov/newsevents/speech/clarida20210804a.htm,speech_after_meeting,0.7
FED_2021_07,FED,2021-07-28,FED_DOC_4C0137185F7E,speech,Speeches,CBDC: A Solution in Search of a Problem?,Christopher J. Waller,2021-08-05,8,data\FED\Speeches\2021-08-05 - Christopher J. Waller - CBDC_ A Solution in Search of a Problem_.txt,https://www.federalreserve.gov/newsevents/speech/waller20210805a.htm,speech_after_meeting,0.7
FED_2021_07,FED,2021-07-28,FED_DOC_EBFD2CD57B7F,speech,Speeches,Welcoming Remarks,Jerome H. Powell,2021-08-17,20,data\FED\Speeches\2021-08-17 - Jerome H. Powell - Welcoming Remarks.txt,https://www.federalreserve.gov/newsevents/speech/powell20210817a.htm,speech_after_meeting,0.7
FED_2021_07,FED,2021-07-28,FED_DOC_296CFEC7CD45,speech,Speeches,Monetary Policy in the Time of COVID,Jerome H. Powell,2021-08-27,30,data\FED\Speeches\2021-08-27 - Jerome H. Powell - Monetary Policy in the Time of COVID.txt,https://www.federalreserve.gov/newsevents/speech/powell20210827a.htm,speech_after_meeting,0.7
FED_2021_07,FED,2021-07-28,FED_DOC_395985311916,speech,Speeches,Community Bank Access to Innovation,Community Bank Access to Innovation,2021-09-09,43,data\FED\Speeches\2021-09-09 - Community Bank Access to Innovation - Community Bank Access to Innovation.txt,https://www.federalreserve.gov/newsevents/speech/bowman20210909a.htm,speech_after_meeting,0.7
FED_2021_09,FED,2021-09-22,FED_DOC_15B6A5A825D8,minutes,Minutes,FOMC minutes,,2021-09-22,0,data\FED\Minutes\2021-09-22 - FOMC minutes.txt,https://www.federalreserve.gov/monetarypolicy/files/fomcminutes20210922.pdf,minutes_for_meeting,0.9
FED_2021_09,FED,2021-09-22,FED_DOC_EBC59530A876,statement,Monetary Policy,FOMC statement,,2021-09-22,0,data\FED\Monetary Policy\2021-09-22 - FOMC statement.txt,https://www.federalreserve.gov/monetarypolicy/files/monetary20210922a1.pdf,anchor_statement,1.0
FED_2021_09,FED,2021-09-22,FED_DOC_E556356BBE9D,speech,Speeches,Introductory Remarks,Jerome H. Powell,2021-09-24,2,data\FED\Speeches\2021-09-24 - Jerome H. Powell - Introductory Remarks.txt,https://www.federalreserve.gov/newsevents/speech/powell20210924a.htm,speech_after_meeting,0.7
FED_2021_09,FED,2021-09-22,FED_DOC_309D5A801BD4,speech,Speeches,Navigating Delta Headwinds on the Path to a Full Recovery,Lael Brainard,2021-09-27,5,data\FED\Speeches\2021-09-27 - Lael Brainard - Navigating Delta Headwinds on the Path to a Full Recovery.txt,https://www.federalreserve.gov/newsevents/speech/brainard20210927a.htm,speech_after_meeting,0.7
FED_2021_09,FED,2021-09-22,FED_DOC_B3A36DE2C6BD,speech,Speeches,Creating a New Model for the Future of Supervision,Michelle W. Bowman,2021-09-28,6,data\FED\Speeches\2021-09-28 - Michelle W. Bowman - Creating a New Model for the Future of Supervision.txt,https://www.federalreserve.gov/newsevents/speech/bowman20210928a.htm,speech_after_meeting,0.7
FED_2021_09,FED,2021-09-22,FED_DOC_E202CE5D8EEE,speech,Speeches,Goodbye to All That: The End of LIBOR,Randal K. Quarles,2021-10-05,13,data\FED\Speeches\2021-10-05 - Randal K. Quarles - Goodbye to All That_ The End of LIBOR.txt,https://www.federalreserve.gov/newsevents/speech/quarles20211005a.htm,speech_after_meeting,0.7
FED_2021_09,FED,2021-09-22,FED_DOC_48752476C512,speech,Speeches,Building Climate Scenario Analysis on the Foundations of Economic Research,Lael Brainard,2021-10-07,15,data\FED\Speeches\2021-10-07 - Lael Brainard - Building Climate Scenario Analysis on the Foundations of Economic Research.txt,https://www.federalreserve.gov/newsevents/speech/brainard20211007a.htm,speech_after_meeting,0.7
FED_2021_09,FED,2021-09-22,FED_DOC_A8B682FA5C31,speech,Speeches,U.S. Economic Outlook and Monetary Policy,Richard H. Clarida,2021-10-12,20,data\FED\Speeches\2021-10-12 - Richard H. Clarida - U.S. Economic Outlook and Monetary Policy.txt,https://www.federalreserve.gov/newsevents/speech/clarida20211012a.htm,speech_after_meeting,0.7
FED_2021_09,FED,2021-09-22,FED_DOC_1A3AF921C3D0,speech,Speeches,Financial Inclusion and Economic Challenges in the Shadow of the Pandemic: A Conversation with Tribal Leaders,Lael Brainard,2021-10-13,21,data\FED\Speeches\2021-10-13 - Lael Brainard - Financial Inclusion and Economic Challenges in the Shadow of the Pandemic_ A Conversation with Tribal Leaders.txt,https://www.federalreserve.gov/newsevents/speech/brainard20211013a.htm,speech_after_meeting,0.7
FED_2021_09,FED,2021-09-22,FED_DOC_D14E7E781E00,speech,Speeches,The View from Here: The Outlook for the U.S. Economy and Implications for Monetary Policy,Michelle W. Bowman,2021-10-13,21,data\FED\Speeches\2021-10-13 - Michelle W. Bowman - The View from Here_ The Outlook for the U.S. Economy and Implications for Monetary Policy.txt,https://www.federalreserve.gov/newsevents/speech/bowman20211013a.htm,speech_after_meeting,0.7
FED_2021_09,FED,2021-09-22,FED_DOC_930A561867E9,speech,Speeches,Financial Stability and Coordination in Times of Crisis,Randal K. Quarles,2021-10-18,26,data\FED\Speeches\2021-10-18 - Randal K. Quarles - Financial Stability and Coordination in Times of Crisis.txt,https://www.federalreserve.gov/newsevents/speech/quarles20211018a.htm,speech_after_meeting,0.7
FED_2021_09,FED,2021-09-22,FED_DOC_6897BB7A0DA6,speech,Speeches,The Economic Outlook and a Cautionary Tale on âIdiosyncraticâ Price Changes and Inflation,Christopher J. Waller,2021-10-19,27,data\FED\Speeches\2021-10-19 - Christopher J. Waller - The Economic Outlook and a Cautionary Tale on âIdiosyncraticâ Price Changes and Inflation.txt,https://www.federalreserve.gov/newsevents/speech/waller20211019a.htm,speech_after_meeting,0.7
FED_2021_09,FED,2021-09-22,FED_DOC_688791B68D0C,speech,Speeches,Welcoming Remarks,Welcoming Remarks,2021-10-19,27,data\FED\Speeches\2021-10-19 - Welcoming Remarks - Welcoming Remarks.txt,https://www.federalreserve.gov/newsevents/speech/bowman20211019a.htm,speech_after_meeting,0.7
FED_2021_09,FED,2021-09-22,FED_DOC_08D9FCBAB99F,speech,Speeches,How Long is Too Long? How High is Too High?: Managing Recent Inflation Developments within the FOMCâs Monetary Policy Framework,Randal K. Quarles,2021-10-20,28,data\FED\Speeches\2021-10-20 - Randal K. Quarles - How Long is Too Long_ How High is Too High_ Managing Recent Inflation Developments within the FOMCâs Monetary Polic.txt,https://www.federalreserve.gov/newsevents/speech/quarles20211020a.htm,speech_after_meeting,0.7
FED_2021_09,FED,2021-09-22,FED_DOC_E33872CEEB0C,speech,Speeches,The Lack of New Bank Formations is a Significant Issue for the Banking Industry,Michelle W. Bowman,2021-10-22,30,data\FED\Speeches\2021-10-22 - Michelle W. Bowman - The Lack of New Bank Formations is a Significant Issue for the Banking Industry.txt,https://www.federalreserve.gov/newsevents/speech/bowman20211022a.htm,speech_after_meeting,0.7
FED_2021_11,FED,2021-11-03,FED_DOC_79313CF650B6,minutes,Minutes,FOMC minutes,,2021-11-03,0,data\FED\Minutes\2021-11-03 - FOMC minutes.txt,https://www.federalreserve.gov/monetarypolicy/files/fomcminutes20211103.pdf,minutes_for_meeting,0.9
FED_2021_11,FED,2021-11-03,FED_DOC_A25BBF08463A,statement,Monetary Policy,FOMC statement,,2021-11-03,0,data\FED\Monetary Policy\2021-11-03 - FOMC statement.txt,https://www.federalreserve.gov/monetarypolicy/files/monetary20211103a1.pdf,anchor_statement,1.0
FED_2021_11,FED,2021-11-03,FED_DOC_E9C42DF66787,speech,Speeches,Flexible Average Inflation Targeting and Prospects for U.S. Monetary Policy,Richard H. Clarida,2021-11-08,5,data\FED\Speeches\2021-11-08 - Richard H. Clarida - Flexible Average Inflation Targeting and Prospects for U.S. Monetary Policy.txt,https://www.federalreserve.gov/newsevents/speech/clarida20211108a.htm,speech_after_meeting,0.7
FED_2021_11,FED,2021-11-03,FED_DOC_3DC4B02B0BC7,speech,Speeches,Opening Remarks,Jerome H. Powell,2021-11-08,5,data\FED\Speeches\2021-11-08 - Jerome H. Powell - Opening Remarks.txt,https://www.federalreserve.gov/newsevents/speech/powell20211108a.htm,speech_after_meeting,0.7
FED_2021_11,FED,2021-11-03,FED_DOC_F56EC3331F73,speech,Speeches,The U.S. Housing and Mortgage Market: Risks and Resilience,Michelle W. Bowman,2021-11-08,5,data\FED\Speeches\2021-11-08 - Michelle W. Bowman - The U.S. Housing and Mortgage Market_ Risks and Resilience.txt,https://www.federalreserve.gov/newsevents/speech/bowman20211108a.htm,speech_after_meeting,0.7
FED_2021_11,FED,2021-11-03,FED_DOC_55AC407AAB0E,speech,Speeches,Opening Remarks,Jerome H. Powell,2021-11-09,6,data\FED\Speeches\2021-11-09 - Jerome H. Powell - Opening Remarks.txt,https://www.federalreserve.gov/newsevents/speech/powell20211109a.htm,speech_after_meeting,0.7
FED_2021_11,FED,2021-11-03,FED_DOC_DE16B74686E6,speech,Speeches,Reflections on Stablecoins and Payments Innovations,Christopher J. Waller,2021-11-17,14,data\FED\Speeches\2021-11-17 - Christopher J. Waller - Reflections on Stablecoins and Payments Innovations.txt,https://www.federalreserve.gov/newsevents/speech/waller20211117a.htm,speech_after_meeting,0.7
FED_2021_11,FED,2021-11-03,FED_DOC_A0F04E718745,speech,Speeches,Economic Outlook,Economic Outlook,2021-11-19,16,data\FED\Speeches\2021-11-19 - Economic Outlook - Economic Outlook.txt,https://www.federalreserve.gov/newsevents/speech/waller20211119a.htm,speech_after_meeting,0.7
FED_2021_11,FED,2021-11-03,FED_DOC_067630A03BBB,speech,Speeches,"Perspectives on Global Monetary Policy Coordination, Cooperation, and Correlation",Richard H. Clarida,2021-11-19,16,"data\FED\Speeches\2021-11-19 - Richard H. Clarida - Perspectives on Global Monetary Policy Coordination, Cooperation, and Correlation.txt",https://www.federalreserve.gov/newsevents/speech/clarida20211119a.htm,speech_after_meeting,0.7
FED_2021_11,FED,2021-11-03,FED_DOC_801A507CEA19,speech,Speeches,"Engagement, Research and Policy: Integrating Indigenous Voices into Economic Inclusion at the Federal Reserve",Michelle W. Bowman,2021-11-29,26,"data\FED\Speeches\2021-11-29 - Michelle W. Bowman - Engagement, Research and Policy_ Integrating Indigenous Voices into Economic Inclusion at the Federal Reserve.txt",https://www.federalreserve.gov/newsevents/speech/bowman20211129a.htm,speech_after_meeting,0.7
FED_2021_11,FED,2021-11-03,FED_DOC_0D3BEA180082,speech,Speeches,Opening Remarks,Jerome H. Powell,2021-11-29,26,data\FED\Speeches\2021-11-29 - Jerome H. Powell - Opening Remarks.txt,https://www.federalreserve.gov/newsevents/speech/powell20211129a.htm,speech_after_meeting,0.7
FED_2021_11,FED,2021-11-03,FED_DOC_ABFFFC01A62B,speech,Speeches,Federal Reserve Independence: Foundations and Responsibilities,Richard H. Clarida,2021-11-30,27,data\FED\Speeches\2021-11-30 - Richard H. Clarida - Federal Reserve Independence_ Foundations and Responsibilities.txt,https://www.federalreserve.gov/newsevents/speech/clarida20211130a.htm,speech_after_meeting,0.7
FED_2021_11,FED,2021-11-03,FED_DOC_B856ED3CFF11,speech,Speeches,Between the Hither and the Farther Shore: Thoughts on Unfinished Business,Randal K. Quarles,2021-12-02,29,data\FED\Speeches\2021-12-02 - Randal K. Quarles - Between the Hither and the Farther Shore_ Thoughts on Unfinished Business.txt,https://www.federalreserve.gov/newsevents/speech/quarles20211202a.htm,speech_after_meeting,0.7
FED_2021_12,FED,2021-12-15,FED_DOC_C51656387D53,minutes,Minutes,FOMC minutes,,2021-12-15,0,data\FED\Minutes\2021-12-15 - FOMC minutes.txt,https://www.federalreserve.gov/monetarypolicy/files/fomcminutes20211215.pdf,minutes_for_meeting,0.9
FED_2021_12,FED,2021-12-15,FED_DOC_D4AC23A3E0CB,statement,Monetary Policy,FOMC statement,,2021-12-15,0,data\FED\Monetary Policy\2021-12-15 - FOMC statement.txt,https://www.federalreserve.gov/monetarypolicy/files/monetary20211215a1.pdf,anchor_statement,1.0
FED_2021_12,FED,2021-12-15,FED_DOC_5104C3D598A1,speech,Speeches,A Hopeless and Imperative Endeavor: Lessons from the Pandemic for Economic Forecasters,Christopher J. Waller,2021-12-17,2,data\FED\Speeches\2021-12-17 - Christopher J. Waller - A Hopeless and Imperative Endeavor_ Lessons from the Pandemic for Economic Forecasters.txt,https://www.federalreserve.gov/newsevents/speech/waller20211217a.htm,speech_after_meeting,0.7
FED_2022_01,FED,2022-01-26,FED_DOC_E1296E6BABD3,minutes,Minutes,FOMC minutes,,2022-01-26,0,data\FED\Minutes\2022-01-26 - FOMC minutes.txt,https://www.federalreserve.gov/monetarypolicy/files/fomcminutes20220126.pdf,minutes_for_meeting,0.9
FED_2022_01,FED,2022-01-26,FED_DOC_6EA63600B6E6,statement,Monetary Policy,FOMC statement,,2022-01-26,0,data\FED\Monetary Policy\2022-01-26 - FOMC statement.txt,https://www.federalreserve.gov/monetarypolicy/files/monetary20220126a1.pdf,anchor_statement,1.0
FED_2022_01,FED,2022-01-26,FED_DOC_6549A97BA416,speech,Speeches,"Comments on ""Some Benefits and Risks of a Hot Economy""",Christopher J. Waller,2022-02-18,23,data\FED\Speeches\2022-02-18 - Christopher J. Waller - Comments on _Some Benefits and Risks of a Hot Economy_.txt,https://www.federalreserve.gov/newsevents/speech/waller20220218a.htm,speech_after_meeting,0.7
FED_2022_01,FED,2022-01-26,FED_DOC_9AAB24AB7440,speech,Speeches,Preparing for the Financial System of the Future,Lael Brainard,2022-02-18,23,data\FED\Speeches\2022-02-18 - Lael Brainard - Preparing for the Financial System of the Future.txt,https://www.federalreserve.gov/newsevents/speech/brainard20220218a.htm,speech_after_meeting,0.7
FED_2022_01,FED,2022-01-26,FED_DOC_A75F6DE9621F,speech,Speeches,High Inflation and the Outlook for Monetary Policy,Michelle W. Bowman,2022-02-21,26,data\FED\Speeches\2022-02-21 - Michelle W. Bowman - High Inflation and the Outlook for Monetary Policy.txt,https://www.federalreserve.gov/newsevents/speech/bowman20220221a.htm,speech_after_meeting,0.7
FED_2022_01,FED,2022-01-26,FED_DOC_7326BB90F476,speech,Speeches,Fighting Inflation with Rate Hikes and Balance Sheet Reduction,Christopher J. Waller,2022-02-24,29,data\FED\Speeches\2022-02-24 - Christopher J. Waller - Fighting Inflation with Rate Hikes and Balance Sheet Reduction.txt,https://www.federalreserve.gov/newsevents/speech/waller20220224a.htm,speech_after_meeting,0.7
FED_2022_03,FED,2022-03-16,FED_DOC_ACDC751C5B07,minutes,Minutes,FOMC minutes,,2022-03-16,0,data\FED\Minutes\2022-03-16 - FOMC minutes.txt,https://www.federalreserve.gov/monetarypolicy/files/fomcminutes20220316.pdf,minutes_for_meeting,0.9
FED_2022_03,FED,2022-03-16,FED_DOC_1B8FFEA724BB,statement,Monetary Policy,FOMC statement,,2022-03-16,0,data\FED\Monetary Policy\2022-03-16 - FOMC statement.txt,https://www.federalreserve.gov/monetarypolicy/files/monetary20220316a1.pdf,anchor_statement,1.0
FED_2022_03,FED,2022-03-16,FED_DOC_3A6FC2995A40,speech,Speeches,Welcoming Remarks,Welcoming Remarks,2022-03-18,2,data\FED\Speeches\2022-03-18 - Welcoming Remarks - Welcoming Remarks.txt,https://www.federalreserve.gov/newsevents/speech/bowman20220318a.htm,speech_after_meeting,0.7
FED_2022_03,FED,2022-03-16,FED_DOC_4D2F6C089423,speech,Speeches,Restoring Price Stability,Pro Tempore Jerome H. Powell,2022-03-21,5,data\FED\Speeches\2022-03-21 - Pro Tempore Jerome H. Powell - Restoring Price Stability.txt,https://www.federalreserve.gov/newsevents/speech/powell20220321a.htm,speech_after_meeting,0.7
FED_2022_03,FED,2022-03-16,FED_DOC_F8617E1600FA,speech,Speeches,The Red Hot Housing Market: the Role of Policy and Implications for Housing Affordability,Christopher J. Waller,2022-03-24,8,data\FED\Speeches\2022-03-24 - Christopher J. Waller - The Red Hot Housing Market_ the Role of Policy and Implications for Housing Affordability.txt,https://www.federalreserve.gov/newsevents/speech/waller20220324a.htm,speech_after_meeting,0.7
FED_2022_03,FED,2022-03-16,FED_DOC_AC6CDC4FDD36,speech,Speeches,Variation in the Inflation Experiences of Households,Lael Brainard,2022-04-05,20,data\FED\Speeches\2022-04-05 - Lael Brainard - Variation in the Inflation Experiences of Households.txt,https://www.federalreserve.gov/newsevents/speech/brainard20220405a.htm,speech_after_meeting,0.7
FED_2022_05,FED,2022-05-04,FED_DOC_765967B363BB,minutes,Minutes,FOMC minutes,,2022-05-04,0,data\FED\Minutes\2022-05-04 - FOMC minutes.txt,https://www.federalreserve.gov/monetarypolicy/files/fomcminutes20220504.pdf,minutes_for_meeting,0.9
FED_2022_05,FED,2022-05-04,FED_DOC_01ECCF02DE6D,statement,Monetary Policy,FOMC statement,,2022-05-04,0,data\FED\Monetary Policy\2022-05-04 - FOMC statement.txt,https://www.federalreserve.gov/monetarypolicy/files/monetary20220504a1.pdf,anchor_statement,1.0
FED_2022_05,FED,2022-05-04,FED_DOC_B168A9EB0096,speech,Speeches,Reflections on Monetary Policy in 2021,Christopher J. Waller,2022-05-06,2,data\FED\Speeches\2022-05-06 - Christopher J. Waller - Reflections on Monetary Policy in 2021.txt,https://www.federalreserve.gov/newsevents/speech/waller20220506a.htm,speech_after_meeting,0.7
FED_2022_05,FED,2022-05-04,FED_DOC_F83FAE352B85,speech,Speeches,Welcoming Remarks,Jerome H. Powell,2022-05-24,20,data\FED\Speeches\2022-05-24 - Jerome H. Powell - Welcoming Remarks.txt,https://www.federalreserve.gov/newsevents/speech/powell20220524a.htm,speech_after_meeting,0.7
FED_2022_05,FED,2022-05-04,FED_DOC_7CE1386F893C,speech,Speeches,Commencement Remarks,Lael Brainard,2022-05-25,21,data\FED\Speeches\2022-05-25 - Lael Brainard - Commencement Remarks.txt,https://www.federalreserve.gov/newsevents/speech/brainard20220525a.htm,speech_after_meeting,0.7
FED_2022_05,FED,2022-05-04,FED_DOC_5638871E7903,speech,Speeches,"Responding to High Inflation, with Some Thoughts on a Soft Landing",Christopher J. Waller,2022-05-30,26,"data\FED\Speeches\2022-05-30 - Christopher J. Waller - Responding to High Inflation, with Some Thoughts on a Soft Landing.txt",https://www.federalreserve.gov/newsevents/speech/waller20220530a.htm,speech_after_meeting,0.7
FED_2022_05,FED,2022-05-04,FED_DOC_6704B5480198,speech,Speeches,Risk in the Crypto Markets,Risk in the Crypto Markets,2022-06-03,30,data\FED\Speeches\2022-06-03 - Risk in the Crypto Markets - Risk in the Crypto Markets.txt,https://www.federalreserve.gov/newsevents/speech/waller20220603a.htm,speech_after_meeting,0.7
FED_2022_06,FED,2022-06-15,FED_DOC_C5558630B881,minutes,Minutes,FOMC minutes,,2022-06-15,0,data\FED\Minutes\2022-06-15 - FOMC minutes.txt,https://www.federalreserve.gov/monetarypolicy/files/fomcminutes20220615.pdf,minutes_for_meeting,0.9
FED_2022_06,FED,2022-06-15,FED_DOC_A83DEA2795D6,statement,Monetary Policy,FOMC statement,,2022-06-15,0,data\FED\Monetary Policy\2022-06-15 - FOMC statement.txt,https://www.federalreserve.gov/monetarypolicy/files/monetary20220615a1.pdf,anchor_statement,1.0
FED_2022_06,FED,2022-06-15,FED_DOC_3E880B2EDA46,speech,Speeches,Welcoming Remarks,Jerome H. Powell,2022-06-17,2,data\FED\Speeches\2022-06-17 - Jerome H. Powell - Welcoming Remarks.txt,https://www.federalreserve.gov/newsevents/speech/powell20220617a.htm,speech_after_meeting,0.7
FED_2022_06,FED,2022-06-15,FED_DOC_EC90AD97C722,speech,Speeches,Lessons Learned on Normalizing Monetary Policy,Christopher J. Waller,2022-06-18,3,data\FED\Speeches\2022-06-18 - Christopher J. Waller - Lessons Learned on Normalizing Monetary Policy.txt,https://www.federalreserve.gov/newsevents/speech/waller20220618a.htm,speech_after_meeting,0.7
FED_2022_06,FED,2022-06-15,FED_DOC_59F0F3A48B5D,speech,Speeches,The Outlook for Inflation and Monetary Policy,Michelle W. Bowman,2022-06-23,8,data\FED\Speeches\2022-06-23 - Michelle W. Bowman - The Outlook for Inflation and Monetary Policy.txt,https://www.federalreserve.gov/newsevents/speech/bowman20220623a.htm,speech_after_meeting,0.7
FED_2022_06,FED,2022-06-15,FED_DOC_AD69E976D4DD,speech,Speeches,Crypto-Assets and Decentralized Finance through a Financial Stability Lens,Lael Brainard,2022-07-08,23,data\FED\Speeches\2022-07-08 - Lael Brainard - Crypto-Assets and Decentralized Finance through a Financial Stability Lens.txt,https://www.federalreserve.gov/newsevents/speech/brainard20220708a.htm,speech_after_meeting,0.7
FED_2022_06,FED,2022-06-15,FED_DOC_4CE878A3D358,speech,Speeches,Monetary Policy in a World of Conflicting Data,Christopher J. Waller,2022-07-14,29,data\FED\Speeches\2022-07-14 - Christopher J. Waller - Monetary Policy in a World of Conflicting Data.txt,https://www.federalreserve.gov/newsevents/speech/waller20220714a.htm,speech_after_meeting,0.7
FED_2022_06,FED,2022-06-15,FED_DOC_3D62EA3E03F5,speech,Speeches,Strengthening the CRA: A Conversation with Representatives of Native Communities,Lael Brainard,2022-07-19,34,data\FED\Speeches\2022-07-19 - Lael Brainard - Strengthening the CRA_ A Conversation with Representatives of Native Communities.txt,https://www.federalreserve.gov/newsevents/speech/brainard20220719a.htm,speech_after_meeting,0.7
FED_2022_07,FED,2022-07-27,FED_DOC_66D7AF562B19,minutes,Minutes,FOMC minutes,,2022-07-27,0,data\FED\Minutes\2022-07-27 - FOMC minutes.txt,https://www.federalreserve.gov/monetarypolicy/files/fomcminutes20220727.pdf,minutes_for_meeting,0.9
FED_2022_07,FED,2022-07-27,FED_DOC_9F659D82DDEA,statement,Monetary Policy,FOMC statement,,2022-07-27,0,data\FED\Monetary Policy\2022-07-27 - FOMC statement.txt,https://www.federalreserve.gov/monetarypolicy/files/monetary20220727a1.pdf,anchor_statement,1.0
FED_2022_07,FED,2022-07-27,FED_DOC_CC37429C0096,speech,Speeches,Fighting Inflation in Challenging Times,Fighting Inflation in Challenging Times,2022-08-06,10,data\FED\Speeches\2022-08-06 - Fighting Inflation in Challenging Times - Fighting Inflation in Challenging Times.txt,https://www.federalreserve.gov/newsevents/speech/bowman20220806a.htm,speech_after_meeting,0.7
FED_2022_07,FED,2022-07-27,FED_DOC_8F5A922C7876,speech,Speeches,"Technology, Innovation, and Financial Services",Michelle W. Bowman,2022-08-17,21,"data\FED\Speeches\2022-08-17 - Michelle W. Bowman - Technology, Innovation, and Financial Services.txt",https://www.federalreserve.gov/newsevents/speech/bowman20220817a.htm,speech_after_meeting,0.7
FED_2022_07,FED,2022-07-27,FED_DOC_9C66730908EE,speech,Speeches,Working Women in the Pandemic Era,Michelle W. Bowman,2022-08-17,21,data\FED\Speeches\2022-08-17 - Michelle W. Bowman - Working Women in the Pandemic Era.txt,https://www.federalreserve.gov/newsevents/speech/bowman20220817b.htm,speech_after_meeting,0.7
FED_2022_07,FED,2022-07-27,FED_DOC_369FB684CF2B,speech,Speeches,Monetary Policy and Price Stability,Jerome H. Powell,2022-08-26,30,data\FED\Speeches\2022-08-26 - Jerome H. Powell - Monetary Policy and Price Stability.txt,https://www.federalreserve.gov/newsevents/speech/powell20220826a.htm,speech_after_meeting,0.7
FED_2022_07,FED,2022-07-27,FED_DOC_A6A496C9BED2,speech,Speeches,Progress on Fast Payments for All: An Update on FedNow,Lael Brainard,2022-08-29,33,data\FED\Speeches\2022-08-29 - Lael Brainard - Progress on Fast Payments for All_ An Update on FedNow.txt,https://www.federalreserve.gov/newsevents/speech/brainard20220829a.htm,speech_after_meeting,0.7
FED_2022_07,FED,2022-07-27,FED_DOC_C0AC9AAFD847,speech,Speeches,Bringing Inflation Down,Lael Brainard,2022-09-07,42,data\FED\Speeches\2022-09-07 - Lael Brainard - Bringing Inflation Down.txt,https://www.federalreserve.gov/newsevents/speech/brainard20220907a.htm,speech_after_meeting,0.7
FED_2022_07,FED,2022-07-27,FED_DOC_6CD45CA20399,speech,Speeches,Making the Financial System Safer and Fairer,Stablecoins as Private Money,2022-09-07,42,data\FED\Speeches\2022-09-07 - Stablecoins as Private Money - Making the Financial System Safer and Fairer.txt,https://www.federalreserve.gov/newsevents/speech/barr20220907a.htm,speech_after_meeting,0.7
FED_2022_07,FED,2022-07-27,FED_DOC_73931354B52E,speech,Speeches,The Economic Outlook: Time to Let the Data Do the Talking,Christopher J. Waller,2022-09-09,44,data\FED\Speeches\2022-09-09 - Christopher J. Waller - The Economic Outlook_ Time to Let the Data Do the Talking.txt,https://www.federalreserve.gov/newsevents/speech/waller20220909a.htm,speech_after_meeting,0.7
FED_2022_09,FED,2022-09-21,FED_DOC_30C9D0D91F8D,minutes,Minutes,FOMC minutes,,2022-09-21,0,data\FED\Minutes\2022-09-21 - FOMC minutes.txt,https://www.federalreserve.gov/monetarypolicy/files/fomcminutes20220921.pdf,minutes_for_meeting,0.9
FED_2022_09,FED,2022-09-21,FED_DOC_82596B8FA70D,statement,Monetary Policy,FOMC statement,,2022-09-21,0,data\FED\Monetary Policy\2022-09-21 - FOMC statement.txt,https://www.federalreserve.gov/monetarypolicy/files/monetary20220921a1.pdf,anchor_statement,1.0
FED_2022_09,FED,2022-09-21,FED_DOC_730475AF3128,speech,Speeches,The New Landscape for Banking Competition,Michelle W. Bowman,2022-09-28,7,data\FED\Speeches\2022-09-28 - Michelle W. Bowman - The New Landscape for Banking Competition.txt,https://www.federalreserve.gov/newsevents/speech/bowman20220928a.htm,speech_after_meeting,0.7
FED_2022_09,FED,2022-09-21,FED_DOC_58684D283390,speech,Speeches,Welcoming Remarks,Jerome H. Powell,2022-09-28,7,data\FED\Speeches\2022-09-28 - Jerome H. Powell - Welcoming Remarks.txt,https://www.federalreserve.gov/newsevents/speech/powell20220928a.htm,speech_after_meeting,0.7
FED_2022_09,FED,2022-09-21,FED_DOC_299D2902C1CB,speech,Speeches,Global Financial Stability Considerations for Monetary Policy in a High-Inflation Environment,Lael Brainard,2022-09-30,9,data\FED\Speeches\2022-09-30 - Lael Brainard - Global Financial Stability Considerations for Monetary Policy in a High-Inflation Environment.txt,https://www.federalreserve.gov/newsevents/speech/brainard20220930a.htm,speech_after_meeting,0.7
FED_2022_09,FED,2022-09-21,FED_DOC_DDC9E029908A,speech,Speeches,Large Bank Supervision and Regulation,Large Bank Supervision and Regulation,2022-09-30,9,data\FED\Speeches\2022-09-30 - Large Bank Supervision and Regulation - Large Bank Supervision and Regulation.txt,https://www.federalreserve.gov/newsevents/speech/bowman20220930a.htm,speech_after_meeting,0.7
FED_2022_09,FED,2022-09-21,FED_DOC_E033E7C183F4,speech,Speeches,Technologyâs Impact on the Post-Pandemic Economy,Philip N. Jefferson,2022-10-04,13,data\FED\Speeches\2022-10-04 - Philip N. Jefferson - Technologyâs Impact on the Post-Pandemic Economy.txt,https://www.federalreserve.gov/newsevents/speech/jefferson20221004a.htm,speech_after_meeting,0.7
FED_2022_09,FED,2022-09-21,FED_DOC_B5E408EB4FED,speech,Speeches,Economic Outlook,Economic Outlook,2022-10-06,15,data\FED\Speeches\2022-10-06 - Economic Outlook - Economic Outlook.txt,https://www.federalreserve.gov/newsevents/speech/cook20221006a.htm,speech_after_meeting,0.7
FED_2022_09,FED,2022-09-21,FED_DOC_B272B8C1A4C0,speech,Speeches,The Economic Outlook with a Look at the Housing Market,Christopher J. Waller,2022-10-06,15,data\FED\Speeches\2022-10-06 - Christopher J. Waller - The Economic Outlook with a Look at the Housing Market.txt,https://www.federalreserve.gov/newsevents/speech/waller20221006a.htm,speech_after_meeting,0.7
FED_2022_09,FED,2022-09-21,FED_DOC_180610C75707,speech,Speeches,Restoring Price Stability in an Uncertain Economic Environment,Lael Brainard,2022-10-10,19,data\FED\Speeches\2022-10-10 - Lael Brainard - Restoring Price Stability in an Uncertain Economic Environment.txt,https://www.federalreserve.gov/newsevents/speech/brainard20221010a.htm,speech_after_meeting,0.7
FED_2022_09,FED,2022-09-21,FED_DOC_67A446CDD875,speech,Speeches,Forward Guidance as a Monetary Policy Tool: Considerations for the Current Economic Environment,Michelle W. Bowman,2022-10-12,21,data\FED\Speeches\2022-10-12 - Michelle W. Bowman - Forward Guidance as a Monetary Policy Tool_ Considerations for the Current Economic Environment.txt,https://www.federalreserve.gov/newsevents/speech/bowman20221012a.htm,speech_after_meeting,0.7
FED_2022_09,FED,2022-09-21,FED_DOC_97B9C8E3B013,speech,Speeches,Managing the Promise and Risk of Financial Innovation,Regulating Stablecoins,2022-10-12,21,data\FED\Speeches\2022-10-12 - Regulating Stablecoins - Managing the Promise and Risk of Financial Innovation.txt,https://www.federalreserve.gov/newsevents/speech/barr20221012a.htm,speech_after_meeting,0.7
FED_2022_09,FED,2022-09-21,FED_DOC_779B8AB234D4,speech,Speeches,The U.S. Dollar and Central Bank Digital Currencies,Christopher J. Waller,2022-10-14,23,data\FED\Speeches\2022-10-14 - Christopher J. Waller - The U.S. Dollar and Central Bank Digital Currencies.txt,https://www.federalreserve.gov/newsevents/speech/waller20221014a.htm,speech_after_meeting,0.7
FED_2022_09,FED,2022-09-21,FED_DOC_D2947DC67540,speech,Speeches,Welcoming Remarks,Welcoming Remarks,2022-10-20,29,data\FED\Speeches\2022-10-20 - Welcoming Remarks - Welcoming Remarks.txt,https://www.federalreserve.gov/newsevents/speech/bowman20221020a.htm,speech_after_meeting,0.7
FED_2022_11,FED,2022-11-02,FED_DOC_35A3359E47C0,minutes,Minutes,FOMC minutes,,2022-11-02,0,data\FED\Minutes\2022-11-02 - FOMC minutes.txt,https://www.federalreserve.gov/monetarypolicy/files/fomcminutes20221102.pdf,minutes_for_meeting,0.9
FED_2022_11,FED,2022-11-02,FED_DOC_6B14C0BC340D,statement,Monetary Policy,FOMC statement,,2022-11-02,0,data\FED\Monetary Policy\2022-11-02 - FOMC statement.txt,https://www.federalreserve.gov/monetarypolicy/files/monetary20221102a1.pdf,anchor_statement,1.0
FED_2022_11,FED,2022-11-02,FED_DOC_7F020B18CA41,speech,Speeches,The Economic Outlook and a Word of Caution on Inflation,Christopher J. Waller,2022-11-16,14,data\FED\Speeches\2022-11-16 - Christopher J. Waller - The Economic Outlook and a Word of Caution on Inflation.txt,https://www.federalreserve.gov/newsevents/speech/waller20221116a.htm,speech_after_meeting,0.7
FED_2022_11,FED,2022-11-02,FED_DOC_23DCFBBD6B42,speech,Speeches,Financial Education,Financial Education,2022-11-17,15,data\FED\Speeches\2022-11-17 - Financial Education - Financial Education.txt,https://www.federalreserve.gov/newsevents/speech/bowman20221117a.htm,speech_after_meeting,0.7
FED_2022_11,FED,2022-11-02,FED_DOC_594157576908,speech,Speeches,Opportunity and Inclusive Economic Growth,Opportunity and Inclusive Economic Growth,2022-11-17,15,data\FED\Speeches\2022-11-17 - Opportunity and Inclusive Economic Growth - Opportunity and Inclusive Economic Growth.txt,https://www.federalreserve.gov/newsevents/speech/jefferson20221117a.htm,speech_after_meeting,0.7
FED_2022_11,FED,2022-11-02,FED_DOC_5509BBBBEADE,speech,Speeches,"What Can We Learn from the Pandemic and the War about Supply Shocks, Inflation, and Monetary Policy?",Lael Brainard,2022-11-28,26,"data\FED\Speeches\2022-11-28 - Lael Brainard - What Can We Learn from the Pandemic and the War about Supply Shocks, Inflation, and Monetary Policy_.txt",https://www.federalreserve.gov/newsevents/speech/brainard20221128a.htm,speech_after_meeting,0.7
FED_2022_11,FED,2022-11-02,FED_DOC_C7D8EB840867,speech,Speeches,Inflation and the Labor Market,Jerome H. Powell,2022-11-30,28,data\FED\Speeches\2022-11-30 - Jerome H. Powell - Inflation and the Labor Market.txt,https://www.federalreserve.gov/newsevents/speech/powell20221130a.htm,speech_after_meeting,0.7
FED_2022_11,FED,2022-11-02,FED_DOC_CB7007CA1575,speech,Speeches,The Economic Outlook and U.S. Productivity,Lisa D. Cook,2022-11-30,28,data\FED\Speeches\2022-11-30 - Lisa D. Cook - The Economic Outlook and U.S. Productivity.txt,https://www.federalreserve.gov/newsevents/speech/cook20221130a.htm,speech_after_meeting,0.7
FED_2022_11,FED,2022-11-02,FED_DOC_BBCA21B7302F,speech,Speeches,Why Bank Capital Matters,Why Bank Capital Matters,2022-12-01,29,data\FED\Speeches\2022-12-01 - Why Bank Capital Matters - Why Bank Capital Matters.txt,https://www.federalreserve.gov/newsevents/speech/barr20221201a.htm,speech_after_meeting,0.7
FED_2022_12,FED,2022-12-14,FED_DOC_B0E6B0A4803A,minutes,Minutes,FOMC minutes,,2022-12-14,0,data\FED\Minutes\2022-12-14 - FOMC minutes.txt,https://www.federalreserve.gov/monetarypolicy/files/fomcminutes20221214.pdf,minutes_for_meeting,0.9
FED_2022_12,FED,2022-12-14,FED_DOC_7BD25D9C17C3,statement,Monetary Policy,FOMC statement,,2022-12-14,0,data\FED\Monetary Policy\2022-12-14 - FOMC statement.txt,https://www.federalreserve.gov/monetarypolicy/files/monetary20221214a1.pdf,anchor_statement,1.0
FED_2022_12,FED,2022-12-14,FED_DOC_C6C1E8E165B3,speech,Speeches,Thoughts on Inflation in a Supply-Constrained Economy,Lisa D. Cook,2023-01-06,23,data\FED\Speeches\2023-01-06 - Lisa D. Cook - Thoughts on Inflation in a Supply-Constrained Economy.txt,https://www.federalreserve.gov/newsevents/speech/cook20230106a.htm,speech_after_meeting,0.7
FED_2022_12,FED,2022-12-14,FED_DOC_FD466DFAF84E,speech,Speeches,Brief Remarks on the Economy and Bank Supervision,Michelle W. Bowman,2023-01-10,27,data\FED\Speeches\2023-01-10 - Michelle W. Bowman - Brief Remarks on the Economy and Bank Supervision.txt,https://www.federalreserve.gov/newsevents/speech/bowman20230110a.htm,speech_after_meeting,0.7
FED_2022_12,FED,2022-12-14,FED_DOC_A38D58CFFCB9,speech,Speeches,"Panel on ""Central Bank Independence and the MandateâEvolving Views""",Jerome H. Powell,2023-01-10,27,data\FED\Speeches\2023-01-10 - Jerome H. Powell - Panel on _Central Bank Independence and the MandateâEvolving Views_.txt,https://www.federalreserve.gov/newsevents/speech/powell20230110a.htm,speech_after_meeting,0.7
FED_2022_12,FED,2022-12-14,FED_DOC_17808E7F5D11,speech,Speeches,Staying the Course to Bring Inflation Down,Lael Brainard,2023-01-19,36,data\FED\Speeches\2023-01-19 - Lael Brainard - Staying the Course to Bring Inflation Down.txt,https://www.federalreserve.gov/newsevents/speech/brainard20230119a.htm,speech_after_meeting,0.7
FED_2022_12,FED,2022-12-14,FED_DOC_047496DD607D,speech,Speeches,A Case for Cautious Optimism,A Case for Cautious Optimism,2023-01-20,37,data\FED\Speeches\2023-01-20 - A Case for Cautious Optimism - A Case for Cautious Optimism.txt,https://www.federalreserve.gov/newsevents/speech/waller20230120a.htm,speech_after_meeting,0.7
FED_2022_12,FED,2022-12-14,FED_DOC_C2E75FF919ED,speech,Speeches,Remarks to Delta Sigma Theta,Remarks to Delta Sigma Theta,2023-01-21,38,data\FED\Speeches\2023-01-21 - Remarks to Delta Sigma Theta - Remarks to Delta Sigma Theta.txt,https://www.federalreserve.gov/newsevents/speech/cook20230121a.htm,speech_after_meeting,0.7
FED_2023_02,FED,2023-02-01,FED_DOC_6243BCF443DA,minutes,Minutes,FOMC minutes,,2023-02-01,0,data\FED\Minutes\2023-02-01 - FOMC minutes.txt,https://www.federalreserve.gov/monetarypolicy/files/fomcminutes20230201.pdf,minutes_for_meeting,0.9
FED_2023_02,FED,2023-02-01,FED_DOC_784A66EE64F2,statement,Monetary Policy,FOMC statement,,2023-02-01,0,data\FED\Monetary Policy\2023-02-01 - FOMC statement.txt,https://www.federalreserve.gov/monetarypolicy/files/monetary20230201a1.pdf,anchor_statement,1.0
FED_2023_02,FED,2023-02-01,FED_DOC_CB8FB8D1B73C,speech,Speeches,Remarks at the âBanking on Financial Inclusionâ Conference,Michael S. Barr,2023-02-07,6,data\FED\Speeches\2023-02-07 - Michael S. Barr - Remarks at the âBanking on Financial Inclusionâ Conference.txt,https://www.federalreserve.gov/newsevents/speech/barr20230207a.htm,speech_after_meeting,0.7
FED_2023_02,FED,2023-02-01,FED_DOC_59447F580B65,speech,Speeches,"The Inflation Rate for Necessities: A Look at Food, Energy and Shelter Inflation",Christopher J. Waller,2023-02-08,7,"data\FED\Speeches\2023-02-08 - Christopher J. Waller - The Inflation Rate for Necessities_ A Look at Food, Energy and Shelter Inflation.txt",https://www.federalreserve.gov/newsevents/speech/waller20230208a.htm,speech_after_meeting,0.7
FED_2023_02,FED,2023-02-01,FED_DOC_0B65E798863E,speech,Speeches,Thoughts on the Crypto Ecosystem,Thoughts on the Crypto Ecosystem,2023-02-10,9,data\FED\Speeches\2023-02-10 - Thoughts on the Crypto Ecosystem - Thoughts on the Crypto Ecosystem.txt,https://www.federalreserve.gov/newsevents/speech/waller20230210a.htm,speech_after_meeting,0.7
FED_2023_02,FED,2023-02-01,FED_DOC_1E233AFE7CBE,speech,Speeches,"Independence, Predictability, and Tailoring in Banking Regulation and Supervision",Michelle W. Bowman,2023-02-13,12,"data\FED\Speeches\2023-02-13 - Michelle W. Bowman - Independence, Predictability, and Tailoring in Banking Regulation and Supervision.txt",https://www.federalreserve.gov/newsevents/speech/bowman20230213a.htm,speech_after_meeting,0.7
FED_2023_02,FED,2023-02-01,FED_DOC_ACF9B2E973D5,speech,Speeches,Welcoming Remarks,Welcoming Remarks,2023-02-15,14,data\FED\Speeches\2023-02-15 - Welcoming Remarks - Welcoming Remarks.txt,https://www.federalreserve.gov/newsevents/speech/bowman20230215a.htm,speech_after_meeting,0.7
FED_2023_02,FED,2023-02-01,FED_DOC_679849A4866A,speech,Speeches,Welcome Remarks,Welcome Remarks,2023-02-16,15,data\FED\Speeches\2023-02-16 - Welcome Remarks - Welcome Remarks.txt,https://www.federalreserve.gov/newsevents/speech/cook20230216a.htm,speech_after_meeting,0.7
FED_2023_02,FED,2023-02-01,FED_DOC_2F70D39A152A,speech,Speeches,"Discussion of the Paper ""Managing Disinflations"" by Stephen G. Cecchetti, Michael E. Feroli, Peter Hooper, Frederic S. Mishkin, and Kermit L. Schoenholtz",Philip N. Jefferson,2023-02-24,23,"data\FED\Speeches\2023-02-24 - Philip N. Jefferson - Discussion of the Paper _Managing Disinflations_ by Stephen G. Cecchetti, Michael E. Feroli, Peter Hooper, Frederic.txt",https://www.federalreserve.gov/newsevents/speech/jefferson20230224a.htm,speech_after_meeting,0.7
FED_2023_02,FED,2023-02-01,FED_DOC_28D5A930FD2E,speech,Speeches,Recent Inflation and the Dual Mandate,Philip N. Jefferson,2023-02-27,26,data\FED\Speeches\2023-02-27 - Philip N. Jefferson - Recent Inflation and the Dual Mandate.txt,https://www.federalreserve.gov/newsevents/speech/jefferson20230227a.htm,speech_after_meeting,0.7
FED_2023_02,FED,2023-02-01,FED_DOC_E98366D81A72,speech,Speeches,Februaryâs Hot Data Releases,Christopher J. Waller,2023-03-02,29,data\FED\Speeches\2023-03-02 - Christopher J. Waller - Februaryâs Hot Data Releases.txt,https://www.federalreserve.gov/newsevents/speech/waller20230302a.htm,speech_after_meeting,0.7
FED_2023_02,FED,2023-02-01,FED_DOC_B3328141495D,speech,Speeches,Panel on âDesign Issues for Central Bank Facilities in the Futureâ,Michelle W. Bowman,2023-03-03,30,data\FED\Speeches\2023-03-03 - Michelle W. Bowman - Panel on âDesign Issues for Central Bank Facilities in the Futureâ.txt,https://www.federalreserve.gov/newsevents/speech/bowman20230303a.htm,speech_after_meeting,0.7
FED_2023_02,FED,2023-02-01,FED_DOC_E077B0248E51,speech,Speeches,Supporting Innovation with Guardrails: The Federal Reserveâs Approach to Supervision and Regulation of Banksâ Crypto-related Activities,Michael S. Barr,2023-03-09,36,data\FED\Speeches\2023-03-09 - Michael S. Barr - Supporting Innovation with Guardrails_ The Federal Reserveâs Approach to Supervision and Regulation of Banksâ Crypt.txt,https://www.federalreserve.gov/newsevents/speech/barr20230309a.htm,speech_after_meeting,0.7
FED_2023_02,FED,2023-02-01,FED_DOC_7FEEAF7FC0B0,speech,Speeches,The Innovation Imperative: Modernizing Traditional Banking,Michelle W. Bowman,2023-03-14,41,data\FED\Speeches\2023-03-14 - Michelle W. Bowman - The Innovation Imperative_ Modernizing Traditional Banking.txt,https://www.federalreserve.gov/newsevents/speech/bowman20230314a.htm,speech_after_meeting,0.7
FED_2023_03,FED,2023-03-22,FED_DOC_E7DF516D256B,minutes,Minutes,FOMC minutes,,2023-03-22,0,data\FED\Minutes\2023-03-22 - FOMC minutes.txt,https://www.federalreserve.gov/monetarypolicy/files/fomcminutes20230322.pdf,minutes_for_meeting,0.9
FED_2023_03,FED,2023-03-22,FED_DOC_D81BFDDEA9D8,statement,Monetary Policy,FOMC statement,,2023-03-22,0,data\FED\Monetary Policy\2023-03-22 - FOMC statement.txt,https://www.federalreserve.gov/monetarypolicy/files/monetary20230322a1.pdf,anchor_statement,1.0
FED_2023_03,FED,2023-03-22,FED_DOC_5D1D245F0BE4,speech,Speeches,Implementation and Transmission of Monetary Policy,Philip N. Jefferson,2023-03-27,5,data\FED\Speeches\2023-03-27 - Philip N. Jefferson - Implementation and Transmission of Monetary Policy.txt,https://www.federalreserve.gov/newsevents/speech/jefferson20230327a.htm,speech_after_meeting,0.7
FED_2023_03,FED,2023-03-22,FED_DOC_ADCA93F0A630,speech,Speeches,Brief Remarks,Brief Remarks,2023-03-29,7,data\FED\Speeches\2023-03-29 - Brief Remarks - Brief Remarks.txt,https://www.federalreserve.gov/newsevents/speech/barr20230329a.htm,speech_after_meeting,0.7
FED_2023_03,FED,2023-03-22,FED_DOC_564750CDD75E,speech,Speeches,The U.S. Economic Outlook and Monetary Policy,Lisa D. Cook,2023-03-31,9,data\FED\Speeches\2023-03-31 - Lisa D. Cook - The U.S. Economic Outlook and Monetary Policy.txt,https://www.federalreserve.gov/newsevents/speech/cook20230331a.htm,speech_after_meeting,0.7
FED_2023_03,FED,2023-03-22,FED_DOC_7846E04CFD2B,speech,Speeches,The Unstable Phillips Curve,The Unstable Phillips Curve,2023-03-31,9,data\FED\Speeches\2023-03-31 - The Unstable Phillips Curve - The Unstable Phillips Curve.txt,https://www.federalreserve.gov/newsevents/speech/waller20230331a.htm,speech_after_meeting,0.7
FED_2023_03,FED,2023-03-22,FED_DOC_AA38C02FEA46,speech,Speeches,Welcoming Remarks,Welcoming Remarks,2023-04-04,13,data\FED\Speeches\2023-04-04 - Welcoming Remarks - Welcoming Remarks.txt,https://www.federalreserve.gov/newsevents/speech/cook20230404a.htm,speech_after_meeting,0.7
FED_2023_03,FED,2023-03-22,FED_DOC_75722C74792D,speech,Speeches,Financial Stabilization and Macroeconomic Stabilization: Two Tools for Two Problems,Christopher J. Waller,2023-04-14,23,data\FED\Speeches\2023-04-14 - Christopher J. Waller - Financial Stabilization and Macroeconomic Stabilization_ Two Tools for Two Problems.txt,https://www.federalreserve.gov/newsevents/speech/waller20230414a.htm,speech_after_meeting,0.7
FED_2023_03,FED,2023-03-22,FED_DOC_5C09C4534174,speech,Speeches,The Consequences of Fewer Banks in the U.S. Banking System,Michelle W. Bowman,2023-04-14,23,data\FED\Speeches\2023-04-14 - Michelle W. Bowman - The Consequences of Fewer Banks in the U.S. Banking System.txt,https://www.federalreserve.gov/newsevents/speech/bowman20230414a.htm,speech_after_meeting,0.7
FED_2023_03,FED,2023-03-22,FED_DOC_39573B2C7858,speech,Speeches,Considerations for a Central Bank Digital Currency,Michelle W. Bowman,2023-04-18,27,data\FED\Speeches\2023-04-18 - Michelle W. Bowman - Considerations for a Central Bank Digital Currency.txt,https://www.federalreserve.gov/newsevents/speech/bowman20230418a.htm,speech_after_meeting,0.7
FED_2023_03,FED,2023-03-22,FED_DOC_7F4CE701C324,speech,Speeches,Brief Remarks,Brief Remarks,2023-04-20,29,data\FED\Speeches\2023-04-20 - Brief Remarks - Brief Remarks.txt,https://www.federalreserve.gov/newsevents/speech/bowman20230420a.htm,speech_after_meeting,0.7
FED_2023_03,FED,2023-03-22,FED_DOC_64A3184745B7,speech,Speeches,Innovation and the Future of Finance,Christopher J. Waller,2023-04-20,29,data\FED\Speeches\2023-04-20 - Christopher J. Waller - Innovation and the Future of Finance.txt,https://www.federalreserve.gov/newsevents/speech/waller20230420a.htm,speech_after_meeting,0.7
FED_2023_03,FED,2023-03-22,FED_DOC_10F31B1CBE6B,speech,Speeches,Important Questions for Economic Research,Important Questions for Economic Research,2023-04-21,30,data\FED\Speeches\2023-04-21 - Important Questions for Economic Research - Important Questions for Economic Research.txt,https://www.federalreserve.gov/newsevents/speech/cook20230421a.htm,speech_after_meeting,0.7
FED_2023_05,FED,2023-05-03,FED_DOC_4F6DA402012B,minutes,Minutes,FOMC minutes,,2023-05-03,0,data\FED\Minutes\2023-05-03 - FOMC minutes.txt,https://www.federalreserve.gov/monetarypolicy/files/fomcminutes20230503.pdf,minutes_for_meeting,0.9
FED_2023_05,FED,2023-05-03,FED_DOC_2E9009700367,statement,Monetary Policy,FOMC statement,,2023-05-03,0,data\FED\Monetary Policy\2023-05-03 - FOMC statement.txt,https://www.federalreserve.gov/monetarypolicy/files/monetary20230503a1.pdf,anchor_statement,1.0
FED_2023_05,FED,2023-05-03,FED_DOC_3E02213F1E95,speech,Speeches,Commencement Address,Commencement Address,2023-05-05,2,data\FED\Speeches\2023-05-05 - Commencement Address - Commencement Address.txt,https://www.federalreserve.gov/newsevents/speech/cook20230505a.htm,speech_after_meeting,0.7
FED_2023_05,FED,2023-05-03,FED_DOC_39D1E67B45E0,speech,Speeches,Climate Change and Financial Stability,Climate Change and Financial Stability,2023-05-11,8,data\FED\Speeches\2023-05-11 - Climate Change and Financial Stability - Climate Change and Financial Stability.txt,https://www.federalreserve.gov/newsevents/speech/waller20230511a.htm,speech_after_meeting,0.7
FED_2023_05,FED,2023-05-03,FED_DOC_91B0FF0D9415,speech,Speeches,On the Assessment of Current Monetary Policy,Philip N. Jefferson,2023-05-12,9,data\FED\Speeches\2023-05-12 - Philip N. Jefferson - On the Assessment of Current Monetary Policy.txt,https://www.federalreserve.gov/newsevents/speech/jefferson20230512a.htm,speech_after_meeting,0.7
FED_2023_05,FED,2023-05-03,FED_DOC_F10497492C3C,speech,Speeches,"The Evolving Nature of Banking, Bank Culture, and Bank Runs",Michelle W. Bowman,2023-05-12,9,"data\FED\Speeches\2023-05-12 - Michelle W. Bowman - The Evolving Nature of Banking, Bank Culture, and Bank Runs.txt",https://www.federalreserve.gov/newsevents/speech/bowman20230512a.htm,speech_after_meeting,0.7
FED_2023_05,FED,2023-05-03,FED_DOC_5F2F5F0B7CBA,speech,Speeches,Commencement Address,Commencement Address,2023-05-13,10,data\FED\Speeches\2023-05-13 - Commencement Address - Commencement Address.txt,https://www.federalreserve.gov/newsevents/speech/cook20230513a.htm,speech_after_meeting,0.7
FED_2023_05,FED,2023-05-03,FED_DOC_661DD2D732BF,speech,Speeches,Commencement Address,Commencement Address,2023-05-15,12,data\FED\Speeches\2023-05-15 - Commencement Address - Commencement Address.txt,https://www.federalreserve.gov/newsevents/speech/cook20230515a.htm,speech_after_meeting,0.7
FED_2023_05,FED,2023-05-03,FED_DOC_995A003B0054,speech,Speeches,The U.S. Economic Outlook and Considerations for Monetary Policy,Philip N. Jefferson,2023-05-18,15,data\FED\Speeches\2023-05-18 - Philip N. Jefferson - The U.S. Economic Outlook and Considerations for Monetary Policy.txt,https://www.federalreserve.gov/newsevents/speech/jefferson20230518a.htm,speech_after_meeting,0.7
FED_2023_05,FED,2023-05-03,FED_DOC_55A4B43DC4D0,speech,Speeches,Considerations for Revisions to the Bank Regulatory Framework,Michelle W. Bowman,2023-05-19,16,data\FED\Speeches\2023-05-19 - Michelle W. Bowman - Considerations for Revisions to the Bank Regulatory Framework.txt,https://www.federalreserve.gov/newsevents/speech/bowman20230519a.htm,speech_after_meeting,0.7
FED_2023_05,FED,2023-05-03,FED_DOC_C0AB0DD234CA,speech,Speeches,"Hike, Skip, or Pause?",Christopher J. Waller,2023-05-24,21,"data\FED\Speeches\2023-05-24 - Christopher J. Waller - Hike, Skip, or Pause_.txt",https://www.federalreserve.gov/newsevents/speech/waller20230524a.htm,speech_after_meeting,0.7
FED_2023_05,FED,2023-05-03,FED_DOC_1E081DE9C0F4,speech,Speeches,Brief Remarks,Brief Remarks,2023-05-31,28,data\FED\Speeches\2023-05-31 - Brief Remarks - Brief Remarks.txt,https://www.federalreserve.gov/newsevents/speech/bowman20230531a.htm,speech_after_meeting,0.7
FED_2023_05,FED,2023-05-03,FED_DOC_79D7AE3A8577,speech,Speeches,Financial Stability and the U.S. Economy,Philip N. Jefferson,2023-05-31,28,data\FED\Speeches\2023-05-31 - Philip N. Jefferson - Financial Stability and the U.S. Economy.txt,https://www.federalreserve.gov/newsevents/speech/jefferson20230531a.htm,speech_after_meeting,0.7
FED_2023_06,FED,2023-06-14,FED_DOC_428814D8999A,minutes,Minutes,FOMC minutes,,2023-06-14,0,data\FED\Minutes\2023-06-14 - FOMC minutes.txt,https://www.federalreserve.gov/monetarypolicy/files/fomcminutes20230614.pdf,minutes_for_meeting,0.9
FED_2023_06,FED,2023-06-14,FED_DOC_EA9560B7BFC9,statement,Monetary Policy,FOMC statement,,2023-06-14,0,data\FED\Monetary Policy\2023-06-14 - FOMC statement.txt,https://www.federalreserve.gov/monetarypolicy/files/monetary20230614a1.pdf,anchor_statement,1.0
FED_2023_06,FED,2023-06-14,FED_DOC_FC407A1C1FB0,speech,Speeches,Financial Stability and Macroeconomic Policy,Financial Stability and Macroeconomic Policy,2023-06-16,2,data\FED\Speeches\2023-06-16 - Financial Stability and Macroeconomic Policy - Financial Stability and Macroeconomic Policy.txt,https://www.federalreserve.gov/newsevents/speech/waller20230616a.htm,speech_after_meeting,0.7
FED_2023_06,FED,2023-06-14,FED_DOC_D4FA59CE926E,speech,Speeches,Opening Remarks,Opening Remarks,2023-06-22,8,data\FED\Speeches\2023-06-22 - Opening Remarks - Opening Remarks.txt,https://www.federalreserve.gov/newsevents/speech/bowman20230622a.htm,speech_after_meeting,0.7
FED_2023_06,FED,2023-06-14,FED_DOC_C50E3456BDF4,speech,Speeches,Welcoming Remarks,Welcoming Remarks,2023-06-22,8,data\FED\Speeches\2023-06-22 - Welcoming Remarks - Welcoming Remarks.txt,https://www.federalreserve.gov/newsevents/speech/waller20230622a.htm,speech_after_meeting,0.7
FED_2023_06,FED,2023-06-14,FED_DOC_69D820970B65,speech,Speeches,Responsive and Responsible Bank Regulation and Supervision,Michelle W. Bowman,2023-06-25,11,data\FED\Speeches\2023-06-25 - Michelle W. Bowman - Responsive and Responsible Bank Regulation and Supervision.txt,https://www.federalreserve.gov/newsevents/speech/bowman20230625a.htm,speech_after_meeting,0.7
FED_2023_06,FED,2023-06-14,FED_DOC_5AEC10BEC78F,speech,Speeches,Financial Stability and Economic Developments,Jerome H. Powell,2023-06-29,15,data\FED\Speeches\2023-06-29 - Jerome H. Powell - Financial Stability and Economic Developments.txt,https://www.federalreserve.gov/newsevents/speech/powell20230629a.htm,speech_after_meeting,0.7
FED_2023_06,FED,2023-06-14,FED_DOC_A419C47AF17D,speech,Speeches,Holistic Capital Review,Holistic Capital Review,2023-07-10,26,data\FED\Speeches\2023-07-10 - Holistic Capital Review - Holistic Capital Review.txt,https://www.federalreserve.gov/newsevents/speech/barr20230710a.htm,speech_after_meeting,0.7
FED_2023_06,FED,2023-06-14,FED_DOC_AC2624F640AE,speech,Speeches,Big Shocks Travel Fast: Why Policy Lags May Be Shorter Than You Think,Christopher J. Waller,2023-07-13,29,data\FED\Speeches\2023-07-13 - Christopher J. Waller - Big Shocks Travel Fast_ Why Policy Lags May Be Shorter Than You Think.txt,https://www.federalreserve.gov/newsevents/speech/waller20230713a.htm,speech_after_meeting,0.7
FED_2023_06,FED,2023-06-14,FED_DOC_4DADF5A8FF7B,speech,Speeches,Furthering the Vision of the Fair Housing Act,Michael S. Barr,2023-07-18,34,data\FED\Speeches\2023-07-18 - Michael S. Barr - Furthering the Vision of the Fair Housing Act.txt,https://www.federalreserve.gov/newsevents/speech/barr20230718a.htm,speech_after_meeting,0.7
FED_2023_07,FED,2023-07-26,FED_DOC_899B5CE7999F,minutes,Minutes,FOMC minutes,,2023-07-26,0,data\FED\Minutes\2023-07-26 - FOMC minutes.txt,https://www.federalreserve.gov/monetarypolicy/files/fomcminutes20230726.pdf,minutes_for_meeting,0.9
FED_2023_07,FED,2023-07-26,FED_DOC_E349351C7759,statement,Monetary Policy,FOMC statement,,2023-07-26,0,data\FED\Monetary Policy\2023-07-26 - FOMC statement.txt,https://www.federalreserve.gov/monetarypolicy/files/monetary20230726a1.pdf,anchor_statement,1.0
FED_2023_07,FED,2023-07-26,FED_DOC_910502A98C3B,speech,Speeches,Brief Remarks on the Economy and Monetary Policy,Michelle W. Bowman,2023-08-05,10,data\FED\Speeches\2023-08-05 - Michelle W. Bowman - Brief Remarks on the Economy and Monetary Policy.txt,https://www.federalreserve.gov/newsevents/speech/bowman20230805a.htm,speech_after_meeting,0.7
FED_2023_07,FED,2023-07-26,FED_DOC_488337565CC4,speech,Speeches,Welcoming Remarks,Welcoming Remarks,2023-08-07,12,data\FED\Speeches\2023-08-07 - Welcoming Remarks - Welcoming Remarks.txt,https://www.federalreserve.gov/newsevents/speech/bowman20230807a.htm,speech_after_meeting,0.7
FED_2023_07,FED,2023-07-26,FED_DOC_AA0839D296EF,speech,Speeches,Welcoming Remarks,Welcoming Remarks,2023-08-22,27,data\FED\Speeches\2023-08-22 - Welcoming Remarks - Welcoming Remarks.txt,https://www.federalreserve.gov/newsevents/speech/bowman20230822a.htm,speech_after_meeting,0.7
FED_2023_07,FED,2023-07-26,FED_DOC_37721B8E2F23,speech,Speeches,Inflation: Progress and the Path Ahead,Jerome H. Powell,2023-08-25,30,data\FED\Speeches\2023-08-25 - Jerome H. Powell - Inflation_ Progress and the Path Ahead.txt,https://www.federalreserve.gov/newsevents/speech/powell20230825a.htm,speech_after_meeting,0.7
FED_2023_07,FED,2023-07-26,FED_DOC_80FE9812E827,speech,Speeches,The Federal Reserveâs Role in Supporting Responsible Innovation,Michael S. Barr,2023-09-08,44,data\FED\Speeches\2023-09-08 - Michael S. Barr - The Federal Reserveâs Role in Supporting Responsible Innovation.txt,https://www.federalreserve.gov/newsevents/speech/barr20230908a.htm,speech_after_meeting,0.7
FED_2023_09,FED,2023-09-20,FED_DOC_37707DD9A879,minutes,Minutes,FOMC minutes,,2023-09-20,0,data\FED\Minutes\2023-09-20 - FOMC minutes.txt,https://www.federalreserve.gov/monetarypolicy/files/fomcminutes20230920.pdf,minutes_for_meeting,0.9
FED_2023_09,FED,2023-09-20,FED_DOC_C69BB7C267D9,statement,Monetary Policy,FOMC statement,,2023-09-20,0,data\FED\Monetary Policy\2023-09-20 - FOMC statement.txt,https://www.federalreserve.gov/monetarypolicy/files/monetary20230920a1.pdf,anchor_statement,1.0
FED_2023_09,FED,2023-09-20,FED_DOC_7D4387EBC882,speech,Speeches,Brief Remarks on the Economy and Monetary Policy,Michelle W. Bowman,2023-09-22,2,data\FED\Speeches\2023-09-22 - Michelle W. Bowman - Brief Remarks on the Economy and Monetary Policy.txt,https://www.federalreserve.gov/newsevents/speech/bowman20230922a.htm,speech_after_meeting,0.7
FED_2023_09,FED,2023-09-20,FED_DOC_D406A4E92428,speech,Speeches,"Generative AI, Productivity, the Labor Market, and Choice Behavior",Lisa D. Cook,2023-09-22,2,"data\FED\Speeches\2023-09-22 - Lisa D. Cook - Generative AI, Productivity, the Labor Market, and Choice Behavior.txt",https://www.federalreserve.gov/newsevents/speech/cook20230922a.htm,speech_after_meeting,0.7
FED_2023_09,FED,2023-09-20,FED_DOC_833FE9E2A350,speech,Speeches,Welcoming Remarks,Welcoming Remarks,2023-09-26,6,data\FED\Speeches\2023-09-26 - Welcoming Remarks - Welcoming Remarks.txt,https://www.federalreserve.gov/newsevents/speech/bowman20230926a.htm,speech_after_meeting,0.7
FED_2023_09,FED,2023-09-20,FED_DOC_CB416552C0AD,speech,Speeches,Panel Remarks,Panel Remarks,2023-09-27,7,data\FED\Speeches\2023-09-27 - Panel Remarks - Panel Remarks.txt,https://www.federalreserve.gov/newsevents/speech/bowman20230927a.htm,speech_after_meeting,0.7
FED_2023_09,FED,2023-09-20,FED_DOC_97058482B149,speech,Speeches,Closing Remarks,Closing Remarks,2023-09-28,8,data\FED\Speeches\2023-09-28 - Closing Remarks - Closing Remarks.txt,https://www.federalreserve.gov/newsevents/speech/cook20230928a.htm,speech_after_meeting,0.7
FED_2023_09,FED,2023-09-20,FED_DOC_81419ABD7666,speech,Speeches,Welcoming Remarks,Jerome H. Powell,2023-09-28,8,data\FED\Speeches\2023-09-28 - Jerome H. Powell - Welcoming Remarks.txt,https://www.federalreserve.gov/newsevents/speech/powell20230928a.htm,speech_after_meeting,0.7
FED_2023_09,FED,2023-09-20,FED_DOC_8AFFBC13BD6D,speech,Speeches,Brief Remarks on the Economy and Bank Regulation,Michelle W. Bowman,2023-10-02,12,data\FED\Speeches\2023-10-02 - Michelle W. Bowman - Brief Remarks on the Economy and Bank Regulation.txt,https://www.federalreserve.gov/newsevents/speech/bowman20231002a.htm,speech_after_meeting,0.7
FED_2023_09,FED,2023-09-20,FED_DOC_C098636BA2D2,speech,Speeches,Monetary Policy and Financial Stability,Monetary Policy and Financial Stability,2023-10-02,12,data\FED\Speeches\2023-10-02 - Monetary Policy and Financial Stability - Monetary Policy and Financial Stability.txt,https://www.federalreserve.gov/newsevents/speech/barr20231002a.htm,speech_after_meeting,0.7
FED_2023_09,FED,2023-09-20,FED_DOC_88225DB1F615,speech,Speeches,"The Role of Research, Data, and Analysis in Banking Reforms",Michelle W. Bowman,2023-10-04,14,"data\FED\Speeches\2023-10-04 - Michelle W. Bowman - The Role of Research, Data, and Analysis in Banking Reforms.txt",https://www.federalreserve.gov/newsevents/speech/bowman20231004a.htm,speech_after_meeting,0.7
FED_2023_09,FED,2023-09-20,FED_DOC_0B424DD775DF,speech,Speeches,Brief Remarks on the Economy and Insights from Past Bank Regulatory Reform Efforts,Michelle W. Bowman,2023-10-07,17,data\FED\Speeches\2023-10-07 - Michelle W. Bowman - Brief Remarks on the Economy and Insights from Past Bank Regulatory Reform Efforts.txt,https://www.federalreserve.gov/newsevents/speech/bowman20231007a.htm,speech_after_meeting,0.7
FED_2023_09,FED,2023-09-20,FED_DOC_B34518FF78CF,speech,Speeches,Capital Supports Lending,Capital Supports Lending,2023-10-09,19,data\FED\Speeches\2023-10-09 - Capital Supports Lending - Capital Supports Lending.txt,https://www.federalreserve.gov/newsevents/speech/barr20231009a.htm,speech_after_meeting,0.7
FED_2023_09,FED,2023-09-20,FED_DOC_6E8DBBF45BBC,speech,Speeches,U.S. Economic Outlook and Monetary Policy Transmission,Philip N. Jefferson,2023-10-09,19,data\FED\Speeches\2023-10-09 - Philip N. Jefferson - U.S. Economic Outlook and Monetary Policy Transmission.txt,https://www.federalreserve.gov/newsevents/speech/jefferson20231009a.htm,speech_after_meeting,0.7
FED_2023_09,FED,2023-09-20,FED_DOC_C0233C4CC834,speech,Speeches,Monetary Policy Analysis and the Development of Federal Reserve Policymaking,Christopher J. Waller,2023-10-10,20,data\FED\Speeches\2023-10-10 - Christopher J. Waller - Monetary Policy Analysis and the Development of Federal Reserve Policymaking.txt,https://www.federalreserve.gov/newsevents/speech/waller20231010a.htm,speech_after_meeting,0.7
FED_2023_09,FED,2023-09-20,FED_DOC_5FE056B21F1D,speech,Speeches,Financial Stability in Uncertain Times,Financial Stability in Uncertain Times,2023-10-11,21,data\FED\Speeches\2023-10-11 - Financial Stability in Uncertain Times - Financial Stability in Uncertain Times.txt,https://www.federalreserve.gov/newsevents/speech/bowman20231011a.htm,speech_after_meeting,0.7
FED_2023_09,FED,2023-09-20,FED_DOC_8DEEB2E1327A,speech,Speeches,Responsible Innovation in Money and Payments,Michelle W. Bowman,2023-10-17,27,data\FED\Speeches\2023-10-17 - Michelle W. Bowman - Responsible Innovation in Money and Payments.txt,https://www.federalreserve.gov/newsevents/speech/bowman20231017a.htm,speech_after_meeting,0.7
FED_2023_09,FED,2023-09-20,FED_DOC_BE4140DF45D7,speech,Speeches,Brief Remarks,Brief Remarks,2023-10-18,28,data\FED\Speeches\2023-10-18 - Brief Remarks - Brief Remarks.txt,https://www.federalreserve.gov/newsevents/speech/bowman20231018a.htm,speech_after_meeting,0.7
FED_2023_09,FED,2023-09-20,FED_DOC_B33DBED4D214,speech,Speeches,Somethingâs Got to Give,Christopher J. Waller,2023-10-18,28,data\FED\Speeches\2023-10-18 - Christopher J. Waller - Somethingâs Got to Give.txt,https://www.federalreserve.gov/newsevents/speech/waller20231018a.htm,speech_after_meeting,0.7
FED_2023_09,FED,2023-09-20,FED_DOC_A80A4720BA90,speech,Speeches,The Evolution of the Federal Reserveâs Employment Mandate,Lisa D. Cook,2023-10-18,28,data\FED\Speeches\2023-10-18 - Lisa D. Cook - The Evolution of the Federal Reserveâs Employment Mandate.txt,https://www.federalreserve.gov/newsevents/speech/cook20231018a.htm,speech_after_meeting,0.7
FED_2023_09,FED,2023-09-20,FED_DOC_D51B9888071F,speech,Speeches,Multiple Scenarios in Stress Testing,Multiple Scenarios in Stress Testing,2023-10-19,29,data\FED\Speeches\2023-10-19 - Multiple Scenarios in Stress Testing - Multiple Scenarios in Stress Testing.txt,https://www.federalreserve.gov/newsevents/speech/barr20231019a.htm,speech_after_meeting,0.7
FED_2023_09,FED,2023-09-20,FED_DOC_B1A92F805EF8,speech,Speeches,Opening Remarks,Philip N. Jefferson,2023-10-19,29,data\FED\Speeches\2023-10-19 - Philip N. Jefferson - Opening Remarks.txt,https://www.federalreserve.gov/newsevents/speech/jefferson20231019a.htm,speech_after_meeting,0.7
FED_2023_09,FED,2023-09-20,FED_DOC_6A8BAF9E62B8,speech,Speeches,Introductory Remarks,Jerome H. Powell,2023-10-25,35,data\FED\Speeches\2023-10-25 - Jerome H. Powell - Introductory Remarks.txt,https://www.federalreserve.gov/newsevents/speech/powell20231025a.htm,speech_after_meeting,0.7
FED_2023_09,FED,2023-09-20,FED_DOC_0DB769ACB7A5,speech,Speeches,Welcome Remarks,Welcome Remarks,2023-10-26,36,data\FED\Speeches\2023-10-26 - Welcome Remarks - Welcome Remarks.txt,https://www.federalreserve.gov/newsevents/speech/waller20231026a.htm,speech_after_meeting,0.7
FED_2023_09,FED,2023-09-20,FED_DOC_E58A40D404AE,speech,Speeches,Opening Remarks,Opening Remarks,2023-10-27,37,data\FED\Speeches\2023-10-27 - Opening Remarks - Opening Remarks.txt,https://www.federalreserve.gov/newsevents/speech/barr20231027a.htm,speech_after_meeting,0.7
FED_2023_11,FED,2023-11-01,FED_DOC_6AC8C7EB2863,minutes,Minutes,FOMC minutes,,2023-11-01,0,data\FED\Minutes\2023-11-01 - FOMC minutes.txt,https://www.federalreserve.gov/monetarypolicy/files/fomcminutes20231101.pdf,minutes_for_meeting,0.9
FED_2023_11,FED,2023-11-01,FED_DOC_3B969F5D300E,statement,Monetary Policy,FOMC statement,,2023-11-01,0,data\FED\Monetary Policy\2023-11-01 - FOMC statement.txt,https://www.federalreserve.gov/monetarypolicy/files/monetary20231101a1.pdf,anchor_statement,1.0
FED_2023_11,FED,2023-11-01,FED_DOC_332448EA5A97,speech,Speeches,Financial Stability: Resilience and Challenges,Lisa D. Cook,2023-11-06,5,data\FED\Speeches\2023-11-06 - Lisa D. Cook - Financial Stability_ Resilience and Challenges.txt,https://www.federalreserve.gov/newsevents/speech/cook20231106a.htm,speech_after_meeting,0.7
FED_2023_11,FED,2023-11-01,FED_DOC_5EF90DD2808E,speech,Speeches,Remarks on the Economy and Bank Supervision and Regulation,Michelle W. Bowman,2023-11-07,6,data\FED\Speeches\2023-11-07 - Michelle W. Bowman - Remarks on the Economy and Bank Supervision and Regulation.txt,https://www.federalreserve.gov/newsevents/speech/bowman20231107a.htm,speech_after_meeting,0.7
FED_2023_11,FED,2023-11-01,FED_DOC_6908091C49CB,speech,Speeches,Using Economic Data to Understand the Economy,Christopher J. Waller,2023-11-07,6,data\FED\Speeches\2023-11-07 - Christopher J. Waller - Using Economic Data to Understand the Economy.txt,https://www.federalreserve.gov/newsevents/speech/waller20231107a.htm,speech_after_meeting,0.7
FED_2023_11,FED,2023-11-01,FED_DOC_622D4DF36E04,speech,Speeches,"Financial Stability: Resilience, Challenges, and Global Connections",Lisa D. Cook,2023-11-08,7,"data\FED\Speeches\2023-11-08 - Lisa D. Cook - Financial Stability_ Resilience, Challenges, and Global Connections.txt",https://www.federalreserve.gov/newsevents/speech/cook20231108a.htm,speech_after_meeting,0.7
FED_2023_11,FED,2023-11-01,FED_DOC_154F64768A83,speech,Speeches,Opening Remarks,Jerome H. Powell,2023-11-08,7,data\FED\Speeches\2023-11-08 - Jerome H. Powell - Opening Remarks.txt,https://www.federalreserve.gov/newsevents/speech/powell20231108a.htm,speech_after_meeting,0.7
FED_2023_11,FED,2023-11-01,FED_DOC_3D197D40208B,speech,Speeches,"Research and Statistics Centennial Anniversary: Past, Present and Future",Philip N. Jefferson,2023-11-08,7,"data\FED\Speeches\2023-11-08 - Philip N. Jefferson - Research and Statistics Centennial Anniversary_ Past, Present and Future.txt",https://www.federalreserve.gov/newsevents/speech/jefferson20231108a.htm,speech_after_meeting,0.7
FED_2023_11,FED,2023-11-01,FED_DOC_F8D8C864138E,speech,Speeches,Opening Remarks,Jerome H. Powell,2023-11-09,8,data\FED\Speeches\2023-11-09 - Jerome H. Powell - Opening Remarks.txt,https://www.federalreserve.gov/newsevents/speech/powell20231109a.htm,speech_after_meeting,0.7
FED_2023_11,FED,2023-11-01,FED_DOC_87BA307FF11D,speech,Speeches,Remarks on the Economy and Prioritization of Bank Supervision and Regulation,Michelle W. Bowman,2023-11-09,8,data\FED\Speeches\2023-11-09 - Michelle W. Bowman - Remarks on the Economy and Prioritization of Bank Supervision and Regulation.txt,https://www.federalreserve.gov/newsevents/speech/bowman20231109a.htm,speech_after_meeting,0.7
FED_2023_11,FED,2023-11-01,FED_DOC_4DB1ECF1A397,speech,Speeches,Welcoming Remarks,Welcoming Remarks,2023-11-13,12,data\FED\Speeches\2023-11-13 - Welcoming Remarks - Welcoming Remarks.txt,https://www.federalreserve.gov/newsevents/speech/cook20231113a.htm,speech_after_meeting,0.7
FED_2023_11,FED,2023-11-01,FED_DOC_2E670DD3B606,speech,Speeches,Elevated Economic Uncertainty: Causes and Consequences,Philip N. Jefferson,2023-11-14,13,data\FED\Speeches\2023-11-14 - Philip N. Jefferson - Elevated Economic Uncertainty_ Causes and Consequences.txt,https://www.federalreserve.gov/newsevents/speech/jefferson20231114a.htm,speech_after_meeting,0.7
FED_2023_11,FED,2023-11-01,FED_DOC_48B5D0005ABA,speech,Speeches,"Global Linkages: Supply, Spillovers, and Common Challenges",Lisa D. Cook,2023-11-16,15,"data\FED\Speeches\2023-11-16 - Lisa D. Cook - Global Linkages_ Supply, Spillovers, and Common Challenges.txt",https://www.federalreserve.gov/newsevents/speech/cook20231116a.htm,speech_after_meeting,0.7
FED_2023_11,FED,2023-11-01,FED_DOC_4CAE20116355,speech,Speeches,The 2023 U.S. Treasury Market Conference,Michael S. Barr,2023-11-16,15,data\FED\Speeches\2023-11-16 - Michael S. Barr - The 2023 U.S. Treasury Market Conference.txt,https://www.federalreserve.gov/newsevents/speech/barr20231116a.htm,speech_after_meeting,0.7
FED_2023_11,FED,2023-11-01,FED_DOC_0ACA90105ED6,speech,Speeches,Reflections on the Economy and Monetary Policy,Michelle W. Bowman,2023-11-28,27,data\FED\Speeches\2023-11-28 - Michelle W. Bowman - Reflections on the Economy and Monetary Policy.txt,https://www.federalreserve.gov/newsevents/speech/bowman20231128a.htm,speech_after_meeting,0.7
FED_2023_11,FED,2023-11-01,FED_DOC_9329FBA5E319,speech,Speeches,Serving Indian Country with the Modernized Community Reinvestment Act,Michael S. Barr,2023-11-28,27,data\FED\Speeches\2023-11-28 - Michael S. Barr - Serving Indian Country with the Modernized Community Reinvestment Act.txt,https://www.federalreserve.gov/newsevents/speech/barr20231128a.htm,speech_after_meeting,0.7
FED_2023_11,FED,2023-11-01,FED_DOC_B9566B15032C,speech,Speeches,Something Appears to Be Giving,Something Appears to Be Giving,2023-11-28,27,data\FED\Speeches\2023-11-28 - Something Appears to Be Giving - Something Appears to Be Giving.txt,https://www.federalreserve.gov/newsevents/speech/waller20231128a.htm,speech_after_meeting,0.7
FED_2023_11,FED,2023-11-01,FED_DOC_F8DCB746BE41,speech,Speeches,Opening Remarks,Jerome H. Powell,2023-12-01,30,data\FED\Speeches\2023-12-01 - Jerome H. Powell - Opening Remarks.txt,https://www.federalreserve.gov/newsevents/speech/powell20231201a.htm,speech_after_meeting,0.7
FED_2023_11,FED,2023-11-01,FED_DOC_A5EDA1EE0947,speech,Speeches,The Importance of Effective Liquidity Risk Management,Michael S. Barr,2023-12-01,30,data\FED\Speeches\2023-12-01 - Michael S. Barr - The Importance of Effective Liquidity Risk Management.txt,https://www.federalreserve.gov/newsevents/speech/barr20231201a.htm,speech_after_meeting,0.7
FED_2023_11,FED,2023-11-01,FED_DOC_473B837D2659,speech,Speeches,Building a More Inclusive Financial System through Collaboration and Action,Michelle W. Bowman,2023-12-05,34,data\FED\Speeches\2023-12-05 - Michelle W. Bowman - Building a More Inclusive Financial System through Collaboration and Action.txt,https://www.federalreserve.gov/newsevents/speech/bowman20231205a.htm,speech_after_meeting,0.7
FED_2023_12,FED,2023-12-13,FED_DOC_9BD1567ED4AA,minutes,Minutes,FOMC minutes,,2023-12-13,0,data\FED\Minutes\2023-12-13 - FOMC minutes.txt,https://www.federalreserve.gov/monetarypolicy/files/fomcminutes20231213.pdf,minutes_for_meeting,0.9
FED_2023_12,FED,2023-12-13,FED_DOC_743F335632F6,statement,Monetary Policy,FOMC statement,,2023-12-13,0,data\FED\Monetary Policy\2023-12-13 - FOMC statement.txt,https://www.federalreserve.gov/monetarypolicy/files/monetary20231213a1.pdf,anchor_statement,1.0
FED_2023_12,FED,2023-12-13,FED_DOC_BF24491DDA80,speech,Speeches,New Yearâs Resolutions for Bank Regulatory Policymakers,Michelle W. Bowman,2024-01-08,26,data\FED\Speeches\2024-01-08 - Michelle W. Bowman - New Yearâs Resolutions for Bank Regulatory Policymakers.txt,https://www.federalreserve.gov/newsevents/speech/bowman20240108a.htm,speech_after_meeting,0.7
FED_2023_12,FED,2023-12-13,FED_DOC_3EA5DD09F0B3,speech,Speeches,Almost as Good as It Getsâ¦But Will It Last?,Christopher J. Waller,2024-01-16,34,data\FED\Speeches\2024-01-16 - Christopher J. Waller - Almost as Good as It Getsâ¦But Will It Last_.txt,https://www.federalreserve.gov/newsevents/speech/waller20240116a.htm,speech_after_meeting,0.7
FED_2023_12,FED,2023-12-13,FED_DOC_0D309F65E186,speech,Speeches,Opening Remarks,Opening Remarks,2024-01-17,35,data\FED\Speeches\2024-01-17 - Opening Remarks - Opening Remarks.txt,https://www.federalreserve.gov/newsevents/speech/barr20240117a.htm,speech_after_meeting,0.7
FED_2023_12,FED,2023-12-13,FED_DOC_272F7E206701,speech,Speeches,The Path Forward for Bank Capital Reform,Michelle W. Bowman,2024-01-17,35,data\FED\Speeches\2024-01-17 - Michelle W. Bowman - The Path Forward for Bank Capital Reform.txt,https://www.federalreserve.gov/newsevents/speech/bowman20240117a.htm,speech_after_meeting,0.7
FED_2024_01,FED,2024-01-31,FED_DOC_C498DF431757,minutes,Minutes,FOMC minutes,,2024-01-31,0,data\FED\Minutes\2024-01-31 - FOMC minutes.txt,https://www.federalreserve.gov/monetarypolicy/files/fomcminutes20240131.pdf,minutes_for_meeting,0.9
FED_2024_01,FED,2024-01-31,FED_DOC_E21671C4A927,statement,Monetary Policy,FOMC statement,,2024-01-31,0,data\FED\Monetary Policy\2024-01-31 - FOMC statement.txt,https://www.federalreserve.gov/monetarypolicy/files/monetary20240131a1.pdf,anchor_statement,1.0
FED_2024_01,FED,2024-01-31,FED_DOC_D8CD1AA44E6F,speech,Speeches,The Future of Banking,The Future of Banking,2024-02-02,2,data\FED\Speeches\2024-02-02 - The Future of Banking - The Future of Banking.txt,https://www.federalreserve.gov/newsevents/speech/bowman20240202a.htm,speech_after_meeting,0.7
FED_2024_01,FED,2024-01-31,FED_DOC_2AA38C088165,speech,Speeches,Supporting Entrepreneurship & Small Businesses,Michelle W. Bowman,2024-02-07,7,data\FED\Speeches\2024-02-07 - Michelle W. Bowman - Supporting Entrepreneurship & Small Businesses.txt,https://www.federalreserve.gov/newsevents/speech/bowman20240207a.htm,speech_after_meeting,0.7
FED_2024_01,FED,2024-01-31,FED_DOC_1431EFEA6702,speech,Speeches,The Outlook for the Economy and Monetary Policy,Adriana D. Kugler,2024-02-07,7,data\FED\Speeches\2024-02-07 - Adriana D. Kugler - The Outlook for the Economy and Monetary Policy.txt,https://www.federalreserve.gov/newsevents/speech/kugler20240207a.htm,speech_after_meeting,0.7
FED_2024_01,FED,2024-01-31,FED_DOC_004A1B1E0AB9,speech,Speeches,Defining a Bank,Defining a Bank,2024-02-12,12,data\FED\Speeches\2024-02-12 - Defining a Bank - Defining a Bank.txt,https://www.federalreserve.gov/newsevents/speech/bowman20240212a.htm,speech_after_meeting,0.7
FED_2024_01,FED,2024-01-31,FED_DOC_96E534180AA7,speech,Speeches,"The Intersection of Monetary Policy, Market Functioning, and Liquidity Risk Management",Michael S. Barr,2024-02-14,14,"data\FED\Speeches\2024-02-14 - Michael S. Barr - The Intersection of Monetary Policy, Market Functioning, and Liquidity Risk Management.txt",https://www.federalreserve.gov/newsevents/speech/barr20240214a.htm,speech_after_meeting,0.7
FED_2024_01,FED,2024-01-31,FED_DOC_2312962CE014,speech,Speeches,Advancing Cross-Border Payments and Financial Inclusion,Michelle W. Bowman,2024-02-15,15,data\FED\Speeches\2024-02-15 - Michelle W. Bowman - Advancing Cross-Border Payments and Financial Inclusion.txt,https://www.federalreserve.gov/newsevents/speech/bowman20240215a.htm,speech_after_meeting,0.7
FED_2024_01,FED,2024-01-31,FED_DOC_19D729ED81D6,speech,Speeches,The Dollar's International Role,The Dollar's International Role,2024-02-15,15,data\FED\Speeches\2024-02-15 - The Dollar's International Role - The Dollar's International Role.txt,https://www.federalreserve.gov/newsevents/speech/waller20240215a.htm,speech_after_meeting,0.7
FED_2024_01,FED,2024-01-31,FED_DOC_D1FA525B21CE,speech,Speeches,"Supervision with Speed, Force, and Agility",Review of Silicon Valley Bank,2024-02-16,16,"data\FED\Speeches\2024-02-16 - Review of Silicon Valley Bank - Supervision with Speed, Force, and Agility.txt",https://www.federalreserve.gov/newsevents/speech/barr20240216a.htm,speech_after_meeting,0.7
FED_2024_01,FED,2024-01-31,FED_DOC_BA31CBED9F34,speech,Speeches,Is This Time Different? Recent Monetary Policy Cycles in Retrospect,Philip N. Jefferson,2024-02-22,22,data\FED\Speeches\2024-02-22 - Philip N. Jefferson - Is This Time Different_ Recent Monetary Policy Cycles in Retrospect.txt,https://www.federalreserve.gov/newsevents/speech/jefferson20240222a.htm,speech_after_meeting,0.7
FED_2024_01,FED,2024-01-31,FED_DOC_011C0AABF0D2,speech,Speeches,Sources of Uncertainty in the Short Run and the Long Run,Lisa D. Cook,2024-02-22,22,data\FED\Speeches\2024-02-22 - Lisa D. Cook - Sources of Uncertainty in the Short Run and the Long Run.txt,https://www.federalreserve.gov/newsevents/speech/cook20240222a.htm,speech_after_meeting,0.7
FED_2024_01,FED,2024-01-31,FED_DOC_7D14F0C53FC0,speech,Speeches,Whatâs the Rush?,Christopher J. Waller,2024-02-22,22,data\FED\Speeches\2024-02-22 - Christopher J. Waller - Whatâs the Rush_.txt,https://www.federalreserve.gov/newsevents/speech/waller20240222a.htm,speech_after_meeting,0.7
FED_2024_01,FED,2024-01-31,FED_DOC_CC2B1F539A7F,speech,Speeches,Reflections on the Economy and Bank Regulation,Michelle W. Bowman,2024-02-27,27,data\FED\Speeches\2024-02-27 - Michelle W. Bowman - Reflections on the Economy and Bank Regulation.txt,https://www.federalreserve.gov/newsevents/speech/bowman20240227a.htm,speech_after_meeting,0.7
FED_2024_01,FED,2024-01-31,FED_DOC_658828BF6554,speech,Speeches,The Importance of Counterparty Credit Risk Management,Michael S. Barr,2024-02-27,27,data\FED\Speeches\2024-02-27 - Michael S. Barr - The Importance of Counterparty Credit Risk Management.txt,https://www.federalreserve.gov/newsevents/speech/barr20240227a.htm,speech_after_meeting,0.7
FED_2024_01,FED,2024-01-31,FED_DOC_5902C1616942,speech,Speeches,Disinflation without a Rise in Unemployment? What Is Different This Time Around,Adriana D. Kugler,2024-03-01,30,data\FED\Speeches\2024-03-01 - Adriana D. Kugler - Disinflation without a Rise in Unemployment_ What Is Different This Time Around.txt,https://www.federalreserve.gov/newsevents/speech/kugler20240301a.htm,speech_after_meeting,0.7
FED_2024_01,FED,2024-01-31,FED_DOC_BCDF45624ACE,speech,Speeches,"Thoughts on Quantitative Tightening, Including Remarks on the Paper ""Quantitative Tightening around the Globe: What Have We Learned?""",Christopher J. Waller,2024-03-01,30,"data\FED\Speeches\2024-03-01 - Christopher J. Waller - Thoughts on Quantitative Tightening, Including Remarks on the Paper _Quantitative Tightening around the Globe_ Wh.txt",https://www.federalreserve.gov/newsevents/speech/waller20240301a.htm,speech_after_meeting,0.7
FED_2024_01,FED,2024-01-31,FED_DOC_1827E142A7B6,speech,Speeches,"Tailoring, Fidelity to the Rule of Law, and Unintended Consequences",Michelle W. Bowman,2024-03-05,34,"data\FED\Speeches\2024-03-05 - Michelle W. Bowman - Tailoring, Fidelity to the Rule of Law, and Unintended Consequences.txt",https://www.federalreserve.gov/newsevents/speech/bowman20240305a.htm,speech_after_meeting,0.7
FED_2024_01,FED,2024-01-31,FED_DOC_894304C5D2D6,speech,Speeches,Reflections on the Economy and Bank Regulation,Michelle W. Bowman,2024-03-07,36,data\FED\Speeches\2024-03-07 - Michelle W. Bowman - Reflections on the Economy and Bank Regulation.txt,https://www.federalreserve.gov/newsevents/speech/bowman20240307a.htm,speech_after_meeting,0.7
FED_2024_03,FED,2024-03-20,FED_DOC_7E3F7C5D2046,minutes,Minutes,FOMC minutes,,2024-03-20,0,data\FED\Minutes\2024-03-20 - FOMC minutes.txt,https://www.federalreserve.gov/monetarypolicy/files/fomcminutes20240320.pdf,minutes_for_meeting,0.9
FED_2024_03,FED,2024-03-20,FED_DOC_DB28C3494C07,statement,Monetary Policy,FOMC statement,,2024-03-20,0,data\FED\Monetary Policy\2024-03-20 - FOMC statement.txt,https://www.federalreserve.gov/monetarypolicy/files/monetary20240320a1.pdf,anchor_statement,1.0
FED_2024_03,FED,2024-03-20,FED_DOC_32C6B2F4AF0B,speech,Speeches,The Dual Mandate and the Balance of Risks,Lisa D. Cook,2024-03-25,5,data\FED\Speeches\2024-03-25 - Lisa D. Cook - The Dual Mandate and the Balance of Risks.txt,https://www.federalreserve.gov/newsevents/speech/cook20240325a.htm,speech_after_meeting,0.7
FED_2024_03,FED,2024-03-20,FED_DOC_0ED47AD48D2A,speech,Speeches,Thereâs Still No Rush,Christopher J. Waller,2024-03-27,7,data\FED\Speeches\2024-03-27 - Christopher J. Waller - Thereâs Still No Rush.txt,https://www.federalreserve.gov/newsevents/speech/waller20240327a.htm,speech_after_meeting,0.7
FED_2024_03,FED,2024-03-20,FED_DOC_2B7F67B3B6E8,speech,Speeches,"Hope, Promise, and Mentors",Lisa D. Cook,2024-04-01,12,"data\FED\Speeches\2024-04-01 - Lisa D. Cook - Hope, Promise, and Mentors.txt",https://www.federalreserve.gov/newsevents/speech/cook20240401a.htm,speech_after_meeting,0.7
FED_2024_03,FED,2024-03-20,FED_DOC_DED80882127D,speech,Speeches,"Bank Mergers and Acquisitions, and De Novo Bank Formation: Implications for the Future of the Banking System",Michelle W. Bowman,2024-04-02,13,"data\FED\Speeches\2024-04-02 - Michelle W. Bowman - Bank Mergers and Acquisitions, and De Novo Bank Formation_ Implications for the Future of the Banking System.txt",https://www.federalreserve.gov/newsevents/speech/bowman20240402a.htm,speech_after_meeting,0.7
FED_2024_03,FED,2024-03-20,FED_DOC_94F15D2180A7,speech,Speeches,"Bank Liquidity, Regulation, and the Fed's Role as Lender of Last Resort",Michelle W. Bowman,2024-04-03,14,"data\FED\Speeches\2024-04-03 - Michelle W. Bowman - Bank Liquidity, Regulation, and the Fed's Role as Lender of Last Resort.txt",https://www.federalreserve.gov/newsevents/speech/bowman20240403a.htm,speech_after_meeting,0.7
FED_2024_03,FED,2024-03-20,FED_DOC_2411C0DDA86B,speech,Speeches,Opening Remarks,Jerome H. Powell,2024-04-03,14,data\FED\Speeches\2024-04-03 - Jerome H. Powell - Opening Remarks.txt,https://www.federalreserve.gov/newsevents/speech/powell20240403a.htm,speech_after_meeting,0.7
FED_2024_03,FED,2024-03-20,FED_DOC_0B7F372ACB48,speech,Speeches,The Outlook for the U.S. Economy and Monetary Policy,Adriana D. Kugler,2024-04-03,14,data\FED\Speeches\2024-04-03 - Adriana D. Kugler - The Outlook for the U.S. Economy and Monetary Policy.txt,https://www.federalreserve.gov/newsevents/speech/kugler20240403a.htm,speech_after_meeting,0.7
FED_2024_03,FED,2024-03-20,FED_DOC_9DEEEC9BD2AA,speech,Speeches,Enriching Data and Analysis in Economics with Real Life Experiences,Adriana D. Kugler,2024-04-04,15,data\FED\Speeches\2024-04-04 - Adriana D. Kugler - Enriching Data and Analysis in Economics with Real Life Experiences.txt,https://www.federalreserve.gov/newsevents/speech/kugler20240404a.htm,speech_after_meeting,0.7
FED_2024_03,FED,2024-03-20,FED_DOC_CEDE40B82E91,speech,Speeches,Risks and Uncertainty in Monetary Policy: Current and Past Considerations,Michelle W. Bowman,2024-04-05,16,data\FED\Speeches\2024-04-05 - Michelle W. Bowman - Risks and Uncertainty in Monetary Policy_ Current and Past Considerations.txt,https://www.federalreserve.gov/newsevents/speech/bowman20240405a.htm,speech_after_meeting,0.7
FED_2024_03,FED,2024-03-20,FED_DOC_D2E5C92B3635,speech,Speeches,Economic Uncertainty and the Evolution of Monetary Policymaking,Philip N. Jefferson,2024-04-16,27,data\FED\Speeches\2024-04-16 - Philip N. Jefferson - Economic Uncertainty and the Evolution of Monetary Policymaking.txt,https://www.federalreserve.gov/newsevents/speech/jefferson20240416a.htm,speech_after_meeting,0.7
FED_2024_03,FED,2024-03-20,FED_DOC_2EDA32D5BA16,speech,Speeches,Opening Remarks,Opening Remarks,2024-04-18,29,data\FED\Speeches\2024-04-18 - Opening Remarks - Opening Remarks.txt,https://www.federalreserve.gov/newsevents/speech/bowman20240418a.htm,speech_after_meeting,0.7
FED_2024_05,FED,2024-05-01,FED_DOC_B0D6A58222F8,minutes,Minutes,FOMC minutes,,2024-05-01,0,data\FED\Minutes\2024-05-01 - FOMC minutes.txt,https://www.federalreserve.gov/monetarypolicy/files/fomcminutes20240501.pdf,minutes_for_meeting,0.9
FED_2024_05,FED,2024-05-01,FED_DOC_9188E02FEF08,statement,Monetary Policy,FOMC statement,,2024-05-01,0,data\FED\Monetary Policy\2024-05-01 - FOMC statement.txt,https://www.federalreserve.gov/monetarypolicy/files/monetary20240501a1.pdf,anchor_statement,1.0
FED_2024_05,FED,2024-05-01,FED_DOC_54F26FB8DBDB,speech,Speeches,Brief Remarks on the Economy and Monetary Policy,Michelle W. Bowman,2024-05-03,2,data\FED\Speeches\2024-05-03 - Michelle W. Bowman - Brief Remarks on the Economy and Monetary Policy.txt,https://www.federalreserve.gov/newsevents/speech/bowman20240503a.htm,speech_after_meeting,0.7
FED_2024_05,FED,2024-05-01,FED_DOC_BBF8C82A61FA,speech,Speeches,"""Oh, the Places Youâll Go and the Things Youâll Do""",Lisa D. Cook,2024-05-04,3,"data\FED\Speeches\2024-05-04 - Lisa D. Cook - _Oh, the Places Youâll Go and the Things Youâll Do_.txt",https://www.federalreserve.gov/newsevents/speech/cook20240504a.htm,speech_after_meeting,0.7
FED_2024_05,FED,2024-05-01,FED_DOC_3490E8CBB199,speech,Speeches,Current Assessment of Financial Stability,Current Assessment of Financial Stability,2024-05-08,7,data\FED\Speeches\2024-05-08 - Current Assessment of Financial Stability - Current Assessment of Financial Stability.txt,https://www.federalreserve.gov/newsevents/speech/cook20240508a.htm,speech_after_meeting,0.7
FED_2024_05,FED,2024-05-01,FED_DOC_A7405DEF69BE,speech,Speeches,Commencement Remarks,Commencement Remarks,2024-05-10,9,data\FED\Speeches\2024-05-10 - Commencement Remarks - Commencement Remarks.txt,https://www.federalreserve.gov/newsevents/speech/barr20240510a.htm,speech_after_meeting,0.7
FED_2024_05,FED,2024-05-01,FED_DOC_CD683C9FC52A,speech,Speeches,Financial Stability Risks: Resiliency and the Role of Regulators,Michelle W. Bowman,2024-05-10,9,data\FED\Speeches\2024-05-10 - Michelle W. Bowman - Financial Stability Risks_ Resiliency and the Role of Regulators.txt,https://www.federalreserve.gov/newsevents/speech/bowman20240510a.htm,speech_after_meeting,0.7
FED_2024_05,FED,2024-05-01,FED_DOC_C6E4781FFCEE,speech,Speeches,Communicating about Monetary Policy,Philip N. Jefferson,2024-05-13,12,data\FED\Speeches\2024-05-13 - Philip N. Jefferson - Communicating about Monetary Policy.txt,https://www.federalreserve.gov/newsevents/speech/jefferson20240513a.htm,speech_after_meeting,0.7
FED_2024_05,FED,2024-05-01,FED_DOC_07A3F9934E12,speech,Speeches,Growth and Change at Community Development Financial Institutions,Lisa D. Cook,2024-05-14,13,data\FED\Speeches\2024-05-14 - Lisa D. Cook - Growth and Change at Community Development Financial Institutions.txt,https://www.federalreserve.gov/newsevents/speech/cook20240514a.htm,speech_after_meeting,0.7
FED_2024_05,FED,2024-05-01,FED_DOC_D57B90CCE69E,speech,Speeches,Innovation and the Evolving Financial Landscape,Michelle W. Bowman,2024-05-15,14,data\FED\Speeches\2024-05-15 - Michelle W. Bowman - Innovation and the Evolving Financial Landscape.txt,https://www.federalreserve.gov/newsevents/speech/bowman20240515a.htm,speech_after_meeting,0.7
FED_2024_05,FED,2024-05-01,FED_DOC_329D427B9CF9,speech,Speeches,"Brief Remarks on the Economy, Monetary Policy, and Bank Regulation",Michelle W. Bowman,2024-05-17,16,"data\FED\Speeches\2024-05-17 - Michelle W. Bowman - Brief Remarks on the Economy, Monetary Policy, and Bank Regulation.txt",https://www.federalreserve.gov/newsevents/speech/bowman20240517a.htm,speech_after_meeting,0.7
FED_2024_05,FED,2024-05-01,FED_DOC_D6D65DE9A4C3,speech,Speeches,"Payments Innovation, Technical Standards, and the Federal Reserve's Roles",Christopher J. Waller,2024-05-17,16,"data\FED\Speeches\2024-05-17 - Christopher J. Waller - Payments Innovation, Technical Standards, and the Federal Reserve's Roles.txt",https://www.federalreserve.gov/newsevents/speech/waller20240517a.htm,speech_after_meeting,0.7
FED_2024_05,FED,2024-05-01,FED_DOC_AEF4521413D9,speech,Speeches,"On the Road Ahead, Cherish the Detours",Adriana D. Kugler,2024-05-18,17,"data\FED\Speeches\2024-05-18 - Adriana D. Kugler - On the Road Ahead, Cherish the Detours.txt",https://www.federalreserve.gov/newsevents/speech/kugler20240518a.htm,speech_after_meeting,0.7
FED_2024_05,FED,2024-05-01,FED_DOC_778FF3ACBBDF,speech,Speeches,Georgetown University Law Center Commencement Address,Jerome H. Powell,2024-05-19,18,data\FED\Speeches\2024-05-19 - Jerome H. Powell - Georgetown University Law Center Commencement Address.txt,https://www.federalreserve.gov/newsevents/speech/powell20240519a.htm,speech_after_meeting,0.7
FED_2024_05,FED,2024-05-01,FED_DOC_04F504377147,speech,Speeches,On Building a Resilient Regulatory Framework,Watch Live,2024-05-20,19,data\FED\Speeches\2024-05-20 - Watch Live - On Building a Resilient Regulatory Framework.txt,https://www.federalreserve.gov/newsevents/speech/barr20240520a.htm,speech_after_meeting,0.7
FED_2024_05,FED,2024-05-01,FED_DOC_FB9CC007D065,speech,Speeches,U.S. Economic Outlook and Housing Price Dynamics,Philip N. Jefferson,2024-05-20,19,data\FED\Speeches\2024-05-20 - Philip N. Jefferson - U.S. Economic Outlook and Housing Price Dynamics.txt,https://www.federalreserve.gov/newsevents/speech/jefferson20240520a.htm,speech_after_meeting,0.7
FED_2024_05,FED,2024-05-01,FED_DOC_FB79A6B9DDC8,speech,Speeches,Welcoming Remarks on the International Role of the U.S. Dollar,Christopher J. Waller,2024-05-20,19,data\FED\Speeches\2024-05-20 - Christopher J. Waller - Welcoming Remarks on the International Role of the U.S. Dollar.txt,https://www.federalreserve.gov/newsevents/speech/waller20240520a.htm,speech_after_meeting,0.7
FED_2024_05,FED,2024-05-01,FED_DOC_2C8F3EC40278,speech,Speeches,"Little by Little, Progress Seems to be Resuming.","Little, Progress Seems to be Resuming.",2024-05-21,20,"data\FED\Speeches\2024-05-21 - Little, Progress Seems to be Resuming - Little by Little, Progress Seems to be Resuming.txt",https://www.federalreserve.gov/newsevents/speech/waller20240521a.htm,speech_after_meeting,0.7
FED_2024_05,FED,2024-05-01,FED_DOC_3DC7A212C1C8,speech,Speeches,Some Thoughts on r*: Why Did It Fall and Will It Rise?,Christopher J. Waller,2024-05-24,23,data\FED\Speeches\2024-05-24 - Christopher J. Waller - Some Thoughts on r_ Why Did It Fall and Will It Rise_.txt,https://www.federalreserve.gov/newsevents/speech/waller20240524a.htm,speech_after_meeting,0.7
FED_2024_05,FED,2024-05-01,FED_DOC_7B037A0587FD,speech,Speeches,The Federal Reserve's Balance Sheet as a Monetary Policy Tool: Past Lessons and Future Considerations,Michelle W. Bowman,2024-05-28,27,data\FED\Speeches\2024-05-28 - Michelle W. Bowman - The Federal Reserve's Balance Sheet as a Monetary Policy Tool_ Past Lessons and Future Considerations.txt,https://www.federalreserve.gov/newsevents/speech/bowman20240528a.htm,speech_after_meeting,0.7
FED_2024_05,FED,2024-05-01,FED_DOC_582A06C5DE9A,speech,Speeches,A New Class of Trailblazers,A New Class of Trailblazers,2024-06-07,37,data\FED\Speeches\2024-06-07 - A New Class of Trailblazers - A New Class of Trailblazers.txt,https://www.federalreserve.gov/newsevents/speech/cook20240607a.htm,speech_after_meeting,0.7
FED_2024_06,FED,2024-06-12,FED_DOC_4D8FF1233001,minutes,Minutes,FOMC minutes,,2024-06-12,0,data\FED\Minutes\2024-06-12 - FOMC minutes.txt,https://www.federalreserve.gov/monetarypolicy/files/fomcminutes20240612.pdf,minutes_for_meeting,0.9
FED_2024_06,FED,2024-06-12,FED_DOC_E90F0043310A,statement,Monetary Policy,FOMC statement,,2024-06-12,0,data\FED\Monetary Policy\2024-06-12 - FOMC statement.txt,https://www.federalreserve.gov/monetarypolicy/files/monetary20240612a1.pdf,anchor_statement,1.0
FED_2024_06,FED,2024-06-12,FED_DOC_77F197BBD8B9,speech,Speeches,Lessons from the American Economic Association Summer Program,Lisa D. Cook,2024-06-14,2,data\FED\Speeches\2024-06-14 - Lisa D. Cook - Lessons from the American Economic Association Summer Program.txt,https://www.federalreserve.gov/newsevents/speech/cook20240614a.htm,speech_after_meeting,0.7
FED_2024_06,FED,2024-06-12,FED_DOC_61D6F345CE48,speech,Speeches,A Transformative Experience,A Transformative Experience,2024-06-17,5,data\FED\Speeches\2024-06-17 - A Transformative Experience - A Transformative Experience.txt,https://www.federalreserve.gov/newsevents/speech/cook20240617a.htm,speech_after_meeting,0.7
FED_2024_06,FED,2024-06-12,FED_DOC_A9A278E07317,speech,Speeches,Innovation in the Financial System,Innovation in the Financial System,2024-06-17,5,data\FED\Speeches\2024-06-17 - Innovation in the Financial System - Innovation in the Financial System.txt,https://www.federalreserve.gov/newsevents/speech/bowman20240617a.htm,speech_after_meeting,0.7
FED_2024_06,FED,2024-06-12,FED_DOC_E10EC7DE1C6B,speech,Speeches,Some Reasons for Optimism about Inflation,Adriana D. Kugler,2024-06-18,6,data\FED\Speeches\2024-06-18 - Adriana D. Kugler - Some Reasons for Optimism about Inflation.txt,https://www.federalreserve.gov/newsevents/speech/kugler20240618a.htm,speech_after_meeting,0.7
FED_2024_06,FED,2024-06-12,FED_DOC_7AE14ADBD1E1,speech,Speeches,Welcoming Remarks,Welcoming Remarks,2024-06-24,12,data\FED\Speeches\2024-06-24 - Welcoming Remarks - Welcoming Remarks.txt,https://www.federalreserve.gov/newsevents/speech/waller20240624a.htm,speech_after_meeting,0.7
FED_2024_06,FED,2024-06-12,FED_DOC_5243D0F9AC46,speech,Speeches,Moving Toward Better Balance and Implications for Monetary Policy,Lisa D. Cook,2024-06-25,13,data\FED\Speeches\2024-06-25 - Lisa D. Cook - Moving Toward Better Balance and Implications for Monetary Policy.txt,https://www.federalreserve.gov/newsevents/speech/cook20240625a.htm,speech_after_meeting,0.7
FED_2024_06,FED,2024-06-12,FED_DOC_9DA8D82ADA21,speech,Speeches,Opening Remarks,Opening Remarks,2024-06-25,13,data\FED\Speeches\2024-06-25 - Opening Remarks - Opening Remarks.txt,https://www.federalreserve.gov/newsevents/speech/bowman20240625b.htm,speech_after_meeting,0.7
FED_2024_06,FED,2024-06-12,FED_DOC_3A99D27BB0C6,speech,Speeches,Perspectives on U.S. Monetary Policy and Bank Capital Reform,Michelle W. Bowman,2024-06-25,13,data\FED\Speeches\2024-06-25 - Michelle W. Bowman - Perspectives on U.S. Monetary Policy and Bank Capital Reform.txt,https://www.federalreserve.gov/newsevents/speech/bowman20240625a.htm,speech_after_meeting,0.7
FED_2024_06,FED,2024-06-12,FED_DOC_A4D6E945FF1E,speech,Speeches,The Consequences of Bank Capital Reform,Michelle W. Bowman,2024-06-26,14,data\FED\Speeches\2024-06-26 - Michelle W. Bowman - The Consequences of Bank Capital Reform.txt,https://www.federalreserve.gov/newsevents/speech/bowman20240626a.htm,speech_after_meeting,0.7
FED_2024_06,FED,2024-06-12,FED_DOC_0A410DFA475F,speech,Speeches,"Brief Remarks on the Economy, Monetary Policy, and Bank Regulation",Michelle W. Bowman,2024-06-27,15,"data\FED\Speeches\2024-06-27 - Michelle W. Bowman - Brief Remarks on the Economy, Monetary Policy, and Bank Regulation.txt",https://www.federalreserve.gov/newsevents/speech/bowman20240627a.htm,speech_after_meeting,0.7
FED_2024_06,FED,2024-06-12,FED_DOC_1F8F1D245AD0,speech,Speeches,"Financial Inclusion: Past, Present, and Hopes for the Future",Michael S. Barr,2024-07-09,27,"data\FED\Speeches\2024-07-09 - Michael S. Barr - Financial Inclusion_ Past, Present, and Hopes for the Future.txt",https://www.federalreserve.gov/newsevents/speech/barr20240709a.htm,speech_after_meeting,0.7
FED_2024_06,FED,2024-06-12,FED_DOC_AEE055287570,speech,Speeches,Promoting an Inclusive Financial System,Promoting an Inclusive Financial System,2024-07-09,27,data\FED\Speeches\2024-07-09 - Promoting an Inclusive Financial System - Promoting an Inclusive Financial System.txt,https://www.federalreserve.gov/newsevents/speech/bowman20240709a.htm,speech_after_meeting,0.7
FED_2024_06,FED,2024-06-12,FED_DOC_9C3C5B206071,speech,Speeches,Common Inflation and Monetary Policy Challenges across Countries,Lisa D. Cook,2024-07-10,28,data\FED\Speeches\2024-07-10 - Lisa D. Cook - Common Inflation and Monetary Policy Challenges across Countries.txt,https://www.federalreserve.gov/newsevents/speech/cook20240710a.htm,speech_after_meeting,0.7
FED_2024_06,FED,2024-06-12,FED_DOC_9070B9890859,speech,Speeches,Opening Remarks,Opening Remarks,2024-07-10,28,data\FED\Speeches\2024-07-10 - Opening Remarks - Opening Remarks.txt,https://www.federalreserve.gov/newsevents/speech/bowman20240710a.htm,speech_after_meeting,0.7
FED_2024_06,FED,2024-06-12,FED_DOC_051D7558FD5D,speech,Speeches,The Challenges Facing Economic Measurement and Creative Solutions,Adriana D. Kugler,2024-07-16,34,data\FED\Speeches\2024-07-16 - Adriana D. Kugler - The Challenges Facing Economic Measurement and Creative Solutions.txt,https://www.federalreserve.gov/newsevents/speech/kugler20240716a.htm,speech_after_meeting,0.7
FED_2024_06,FED,2024-06-12,FED_DOC_53EC6AD53A5A,speech,Speeches,Getting Closer,Getting Closer,2024-07-17,35,data\FED\Speeches\2024-07-17 - Getting Closer - Getting Closer.txt,https://www.federalreserve.gov/newsevents/speech/waller20240717a.htm,speech_after_meeting,0.7
FED_2024_06,FED,2024-06-12,FED_DOC_990D878C7528,speech,Speeches,"Liquidity, Supervision, and Regulatory Reform",Michelle W. Bowman,2024-07-18,36,"data\FED\Speeches\2024-07-18 - Michelle W. Bowman - Liquidity, Supervision, and Regulatory Reform.txt",https://www.federalreserve.gov/newsevents/speech/bowman20240718a.htm,speech_after_meeting,0.7
FED_2024_06,FED,2024-06-12,FED_DOC_B365776CCC3A,speech,Speeches,Opening Remarks,Opening Remarks,2024-07-24,42,data\FED\Speeches\2024-07-24 - Opening Remarks - Opening Remarks.txt,https://www.federalreserve.gov/newsevents/speech/bowman20240724a.htm,speech_after_meeting,0.7
FED_2024_07,FED,2024-07-31,FED_DOC_0EBDE7E68795,minutes,Minutes,FOMC minutes,,2024-07-31,0,data\FED\Minutes\2024-07-31 - FOMC minutes.txt,https://www.federalreserve.gov/monetarypolicy/files/fomcminutes20240731.pdf,minutes_for_meeting,0.9
FED_2024_07,FED,2024-07-31,FED_DOC_C7105885CC22,statement,Monetary Policy,FOMC statement,,2024-07-31,0,data\FED\Monetary Policy\2024-07-31 - FOMC statement.txt,https://www.federalreserve.gov/monetarypolicy/files/monetary20240731a1.pdf,anchor_statement,1.0
FED_2024_07,FED,2024-07-31,FED_DOC_80B000C8067D,speech,Speeches,"Update on the Economic Outlook, and Perspective on Bank Culture, M&A, and Liquidity",Michelle W. Bowman,2024-08-10,10,"data\FED\Speeches\2024-08-10 - Michelle W. Bowman - Update on the Economic Outlook, and Perspective on Bank Culture, M&A, and Liquidity.txt",https://www.federalreserve.gov/newsevents/speech/bowman20240810a.htm,speech_after_meeting,0.7
FED_2024_07,FED,2024-07-31,FED_DOC_3BFCF04A3A64,speech,Speeches,Opening Remarks,Opening Remarks,2024-08-19,19,data\FED\Speeches\2024-08-19 - Opening Remarks - Opening Remarks.txt,https://www.federalreserve.gov/newsevents/speech/waller20240819a.htm,speech_after_meeting,0.7
FED_2024_07,FED,2024-07-31,FED_DOC_6403BB919C8F,speech,Speeches,Remarks on the Economic Outlook and Financial Inclusion,Michelle W. Bowman,2024-08-20,20,data\FED\Speeches\2024-08-20 - Michelle W. Bowman - Remarks on the Economic Outlook and Financial Inclusion.txt,https://www.federalreserve.gov/newsevents/speech/bowman20240820a.htm,speech_after_meeting,0.7
FED_2024_07,FED,2024-07-31,FED_DOC_F2DFDD0FC2A2,speech,Speeches,Review and Outlook,Jerome H. Powell,2024-08-23,23,data\FED\Speeches\2024-08-23 - Jerome H. Powell - Review and Outlook.txt,https://www.federalreserve.gov/newsevents/speech/powell20240823a.htm,speech_after_meeting,0.7
FED_2024_07,FED,2024-07-31,FED_DOC_78D5BFCB70D6,speech,Speeches,Interlinking Fast Payment Systems,Interlinking Fast Payment Systems,2024-08-28,28,data\FED\Speeches\2024-08-28 - Interlinking Fast Payment Systems - Interlinking Fast Payment Systems.txt,https://www.federalreserve.gov/newsevents/speech/waller20240828a.htm,speech_after_meeting,0.7
FED_2024_07,FED,2024-07-31,FED_DOC_502E85EB00A2,speech,Speeches,The Time Has Come,The Time Has Come,2024-09-06,37,data\FED\Speeches\2024-09-06 - The Time Has Come - The Time Has Come.txt,https://www.federalreserve.gov/newsevents/speech/waller20240906a.htm,speech_after_meeting,0.7
FED_2024_07,FED,2024-07-31,FED_DOC_C500AF521E82,speech,Speeches,The Future of Stress Testing and the Stress Capital Buffer Framework,Michelle W. Bowman,2024-09-10,41,data\FED\Speeches\2024-09-10 - Michelle W. Bowman - The Future of Stress Testing and the Stress Capital Buffer Framework.txt,https://www.federalreserve.gov/newsevents/speech/bowman20240910a.htm,speech_after_meeting,0.7
FED_2024_07,FED,2024-07-31,FED_DOC_3C01DACBF770,speech,Speeches,The Next Steps on Capital,The Next Steps on Capital,2024-09-10,41,data\FED\Speeches\2024-09-10 - The Next Steps on Capital - The Next Steps on Capital.txt,https://www.federalreserve.gov/newsevents/speech/barr20240910a.htm,speech_after_meeting,0.7
FED_2024_09,FED,2024-09-18,FED_DOC_1A7FA181ABD6,minutes,Minutes,FOMC minutes,,2024-09-18,0,data\FED\Minutes\2024-09-18 - FOMC minutes.txt,https://www.federalreserve.gov/monetarypolicy/files/fomcminutes20240918.pdf,minutes_for_meeting,0.9
FED_2024_09,FED,2024-09-18,FED_DOC_0C106841044E,statement,Monetary Policy,FOMC statement,,2024-09-18,0,data\FED\Monetary Policy\2024-09-18 - FOMC statement.txt,https://www.federalreserve.gov/monetarypolicy/files/monetary20240918a1.pdf,anchor_statement,1.0
FED_2024_09,FED,2024-09-18,FED_DOC_B18A28F47B70,speech,Speeches,Statement by Governor Michelle W. Bowman,Michelle W. Bowman,2024-09-20,2,data\FED\Speeches\2024-09-20 - Michelle W. Bowman - Statement by Governor Michelle W. Bowman.txt,https://www.federalreserve.gov/newsevents/speech/bowman20240920a.htm,speech_after_meeting,0.7
FED_2024_09,FED,2024-09-18,FED_DOC_97A23DC4548B,speech,Speeches,Recent Views on Monetary Policy and the Economic Outlook,Michelle W. Bowman,2024-09-24,6,data\FED\Speeches\2024-09-24 - Michelle W. Bowman - Recent Views on Monetary Policy and the Economic Outlook.txt,https://www.federalreserve.gov/newsevents/speech/bowman20240924a.htm,speech_after_meeting,0.7
FED_2024_09,FED,2024-09-18,FED_DOC_23A5A72691DC,speech,Speeches,How We Got Here: A Perspective on Inflation and the Labor Market,Adriana D. Kugler,2024-09-25,7,data\FED\Speeches\2024-09-25 - Adriana D. Kugler - How We Got Here_ A Perspective on Inflation and the Labor Market.txt,https://www.federalreserve.gov/newsevents/speech/kugler20240925a.htm,speech_after_meeting,0.7
FED_2024_09,FED,2024-09-18,FED_DOC_E3C8E17F54F9,speech,Speeches,Opening Remarks,Jerome H. Powell,2024-09-26,8,data\FED\Speeches\2024-09-26 - Jerome H. Powell - Opening Remarks.txt,https://www.federalreserve.gov/newsevents/speech/powell20240926a.htm,speech_after_meeting,0.7
FED_2024_09,FED,2024-09-18,FED_DOC_5F31BB22FAA0,speech,Speeches,Recent Views on Monetary Policy and the Economic Outlook,Michelle W. Bowman,2024-09-26,8,data\FED\Speeches\2024-09-26 - Michelle W. Bowman - Recent Views on Monetary Policy and the Economic Outlook.txt,https://www.federalreserve.gov/newsevents/speech/bowman20240926a.htm,speech_after_meeting,0.7
FED_2024_09,FED,2024-09-18,FED_DOC_E30BC2BC367F,speech,Speeches,Supporting Market Resilience and Financial Stability,Michael S. Barr,2024-09-26,8,data\FED\Speeches\2024-09-26 - Michael S. Barr - Supporting Market Resilience and Financial Stability.txt,https://www.federalreserve.gov/newsevents/speech/barr20240926a.htm,speech_after_meeting,0.7
FED_2024_09,FED,2024-09-18,FED_DOC_E5C6F260C2E8,speech,Speeches,What Will Artificial Intelligence Mean for Americaâs Workers?,Lisa D. Cook,2024-09-26,8,data\FED\Speeches\2024-09-26 - Lisa D. Cook - What Will Artificial Intelligence Mean for Americaâs Workers_.txt,https://www.federalreserve.gov/newsevents/speech/cook20240926a.htm,speech_after_meeting,0.7
FED_2024_09,FED,2024-09-18,FED_DOC_28980E8F0651,speech,Speeches,Economic Outlook,Jerome H. Powell,2024-09-30,12,data\FED\Speeches\2024-09-30 - Jerome H. Powell - Economic Outlook.txt,https://www.federalreserve.gov/newsevents/speech/powell20240930a.htm,speech_after_meeting,0.7
FED_2024_09,FED,2024-09-18,FED_DOC_AB6553B66D99,speech,Speeches,Recent Views on Monetary Policy and the Economic Outlook,Michelle W. Bowman,2024-09-30,12,data\FED\Speeches\2024-09-30 - Michelle W. Bowman - Recent Views on Monetary Policy and the Economic Outlook.txt,https://www.federalreserve.gov/newsevents/speech/bowman20240930a.htm,speech_after_meeting,0.7
FED_2024_09,FED,2024-09-18,FED_DOC_BD76EE757142,speech,Speeches,"Artificial Intelligence, Big Data, and the Path Ahead for Productivity",Lisa D. Cook,2024-10-01,13,"data\FED\Speeches\2024-10-01 - Lisa D. Cook - Artificial Intelligence, Big Data, and the Path Ahead for Productivity.txt",https://www.federalreserve.gov/newsevents/speech/cook20241001a.htm,speech_after_meeting,0.7
FED_2024_09,FED,2024-09-18,FED_DOC_6447BAF6BBBE,speech,Speeches,Building a Community Banking Framework for the Future,Michelle W. Bowman,2024-10-02,14,data\FED\Speeches\2024-10-02 - Michelle W. Bowman - Building a Community Banking Framework for the Future.txt,https://www.federalreserve.gov/newsevents/speech/bowman20241002a.htm,speech_after_meeting,0.7
FED_2024_09,FED,2024-09-18,FED_DOC_A90F2F9F2969,speech,Speeches,A History of the Fed's Discount Window: 1913â2000,Philip N. Jefferson,2024-10-08,20,data\FED\Speeches\2024-10-08 - Philip N. Jefferson - A History of the Fed's Discount Window_ 1913â2000.txt,https://www.federalreserve.gov/newsevents/speech/jefferson20241008a.htm,speech_after_meeting,0.7
FED_2024_09,FED,2024-09-18,FED_DOC_2EDAC3E1820D,speech,Speeches,The Global Fight Against Inflation,The Global Fight Against Inflation,2024-10-08,20,data\FED\Speeches\2024-10-08 - The Global Fight Against Inflation - The Global Fight Against Inflation.txt,https://www.federalreserve.gov/newsevents/speech/kugler20241008a.htm,speech_after_meeting,0.7
FED_2024_09,FED,2024-09-18,FED_DOC_EB7AEA085E82,speech,Speeches,The Fed's Discount Window: 1990 to the Present,Philip N. Jefferson,2024-10-09,21,data\FED\Speeches\2024-10-09 - Philip N. Jefferson - The Fed's Discount Window_ 1990 to the Present.txt,https://www.federalreserve.gov/newsevents/speech/jefferson20241009a.htm,speech_after_meeting,0.7
FED_2024_09,FED,2024-09-18,FED_DOC_A1B8C6695240,speech,Speeches,"Entrepreneurs, Innovation, and Participation",Lisa D. Cook,2024-10-10,22,"data\FED\Speeches\2024-10-10 - Lisa D. Cook - Entrepreneurs, Innovation, and Participation.txt",https://www.federalreserve.gov/newsevents/speech/cook20241010a.htm,speech_after_meeting,0.7
FED_2024_09,FED,2024-09-18,FED_DOC_59143D1477D6,speech,Speeches,Challenges to the Community Banking Model,Michelle W. Bowman,2024-10-11,23,data\FED\Speeches\2024-10-11 - Michelle W. Bowman - Challenges to the Community Banking Model.txt,https://www.federalreserve.gov/newsevents/speech/bowman20241011a.htm,speech_after_meeting,0.7
FED_2024_09,FED,2024-09-18,FED_DOC_F69F61CFB847,speech,Speeches,Thoughts on the Economy and Policy Rules at the Federal Open Market Committee,Christopher J. Waller,2024-10-14,26,data\FED\Speeches\2024-10-14 - Christopher J. Waller - Thoughts on the Economy and Policy Rules at the Federal Open Market Committee.txt,https://www.federalreserve.gov/newsevents/speech/waller20241014a.htm,speech_after_meeting,0.7
FED_2024_09,FED,2024-09-18,FED_DOC_75BD3FF01AE4,speech,Speeches,Centralized and Decentralized Finance: Substitutes or Complements?,Christopher J. Waller,2024-10-18,30,data\FED\Speeches\2024-10-18 - Christopher J. Waller - Centralized and Decentralized Finance_ Substitutes or Complements_.txt,https://www.federalreserve.gov/newsevents/speech/waller20241018a.htm,speech_after_meeting,0.7
FED_2024_09,FED,2024-09-18,FED_DOC_9A5B8A80A676,speech,Speeches,Opening Remarks,Opening Remarks,2024-10-23,35,data\FED\Speeches\2024-10-23 - Opening Remarks - Opening Remarks.txt,https://www.federalreserve.gov/newsevents/speech/bowman20241023a.htm,speech_after_meeting,0.7
FED_2024_11,FED,2024-11-07,FED_DOC_07D48266F3B7,minutes,Minutes,FOMC minutes,,2024-11-07,0,data\FED\Minutes\2024-11-07 - FOMC minutes.txt,https://www.federalreserve.gov/monetarypolicy/files/fomcminutes20241107.pdf,minutes_for_meeting,0.9
FED_2024_11,FED,2024-11-07,FED_DOC_59B1C262576E,statement,Monetary Policy,FOMC statement,,2024-11-07,0,data\FED\Monetary Policy\2024-11-07 - FOMC statement.txt,https://www.federalreserve.gov/monetarypolicy/files/monetary20241107a1.pdf,anchor_statement,1.0
FED_2024_11,FED,2024-11-07,FED_DOC_8F02A5697B31,speech,Speeches,What Roles Should the Private Sector and the Federal Reserve Play in Payments?,Christopher J. Waller,2024-11-12,5,data\FED\Speeches\2024-11-12 - Christopher J. Waller - What Roles Should the Private Sector and the Federal Reserve Play in Payments_.txt,https://www.federalreserve.gov/newsevents/speech/waller20241112a.htm,speech_after_meeting,0.7
FED_2024_11,FED,2024-11-07,FED_DOC_80B0459E2CBD,speech,Speeches,Central Bank Independence and the Conduct of Monetary Policy,Adriana D. Kugler,2024-11-14,7,data\FED\Speeches\2024-11-14 - Adriana D. Kugler - Central Bank Independence and the Conduct of Monetary Policy.txt,https://www.federalreserve.gov/newsevents/speech/kugler20241114a.htm,speech_after_meeting,0.7
FED_2024_11,FED,2024-11-07,FED_DOC_9193F359FE69,speech,Speeches,Economic Outlook,Jerome H. Powell,2024-11-14,7,data\FED\Speeches\2024-11-14 - Jerome H. Powell - Economic Outlook.txt,https://www.federalreserve.gov/newsevents/speech/powell20241114a.htm,speech_after_meeting,0.7
FED_2024_11,FED,2024-11-07,FED_DOC_51B0C8869F11,speech,Speeches,Approaching Policymaking Pragmatically,Approaching Policymaking Pragmatically,2024-11-20,13,data\FED\Speeches\2024-11-20 - Approaching Policymaking Pragmatically - Approaching Policymaking Pragmatically.txt,https://www.federalreserve.gov/newsevents/speech/bowman20241120a.htm,speech_after_meeting,0.7
FED_2024_11,FED,2024-11-07,FED_DOC_E6F8351B6DB8,speech,Speeches,Economic Outlook,Economic Outlook,2024-11-20,13,data\FED\Speeches\2024-11-20 - Economic Outlook - Economic Outlook.txt,https://www.federalreserve.gov/newsevents/speech/cook20241120a.htm,speech_after_meeting,0.7
FED_2024_11,FED,2024-11-07,FED_DOC_FF5A0B0D3397,speech,Speeches,Artificial Intelligence in the Financial System,Michelle W. Bowman,2024-11-22,15,data\FED\Speeches\2024-11-22 - Michelle W. Bowman - Artificial Intelligence in the Financial System.txt,https://www.federalreserve.gov/newsevents/speech/bowman20241122a.htm,speech_after_meeting,0.7
FED_2024_11,FED,2024-11-07,FED_DOC_D5D33E202C2E,speech,Speeches,Cut or Skip?,Christopher J. Waller,2024-12-02,25,data\FED\Speeches\2024-12-02 - Christopher J. Waller - Cut or Skip_.txt,https://www.federalreserve.gov/newsevents/speech/waller20241202a.htm,speech_after_meeting,0.7
FED_2024_11,FED,2024-11-07,FED_DOC_65B2C1049F84,speech,Speeches,A Year in Review: A Tale of Two Supply Shocks,Adriana D. Kugler,2024-12-03,26,data\FED\Speeches\2024-12-03 - Adriana D. Kugler - A Year in Review_ A Tale of Two Supply Shocks.txt,https://www.federalreserve.gov/newsevents/speech/kugler20241203a.htm,speech_after_meeting,0.7
FED_2024_12,FED,2024-12-18,FED_DOC_67806B4C35BE,minutes,Minutes,FOMC minutes,,2024-12-18,0,data\FED\Minutes\2024-12-18 - FOMC minutes.txt,https://www.federalreserve.gov/monetarypolicy/files/fomcminutes20241218.pdf,minutes_for_meeting,0.9
FED_2024_12,FED,2024-12-18,FED_DOC_86EB3874CE5B,statement,Monetary Policy,FOMC statement,,2024-12-18,0,data\FED\Monetary Policy\2024-12-18 - FOMC statement.txt,https://www.federalreserve.gov/monetarypolicy/files/monetary20241218a1.pdf,anchor_statement,1.0
FED_2024_12,FED,2024-12-18,FED_DOC_61EB29C49492,speech,Speeches,An Assessment of the Economy and Financial Stability,Lisa D. Cook,2025-01-06,19,data\FED\Speeches\2025-01-06 - Lisa D. Cook - An Assessment of the Economy and Financial Stability.txt,https://www.federalreserve.gov/newsevents/speech/cook20250106a.htm,speech_after_meeting,0.7
FED_2024_12,FED,2024-12-18,FED_DOC_3FDCB3342381,speech,Speeches,Challenges Facing Central Bankers,Challenges Facing Central Bankers,2025-01-08,21,data\FED\Speeches\2025-01-08 - Challenges Facing Central Bankers - Challenges Facing Central Bankers.txt,https://www.federalreserve.gov/newsevents/speech/waller20250108a.htm,speech_after_meeting,0.7
FED_2024_12,FED,2024-12-18,FED_DOC_A8808345A2DB,speech,Speeches,"Reflections on 2024: Monetary Policy, Economic Performance, and Lessons for Banking Regulation",Michelle W. Bowman,2025-01-09,22,"data\FED\Speeches\2025-01-09 - Michelle W. Bowman - Reflections on 2024_ Monetary Policy, Economic Performance, and Lessons for Banking Regulation.txt",https://www.federalreserve.gov/newsevents/speech/bowman20250109a.htm,speech_after_meeting,0.7
FED_2025_01,FED,2025-01-29,FED_DOC_64E53EA0D226,minutes,Minutes,FOMC minutes,,2025-01-29,0,data\FED\Minutes\2025-01-29 - FOMC minutes.txt,https://www.federalreserve.gov/monetarypolicy/files/fomcminutes20250129.pdf,minutes_for_meeting,0.9
FED_2025_01,FED,2025-01-29,FED_DOC_DE851CC96915,statement,Monetary Policy,FOMC statement,,2025-01-29,0,data\FED\Monetary Policy\2025-01-29 - FOMC statement.txt,https://www.federalreserve.gov/monetarypolicy/files/monetary20250129a1.pdf,anchor_statement,1.0
FED_2025_01,FED,2025-01-29,FED_DOC_F36CDA51C239,speech,Speeches,"Brief Remarks on the Economy, and Perspective on Mutual and Community Banks",Michelle W. Bowman,2025-01-31,2,"data\FED\Speeches\2025-01-31 - Michelle W. Bowman - Brief Remarks on the Economy, and Perspective on Mutual and Community Banks.txt",https://www.federalreserve.gov/newsevents/speech/bowman20250131a.htm,speech_after_meeting,0.7
FED_2025_01,FED,2025-01-29,FED_DOC_633EE3BADFC4,speech,Speeches,U.S. Economic Outlook and Monetary Policy,Philip N. Jefferson,2025-02-04,6,data\FED\Speeches\2025-02-04 - Philip N. Jefferson - U.S. Economic Outlook and Monetary Policy.txt,https://www.federalreserve.gov/newsevents/speech/jefferson20250204a.htm,speech_after_meeting,0.7
FED_2025_01,FED,2025-01-29,FED_DOC_72744245E2F3,speech,Speeches,Bank Regulation in 2025 and Beyond,Michelle W. Bowman,2025-02-05,7,data\FED\Speeches\2025-02-05 - Michelle W. Bowman - Bank Regulation in 2025 and Beyond.txt,https://www.federalreserve.gov/newsevents/speech/bowman20250205a.htm,speech_after_meeting,0.7
FED_2025_01,FED,2025-01-29,FED_DOC_596F502D42E8,speech,Speeches,Do Non-inflationary Economic Expansions Promote Shared Prosperity? Evidence from the U.S. Labor Market,Philip N. Jefferson,2025-02-05,7,data\FED\Speeches\2025-02-05 - Philip N. Jefferson - Do Non-inflationary Economic Expansions Promote Shared Prosperity_ Evidence from the U.S. Labor Market.txt,https://www.federalreserve.gov/newsevents/speech/jefferson20250205a.htm,speech_after_meeting,0.7
FED_2025_01,FED,2025-01-29,FED_DOC_F6036BB99853,speech,Speeches,Entrepreneurship and Aggregate Productivity,Entrepreneurship and Aggregate Productivity,2025-02-07,9,data\FED\Speeches\2025-02-07 - Entrepreneurship and Aggregate Productivity - Entrepreneurship and Aggregate Productivity.txt,https://www.federalreserve.gov/newsevents/speech/kugler20250207a.htm,speech_after_meeting,0.7
FED_2025_01,FED,2025-01-29,FED_DOC_BAC57D65C0A0,speech,Speeches,Reflections on a Maturing Stablecoin Market,Christopher J. Waller,2025-02-12,14,data\FED\Speeches\2025-02-12 - Christopher J. Waller - Reflections on a Maturing Stablecoin Market.txt,https://www.federalreserve.gov/newsevents/speech/waller20250212a.htm,speech_after_meeting,0.7
FED_2025_01,FED,2025-01-29,FED_DOC_ECBF8892F3ED,speech,Speeches,"Brief Remarks on the Economy and Accountability in Supervision, Applications, and Regulation",Michelle W. Bowman,2025-02-17,19,"data\FED\Speeches\2025-02-17 - Michelle W. Bowman - Brief Remarks on the Economy and Accountability in Supervision, Applications, and Regulation.txt",https://www.federalreserve.gov/newsevents/speech/bowman20250217a.htm,speech_after_meeting,0.7
FED_2025_01,FED,2025-01-29,FED_DOC_96836BA8313D,speech,Speeches,Disinflation Progress Uneven but Still on Track Rates Cuts on Track as Well,Christopher J. Waller,2025-02-17,19,data\FED\Speeches\2025-02-17 - Christopher J. Waller - Disinflation Progress Uneven but Still on Track Rates Cuts on Track as Well.txt,https://www.federalreserve.gov/newsevents/speech/waller20250217a.htm,speech_after_meeting,0.7
FED_2025_01,FED,2025-01-29,FED_DOC_DC88F49D2B09,speech,Speeches,Artificial Intelligence: Hypothetical Scenarios for the Future,Michael S. Barr,2025-02-18,20,data\FED\Speeches\2025-02-18 - Michael S. Barr - Artificial Intelligence_ Hypothetical Scenarios for the Future.txt,https://www.federalreserve.gov/newsevents/speech/barr20250218a.htm,speech_after_meeting,0.7
FED_2025_01,FED,2025-01-29,FED_DOC_09EF657FE56C,speech,Speeches,How Healthy are U.S. Householdsâ Balance Sheets?,Philip N. Jefferson,2025-02-19,21,data\FED\Speeches\2025-02-19 - Philip N. Jefferson - How Healthy are U.S. Householdsâ Balance Sheets_.txt,https://www.federalreserve.gov/newsevents/speech/jefferson20250219a.htm,speech_after_meeting,0.7
FED_2025_01,FED,2025-01-29,FED_DOC_7918BE229D7E,speech,Speeches,Navigating Inflation Waves: A Phillips Curve Perspective,Adriana D. Kugler,2025-02-20,22,data\FED\Speeches\2025-02-20 - Adriana D. Kugler - Navigating Inflation Waves_ A Phillips Curve Perspective.txt,https://www.federalreserve.gov/newsevents/speech/kugler20250220a.htm,speech_after_meeting,0.7
FED_2025_01,FED,2025-01-29,FED_DOC_241F00188C16,speech,Speeches,Risks and Challenges for Bank Regulation and Supervision,Michael S. Barr,2025-02-20,22,data\FED\Speeches\2025-02-20 - Michael S. Barr - Risks and Challenges for Bank Regulation and Supervision.txt,https://www.federalreserve.gov/newsevents/speech/barr20250220a.htm,speech_after_meeting,0.7
FED_2025_01,FED,2025-01-29,FED_DOC_6185D97CE1CF,speech,Speeches,Reading between the Lines? Textual Analysis of Central Bank Communications,Philip N. Jefferson,2025-02-21,23,data\FED\Speeches\2025-02-21 - Philip N. Jefferson - Reading between the Lines_ Textual Analysis of Central Bank Communications.txt,https://www.federalreserve.gov/newsevents/speech/jefferson20250221a.htm,speech_after_meeting,0.7
FED_2025_01,FED,2025-01-29,FED_DOC_B1760EF0AB9B,speech,Speeches,Managing Financial Crises,Managing Financial Crises,2025-02-25,27,data\FED\Speeches\2025-02-25 - Managing Financial Crises - Managing Financial Crises.txt,https://www.federalreserve.gov/newsevents/speech/barr20250225a.htm,speech_after_meeting,0.7
FED_2025_01,FED,2025-01-29,FED_DOC_C519D3E9CB8F,speech,Speeches,Community Banking,Community Banking,2025-02-27,29,data\FED\Speeches\2025-02-27 - Community Banking - Community Banking.txt,https://www.federalreserve.gov/newsevents/speech/bowman20250227a.htm,speech_after_meeting,0.7
FED_2025_01,FED,2025-01-29,FED_DOC_7E93015AF031,speech,Speeches,Promoting Responsible Innovation through the Novel Activities Program,Michael S. Barr,2025-02-27,29,data\FED\Speeches\2025-02-27 - Michael S. Barr - Promoting Responsible Innovation through the Novel Activities Program.txt,https://www.federalreserve.gov/newsevents/speech/barr20250227a.htm,speech_after_meeting,0.7
FED_2025_01,FED,2025-01-29,FED_DOC_AE6506DA8C34,speech,Speeches,Economic Outlook,Jerome H. Powell,2025-03-07,37,data\FED\Speeches\2025-03-07 - Jerome H. Powell - Economic Outlook.txt,https://www.federalreserve.gov/newsevents/speech/powell20250307a.htm,speech_after_meeting,0.7
FED_2025_01,FED,2025-01-29,FED_DOC_09F4C12700F8,speech,Speeches,"Remarks on ""Monetary Policy Transmission to Real Activity"" and the Recent Experience",Michelle W. Bowman,2025-03-07,37,data\FED\Speeches\2025-03-07 - Michelle W. Bowman - Remarks on _Monetary Policy Transmission to Real Activity_ and the Recent Experience.txt,https://www.federalreserve.gov/newsevents/speech/bowman20250307a.htm,speech_after_meeting,0.7
FED_2025_01,FED,2025-01-29,FED_DOC_5FCC4DD73B8A,speech,Speeches,The Rebalancing of Labor Markets across the World,Adriana D. Kugler,2025-03-07,37,data\FED\Speeches\2025-03-07 - Adriana D. Kugler - The Rebalancing of Labor Markets across the World.txt,https://www.federalreserve.gov/newsevents/speech/kugler20250307a.htm,speech_after_meeting,0.7
FED_2025_03,FED,2025-03-19,FED_DOC_25779C9F78FD,minutes,Minutes,FOMC minutes,,2025-03-19,0,data\FED\Minutes\2025-03-19 - FOMC minutes.txt,https://www.federalreserve.gov/monetarypolicy/files/fomcminutes20250319.pdf,minutes_for_meeting,0.9
FED_2025_03,FED,2025-03-19,FED_DOC_B6AE96406438,statement,Monetary Policy,FOMC statement,,2025-03-19,0,data\FED\Monetary Policy\2025-03-19 - FOMC statement.txt,https://www.federalreserve.gov/monetarypolicy/files/monetary20250319a1.pdf,anchor_statement,1.0
FED_2025_03,FED,2025-03-19,FED_DOC_82E91E742D87,speech,Speeches,Statement by Governor Christopher J. Waller,Christopher J. Waller,2025-03-21,2,data\FED\Speeches\2025-03-21 - Christopher J. Waller - Statement by Governor Christopher J. Waller.txt,https://www.federalreserve.gov/newsevents/speech/waller20250321a.htm,speech_after_meeting,0.7
FED_2025_03,FED,2025-03-19,FED_DOC_C0860A46537A,speech,Speeches,Helping Small Businesses Reach Their Potential,Michael S. Barr,2025-03-24,5,data\FED\Speeches\2025-03-24 - Michael S. Barr - Helping Small Businesses Reach Their Potential.txt,https://www.federalreserve.gov/newsevents/speech/barr20250324a.htm,speech_after_meeting,0.7
FED_2025_03,FED,2025-03-19,FED_DOC_9EA9924DDAEF,speech,Speeches,"Latinos, Entrepreneurs, and the U.S. Economy",Adriana D. Kugler,2025-03-25,6,"data\FED\Speeches\2025-03-25 - Adriana D. Kugler - Latinos, Entrepreneurs, and the U.S. Economy.txt",https://www.federalreserve.gov/newsevents/speech/kugler20250325a.htm,speech_after_meeting,0.7
FED_2025_03,FED,2025-03-19,FED_DOC_3CDBA627F18F,speech,Speeches,Inflation Expectations and Monetary Policymaking,Inflation Expectations and Monetary Policymaking,2025-04-02,14,data\FED\Speeches\2025-04-02 - Inflation Expectations and Monetary Policymaking - Inflation Expectations and Monetary Policymaking.txt,https://www.federalreserve.gov/newsevents/speech/kugler20250402a.htm,speech_after_meeting,0.7
FED_2025_03,FED,2025-03-19,FED_DOC_B5A65767993B,speech,Speeches,The Economic Outlook and Path of Policy,Lisa D. Cook,2025-04-03,15,data\FED\Speeches\2025-04-03 - Lisa D. Cook - The Economic Outlook and Path of Policy.txt,https://www.federalreserve.gov/newsevents/speech/cook20250403a.htm,speech_after_meeting,0.7
FED_2025_03,FED,2025-03-19,FED_DOC_18D173CC2EEB,speech,Speeches,U.S. Economic Outlook and Central Bank Communications,Philip N. Jefferson,2025-04-03,15,data\FED\Speeches\2025-04-03 - Philip N. Jefferson - U.S. Economic Outlook and Central Bank Communications.txt,https://www.federalreserve.gov/newsevents/speech/jefferson20250403a.htm,speech_after_meeting,0.7
FED_2025_03,FED,2025-03-19,FED_DOC_E251637757F5,speech,Speeches,"AI, Fintechs, and Banks",Michael S. Barr,2025-04-04,16,"data\FED\Speeches\2025-04-04 - Michael S. Barr - AI, Fintechs, and Banks.txt",https://www.federalreserve.gov/newsevents/speech/barr20250404a.htm,speech_after_meeting,0.7
FED_2025_03,FED,2025-03-19,FED_DOC_9691E83FDD8C,speech,Speeches,Economic Outlook,Jerome H. Powell,2025-04-04,16,data\FED\Speeches\2025-04-04 - Jerome H. Powell - Economic Outlook.txt,https://www.federalreserve.gov/newsevents/speech/powell20250404a.htm,speech_after_meeting,0.7
FED_2025_03,FED,2025-03-19,FED_DOC_B697A0402D6E,speech,Speeches,Inflation Dynamics and the Phillips Curve,Adriana D. Kugler,2025-04-07,19,data\FED\Speeches\2025-04-07 - Adriana D. Kugler - Inflation Dynamics and the Phillips Curve.txt,https://www.federalreserve.gov/newsevents/speech/kugler20250407a.htm,speech_after_meeting,0.7
FED_2025_03,FED,2025-03-19,FED_DOC_DA3BA011B550,speech,Speeches,A Tale of Two Outlooks,A Tale of Two Outlooks,2025-04-14,26,data\FED\Speeches\2025-04-14 - A Tale of Two Outlooks - A Tale of Two Outlooks.txt,https://www.federalreserve.gov/newsevents/speech/waller20250414a.htm,speech_after_meeting,0.7
FED_2025_03,FED,2025-03-19,FED_DOC_66E4746ED9FE,speech,Speeches,2025 Distinguished Alumna Award Acceptance Remarks,Lisa D. Cook,2025-04-15,27,data\FED\Speeches\2025-04-15 - Lisa D. Cook - 2025 Distinguished Alumna Award Acceptance Remarks.txt,https://www.federalreserve.gov/newsevents/speech/cook20250415a.htm,speech_after_meeting,0.7
FED_2025_03,FED,2025-03-19,FED_DOC_8EEC58439500,speech,Speeches,Economic Outlook,Jerome H. Powell,2025-04-16,28,data\FED\Speeches\2025-04-16 - Jerome H. Powell - Economic Outlook.txt,https://www.federalreserve.gov/newsevents/speech/powell20250416a.htm,speech_after_meeting,0.7
FED_2025_03,FED,2025-03-19,FED_DOC_B188CCD889EA,speech,Speeches,Deepfakes and the AI Arms Race in Bank Cybersecurity,Michael S. Barr,2025-04-17,29,data\FED\Speeches\2025-04-17 - Michael S. Barr - Deepfakes and the AI Arms Race in Bank Cybersecurity.txt,https://www.federalreserve.gov/newsevents/speech/barr20250417a.htm,speech_after_meeting,0.7
FED_2025_03,FED,2025-03-19,FED_DOC_54E3A3DF8F52,speech,Speeches,Economic Mobility and the Dual Mandate,Philip N. Jefferson,2025-04-22,34,data\FED\Speeches\2025-04-22 - Philip N. Jefferson - Economic Mobility and the Dual Mandate.txt,https://www.federalreserve.gov/newsevents/speech/jefferson20250422a.htm,speech_after_meeting,0.7
FED_2025_03,FED,2025-03-19,FED_DOC_36CFE0F8138B,speech,Speeches,Transmission of Monetary Policy,Transmission of Monetary Policy,2025-04-22,34,data\FED\Speeches\2025-04-22 - Transmission of Monetary Policy - Transmission of Monetary Policy.txt,https://www.federalreserve.gov/newsevents/speech/kugler20250422a.htm,speech_after_meeting,0.7
FED_2025_03,FED,2025-03-19,FED_DOC_B34E93849BD6,speech,Speeches,Welcoming Remarks,Welcoming Remarks,2025-04-23,35,data\FED\Speeches\2025-04-23 - Welcoming Remarks - Welcoming Remarks.txt,https://www.federalreserve.gov/newsevents/speech/waller20250423a.htm,speech_after_meeting,0.7
FED_2025_03,FED,2025-03-19,FED_DOC_A4248C684F07,speech,Speeches,Four Guides for the Journey Ahead,Lisa D. Cook,2025-05-03,45,data\FED\Speeches\2025-05-03 - Lisa D. Cook - Four Guides for the Journey Ahead.txt,https://www.federalreserve.gov/newsevents/speech/cook20250503a.htm,speech_after_meeting,0.7
FED_2025_05,FED,2025-05-07,FED_DOC_6D55A5AC940F,minutes,Minutes,FOMC minutes,,2025-05-07,0,data\FED\Minutes\2025-05-07 - FOMC minutes.txt,https://www.federalreserve.gov/monetarypolicy/files/fomcminutes20250507.pdf,minutes_for_meeting,0.9
FED_2025_05,FED,2025-05-07,FED_DOC_46531E694893,statement,Monetary Policy,FOMC statement,,2025-05-07,0,data\FED\Monetary Policy\2025-05-07 - FOMC statement.txt,https://www.federalreserve.gov/monetarypolicy/files/monetary20250507a1.pdf,anchor_statement,1.0
FED_2025_05,FED,2025-05-07,FED_DOC_4D7A52A0DBE8,speech,Speeches,Artificial Intelligence and the Labor Market: A Scenario-Based Approach,Michael S. Barr,2025-05-09,2,data\FED\Speeches\2025-05-09 - Michael S. Barr - Artificial Intelligence and the Labor Market_ A Scenario-Based Approach.txt,https://www.federalreserve.gov/newsevents/speech/barr20250509a.htm,speech_after_meeting,0.7
FED_2025_05,FED,2025-05-07,FED_DOC_45EE57B13D29,speech,Speeches,Assessing Maximum Employment,Assessing Maximum Employment,2025-05-09,2,data\FED\Speeches\2025-05-09 - Assessing Maximum Employment - Assessing Maximum Employment.txt,https://www.federalreserve.gov/newsevents/speech/kugler20250509a.htm,speech_after_meeting,0.7
FED_2025_05,FED,2025-05-07,FED_DOC_BF16EE476921,speech,Speeches,Opening Remarks on Productivity Dynamics,Opening Remarks on Productivity Dynamics,2025-05-09,2,data\FED\Speeches\2025-05-09 - Opening Remarks on Productivity Dynamics - Opening Remarks on Productivity Dynamics.txt,https://www.federalreserve.gov/newsevents/speech/cook20250509a.htm,speech_after_meeting,0.7
FED_2025_05,FED,2025-05-07,FED_DOC_32324173AB65,speech,Speeches,"Thank You, John",Christopher J. Waller,2025-05-09,2,"data\FED\Speeches\2025-05-09 - Christopher J. Waller - Thank You, John.txt",https://www.federalreserve.gov/newsevents/speech/waller20250509a.htm,speech_after_meeting,0.7
FED_2025_05,FED,2025-05-07,FED_DOC_D7012616B6C0,speech,Speeches,Economic Outlook,Economic Outlook,2025-05-12,5,data\FED\Speeches\2025-05-12 - Economic Outlook - Economic Outlook.txt,https://www.federalreserve.gov/newsevents/speech/kugler20250512a.htm,speech_after_meeting,0.7
FED_2025_05,FED,2025-05-07,FED_DOC_8C8C9198E0DB,speech,Speeches,Economic Outlook,Philip N. Jefferson,2025-05-14,7,data\FED\Speeches\2025-05-14 - Philip N. Jefferson - Economic Outlook.txt,https://www.federalreserve.gov/newsevents/speech/jefferson20250514a.htm,speech_after_meeting,0.7
FED_2025_05,FED,2025-05-07,FED_DOC_30051E8E98CA,speech,Speeches,The Role of Economic Research in Central Banking,Christopher J. Waller,2025-05-14,7,data\FED\Speeches\2025-05-14 - Christopher J. Waller - The Role of Economic Research in Central Banking.txt,https://www.federalreserve.gov/newsevents/speech/waller20250514a.htm,speech_after_meeting,0.7
FED_2025_05,FED,2025-05-07,FED_DOC_375034EB4A13,speech,Speeches,Opening Remarks,Opening Remarks,2025-05-15,8,data\FED\Speeches\2025-05-15 - Opening Remarks - Opening Remarks.txt,https://www.federalreserve.gov/newsevents/speech/barr20250515a.htm,speech_after_meeting,0.7
FED_2025_05,FED,2025-05-07,FED_DOC_EA4E152AA4D9,speech,Speeches,Liquidity Facilities: Purposes and Functions,Philip N. Jefferson,2025-05-19,12,data\FED\Speeches\2025-05-19 - Philip N. Jefferson - Liquidity Facilities_ Purposes and Functions.txt,https://www.federalreserve.gov/newsevents/speech/jefferson20250519a.htm,speech_after_meeting,0.7
FED_2025_05,FED,2025-05-07,FED_DOC_FCFF62A0FD6F,speech,Speeches,Commencement Remarks,Commencement Remarks,2025-05-20,13,data\FED\Speeches\2025-05-20 - Commencement Remarks - Commencement Remarks.txt,https://www.federalreserve.gov/newsevents/speech/kugler20250520a.htm,speech_after_meeting,0.7
FED_2025_05,FED,2025-05-07,FED_DOC_27316DE6F12F,speech,Speeches,A View on Financial Stability,A View on Financial Stability,2025-05-23,16,data\FED\Speeches\2025-05-23 - A View on Financial Stability - A View on Financial Stability.txt,https://www.federalreserve.gov/newsevents/speech/cook20250523a.htm,speech_after_meeting,0.7
FED_2025_05,FED,2025-05-07,FED_DOC_F4855C4DD12F,speech,Speeches,Baccalaureate Remarks,Jerome H. Powell,2025-05-25,18,data\FED\Speeches\2025-05-25 - Jerome H. Powell - Baccalaureate Remarks.txt,https://www.federalreserve.gov/newsevents/speech/powell20250525a.htm,speech_after_meeting,0.7
FED_2025_05,FED,2025-05-07,FED_DOC_46EBEC1AC13F,speech,Speeches,Opening Remarks,Opening Remarks,2025-05-29,22,data\FED\Speeches\2025-05-29 - Opening Remarks - Opening Remarks.txt,https://www.federalreserve.gov/newsevents/speech/kugler20250529a.htm,speech_after_meeting,0.7
FED_2025_05,FED,2025-05-07,FED_DOC_B73362F9427F,speech,Speeches,"The Effects of Tariffs on the Three Iâs: Inflation, Inflation Persistence, and Inflation Expectations",Christopher J. Waller,2025-06-01,25,"data\FED\Speeches\2025-06-01 - Christopher J. Waller - The Effects of Tariffs on the Three Iâs_ Inflation, Inflation Persistence, and Inflation Expectations.txt",https://www.federalreserve.gov/newsevents/speech/waller20250601a.htm,speech_after_meeting,0.7
FED_2025_05,FED,2025-05-07,FED_DOC_D4034FCF52C1,speech,Speeches,Opening Remarks,Jerome H. Powell,2025-06-02,26,data\FED\Speeches\2025-06-02 - Jerome H. Powell - Opening Remarks.txt,https://www.federalreserve.gov/newsevents/speech/powell20250602a.htm,speech_after_meeting,0.7
FED_2025_05,FED,2025-05-07,FED_DOC_F30041EB7E0D,speech,Speeches,Economic Outlook,Economic Outlook,2025-06-03,27,data\FED\Speeches\2025-06-03 - Economic Outlook - Economic Outlook.txt,https://www.federalreserve.gov/newsevents/speech/cook20250603a.htm,speech_after_meeting,0.7
FED_2025_05,FED,2025-05-07,FED_DOC_99553F9575EE,speech,Speeches,Welcoming Remarks,Welcoming Remarks,2025-06-04,28,data\FED\Speeches\2025-06-04 - Welcoming Remarks - Welcoming Remarks.txt,https://www.federalreserve.gov/newsevents/speech/cook20250604a.htm,speech_after_meeting,0.7
FED_2025_05,FED,2025-05-07,FED_DOC_635B547DC7F9,speech,Speeches,The Economic Outlook and Appropriate Monetary Policy,Adriana D. Kugler,2025-06-05,29,data\FED\Speeches\2025-06-05 - Adriana D. Kugler - The Economic Outlook and Appropriate Monetary Policy.txt,https://www.federalreserve.gov/newsevents/speech/kugler20250605a.htm,speech_after_meeting,0.7
FED_2025_05,FED,2025-05-07,FED_DOC_BE72629825FD,speech,Speeches,Taking a Fresh Look at Supervision and Regulation,Watch Live,2025-06-06,30,data\FED\Speeches\2025-06-06 - Watch Live - Taking a Fresh Look at Supervision and Regulation.txt,https://www.federalreserve.gov/newsevents/speech/bowman20250606a.htm,speech_after_meeting,0.7
FED_2025_06,FED,2025-06-18,FED_DOC_C2C6D118B0F9,minutes,Minutes,FOMC minutes,,2025-06-18,0,data\FED\Minutes\2025-06-18 - FOMC minutes.txt,https://www.federalreserve.gov/monetarypolicy/files/fomcminutes20250618.pdf,minutes_for_meeting,0.9
FED_2025_06,FED,2025-06-18,FED_DOC_9DAEA125EB24,statement,Monetary Policy,FOMC statement,,2025-06-18,0,data\FED\Monetary Policy\2025-06-18 - FOMC statement.txt,https://www.federalreserve.gov/monetarypolicy/files/monetary20250618a1.pdf,anchor_statement,1.0
FED_2025_06,FED,2025-06-18,FED_DOC_B21CBB02A1E4,speech,Speeches,Unintended Policy Shifts and Unexpected Consequences,Michelle W. Bowman,2025-06-23,5,data\FED\Speeches\2025-06-23 - Michelle W. Bowman - Unintended Policy Shifts and Unexpected Consequences.txt,https://www.federalreserve.gov/newsevents/speech/bowman20250623a.htm,speech_after_meeting,0.7
FED_2025_06,FED,2025-06-18,FED_DOC_6798A4B4DCD9,speech,Speeches,Welcoming Remarks,Welcoming Remarks,2025-06-23,5,data\FED\Speeches\2025-06-23 - Welcoming Remarks - Welcoming Remarks.txt,https://www.federalreserve.gov/newsevents/speech/kugler20250623a.htm,speech_after_meeting,0.7
FED_2025_06,FED,2025-06-18,FED_DOC_84A53E8BC692,speech,Speeches,Opening Remarks,Opening Remarks,2025-06-24,6,data\FED\Speeches\2025-06-24 - Opening Remarks - Opening Remarks.txt,https://www.federalreserve.gov/newsevents/speech/barr20250624a.htm,speech_after_meeting,0.7
FED_2025_06,FED,2025-06-18,FED_DOC_A3D92C551FEE,speech,Speeches,Community Development at the Federal Reserve,Michael S. Barr,2025-06-26,8,data\FED\Speeches\2025-06-26 - Michael S. Barr - Community Development at the Federal Reserve.txt,https://www.federalreserve.gov/newsevents/speech/barr20250626a.htm,speech_after_meeting,0.7
FED_2025_06,FED,2025-06-18,FED_DOC_DB98A8730080,speech,Speeches,Demystifying the Federal Reserve's Balance Sheet,Christopher J. Waller,2025-07-10,22,data\FED\Speeches\2025-07-10 - Christopher J. Waller - Demystifying the Federal Reserve's Balance Sheet.txt,https://www.federalreserve.gov/newsevents/speech/waller20250710a.htm,speech_after_meeting,0.7
FED_2025_06,FED,2025-06-18,FED_DOC_040E145A4C99,speech,Speeches,Expanding Financial Inclusion,Expanding Financial Inclusion,2025-07-15,27,data\FED\Speeches\2025-07-15 - Expanding Financial Inclusion - Expanding Financial Inclusion.txt,https://www.federalreserve.gov/newsevents/speech/barr20250715a.htm,speech_after_meeting,0.7
FED_2025_06,FED,2025-06-18,FED_DOC_D7A16662B5A3,speech,Speeches,Welcoming Remarks,Welcoming Remarks,2025-07-15,27,data\FED\Speeches\2025-07-15 - Welcoming Remarks - Welcoming Remarks.txt,https://www.federalreserve.gov/newsevents/speech/bowman20250715a.htm,speech_after_meeting,0.7
FED_2025_06,FED,2025-06-18,FED_DOC_C371049E586C,speech,Speeches,Booms and Busts and the Regulatory Cycle,Michael S. Barr,2025-07-16,28,data\FED\Speeches\2025-07-16 - Michael S. Barr - Booms and Busts and the Regulatory Cycle.txt,https://www.federalreserve.gov/newsevents/speech/barr20250716a.htm,speech_after_meeting,0.7
FED_2025_06,FED,2025-06-18,FED_DOC_B8CC5594432F,speech,Speeches,A View of the Housing Market and U.S. Economic Outlook,Adriana D. Kugler,2025-07-17,29,data\FED\Speeches\2025-07-17 - Adriana D. Kugler - A View of the Housing Market and U.S. Economic Outlook.txt,https://www.federalreserve.gov/newsevents/speech/kugler20250717a.htm,speech_after_meeting,0.7
FED_2025_06,FED,2025-06-18,FED_DOC_2B2B8E10C95E,speech,Speeches,AI: A Fed Policymaker's View,Lisa D. Cook,2025-07-17,29,data\FED\Speeches\2025-07-17 - Lisa D. Cook - AI_ A Fed Policymaker's View.txt,https://www.federalreserve.gov/newsevents/speech/cook20250717a.htm,speech_after_meeting,0.7
FED_2025_06,FED,2025-06-18,FED_DOC_F21861C74D89,speech,Speeches,The Case for Cutting Now,The Case for Cutting Now,2025-07-17,29,data\FED\Speeches\2025-07-17 - The Case for Cutting Now - The Case for Cutting Now.txt,https://www.federalreserve.gov/newsevents/speech/waller20250717a.htm,speech_after_meeting,0.7
FED_2025_06,FED,2025-06-18,FED_DOC_F80C58D5C881,speech,Speeches,Opening Remarks,Jerome H. Powell,2025-07-22,34,data\FED\Speeches\2025-07-22 - Jerome H. Powell - Opening Remarks.txt,https://www.federalreserve.gov/newsevents/speech/powell20250722a.htm,speech_after_meeting,0.7
FED_2025_07,FED,2025-07-30,FED_DOC_33A96A3F4A4A,minutes,Minutes,FOMC minutes,,2025-07-30,0,data\FED\Minutes\2025-07-30 - FOMC minutes.txt,https://www.federalreserve.gov/monetarypolicy/files/fomcminutes20250730.pdf,minutes_for_meeting,0.9
FED_2025_07,FED,2025-07-30,FED_DOC_071349E655F3,statement,Monetary Policy,FOMC statement,,2025-07-30,0,data\FED\Monetary Policy\2025-07-30 - FOMC statement.txt,https://www.federalreserve.gov/monetarypolicy/files/monetary20250730a1.pdf,anchor_statement,1.0
FED_2025_07,FED,2025-07-30,FED_DOC_78729FD1BC78,speech,Speeches,Statement by Governor Christopher J. Waller,Christopher J. Waller,2025-08-01,2,data\FED\Speeches\2025-08-01 - Christopher J. Waller - Statement by Governor Christopher J. Waller.txt,https://www.federalreserve.gov/newsevents/speech/waller20250801a.htm,speech_after_meeting,0.7
FED_2025_07,FED,2025-07-30,FED_DOC_F4B45AF4E5DB,speech,Speeches,Statement by Vice Chair for Supervision Michelle W. Bowman,Michelle W. Bowman,2025-08-01,2,data\FED\Speeches\2025-08-01 - Michelle W. Bowman - Statement by Vice Chair for Supervision Michelle W. Bowman.txt,https://www.federalreserve.gov/newsevents/speech/bowman20250801a.htm,speech_after_meeting,0.7
FED_2025_07,FED,2025-07-30,FED_DOC_425C4974F38D,speech,Speeches,Thoughts on the Economy and Community Bank Capital,Michelle W. Bowman,2025-08-09,10,data\FED\Speeches\2025-08-09 - Michelle W. Bowman - Thoughts on the Economy and Community Bank Capital.txt,https://www.federalreserve.gov/newsevents/speech/bowman20250809a.htm,speech_after_meeting,0.7
FED_2025_07,FED,2025-07-30,FED_DOC_1927AA70A0AA,speech,Speeches,Embracing Innovation,Embracing Innovation,2025-08-19,20,data\FED\Speeches\2025-08-19 - Embracing Innovation - Embracing Innovation.txt,https://www.federalreserve.gov/newsevents/speech/bowman20250819a.htm,speech_after_meeting,0.7
FED_2025_07,FED,2025-07-30,FED_DOC_49BCECDED3C4,speech,Speeches,Technological Advancements in Payments,Technological Advancements in Payments,2025-08-20,21,data\FED\Speeches\2025-08-20 - Technological Advancements in Payments - Technological Advancements in Payments.txt,https://www.federalreserve.gov/newsevents/speech/waller20250820a.htm,speech_after_meeting,0.7
FED_2025_07,FED,2025-07-30,FED_DOC_5D9DF8DDF930,speech,Speeches,Monetary Policy and the Fedâs Framework Review,Jerome H. Powell,2025-08-22,23,data\FED\Speeches\2025-08-22 - Jerome H. Powell - Monetary Policy and the Fedâs Framework Review.txt,https://www.federalreserve.gov/newsevents/speech/powell20250822a.htm,speech_after_meeting,0.7
FED_2025_07,FED,2025-07-30,FED_DOC_071377F69523,statement,Monetary Policy,Statement on Longer-Run Goals and Monetary Policy Strategy,,2025-08-22,23,data\FED\Monetary Policy\2025-08-22 - Statement on Longer-Run Goals and Monetary Policy Strategy.txt,https://www.federalreserve.gov/newsevents/pressreleases/monetary20250822a.htm,other_in_meeting_window,0.4
FED_2025_07,FED,2025-07-30,FED_DOC_AD10AEC9D012,speech,Speeches,Letâs Get On with It,Christopher J. Waller,2025-08-28,29,data\FED\Speeches\2025-08-28 - Christopher J. Waller - Letâs Get On with It.txt,https://www.federalreserve.gov/newsevents/speech/waller20250828a.htm,speech_after_meeting,0.7
FED_2025_09,FED,2025-09-17,FED_DOC_24ED074230BE,minutes,Minutes,FOMC minutes,,2025-09-17,0,data\FED\Minutes\2025-09-17 - FOMC minutes.txt,https://www.federalreserve.gov/monetarypolicy/files/fomcminutes20250917.pdf,minutes_for_meeting,0.9
FED_2025_09,FED,2025-09-17,FED_DOC_4B2F70170969,statement,Monetary Policy,FOMC statement,,2025-09-17,0,data\FED\Monetary Policy\2025-09-17 - FOMC statement.txt,https://www.federalreserve.gov/monetarypolicy/files/monetary20250917a1.pdf,anchor_statement,1.0
FED_2025_09,FED,2025-09-17,FED_DOC_CBAB127CB945,speech,Speeches,Nonmonetary Forces and Appropriate Monetary Policy,Stephen I. Miran,2025-09-22,5,data\FED\Speeches\2025-09-22 - Stephen I. Miran - Nonmonetary Forces and Appropriate Monetary Policy.txt,https://www.federalreserve.gov/newsevents/speech/miran20250922a.htm,speech_after_meeting,0.7
FED_2025_09,FED,2025-09-17,FED_DOC_D24462A86705,speech,Speeches,Economic Outlook,Jerome H. Powell,2025-09-23,6,data\FED\Speeches\2025-09-23 - Jerome H. Powell - Economic Outlook.txt,https://www.federalreserve.gov/newsevents/speech/powell20250923a.htm,speech_after_meeting,0.7
FED_2025_09,FED,2025-09-17,FED_DOC_A0E15CEE4A0B,speech,Speeches,Views on the Economy and Monetary Policy,Closing Thoughts,2025-09-23,6,data\FED\Speeches\2025-09-23 - Closing Thoughts - Views on the Economy and Monetary Policy.txt,https://www.federalreserve.gov/newsevents/speech/bowman20250923a.htm,speech_after_meeting,0.7
FED_2025_09,FED,2025-09-17,FED_DOC_35556FBCC485,speech,Speeches,Preserving the Dynamism and Credibility of Stress Testing,Michael S. Barr,2025-09-25,8,data\FED\Speeches\2025-09-25 - Michael S. Barr - Preserving the Dynamism and Credibility of Stress Testing.txt,https://www.federalreserve.gov/newsevents/speech/barr20250925a.htm,speech_after_meeting,0.7
FED_2025_09,FED,2025-09-17,FED_DOC_526FEBB57CC5,speech,Speeches,Thoughts on Monetary Policy Decisionmaking and Challenges Ahead,Michelle W. Bowman,2025-09-26,9,data\FED\Speeches\2025-09-26 - Michelle W. Bowman - Thoughts on Monetary Policy Decisionmaking and Challenges Ahead.txt,https://www.federalreserve.gov/newsevents/speech/bowman20250926a.htm,speech_after_meeting,0.7
FED_2025_09,FED,2025-09-17,FED_DOC_4D05F26D7680,speech,Speeches,The Next Frontier of Payments Innovation,Christopher J. Waller,2025-09-29,12,data\FED\Speeches\2025-09-29 - Christopher J. Waller - The Next Frontier of Payments Innovation.txt,https://www.federalreserve.gov/newsevents/speech/waller20250929a.htm,speech_after_meeting,0.7
FED_2025_09,FED,2025-09-17,FED_DOC_CB9D7E5D3864,speech,Speeches,Monetary Policy Frameworks and the U.S. Economic Outlook,Philip N. Jefferson,2025-09-30,13,data\FED\Speeches\2025-09-30 - Philip N. Jefferson - Monetary Policy Frameworks and the U.S. Economic Outlook.txt,https://www.federalreserve.gov/newsevents/speech/jefferson20250930a.htm,speech_after_meeting,0.7
FED_2025_09,FED,2025-09-17,FED_DOC_B50FFE12E512,speech,Speeches,Economic Outlook and the Fedâs Monetary Policy Framework,Philip N. Jefferson,2025-10-03,16,data\FED\Speeches\2025-10-03 - Philip N. Jefferson - Economic Outlook and the Fedâs Monetary Policy Framework.txt,https://www.federalreserve.gov/newsevents/speech/jefferson20251003a.htm,speech_after_meeting,0.7
FED_2025_09,FED,2025-09-17,FED_DOC_96075950B680,speech,Speeches,Welcome Remarks,Welcome Remarks,2025-10-07,20,data\FED\Speeches\2025-10-07 - Welcome Remarks - Welcome Remarks.txt,https://www.federalreserve.gov/newsevents/speech/bowman20251007a.htm,speech_after_meeting,0.7
FED_2025_09,FED,2025-09-17,FED_DOC_D04CBDE5B2C9,speech,Speeches,Community Banking: The Cornerstone of Building Communities,Michael S. Barr,2025-10-08,21,data\FED\Speeches\2025-10-08 - Michael S. Barr - Community Banking_ The Cornerstone of Building Communities.txt,https://www.federalreserve.gov/newsevents/speech/barr20251008a.htm,speech_after_meeting,0.7
FED_2025_09,FED,2025-09-17,FED_DOC_FFA4FA5DA2F8,speech,Speeches,Economic Data and Research in Indian Country,Michael S. Barr,2025-10-08,21,data\FED\Speeches\2025-10-08 - Michael S. Barr - Economic Data and Research in Indian Country.txt,https://www.federalreserve.gov/newsevents/speech/barr20251008b.htm,speech_after_meeting,0.7
FED_2025_09,FED,2025-09-17,FED_DOC_0F8E61CD579F,speech,Speeches,Community Banking: Looking Toward the Future,Michelle W. Bowman,2025-10-09,22,data\FED\Speeches\2025-10-09 - Michelle W. Bowman - Community Banking_ Looking Toward the Future.txt,https://www.federalreserve.gov/newsevents/speech/bowman20251009b.htm,speech_after_meeting,0.7
FED_2025_09,FED,2025-09-17,FED_DOC_4050F8B427BA,speech,Speeches,Opening Remarks,Opening Remarks,2025-10-09,22,data\FED\Speeches\2025-10-09 - Opening Remarks - Opening Remarks.txt,https://www.federalreserve.gov/newsevents/speech/bowman20251009a.htm,speech_after_meeting,0.7
FED_2025_09,FED,2025-09-17,FED_DOC_1F21099EED2E,speech,Speeches,The Economic Outlook and Monetary Policy,Michael S. Barr,2025-10-09,22,data\FED\Speeches\2025-10-09 - Michael S. Barr - The Economic Outlook and Monetary Policy.txt,https://www.federalreserve.gov/newsevents/speech/barr20251009a.htm,speech_after_meeting,0.7
FED_2025_09,FED,2025-09-17,FED_DOC_79E2C4D868C6,speech,Speeches,Welcoming Remarks,Jerome H. Powell,2025-10-09,22,data\FED\Speeches\2025-10-09 - Jerome H. Powell - Welcoming Remarks.txt,https://www.federalreserve.gov/newsevents/speech/powell20251009a.htm,speech_after_meeting,0.7
FED_2025_09,FED,2025-09-17,FED_DOC_3DDDF8B17DCB,speech,Speeches,Understanding the Fedâs Balance Sheet,Jerome H. Powell,2025-10-14,27,data\FED\Speeches\2025-10-14 - Jerome H. Powell - Understanding the Fedâs Balance Sheet.txt,https://www.federalreserve.gov/newsevents/speech/powell20251014a.htm,speech_after_meeting,0.7
FED_2025_09,FED,2025-09-17,FED_DOC_175ED3046F18,speech,Speeches,Innovation at the Speed of AI,Christopher J. Waller,2025-10-15,28,data\FED\Speeches\2025-10-15 - Christopher J. Waller - Innovation at the Speed of AI.txt,https://www.federalreserve.gov/newsevents/speech/waller20251015a.htm,speech_after_meeting,0.7
FED_2025_09,FED,2025-09-17,FED_DOC_395C7D53F698,speech,Speeches,Cutting Rates in the Face of Conflicting Data,Christopher J. Waller,2025-10-16,29,data\FED\Speeches\2025-10-16 - Christopher J. Waller - Cutting Rates in the Face of Conflicting Data.txt,https://www.federalreserve.gov/newsevents/speech/waller20251016a.htm,speech_after_meeting,0.7
FED_2025_09,FED,2025-09-17,FED_DOC_F5C650B767D7,speech,Speeches,Exploring the Possibilities and Risks of New Payment Technologies,Michael S. Barr,2025-10-16,29,data\FED\Speeches\2025-10-16 - Michael S. Barr - Exploring the Possibilities and Risks of New Payment Technologies.txt,https://www.federalreserve.gov/newsevents/speech/barr20251016a.htm,speech_after_meeting,0.7
FED_2025_09,FED,2025-09-17,FED_DOC_70322661AAB0,speech,Speeches,Welcome Remarks,Welcome Remarks,2025-10-16,29,data\FED\Speeches\2025-10-16 - Welcome Remarks - Welcome Remarks.txt,https://www.federalreserve.gov/newsevents/speech/bowman20251016a.htm,speech_after_meeting,0.7
FED_2025_09,FED,2025-09-17,FED_DOC_5E538743C4E7,speech,Speeches,Embracing New Technologies and Players in Payments,Christopher J. Waller,2025-10-21,34,data\FED\Speeches\2025-10-21 - Christopher J. Waller - Embracing New Technologies and Players in Payments.txt,https://www.federalreserve.gov/newsevents/speech/waller20251021a.htm,speech_after_meeting,0.7
FED_2025_09,FED,2025-09-17,FED_DOC_C6473B03DB1A,speech,Speeches,Brief Remarks,Brief Remarks,2025-10-22,35,data\FED\Speeches\2025-10-22 - Brief Remarks - Brief Remarks.txt,https://www.federalreserve.gov/newsevents/speech/barr20251022a.htm,speech_after_meeting,0.7
FED_2025_09,FED,2025-09-17,FED_DOC_57C0A19F94EC,speech,Speeches,Supporting Investment in Communities: The First 25 Years of the New Markets Tax Credit,Michael S. Barr,2025-10-23,36,data\FED\Speeches\2025-10-23 - Michael S. Barr - Supporting Investment in Communities_ The First 25 Years of the New Markets Tax Credit.txt,https://www.federalreserve.gov/newsevents/speech/barr20251023a.htm,speech_after_meeting,0.7
FED_2025_10,FED,2025-10-29,FED_DOC_8B3C70D2391C,minutes,Minutes,FOMC minutes,,2025-10-29,0,data\FED\Minutes\2025-10-29 - FOMC minutes.txt,https://www.federalreserve.gov/monetarypolicy/files/fomcminutes20251029.pdf,minutes_for_meeting,0.9
FED_2025_10,FED,2025-10-29,FED_DOC_6B553EBA9B62,statement,Monetary Policy,FOMC statement,,2025-10-29,0,data\FED\Monetary Policy\2025-10-29 - FOMC statement.txt,https://www.federalreserve.gov/monetarypolicy/files/monetary20251029a1.pdf,anchor_statement,1.0
FED_2025_10,FED,2025-10-29,FED_DOC_F412F757EE02,speech,Speeches,Opening Remarks,Opening Remarks,2025-10-30,1,data\FED\Speeches\2025-10-30 - Opening Remarks - Opening Remarks.txt,https://www.federalreserve.gov/newsevents/speech/bowman20251030a.htm,speech_after_meeting,0.7
FED_2025_10,FED,2025-10-29,FED_DOC_6368B0CB177E,speech,Speeches,The Economic Outlook and Monetary Policy,Lisa D. Cook,2025-11-03,5,data\FED\Speeches\2025-11-03 - Lisa D. Cook - The Economic Outlook and Monetary Policy.txt,https://www.federalreserve.gov/newsevents/speech/cook20251103a.htm,speech_after_meeting,0.7
FED_2025_10,FED,2025-10-29,FED_DOC_2EC571D46FE1,speech,Speeches,A Global Stablecoin Glut: Implications for Monetary Policy,Stephen I. Miran,2025-11-07,9,data\FED\Speeches\2025-11-07 - Stephen I. Miran - A Global Stablecoin Glut_ Implications for Monetary Policy.txt,https://www.federalreserve.gov/newsevents/speech/miran20251107a.htm,speech_after_meeting,0.7
FED_2025_10,FED,2025-10-29,FED_DOC_2A1B3CDD1BC0,speech,Speeches,AI and the Economy,Philip N. Jefferson,2025-11-07,9,data\FED\Speeches\2025-11-07 - Philip N. Jefferson - AI and the Economy.txt,https://www.federalreserve.gov/newsevents/speech/jefferson20251107a.htm,speech_after_meeting,0.7
FED_2025_10,FED,2025-10-29,FED_DOC_34D2BCF41028,speech,Speeches,AI and Central Banking,AI and Central Banking,2025-11-11,13,data\FED\Speeches\2025-11-11 - AI and Central Banking - AI and Central Banking.txt,https://www.federalreserve.gov/newsevents/speech/barr20251111a.htm,speech_after_meeting,0.7
FED_2025_10,FED,2025-10-29,FED_DOC_922296F6ED5F,speech,Speeches,Economic Outlook and Monetary Policy,Philip N. Jefferson,2025-11-17,19,data\FED\Speeches\2025-11-17 - Philip N. Jefferson - Economic Outlook and Monetary Policy.txt,https://www.federalreserve.gov/newsevents/speech/jefferson20251117a.htm,speech_after_meeting,0.7
FED_2025_10,FED,2025-10-29,FED_DOC_C94663569E5E,speech,Speeches,The Case for Continuing Rate Cuts,Christopher J. Waller,2025-11-17,19,data\FED\Speeches\2025-11-17 - Christopher J. Waller - The Case for Continuing Rate Cuts.txt,https://www.federalreserve.gov/newsevents/speech/waller20251117a.htm,speech_after_meeting,0.7
FED_2025_10,FED,2025-10-29,FED_DOC_563CEF193E88,speech,Speeches,"The Case for Strong, Effective Banking Supervision",Michael S. Barr,2025-11-18,20,"data\FED\Speeches\2025-11-18 - Michael S. Barr - The Case for Strong, Effective Banking Supervision.txt",https://www.federalreserve.gov/newsevents/speech/barr20251118a.htm,speech_after_meeting,0.7
FED_2025_10,FED,2025-10-29,FED_DOC_24349764EBB9,speech,Speeches,Regulatory Dominance of the Federal Reserveâs Balance Sheet,Stephen I. Miran,2025-11-19,21,data\FED\Speeches\2025-11-19 - Stephen I. Miran - Regulatory Dominance of the Federal Reserveâs Balance Sheet.txt,https://www.federalreserve.gov/newsevents/speech/miran20251119a.htm,speech_after_meeting,0.7
FED_2025_10,FED,2025-10-29,FED_DOC_D6D43F6D5BD5,speech,Speeches,A Policymakerâs View of Financial Stability,Lisa D. Cook,2025-11-20,22,data\FED\Speeches\2025-11-20 - Lisa D. Cook - A Policymakerâs View of Financial Stability.txt,https://www.federalreserve.gov/newsevents/speech/cook20251120a.htm,speech_after_meeting,0.7
FED_2025_10,FED,2025-10-29,FED_DOC_E5B83E572E47,speech,Speeches,"AI, the Economy, and Financial Stability",Philip N. Jefferson,2025-11-21,23,"data\FED\Speeches\2025-11-21 - Philip N. Jefferson - AI, the Economy, and Financial Stability.txt",https://www.federalreserve.gov/newsevents/speech/jefferson20251121a.htm,speech_after_meeting,0.7
FED_2025_10,FED,2025-10-29,FED_DOC_36A6A4D6C144,speech,Speeches,Welcoming Remarks,Welcoming Remarks,2025-11-21,23,data\FED\Speeches\2025-11-21 - Welcoming Remarks - Welcoming Remarks.txt,https://www.federalreserve.gov/newsevents/speech/barr20251121a.htm,speech_after_meeting,0.7
FED_2025_10,FED,2025-10-29,FED_DOC_BDEF610F7E90,speech,Speeches,Opening Remarks,Jerome H. Powell,2025-12-01,33,data\FED\Speeches\2025-12-01 - Jerome H. Powell - Opening Remarks.txt,https://www.federalreserve.gov/newsevents/speech/powell20251201a.htm,speech_after_meeting,0.7
FED_2025_12,FED,2025-12-10,FED_DOC_92C5EE209D5D,minutes,Minutes,FOMC minutes,,2025-12-10,0,data\FED\Minutes\2025-12-10 - FOMC minutes.txt,https://www.federalreserve.gov/monetarypolicy/files/fomcminutes20251210.pdf,minutes_for_meeting,0.9
FED_2025_12,FED,2025-12-10,FED_DOC_D3F6FC67E443,statement,Monetary Policy,FOMC statement,,2025-12-10,0,data\FED\Monetary Policy\2025-12-10 - FOMC statement.txt,https://www.federalreserve.gov/monetarypolicy/files/monetary20251210a1.pdf,anchor_statement,1.0
FED_2025_12,FED,2025-12-10,FED_DOC_BBF4CF589076,speech,Speeches,The Inflation Outlook,The Inflation Outlook,2025-12-15,5,data\FED\Speeches\2025-12-15 - The Inflation Outlook - The Inflation Outlook.txt,https://www.federalreserve.gov/newsevents/speech/miran20251215a.htm,speech_after_meeting,0.7
FED_2025_12,FED,2025-12-10,FED_DOC_00A4CAC24036,speech,Speeches,Modernizing Supervision and Regulation: 2025 and the Path Ahead,Michelle W. Bowman,2026-01-07,28,data\FED\Speeches\2026-01-07 - Michelle W. Bowman - Modernizing Supervision and Regulation_ 2025 and the Path Ahead.txt,https://www.federalreserve.gov/newsevents/speech/bowman20260107a.htm,speech_after_meeting,0.7
FED_2025_12,FED,2025-12-10,FED_DOC_5AC4F39A96F8,speech,Speeches,Statement from Federal Reserve Chair Jerome H. Powell,Jerome H. Powell,2026-01-11,32,data\FED\Speeches\2026-01-11 - Jerome H. Powell - Statement from Federal Reserve Chair Jerome H. Powell.txt,https://www.federalreserve.gov/newsevents/speech/powell20260111a.htm,speech_after_meeting,0.7
FED_2025_12,FED,2025-12-10,FED_DOC_BE9A20271EC2,speech,Speeches,"Regulations, the Supply Side, and Monetary Policy",Stephen I. Miran,2026-01-14,35,"data\FED\Speeches\2026-01-14 - Stephen I. Miran - Regulations, the Supply Side, and Monetary Policy.txt",https://www.federalreserve.gov/newsevents/speech/miran20260114a.htm,speech_after_meeting,0.7
FED_2025_12,FED,2025-12-10,FED_DOC_3985834A441C,speech,Speeches,Economic Outlook and Monetary Policy Implementation,Philip N. Jefferson,2026-01-16,37,data\FED\Speeches\2026-01-16 - Philip N. Jefferson - Economic Outlook and Monetary Policy Implementation.txt,https://www.federalreserve.gov/newsevents/speech/jefferson20260116a.htm,speech_after_meeting,0.7
FED_2025_12,FED,2025-12-10,FED_DOC_A9E5ECA1C637,speech,Speeches,Outlook for the Economy and Monetary Policy,Michelle W. Bowman,2026-01-16,37,data\FED\Speeches\2026-01-16 - Michelle W. Bowman - Outlook for the Economy and Monetary Policy.txt,https://www.federalreserve.gov/newsevents/speech/bowman20260116a.htm,speech_after_meeting,0.7
FED_2026_01,FED,2026-01-28,FED_DOC_071821156599,minutes,Minutes,FOMC minutes,,2026-01-28,0,data\FED\Minutes\2026-01-28 - FOMC minutes.txt,https://www.federalreserve.gov/monetarypolicy/files/fomcminutes20260128.pdf,minutes_for_meeting,0.9
FED_2026_01,FED,2026-01-28,FED_DOC_C110B384B484,statement,Monetary Policy,FOMC statement,,2026-01-28,0,data\FED\Monetary Policy\2026-01-28 - FOMC statement.txt,https://www.federalreserve.gov/monetarypolicy/files/monetary20260128a1.pdf,anchor_statement,1.0
FED_2026_01,FED,2026-01-28,FED_DOC_2B4929C624D0,speech,Speeches,Outlook for the Economy and Monetary Policy,Michelle W. Bowman,2026-01-30,2,data\FED\Speeches\2026-01-30 - Michelle W. Bowman - Outlook for the Economy and Monetary Policy.txt,https://www.federalreserve.gov/newsevents/speech/bowman20260130a.htm,speech_after_meeting,0.7
FED_2026_01,FED,2026-01-28,FED_DOC_AE96B46D54F1,speech,Speeches,Statement by Governor Christopher J. Waller,Christopher J. Waller,2026-01-30,2,data\FED\Speeches\2026-01-30 - Christopher J. Waller - Statement by Governor Christopher J. Waller.txt,https://www.federalreserve.gov/newsevents/speech/waller20260130a.htm,speech_after_meeting,0.7
FED_2026_01,FED,2026-01-28,FED_DOC_8E5E682F516A,speech,Speeches,Economic Outlook,Economic Outlook,2026-02-04,7,data\FED\Speeches\2026-02-04 - Economic Outlook - Economic Outlook.txt,https://www.federalreserve.gov/newsevents/speech/cook20260204a.htm,speech_after_meeting,0.7
FED_2026_01,FED,2026-01-28,FED_DOC_15AD70037D44,speech,Speeches,Economic Outlook and Supply-Side (Dis)Inflation Dynamics,Philip N. Jefferson,2026-02-06,9,data\FED\Speeches\2026-02-06 - Philip N. Jefferson - Economic Outlook and Supply-Side (Dis)Inflation Dynamics.txt,https://www.federalreserve.gov/newsevents/speech/jefferson20260206a.htm,speech_after_meeting,0.7
FED_2026_01,FED,2026-01-28,FED_DOC_5D01C02457E0,speech,Speeches,"Revitalizing Bank Mortgage Lending, One Step with Basel",Michelle W. Bowman,2026-02-16,19,"data\FED\Speeches\2026-02-16 - Michelle W. Bowman - Revitalizing Bank Mortgage Lending, One Step with Basel.txt",https://www.federalreserve.gov/newsevents/speech/bowman20260216a.htm,speech_after_meeting,0.7
FED_2026_01,FED,2026-01-28,FED_DOC_23F7F90BB819,speech,Speeches,What Will Artificial Intelligence Mean for the Labor Market and the Economy?,Michael S. Barr,2026-02-17,20,data\FED\Speeches\2026-02-17 - Michael S. Barr - What Will Artificial Intelligence Mean for the Labor Market and the Economy_.txt,https://www.federalreserve.gov/newsevents/speech/barr20260217a.htm,speech_after_meeting,0.7
FED_2026_01,FED,2026-01-28,FED_DOC_4F3729E6CFA8,speech,Speeches,Opening Remarks,Opening Remarks,2026-02-19,22,data\FED\Speeches\2026-02-19 - Opening Remarks - Opening Remarks.txt,https://www.federalreserve.gov/newsevents/speech/bowman20260219a.htm,speech_after_meeting,0.7
FED_2026_01,FED,2026-01-28,FED_DOC_734BF48EA856,speech,Speeches,Labor Market Data: Signal or Noise?,Christopher J. Waller,2026-02-23,26,data\FED\Speeches\2026-02-23 - Christopher J. Waller - Labor Market Data_ Signal or Noise_.txt,https://www.federalreserve.gov/newsevents/speech/waller20260223a.htm,speech_after_meeting,0.7
FED_2026_01,FED,2026-01-28,FED_DOC_639A3D3D4B2F,speech,Speeches,Opening Remarks for the âAI and Productivity across the Economyâ Panel,Lisa D. Cook,2026-02-24,27,data\FED\Speeches\2026-02-24 - Lisa D. Cook - Opening Remarks for the âAI and Productivity across the Economyâ Panel.txt,https://www.federalreserve.gov/newsevents/speech/cook20260224a.htm,speech_after_meeting,0.7
FED_2026_01,FED,2026-01-28,FED_DOC_4F1F62DAB39C,speech,Speeches,Operationalizing AI at the Federal Reserve,Christopher J. Waller,2026-02-24,27,data\FED\Speeches\2026-02-24 - Christopher J. Waller - Operationalizing AI at the Federal Reserve.txt,https://www.federalreserve.gov/newsevents/speech/waller20260224a.htm,speech_after_meeting,0.7
FED_2026_01,FED,2026-01-28,FED_DOC_6879DD38A21B,speech,Speeches,Supervision and Regulation,Supervision and Regulation,2026-02-26,29,data\FED\Speeches\2026-02-26 - Supervision and Regulation - Supervision and Regulation.txt,https://www.federalreserve.gov/newsevents/speech/bowman20260226a.htm,speech_after_meeting,0.7
FED_2026_01,FED,2026-01-28,FED_DOC_E506EC50F6D5,speech,Speeches,"Liquidity Resiliency, Financial Stability, and the Role of the Federal Reserve",Michelle W. Bowman,2026-03-03,34,"data\FED\Speeches\2026-03-03 - Michelle W. Bowman - Liquidity Resiliency, Financial Stability, and the Role of the Federal Reserve.txt",https://www.federalreserve.gov/newsevents/speech/bowman20260303a.htm,speech_after_meeting,0.7
FED_2026_01,FED,2026-01-28,FED_DOC_F252770C032B,speech,Speeches,Capital Rules for the Real Economy,Michelle W. Bowman,2026-03-12,43,data\FED\Speeches\2026-03-12 - Michelle W. Bowman - Capital Rules for the Real Economy.txt,https://www.federalreserve.gov/newsevents/speech/bowman20260312a.htm,speech_after_meeting,0.7
FED_2026_03,FED,2026-03-18,FED_DOC_46C1266C103E,minutes,Minutes,FOMC minutes,,2026-03-18,0,data\FED\Minutes\2026-03-18 - FOMC minutes.txt,https://www.federalreserve.gov/monetarypolicy/files/fomcminutes20260318.pdf,minutes_for_meeting,0.9
FED_2026_03,FED,2026-03-18,FED_DOC_AA84114F7571,statement,Monetary Policy,FOMC statement,,2026-03-18,0,data\FED\Monetary Policy\2026-03-18 - FOMC statement.txt,https://www.federalreserve.gov/monetarypolicy/files/monetary20260318a1.pdf,anchor_statement,1.0
FED_2026_03,FED,2026-03-18,FED_DOC_9E3FB2D80B20,speech,Speeches,Acceptance Remarks,Jerome H. Powell,2026-03-21,3,data\FED\Speeches\2026-03-21 - Jerome H. Powell - Acceptance Remarks.txt,https://www.federalreserve.gov/newsevents/speech/powell20260321a.htm,speech_after_meeting,0.7
FED_2026_03,FED,2026-03-18,FED_DOC_7F0A49B1D47E,speech,Speeches,Developing Communities through Public-private Partnerships,Developing Communities through Public-private Partnerships,2026-03-24,6,data\FED\Speeches\2026-03-24 - Developing Communities through Public-private Partnerships - Developing Communities through Public-private Partnerships.txt,https://www.federalreserve.gov/newsevents/speech/barr20260324a.htm,speech_after_meeting,0.7
FED_2026_03,FED,2026-03-18,FED_DOC_AE52E1DA1565,speech,Speeches,Brief Remarks on the Economic Outlook and Monetary Policy,Michael S. Barr,2026-03-26,8,data\FED\Speeches\2026-03-26 - Michael S. Barr - Brief Remarks on the Economic Outlook and Monetary Policy.txt,https://www.federalreserve.gov/newsevents/speech/barr20260326a.htm,speech_after_meeting,0.7
FED_2026_03,FED,2026-03-18,FED_DOC_FA7D3A44E4E8,speech,Speeches,Economic Outlook and Energy Effects,Philip N. Jefferson,2026-03-26,8,data\FED\Speeches\2026-03-26 - Philip N. Jefferson - Economic Outlook and Energy Effects.txt,https://www.federalreserve.gov/newsevents/speech/jefferson20260326a.htm,speech_after_meeting,0.7
FED_2026_03,FED,2026-03-18,FED_DOC_8BC658E9E0EC,speech,Speeches,Prospects for Shrinking the Fedâs Balance Sheet,Stephen I. Miran,2026-03-26,8,data\FED\Speeches\2026-03-26 - Stephen I. Miran - Prospects for Shrinking the Fedâs Balance Sheet.txt,https://www.federalreserve.gov/newsevents/speech/miran20260326a.htm,speech_after_meeting,0.7
FED_2026_03,FED,2026-03-18,FED_DOC_98288CC3DA94,speech,Speeches,Reflections on Financial Stability,Reflections on Financial Stability,2026-03-26,8,data\FED\Speeches\2026-03-26 - Reflections on Financial Stability - Reflections on Financial Stability.txt,https://www.federalreserve.gov/newsevents/speech/cook20260326a.htm,speech_after_meeting,0.7
FED_2026_03,FED,2026-03-18,FED_DOC_2D07723FC6C1,speech,Speeches,Brief Remarks on Stablecoins,Brief Remarks on Stablecoins,2026-03-31,13,data\FED\Speeches\2026-03-31 - Brief Remarks on Stablecoins - Brief Remarks on Stablecoins.txt,https://www.federalreserve.gov/newsevents/speech/barr20260331a.htm,speech_after_meeting,0.7
FED_2026_03,FED,2026-03-18,FED_DOC_90CD027144B2,speech,Speeches,Supporting Small Businesses,Supporting Small Businesses,2026-03-31,13,data\FED\Speeches\2026-03-31 - Supporting Small Businesses - Supporting Small Businesses.txt,https://www.federalreserve.gov/newsevents/speech/bowman20260331a.htm,speech_after_meeting,0.7
FED_2026_03,FED,2026-03-18,FED_DOC_E812A26DC7B5,speech,Speeches,Economic Outlook and the Labor Market,Philip N. Jefferson,2026-04-07,20,data\FED\Speeches\2026-04-07 - Philip N. Jefferson - Economic Outlook and the Labor Market.txt,https://www.federalreserve.gov/newsevents/speech/jefferson20260407a.htm,speech_after_meeting,0.7
FED_2026_03,FED,2026-03-18,FED_DOC_80D847C74428,speech,Speeches,Rural Communities: Worth the Investment,Michael S. Barr,2026-04-14,27,data\FED\Speeches\2026-04-14 - Michael S. Barr - Rural Communities_ Worth the Investment.txt,https://www.federalreserve.gov/newsevents/speech/barr20260414a.htm,speech_after_meeting,0.7
FED_2026_03,FED,2026-03-18,FED_DOC_A31AF50DD11E,speech,Speeches,One Transitory Shock After Another,One Transitory Shock After Another,2026-04-17,30,data\FED\Speeches\2026-04-17 - One Transitory Shock After Another - One Transitory Shock After Another.txt,https://www.federalreserve.gov/newsevents/speech/waller20260417a.htm,speech_after_meeting,0.7
FED_2026_03,FED,2026-03-18,FED_DOC_3501D9B90D6A,speech,Speeches,Modernizing Federal Reserve Operations in the 21st Century,Christopher J. Waller,2026-04-21,34,data\FED\Speeches\2026-04-21 - Christopher J. Waller - Modernizing Federal Reserve Operations in the 21st Century.txt,https://www.federalreserve.gov/newsevents/speech/waller20260421a.htm,speech_after_meeting,0.7
FED_2026_04,FED,2026-04-29,FED_DOC_518E0987424C,minutes,Minutes,FOMC minutes,,2026-04-29,0,data\FED\Minutes\2026-04-29 - FOMC minutes.txt,https://www.federalreserve.gov/monetarypolicy/files/fomcminutes20260429.pdf,minutes_for_meeting,0.9
FED_2026_04,FED,2026-04-29,FED_DOC_483ADFC55AB2,statement,Monetary Policy,FOMC statement,,2026-04-29,0,data\FED\Monetary Policy\2026-04-29 - FOMC statement.txt,https://www.federalreserve.gov/monetarypolicy/files/monetary20260429a1.pdf,anchor_statement,1.0
FED_2026_04,FED,2026-04-29,FED_DOC_17DA4AAFD88D,speech,Speeches,Artificial Intelligence in the Financial System,Michelle W. Bowman,2026-05-01,2,data\FED\Speeches\2026-05-01 - Michelle W. Bowman - Artificial Intelligence in the Financial System.txt,https://www.federalreserve.gov/newsevents/speech/bowman20260501a.htm,speech_after_meeting,0.7
FED_2026_04,FED,2026-04-29,FED_DOC_FDBF1675216E,speech,Speeches,A Coordinated Approach to Consumer Fraud Protection,Michelle W. Bowman,2026-05-05,6,data\FED\Speeches\2026-05-05 - Michelle W. Bowman - A Coordinated Approach to Consumer Fraud Protection.txt,https://www.federalreserve.gov/newsevents/speech/bowman20260505a.htm,speech_after_meeting,0.7
FED_2026_04,FED,2026-04-29,FED_DOC_A13274C40ADF,speech,Speeches,Perspectives on Tokenization and Implications for the Financial System,Lisa D. Cook,2026-05-08,9,data\FED\Speeches\2026-05-08 - Lisa D. Cook - Perspectives on Tokenization and Implications for the Financial System.txt,https://www.federalreserve.gov/newsevents/speech/cook20260508a.htm,speech_after_meeting,0.7
FED_2026_04,FED,2026-04-29,FED_DOC_D3BB7599D602,speech,Speeches,Update On Federal Reserve Bank Operations,Christopher J. Waller,2026-05-08,9,data\FED\Speeches\2026-05-08 - Christopher J. Waller - Update On Federal Reserve Bank Operations.txt,https://www.federalreserve.gov/newsevents/speech/waller20260508a.htm,speech_after_meeting,0.7
FED_2026_04,FED,2026-04-29,FED_DOC_AC6001390A99,speech,Speeches,When Regulation Reshapes Markets: The Migration of Corporate Lending,Michelle W. Bowman,2026-05-08,9,data\FED\Speeches\2026-05-08 - Michelle W. Bowman - When Regulation Reshapes Markets_ The Migration of Corporate Lending.txt,https://www.federalreserve.gov/newsevents/speech/bowman20260508a.htm,speech_after_meeting,0.7
FED_2026_04,FED,2026-04-29,FED_DOC_30D90A4339EA,speech,Speeches,Efficient and Effective Central Banking: Beyond the Balance Sheet,Michael S. Barr,2026-05-14,15,data\FED\Speeches\2026-05-14 - Michael S. Barr - Efficient and Effective Central Banking_ Beyond the Balance Sheet.txt,https://www.federalreserve.gov/newsevents/speech/barr20260514a.htm,speech_after_meeting,0.7
FED_2026_04,FED,2026-04-29,FED_DOC_9F5E3486F1AA,speech,Speeches,Opening Remarks,Opening Remarks,2026-05-14,15,data\FED\Speeches\2026-05-14 - Opening Remarks - Opening Remarks.txt,https://www.federalreserve.gov/newsevents/speech/bowman20260514a.htm,speech_after_meeting,0.7
FED_2026_04,FED,2026-04-29,FED_DOC_AD23B3BA97E2,speech,Speeches,Measuring Financial Health,Measuring Financial Health,2026-05-20,21,data\FED\Speeches\2026-05-20 - Measuring Financial Health - Measuring Financial Health.txt,https://www.federalreserve.gov/newsevents/speech/barr20260520a.htm,speech_after_meeting,0.7
FED_2026_04,FED,2026-04-29,FED_DOC_CB60C8342E21,speech,Speeches,Policy Risks Have Changed,Policy Risks Have Changed,2026-05-22,23,data\FED\Speeches\2026-05-22 - Policy Risks Have Changed - Policy Risks Have Changed.txt,https://www.federalreserve.gov/newsevents/speech/waller20260522a.htm,speech_after_meeting,0.7
FED_2026_04,FED,2026-04-29,FED_DOC_345C020CA9AB,speech,Speeches,Global Economic Developments and the U.S. Economy,Philip N. Jefferson,2026-05-27,28,data\FED\Speeches\2026-05-27 - Philip N. Jefferson - Global Economic Developments and the U.S. Economy.txt,https://www.federalreserve.gov/newsevents/speech/jefferson20260527a.htm,speech_after_meeting,0.7
FED_2026_04,FED,2026-04-29,FED_DOC_59CF7795E8BA,speech,Speeches,The Opportunities and Risks AI Presents for the Economy and Financial System,Lisa D. Cook,2026-05-27,28,data\FED\Speeches\2026-05-27 - Lisa D. Cook - The Opportunities and Risks AI Presents for the Economy and Financial System.txt,https://www.federalreserve.gov/newsevents/speech/cook20260527a.htm,speech_after_meeting,0.7
FED_2026_04,FED,2026-04-29,FED_DOC_9B12B4B196CF,speech,Speeches,A Framework for Practical Monetary Policy Decision Making,Watch Live,2026-05-29,30,data\FED\Speeches\2026-05-29 - Watch Live - A Framework for Practical Monetary Policy Decision Making.txt,https://www.federalreserve.gov/newsevents/speech/bowman20260529a.htm,speech_after_meeting,0.7
FED_2026_04,FED,2026-04-29,FED_DOC_32FD66862A5A,speech,Speeches,Acceptance Remarks,Acceptance Remarks,2026-05-31,32,data\FED\Speeches\2026-05-31 - Acceptance Remarks - Acceptance Remarks.txt,https://www.federalreserve.gov/newsevents/speech/powell20260531a.htm,speech_after_meeting,0.7
