bank,speaker,date_au,doc_id,clipped_score,rolling_90d_score,rolling_30d_score,prior_60d_score,shift_30_vs_prior_60,shift_direction
BOC,Carolyn Rogers,2024-11-06,DOC_D1EC23BCC82A,0.0,0.0,0.0,,,stable
BOC,Carolyn Rogers,2025-10-09,DOC_21E7F276C289,0.0,0.0,0.0,,,stable
BOC,Carolyn Rogers,2026-03-26,DOC_E8A15D787C55,0.0,0.0,0.0,,,stable
BOC,Michelle Alexopoulos,2026-05-13,DOC_69448DDFD2A6,0.0,0.0,0.0,,,stable
BOC,Michelle Alexopoulos,2026-06-01,DOC_E933F85F2E4D,0.0,0.0,0.0,,,stable
BOC,Nicolas Vincent,2024-09-19,DOC_35F68B0A2842,0.0,0.0,0.0,,,stable
BOC,Nicolas Vincent,2025-11-19,DOC_626B3C0F1A44,0.0,0.0,0.0,,,stable
BOC,Nicolas Vincent,2026-05-26,DOC_84B3C030EACD,0.0,0.0,0.0,,,stable
BOC,Rhys Mendes,2024-11-26,DOC_75FF7BDDAB35,0.0,0.0,0.0,,,stable
BOC,Rhys Mendes,2025-10-02,DOC_F8EBEDC409CE,0.0,0.0,0.0,,,stable
BOC,Ron Morrow,2024-05-30,DOC_C1BBF3B252F0,0.0,0.0,0.0,,,stable
BOC,Sharon Kozicki,2024-06-13,DOC_8AFF2E066A0E,0.0,0.0,0.0,,,stable
BOC,Sharon Kozicki,2025-06-05,DOC_036A1141404C,0.0,0.0,0.0,,,stable
BOC,Sharon Kozicki,2026-03-02,DOC_0E7444F4C5EC,0.0,0.0,0.0,,,stable
BOC,Tiff Macklem,2024-06-24,DOC_9A58245B39AE,0.0,0.0,0.0,,,stable
BOC,Tiff Macklem,2024-09-10,DOC_81340A81C5C6,0.0,0.0,0.0,0.0,0.0,stable
BOC,Tiff Macklem,2024-09-20,DOC_CB49EE1844F4,0.0,0.0,0.0,0.0,0.0,stable
BOC,Tiff Macklem,2024-12-16,DOC_BA58AB581BA1,0.0,0.0,0.0,0.0,0.0,stable
BOC,Tiff Macklem,2025-02-21,DOC_57A84EB338D9,0.0,0.0,0.0,0.0,0.0,stable
BOC,Tiff Macklem,2025-03-20,DOC_D8CD47CB7994,0.0,0.0,0.0,,,stable
BOC,Tiff Macklem,2025-06-18,DOC_3D804668D246,0.0,0.0,0.0,0.0,0.0,stable
BOC,Tiff Macklem,2025-08-26,DOC_22CA8F5695EF,0.0,0.0,0.0,0.0,0.0,stable
BOC,Tiff Macklem,2025-09-23,DOC_C27419F82665,0.0,0.0,0.0,,,stable
BOC,Tiff Macklem,2025-12-16,DOC_71BD5422906E,0.0,0.0,0.0,0.0,0.0,stable
BOC,Tiff Macklem,2026-02-05,DOC_FC10D4B7BE42,0.0,0.0,0.0,0.0,0.0,stable
BOC,Toni Gravelle,2025-01-16,DOC_70B2EA7AAEFC,0.0,0.0,0.0,,,stable
BOE,Afua Kyei,2023-06-01,DOC_3D6ECBFB914D,0.0,0.0,0.0,,,stable
BOE,Afua Kyei,2023-06-01,DOC_B17DDCC63668,0.0,0.0,0.0,,,stable
BOE,Afua Kyei,2024-06-01,DOC_DEE7F7900C4E,0.0,0.0,0.0,,,stable
BOE,Afua Kyei,2025-06-01,DOC_29AEEEA99747,0.0,0.0,0.0,,,stable
BOE,Afua Kyei,2026-06-01,DOC_544565DEF587,2.0,2.0,2.0,,,stable
BOE,Alan Sheppard,2022-06-01,DOC_B7AA96CBD510,0.0,0.0,0.0,,,stable
BOE,Alan Taylor,2025-06-01,DOC_17F6175531B4,0.40000000000000013,0.40000000000000013,0.40000000000000013,,,stable
BOE,Alan Taylor,2025-06-01,DOC_A1C6CA4FEC08,-1.4,-0.4999999999999999,-0.4999999999999999,,,stable
BOE,Alan Taylor,2025-06-01,DOC_CA26CCFB4572,-1.4,-0.7999999999999998,-0.7999999999999998,,,stable
BOE,Alan Taylor,2025-06-01,DOC_D71B98DAD310,1.8,-0.1499999999999999,-0.1499999999999999,,,stable
BOE,Alan Taylor,2026-06-01,DOC_805DA74C5924,0.0,0.0,0.0,,,stable
BOE,Alan Taylor,2026-06-01,DOC_8B8ED2128977,0.0,0.0,0.0,,,stable
BOE,Alan Taylor,2026-06-01,DOC_B2275CC28FF3,0.0,0.0,0.0,,,stable
BOE,Alan Taylor,2026-06-01,DOC_D6FF1E320765,1.1359400011538505,0.28398500028846263,0.28398500028846263,,,stable
BOE,Andrea Rosen,2021-06-01,DOC_AB81B880F109,0.0,0.0,0.0,,,stable
BOE,Andrea Rosen,2022-06-01,DOC_452EA40585B1,0.0,0.0,0.0,,,stable
BOE,Andrea Rosen,2025-06-01,DOC_A93997EB53DF,0.0,0.0,0.0,,,stable
BOE,Andrew Bailey,2021-06-01,DOC_06016EFDD2A9,0.0,0.0,0.0,,,stable
BOE,Andrew Bailey,2021-06-01,DOC_16B45FE02E83,0.0,0.0,0.0,,,stable
BOE,Andrew Bailey,2021-06-01,DOC_173D381AE8E1,0.0,0.0,0.0,,,stable
BOE,Andrew Bailey,2021-06-01,DOC_2B832F5499C3,0.0,0.0,0.0,,,stable
BOE,Andrew Bailey,2021-06-01,DOC_3709D88714D6,0.0,0.0,0.0,,,stable
BOE,Andrew Bailey,2021-06-01,DOC_39808C843136,0.0,0.0,0.0,,,stable
BOE,Andrew Bailey,2021-06-01,DOC_3C8F890050F1,0.0,0.0,0.0,,,stable
BOE,Andrew Bailey,2021-06-01,DOC_3FF7400B8FB4,0.0,0.0,0.0,,,stable
BOE,Andrew Bailey,2021-06-01,DOC_9CA17590528A,0.0,0.0,0.0,,,stable
BOE,Andrew Bailey,2021-06-01,DOC_A12F817C22D1,0.0,0.0,0.0,,,stable
BOE,Andrew Bailey,2021-06-01,DOC_B610D9A858CB,0.0,0.0,0.0,,,stable
BOE,Andrew Bailey,2021-06-01,DOC_BB06D4033559,0.0,0.0,0.0,,,stable
BOE,Andrew Bailey,2021-06-01,DOC_C53F15F3639B,0.0,0.0,0.0,,,stable
BOE,Andrew Bailey,2021-06-01,DOC_FC280407CE6C,0.0,0.0,0.0,,,stable
BOE,Andrew Bailey,2022-06-01,DOC_205C6C9D845A,0.0,0.0,0.0,,,stable
BOE,Andrew Bailey,2022-06-01,DOC_4E48C8449878,0.0,0.0,0.0,,,stable
BOE,Andrew Bailey,2022-06-01,DOC_63C7B6C98CCA,0.0,0.0,0.0,,,stable
BOE,Andrew Bailey,2022-06-01,DOC_99AF56A0C473,0.0,0.0,0.0,,,stable
BOE,Andrew Bailey,2022-06-01,DOC_BA1A86E745A8,0.0,0.0,0.0,,,stable
BOE,Andrew Bailey,2023-06-01,DOC_0BC1D1D23F5A,0.0,0.6857142857142857,0.6857142857142857,,,stable
BOE,Andrew Bailey,2023-06-01,DOC_1F54AC775F4C,0.0,0.7999999999999999,0.7999999999999999,,,stable
BOE,Andrew Bailey,2023-06-01,DOC_28D4CC64D3E8,2.4,0.96,0.96,,,stable
BOE,Andrew Bailey,2023-06-01,DOC_42C73D4B7A27,2.2,0.875,0.875,,,stable
BOE,Andrew Bailey,2023-06-01,DOC_6B65047F1DCD,2.4,0.7999999999999999,0.7999999999999999,,,stable
BOE,Andrew Bailey,2023-06-01,DOC_A5DE657AB1B4,0.0,0.0,0.0,,,stable
BOE,Andrew Bailey,2023-06-01,DOC_BEE1AFD723C0,0.0,0.0,0.0,,,stable
BOE,Andrew Bailey,2023-06-01,DOC_F67F43B4660C,0.0,0.6,0.6,,,stable
BOE,Andrew Bailey,2024-06-01,DOC_34220A60C1F6,0.0,0.0,0.0,,,stable
BOE,Andrew Bailey,2024-06-01,DOC_42B777968944,0.0,0.0,0.0,,,stable
BOE,Andrew Bailey,2024-06-01,DOC_7624E5A73375,0.0,0.0,0.0,,,stable
BOE,Andrew Bailey,2024-06-01,DOC_A9CAFD7FBA20,0.0,0.0,0.0,,,stable
BOE,Andrew Bailey,2024-06-01,DOC_B0A85A1AA06D,0.0,0.0,0.0,,,stable
BOE,Andrew Bailey,2024-06-01,DOC_B3552EBB1D85,0.0,0.0,0.0,,,stable
BOE,Andrew Bailey,2024-06-01,DOC_C725E58E7E3C,0.0,0.0,0.0,,,stable
BOE,Andrew Bailey,2025-06-01,DOC_1723974FB252,0.0,-0.11666666666666665,-0.11666666666666665,,,stable
BOE,Andrew Bailey,2025-06-01,DOC_1F2240F57BD8,0.0,-0.12727272727272726,-0.12727272727272726,,,stable
BOE,Andrew Bailey,2025-06-01,DOC_2013A2508D1D,-1.4,-0.13999999999999999,-0.13999999999999999,,,stable
BOE,Andrew Bailey,2025-06-01,DOC_21DC4A874C3E,0.0,0.0,0.0,,,stable
BOE,Andrew Bailey,2025-06-01,DOC_272CA8FE7667,0.0,0.0,0.0,,,stable
BOE,Andrew Bailey,2025-06-01,DOC_2E78BADDD57B,0.0,0.0,0.0,,,stable
BOE,Andrew Bailey,2025-06-01,DOC_4206DC8EF604,2.2,0.061538461538461556,0.061538461538461556,,,stable
BOE,Andrew Bailey,2025-06-01,DOC_43FBD3B65CE6,0.0,0.0,0.0,,,stable
BOE,Andrew Bailey,2025-06-01,DOC_45D3DFC7FEFD,0.0,0.0,0.0,,,stable
BOE,Andrew Bailey,2025-06-01,DOC_4A03E673253E,0.0,0.0,0.0,,,stable
BOE,Andrew Bailey,2025-06-01,DOC_6D357F4F0DA0,0.0,0.0,0.0,,,stable
BOE,Andrew Bailey,2025-06-01,DOC_747CCCB116B3,0.0,0.0,0.0,,,stable
BOE,Andrew Bailey,2025-06-01,DOC_D31BABEA8328,0.0,0.0,0.0,,,stable
BOE,Andrew Bailey,2026-06-01,DOC_340F2A8FCBD7,0.0,0.0,0.0,,,stable
BOE,Andrew Bailey,2026-06-01,DOC_3BD418E15599,0.0,0.0,0.0,,,stable
BOE,Andrew Bailey,2026-06-01,DOC_752AC6E030B2,-1.4,-0.35,-0.35,,,stable
BOE,Andrew Bailey,2026-06-01,DOC_C41F1A68A3E5,0.0,-0.27999999999999997,-0.27999999999999997,,,stable
BOE,Andrew Bailey,2026-06-01,DOC_DBEE1920EDE8,0.0,0.0,0.0,,,stable
BOE,Andrew Bailey,2026-06-01,DOC_EC032561D545,0.0,-0.2333333333333333,-0.2333333333333333,,,stable
BOE,Andrew Hauser,2021-06-01,DOC_3FDD3B943ACD,0.0,0.0,0.0,,,stable
BOE,Andrew Hauser,2021-06-01,DOC_405A9BD2F81A,0.0,0.0,0.0,,,stable
BOE,Andrew Hauser,2021-06-01,DOC_FCC6F57363A2,0.0,0.0,0.0,,,stable
BOE,Andrew Hauser,2022-06-01,DOC_0F9DF3989A29,0.0,0.0,0.0,,,stable
BOE,Andrew Hauser,2022-06-01,DOC_387E20EC66A1,0.0,0.0,0.0,,,stable
BOE,Andrew Hauser,2023-06-01,DOC_0087971208CA,0.0,0.0,0.0,,,stable
BOE,Andrew Hauser,2023-06-01,DOC_531CEA2A9C39,0.0,0.0,0.0,,,stable
BOE,Andrew Hauser,2023-06-01,DOC_A50C1E2E301C,0.0,0.0,0.0,,,stable
BOE,Andy Haldane,2021-06-01,DOC_9C0202BE09C0,0.40000000000000013,0.40000000000000013,0.40000000000000013,,,stable
BOE,Andy Haldane,2021-06-01,DOC_B9F7C4ED05DC,0.0,0.20000000000000007,0.20000000000000007,,,stable
BOE,Anil Kashyap,2022-06-01,DOC_A100CEBE258E,0.0,0.0,0.0,,,stable
BOE,Anna Sweeney,2021-06-01,DOC_57ADAA6B42FF,0.0,0.0,0.0,,,stable
BOE,Anna Sweeney,2021-06-01,DOC_6F970BDA25BA,0.0,0.0,0.0,,,stable
BOE,Anna Sweeney,2021-06-01,DOC_99EBD3C3CA60,0.0,0.0,0.0,,,stable
BOE,Arif Merali,2023-06-01,DOC_66734F0BD3A3,0.0,0.0,0.0,,,stable
BOE,Ben Broadbent,2021-06-01,DOC_2328C0561156,0.0,0.0,0.0,,,stable
BOE,Ben Broadbent,2021-06-01,DOC_62255BD4DB40,1.6,0.8,0.8,,,stable
BOE,Ben Broadbent,2021-06-01,DOC_D01F33615B07,0.0,0.5333333333333333,0.5333333333333333,,,stable
BOE,Ben Broadbent,2022-06-01,DOC_69EBF25EDBAC,-1.4,-1.4,-1.4,,,stable
BOE,Ben Broadbent,2022-06-01,DOC_7B52E190AB83,0.0,-0.7,-0.7,,,stable
BOE,Ben Broadbent,2023-06-01,DOC_06458B9CB255,0.0,0.0,0.0,,,stable
BOE,Ben Broadbent,2023-06-01,DOC_69B57AEEC28D,0.0,0.0,0.0,,,stable
BOE,Ben Broadbent,2023-06-01,DOC_EB66AEA0CC90,0.0,0.0,0.0,,,stable
BOE,Ben Broadbent,2024-06-01,DOC_5014273F7ECE,0.0,0.0,0.0,,,stable
BOE,Ben Stimson,2023-06-01,DOC_00A45ED62A58,0.0,0.0,0.0,,,stable
BOE,Carolyn A Wilkins,2021-06-01,DOC_66C87413128B,0.0,0.0,0.0,,,stable
BOE,Carolyn Wilkins,2022-06-01,DOC_05337DC43A73,0.0,0.0,0.0,,,stable
BOE,Carolyn Wilkins,2023-06-01,DOC_A9C8E835FB82,0.0,0.0,0.0,,,stable
BOE,Carolyn Wilkins,2025-06-01,DOC_872F995A2D95,0.0,0.0,0.0,,,stable
BOE,Catherine L Mann,2022-06-01,DOC_16EF7E4A2288,0.0,0.0,0.0,,,stable
BOE,Catherine L Mann,2022-06-01,DOC_88EAE1DF1273,0.0,0.0,0.0,,,stable
BOE,Catherine L Mann,2025-06-01,DOC_D4CE3537789C,-2.499999999999999,-2.499999999999999,-2.499999999999999,,,stable
BOE,Catherine L. Mann,2022-06-01,DOC_864CA3CFE3D9,2.2189475010096187,2.2189475010096187,2.2189475010096187,,,stable
BOE,Catherine L. Mann,2022-06-01,DOC_F7C9F482E97D,4.2,3.2094737505048094,3.2094737505048094,,,stable
BOE,Catherine L. Mann,2023-06-01,DOC_4BE493BB12FC,2.4,2.4,2.4,,,stable
BOE,Catherine L. Mann,2023-06-01,DOC_595CD56995C0,0.0,1.2,1.2,,,stable
BOE,Catherine L. Mann,2023-06-01,DOC_A3BBD7544795,0.0,0.7999999999999999,0.7999999999999999,,,stable
BOE,Catherine L. Mann,2024-06-01,DOC_8FF3DFADCACD,0.0,0.0,0.0,,,stable
BOE,Catherine L. Mann,2024-06-01,DOC_DDB7C2B5C570,2.8529325012980813,1.4264662506490406,1.4264662506490406,,,stable
BOE,Catherine L. Mann,2025-06-01,DOC_1FDEEDFFC021,0.0,0.0,0.0,,,stable
BOE,Catherine L. Mann,2025-06-01,DOC_79BB06E4237F,0.0,0.0,0.0,,,stable
BOE,Catherine L. Mann,2025-06-01,DOC_9B0E34FBE924,0.40000000000000013,0.1333333333333334,0.1333333333333334,,,stable
BOE,Catherine L. Mann,2025-06-01,DOC_C09FD704B945,0.0,0.10000000000000003,0.10000000000000003,,,stable
BOE,Catherine L. Mann,2026-06-01,DOC_FD2BD582BBE7,0.0,0.0,0.0,,,stable
BOE,Charlotte Gerken,2021-06-01,DOC_2A38C271951A,0.0,0.0,0.0,,,stable
BOE,Charlotte Gerken,2021-06-01,DOC_8DC692AD1B1D,0.0,0.0,0.0,,,stable
BOE,Charlotte Gerken,2021-06-01,DOC_D0E12E8DB1C9,0.0,0.0,0.0,,,stable
BOE,Charlotte Gerken,2022-06-01,DOC_180F8A465E86,0.0,0.0,0.0,,,stable
BOE,Charlotte Gerken,2022-06-01,DOC_5E3E2158251F,0.0,0.0,0.0,,,stable
BOE,Charlotte Gerken,2022-06-01,DOC_7C38B59B4A8E,0.0,0.0,0.0,,,stable
BOE,Charlotte Gerken,2022-06-01,DOC_A67841744E10,0.0,0.0,0.0,,,stable
BOE,Charlotte Gerken,2023-06-01,DOC_BCCCBBFE48B8,0.0,0.0,0.0,,,stable
BOE,Charlotte Gerken,2025-06-01,DOC_87882925A5B7,0.0,0.0,0.0,,,stable
BOE,Charlotte Gerken,2026-06-01,DOC_3081B94BAB95,0.0,0.0,0.0,,,stable
BOE,Christina Segal-Knowles,2021-06-01,DOC_57A397A82EF7,0.0,0.0,0.0,,,stable
BOE,Christina Segal-Knowles,2021-06-01,DOC_C7BBDBD1ADD3,0.0,0.0,0.0,,,stable
BOE,Christina Segal-Knowles,2021-06-01,DOC_E8D27023A6A7,0.0,0.0,0.0,,,stable
BOE,Christina Segal-Knowles,2022-06-01,DOC_9F88431C18E4,0.0,0.0,0.0,,,stable
BOE,Clare Lombardelli,2024-06-01,DOC_5EB16321E1F4,3.2,3.2,3.2,,,stable
BOE,Clare Lombardelli,2025-06-01,DOC_3A9DEEA91702,0.0,0.0,0.0,,,stable
BOE,Clare Lombardelli,2025-06-01,DOC_834896C3DAEE,0.0,0.0,0.0,,,stable
BOE,Colette Bowe,2022-06-01,DOC_8AC9A32C8AB7,-3.418947501009619,-3.418947501009619,-3.418947501009619,,,stable
BOE,Colette Bowe,2022-06-01,DOC_94FE2EF6E1D6,0.0,-1.7094737505048094,-1.7094737505048094,,,stable
BOE,Dave Ramsden,2021-06-01,DOC_244F81271D05,-2.2189475010096187,-2.2189475010096187,-2.2189475010096187,,,stable
BOE,Dave Ramsden,2021-06-01,DOC_4D643F565F5B,0.0,-1.1094737505048093,-1.1094737505048093,,,stable
BOE,Dave Ramsden,2021-06-01,DOC_9208127E9F82,-2.8,-1.6729825003365395,-1.6729825003365395,,,stable
BOE,Dave Ramsden,2021-06-01,DOC_E8032445205D,0.0,-1.2547368752524046,-1.2547368752524046,,,stable
BOE,Dave Ramsden,2022-06-01,DOC_14880ACCBF30,0.0,0.0,0.0,,,stable
BOE,Dave Ramsden,2022-06-01,DOC_5C7EB9C5308C,0.0,0.0,0.0,,,stable
BOE,Dave Ramsden,2022-06-01,DOC_D38433A41754,0.0,0.0,0.0,,,stable
BOE,Dave Ramsden,2022-06-01,DOC_FF035527BD7F,3.8039100017307748,0.9509775004326937,0.9509775004326937,,,stable
BOE,Dave Ramsden,2023-06-01,DOC_03BF6C87ED37,2.4,0.85,0.85,,,stable
BOE,Dave Ramsden,2023-06-01,DOC_305C945CC623,0.0,0.3333333333333333,0.3333333333333333,,,stable
BOE,Dave Ramsden,2023-06-01,DOC_AD4FE9989C42,0.0,0.5,0.5,,,stable
BOE,Dave Ramsden,2023-06-01,DOC_C22F3AF0BE24,1.0,1.0,1.0,,,stable
BOE,Dave Ramsden,2024-06-01,DOC_48BA9373B6BE,1.4,1.4,1.4,,,stable
BOE,Dave Ramsden,2024-06-01,DOC_51A9F859051D,0.0,0.7,0.7,,,stable
BOE,Dave Ramsden,2024-06-01,DOC_EAC2D9EEA376,1.4,0.9333333333333332,0.9333333333333332,,,stable
BOE,Dave Ramsden,2025-06-01,DOC_46720F41360D,0.0,0.0,0.0,,,stable
BOE,Dave Ramsden,2025-06-01,DOC_CF0754C9C518,0.0,0.0,0.0,,,stable
BOE,Dave Ramsden,2025-06-01,DOC_DEB7676FCFA6,0.0,0.0,0.0,,,stable
BOE,Dave Ramsden,2026-06-01,DOC_792B49A10C29,0.0,0.0,0.0,,,stable
BOE,David Bailey,2021-06-01,DOC_18B2878398D2,0.0,0.0,0.0,,,stable
BOE,David Bailey,2022-06-01,DOC_28264D6193F1,0.0,0.0,0.0,,,stable
BOE,David Bailey,2023-06-01,DOC_C736C1C8BFA1,0.0,0.0,0.0,,,stable
BOE,David Bailey,2024-06-01,DOC_06CD7A48A639,0.0,0.0,0.0,,,stable
BOE,David Bailey,2025-06-01,DOC_1B992596373D,0.0,0.0,0.0,,,stable
BOE,David Bailey,2025-06-01,DOC_C3F645BEBE27,0.0,0.0,0.0,,,stable
BOE,David Bailey,2026-06-01,DOC_67CB5D69C29A,0.0,0.0,0.0,,,stable
BOE,Duncan Mackinnon,2022-06-01,DOC_90701BCC103D,0.0,0.0,0.0,,,stable
BOE,Elisabeth Stheeman,2022-06-01,DOC_7C30E0ADD0C5,0.0,0.0,0.0,,,stable
BOE,Elisabeth Stheeman,2023-06-01,DOC_FC8BF4309BC4,0.0,0.0,0.0,,,stable
BOE,Gareth Ramsay,2021-06-01,DOC_09C2C8FDECBE,0.0,0.0,0.0,,,stable
BOE,Gareth Truran,2021-06-01,DOC_67AFF03F83F3,2.0,2.0,2.0,,,stable
BOE,Gareth Truran,2023-06-01,DOC_B0A66CF6B330,0.0,0.0,0.0,,,stable
BOE,Gareth Truran,2024-06-01,DOC_3BA4954A85E6,0.0,0.0,0.0,,,stable
BOE,Gareth Truran,2024-06-01,DOC_57638722D738,0.0,0.0,0.0,,,stable
BOE,Gareth Truran,2025-06-01,DOC_F9F033FB5835,0.0,0.0,0.0,,,stable
BOE,Gareth Truran,2026-06-01,DOC_A4F24DC53E06,1.4,1.4,1.4,,,stable
BOE,Gertjan Vlieghe,2021-06-01,DOC_3E2FE09080D9,-1.4,-1.4,-1.4,,,stable
BOE,Gertjan Vlieghe,2021-06-01,DOC_A8F973B57674,0.0,-0.7,-0.7,,,stable
BOE,Gertjan Vlieghe,2021-06-01,DOC_C27A014058DC,1.0,-0.1333333333333333,-0.1333333333333333,,,stable
BOE,Huw Pill,2021-06-01,DOC_F9029B082966,3.8,3.8,3.8,,,stable
BOE,Huw Pill,2022-06-01,DOC_00A61B191236,0.0,0.0,0.0,,,stable
BOE,Huw Pill,2022-06-01,DOC_0679752474DF,2.4,1.2,1.2,,,stable
BOE,Huw Pill,2022-06-01,DOC_1F726B4E51CA,0.0,0.7999999999999999,0.7999999999999999,,,stable
BOE,Huw Pill,2022-06-01,DOC_39067D3D1919,-4.2,-0.45000000000000007,-0.45000000000000007,,,stable
BOE,Huw Pill,2022-06-01,DOC_39186401F67C,4.172627427729669,0.4745254855459337,0.4745254855459337,,,stable
BOE,Huw Pill,2022-06-01,DOC_395A09648AF3,0.0,0.39543790462161144,0.39543790462161144,,,stable
BOE,Huw Pill,2022-06-01,DOC_53C0B7746DDA,3.8039100017307748,0.8823624899229205,0.8823624899229205,,,stable
BOE,Huw Pill,2022-06-01,DOC_80AF3FF3BF89,0.0,0.7720671786825555,0.7720671786825555,,,stable
BOE,Huw Pill,2023-06-01,DOC_49C8F07E49C7,5.4,2.8000000000000003,2.8000000000000003,,,stable
BOE,Huw Pill,2023-06-01,DOC_ADAC69E3B45C,1.5810524989903811,2.3936841663301274,2.3936841663301274,,,stable
BOE,Huw Pill,2023-06-01,DOC_D47C5E167039,0.20000000000000018,0.20000000000000018,0.20000000000000018,,,stable
BOE,Huw Pill,2024-06-01,DOC_3DF380ECF31B,0.0,0.0,0.0,,,stable
BOE,Huw Pill,2024-06-01,DOC_B12F99DC77B8,0.0,0.0,0.0,,,stable
BOE,Huw Pill,2024-06-01,DOC_C86BD2A89FBF,0.0,0.0,0.0,,,stable
BOE,Huw Pill,2025-06-01,DOC_07012AB4AFFF,0.0,0.0,0.0,,,stable
BOE,Huw Pill,2025-06-01,DOC_156F235508D5,-1.5,-0.5,-0.5,,,stable
BOE,Huw Pill,2025-06-01,DOC_2B75BB312EE1,-1.5,-0.75,-0.75,,,stable
BOE,Huw Pill,2025-06-01,DOC_95FE479B9B38,0.0,0.0,0.0,,,stable
BOE,Huw Pill,2026-06-01,DOC_7516B470DD0B,0.0,0.0,0.0,,,stable
BOE,James Benford,2024-06-01,DOC_3B8B20D03961,0.0,0.0,0.0,,,stable
BOE,James Benford,2024-06-01,DOC_87316961397F,0.0,0.0,0.0,,,stable
BOE,James Benford,2024-06-01,DOC_A51CB764B9F3,0.0,0.0,0.0,,,stable
BOE,James Benford,2024-06-01,DOC_FC984AA96DD1,0.0,0.0,0.0,,,stable
BOE,James Benford,2025-06-01,DOC_535767563606,0.0,0.0,0.0,,,stable
BOE,James Talbot,2025-06-01,DOC_47CCD2D94820,0.0,0.0,0.0,,,stable
BOE,James Talbot,2026-06-01,DOC_D4A20EA113E2,0.0,0.0,0.0,,,stable
BOE,Joanna Place,2021-06-01,DOC_4B695E132D30,0.0,0.0,0.0,,,stable
BOE,Jon Cunliffe,2021-06-01,DOC_3DCDAF813A5E,0.0,0.0,0.0,,,stable
BOE,Jon Cunliffe,2021-06-01,DOC_867F79F88FD0,0.0,0.0,0.0,,,stable
BOE,Jon Cunliffe,2021-06-01,DOC_9366AF01A892,0.0,0.0,0.0,,,stable
BOE,Jon Cunliffe,2022-06-01,DOC_6D59B6F72956,3.8,3.8,3.8,,,stable
BOE,Jon Cunliffe,2022-06-01,DOC_B3522D84AE3E,0.0,1.9,1.9,,,stable
BOE,Jon Cunliffe,2022-06-01,DOC_FD34DCD0BC95,0.0,1.2666666666666666,1.2666666666666666,,,stable
BOE,Jon Cunliffe,2023-06-01,DOC_6B1876038E7F,0.0,0.0,0.0,,,stable
BOE,Jon Cunliffe,2023-06-01,DOC_C5B7D75B2A73,0.0,0.0,0.0,,,stable
BOE,Jonathan Hall,2021-06-01,DOC_5B0DE7A93D80,0.0,0.0,0.0,,,stable
BOE,Jonathan Hall,2023-06-01,DOC_ECD435B39CF3,0.0,0.0,0.0,,,stable
BOE,Jonathan Hall,2024-06-01,DOC_380DE38000E2,0.0,0.0,0.0,,,stable
BOE,Jonathan Hall,2025-06-01,DOC_AAD2632E27CD,0.0,0.0,0.0,,,stable
BOE,Jonathan Haskel,2021-06-01,DOC_023C81FF2227,-2.2189475010096187,-2.2189475010096187,-2.2189475010096187,,,stable
BOE,Jonathan Haskel,2021-06-01,DOC_8F7FA1DCEEED,0.0,-1.1094737505048093,-1.1094737505048093,,,stable
BOE,Jonathan Haskel,2021-06-01,DOC_EB60FF4E4AF8,2.2189475010096187,0.0,0.0,,,stable
BOE,Jonathan Haskel,2022-06-01,DOC_912877B4F715,2.2,2.2,2.2,,,stable
BOE,Jonathan Haskel,2022-06-01,DOC_E24802840D0B,0.0,1.1,1.1,,,stable
BOE,Jonathan Haskel,2023-06-01,DOC_3CA0E182CA12,2.5,2.5,2.5,,,stable
BOE,Jonathan Haskel,2023-06-01,DOC_3FF252F273A0,-1.4,0.55,0.55,,,stable
BOE,Jonathan Haskel,2023-06-01,DOC_BD01A667758B,0.0,0.3666666666666667,0.3666666666666667,,,stable
BOE,Jonathan Haskel,2024-06-01,DOC_5A0134454C81,0.0,0.0,0.0,,,stable
BOE,Laura Wallis,2025-06-01,DOC_52780896738A,0.0,0.0,0.0,,,stable
BOE,Lee Foulger,2023-06-01,DOC_42C96626A95E,0.0,0.0,0.0,,,stable
BOE,Lee Foulger,2024-06-01,DOC_C49F6DE4BEBB,0.0,0.0,0.0,,,stable
BOE,Lee Foulger,2024-06-01,DOC_D09A59B93D8A,0.0,0.0,0.0,,,stable
BOE,Lee Foulger,2025-06-01,DOC_16F22114CC36,0.0,0.0,0.0,,,stable
BOE,Lisa Leaman,2024-06-01,DOC_BE089921CB9D,0.0,0.0,0.0,,,stable
BOE,Liz Oakes,2025-06-01,DOC_685688326561,0.0,0.0,0.0,,,stable
BOE,Liz Oakes,2026-06-01,DOC_B838A2DCDA49,0.0,0.0,0.0,,,stable
BOE,Lyndon Nelson,2021-06-01,DOC_30214EF5BB2B,2.8,2.8,2.8,,,stable
BOE,Lyndon Nelson,2021-06-01,DOC_7C483D02578B,0.0,1.4,1.4,,,stable
BOE,Megan Greene,2023-06-01,DOC_DA7A72D82FA8,0.0,0.0,0.0,,,stable
BOE,Megan Greene,2024-06-01,DOC_394E27546926,0.6000000000000001,0.6000000000000001,0.6000000000000001,,,stable
BOE,Megan Greene,2024-06-01,DOC_581D1DFFA726,0.0,0.30000000000000004,0.30000000000000004,,,stable
BOE,Megan Greene,2024-06-01,DOC_7E43E6761100,0.0,0.20000000000000004,0.20000000000000004,,,stable
BOE,Megan Greene,2025-06-01,DOC_A72230B7DA41,0.0,0.0,0.0,,,stable
BOE,Megan Greene,2025-06-01,DOC_DC49271736DD,0.0,0.0,0.0,,,stable
BOE,Megan Greene,2025-06-01,DOC_FC76C531C09B,1.6,0.5333333333333333,0.5333333333333333,,,stable
BOE,Megan Greene,2026-06-01,DOC_A017FC885FFB,0.0,0.0,0.0,,,stable
BOE,Megan Greene,2026-06-01,DOC_F08F2A3F908D,0.0,0.0,0.0,,,stable
BOE,Michael Saunders,2021-06-01,DOC_56EF9ACDA179,0.18105249899038123,0.18105249899038123,0.18105249899038123,,,stable
BOE,Michael Saunders,2021-06-01,DOC_6CCC6C3DD2BC,-2.8,-1.3094737505048093,-1.3094737505048093,,,stable
BOE,Michael Saunders,2021-06-01,DOC_C248D823C033,-1.2830074998557683,-1.300651666955129,-1.300651666955129,,,stable
BOE,Michael Saunders,2022-06-01,DOC_09C53B1612A3,3.8039100017307748,3.8039100017307748,3.8039100017307748,,,stable
BOE,Michael Saunders,2022-06-01,DOC_916E019540A9,0.18105249899038123,1.992481250360578,1.992481250360578,,,stable
BOE,Michael Saunders,2022-06-01,DOC_D25E56549B16,2.581052498990381,2.1886716665705124,2.1886716665705124,,,stable
BOE,Nathanaël Benjamin,2022-06-01,DOC_B2C59E8E6229,0.0,0.0,0.0,,,stable
BOE,Nathanaël Benjamin,2023-06-01,DOC_1D4B986DEBD5,0.0,0.0,0.0,,,stable
BOE,Nathanaël Benjamin,2023-06-01,DOC_C42DD9B64AFB,0.0,0.0,0.0,,,stable
BOE,Nathanaël Benjamin,2024-06-01,DOC_26AEDE500108,0.0,0.0,0.0,,,stable
BOE,Nathanaël Benjamin,2024-06-01,DOC_D49253CEE169,0.0,0.0,0.0,,,stable
BOE,Nathanaël Benjamin,2025-06-01,DOC_6FA240180F54,0.0,0.0,0.0,,,stable
BOE,Nathanaël Benjamin,2025-06-01,DOC_7CE164635B4F,0.0,0.0,0.0,,,stable
BOE,Nathanaël Benjamin,2025-06-01,DOC_EAEE13F2AA91,0.0,0.0,0.0,,,stable
BOE,Nathanaël Benjamin,2025-06-01,DOC_EB0977B49EB2,0.0,0.0,0.0,,,stable
BOE,Nick Butt,2024-06-01,DOC_3941BFC5DD35,0.0,0.0,0.0,,,stable
BOE,Oliver Dearie,2023-06-01,DOC_E63F51E834F9,0.0,0.0,0.0,,,stable
BOE,Phil Evans,2022-06-01,DOC_80F858DA8428,0.0,0.0,0.0,,,stable
BOE,Phil Evans,2024-06-01,DOC_2D066A638EAA,0.0,0.0,0.0,,,stable
BOE,Phil Evans,2025-06-01,DOC_83207811CFCA,0.0,0.0,0.0,,,stable
BOE,Phil Evans,2026-06-01,DOC_1C56A03859F1,0.0,0.0,0.0,,,stable
BOE,Philippe Lintern,2024-06-01,DOC_70077EA95E21,0.0,0.0,0.0,,,stable
BOE,Randall Kroszner,2025-06-01,DOC_3385258371AE,0.0,0.0,0.0,,,stable
BOE,Randall S. Kroszner,2023-06-01,DOC_71632D0CBBFE,0.0,0.0,0.0,,,stable
BOE,Randall S. Kroszner,2024-06-01,DOC_A4E6151C1C0E,0.0,0.0,0.0,,,stable
BOE,Randy Kroszner,2025-06-01,DOC_8917EA47AC3E,0.0,0.0,0.0,,,stable
BOE,Randy Kroszner,2025-06-01,DOC_CC7E1C8E9572,0.0,0.0,0.0,,,stable
BOE,Rebecca Jackson,2023-06-01,DOC_4E545C5E487D,0.0,0.0,0.0,,,stable
BOE,Rebecca Jackson,2024-06-01,DOC_B76DC4469AE5,0.0,0.0,0.0,,,stable
BOE,Rebecca Jackson,2025-06-01,DOC_9E8644D3C3D8,0.0,0.0,0.0,,,stable
BOE,Rebecca Jackson,2026-06-01,DOC_89CEB4833D14,0.0,0.0,0.0,,,stable
BOE,Rohan Churm,2021-06-01,DOC_79464A36D570,0.0,0.0,0.0,,,stable
BOE,Sam Woods,2021-06-01,DOC_009BC694CC6F,0.0,0.0,0.0,,,stable
BOE,Sam Woods,2021-06-01,DOC_0133BCF0EABA,0.0,0.0,0.0,,,stable
BOE,Sam Woods,2021-06-01,DOC_65DB8E20721C,0.0,0.0,0.0,,,stable
BOE,Sam Woods,2022-06-01,DOC_1F4B145640EA,0.0,0.0,0.0,,,stable
BOE,Sam Woods,2022-06-01,DOC_638C136A4D54,0.0,0.0,0.0,,,stable
BOE,Sam Woods,2022-06-01,DOC_712C13202D6F,0.0,0.0,0.0,,,stable
BOE,Sam Woods,2022-06-01,DOC_E349750A4FB9,0.0,0.0,0.0,,,stable
BOE,Sam Woods,2023-06-01,DOC_E6F5929E997F,0.6000000000000001,0.6000000000000001,0.6000000000000001,,,stable
BOE,Sam Woods,2023-06-01,DOC_EA87F47FB586,0.0,0.30000000000000004,0.30000000000000004,,,stable
BOE,Sam Woods,2024-06-01,DOC_35F518980E99,0.0,0.0,0.0,,,stable
BOE,Sam Woods,2025-06-01,DOC_8AFA01DB7C7D,0.0,0.0,0.0,,,stable
BOE,Sam Woods,2026-06-01,DOC_B77ECACC1F49,0.0,0.0,0.0,,,stable
BOE,Sarah Breeden,2021-06-01,DOC_2C8889EC9B1F,0.0,0.0,0.0,,,stable
BOE,Sarah Breeden,2022-06-01,DOC_154918331F09,0.0,0.0,0.0,,,stable
BOE,Sarah Breeden,2022-06-01,DOC_8CCBD2E973FE,0.0,0.0,0.0,,,stable
BOE,Sarah Breeden,2022-06-01,DOC_CAE5284120DE,0.0,0.0,0.0,,,stable
BOE,Sarah Breeden,2022-06-01,DOC_F631DF6C1424,0.0,0.0,0.0,,,stable
BOE,Sarah Breeden,2023-06-01,DOC_00AC37FDBFE6,0.0,0.0,0.0,,,stable
BOE,Sarah Breeden,2023-06-01,DOC_45D9B405D76D,3.0,1.5,1.5,,,stable
BOE,Sarah Breeden,2023-06-01,DOC_894D65B8064C,0.0,1.0,1.0,,,stable
BOE,Sarah Breeden,2023-06-01,DOC_C79478F8933F,1.4,1.1,1.1,,,stable
BOE,Sarah Breeden,2023-06-01,DOC_EC735F6420EC,0.0,0.8800000000000001,0.8800000000000001,,,stable
BOE,Sarah Breeden,2024-06-01,DOC_3A9B1138C47B,0.0,-0.35,-0.35,,,stable
BOE,Sarah Breeden,2024-06-01,DOC_C3F5CF889411,0.0,-0.4666666666666666,-0.4666666666666666,,,stable
BOE,Sarah Breeden,2024-06-01,DOC_F15470C3B05D,-1.4,-0.7,-0.7,,,stable
BOE,Sarah Breeden,2024-06-01,DOC_F59B8E00C76C,0.0,0.0,0.0,,,stable
BOE,Sarah Breeden,2025-06-01,DOC_00AE79C4B848,0.0,0.0,0.0,,,stable
BOE,Sarah Breeden,2025-06-01,DOC_1FE303F960B6,0.0,0.0,0.0,,,stable
BOE,Sarah Breeden,2025-06-01,DOC_4AA4D42217F1,0.0,0.0,0.0,,,stable
BOE,Sarah Breeden,2025-06-01,DOC_704194989C4E,0.0,0.0,0.0,,,stable
BOE,Sarah Breeden,2025-06-01,DOC_74C3CBF45020,0.0,0.0,0.0,,,stable
BOE,Sarah Breeden,2025-06-01,DOC_7BA75EAA330D,0.40000000000000013,0.0666666666666667,0.0666666666666667,,,stable
BOE,Sarah Breeden,2025-06-01,DOC_8FD555AA52C9,0.0,0.05714285714285716,0.05714285714285716,,,stable
BOE,Sarah Breeden,2026-06-01,DOC_5F5349C2F9C6,0.0,0.0,0.0,,,stable
BOE,Sarah Breeden,2026-06-01,DOC_E495B08D328E,2.4,1.2,1.2,,,stable
BOE,Sarah Breeden,2026-06-01,DOC_FF59F87EC8A8,0.0,0.7999999999999999,0.7999999999999999,,,stable
BOE,Sasha Mills,2023-06-01,DOC_43AF72E8B5E9,0.0,0.0,0.0,,,stable
BOE,Sasha Mills,2024-06-01,DOC_6BEB16EEB8A2,0.0,0.0,0.0,,,stable
BOE,Sasha Mills,2024-06-01,DOC_73812D4462A4,0.0,0.0,0.0,,,stable
BOE,Sasha Mills,2024-06-01,DOC_90B98D559FBF,1.4,0.4666666666666666,0.4666666666666666,,,stable
BOE,Sasha Mills,2024-06-01,DOC_AC105A24CC11,0.0,0.35,0.35,,,stable
BOE,Sasha Mills,2025-06-01,DOC_4A57EA7F7254,1.4,1.4,1.4,,,stable
BOE,Sasha Mills,2025-06-01,DOC_7961FE47DA2C,0.0,0.7,0.7,,,stable
BOE,Sasha Mills,2025-06-01,DOC_79C4B6DC18B4,0.0,0.4666666666666666,0.4666666666666666,,,stable
BOE,Sasha Mills,2025-06-01,DOC_7E91D23D62BB,0.0,0.35,0.35,,,stable
BOE,Sasha Mills,2025-06-01,DOC_83D41D05943E,0.0,0.27999999999999997,0.27999999999999997,,,stable
BOE,Shoib Khan,2023-06-01,DOC_762E2C2AB4F6,0.0,0.0,0.0,,,stable
BOE,Shoib Khan,2023-06-01,DOC_EEED184ACC27,0.0,0.0,0.0,,,stable
BOE,Shoib Khan,2024-06-01,DOC_12D3B88AD576,0.0,0.0,0.0,,,stable
BOE,Shoib Khan,2025-06-01,DOC_508C687C2347,0.0,0.0,0.0,,,stable
BOE,Silvana Tenreyro,2021-06-01,DOC_174D4498667F,-1.4,-1.4,-1.4,,,stable
BOE,Silvana Tenreyro,2021-06-01,DOC_8ED6CEB795EF,0.0,-0.7,-0.7,,,stable
BOE,Silvana Tenreyro,2021-06-01,DOC_E4E4CE16832C,0.0,-0.4666666666666666,-0.4666666666666666,,,stable
BOE,Silvana Tenreyro,2022-06-01,DOC_0719D406713E,0.40000000000000013,0.40000000000000013,0.40000000000000013,,,stable
BOE,Silvana Tenreyro,2022-06-01,DOC_CD5B040B4EB7,1.2,0.8,0.8,,,stable
BOE,Silvana Tenreyro,2023-06-01,DOC_A36B4B3D647F,2.4,2.4,2.4,,,stable
BOE,Sir Dave Ramsden,2022-06-01,DOC_45ECD4AC84C4,0.0,0.0,0.0,,,stable
BOE,Sir Jon Cunliffe,2022-06-01,DOC_16373CC2CCEC,0.0,0.0,0.0,,,stable
BOE,Sir Jon Cunliffe,2022-06-01,DOC_2236FA1B728E,0.0,0.0,0.0,,,stable
BOE,Sir Jon Cunliffe,2022-06-01,DOC_ABC8B98A2CD8,0.0,0.0,0.0,,,stable
BOE,Sir Jon Cunliffe,2023-06-01,DOC_E1AD7CEAB0E9,0.0,0.0,0.0,,,stable
BOE,Stefan Claus,2022-06-01,DOC_04BC24756633,0.0,0.0,0.0,,,stable
BOE,Swati Dhingra,2023-06-01,DOC_B3AAE8779620,0.18105249899038123,0.18105249899038123,0.18105249899038123,,,stable
BOE,Swati Dhingra,2023-06-01,DOC_C826FB96EE10,0.0,0.09052624949519061,0.09052624949519061,,,stable
BOE,Swati Dhingra,2024-06-01,DOC_44D868121FEB,-2.2189475010096187,-2.2189475010096187,-2.2189475010096187,,,stable
BOE,Swati Dhingra,2024-06-01,DOC_9F2733C63625,0.0,-1.1094737505048093,-1.1094737505048093,,,stable
BOE,Swati Dhingra,2025-06-01,DOC_AD4E156E7051,0.0,0.0,0.0,,,stable
BOE,Swati Dhingra,2025-06-01,DOC_D61391048828,0.0,0.0,0.0,,,stable
BOE,Tom Mutton,2021-06-01,DOC_B77DC324D96A,0.0,0.0,0.0,,,stable
BOE,Vicky Saporta,2022-06-01,DOC_9114B300D0B1,0.0,0.0,0.0,,,stable
BOE,Vicky Saporta,2023-06-01,DOC_337E725FF2BE,0.0,0.0,0.0,,,stable
BOE,Vicky White,2025-06-01,DOC_D1357AA6769D,0.0,0.0,0.0,,,stable
BOE,Vicky White,2026-06-01,DOC_097A039992EB,0.0,0.0,0.0,,,stable
BOE,Victoria Cleland,2021-06-01,DOC_E24194C5485F,0.0,0.0,0.0,,,stable
BOE,Victoria Cleland,2022-06-01,DOC_370D7223C3F5,0.0,0.0,0.0,,,stable
BOE,Victoria Cleland,2022-06-01,DOC_9458400F1789,0.0,0.0,0.0,,,stable
BOE,Victoria Cleland,2023-06-01,DOC_0383BD2299FD,0.0,0.0,0.0,,,stable
BOE,Victoria Cleland,2023-06-01,DOC_22F42F0D7F74,0.0,0.0,0.0,,,stable
BOE,Victoria Cleland,2023-06-01,DOC_5091E9C51F84,0.0,0.0,0.0,,,stable
BOE,Victoria Cleland,2023-06-01,DOC_EAE41B50C12A,0.0,0.0,0.0,,,stable
BOE,Victoria Cleland,2024-06-01,DOC_2663D2D1B194,0.0,0.0,0.0,,,stable
BOE,Victoria Cleland,2024-06-01,DOC_9404C05138D2,0.0,0.0,0.0,,,stable
BOE,Victoria Cleland,2024-06-01,DOC_9FE7F06F4F0F,0.0,0.0,0.0,,,stable
BOE,Victoria Cleland,2025-06-01,DOC_7FBD95863870,0.0,0.0,0.0,,,stable
BOE,Victoria Cleland,2025-06-01,DOC_99FD64081AE2,0.0,0.0,0.0,,,stable
BOE,Victoria Cleland,2025-06-01,DOC_A7D694D28206,0.0,0.0,0.0,,,stable
BOE,Victoria Cleland,2025-06-01,DOC_CA8EC4E6146F,0.0,0.0,0.0,,,stable
BOE,Victoria Cleland,2026-06-01,DOC_D53AAD212A80,0.0,0.0,0.0,,,stable
BOE,Victoria Saporta,2021-06-01,DOC_3C63A4D6FDCC,0.0,0.0,0.0,,,stable
BOE,Victoria Saporta,2021-06-01,DOC_E8534E6C022A,0.0,0.0,0.0,,,stable
BOE,Victoria Saporta,2022-06-01,DOC_281C71ECF2AC,0.0,0.0,0.0,,,stable
BOE,Victoria Saporta,2023-06-01,DOC_6CD51A4E6E80,0.0,0.0,0.0,,,stable
BOE,Victoria Saporta,2024-06-01,DOC_035A56A50A60,0.0,0.0,0.0,,,stable
BOE,Victoria Saporta,2025-06-01,DOC_6EBF6499321C,0.0,0.0,0.0,,,stable
BOE,Victoria Saporta,2025-06-01,DOC_F6A369559FE9,0.0,0.0,0.0,,,stable
BOJ,ADACHI Seiji,2021-06-02,DOC_AC0030B71F31,0.0,0.0,0.0,,,stable
BOJ,ADACHI Seiji,2021-12-01,DOC_EED7D63834E3,1.4,1.4,1.4,,,stable
BOJ,ADACHI Seiji,2022-06-09,DOC_14A09C90FAFD,1.4,1.4,1.4,,,stable
BOJ,ADACHI Seiji,2022-10-26,DOC_8C505280EBED,-2.2189475010096187,-2.2189475010096187,-2.2189475010096187,,,stable
BOJ,ADACHI Seiji,2023-06-27,DOC_236BE27D7A6E,0.5567957339077836,0.5567957339077836,0.5567957339077836,,,stable
BOJ,ADACHI Seiji,2023-12-06,DOC_CDF6A6FBC51E,-2.8,-2.8,-2.8,,,stable
BOJ,ADACHI Seiji,2024-06-05,DOC_2B5392FD7191,-3.9302968908806455,-3.9302968908806455,-3.9302968908806455,,,stable
BOJ,ADACHI Seiji,2024-10-23,DOC_8B7D591D2562,0.0,0.0,0.0,,,stable
BOJ,AMAMIYA Masayoshi,2021-03-08,DOC_DDDC2ACB2547,0.0,0.0,0.0,,,stable
BOJ,AMAMIYA Masayoshi,2021-07-21,DOC_C50B1D15BB82,0.0,0.0,0.0,,,stable
BOJ,AMAMIYA Masayoshi,2021-12-08,DOC_1C5DEDD6045F,1.4,1.4,1.4,,,stable
BOJ,AMAMIYA Masayoshi,2022-03-29,DOC_FC5C95ACE462,3.0,3.0,3.0,,,stable
BOJ,AMAMIYA Masayoshi,2022-07-28,DOC_97E562828E01,0.0,0.0,0.0,,,stable
BOJ,AMAMIYA Masayoshi,2022-11-27,DOC_A18957C655BA,0.0,0.0,0.0,,,stable
BOJ,HIMINO Ryozo,2023-12-06,DOC_C21DD37F8FE1,0.0,0.0,0.0,,,stable
BOJ,HIMINO Ryozo,2024-08-28,DOC_F06B45DF782E,1.4,1.4,1.4,,,stable
BOJ,HIMINO Ryozo,2025-01-14,DOC_E6FA1FFC0149,-1.4,-1.4,-1.4,,,stable
BOJ,HIMINO Ryozo,2025-02-21,DOC_A309FD5ECABC,0.0,-0.7,0.0,-1.4,1.4,hawkish shift
BOJ,HIMINO Ryozo,2025-09-02,DOC_F71782537EC2,-2.8,-2.8,-2.8,,,stable
BOJ,HIMINO Ryozo,2025-10-21,DOC_8431D7B406AB,0.0,-1.4,0.0,-2.8,2.8,hawkish shift
BOJ,HIMINO Ryozo,2026-03-02,DOC_210A78B98728,3.7150849518197795,3.7150849518197795,3.7150849518197795,,,stable
BOJ,HIMINO Ryozo,2026-05-16,DOC_9FC59BC0D2D4,0.0,1.8575424759098897,0.0,3.7150849518197795,-3.7150849518197795,dovish shift
BOJ,KAMIYAMA Kazushige,2025-06-13,DOC_9E2AE060673A,0.0,0.0,0.0,,,stable
BOJ,KAMIYAMA Kazushige,2026-02-17,DOC_8A8AB22101BD,0.0,0.0,0.0,,,stable
BOJ,KAMIYAMA Kazushige,2026-05-15,DOC_F0C4F3DAD288,0.0,0.0,0.0,0.0,0.0,stable
BOJ,KATAOKA Goushi,2021-03-12,DOC_D9695D06FE92,0.40000000000000036,0.40000000000000036,0.40000000000000036,,,stable
BOJ,KATAOKA Goushi,2021-09-09,DOC_5878E3C2D783,-3.618947501009618,-3.618947501009618,-3.618947501009618,,,stable
BOJ,KATAOKA Goushi,2022-03-31,DOC_1D6919E0911F,0.0,0.0,0.0,,,stable
BOJ,KOEDA Junko,2025-11-20,DOC_9B3451F8960D,-1.4,-1.4,-1.4,,,stable
BOJ,KOEDA Junko,2026-05-21,DOC_4CA7102E8E0D,0.0,0.0,0.0,,,stable
BOJ,KURODA Haruhiko,2021-03-16,DOC_A11DEBE67BCA,0.0,0.0,0.0,,,stable
BOJ,KURODA Haruhiko,2021-03-25,DOC_97C0DCDBC54D,0.0,0.0,0.0,,,stable
BOJ,KURODA Haruhiko,2021-03-30,DOC_1AC20590723F,0.0,0.0,0.0,,,stable
BOJ,KURODA Haruhiko,2021-05-19,DOC_27CDB9E43CB7,1.4,0.35,1.4,0.0,1.4,hawkish shift
BOJ,KURODA Haruhiko,2021-05-24,DOC_526B3357F072,0.0,0.27999999999999997,0.7,0.0,0.7,stable
BOJ,KURODA Haruhiko,2021-07-27,DOC_A6340577BA7B,0.0,0.4666666666666666,0.0,0.7,-0.7,stable
BOJ,KURODA Haruhiko,2021-09-27,DOC_403C05FC1B98,1.4,0.7,1.4,0.0,1.4,hawkish shift
BOJ,KURODA Haruhiko,2021-10-05,DOC_F041B99E91AB,0.0,0.4666666666666666,0.7,0.0,0.7,stable
BOJ,KURODA Haruhiko,2021-10-06,DOC_C4AE23F5BD91,0.0,0.35,0.4666666666666666,0.0,0.4666666666666666,stable
BOJ,KURODA Haruhiko,2021-11-15,DOC_5D84D2EA9C4A,3.250699332842307,1.1626748332105767,3.250699332842307,0.4666666666666666,2.7840326661756403,hawkish shift
BOJ,KURODA Haruhiko,2021-11-29,DOC_44B203BC95BC,0.0,0.9301398665684614,1.6253496664211535,0.4666666666666666,1.158682999754487,hawkish shift
BOJ,KURODA Haruhiko,2021-12-23,DOC_F47BBF1394D9,0.0,0.7751165554737178,0.0,1.1626748332105767,-1.1626748332105767,dovish shift
BOJ,KURODA Haruhiko,2022-03-29,DOC_B790802F02BC,0.0,0.0,0.0,,,stable
BOJ,KURODA Haruhiko,2022-04-23,DOC_05B1646D9D19,3.0,1.5,1.5,,,stable
BOJ,KURODA Haruhiko,2022-05-13,DOC_C4FB6CF4322D,1.4,1.4666666666666668,2.2,0.0,2.2,hawkish shift
BOJ,KURODA Haruhiko,2022-05-25,DOC_143FB70B5A0A,0.0,1.1,0.7,1.5,-0.8,stable
BOJ,KURODA Haruhiko,2022-06-06,DOC_2EA03539D97E,1.4,1.16,0.9333333333333332,1.5,-0.5666666666666668,stable
BOJ,KURODA Haruhiko,2022-09-26,DOC_DF281491CB91,-1.4,-1.4,-1.4,,,stable
BOJ,KURODA Haruhiko,2022-11-14,DOC_72F270B0B999,0.8189475010096188,-0.29052624949519057,0.8189475010096188,-1.4,2.2189475010096187,hawkish shift
BOJ,KURODA Haruhiko,2022-11-15,DOC_FBA569C78520,0.0,-0.19368416633012706,0.4094737505048094,-1.4,1.8094737505048093,hawkish shift
BOJ,KURODA Haruhiko,2022-12-26,DOC_A0466681DCFC,0.0,0.2729825003365396,0.0,0.4094737505048094,-0.4094737505048094,stable
BOJ,KURODA Haruhiko,2023-03-28,DOC_6F2BB7DCC532,0.0,0.0,0.0,,,stable
BOJ,MASU Kazuyuki,2026-02-06,DOC_3874183220B5,0.0,0.0,0.0,,,stable
BOJ,NAKAGAWA Junko,2022-03-07,DOC_1C4922CFF63F,0.0,0.0,0.0,,,stable
BOJ,NAKAGAWA Junko,2022-09-05,DOC_DA9808558E58,2.4,2.4,2.4,,,stable
BOJ,NAKAGAWA Junko,2023-03-06,DOC_7122B047C0A9,0.0,0.0,0.0,,,stable
BOJ,NAKAGAWA Junko,2023-09-12,DOC_E4539854AB39,-2.2189475010096187,-2.2189475010096187,-2.2189475010096187,,,stable
BOJ,NAKAGAWA Junko,2024-03-12,DOC_A7DD3A1D3D7E,0.0,0.0,0.0,,,stable
BOJ,NAKAGAWA Junko,2024-09-18,DOC_D142986CD800,-1.4,-1.4,-1.4,,,stable
BOJ,NAKAGAWA Junko,2025-04-17,DOC_A92643BAFC43,1.4,1.4,1.4,,,stable
BOJ,NAKAGAWA Junko,2025-08-28,DOC_9F04FC72D844,0.0,0.0,0.0,,,stable
BOJ,NAKAGAWA Junko,2025-11-10,DOC_E913A69A81B9,0.0,0.0,0.0,0.0,0.0,stable
BOJ,NAKAMURA Toyoaki,2021-02-15,DOC_828DC32C6EA7,-0.8189475010096188,-0.8189475010096188,-0.8189475010096188,,,stable
BOJ,NAKAMURA Toyoaki,2021-08-31,DOC_BF16502820EF,0.0,0.0,0.0,,,stable
BOJ,NAKAMURA Toyoaki,2022-02-16,DOC_8EE4C5721159,0.0,0.0,0.0,,,stable
BOJ,NAKAMURA Toyoaki,2022-08-31,DOC_0FAEA8FD20DE,1.4,1.4,1.4,,,stable
BOJ,NAKAMURA Toyoaki,2022-12-14,DOC_94DC5466713D,0.0,0.0,0.0,,,stable
BOJ,NAKAMURA Toyoaki,2023-09-06,DOC_09CD26096F80,2.4,2.4,2.4,,,stable
BOJ,NAKAMURA Toyoaki,2023-12-07,DOC_0541F4760C02,0.0,0.0,0.0,,,stable
BOJ,NAKAMURA Toyoaki,2024-06-14,DOC_73B2677B349D,0.0,0.0,0.0,,,stable
BOJ,NAKAMURA Toyoaki,2024-12-12,DOC_0268F1174D66,0.0,0.0,0.0,,,stable
BOJ,NAKAMURA Toyoaki,2025-05-16,DOC_129CA3901950,-1.4,-1.4,-1.4,,,stable
BOJ,NOGUCHI Asahi,2021-10-21,DOC_8F44D0DAB960,0.0,0.0,0.0,,,stable
BOJ,NOGUCHI Asahi,2022-04-13,DOC_79127CE3EE71,3.8,3.8,3.8,,,stable
BOJ,NOGUCHI Asahi,2022-12-08,DOC_921BFB0E691C,0.0,0.0,0.0,,,stable
BOJ,NOGUCHI Asahi,2023-06-29,DOC_10DFC82B06B6,0.0,0.0,0.0,,,stable
BOJ,NOGUCHI Asahi,2023-10-19,DOC_25349EFC4793,1.8,1.8,1.8,,,stable
BOJ,NOGUCHI Asahi,2024-04-23,DOC_27A6F08AED90,0.0,0.0,0.0,,,stable
BOJ,NOGUCHI Asahi,2024-10-11,DOC_2A8F67582020,-1.4,-1.4,-1.4,,,stable
BOJ,NOGUCHI Asahi,2025-05-22,DOC_B55241D51E2E,-2.8,-2.8,-2.8,,,stable
BOJ,NOGUCHI Asahi,2025-09-29,DOC_8F3E8236D3F6,-3.618947501009618,-3.618947501009618,-3.618947501009618,,,stable
BOJ,NOGUCHI Asahi,2025-11-27,DOC_08A0BD4DE704,0.0,-1.809473750504809,0.0,-3.618947501009618,3.618947501009618,hawkish shift
BOJ,Nikkei),2021-06-08,DOC_ECB7465A477D,0.0,0.0,0.0,,,stable
BOJ,SHIMIZU Seiichi,2024-04-18,DOC_2EDDE4905EE4,0.0,0.0,0.0,,,stable
BOJ,SHIMIZU Seiichi,2024-04-18,DOC_BE582CD417EC,0.0,0.0,0.0,,,stable
BOJ,SUZUKI Hitoshi,2021-05-26,DOC_73C861EA908B,1.4,1.4,1.4,,,stable
BOJ,SUZUKI Hitoshi,2021-12-02,DOC_7911FDB8D67A,3.618947501009618,3.618947501009618,3.618947501009618,,,stable
BOJ,TAKATA Hajime,2023-03-08,DOC_028FACF756B4,-1.4,-1.4,-1.4,,,stable
BOJ,TAKATA Hajime,2023-09-11,DOC_FD92F640A25E,0.0,0.0,0.0,,,stable
BOJ,TAKATA Hajime,2024-03-06,DOC_CA06677D0E0C,0.0,0.0,0.0,,,stable
BOJ,TAKATA Hajime,2024-09-10,DOC_69B8244D02C5,1.4,1.4,1.4,,,stable
BOJ,TAKATA Hajime,2025-02-19,DOC_47D2830CD386,3.0,3.0,3.0,,,stable
BOJ,TAKATA Hajime,2025-07-03,DOC_8D7EDA77C1A2,0.0,0.0,0.0,,,stable
BOJ,TAKATA Hajime,2025-10-20,DOC_AB3703D53814,1.4,1.4,1.4,,,stable
BOJ,TAKATA Hajime,2026-02-26,DOC_DD10F34865C4,0.0,0.0,0.0,,,stable
BOJ,TAMURA Naoki,2023-03-01,DOC_69A6FF5CD44B,-1.4,-1.4,-1.4,,,stable
BOJ,TAMURA Naoki,2023-09-05,DOC_987EC4D40254,-2.2189475010096187,-2.2189475010096187,-2.2189475010096187,,,stable
BOJ,TAMURA Naoki,2024-04-03,DOC_CE30B4A6E344,0.0,0.0,0.0,,,stable
BOJ,TAMURA Naoki,2024-09-19,DOC_05BCD9AE457C,0.0,0.0,0.0,,,stable
BOJ,TAMURA Naoki,2025-02-06,DOC_52F486112A71,0.0,0.0,0.0,,,stable
BOJ,TAMURA Naoki,2025-06-25,DOC_E8F222392282,0.0,0.0,0.0,,,stable
BOJ,TAMURA Naoki,2025-10-16,DOC_838D9A8D6107,-3.250699332842307,-3.250699332842307,-3.250699332842307,,,stable
BOJ,UCHIDA Shinichi,2021-03-26,DOC_7F39685E60C3,0.0,0.0,0.0,,,stable
BOJ,UCHIDA Shinichi,2021-10-15,DOC_3428DDD2E356,0.0,0.0,0.0,,,stable
BOJ,UCHIDA Shinichi,2022-04-13,DOC_F96E4B04AE4A,0.0,0.0,0.0,,,stable
BOJ,UCHIDA Shinichi,2022-11-24,DOC_8B1FE9995BA9,0.0,0.0,0.0,,,stable
BOJ,UCHIDA Shinichi,2023-02-17,DOC_5D9DD183BD5F,0.0,0.0,0.0,0.0,0.0,stable
BOJ,UCHIDA Shinichi,2023-02-17,DOC_6C62167A1120,0.0,0.0,0.0,0.0,0.0,stable
BOJ,UCHIDA Shinichi,2023-08-02,DOC_776082DDA60B,-3.250699332842307,-3.250699332842307,-3.250699332842307,,,stable
BOJ,UCHIDA Shinichi,2024-02-08,DOC_E4B1B84903AD,1.4,1.4,1.4,,,stable
BOJ,UCHIDA Shinichi,2024-05-27,DOC_B8BC4E8F5543,0.0,0.0,0.0,,,stable
BOJ,UCHIDA Shinichi,2024-08-07,DOC_77C0F26633F6,-0.8189475010096188,-0.4094737505048094,-0.8189475010096188,0.0,-0.8189475010096188,stable
BOJ,UCHIDA Shinichi,2024-11-14,DOC_2DFD2DEB85DE,0.0,0.0,0.0,,,stable
BOJ,UCHIDA Shinichi,2025-03-05,DOC_CD8CC9432B6A,0.0,0.0,0.0,,,stable
BOJ,UCHIDA Shinichi,2025-06-07,DOC_E8719FEB8F1C,0.0,0.0,0.0,,,stable
BOJ,UCHIDA Shinichi,2025-07-23,DOC_B9FED14FA787,-2.2189475010096187,-1.1094737505048093,-2.2189475010096187,0.0,-2.2189475010096187,dovish shift
BOJ,UEDA Kazuo,2023-05-19,DOC_282AC4F31466,0.0,0.0,0.0,,,stable
BOJ,UEDA Kazuo,2023-05-31,DOC_A44C9E20576A,0.0,0.0,0.0,,,stable
BOJ,UEDA Kazuo,2023-08-28,DOC_83927CC265B3,0.0,0.0,0.0,0.0,0.0,stable
BOJ,UEDA Kazuo,2023-09-25,DOC_55F6C7F32E60,0.0,0.0,0.0,,,stable
BOJ,UEDA Kazuo,2023-09-30,DOC_B9CA4D9529C0,0.0,0.0,0.0,0.0,0.0,stable
BOJ,UEDA Kazuo,2023-11-06,DOC_29567292D2C0,-1.4,-0.35,-1.4,0.0,-1.4,dovish shift
BOJ,UEDA Kazuo,2023-12-25,DOC_F5FEC48CEE43,1.4,0.0,1.4,-0.7,2.0999999999999996,hawkish shift
BOJ,UEDA Kazuo,2024-03-05,DOC_F90D030BD066,0.0,0.7,0.0,1.4,-1.4,dovish shift
BOJ,UEDA Kazuo,2024-03-06,DOC_8355F6E9B80A,0.0,0.4666666666666666,0.0,1.4,-1.4,dovish shift
BOJ,UEDA Kazuo,2024-05-02,DOC_FFE69F1E7AE3,0.0,0.0,0.0,0.0,0.0,stable
BOJ,UEDA Kazuo,2024-05-08,DOC_24D41B8A4CED,-1.4,-0.35,-0.7,0.0,-0.7,stable
BOJ,UEDA Kazuo,2024-05-27,DOC_BE67AF601EEA,0.0,-0.27999999999999997,-0.4666666666666666,0.0,-0.4666666666666666,stable
BOJ,UEDA Kazuo,2024-07-03,DOC_7A1D5828AF10,0.0,-0.35,0.0,-0.4666666666666666,0.4666666666666666,stable
BOJ,UEDA Kazuo,2024-09-24,DOC_85F1AE053886,-0.8189475010096188,-0.4094737505048094,-0.8189475010096188,0.0,-0.8189475010096188,stable
BOJ,UEDA Kazuo,2024-11-18,DOC_DAC34AC0DC25,-1.4,-1.1094737505048093,-1.4,-0.8189475010096188,-0.5810524989903811,stable
BOJ,UEDA Kazuo,2024-11-21,DOC_04AB077AE80F,0.0,-0.7396491670032063,-0.7,-0.8189475010096188,0.11894750100961882,stable
BOJ,UEDA Kazuo,2024-12-13,DOC_11E3AB8AA24C,0.0,-0.5547368752524047,-0.4666666666666666,-0.8189475010096188,0.35228083434295215,stable
BOJ,UEDA Kazuo,2024-12-25,DOC_C14980619B6F,0.0,-0.35,0.0,-0.7,0.7,stable
BOJ,UEDA Kazuo,2025-03-05,DOC_D0FA4B7E5599,0.0,0.0,0.0,0.0,0.0,stable
BOJ,UEDA Kazuo,2025-05-27,DOC_8DAA5C02D370,-1.4,-0.7,-1.4,0.0,-1.4,dovish shift
BOJ,UEDA Kazuo,2025-06-03,DOC_2AE6C879DA04,-1.4,-1.4,-1.4,0.0,-1.4,dovish shift
BOJ,UEDA Kazuo,2025-08-24,DOC_4C535413C677,0.0,-0.9333333333333332,0.0,-1.4,1.4,hawkish shift
BOJ,UEDA Kazuo,2025-10-03,DOC_392AF0562D47,-2.2189475010096187,-1.1094737505048093,-2.2189475010096187,0.0,-2.2189475010096187,dovish shift
BOJ,UEDA Kazuo,2025-12-01,DOC_FB5F71285B55,-1.4,-1.8094737505048093,-1.4,-2.2189475010096187,0.8189475010096188,stable
BOJ,UEDA Kazuo,2025-12-25,DOC_5A3A38449AC0,-1.4,-1.6729825003365395,-1.4,-2.2189475010096187,0.8189475010096188,stable
BOJ,UEDA Kazuo,2026-03-03,DOC_39157E7586EB,0.0,-0.7,0.0,-1.4,1.4,hawkish shift
BOJ,UEDA Kazuo,2026-05-27,DOC_D9075F0EECD9,0.0,0.0,0.0,0.0,0.0,stable
BOJ,WAKATABE Masazumi,2021-02-03,DOC_EECB7C2ACB4A,1.4,1.4,1.4,,,stable
BOJ,WAKATABE Masazumi,2021-09-01,DOC_07A2D318777A,1.6,1.6,1.6,,,stable
BOJ,WAKATABE Masazumi,2022-02-03,DOC_AFEE63C1ABD0,1.9810524989903806,1.9810524989903806,1.9810524989903806,,,stable
BOJ,WAKATABE Masazumi,2022-06-01,DOC_55370309CA34,-2.2189475010096187,-2.2189475010096187,-2.2189475010096187,,,stable
BOJ,WAKATABE Masazumi,2022-12-22,DOC_365A8437F951,0.0,0.0,0.0,,,stable
BOJ,WAKATABE Masazumi,2023-02-02,DOC_0ED35E3E0C2A,0.0,0.0,0.0,0.0,0.0,stable
BOJ,WAKATABE Masazumi,2023-02-28,DOC_F41BFFC55777,0.0,0.0,0.0,0.0,0.0,stable
BOJ,the ASEAN+3 Macroeconomic Research Office,2022-12-02,DOC_122657BF0557,6.0189475010096185,6.0189475010096185,6.0189475010096185,,,stable
BOJ,the Kagoshima Keizai Doyukai),2026-05-14,DOC_80A6121EA880,0.0,0.0,0.0,,,stable
BOJ,the Kanagawa Keizai Doyukai),2026-02-13,DOC_088EB8FD782D,0.0,0.0,0.0,,,stable
ECB,A Mediterranean Odyssey,2023-09-21,DOC_ACA4FE824699,0.0,0.0,0.0,,,stable
ECB,A new global map,2022-04-22,DOC_93A723AE72E7,0.0,0.0,0.0,,,stable
ECB,Acceptance speech by Christine Lagarde,2026-02-20,DOC_4BBBB6FB304A,0.0,0.0,0.0,,,stable
ECB,All the way to zero,2021-04-29,DOC_D2956A095C5B,0.0,0.0,0.0,,,stable
ECB,Asset purchases,2021-09-20,DOC_AC61455E7440,0.0,0.0,0.0,,,stable
ECB,At the edge of tomorrow,2021-05-19,DOC_535897F7F3B4,0.0,0.0,0.0,,,stable
ECB,Bank resilience in challenging times,2026-01-28,DOC_D6D985B5C328,0.0,0.0,0.0,,,stable
ECB,Banking Union and Capital Markets Union,2023-06-07,DOC_A329631447F7,0.0,0.0,0.0,,,stable
ECB,Beyond hysteresis,2025-08-23,DOC_50096840A8A7,0.0,0.0,0.0,,,stable
ECB,Boosting prosperity through deeper integration,2026-05-12,DOC_DEA94B5E151E,0.0,0.0,0.0,,,stable
ECB,"Boris Vujčić, Vice",2026-06-02,DOC_C1B7B4557A08,0.0,0.0,0.0,,,stable
ECB,Bridging the gap,2024-10-02,DOC_0D8E062D9BE5,0.0,0.0,0.0,,,stable
ECB,Building European autonomy,2025-09-01,DOC_79FB41C5E8D9,0.0,0.0,0.0,,,stable
ECB,Building on our strengths,2022-09-29,DOC_4B0395CA1C7C,0.0,0.0,0.0,,,stable
ECB,Bulgaria on the euro’s doorstep,2025-11-04,DOC_AD0E0A46CE31,0.0,0.0,0.0,,,stable
ECB,Central bank digital currencies,2021-11-05,DOC_DAD4EE55CAFB,0.0,0.0,0.0,,,stable
ECB,Central bank liquidity,2023-11-09,DOC_A463B852DC5B,0.0,0.0,0.0,,,stable
ECB,Central clearing in turbulent times,2023-06-22,DOC_93FFC6572217,0.0,0.0,0.0,,,stable
ECB,Christine Lagarde,2021-02-22,DOC_F88933276646,0.0,0.0,0.0,,,stable
ECB,Christine Lagarde,2022-01-11,DOC_07EABA2F7A95,0.0,0.0,0.0,,,stable
ECB,Christine Lagarde,2022-03-30,DOC_83F67877DF02,0.0,0.0,0.0,0.0,0.0,stable
ECB,Christine Lagarde,2023-08-25,DOC_93C56953BE8C,0.0,0.0,0.0,,,stable
ECB,Christine Lagarde,2024-03-20,DOC_E5CE97733298,-1.4,-1.4,-1.4,,,stable
ECB,Christine Lagarde,2024-12-16,DOC_9CBBD85D8FF9,-2.2189475010096187,-2.2189475010096187,-2.2189475010096187,,,stable
ECB,Christine Lagarde,2025-03-12,DOC_B1B8D5D1D788,1.4,-0.4094737505048094,1.4,-2.2189475010096187,3.6189475010096186,hawkish shift
ECB,Christine Lagarde,2025-06-19,DOC_22B8CA690E31,1.6,1.6,1.6,,,stable
ECB,Christine Lagarde,2025-06-30,DOC_608AA35DFA36,-1.4,0.10000000000000009,0.10000000000000009,,,stable
ECB,Christine Lagarde,2025-11-22,DOC_983DEE5A1003,-1.4,-1.4,-1.4,,,stable
ECB,Christine Lagarde recently highlighted.,2022-11-15,DOC_9FF20FD82879,-1.4,-1.4,-1.4,,,stable
ECB,"Christine Lagarde, Luis de Guindos",2021-01-21,DOC_703E3243D8CF,-1.4,-1.4,-1.4,,,stable
ECB,"Christine Lagarde, Luis de Guindos",2021-03-11,DOC_C73C73EEB630,0.40000000000000013,-0.4999999999999999,0.40000000000000013,-1.4,1.8,hawkish shift
ECB,"Christine Lagarde, Luis de Guindos",2021-04-22,DOC_BEA24D1525A8,0.6000000000000001,0.5000000000000001,0.6000000000000001,0.40000000000000013,0.19999999999999996,stable
ECB,"Christine Lagarde, Luis de Guindos",2021-06-10,DOC_BCCFB8557434,1.6,1.1,1.6,0.6000000000000001,1.0,hawkish shift
ECB,"Christine Lagarde, Luis de Guindos",2021-07-22,DOC_0A0800031A2F,0.0,0.8,0.0,1.6,-1.6,dovish shift
ECB,"Christine Lagarde, Luis de Guindos",2021-09-09,DOC_4F7EDC99375B,-2.2189475010096187,-1.1094737505048093,-2.2189475010096187,0.0,-2.2189475010096187,dovish shift
ECB,"Christine Lagarde, Luis de Guindos",2021-10-28,DOC_3EFB23E47A68,0.0,-1.1094737505048093,0.0,-2.2189475010096187,2.2189475010096187,hawkish shift
ECB,"Christine Lagarde, Luis de Guindos",2021-12-16,DOC_7A2C6D323725,-1.2,-0.6,-1.2,0.0,-1.2,dovish shift
ECB,"Christine Lagarde, Luis de Guindos",2022-02-03,DOC_B60D1CE903F2,-2.8,-2.0,-2.8,-1.2,-1.5999999999999999,dovish shift
ECB,"Christine Lagarde, Luis de Guindos",2022-03-10,DOC_82FBF729D815,-3.9302968908806455,-2.6434322969602153,-3.9302968908806455,-2.0,-1.9302968908806455,dovish shift
ECB,"Christine Lagarde, Luis de Guindos",2022-04-14,DOC_EE91A4C9053A,-0.3999999999999999,-2.3767656302935483,-0.3999999999999999,-3.3651484454403224,2.9651484454403225,hawkish shift
ECB,"Christine Lagarde, Luis de Guindos",2022-06-09,DOC_7B6E3436FCAC,1.1810524989903817,0.3905262494951909,1.1810524989903817,-0.3999999999999999,1.5810524989903816,hawkish shift
ECB,"Christine Lagarde, Luis de Guindos",2022-07-21,DOC_967D1CFFDADF,-1.450699332842307,-0.13482341692596267,-1.450699332842307,1.1810524989903817,-2.6317518318326885,dovish shift
ECB,"Christine Lagarde, Luis de Guindos",2022-09-08,DOC_A500CB6BAB5D,-4.650699332842307,-3.050699332842307,-4.650699332842307,-1.450699332842307,-3.2,dovish shift
ECB,"Christine Lagarde, Luis de Guindos",2022-10-27,DOC_2BFA85E21A9A,-1.3999999999999995,-3.025349666421153,-1.3999999999999995,-4.650699332842307,3.2506993328423075,hawkish shift
ECB,"Christine Lagarde, Luis de Guindos",2022-12-15,DOC_CDE5355AD170,-4.199999999999999,-2.7999999999999994,-4.199999999999999,-1.3999999999999995,-2.8,dovish shift
ECB,"Christine Lagarde, Luis de Guindos",2023-02-02,DOC_A6685714D96C,-3.9302968908806455,-4.065148445440323,-3.9302968908806455,-4.199999999999999,0.2697031091193538,stable
ECB,"Christine Lagarde, Luis de Guindos",2023-03-16,DOC_8FE49ECA0884,-4.250699332842307,-4.090498111861476,-4.250699332842307,-3.9302968908806455,-0.3204024419616611,stable
ECB,"Christine Lagarde, Luis de Guindos",2023-05-04,DOC_148B8D3D6765,-0.650699332842307,-2.4506993328423063,-0.650699332842307,-4.250699332842307,3.5999999999999996,hawkish shift
ECB,"Christine Lagarde, Luis de Guindos",2023-06-15,DOC_9C8FBE273A12,-1.347067498701918,-0.9988834157721125,-1.347067498701918,-0.650699332842307,-0.696368165859611,stable
ECB,"Christine Lagarde, Luis de Guindos",2023-07-27,DOC_6CDED0AD0E89,-1.2189475010096187,-1.0722381108512813,-1.2189475010096187,-0.9988834157721125,-0.2200640852375062,stable
ECB,"Christine Lagarde, Luis de Guindos",2023-09-14,DOC_1FB7F796C61F,-1.818947501009618,-1.5189475010096185,-1.818947501009618,-1.2189475010096187,-0.5999999999999994,stable
ECB,"Christine Lagarde, Luis de Guindos",2023-10-26,DOC_1DD4767FE5A8,-2.3999999999999995,-2.109473750504809,-2.3999999999999995,-1.818947501009618,-0.5810524989903814,stable
ECB,"Christine Lagarde, Luis de Guindos",2023-12-14,DOC_4BDC8A4DE9B9,-1.818947501009618,-2.109473750504809,-1.818947501009618,-2.3999999999999995,0.5810524989903814,stable
ECB,"Christine Lagarde, Luis de Guindos",2024-01-25,DOC_89CD608B6AA7,-3.8,-2.809473750504809,-3.8,-1.818947501009618,-1.9810524989903817,dovish shift
ECB,"Christine Lagarde, Luis de Guindos",2024-03-07,DOC_F20B2AFCD75A,-0.418947501009618,-2.0126316673397455,-0.418947501009618,-2.809473750504809,2.390526249495191,hawkish shift
ECB,"Christine Lagarde, Luis de Guindos",2024-04-11,DOC_A810E65D8FA6,-2.3999999999999995,-2.2063158336698723,-2.3999999999999995,-2.109473750504809,-0.29052624949519057,stable
ECB,"Christine Lagarde, Luis de Guindos",2024-06-06,DOC_9972FA36851A,-2.3999999999999995,-2.3999999999999995,-2.3999999999999995,-2.3999999999999995,0.0,stable
ECB,"Christine Lagarde, Luis de Guindos",2024-07-18,DOC_6299A05835D7,-0.9999999999999998,-1.6999999999999997,-0.9999999999999998,-2.3999999999999995,1.3999999999999997,hawkish shift
ECB,"Christine Lagarde, Luis de Guindos",2024-09-12,DOC_762092E0AA5B,-1.818947501009618,-1.409473750504809,-1.818947501009618,-0.9999999999999998,-0.8189475010096183,stable
ECB,"Christine Lagarde, Luis de Guindos",2024-10-17,DOC_0FF9BD1A346C,-2.6378950020192375,-2.228421251514428,-2.6378950020192375,-1.818947501009618,-0.8189475010096194,stable
ECB,"Christine Lagarde, Luis de Guindos",2024-12-12,DOC_3B0AD99FE401,-3.0189475010096185,-2.828421251514428,-3.0189475010096185,-2.6378950020192375,-0.38105249899038096,stable
ECB,"Christine Lagarde, Luis de Guindos",2025-01-30,DOC_C4E3EE6CDEFF,-0.41894750100961864,-1.7189475010096187,-0.41894750100961864,-3.0189475010096185,2.5999999999999996,hawkish shift
ECB,"Christine Lagarde, Luis de Guindos",2025-03-06,DOC_7E18226B03A7,-0.3682481681673111,-1.2687143900621827,-0.3682481681673111,-1.7189475010096187,1.3506993328423076,hawkish shift
ECB,"Christine Lagarde, Luis de Guindos",2025-04-17,DOC_F9AD1FCA6B84,-6.869646833851926,-2.5522808343429517,-6.869646833851926,-0.39359783458846487,-6.476048999263461,dovish shift
ECB,"Christine Lagarde, Luis de Guindos",2025-06-05,DOC_0B3B358636B2,-2.2189475010096187,-4.544297167430772,-2.2189475010096187,-6.869646833851926,4.650699332842307,hawkish shift
ECB,"Christine Lagarde, Luis de Guindos",2025-07-24,DOC_1E72361C2490,-2.8,-2.5094737505048093,-2.8,-2.2189475010096187,-0.5810524989903811,stable
ECB,"Christine Lagarde, Luis de Guindos",2025-09-11,DOC_604D8386FAC8,-5.330296890880645,-4.065148445440323,-5.330296890880645,-2.8,-2.5302968908806456,dovish shift
ECB,"Christine Lagarde, Luis de Guindos",2025-10-30,DOC_04361559403B,-6.656842503028857,-5.993569696954751,-6.656842503028857,-5.330296890880645,-1.3265456121482115,dovish shift
ECB,"Christine Lagarde, Luis de Guindos",2025-12-18,DOC_E8671B45A3C3,-2.8,-4.728421251514428,-2.8,-6.656842503028857,3.856842503028857,hawkish shift
ECB,"Christine Lagarde, Luis de Guindos",2026-02-05,DOC_95A6AF56EA39,-4.199999999999999,-3.4999999999999996,-4.199999999999999,-2.8,-1.3999999999999995,dovish shift
ECB,"Christine Lagarde, Luis de Guindos",2026-03-19,DOC_EB0559A1465E,-6.218947501009618,-5.2094737505048085,-6.218947501009618,-4.199999999999999,-2.0189475010096185,dovish shift
ECB,"Christine Lagarde, Luis de Guindos",2026-04-30,DOC_AB0925C088A1,-1.584962500721156,-4.001303333910258,-1.584962500721156,-5.2094737505048085,3.6245112497836525,hawkish shift
ECB,Climate Change and Central Banks,2021-07-11,DOC_B4524FBE158C,0.0,0.0,0.0,,,stable
ECB,Closing gaps to bend the trend,2023-05-05,DOC_5D5E2D8AAD6D,0.0,0.0,0.0,,,stable
ECB,Cutting through the noise,2025-09-03,DOC_A27C4FC23B9F,0.0,0.0,0.0,,,stable
ECB,Delivering on the Glasgow Declaration,2022-11-09,DOC_7370A03C492E,0.0,0.0,0.0,,,stable
ECB,Digital euro,2022-11-07,DOC_69A50346903D,0.0,0.0,0.0,,,stable
ECB,Digital euro,2025-09-29,DOC_04179BF63A26,0.0,0.0,0.0,,,stable
ECB,Dinner remarks by Philip R. Lane,2026-05-13,DOC_D33079FE89E4,-1.4,-1.4,-1.4,,,stable
ECB,Dinner speech by Philip R. Lane,2023-09-22,DOC_881B9C689EF5,0.40000000000000013,0.40000000000000013,0.40000000000000013,,,stable
ECB,Disinflation and the Phillips curve,2023-08-31,DOC_393E79876EA0,0.9493006671576931,0.9493006671576931,0.9493006671576931,,,stable
ECB,Disinflation in the euro area,2024-04-15,DOC_E45A36F18E8D,-1.4,-1.4,-1.4,,,stable
ECB,Drawing a common map,2025-06-11,DOC_28F798DFB1A7,0.0,0.0,0.0,,,stable
ECB,EU banking package,2023-06-09,DOC_A2C3211A64A3,0.0,0.0,0.0,,,stable
ECB,Earning influence,2025-05-26,DOC_556BDFB434DF,0.0,0.0,0.0,,,stable
ECB,Empowering Europe,2025-04-08,DOC_B8CCBF74ACCB,0.0,0.0,0.0,,,stable
ECB,Euro area current policy challenges,2022-09-15,DOC_15D4A369493E,-0.9999999999999996,-0.9999999999999996,-0.9999999999999996,,,stable
ECB,Euro area international financial flows,2024-02-12,DOC_EC536E8DCC8F,0.0,0.0,0.0,,,stable
ECB,Europe,2025-06-18,DOC_02C0EEFBA90B,0.0,0.0,0.0,,,stable
ECB,Europe as a common shield,2022-07-01,DOC_EBAC3DB9139E,0.0,0.0,0.0,,,stable
ECB,Europe’s tragedy of the horizon,2024-05-26,DOC_660DD4179605,0.0,0.0,0.0,,,stable
ECB,Fabio Panetta,2021-03-03,DOC_D41968469462,0.0,0.0,0.0,,,stable
ECB,Fabio Panetta,2021-09-30,DOC_F202449FCAE4,1.4,1.4,1.4,,,stable
ECB,Fabio Panetta,2022-03-22,DOC_288C5EC3F803,0.0,0.0,0.0,,,stable
ECB,Fabio Panetta,2022-05-25,DOC_E7693596BF7D,0.0,0.0,0.0,0.0,0.0,stable
ECB,Fabio Panetta,2022-06-01,DOC_40B18BCD9384,0.0,0.0,0.0,0.0,0.0,stable
ECB,Fabio Panetta,2022-06-16,DOC_72EB395D2A8A,0.0,0.0,0.0,0.0,0.0,stable
ECB,Fabio Panetta,2022-09-26,DOC_8D64FE62831C,0.0,0.0,0.0,,,stable
ECB,Fabio Panetta,2023-02-16,DOC_4CA28F782CE5,-4.199999999999999,-4.199999999999999,-4.199999999999999,,,stable
ECB,Finding the right mix,2022-11-24,DOC_9E3EA2B14BCD,-2.8,-2.8,-2.8,,,stable
ECB,Finding the right sequence,2022-02-24,DOC_6E7CF0EA3EB0,-0.41894750100961864,-0.41894750100961864,-0.41894750100961864,,,stable
ECB,Follow the money,2024-11-22,DOC_A661894DEA58,0.0,0.0,0.0,,,stable
ECB,For a few cryptos more,2022-04-25,DOC_BBA004316EC0,0.0,0.0,0.0,,,stable
ECB,Forests and finance,2021-11-04,DOC_FFB9F00F626E,0.0,0.0,0.0,,,stable
ECB,Frank Elderson,2021-09-23,DOC_27F291B7E0BF,0.0,0.0,0.0,,,stable
ECB,Frank Elderson,2021-10-19,DOC_6FAA5D4E180C,0.0,0.0,0.0,,,stable
ECB,Frank Elderson,2021-11-25,DOC_22EA1A985520,0.0,0.0,0.0,0.0,0.0,stable
ECB,Frank Elderson,2022-02-18,DOC_B6BD5961282B,0.0,0.0,0.0,0.0,0.0,stable
ECB,Frank Elderson,2023-11-22,DOC_92145F4935CA,0.0,0.0,0.0,,,stable
ECB,Frank Elderson,2025-07-04,DOC_D357179CDEC5,0.0,0.0,0.0,,,stable
ECB,Frank Elderson,2025-10-01,DOC_25E228383FA6,2.0,1.0,2.0,0.0,2.0,hawkish shift
ECB,Frank Elderson,2026-03-09,DOC_DA14E929B4FA,0.0,0.0,0.0,,,stable
ECB,From concept to delivery,2025-02-12,DOC_EE2D81B3DA75,0.0,0.0,0.0,,,stable
ECB,From crisis to collective strength,2025-10-15,DOC_F6105965C031,0.0,0.0,0.0,,,stable
ECB,From dependency to autonomy,2024-09-23,DOC_166E735F103F,0.0,0.0,0.0,,,stable
ECB,From money market funds to stablecoins,2026-06-01,DOC_9C2ACBD02327,0.0,0.0,0.0,,,stable
ECB,From resilience to strength,2025-11-21,DOC_54DC7F204085,0.0,0.0,0.0,,,stable
ECB,Full disclosure,2022-03-14,DOC_3D73FCE8F553,0.0,0.0,0.0,,,stable
ECB,Globalisation after the pandemic,2021-10-16,DOC_901CD5C9034D,0.0,0.0,0.0,,,stable
ECB,"Good, bad and hopeful news",2022-06-22,DOC_8766F5B2C88F,0.0,0.0,0.0,,,stable
ECB,Guest lecture by Philip R. Lane,2024-05-02,DOC_A739B284FFFA,-1.2189475010096182,-1.2189475010096182,-1.2189475010096182,,,stable
ECB,Harnessing the digital future of payments,2025-05-15,DOC_AE34C4DBB6EA,0.0,0.0,0.0,,,stable
ECB,Inflation deviations and monetary policy,2025-12-03,DOC_594D7DBB034F,-2.2189475010096187,-2.2189475010096187,-2.2189475010096187,,,stable
ECB,"Innovation, integration and independence",2024-04-24,DOC_CA207F243D28,0.0,0.0,0.0,,,stable
ECB,Introductory remarks by Christine Lagarde,2026-05-05,DOC_85FD9207B9AE,0.0,0.0,0.0,,,stable
ECB,Introductory remarks by Fabio Panetta,2021-11-18,DOC_31F2AC4DF37C,0.0,0.0,0.0,,,stable
ECB,Introductory statement by Christine Lagarde,2021-02-08,DOC_1CE0171F7CFC,1.4,1.4,1.4,,,stable
ECB,Introductory statement by Christine Lagarde,2021-03-18,DOC_E354C92ED449,-1.4,0.0,-1.4,1.4,-2.8,dovish shift
ECB,Introductory statement by Christine Lagarde,2021-06-21,DOC_3B31C102B92F,1.4,1.4,1.4,,,stable
ECB,Introductory statement by Christine Lagarde,2021-11-15,DOC_88ECE9099362,0.0,0.0,0.0,,,stable
ECB,Introductory statement by Christine Lagarde,2022-02-07,DOC_7BDC9AA80F63,0.20000000000000018,0.10000000000000009,0.20000000000000018,0.0,0.20000000000000018,stable
ECB,Introductory statement by Fabio Panetta,2022-06-15,DOC_1088AF553886,0.0,0.0,0.0,,,stable
ECB,Investing in Europe’s future,2022-11-11,DOC_FAC6CAA094C1,0.0,0.0,0.0,,,stable
ECB,Investing in tomorrow,2023-09-20,DOC_DFA921372985,3.0,3.0,3.0,,,stable
ECB,Isabel Schnabel,2021-02-26,DOC_68F9E4F9833F,0.0,0.0,0.0,,,stable
ECB,Isabel Schnabel,2022-01-08,DOC_677C0C27C686,0.0,0.0,0.0,,,stable
ECB,Isabel Schnabel,2022-06-14,DOC_9332B6958054,0.0,0.0,0.0,,,stable
ECB,Isabel Schnabel,2022-08-27,DOC_E6969138D41A,0.0,0.0,0.0,0.0,0.0,stable
ECB,Isabel Schnabel,2023-09-05,DOC_F9B9AA277443,0.0,0.0,0.0,,,stable
ECB,Isabel Schnabel,2024-05-28,DOC_BFEA6549CA06,-1.4,-1.4,-1.4,,,stable
ECB,Keynote address by Philip R. Lane,2023-04-19,DOC_43E3A568BAF9,0.0,0.0,0.0,,,stable
ECB,Keynote speech by Christine Lagarde,2021-01-25,DOC_140C243ECBBD,0.0,0.0,0.0,,,stable
ECB,Keynote speech by Fabio Panetta,2021-06-15,DOC_8045648136E1,0.0,0.0,0.0,,,stable
ECB,Keynote speech by Frank Elderson,2024-04-12,DOC_F4A9D48EE304,0.0,0.0,0.0,,,stable
ECB,Keynote speech by Frank Elderson,2025-03-19,DOC_27D026694015,0.5810524989903811,0.5810524989903811,0.5810524989903811,,,stable
ECB,Keynote speech by Frank Elderson,2025-05-22,DOC_090BA6CD39FA,0.0,0.29052624949519057,0.0,0.5810524989903811,-0.5810524989903811,stable
ECB,Keynote speech by Frank Elderson,2025-06-09,DOC_B6C1B31B35DD,0.0,0.19368416633012706,0.0,0.5810524989903811,-0.5810524989903811,stable
ECB,Keynote speech by Isabel Schnabel,2025-02-25,DOC_EC09F3A4E707,1.8,1.8,1.8,,,stable
ECB,Keynote speech by Philip R. Lane,2022-04-27,DOC_575229AEAB0D,0.0,0.0,0.0,,,stable
ECB,Keynote speech by Philip R. Lane,2024-11-25,DOC_5BF4EDD83904,-3.6696468338519255,-3.6696468338519255,-3.6696468338519255,,,stable
ECB,Keynote speech by Philip R. Lane,2025-10-06,DOC_351E447CBD78,-3.618947501009619,-3.618947501009619,-3.618947501009619,,,stable
ECB,Keynote speech by Philip R. Lane,2026-01-09,DOC_E34178AB1F21,0.0,0.0,0.0,,,stable
ECB,Keynote speech by Philip R. Lane,2026-05-22,DOC_08AC1A690C4B,0.0,0.0,0.0,,,stable
ECB,Keynote speech by Piero Cipollone,2024-10-07,DOC_4A24E477D0CD,2.0,2.0,2.0,,,stable
ECB,Laudatory speech by Christine Lagarde,2023-05-16,DOC_8159CDEF6CA1,0.0,0.0,0.0,,,stable
ECB,Learning from Lisbon,2021-11-03,DOC_3E05C7104716,0.0,0.0,0.0,,,stable
ECB,Lecture by Fabio Panetta,2021-12-10,DOC_BD864E3F64CE,0.0,0.0,0.0,,,stable
ECB,Lecture by Philip R. Lane,2023-03-06,DOC_DF7943646E71,-1.4,-1.4,-1.4,,,stable
ECB,Lessons from an unusual crisis,2021-10-01,DOC_A0D3078A11C6,0.0,0.0,0.0,,,stable
ECB,"Luis de Guindos, Vice",2021-04-14,DOC_8DEB7EBD47CE,-1.4,-1.4,-1.4,,,stable
ECB,"Luis de Guindos, Vice",2021-05-27,DOC_E7D4F56BEF7D,0.0,-0.7,0.0,-1.4,1.4,hawkish shift
ECB,"Luis de Guindos, Vice",2021-11-22,DOC_3B92FBD07C07,0.0,0.0,0.0,,,stable
ECB,"Luis de Guindos, Vice",2022-02-10,DOC_741945F96AEF,0.0,0.0,0.0,0.0,0.0,stable
ECB,"Luis de Guindos, Vice",2022-04-06,DOC_13FD7C4CD85C,0.0,0.0,0.0,0.0,0.0,stable
ECB,"Luis de Guindos, Vice",2022-04-28,DOC_576D84CB7EF9,-1.4,-0.4666666666666666,-0.7,0.0,-0.7,stable
ECB,"Luis de Guindos, Vice",2022-07-04,DOC_8F383A88C67A,0.0,-0.4666666666666666,0.0,-0.7,0.7,stable
ECB,"Luis de Guindos, Vice",2022-11-04,DOC_9B6544B11891,-1.4,-1.4,-1.4,,,stable
ECB,"Luis de Guindos, Vice",2023-04-01,DOC_C1A8BA29CBEC,1.4529325012980814,1.4529325012980814,1.4529325012980814,,,stable
ECB,"Luis de Guindos, Vice",2023-05-25,DOC_8B5F4EFDD463,1.2000000000000002,1.3264662506490408,1.2000000000000002,1.4529325012980814,-0.2529325012980812,stable
ECB,"Luis de Guindos, Vice",2023-06-20,DOC_89893B40EC2F,0.0,0.8843108337660271,0.6000000000000001,1.4529325012980814,-0.8529325012980813,stable
ECB,"Luis de Guindos, Vice",2023-07-07,DOC_87CEFA316A5E,-2.2189475010096187,-0.3396491670032062,-1.1094737505048093,1.2000000000000002,-2.3094737505048095,dovish shift
ECB,"Luis de Guindos, Vice",2023-10-30,DOC_5E90F9E5B5B4,-1.4,-1.4,-1.4,,,stable
ECB,"Luis de Guindos, Vice",2023-11-13,DOC_3CD98624DB8A,-1.2189475010096187,-1.3094737505048093,-1.3094737505048093,,,stable
ECB,"Luis de Guindos, Vice",2024-01-10,DOC_AF1A2DB412E0,-1.4,-1.3396491670032062,-1.4,-1.3094737505048093,-0.09052624949519061,stable
ECB,"Luis de Guindos, Vice",2024-04-18,DOC_0C519BF25C43,-1.4,-1.4,-1.4,,,stable
ECB,"Luis de Guindos, Vice",2024-04-29,DOC_8B5988C52C88,-1.4,-1.4,-1.4,,,stable
ECB,"Luis de Guindos, Vice",2024-06-18,DOC_20D8290EDBD3,0.0,-0.9333333333333332,0.0,-1.4,1.4,hawkish shift
ECB,"Luis de Guindos, Vice",2024-10-28,DOC_C9D592802EEE,-1.4,-1.4,-1.4,,,stable
ECB,"Luis de Guindos, Vice",2024-11-18,DOC_5258B5BA852C,0.0,-0.7,-0.7,,,stable
ECB,"Luis de Guindos, Vice",2025-01-15,DOC_0FDA22554A10,-1.4,-0.9333333333333332,-1.4,-0.7,-0.7,stable
ECB,"Luis de Guindos, Vice",2025-04-03,DOC_F76D045B5B88,0.0,-0.7,0.0,-1.4,1.4,hawkish shift
ECB,"Luis de Guindos, Vice",2025-04-28,DOC_05EDDD67C89C,-1.4,-0.7,-0.7,,,stable
ECB,"Luis de Guindos, Vice",2025-11-17,DOC_7A333B02F8CD,0.0,0.0,0.0,,,stable
ECB,"Luis de Guindos, Vice",2026-01-14,DOC_85457190A714,-1.4,-0.7,-1.4,0.0,-1.4,dovish shift
ECB,"Luis de Guindos, Vice",2026-05-07,DOC_47F6E0DD7452,0.0,0.0,0.0,,,stable
ECB,Macroprudential policy and research,2023-10-17,DOC_6F4F5C2607EF,0.0,0.0,0.0,,,stable
ECB,Macroprudential policy in Europe,2022-12-08,DOC_1A8558F19918,0.0,0.0,0.0,,,stable
ECB,Making finance fit for Paris,2023-11-14,DOC_2ECCEDB1ADD2,0.0,0.0,0.0,,,stable
ECB,Making supervision simpler,2025-10-27,DOC_79BDE631B3EE,0.0,0.0,0.0,,,stable
ECB,Managing policy trade-offs,2022-04-02,DOC_623940F0B705,0.0,0.0,0.0,,,stable
ECB,Mind the gap(s),2021-03-02,DOC_CA3047521E70,-0.6189475010096186,-0.6189475010096186,-0.6189475010096186,,,stable
ECB,Mind the step,2022-11-03,DOC_113FA2EDB6FD,0.18105249899038167,0.18105249899038167,0.18105249899038167,,,stable
ECB,Modernising finance,2024-02-09,DOC_03E84524D372,0.0,0.0,0.0,,,stable
ECB,Monetary policy,2025-06-24,DOC_BA04EC69A656,-1.4,-1.4,-1.4,,,stable
ECB,Monetary policy and financial stability,2025-10-03,DOC_DCB8DC6C9303,3.0,3.0,3.0,,,stable
ECB,Monetary policy during the pandemic,2022-03-31,DOC_EA9682B87C8F,-0.6189475010096186,-0.6189475010096186,-0.6189475010096186,,,stable
ECB,Monetary policy in an unusual cycle,2024-07-01,DOC_F37BE847F895,0.0,0.0,0.0,,,stable
ECB,Monetary policy in the euro area,2022-08-29,DOC_C106E75A1FED,-0.9999999999999998,-0.9999999999999998,-0.9999999999999998,,,stable
ECB,Monetary policy in the euro area,2023-11-21,DOC_5E1390656167,0.0,0.0,0.0,,,stable
ECB,Monetary sovereignty in the digital age,2024-09-27,DOC_34C9D2CF5993,0.0,0.0,0.0,,,stable
ECB,More than an intellectual game,2022-04-08,DOC_4719AEE908B2,0.0,0.0,0.0,,,stable
ECB,Moving from 3.75 to 3.50,2024-09-16,DOC_91702E6F67DA,-2.8,-2.8,-2.8,,,stable
ECB,Nature-related risk,2024-09-06,DOC_888BC63DC5B0,1.4,1.4,1.4,,,stable
ECB,Navigating a fractured horizon,2025-04-29,DOC_7B4762D59501,0.0,0.0,0.0,,,stable
ECB,Navigating energy shocks,2026-03-25,DOC_3B72E5BB531C,0.0,0.0,0.0,,,stable
ECB,Navigating turbulence,2026-03-26,DOC_626D74193A05,-3.6189475010096186,-3.6189475010096186,-3.6189475010096186,,,stable
ECB,One step ahead,2024-01-17,DOC_7AB994043080,0.0,0.0,0.0,,,stable
ECB,Opening remarks by Christine Lagarde,2023-05-24,DOC_74237E4567F6,0.0,0.0,0.0,,,stable
ECB,Opening remarks by Philip R. Lane,2022-09-14,DOC_33723A77D291,2.0000000000000004,2.0000000000000004,2.0000000000000004,,,stable
ECB,Overcoming the tragedy of the horizon,2021-10-20,DOC_6DAFEE7C58A1,0.0,0.0,0.0,,,stable
ECB,Panel intervention by Philip R. Lane,2021-11-12,DOC_C819A515346D,0.0,0.0,0.0,,,stable
ECB,Patchy data is a good start,2021-06-16,DOC_65B4F16A0758,0.0,0.0,0.0,,,stable
ECB,Philip R. Lane,2022-03-02,DOC_415F78DE9EEF,-1.4,-1.4,-1.4,,,stable
ECB,Philip R. Lane,2023-07-12,DOC_7BB3737026C5,-2.8,-2.8,-2.8,,,stable
ECB,Philip R. Lane,2024-02-08,DOC_1B238F0A35F4,-1.4,-1.4,-1.4,,,stable
ECB,Philip R. Lane,2024-11-28,DOC_4ECFE26B2E01,0.0,0.0,0.0,,,stable
ECB,Philip R. Lane,2026-04-22,DOC_05E8319AE34F,0.0,0.0,0.0,,,stable
ECB,Piero Cipollone,2024-11-21,DOC_311A88492566,0.0,0.0,0.0,,,stable
ECB,Piero Cipollone,2025-06-27,DOC_469AA54C3AAD,0.0,0.0,0.0,,,stable
ECB,Piero Cipollone,2025-09-26,DOC_51AD2FAEBB8B,0.0,0.0,0.0,,,stable
ECB,Piero Cipollone,2026-03-23,DOC_55C65AD1D055,0.0,0.0,0.0,,,stable
ECB,Piero Cipollone,2026-05-04,DOC_A42F9AE85A21,0.0,0.0,0.0,0.0,0.0,stable
ECB,Preparing for geoeconomic fragmentation,2026-02-14,DOC_3327B7C64428,0.0,0.0,0.0,,,stable
ECB,Proportioning policy action to the evidence,2022-03-24,DOC_F455414EB4A9,0.0,0.0,0.0,,,stable
ECB,Prospects for inflation,2021-10-07,DOC_1EC7A822435B,0.0,0.0,0.0,,,stable
ECB,Prudential pathways to Paris,2022-02-23,DOC_2ADFFE459666,0.0,0.0,0.0,,,stable
ECB,Public lecture by Piero Cipollone,2026-04-01,DOC_3CA4D7F40448,0.0,0.0,0.0,,,stable
ECB,Public money for the digital era,2022-05-16,DOC_0AE6D471E1A4,0.0,0.0,0.0,,,stable
ECB,Quantitative tightening,2023-03-02,DOC_13B978F172F2,0.0,0.0,0.0,,,stable
ECB,Remarks by Christine Lagarde,2023-06-16,DOC_ACF965044269,-1.4,-1.4,-1.4,,,stable
ECB,Remarks by Philip R. Lane,2025-07-09,DOC_58DDF20043AC,-1.4,-1.4,-1.4,,,stable
ECB,Remarks by Philip R. Lane,2025-10-23,DOC_EF1E6023A364,0.0,0.0,0.0,,,stable
ECB,Resilient banks through effective supervision,2025-11-14,DOC_61F884E9E140,1.4,1.4,1.4,,,stable
ECB,Setbacks and strides forward,2024-09-20,DOC_A417D2436BC7,-1.4,-1.4,-1.4,,,stable
ECB,Shaping Europe’s digital future,2023-09-04,DOC_2BAD5C2404B1,0.0,0.0,0.0,,,stable
ECB,Shifting payment landscape,2025-07-10,DOC_D15CE9372F87,0.0,0.0,0.0,,,stable
ECB,Small steps in a dark room,2022-02-28,DOC_3BA31DB5929D,-1.4,-1.4,-1.4,,,stable
ECB,Some like it hotter,2024-11-15,DOC_39ED3C7389AB,0.0,0.0,0.0,,,stable
ECB,Sparking the transformation of finance,2026-04-15,DOC_344CD1A04103,0.0,0.0,0.0,,,stable
ECB,Speech by Christine Lagarde,2021-05-06,DOC_FD7329C40035,0.0,0.0,0.0,,,stable
ECB,Speech by Christine Lagarde,2021-06-02,DOC_22EE47486154,0.0,0.0,0.0,,,stable
ECB,Speech by Christine Lagarde,2021-06-29,DOC_08BC278AA3B6,0.0,0.0,0.0,0.0,0.0,stable
ECB,Speech by Christine Lagarde,2021-09-28,DOC_44E968D14327,0.0,0.0,0.0,,,stable
ECB,Speech by Christine Lagarde,2021-10-05,DOC_A2EE0D7AED26,0.0,0.0,0.0,,,stable
ECB,Speech by Christine Lagarde,2021-10-12,DOC_801080C01CCC,0.0,0.0,0.0,,,stable
ECB,Speech by Christine Lagarde,2022-02-14,DOC_F0FEDB2B5B70,0.0,0.0,0.0,,,stable
ECB,Speech by Christine Lagarde,2022-03-17,DOC_5AB5D5935F69,-2.2189475010096187,-1.1094737505048093,-2.2189475010096187,0.0,-2.2189475010096187,dovish shift
ECB,Speech by Christine Lagarde,2022-05-11,DOC_92F57BFA96E3,0.0,-0.7396491670032063,0.0,-1.1094737505048093,1.1094737505048093,hawkish shift
ECB,Speech by Christine Lagarde,2022-06-20,DOC_7F5F9EF2A9E0,0.0,0.0,0.0,0.0,0.0,stable
ECB,Speech by Christine Lagarde,2022-06-28,DOC_81A62CEF84E4,0.20000000000000018,0.06666666666666672,0.10000000000000009,0.0,0.10000000000000009,stable
ECB,Speech by Christine Lagarde,2022-11-18,DOC_A93CB5443DC3,0.0,0.0,0.0,,,stable
ECB,Speech by Christine Lagarde,2022-11-28,DOC_AC9BEC0C5399,-1.4,-0.7,-0.7,,,stable
ECB,Speech by Christine Lagarde,2023-02-15,DOC_043DBB0FE9BC,0.0,-0.4666666666666666,0.0,-0.7,0.7,stable
ECB,Speech by Christine Lagarde,2023-03-20,DOC_037140BE58B4,-1.4,-0.7,-1.4,0.0,-1.4,dovish shift
ECB,Speech by Christine Lagarde,2023-03-22,DOC_699851DD7B10,-4.199999999999999,-1.8666666666666665,-2.8,0.0,-2.8,dovish shift
ECB,Speech by Christine Lagarde,2023-04-17,DOC_BE9D3959451A,0.0,-1.4,-1.8666666666666665,0.0,-1.8666666666666665,dovish shift
ECB,Speech by Christine Lagarde,2023-06-01,DOC_50FB3CEB0E85,2.4,-0.7999999999999999,2.4,-1.8666666666666665,4.266666666666667,hawkish shift
ECB,Speech by Christine Lagarde,2023-06-05,DOC_7A1C08A5872A,0.8000000000000003,-0.47999999999999987,1.6,-1.8666666666666665,3.466666666666667,hawkish shift
ECB,Speech by Christine Lagarde,2023-06-23,DOC_9FF8CABA00ED,0.0,0.7999999999999999,1.0666666666666667,0.0,1.0666666666666667,hawkish shift
ECB,Speech by Christine Lagarde,2023-06-27,DOC_3CB1D5EAC174,-3.0,0.039999999999999945,0.050000000000000044,0.0,0.050000000000000044,stable
ECB,Speech by Christine Lagarde,2023-09-25,DOC_1D96B66A54E9,-1.4,-1.4,-1.4,-3.0,1.6,hawkish shift
ECB,Speech by Christine Lagarde,2023-10-25,DOC_8729754040B5,0.0,-0.7,0.0,,,stable
ECB,Speech by Christine Lagarde,2023-11-17,DOC_8D67C083DAB0,0.0,-0.4666666666666666,0.0,-1.4,1.4,hawkish shift
ECB,Speech by Christine Lagarde,2023-11-27,DOC_83D9AF1B0AF4,-1.4,-0.7,-0.7,-0.7,0.0,stable
ECB,Speech by Christine Lagarde,2023-11-30,DOC_F7E35B09228A,0.0,-0.5599999999999999,-0.4666666666666666,-0.7,0.23333333333333334,stable
ECB,Speech by Christine Lagarde,2023-12-04,DOC_C0D99153F335,0.0,-0.4666666666666666,-0.35,-0.7,0.35,stable
ECB,Speech by Christine Lagarde,2024-02-26,DOC_1ADFF390E968,-1.4,-0.4666666666666666,-1.4,0.0,-1.4,dovish shift
ECB,Speech by Christine Lagarde,2024-04-22,DOC_1E641F96163E,0.0,-0.7,0.0,-1.4,1.4,hawkish shift
ECB,Speech by Christine Lagarde,2024-06-01,DOC_E519ED995791,-1.4,-0.7,-1.4,0.0,-1.4,dovish shift
ECB,Speech by Christine Lagarde,2024-06-14,DOC_3D2B3366DAE2,0.0,-0.4666666666666666,-0.7,0.0,-0.7,stable
ECB,Speech by Christine Lagarde,2024-09-30,DOC_AA62B09ACF89,-1.4,-1.4,-1.4,,,stable
ECB,Speech by Christine Lagarde,2024-10-16,DOC_5E341F86439E,0.0,-0.7,-0.7,,,stable
ECB,Speech by Christine Lagarde,2024-11-05,DOC_DF3F688AE07B,0.0,-0.4666666666666666,0.0,-1.4,1.4,hawkish shift
ECB,Speech by Christine Lagarde,2025-02-10,DOC_95088911DB10,-1.4,-1.4,-1.4,,,stable
ECB,Speech by Christine Lagarde,2025-03-20,DOC_EFFCBCE3D61E,0.0,-0.7,0.0,-1.4,1.4,hawkish shift
ECB,Speech by Christine Lagarde,2025-06-23,DOC_4F51429148DB,-3.618947501009619,-3.618947501009619,-3.618947501009619,,,stable
ECB,Speech by Christine Lagarde,2025-10-29,DOC_2B00CE2AB897,0.0,0.0,0.0,,,stable
ECB,Speech by Christine Lagarde,2026-02-26,DOC_1F31750BE9EB,-1.4,-1.4,-1.4,,,stable
ECB,Speech by Fabio Panetta,2021-11-24,DOC_EB8065EE3060,-1.4,-1.4,-1.4,,,stable
ECB,Speech by Fabio Panetta,2023-08-03,DOC_E2BD5A52AB81,-1.4189475010096184,-1.4189475010096184,-1.4189475010096184,,,stable
ECB,Speech by Frank Elderson,2023-04-21,DOC_90BF21E310F5,0.0,0.0,0.0,,,stable
ECB,Speech by Frank Elderson,2024-11-19,DOC_4A42CE050B6F,0.0,0.0,0.0,,,stable
ECB,Speech by Isabel Schnabel,2021-01-28,DOC_AEB1CF9E2579,0.0,0.0,0.0,,,stable
ECB,Speech by Isabel Schnabel,2021-07-03,DOC_DFB995EB1A07,1.8,1.8,1.8,,,stable
ECB,Speech by Isabel Schnabel,2021-07-14,DOC_23CFB5086F07,0.0,0.9,0.9,,,stable
ECB,Speech by Isabel Schnabel,2021-08-24,DOC_5D7A34C2A8B4,0.0,0.6,0.0,0.9,-0.9,stable
ECB,Speech by Isabel Schnabel,2021-09-15,DOC_69E9D5BEBE68,0.0,0.45,0.0,0.9,-0.9,stable
ECB,Speech by Isabel Schnabel,2021-11-17,DOC_061A4D8D9417,2.8529325012980813,0.9509775004326938,2.8529325012980813,0.0,2.8529325012980813,hawkish shift
ECB,Speech by Isabel Schnabel,2022-09-30,DOC_97720610170A,0.0,0.0,0.0,,,stable
ECB,Speech by Isabel Schnabel,2023-01-10,DOC_C4B3C885D6A8,0.0,0.0,0.0,,,stable
ECB,Speech by Isabel Schnabel,2023-05-19,DOC_6A3E257516C1,0.0,0.0,0.0,,,stable
ECB,Speech by Isabel Schnabel,2024-03-14,DOC_1613566D0227,0.0,0.0,0.0,,,stable
ECB,Speech by Isabel Schnabel,2024-05-14,DOC_98FCD6F10B10,0.0,0.0,0.0,0.0,0.0,stable
ECB,Speech by Isabel Schnabel,2024-11-14,DOC_023F9636439A,0.0,0.0,0.0,,,stable
ECB,Speech by Isabel Schnabel,2025-03-27,DOC_C06C8894621D,0.0,0.0,0.0,,,stable
ECB,Speech by Isabel Schnabel,2025-05-10,DOC_EEDB09669706,-1.4,-0.7,-1.4,0.0,-1.4,dovish shift
ECB,Speech by Isabel Schnabel,2025-11-06,DOC_B317BCBD805D,-1.4,-1.4,-1.4,,,stable
ECB,Speech by Isabel Schnabel,2026-02-11,DOC_6DA04C096B1F,0.0,0.0,0.0,,,stable
ECB,Speech by Ms Schnabel,2024-11-16,DOC_074987AE9C7C,0.0,0.0,0.0,,,stable
ECB,Speech by Philip R. Lane,2024-05-27,DOC_9CA14A89828E,-1.4,-1.4,-1.4,,,stable
ECB,Speech by Philip R. Lane,2024-06-11,DOC_16B5B1402088,-2.2189475010096187,-1.8094737505048093,-1.8094737505048093,,,stable
ECB,Speech by Philip R. Lane,2024-06-26,DOC_DB7122AC46CA,-1.4,-1.6729825003365395,-1.8094737505048093,,,stable
ECB,Speech by Philip R. Lane,2024-12-18,DOC_6F7EEC0870EC,0.40000000000000013,0.40000000000000013,0.40000000000000013,,,stable
ECB,Speech by Philip R. Lane,2025-02-05,DOC_F95EA691D39A,1.4529325012980814,0.9264662506490408,1.4529325012980814,0.40000000000000013,1.0529325012980812,hawkish shift
ECB,Speech by Piero Cipollone,2025-04-01,DOC_155A533E21CA,0.0,0.0,0.0,,,stable
ECB,Speech by Piero Cipollone,2026-02-12,DOC_BCBBD41B3208,0.0,0.0,0.0,,,stable
ECB,Stabilising the economic outlook,2021-03-27,DOC_0708D80058DB,0.0,0.0,0.0,,,stable
ECB,Stablecoins and the future of money,2026-05-08,DOC_1BED0A84793A,0.0,0.0,0.0,,,stable
ECB,Statement by Christine Lagarde,2021-04-08,DOC_5DF19C6F2FBE,-1.4,-1.4,-1.4,,,stable
ECB,Statement by Christine Lagarde,2021-10-14,DOC_C8F1F176E3B6,-1.4,-1.4,-1.4,,,stable
ECB,Statement by Christine Lagarde,2022-04-21,DOC_DEF7B6208BAF,-1.4,-1.4,-1.4,,,stable
ECB,Statement by Christine Lagarde,2022-10-14,DOC_BE9C8C0DDD56,-1.4,-1.4,-1.4,,,stable
ECB,Statement by Christine Lagarde,2023-04-14,DOC_294E97424BE0,-1.4,-1.4,-1.4,,,stable
ECB,Statement by Christine Lagarde,2023-10-14,DOC_3774DF703C8F,-2.8,-2.8,-2.8,,,stable
ECB,Statement by Christine Lagarde,2024-04-19,DOC_FE94991C38EA,-2.8,-2.8,-2.8,,,stable
ECB,Statement by Christine Lagarde,2024-10-25,DOC_A0473423518C,2.6,2.6,2.6,,,stable
ECB,Statement by Christine Lagarde,2025-04-25,DOC_59E5FCB20062,-2.218947501009619,-2.218947501009619,-2.218947501009619,,,stable
ECB,Statement by Christine Lagarde,2025-10-17,DOC_C4F1B98EE35E,-3.618947501009619,-3.618947501009619,-3.618947501009619,,,stable
ECB,Stay safe,2021-10-08,DOC_B975D5772C8D,0.0,0.0,0.0,,,stable
ECB,Stemming the tide,2025-06-07,DOC_D90096F408B1,0.0,0.0,0.0,,,stable
ECB,Striking the right balance,2025-02-18,DOC_ED0A3BF674BF,1.0,1.0,1.0,,,stable
ECB,Structural change and central banking,2021-09-24,DOC_07BBFE372B40,0.0,0.0,0.0,,,stable
ECB,Supervising banks’ governance,2022-06-11,DOC_BFD33696DA4C,0.0,0.0,0.0,,,stable
ECB,Sustainable finance,2024-10-04,DOC_B999673F6859,0.0,0.0,0.0,,,stable
ECB,The ECB’s balance sheet reduction,2024-11-07,DOC_70817F1A9658,0.0,0.0,0.0,,,stable
ECB,The ECB’s monetary policy strategy,2022-09-28,DOC_C1C992F568E9,0.0,0.0,0.0,,,stable
ECB,The Quick and the Dead,2023-03-08,DOC_553BE359160C,2.8,2.8,2.8,,,stable
ECB,The communication of monetary policy decisions,2025-05-16,DOC_E9F13E33D080,-2.8,-2.8,-2.8,,,stable
ECB,The compass of monetary policy,2021-02-25,DOC_92643C7C3F22,-1.4,-1.4,-1.4,,,stable
ECB,The complexity of monetary policy,2022-11-14,DOC_0FF2D7A4A487,2.5359400011538504,2.5359400011538504,2.5359400011538504,,,stable
ECB,The confidence to act,2024-03-27,DOC_C51A0A82DA04,3.6,3.6,3.6,,,stable
ECB,The digital euro,2023-01-23,DOC_D042A4A4B9D2,0.0,0.0,0.0,,,stable
ECB,The digital euro,2025-07-14,DOC_C7A6CC0F21C3,0.0,0.0,0.0,,,stable
ECB,The digital euro,2025-09-04,DOC_B52F555F9683,0.0,0.0,0.0,0.0,0.0,stable
ECB,The digital euro,2026-02-06,DOC_6A5C27ED731D,0.0,0.0,0.0,,,stable
ECB,The digital euro,2026-02-19,DOC_1791B52A46FC,0.0,0.0,0.0,,,stable
ECB,The digital euro,2026-03-24,DOC_08BCF918C1E9,0.0,0.0,0.0,0.0,0.0,stable
ECB,The embrace of the horizon,2021-06-03,DOC_A44B7F9D09A4,0.0,0.0,0.0,,,stable
ECB,The energy shock,2026-04-20,DOC_0DD51E3CECC1,0.0,0.0,0.0,,,stable
ECB,The euro area inflation outlook,2024-08-30,DOC_16BCCBB934F2,-1.4,-1.4,-1.4,,,stable
ECB,The euro area outlook,2022-05-05,DOC_0C61A9EDD245,-1.4,-1.4,-1.4,,,stable
ECB,The first decade of European supervision,2024-11-04,DOC_58CFD672849A,0.0,0.0,0.0,,,stable
ECB,The future of money,2025-12-19,DOC_FE271F3C4E89,0.0,0.0,0.0,,,stable
ECB,The new energy shock,2026-05-06,DOC_B6E03F24316C,1.0,1.0,1.0,,,stable
ECB,The transformation of money,2025-12-08,DOC_882A5DE111C9,0.0,0.0,0.0,,,stable
ECB,The transmission of monetary policy,2022-10-11,DOC_8D929C6939D4,2.4,2.4,2.4,,,stable
ECB,The transmission of monetary policy,2025-10-21,DOC_98AEBF2B07BD,-2.2189475010096187,-2.2189475010096187,-2.2189475010096187,,,stable
ECB,This time is never different,2025-09-17,DOC_82C900E56A02,0.0,0.0,0.0,,,stable
ECB,Towards an orderly energy transition,2023-09-29,DOC_1FA0AEF458D5,0.0,0.0,0.0,,,stable
ECB,Trade wars and central banks,2025-09-30,DOC_67716DCA5242,-1.4,-1.4,-1.4,,,stable
ECB,Turning openness into strength,2025-10-07,DOC_F1B255C880D5,0.0,0.0,0.0,,,stable
ECB,Turning size into scale,2026-02-23,DOC_1CD279D229B4,0.0,0.0,0.0,,,stable
ECB,Underlying inflation,2024-10-24,DOC_62B5DDB2B3A2,2.2,2.2,2.2,,,stable
ECB,United we stand,2023-04-24,DOC_FE0E301DE6DB,0.0,0.0,0.0,,,stable
ECB,Urgent and vitally important,2023-03-27,DOC_D0F6C7C28869,0.0,0.0,0.0,,,stable
ECB,Welcome address by Christine Lagarde,2023-07-17,DOC_295C439596E4,0.0,0.0,0.0,,,stable
ECB,Welcome address by Christine Lagarde,2023-10-04,DOC_CFA5BEEE925C,0.0,0.0,0.0,0.0,0.0,stable
ECB,Welcome address by Christine Lagarde,2024-09-26,DOC_B90785B4B6B3,0.0,0.0,0.0,,,stable
ECB,Welcome address by Christine Lagarde,2024-11-06,DOC_CFA9B44FEF4B,0.0,0.0,0.0,0.0,0.0,stable
ECB,Welcome address by Fabio Panetta,2021-04-26,DOC_E9A8CE491CCA,0.0,0.0,0.0,,,stable
ECB,Welcome address by Isabel Schnabel,2021-06-14,DOC_A37DE1117442,0.0,0.0,0.0,,,stable
ECB,Welcome address by Isabel Schnabel,2022-09-12,DOC_1CCAEE52C033,0.0,0.0,0.0,,,stable
ECB,Welcome address by Philip R. Lane,2021-10-11,DOC_5629E314DEFE,0.0,0.0,0.0,,,stable
ECB,Welcome address by Philip R. Lane,2021-11-08,DOC_91F732829DF0,0.0,0.0,0.0,,,stable
ECB,Welcome address by Philip R. Lane,2024-07-23,DOC_9EA476802455,0.0,0.0,0.0,,,stable
ECB,Welcome remarks by Christine Lagarde,2021-12-08,DOC_FB89B6E7CAAD,0.0,0.0,0.0,,,stable
ECB,Welcome remarks by Christine Lagarde,2023-11-16,DOC_984BCD105ED1,0.0,0.0,0.0,,,stable
ECB,When It Matters Most,2026-05-28,DOC_2CE99663AB86,1.4,1.4,1.4,,,stable
ECB,fiscal policy?,2024-06-07,DOC_AABBB8F5E6D6,0.0,0.0,0.0,,,stable
ECB,preserving favourable financing conditions,2021-03-25,DOC_94A7C3834A4F,-1.4,-1.4,-1.4,,,stable
ECB,the mainstay of effective banking supervision,2023-12-07,DOC_BA1956EDE9C1,0.0,0.0,0.0,,,stable
ECB,the spectre of inflation,2021-09-13,DOC_53BFFAD36073,0.0,0.0,0.0,,,stable
FED,A Case for Cautious Optimism,2023-01-20,DOC_047496DD607D,2.4,2.4,2.4,,,stable
FED,A New Class of Trailblazers,2024-06-07,DOC_582A06C5DE9A,0.0,0.0,0.0,,,stable
FED,A Tale of Two Outlooks,2025-04-14,DOC_DA3BA011B550,0.0,0.0,0.0,,,stable
FED,A Transformative Experience,2024-06-17,DOC_61D6F345CE48,0.0,0.0,0.0,,,stable
FED,A View on Financial Stability,2025-05-23,DOC_27316DE6F12F,0.0,0.0,0.0,,,stable
FED,AI and Central Banking,2025-11-11,DOC_34D2BCF41028,0.0,0.0,0.0,,,stable
FED,Acceptance Remarks,2026-05-31,DOC_32FD66862A5A,0.0,0.0,0.0,,,stable
FED,Adriana D. Kugler,2024-02-07,DOC_1431EFEA6702,1.8,1.8,1.8,,,stable
FED,Adriana D. Kugler,2024-03-01,DOC_5902C1616942,0.0,0.9,0.9,,,stable
FED,Adriana D. Kugler,2024-04-03,DOC_0B7F372ACB48,-2.2189475010096187,-0.1396491670032062,-2.2189475010096187,0.9,-3.1189475010096186,dovish shift
FED,Adriana D. Kugler,2024-04-04,DOC_9DEEEC9BD2AA,0.0,-0.10473687525240466,-1.1094737505048093,0.9,-2.0094737505048093,dovish shift
FED,Adriana D. Kugler,2024-05-18,DOC_AEF4521413D9,0.0,-0.5547368752524047,0.0,-0.7396491670032063,0.7396491670032063,stable
FED,Adriana D. Kugler,2024-06-18,DOC_E10EC7DE1C6B,-2.0,-1.0547368752524047,-2.0,-0.7396491670032063,-1.2603508329967936,dovish shift
FED,Adriana D. Kugler,2024-07-16,DOC_051D7558FD5D,-4.8,-2.2666666666666666,-3.4,0.0,-3.4,dovish shift
FED,Adriana D. Kugler,2024-09-25,DOC_23A5A72691DC,-1.5,-3.15,-1.5,-4.8,3.3,hawkish shift
FED,Adriana D. Kugler,2024-11-14,DOC_80B0459E2CBD,0.0,-0.75,0.0,-1.5,1.5,hawkish shift
FED,Adriana D. Kugler,2024-12-03,DOC_65B2C1049F84,1.6,0.03333333333333336,0.8,-1.5,2.3,hawkish shift
FED,Adriana D. Kugler,2025-02-20,DOC_7918BE229D7E,4.33594000115385,2.9679700005769254,4.33594000115385,1.6,2.73594000115385,hawkish shift
FED,Adriana D. Kugler,2025-03-07,DOC_5FCC4DD73B8A,1.8,3.067970000576925,3.067970000576925,,,stable
FED,Adriana D. Kugler,2025-03-25,DOC_9EA9924DDAEF,0.0,2.04531333371795,0.9,4.33594000115385,-3.4359400011538503,dovish shift
FED,Adriana D. Kugler,2025-04-07,DOC_B697A0402D6E,0.0,1.5339850002884625,0.0,3.067970000576925,-3.067970000576925,dovish shift
FED,Adriana D. Kugler,2025-06-05,DOC_635B547DC7F9,1.4529325012980814,0.48431083376602685,1.4529325012980814,0.6,0.8529325012980814,stable
FED,Adriana D. Kugler,2025-07-17,DOC_B8CC5594432F,0.0,0.7264662506490402,0.0,1.4529325012980814,-1.4529325012980814,dovish shift
FED,Approaching Policymaking Pragmatically,2024-11-20,DOC_51B0C8869F11,-1.4,-1.4,-1.4,,,stable
FED,Assessing Maximum Employment,2025-05-09,DOC_45EE57B13D29,0.0,0.0,0.0,,,stable
FED,Brief Remarks,2023-03-29,DOC_ADCA93F0A630,0.0,0.0,0.0,,,stable
FED,Brief Remarks,2023-04-20,DOC_7F4CE701C324,0.0,0.0,0.0,,,stable
FED,Brief Remarks,2023-05-31,DOC_1E081DE9C0F4,0.0,0.0,0.0,0.0,0.0,stable
FED,Brief Remarks,2023-10-18,DOC_BE4140DF45D7,0.0,0.0,0.0,,,stable
FED,Brief Remarks,2025-10-22,DOC_C6473B03DB1A,0.0,0.0,0.0,,,stable
FED,Brief Remarks on Stablecoins,2026-03-31,DOC_2D07723FC6C1,0.0,0.0,0.0,,,stable
FED,Building Economic Resilience in Communities,2021-06-23,DOC_DE5F08971786,0.0,0.0,0.0,,,stable
FED,Capital Supports Lending,2023-10-09,DOC_B34518FF78CF,0.0,0.0,0.0,,,stable
FED,Challenges Facing Central Bankers,2025-01-08,DOC_3FDCB3342381,0.0,0.0,0.0,,,stable
FED,Christopher J. Waller,2021-03-29,DOC_978F2C556A54,0.0,0.0,0.0,,,stable
FED,Christopher J. Waller,2021-05-13,DOC_CEE76203C745,0.0,0.0,0.0,0.0,0.0,stable
FED,Christopher J. Waller,2021-08-05,DOC_4C0137185F7E,0.0,0.0,0.0,0.0,0.0,stable
FED,Christopher J. Waller,2021-10-19,DOC_6897BB7A0DA6,0.0,0.0,0.0,0.0,0.0,stable
FED,Christopher J. Waller,2021-11-17,DOC_DE16B74686E6,0.0,0.0,0.0,,,stable
FED,Christopher J. Waller,2021-12-17,DOC_5104C3D598A1,1.8,0.6,1.8,0.0,1.8,hawkish shift
FED,Christopher J. Waller,2022-02-18,DOC_6549A97BA416,0.0,0.9,0.0,1.8,-1.8,dovish shift
FED,Christopher J. Waller,2022-02-24,DOC_7326BB90F476,-2.2189475010096187,-0.1396491670032062,-1.1094737505048093,1.8,-2.9094737505048096,dovish shift
FED,Christopher J. Waller,2022-03-24,DOC_F8617E1600FA,0.0,-0.7396491670032063,-1.1094737505048093,0.0,-1.1094737505048093,dovish shift
FED,Christopher J. Waller,2022-05-06,DOC_B168A9EB0096,0.0,-0.5547368752524047,0.0,-0.7396491670032063,0.7396491670032063,stable
FED,Christopher J. Waller,2022-05-30,DOC_5638871E7903,0.0,0.0,0.0,0.0,0.0,stable
FED,Christopher J. Waller,2022-06-18,DOC_EC90AD97C722,0.0,0.0,0.0,0.0,0.0,stable
FED,Christopher J. Waller,2022-07-14,DOC_4CE878A3D358,-0.13594000115385052,-0.03398500028846263,-0.06797000057692526,0.0,-0.06797000057692526,stable
FED,Christopher J. Waller,2022-09-09,DOC_73931354B52E,0.0,-0.045313333717950176,0.0,-0.06797000057692526,0.06797000057692526,stable
FED,Christopher J. Waller,2022-10-06,DOC_B272B8C1A4C0,0.0,-0.045313333717950176,0.0,-0.13594000115385052,0.13594000115385052,stable
FED,Christopher J. Waller,2022-10-14,DOC_779B8AB234D4,0.0,0.0,0.0,0.0,0.0,stable
FED,Christopher J. Waller,2022-11-16,DOC_7F020B18CA41,0.0,0.0,0.0,0.0,0.0,stable
FED,Christopher J. Waller,2023-02-08,DOC_59447F580B65,0.0,0.0,0.0,0.0,0.0,stable
FED,Christopher J. Waller,2023-03-02,DOC_E98366D81A72,-1.4,-0.7,-0.7,,,stable
FED,Christopher J. Waller,2023-04-14,DOC_75722C74792D,0.0,-0.4666666666666666,0.0,-0.7,0.7,stable
FED,Christopher J. Waller,2023-04-20,DOC_64A3184745B7,0.0,-0.35,0.0,-0.7,0.7,stable
FED,Christopher J. Waller,2023-05-24,DOC_C0AB0DD234CA,-1.2,-0.6499999999999999,-1.2,-0.4666666666666666,-0.7333333333333334,stable
FED,Christopher J. Waller,2023-07-13,DOC_AC2624F640AE,0.0,-0.39999999999999997,0.0,-0.39999999999999997,0.39999999999999997,stable
FED,Christopher J. Waller,2023-10-10,DOC_C0233C4CC834,0.0,0.0,0.0,0.0,0.0,stable
FED,Christopher J. Waller,2023-10-18,DOC_B33DBED4D214,-1.2,-0.6,-0.6,,,stable
FED,Christopher J. Waller,2023-11-07,DOC_6908091C49CB,0.0,-0.39999999999999997,-0.39999999999999997,,,stable
FED,Christopher J. Waller,2024-01-16,DOC_3EA5DD09F0B3,0.0,0.0,0.0,-0.6,0.6,stable
FED,Christopher J. Waller,2024-02-22,DOC_7D14F0C53FC0,0.0,0.0,0.0,0.0,0.0,stable
FED,Christopher J. Waller,2024-03-01,DOC_BCDF45624ACE,0.0,0.0,0.0,0.0,0.0,stable
FED,Christopher J. Waller,2024-03-27,DOC_0ED47AD48D2A,0.0,0.0,0.0,0.0,0.0,stable
FED,Christopher J. Waller,2024-05-17,DOC_D6D65DE9A4C3,0.0,0.0,0.0,0.0,0.0,stable
FED,Christopher J. Waller,2024-05-20,DOC_FB79A6B9DDC8,0.0,0.0,0.0,0.0,0.0,stable
FED,Christopher J. Waller,2024-05-24,DOC_3DC7A212C1C8,0.0,0.0,0.0,0.0,0.0,stable
FED,Christopher J. Waller,2024-10-14,DOC_F69F61CFB847,0.0,0.0,0.0,,,stable
FED,Christopher J. Waller,2024-10-18,DOC_75BD3FF01AE4,0.0,0.0,0.0,,,stable
FED,Christopher J. Waller,2024-11-12,DOC_8F02A5697B31,0.0,0.0,0.0,,,stable
FED,Christopher J. Waller,2024-12-02,DOC_D5D33E202C2E,0.0,0.0,0.0,0.0,0.0,stable
FED,Christopher J. Waller,2025-02-12,DOC_BAC57D65C0A0,0.0,0.0,0.0,0.0,0.0,stable
FED,Christopher J. Waller,2025-02-17,DOC_96836BA8313D,0.0,0.0,0.0,0.0,0.0,stable
FED,Christopher J. Waller,2025-03-21,DOC_82E91E742D87,0.0,0.0,0.0,0.0,0.0,stable
FED,Christopher J. Waller,2025-05-09,DOC_32324173AB65,0.0,0.0,0.0,0.0,0.0,stable
FED,Christopher J. Waller,2025-05-14,DOC_30051E8E98CA,1.6,0.4,0.8,0.0,0.8,stable
FED,Christopher J. Waller,2025-06-01,DOC_B73362F9427F,0.40000000000000013,0.5,0.6666666666666666,0.0,0.6666666666666666,stable
FED,Christopher J. Waller,2025-07-10,DOC_DB98A8730080,0.0,0.5,0.0,0.6666666666666666,-0.6666666666666666,stable
FED,Christopher J. Waller,2025-08-01,DOC_78729FD1BC78,-1.2,0.16000000000000006,-0.6,0.6666666666666666,-1.2666666666666666,dovish shift
FED,Christopher J. Waller,2025-08-28,DOC_AD10AEC9D012,0.40000000000000013,-0.09999999999999992,-0.3999999999999999,0.20000000000000007,-0.6,stable
FED,Christopher J. Waller,2025-09-29,DOC_4D05F26D7680,0.0,-0.19999999999999996,0.0,-0.2666666666666666,0.2666666666666666,stable
FED,Christopher J. Waller,2025-10-15,DOC_175ED3046F18,0.0,-0.19999999999999996,0.0,-0.3999999999999999,0.3999999999999999,stable
FED,Christopher J. Waller,2025-10-16,DOC_395C7D53F698,0.0,-0.15999999999999998,0.0,-0.3999999999999999,0.3999999999999999,stable
FED,Christopher J. Waller,2025-10-21,DOC_5E538743C4E7,0.0,-0.1333333333333333,0.0,-0.3999999999999999,0.3999999999999999,stable
FED,Christopher J. Waller,2025-11-17,DOC_C94663569E5E,1.8,0.3666666666666667,0.9,0.10000000000000003,0.8,stable
FED,Christopher J. Waller,2026-01-30,DOC_AE96B46D54F1,0.0,0.9,0.0,1.8,-1.8,dovish shift
FED,Christopher J. Waller,2026-02-23,DOC_734BF48EA856,-2.2189475010096187,-1.1094737505048093,-1.1094737505048093,,,stable
FED,Christopher J. Waller,2026-02-24,DOC_4F1F62DAB39C,0.0,-0.7396491670032063,-0.7396491670032063,,,stable
FED,Christopher J. Waller,2026-04-21,DOC_3501D9B90D6A,0.0,-0.5547368752524047,0.0,-0.7396491670032063,0.7396491670032063,stable
FED,Christopher J. Waller,2026-05-08,DOC_D3BB7599D602,0.0,-0.5547368752524047,0.0,-1.1094737505048093,1.1094737505048093,hawkish shift
FED,Climate Change and Financial Stability,2023-05-11,DOC_39D1E67B45E0,0.0,0.0,0.0,,,stable
FED,Closing Remarks,2023-09-28,DOC_97058482B149,0.0,0.0,0.0,,,stable
FED,Closing Thoughts,2025-09-23,DOC_A0E15CEE4A0B,-0.018947501009618506,-0.018947501009618506,-0.018947501009618506,,,stable
FED,Commencement Address,2023-05-05,DOC_3E02213F1E95,0.0,0.0,0.0,,,stable
FED,Commencement Address,2023-05-13,DOC_5F2F5F0B7CBA,0.0,0.0,0.0,,,stable
FED,Commencement Address,2023-05-15,DOC_661DD2D732BF,0.0,0.0,0.0,,,stable
FED,Commencement Remarks,2024-05-10,DOC_A7405DEF69BE,0.0,0.0,0.0,,,stable
FED,Commencement Remarks,2025-05-20,DOC_FCFF62A0FD6F,0.0,0.0,0.0,,,stable
FED,Community Bank Access to Innovation,2021-09-09,DOC_395985311916,0.0,0.0,0.0,,,stable
FED,Community Banking,2025-02-27,DOC_C519D3E9CB8F,0.0,0.0,0.0,,,stable
FED,Current Assessment of Financial Stability,2024-05-08,DOC_3490E8CBB199,0.0,0.0,0.0,,,stable
FED,Defining a Bank,2024-02-12,DOC_004A1B1E0AB9,0.0,0.0,0.0,,,stable
FED,Developing Communities through Public-private Partnerships,2026-03-24,DOC_7F0A49B1D47E,0.0,0.0,0.0,,,stable
FED,Economic Inclusion in Lower-Income Communities,2021-02-22,DOC_C6C764474807,0.0,0.0,0.0,,,stable
FED,Economic Outlook,2021-11-19,DOC_A0F04E718745,0.0,0.0,0.0,,,stable
FED,Economic Outlook,2022-10-06,DOC_B5E408EB4FED,0.40000000000000013,0.40000000000000013,0.40000000000000013,,,stable
FED,Economic Outlook,2024-11-20,DOC_E6F8351B6DB8,0.0,0.0,0.0,,,stable
FED,Economic Outlook,2025-05-12,DOC_D7012616B6C0,1.8,1.8,1.8,,,stable
FED,Economic Outlook,2025-06-03,DOC_F30041EB7E0D,0.0,0.9,0.9,,,stable
FED,Economic Outlook,2026-02-04,DOC_8E5E682F516A,1.4,1.4,1.4,,,stable
FED,Embracing Innovation,2025-08-19,DOC_1927AA70A0AA,0.0,0.0,0.0,,,stable
FED,Entrepreneurship and Aggregate Productivity,2025-02-07,DOC_F6036BB99853,3.8000000000000003,3.8000000000000003,3.8000000000000003,,,stable
FED,Expanding Financial Inclusion,2025-07-15,DOC_040E145A4C99,0.0,0.0,0.0,,,stable
FED,Fighting Inflation in Challenging Times,2022-08-06,DOC_CC37429C0096,0.0,0.0,0.0,,,stable
FED,Financial Education,2022-11-17,DOC_23DCFBBD6B42,0.0,0.0,0.0,,,stable
FED,Financial Stability and Macroeconomic Policy,2023-06-16,DOC_FC407A1C1FB0,2.4,2.4,2.4,,,stable
FED,Financial Stability in Uncertain Times,2023-10-11,DOC_5FE056B21F1D,0.0,0.0,0.0,,,stable
FED,Getting Closer,2024-07-17,DOC_53EC6AD53A5A,-1.4,-1.4,-1.4,,,stable
FED,Holistic Capital Review,2023-07-10,DOC_A419C47AF17D,0.0,0.0,0.0,,,stable
FED,Important Questions for Economic Research,2023-04-21,DOC_10F31B1CBE6B,0.6000000000000001,0.6000000000000001,0.6000000000000001,,,stable
FED,Inflation Expectations and Monetary Policymaking,2025-04-02,DOC_3CDBA627F18F,1.8,1.8,1.8,,,stable
FED,Innovation in the Financial System,2024-06-17,DOC_A9A278E07317,0.0,0.0,0.0,,,stable
FED,Interlinking Fast Payment Systems,2024-08-28,DOC_78D5BFCB70D6,0.0,0.0,0.0,,,stable
FED,Jerome H. Powell,2021-02-10,DOC_D1989C2D3689,1.4,1.4,1.4,,,stable
FED,Jerome H. Powell,2021-03-18,DOC_109E9C765C04,0.0,0.7,0.0,1.4,-1.4,dovish shift
FED,Jerome H. Powell,2021-05-03,DOC_4E3AF9E6DC5D,0.0,0.4666666666666666,0.0,0.7,-0.7,stable
FED,Jerome H. Powell,2021-08-17,DOC_EBFD2CD57B7F,0.0,0.0,0.0,,,stable
FED,Jerome H. Powell,2021-08-27,DOC_296CFEC7CD45,0.0,0.0,0.0,,,stable
FED,Jerome H. Powell,2021-09-24,DOC_E556356BBE9D,0.0,0.0,0.0,0.0,0.0,stable
FED,Jerome H. Powell,2021-11-08,DOC_3DC4B02B0BC7,0.0,0.0,0.0,0.0,0.0,stable
FED,Jerome H. Powell,2021-11-09,DOC_55AC407AAB0E,0.0,0.0,0.0,0.0,0.0,stable
FED,Jerome H. Powell,2021-11-29,DOC_0D3BEA180082,0.0,0.0,0.0,0.0,0.0,stable
FED,Jerome H. Powell,2022-05-24,DOC_F83FAE352B85,0.0,0.0,0.0,,,stable
FED,Jerome H. Powell,2022-06-17,DOC_3E880B2EDA46,0.0,0.0,0.0,,,stable
FED,Jerome H. Powell,2022-08-26,DOC_369FB684CF2B,0.0,0.0,0.0,0.0,0.0,stable
FED,Jerome H. Powell,2022-09-28,DOC_58684D283390,0.0,0.0,0.0,0.0,0.0,stable
FED,Jerome H. Powell,2022-11-30,DOC_C7D8EB840867,2.2,1.1,2.2,0.0,2.2,hawkish shift
FED,Jerome H. Powell,2023-01-10,DOC_A38D58CFFCB9,0.0,1.1,0.0,2.2,-2.2,dovish shift
FED,Jerome H. Powell,2023-06-29,DOC_5AEC10BEC78F,3.8,3.8,3.8,,,stable
FED,Jerome H. Powell,2023-08-25,DOC_37721B8E2F23,1.0,2.4,1.0,3.8,-2.8,dovish shift
FED,Jerome H. Powell,2023-09-28,DOC_81419ABD7666,0.0,0.5,0.0,1.0,-1.0,dovish shift
FED,Jerome H. Powell,2023-10-25,DOC_6A8BAF9E62B8,0.0,0.3333333333333333,0.0,1.0,-1.0,dovish shift
FED,Jerome H. Powell,2023-11-08,DOC_154F64768A83,0.0,0.25,0.0,0.5,-0.5,stable
FED,Jerome H. Powell,2023-11-09,DOC_F8D8C864138E,0.0,0.2,0.0,0.5,-0.5,stable
FED,Jerome H. Powell,2023-12-01,DOC_F8DCB746BE41,0.0,0.0,0.0,0.0,0.0,stable
FED,Jerome H. Powell,2024-04-03,DOC_2411C0DDA86B,0.0,0.0,0.0,,,stable
FED,Jerome H. Powell,2024-05-19,DOC_778FF3ACBBDF,0.0,0.0,0.0,0.0,0.0,stable
FED,Jerome H. Powell,2024-08-23,DOC_F2DFDD0FC2A2,-0.41894750100961864,-0.41894750100961864,-0.41894750100961864,,,stable
FED,Jerome H. Powell,2024-09-26,DOC_E3C8E17F54F9,0.0,-0.20947375050480932,0.0,-0.41894750100961864,0.41894750100961864,stable
FED,Jerome H. Powell,2024-09-30,DOC_28980E8F0651,0.0,-0.1396491670032062,0.0,-0.41894750100961864,0.41894750100961864,stable
FED,Jerome H. Powell,2024-11-14,DOC_9193F359FE69,1.6,0.29526312474759536,1.6,-0.1396491670032062,1.7396491670032064,hawkish shift
FED,Jerome H. Powell,2025-03-07,DOC_AE6506DA8C34,0.0,0.0,0.0,,,stable
FED,Jerome H. Powell,2025-04-04,DOC_9691E83FDD8C,-1.4,-0.7,-0.7,,,stable
FED,Jerome H. Powell,2025-04-16,DOC_8EEC58439500,-1.4,-0.9333333333333332,-1.4,0.0,-1.4,dovish shift
FED,Jerome H. Powell,2025-05-25,DOC_F4855C4DD12F,0.0,-0.7,0.0,-0.9333333333333332,0.9333333333333332,stable
FED,Jerome H. Powell,2025-06-02,DOC_D4034FCF52C1,0.0,-0.5599999999999999,0.0,-0.9333333333333332,0.9333333333333332,stable
FED,Jerome H. Powell,2025-07-22,DOC_F80C58D5C881,0.0,0.0,0.0,0.0,0.0,stable
FED,Jerome H. Powell,2025-08-22,DOC_5D9DF8DDF930,-0.41894750100961864,-0.10473687525240466,-0.41894750100961864,0.0,-0.41894750100961864,stable
FED,Jerome H. Powell,2025-09-23,DOC_D24462A86705,-3.250699332842307,-1.2232156112839752,-3.250699332842307,-0.20947375050480932,-3.0412255823374976,dovish shift
FED,Jerome H. Powell,2025-10-09,DOC_79E2C4D868C6,0.0,-0.9174117084629815,-1.6253496664211535,-0.20947375050480932,-1.4158759159163443,dovish shift
FED,Jerome H. Powell,2025-10-14,DOC_3DDDF8B17DCB,-2.8,-1.293929366770385,-2.016899777614102,-0.20947375050480932,-1.8074260271092926,dovish shift
FED,Jerome H. Powell,2025-12-01,DOC_BDEF610F7E90,0.0,-1.5126748332105766,0.0,-2.016899777614102,2.016899777614102,hawkish shift
FED,Jerome H. Powell,2026-01-11,DOC_5AC4F39A96F8,0.0,-0.9333333333333335,0.0,-1.4,1.4,hawkish shift
FED,Jerome H. Powell,2026-03-21,DOC_9E3FB2D80B20,0.0,0.0,0.0,0.0,0.0,stable
FED,Keynote Remarks,2021-03-22,DOC_8E5CC1BCB7D4,0.0,0.0,0.0,,,stable
FED,Lael Brainard,2021-01-12,DOC_57340FF6FD7C,1.4,1.4,1.4,,,stable
FED,Lael Brainard,2021-01-13,DOC_4ACC9BC418E1,0.0,0.7,0.7,,,stable
FED,Lael Brainard,2021-02-18,DOC_9FA884EE5543,0.0,0.4666666666666666,0.0,0.7,-0.7,stable
FED,Lael Brainard,2021-02-24,DOC_2D76B92874F1,0.0,0.35,0.0,0.7,-0.7,stable
FED,Lael Brainard,2021-03-01,DOC_CBB9DCB3F0CC,-1.4,0.0,-0.4666666666666666,0.7,-1.1666666666666665,dovish shift
FED,Lael Brainard,2021-03-02,DOC_093BA66C734F,1.4,0.2333333333333333,0.0,0.7,-0.7,stable
FED,Lael Brainard,2021-03-23,DOC_6161E4A1A204,0.0,0.19999999999999998,0.0,0.4666666666666666,-0.4666666666666666,stable
FED,Lael Brainard,2021-03-23,DOC_716DF8847034,0.0,0.175,0.0,0.4666666666666666,-0.4666666666666666,stable
FED,Lael Brainard,2021-05-11,DOC_E93103AFE502,0.0,0.0,0.0,0.0,0.0,stable
FED,Lael Brainard,2021-05-24,DOC_F51C4D1A838B,0.0,0.0,0.0,0.0,0.0,stable
FED,Lael Brainard,2021-06-01,DOC_6F5583AD985B,1.4,0.27999999999999997,0.4666666666666666,0.0,0.4666666666666666,stable
FED,Lael Brainard,2021-07-30,DOC_E18F3E64F7A6,0.0,0.35,0.0,0.4666666666666666,-0.4666666666666666,stable
FED,Lael Brainard,2021-09-27,DOC_309D5A801BD4,0.0,0.0,0.0,0.0,0.0,stable
FED,Lael Brainard,2021-10-07,DOC_48752476C512,0.0,0.0,0.0,0.0,0.0,stable
FED,Lael Brainard,2021-10-13,DOC_1A3AF921C3D0,0.0,0.0,0.0,0.0,0.0,stable
FED,Lael Brainard,2022-02-18,DOC_9AAB24AB7440,0.0,0.0,0.0,,,stable
FED,Lael Brainard,2022-04-05,DOC_AC6CDC4FDD36,0.18105249899038123,0.09052624949519061,0.18105249899038123,0.0,0.18105249899038123,stable
FED,Lael Brainard,2022-05-25,DOC_7CE1386F893C,0.0,0.09052624949519061,0.0,0.18105249899038123,-0.18105249899038123,stable
FED,Lael Brainard,2022-07-08,DOC_AD69E976D4DD,0.0,0.0,0.0,0.0,0.0,stable
FED,Lael Brainard,2022-07-19,DOC_3D62EA3E03F5,0.0,0.0,0.0,0.0,0.0,stable
FED,Lael Brainard,2022-08-29,DOC_A6A496C9BED2,0.0,0.0,0.0,0.0,0.0,stable
FED,Lael Brainard,2022-09-07,DOC_C0AC9AAFD847,-2.8,-0.7,-1.4,0.0,-1.4,dovish shift
FED,Lael Brainard,2022-09-30,DOC_299D2902C1CB,1.2039100017307751,-0.31921799965384495,-0.7980449991346124,0.0,-0.7980449991346124,stable
FED,Lael Brainard,2022-10-10,DOC_180610C75707,-0.19999999999999973,-0.3592179996538449,0.5019550008653877,-0.9333333333333332,1.435288334198721,hawkish shift
FED,Lael Brainard,2022-11-28,DOC_5509BBBBEADE,0.0,-0.4490224995673061,0.0,-0.5986966660897415,0.5986966660897415,stable
FED,Lael Brainard,2023-01-19,DOC_17808E7F5D11,-1.2,-0.6,-1.2,0.0,-1.2,dovish shift
FED,Large Bank Supervision and Regulation,2022-09-30,DOC_DDC9E029908A,2.2189475010096187,2.2189475010096187,2.2189475010096187,,,stable
FED,Lisa D. Cook,2022-11-30,DOC_CB7007CA1575,0.0,0.0,0.0,,,stable
FED,Lisa D. Cook,2023-01-06,DOC_C6C1E8E165B3,1.4,0.7,1.4,0.0,1.4,hawkish shift
FED,Lisa D. Cook,2023-03-31,DOC_564750CDD75E,-1.4189475010096184,-0.009473750504809253,-1.4189475010096184,1.4,-2.8189475010096183,dovish shift
FED,Lisa D. Cook,2023-09-22,DOC_D406A4E92428,0.0,0.0,0.0,,,stable
FED,Lisa D. Cook,2023-10-18,DOC_A80A4720BA90,0.0,0.0,0.0,,,stable
FED,Lisa D. Cook,2023-11-06,DOC_332448EA5A97,1.4,0.4666666666666666,0.7,0.0,0.7,stable
FED,Lisa D. Cook,2023-11-08,DOC_622D4DF36E04,1.4,0.7,0.9333333333333332,0.0,0.9333333333333332,stable
FED,Lisa D. Cook,2023-11-16,DOC_48B5D0005ABA,0.0,0.5599999999999999,0.7,0.0,0.7,stable
FED,Lisa D. Cook,2024-02-22,DOC_011C0AABF0D2,0.0,0.0,0.0,,,stable
FED,Lisa D. Cook,2024-03-25,DOC_32C6B2F4AF0B,0.0,0.0,0.0,0.0,0.0,stable
FED,Lisa D. Cook,2024-04-01,DOC_2B7F67B3B6E8,0.0,0.0,0.0,0.0,0.0,stable
FED,Lisa D. Cook,2024-05-04,DOC_BBF8C82A61FA,0.0,0.0,0.0,0.0,0.0,stable
FED,Lisa D. Cook,2024-05-14,DOC_07A3F9934E12,0.0,0.0,0.0,0.0,0.0,stable
FED,Lisa D. Cook,2024-06-14,DOC_77F197BBD8B9,0.0,0.0,0.0,0.0,0.0,stable
FED,Lisa D. Cook,2024-06-25,DOC_5243D0F9AC46,-0.9999999999999996,-0.1999999999999999,-0.4999999999999998,0.0,-0.4999999999999998,stable
FED,Lisa D. Cook,2024-07-10,DOC_9C3C5B206071,-1.4,-0.47999999999999987,-0.7999999999999998,0.0,-0.7999999999999998,stable
FED,Lisa D. Cook,2024-09-26,DOC_E5C6F260C2E8,0.40000000000000013,-0.4999999999999999,0.40000000000000013,-1.4,1.8,hawkish shift
FED,Lisa D. Cook,2024-10-01,DOC_BD76EE757142,0.0,-0.33333333333333326,0.20000000000000007,-1.4,1.6,hawkish shift
FED,Lisa D. Cook,2024-10-10,DOC_A1B8C6695240,0.0,0.1333333333333334,0.1333333333333334,,,stable
FED,Lisa D. Cook,2025-01-06,DOC_61EB29C49492,1.4,0.7,1.4,0.0,1.4,hawkish shift
FED,Lisa D. Cook,2025-04-03,DOC_B5A65767993B,0.0,0.7,0.0,1.4,-1.4,dovish shift
FED,Lisa D. Cook,2025-04-15,DOC_66E4746ED9FE,0.0,0.0,0.0,,,stable
FED,Lisa D. Cook,2025-05-03,DOC_A4248C684F07,1.4,0.4666666666666666,0.7,,,stable
FED,Lisa D. Cook,2025-07-17,DOC_2B2B8E10C95E,0.0,0.7,0.0,1.4,-1.4,dovish shift
FED,Lisa D. Cook,2025-11-03,DOC_6368B0CB177E,-0.41894750100961864,-0.41894750100961864,-0.41894750100961864,,,stable
FED,Lisa D. Cook,2025-11-20,DOC_D6D43F6D5BD5,0.0,-0.20947375050480932,-0.20947375050480932,,,stable
FED,Lisa D. Cook,2026-02-24,DOC_639A3D3D4B2F,0.0,0.0,0.0,,,stable
FED,Lisa D. Cook,2026-05-08,DOC_A13274C40ADF,0.0,0.0,0.0,0.0,0.0,stable
FED,Lisa D. Cook,2026-05-27,DOC_59CF7795E8BA,-1.4,-0.7,-0.7,,,stable
FED,"Little, Progress Seems to be Resuming.",2024-05-21,DOC_2C8F3EC40278,-2.2189475010096187,-2.2189475010096187,-2.2189475010096187,,,stable
FED,Managing Financial Crises,2025-02-25,DOC_B1760EF0AB9B,0.0,0.0,0.0,,,stable
FED,Measuring Financial Health,2026-05-20,DOC_AD23B3BA97E2,2.0,2.0,2.0,,,stable
FED,Michael S. Barr,2023-02-07,DOC_CB8FB8D1B73C,0.0,0.0,0.0,,,stable
FED,Michael S. Barr,2023-03-09,DOC_E077B0248E51,0.0,0.0,0.0,,,stable
FED,Michael S. Barr,2023-07-18,DOC_4DADF5A8FF7B,1.4,1.4,1.4,,,stable
FED,Michael S. Barr,2023-09-08,DOC_80FE9812E827,0.0,0.7,0.0,1.4,-1.4,dovish shift
FED,Michael S. Barr,2023-11-16,DOC_4CAE20116355,0.0,0.0,0.0,0.0,0.0,stable
FED,Michael S. Barr,2023-11-28,DOC_9329FBA5E319,0.0,0.0,0.0,0.0,0.0,stable
FED,Michael S. Barr,2023-12-01,DOC_A5EDA1EE0947,0.0,0.0,0.0,0.0,0.0,stable
FED,Michael S. Barr,2024-02-14,DOC_96E534180AA7,0.0,0.0,0.0,0.0,0.0,stable
FED,Michael S. Barr,2024-02-27,DOC_658828BF6554,0.0,0.0,0.0,0.0,0.0,stable
FED,Michael S. Barr,2024-07-09,DOC_1F8F1D245AD0,0.0,0.0,0.0,,,stable
FED,Michael S. Barr,2024-09-26,DOC_E30BC2BC367F,0.0,0.0,0.0,0.0,0.0,stable
FED,Michael S. Barr,2025-02-18,DOC_DC88F49D2B09,-1.4,-1.4,-1.4,,,stable
FED,Michael S. Barr,2025-02-20,DOC_241F00188C16,6.199999999999999,2.3999999999999995,2.3999999999999995,,,stable
FED,Michael S. Barr,2025-02-27,DOC_7E93015AF031,0.0,1.5999999999999996,1.5999999999999996,,,stable
FED,Michael S. Barr,2025-03-24,DOC_C0860A46537A,0.0,1.1999999999999997,0.0,2.3999999999999995,-2.3999999999999995,dovish shift
FED,Michael S. Barr,2025-04-04,DOC_E251637757F5,0.0,0.9599999999999997,0.0,1.5999999999999996,-1.5999999999999996,dovish shift
FED,Michael S. Barr,2025-04-17,DOC_B188CCD889EA,0.0,0.7999999999999998,0.0,1.5999999999999996,-1.5999999999999996,dovish shift
FED,Michael S. Barr,2025-05-09,DOC_4D7A52A0DBE8,0.0,0.6857142857142856,0.0,0.9599999999999997,-0.9599999999999997,stable
FED,Michael S. Barr,2025-06-26,DOC_A3D92C551FEE,0.0,0.0,0.0,0.0,0.0,stable
FED,Michael S. Barr,2025-07-16,DOC_C371049E586C,0.0,0.0,0.0,0.0,0.0,stable
FED,Michael S. Barr,2025-09-25,DOC_35556FBCC485,0.0,0.0,0.0,0.0,0.0,stable
FED,Michael S. Barr,2025-10-08,DOC_D04CBDE5B2C9,1.4,0.4666666666666666,0.7,0.0,0.7,stable
FED,Michael S. Barr,2025-10-08,DOC_FFA4FA5DA2F8,0.0,0.35,0.4666666666666666,0.0,0.4666666666666666,stable
FED,Michael S. Barr,2025-10-09,DOC_1F21099EED2E,1.8,0.64,0.8,0.0,0.8,stable
FED,Michael S. Barr,2025-10-16,DOC_F5C650B767D7,0.0,0.64,0.64,,,stable
FED,Michael S. Barr,2025-10-23,DOC_57C0A19F94EC,0.0,0.5333333333333333,0.5333333333333333,,,stable
FED,Michael S. Barr,2025-11-18,DOC_563CEF193E88,0.0,0.4571428571428572,0.0,0.64,-0.64,stable
FED,Michael S. Barr,2026-02-17,DOC_23F7F90BB819,1.4,1.4,1.4,,,stable
FED,Michael S. Barr,2026-03-26,DOC_AE52E1DA1565,2.8,2.0999999999999996,2.8,1.4,1.4,hawkish shift
FED,Michael S. Barr,2026-04-14,DOC_80D847C74428,0.0,1.3999999999999997,1.4,1.4,0.0,stable
FED,Michael S. Barr,2026-05-14,DOC_30D90A4339EA,0.0,1.0499999999999998,0.0,2.0999999999999996,-2.0999999999999996,dovish shift
FED,Michelle W. Bowman,2021-02-16,DOC_A99E7B794EDF,0.0,0.0,0.0,,,stable
FED,Michelle W. Bowman,2021-03-22,DOC_31FEDFA8098B,0.0,0.0,0.0,0.0,0.0,stable
FED,Michelle W. Bowman,2021-05-05,DOC_49F1D8168DA7,0.0,0.0,0.0,0.0,0.0,stable
FED,Michelle W. Bowman,2021-09-28,DOC_B3A36DE2C6BD,0.0,0.0,0.0,,,stable
FED,Michelle W. Bowman,2021-10-13,DOC_D14E7E781E00,0.0,0.0,0.0,,,stable
FED,Michelle W. Bowman,2021-10-22,DOC_E33872CEEB0C,0.0,0.0,0.0,,,stable
FED,Michelle W. Bowman,2021-11-08,DOC_F56EC3331F73,0.0,0.0,0.0,0.0,0.0,stable
FED,Michelle W. Bowman,2021-11-29,DOC_801A507CEA19,0.0,0.0,0.0,0.0,0.0,stable
FED,Michelle W. Bowman,2022-02-21,DOC_A75F6DE9621F,0.0,0.0,0.0,0.0,0.0,stable
FED,Michelle W. Bowman,2022-06-23,DOC_59F0F3A48B5D,0.0,0.0,0.0,,,stable
FED,Michelle W. Bowman,2022-08-17,DOC_8F5A922C7876,0.0,0.0,0.0,0.0,0.0,stable
FED,Michelle W. Bowman,2022-08-17,DOC_9C66730908EE,0.0,0.0,0.0,0.0,0.0,stable
FED,Michelle W. Bowman,2022-09-28,DOC_730475AF3128,0.0,0.0,0.0,0.0,0.0,stable
FED,Michelle W. Bowman,2022-10-12,DOC_67A446CDD875,3.4000000000000004,0.8500000000000001,1.7000000000000002,0.0,1.7000000000000002,hawkish shift
FED,Michelle W. Bowman,2023-01-10,DOC_FD466DFAF84E,2.0,2.0,2.0,3.4000000000000004,-1.4000000000000004,dovish shift
FED,Michelle W. Bowman,2023-02-13,DOC_1E233AFE7CBE,0.0,1.0,0.0,2.0,-2.0,dovish shift
FED,Michelle W. Bowman,2023-03-03,DOC_B3328141495D,0.0,0.6666666666666666,0.0,2.0,-2.0,dovish shift
FED,Michelle W. Bowman,2023-03-14,DOC_7FEEAF7FC0B0,0.0,0.5,0.0,2.0,-2.0,dovish shift
FED,Michelle W. Bowman,2023-04-14,DOC_5C09C4534174,0.0,0.0,0.0,0.0,0.0,stable
FED,Michelle W. Bowman,2023-04-18,DOC_39573B2C7858,0.0,0.0,0.0,0.0,0.0,stable
FED,Michelle W. Bowman,2023-05-12,DOC_F10497492C3C,1.4,0.2333333333333333,0.4666666666666666,0.0,0.4666666666666666,stable
FED,Michelle W. Bowman,2023-05-19,DOC_55A4B43DC4D0,0.0,0.2333333333333333,0.7,0.0,0.7,stable
FED,Michelle W. Bowman,2023-06-25,DOC_69D820970B65,0.0,0.27999999999999997,0.0,0.35,-0.35,stable
FED,Michelle W. Bowman,2023-08-05,DOC_910502A98C3B,0.0,0.35,0.0,0.4666666666666666,-0.4666666666666666,stable
FED,Michelle W. Bowman,2023-09-22,DOC_7D4387EBC882,0.0,0.0,0.0,0.0,0.0,stable
FED,Michelle W. Bowman,2023-10-02,DOC_8AFFBC13BD6D,0.0,0.0,0.0,0.0,0.0,stable
FED,Michelle W. Bowman,2023-10-04,DOC_88225DB1F615,0.0,0.0,0.0,0.0,0.0,stable
FED,Michelle W. Bowman,2023-10-07,DOC_0B424DD775DF,0.0,0.0,0.0,0.0,0.0,stable
FED,Michelle W. Bowman,2023-10-17,DOC_8DEEB2E1327A,-1.4,-0.2333333333333333,-0.27999999999999997,0.0,-0.27999999999999997,stable
FED,Michelle W. Bowman,2023-11-07,DOC_5EF90DD2808E,-1.2,-0.4333333333333333,-1.2999999999999998,0.0,-1.2999999999999998,dovish shift
FED,Michelle W. Bowman,2023-11-09,DOC_87BA307FF11D,-1.2,-0.5428571428571428,-1.2666666666666666,0.0,-1.2666666666666666,dovish shift
FED,Michelle W. Bowman,2023-11-28,DOC_0ACA90105ED6,0.0,-0.475,-0.7999999999999999,-0.27999999999999997,-0.52,stable
FED,Michelle W. Bowman,2023-12-05,DOC_473B837D2659,0.0,-0.4222222222222222,-0.6,-0.27999999999999997,-0.32,stable
FED,Michelle W. Bowman,2024-01-08,DOC_BF24491DDA80,1.8,-0.3333333333333333,1.8,-0.76,2.56,hawkish shift
FED,Michelle W. Bowman,2024-01-17,DOC_272F7E206701,0.0,-0.09999999999999998,0.9,-0.6,1.5,hawkish shift
FED,Michelle W. Bowman,2024-02-07,DOC_2AA38C088165,0.0,0.36,0.0,-0.39999999999999997,0.39999999999999997,stable
FED,Michelle W. Bowman,2024-02-15,DOC_2312962CE014,0.0,0.3,0.0,0.6,-0.6,stable
FED,Michelle W. Bowman,2024-02-27,DOC_CC2B1F539A7F,1.4,0.5333333333333333,0.4666666666666666,0.6,-0.13333333333333336,stable
FED,Michelle W. Bowman,2024-03-05,DOC_1827E142A7B6,0.0,0.5333333333333333,0.35,0.9,-0.55,stable
FED,Michelle W. Bowman,2024-03-07,DOC_894304C5D2D6,0.0,0.4571428571428572,0.27999999999999997,0.9,-0.6200000000000001,stable
FED,Michelle W. Bowman,2024-04-02,DOC_DED80882127D,0.0,0.4,0.0,0.64,-0.64,stable
FED,Michelle W. Bowman,2024-04-03,DOC_94F15D2180A7,0.0,0.35555555555555557,0.0,0.64,-0.64,stable
FED,Michelle W. Bowman,2024-04-05,DOC_CEDE40B82E91,2.8529325012980813,0.6052932501298082,0.7132331253245203,0.5333333333333333,0.179899791991187,stable
FED,Michelle W. Bowman,2024-05-03,DOC_54F26FB8DBDB,0.19999999999999996,0.4947702779220091,1.5264662506490407,0.2333333333333333,1.2931329173157073,hawkish shift
FED,Michelle W. Bowman,2024-05-10,DOC_CD683C9FC52A,-1.4,0.3392147223664535,-0.6,0.607561785899726,-1.2075617858997258,dovish shift
FED,Michelle W. Bowman,2024-05-15,DOC_D57B90CCE69E,0.0,0.3392147223664535,-0.39999999999999997,0.607561785899726,-1.007561785899726,dovish shift
FED,Michelle W. Bowman,2024-05-17,DOC_329D427B9CF9,0.19999999999999996,0.32529325012980814,-0.25,0.7088220835496802,-0.9588220835496802,stable
FED,Michelle W. Bowman,2024-05-28,DOC_7B037A0587FD,0.0,0.18529325012980816,-0.2,0.5705865002596162,-0.7705865002596162,stable
FED,Michelle W. Bowman,2024-06-25,DOC_3A99D27BB0C6,1.8,0.40588138903312015,0.9,0.26470464304258307,0.6352953569574169,stable
FED,Michelle W. Bowman,2024-06-26,DOC_A4D6E945FF1E,1.2529325012980812,0.49058650025961625,1.0176441670993606,0.26470464304258307,0.7529395240567776,stable
FED,Michelle W. Bowman,2024-06-27,DOC_0A410DFA475F,1.2529325012980812,0.559890682172204,1.4352883341987208,0.26470464304258307,1.1705836911561378,hawkish shift
FED,Michelle W. Bowman,2024-07-18,DOC_990D878C7528,1.4,0.5228738891773514,1.4264662506490406,-0.2,1.6264662506490406,hawkish shift
FED,Michelle W. Bowman,2024-08-10,DOC_80B000C8067D,4.179470570797252,1.260666946674177,2.7897352853986264,0.7509775004326937,2.0387577849659326,hawkish shift
FED,Michelle W. Bowman,2024-08-20,DOC_6403BB919C8F,3.6,1.9264765104847736,3.8897352853986265,1.1411730005192324,2.748562284879394,hawkish shift
FED,Michelle W. Bowman,2024-09-10,DOC_C500AF521E82,0.0,1.9264765104847734,1.8,1.9770671146786831,-0.17706711467868308,stable
FED,Michelle W. Bowman,2024-09-20,DOC_B18A28F47B70,0.0,1.6856669466741767,0.0,2.2475559288989024,-2.2475559288989024,dovish shift
FED,Michelle W. Bowman,2024-09-24,DOC_97A23DC4548B,0.40000000000000013,1.5474861531564763,0.1333333333333334,2.3370671146786828,-2.2037337813453495,dovish shift
FED,Michelle W. Bowman,2024-09-26,DOC_5F31BB22FAA0,0.40000000000000013,1.425638652971036,0.20000000000000007,3.059823523599084,-2.8598235235990837,dovish shift
FED,Michelle W. Bowman,2024-09-30,DOC_AB6553B66D99,0.40000000000000013,1.2974338213496566,0.24000000000000007,3.059823523599084,-2.8198235235990836,dovish shift
FED,Michelle W. Bowman,2024-10-02,DOC_6447BAF6BBBE,0.0,1.1532745078663613,0.20000000000000007,3.059823523599084,-2.8598235235990837,dovish shift
FED,Michelle W. Bowman,2024-10-11,DOC_59143D1477D6,0.0,1.0379470570797253,0.20000000000000007,2.294867642699313,-2.0948676426993127,dovish shift
FED,Michelle W. Bowman,2024-11-22,DOC_FF5A0B0D3397,0.0,0.15000000000000005,0.0,0.17142857142857149,-0.17142857142857149,stable
FED,Michelle W. Bowman,2025-01-09,DOC_A8808345A2DB,2.6,1.3,2.6,0.0,2.6,hawkish shift
FED,Michelle W. Bowman,2025-01-31,DOC_F36CDA51C239,4.0,2.1999999999999997,3.3,0.0,3.3,hawkish shift
FED,Michelle W. Bowman,2025-02-05,DOC_72744245E2F3,0.0,1.65,2.1999999999999997,0.0,2.1999999999999997,hawkish shift
FED,Michelle W. Bowman,2025-02-17,DOC_ECBF8892F3ED,1.4,1.6,1.8,1.3,0.5,stable
FED,Michelle W. Bowman,2025-03-07,DOC_09F4C12700F8,-1.4,1.3199999999999998,0.0,3.3,-3.3,dovish shift
FED,Michelle W. Bowman,2025-06-23,DOC_B21CBB02A1E4,-2.2189475010096187,-2.2189475010096187,-2.2189475010096187,,,stable
FED,Michelle W. Bowman,2025-08-01,DOC_F4B45AF4E5DB,0.0,-1.1094737505048093,0.0,-2.2189475010096187,2.2189475010096187,hawkish shift
FED,Michelle W. Bowman,2025-08-09,DOC_425C4974F38D,2.2,-0.006315833669872835,1.1,-2.2189475010096187,3.3189475010096188,hawkish shift
FED,Michelle W. Bowman,2025-09-26,DOC_526FEBB57CC5,-2.2189475010096187,-0.006315833669872835,-2.2189475010096187,1.1,-3.3189475010096188,dovish shift
FED,Michelle W. Bowman,2025-10-09,DOC_0F8E61CD579F,0.0,-0.0047368752524046265,-1.1094737505048093,1.1,-2.2094737505048094,dovish shift
FED,Michelle W. Bowman,2026-01-07,DOC_00A4CAC24036,0.0,0.0,0.0,0.0,0.0,stable
FED,Michelle W. Bowman,2026-01-16,DOC_A9E5ECA1C637,0.8000000000000003,0.40000000000000013,0.40000000000000013,,,stable
FED,Michelle W. Bowman,2026-01-30,DOC_2B4929C624D0,-2.8,-0.6666666666666665,-0.6666666666666665,,,stable
FED,Michelle W. Bowman,2026-02-16,DOC_5D01C02457E0,0.0,-0.4999999999999999,-1.4,0.40000000000000013,-1.8,dovish shift
FED,Michelle W. Bowman,2026-03-03,DOC_E506EC50F6D5,0.0,-0.3999999999999999,0.0,-0.6666666666666665,0.6666666666666665,stable
FED,Michelle W. Bowman,2026-03-12,DOC_F252770C032B,0.0,-0.33333333333333326,0.0,-0.6666666666666665,0.6666666666666665,stable
FED,Michelle W. Bowman,2026-05-01,DOC_17DA4AAFD88D,0.0,0.0,0.0,0.0,0.0,stable
FED,Michelle W. Bowman,2026-05-05,DOC_FDBF1675216E,0.0,0.0,0.0,0.0,0.0,stable
FED,Michelle W. Bowman,2026-05-08,DOC_AC6001390A99,0.0,0.0,0.0,0.0,0.0,stable
FED,Monetary Policy and Financial Stability,2023-10-02,DOC_C098636BA2D2,3.0,3.0,3.0,,,stable
FED,Multiple Scenarios in Stress Testing,2023-10-19,DOC_D51B9888071F,0.0,0.0,0.0,,,stable
FED,One Transitory Shock After Another,2026-04-17,DOC_A31AF50DD11E,1.4,1.4,1.4,,,stable
FED,Opening Remarks,2023-06-22,DOC_D4FA59CE926E,2.0,2.0,2.0,,,stable
FED,Opening Remarks,2023-10-27,DOC_E58A40D404AE,0.0,0.0,0.0,,,stable
FED,Opening Remarks,2024-01-17,DOC_0D309F65E186,0.0,0.0,0.0,0.0,0.0,stable
FED,Opening Remarks,2024-04-18,DOC_2EDA32D5BA16,0.0,0.0,0.0,,,stable
FED,Opening Remarks,2024-06-25,DOC_9DA8D82ADA21,0.0,0.0,0.0,0.0,0.0,stable
FED,Opening Remarks,2024-07-10,DOC_9070B9890859,0.0,0.0,0.0,0.0,0.0,stable
FED,Opening Remarks,2024-07-24,DOC_B365776CCC3A,0.0,0.0,0.0,,,stable
FED,Opening Remarks,2024-08-19,DOC_3BFCF04A3A64,0.0,0.0,0.0,0.0,0.0,stable
FED,Opening Remarks,2024-10-23,DOC_9A5B8A80A676,1.4,0.7,1.4,0.0,1.4,hawkish shift
FED,Opening Remarks,2025-05-15,DOC_375034EB4A13,-1.4,-1.4,-1.4,,,stable
FED,Opening Remarks,2025-05-29,DOC_46EBEC1AC13F,0.0,-0.7,-0.7,,,stable
FED,Opening Remarks,2025-06-24,DOC_84A53E8BC692,0.0,-0.4666666666666666,0.0,-1.4,1.4,hawkish shift
FED,Opening Remarks,2025-10-09,DOC_4050F8B427BA,0.0,0.0,0.0,,,stable
FED,Opening Remarks,2025-10-30,DOC_F412F757EE02,0.0,0.0,0.0,,,stable
FED,Opening Remarks,2026-02-19,DOC_4F3729E6CFA8,0.0,0.0,0.0,,,stable
FED,Opening Remarks,2026-05-14,DOC_9F5E3486F1AA,0.0,0.0,0.0,0.0,0.0,stable
FED,Opening Remarks on Productivity Dynamics,2025-05-09,DOC_BF16EE476921,0.0,0.0,0.0,,,stable
FED,Opportunity and Inclusive Economic Growth,2022-11-17,DOC_594157576908,0.0,0.0,0.0,,,stable
FED,Panel Remarks,2023-09-27,DOC_CB416552C0AD,0.0,0.0,0.0,,,stable
FED,Philip N. Jefferson,2022-10-04,DOC_E033E7C183F4,2.2,2.2,2.2,,,stable
FED,Philip N. Jefferson,2023-02-24,DOC_2F70D39A152A,0.0,0.0,0.0,,,stable
FED,Philip N. Jefferson,2023-02-27,DOC_28D5A930FD2E,0.0,0.0,0.0,,,stable
FED,Philip N. Jefferson,2023-03-27,DOC_5D1D245F0BE4,0.0,0.0,0.0,0.0,0.0,stable
FED,Philip N. Jefferson,2023-05-12,DOC_91B0FF0D9415,2.4,0.6,2.4,0.0,2.4,hawkish shift
FED,Philip N. Jefferson,2023-05-18,DOC_995A003B0054,-2.8,-0.07999999999999999,-0.19999999999999996,0.0,-0.19999999999999996,stable
FED,Philip N. Jefferson,2023-05-31,DOC_79D7AE3A8577,3.8,0.85,1.1333333333333333,0.0,1.1333333333333333,hawkish shift
FED,Philip N. Jefferson,2023-10-09,DOC_6E8DBBF45BBC,4.056842503028856,4.056842503028856,4.056842503028856,,,stable
FED,Philip N. Jefferson,2023-10-19,DOC_B1A92F805EF8,0.0,2.028421251514428,2.028421251514428,,,stable
FED,Philip N. Jefferson,2023-11-08,DOC_3D197D40208B,0.0,1.3522808343429522,0.0,,,stable
FED,Philip N. Jefferson,2023-11-14,DOC_2E670DD3B606,0.0,1.014210625757214,0.0,4.056842503028856,-4.056842503028856,dovish shift
FED,Philip N. Jefferson,2024-02-22,DOC_BA31CBED9F34,0.0,0.0,0.0,,,stable
FED,Philip N. Jefferson,2024-04-16,DOC_D2E5C92B3635,0.8000000000000003,0.40000000000000013,0.8000000000000003,0.0,0.8000000000000003,stable
FED,Philip N. Jefferson,2024-05-13,DOC_C6E4781FFCEE,-1.4,-0.19999999999999987,-0.2999999999999998,0.0,-0.2999999999999998,stable
FED,Philip N. Jefferson,2024-05-20,DOC_FB9CC007D065,0.0,-0.1499999999999999,-0.7,0.40000000000000013,-1.1,dovish shift
FED,Philip N. Jefferson,2024-10-08,DOC_A90F2F9F2969,0.0,0.0,0.0,,,stable
FED,Philip N. Jefferson,2024-10-09,DOC_EB7AEA085E82,0.0,0.0,0.0,,,stable
FED,Philip N. Jefferson,2025-02-04,DOC_633EE3BADFC4,-2.2189475010096187,-2.2189475010096187,-2.2189475010096187,,,stable
FED,Philip N. Jefferson,2025-02-05,DOC_596F502D42E8,3.2,0.49052624949519075,0.49052624949519075,,,stable
FED,Philip N. Jefferson,2025-02-19,DOC_09EF657FE56C,0.0,0.3270174996634605,0.3270174996634605,,,stable
FED,Philip N. Jefferson,2025-02-21,DOC_6185D97CE1CF,-1.4,-0.1047368752524046,-0.1047368752524046,,,stable
FED,Philip N. Jefferson,2025-04-03,DOC_18D173CC2EEB,1.4,0.1962104997980763,1.4,-0.1047368752524046,1.5047368752524046,hawkish shift
FED,Philip N. Jefferson,2025-04-22,DOC_54E3A3DF8F52,0.0,0.16350874983173025,0.7,-0.1047368752524046,0.8047368752524046,stable
FED,Philip N. Jefferson,2025-05-14,DOC_8C8C9198E0DB,0.0,0.0,0.0,0.0,0.0,stable
FED,Philip N. Jefferson,2025-05-19,DOC_EA4E152AA4D9,0.0,0.0,0.0,0.0,0.0,stable
FED,Philip N. Jefferson,2025-09-30,DOC_CB9D7E5D3864,-1.4,-1.4,-1.4,,,stable
FED,Philip N. Jefferson,2025-10-03,DOC_B50FFE12E512,-1.4,-1.4,-1.4,,,stable
FED,Philip N. Jefferson,2025-11-07,DOC_2A1B3CDD1BC0,-1.4,-1.4,-1.4,-1.4,0.0,stable
FED,Philip N. Jefferson,2025-11-17,DOC_922296F6ED5F,-0.41894750100961864,-1.1547368752524045,-0.9094737505048093,-1.4,0.49052624949519064,stable
FED,Philip N. Jefferson,2025-11-21,DOC_E5B83E572E47,0.0,-0.9237895002019236,-0.6063158336698729,-1.4,0.7936841663301271,stable
FED,Philip N. Jefferson,2026-01-16,DOC_3985834A441C,-2.2189475010096187,-1.0094737505048093,-2.2189475010096187,-0.6063158336698729,-1.6126316673397458,dovish shift
FED,Philip N. Jefferson,2026-02-06,DOC_15AD70037D44,1.7810524989903813,-0.21421062575721395,-0.21894750100961868,-0.20947375050480932,-0.009473750504809364,stable
FED,Philip N. Jefferson,2026-03-26,DOC_FA7D3A44E4E8,0.0,-0.14596500067307905,0.0,-0.21894750100961868,0.21894750100961868,stable
FED,Philip N. Jefferson,2026-04-07,DOC_E812A26DC7B5,0.0,-0.10947375050480929,0.0,-0.21894750100961868,0.21894750100961868,stable
FED,Philip N. Jefferson,2026-05-27,DOC_345C020CA9AB,0.40000000000000013,0.13333333333333344,0.40000000000000013,0.0,0.40000000000000013,stable
FED,Policy Risks Have Changed,2026-05-22,DOC_CB60C8342E21,0.0,0.0,0.0,,,stable
FED,Pro Tempore Jerome H. Powell,2022-03-21,DOC_4D2F6C089423,0.20000000000000018,0.20000000000000018,0.20000000000000018,,,stable
FED,Promoting an Inclusive Financial System,2024-07-09,DOC_AEE055287570,0.0,0.0,0.0,,,stable
FED,Randal K. Quarles,2021-02-25,DOC_8DC10F392688,0.0,0.0,0.0,,,stable
FED,Randal K. Quarles,2021-05-26,DOC_E3AD9FFD4760,0.0,0.0,0.0,0.0,0.0,stable
FED,Randal K. Quarles,2021-06-03,DOC_7987F6B7F83D,1.4,0.7,0.7,,,stable
FED,Randal K. Quarles,2021-06-28,DOC_459BE97E35B7,0.0,0.4666666666666666,0.7,0.0,0.7,stable
FED,Randal K. Quarles,2021-07-11,DOC_F4ABCEE274DA,0.0,0.35,0.0,0.7,-0.7,stable
FED,Randal K. Quarles,2021-10-05,DOC_E202CE5D8EEE,0.0,0.0,0.0,0.0,0.0,stable
FED,Randal K. Quarles,2021-10-18,DOC_930A561867E9,4.199999999999999,2.0999999999999996,2.0999999999999996,,,stable
FED,Randal K. Quarles,2021-10-20,DOC_08D9FCBAB99F,1.8,1.9999999999999998,1.9999999999999998,,,stable
FED,Randal K. Quarles,2021-12-02,DOC_B856ED3CFF11,1.4,1.8499999999999999,1.4,1.9999999999999998,-0.5999999999999999,stable
FED,Reflections on Financial Stability,2026-03-26,DOC_98288CC3DA94,3.6189475010096186,3.6189475010096186,3.6189475010096186,,,stable
FED,Regulating Stablecoins,2022-10-12,DOC_97B9C8E3B013,0.0,0.0,0.0,,,stable
FED,Remarks to Delta Sigma Theta,2023-01-21,DOC_C2E75FF919ED,0.0,0.0,0.0,,,stable
FED,Review of Silicon Valley Bank,2024-02-16,DOC_D1FA525B21CE,0.0,0.0,0.0,,,stable
FED,Richard H. Clarida,2021-01-08,DOC_0EA9A9606F96,0.0,0.0,0.0,,,stable
FED,Richard H. Clarida,2021-01-13,DOC_EF48534C26F2,0.0,0.0,0.0,,,stable
FED,Richard H. Clarida,2021-02-24,DOC_167497A7F46A,0.0,0.0,0.0,0.0,0.0,stable
FED,Richard H. Clarida,2021-03-25,DOC_D41A8AE74E26,0.0,0.0,0.0,0.0,0.0,stable
FED,Richard H. Clarida,2021-04-14,DOC_2EC7BB16BD4B,0.0,0.0,0.0,0.0,0.0,stable
FED,Richard H. Clarida,2021-05-12,DOC_BECFAC912D80,0.0,0.0,0.0,0.0,0.0,stable
FED,Richard H. Clarida,2021-05-17,DOC_CA6B2E0B696A,0.0,0.0,0.0,0.0,0.0,stable
FED,Richard H. Clarida,2021-08-04,DOC_02F037FBECDC,0.0,0.0,0.0,0.0,0.0,stable
FED,Richard H. Clarida,2021-10-12,DOC_A8B682FA5C31,0.0,0.0,0.0,0.0,0.0,stable
FED,Richard H. Clarida,2021-11-08,DOC_E9C42DF66787,0.0,0.0,0.0,,,stable
FED,Richard H. Clarida,2021-11-19,DOC_067630A03BBB,0.0,0.0,0.0,0.0,0.0,stable
FED,Richard H. Clarida,2021-11-30,DOC_ABFFFC01A62B,0.0,0.0,0.0,0.0,0.0,stable
FED,Risk in the Crypto Markets,2022-06-03,DOC_6704B5480198,0.0,0.0,0.0,,,stable
FED,Something Appears to Be Giving,2023-11-28,DOC_B9566B15032C,0.0,0.0,0.0,,,stable
FED,Stablecoins as Private Money,2022-09-07,DOC_6CD45CA20399,0.0,0.0,0.0,,,stable
FED,Stephen I. Miran,2025-09-22,DOC_CBAB127CB945,0.0,0.0,0.0,,,stable
FED,Stephen I. Miran,2025-11-07,DOC_2EC571D46FE1,0.0,0.0,0.0,0.0,0.0,stable
FED,Stephen I. Miran,2025-11-19,DOC_24349764EBB9,0.0,0.0,0.0,0.0,0.0,stable
FED,Stephen I. Miran,2026-01-14,DOC_BE9A20271EC2,0.0,0.0,0.0,0.0,0.0,stable
FED,Stephen I. Miran,2026-03-26,DOC_8BC658E9E0EC,0.0,0.0,0.0,0.0,0.0,stable
FED,Supervision and Regulation,2026-02-26,DOC_6879DD38A21B,0.0,0.0,0.0,,,stable
FED,Supporting Small Businesses,2026-03-31,DOC_90CD027144B2,0.0,0.0,0.0,,,stable
FED,Technological Advancements in Payments,2025-08-20,DOC_49BCECDED3C4,0.0,0.0,0.0,,,stable
FED,The Case for Cutting Now,2025-07-17,DOC_F21861C74D89,-1.2,-1.2,-1.2,,,stable
FED,The Dollar's International Role,2024-02-15,DOC_19D729ED81D6,0.0,0.0,0.0,,,stable
FED,The Future of Banking,2024-02-02,DOC_D8CD1AA44E6F,0.0,0.0,0.0,,,stable
FED,The Global Fight Against Inflation,2024-10-08,DOC_2EDAC3E1820D,-2.8,-2.8,-2.8,,,stable
FED,The Inflation Outlook,2025-12-15,DOC_BBF4CF589076,0.0,0.0,0.0,,,stable
FED,The Next Steps on Capital,2024-09-10,DOC_3C01DACBF770,0.0,0.0,0.0,,,stable
FED,The Time Has Come,2024-09-06,DOC_502E85EB00A2,-4.2,-4.2,-4.2,,,stable
FED,The Unstable Phillips Curve,2023-03-31,DOC_7846E04CFD2B,-1.4,-1.4,-1.4,,,stable
FED,Thoughts on the Crypto Ecosystem,2023-02-10,DOC_0B65E798863E,0.0,0.0,0.0,,,stable
FED,Transmission of Monetary Policy,2025-04-22,DOC_36CFE0F8138B,0.6339850002884626,0.6339850002884626,0.6339850002884626,,,stable
FED,Watch Live,2024-05-20,DOC_04F504377147,3.4,3.4,3.4,,,stable
FED,Watch Live,2025-06-06,DOC_BE72629825FD,0.0,0.0,0.0,,,stable
FED,Watch Live,2026-05-29,DOC_9B12B4B196CF,-3.7150849518197795,-3.7150849518197795,-3.7150849518197795,,,stable
FED,Welcome Remarks,2023-02-16,DOC_679849A4866A,0.0,0.0,0.0,,,stable
FED,Welcome Remarks,2023-10-26,DOC_0DB769ACB7A5,0.0,0.0,0.0,,,stable
FED,Welcome Remarks,2025-10-07,DOC_96075950B680,0.0,0.0,0.0,,,stable
FED,Welcome Remarks,2025-10-16,DOC_70322661AAB0,0.0,0.0,0.0,,,stable
FED,Welcoming Remarks,2021-08-03,DOC_A2E289CA8EFD,0.0,0.0,0.0,,,stable
FED,Welcoming Remarks,2021-10-19,DOC_688791B68D0C,0.0,0.0,0.0,0.0,0.0,stable
FED,Welcoming Remarks,2022-03-18,DOC_3A6FC2995A40,0.0,0.0,0.0,,,stable
FED,Welcoming Remarks,2022-10-20,DOC_D2947DC67540,0.0,0.0,0.0,,,stable
FED,Welcoming Remarks,2023-02-15,DOC_ACF9B2E973D5,0.0,0.0,0.0,,,stable
FED,Welcoming Remarks,2023-04-04,DOC_AA38C02FEA46,0.0,0.0,0.0,0.0,0.0,stable
FED,Welcoming Remarks,2023-06-22,DOC_C50E3456BDF4,0.0,0.0,0.0,0.0,0.0,stable
FED,Welcoming Remarks,2023-08-07,DOC_488337565CC4,0.0,0.0,0.0,0.0,0.0,stable
FED,Welcoming Remarks,2023-08-22,DOC_AA0839D296EF,0.0,0.0,0.0,0.0,0.0,stable
FED,Welcoming Remarks,2023-09-26,DOC_833FE9E2A350,0.0,0.0,0.0,0.0,0.0,stable
FED,Welcoming Remarks,2023-11-13,DOC_4DB1ECF1A397,0.0,0.0,0.0,0.0,0.0,stable
FED,Welcoming Remarks,2024-06-24,DOC_7AE14ADBD1E1,0.0,0.0,0.0,,,stable
FED,Welcoming Remarks,2025-04-23,DOC_B34E93849BD6,0.0,0.0,0.0,,,stable
FED,Welcoming Remarks,2025-06-04,DOC_99553F9575EE,0.0,0.0,0.0,0.0,0.0,stable
FED,Welcoming Remarks,2025-06-23,DOC_6798A4B4DCD9,0.0,0.0,0.0,0.0,0.0,stable
FED,Welcoming Remarks,2025-07-15,DOC_D7A16662B5A3,0.0,0.0,0.0,0.0,0.0,stable
FED,Welcoming Remarks,2025-11-21,DOC_36A6A4D6C144,0.0,0.0,0.0,,,stable
FED,Why Bank Capital Matters,2022-12-01,DOC_BBCA21B7302F,1.4,1.4,1.4,,,stable
NORGES_BANK,Conduct of monetary policy,2021-05-06,DOC_4102871B2D6C,0.0,0.0,0.0,,,stable
NORGES_BANK,Economic perspectives,2021-02-18,DOC_DF9B24DC2481,0.0,0.0,0.0,,,stable
NORGES_BANK,Economic perspectives,2022-02-17,DOC_0D59907E2A3D,0.0,0.0,0.0,,,stable
NORGES_BANK,Economic perspectives,2022-03-31,DOC_7119B9C2D63B,0.0,0.0,0.0,0.0,0.0,stable
NORGES_BANK,Economic perspectives,2023-02-16,DOC_4E2164F5BFA2,1.4,1.4,1.4,,,stable
NORGES_BANK,Economic perspectives,2024-02-15,DOC_E76F05D2E905,0.0,0.0,0.0,,,stable
NORGES_BANK,Economic perspectives,2025-02-13,DOC_E45408EC2C88,0.0,0.0,0.0,,,stable
NORGES_BANK,Economic perspectives,2026-02-12,DOC_9AD0F92D69E4,0.0,0.0,0.0,,,stable
NORGES_BANK,Ida Wolden Bache,2022-11-03,DOC_D82D4AD4654A,0.0,0.0,0.0,,,stable
NORGES_BANK,Ida Wolden Bache,2023-06-27,DOC_03FDCECC55C1,0.0,0.0,0.0,,,stable
NORGES_BANK,Ida Wolden Bache,2023-10-27,DOC_509342C3814A,0.0,0.0,0.0,,,stable
NORGES_BANK,Ida Wolden Bache,2024-04-30,DOC_ED2CC2FA8DB8,0.0,0.0,0.0,,,stable
NORGES_BANK,Ida Wolden Bache,2025-05-13,DOC_40ACB846B315,0.0,0.0,0.0,,,stable
NORGES_BANK,Ida Wolden Bache,2026-05-05,DOC_8300F9A14D33,0.0,0.0,0.0,,,stable
NORGES_BANK,Ida Wolden Bache's speech,2026-05-21,DOC_6DA971054163,0.0,0.0,0.0,,,stable
NORGES_BANK,Ida Wolden Bache.,2021-05-11,DOC_712A5C0366C5,0.0,0.0,0.0,,,stable
NORGES_BANK,Monetary policy and inflation,2022-10-20,DOC_E31FD32817BD,0.0,0.0,0.0,,,stable
NORGES_BANK,More information,2024-04-30,DOC_22B0B2E64CC1,0.0,0.0,0.0,,,stable
NORGES_BANK,More information,2026-05-05,DOC_96F5BB269848,0.0,0.0,0.0,,,stable
NORGES_BANK,Norges Bank in a turbulent world,2025-04-08,DOC_B87468C73A1B,0.0,0.0,0.0,,,stable
NORGES_BANK,Presentation,2022-09-22,DOC_FF95EBF61AF5,0.0,0.0,0.0,,,stable
NORGES_BANK,Remarks by Ida Wolden Bache,2021-03-05,DOC_FBF394F74A84,0.0,0.0,0.0,,,stable
NORGES_BANK,Remarks by Pål Longva,2024-02-23,DOC_6171FE8058CF,0.0,0.0,0.0,,,stable
NORGES_BANK,Remarks by Pål Longva,2025-02-27,DOC_0B4B13C31F26,0.0,0.0,0.0,,,stable
NORGES_BANK,Report from Norges Bank Watch,2022-03-01,DOC_88D0F8DA9A12,0.0,0.0,0.0,,,stable
NORGES_BANK,Report from Norges Bank Watch,2023-03-01,DOC_3BDF81CF04F4,0.0,0.0,0.0,,,stable
NORGES_BANK,Report from Norges Bank Watch,2026-02-24,DOC_37413F2AFFF9,0.0,0.0,0.0,,,stable
NORGES_BANK,See also,2021-05-03,DOC_54EB0E722EB8,0.0,0.0,0.0,,,stable
NORGES_BANK,See also,2023-04-18,DOC_B9771E47C828,0.0,0.0,0.0,,,stable
NORGES_BANK,Speech by Ole Christian Bech-Moen,2022-02-02,DOC_1980E3B01108,0.0,0.0,0.0,,,stable
NORGES_BANK,Speech by Ole Christian Bech-Moen,2023-02-02,DOC_472F9EF9E1D9,0.0,0.0,0.0,,,stable
NORGES_BANK,Speech by Ole Christian Bech-Moen,2025-01-30,DOC_79AF46A56BD9,0.0,0.0,0.0,,,stable
NORGES_BANK,Speech by Ole Christian Bech-Moen,2026-01-29,DOC_EFA35AF59B95,0.0,0.0,0.0,,,stable
NORGES_BANK,The conduct of monetary policy,2022-04-28,DOC_EC0E1D1E4CD3,0.0,0.0,0.0,,,stable
NORGES_BANK,The conduct of monetary policy,2023-05-09,DOC_D6CCD622EC1A,0.0,0.0,0.0,,,stable
NORGES_BANK,The conduct of monetary policy,2024-05-07,DOC_4F1AF9B40F4A,0.0,0.0,0.0,,,stable
NORGES_BANK,The conduct of monetary policy,2025-05-09,DOC_DE2F152924E7,2.2,2.2,2.2,,,stable
NORGES_BANK,The conduct of monetary policy,2026-05-07,DOC_9A08B9912FEA,2.4,2.4,2.4,,,stable
NORGES_BANK,a Nordic perspective,2021-10-25,DOC_C86F22AE7F17,0.0,0.0,0.0,,,stable
NORGES_BANK,from mandate to decisions,2021-10-20,DOC_178C4401C5B5,0.0,0.0,0.0,,,stable
NORGES_BANK,micro evidence and macro outcomes,2024-08-23,DOC_0A844C22FC50,0.0,0.0,0.0,,,stable
NORGES_BANK,the case of Norway,2024-10-24,DOC_8AE8F016BA52,0.0,0.0,0.0,,,stable
NORGES_BANK,the road ahead,2021-11-04,DOC_47CA1BB513F4,0.0,0.0,0.0,,,stable
RBA,Adelaide,2021-04-09,DOC_46D5CB555ED8,0.0,0.0,0.0,,,stable
RBA,Adelaide,2021-06-23,DOC_37EC22410222,0.0,0.0,0.0,0.0,0.0,stable
RBA,Adelaide,2024-06-11,DOC_C40BFEAFC2E3,0.0,0.0,0.0,,,stable
RBA,Adelaide,2026-02-13,DOC_A092C2CBA7A8,0.0,0.0,0.0,,,stable
RBA,Andrea Brischetto,2025-12-15,DOC_5508B3082E96,0.0,0.0,0.0,,,stable
RBA,Andrew Hauser,2024-06-07,DOC_F683588216DF,1.6,1.6,1.6,,,stable
RBA,Andrew Hauser,2024-06-27,DOC_709FE67F7AA1,0.0,0.8,0.8,,,stable
RBA,Andrew Hauser,2024-08-12,DOC_6335D11A1072,-1.4,0.06666666666666672,-1.4,0.8,-2.2,dovish shift
RBA,Andrew Hauser,2024-08-30,DOC_6914851B71B2,0.0,0.050000000000000044,-0.7,0.8,-1.5,dovish shift
RBA,Andrew Hauser,2024-10-08,DOC_37A778856FEB,0.0,-0.4666666666666666,0.0,-0.7,0.7,stable
RBA,Andrew Hauser,2024-10-21,DOC_72BCBE764736,0.0,-0.35,0.0,-0.7,0.7,stable
RBA,Andrew Hauser,2024-12-11,DOC_E24838EDF669,0.0,0.0,0.0,0.0,0.0,stable
RBA,Andrew Hauser,2025-03-05,DOC_6EB50D50D1F7,0.0,0.0,0.0,0.0,0.0,stable
RBA,Andrew Hauser,2025-05-22,DOC_74D2450D364A,0.0,0.0,0.0,0.0,0.0,stable
RBA,Andrew Hauser,2025-07-09,DOC_7BAB771DB72B,0.0,0.0,0.0,0.0,0.0,stable
RBA,Andrew Hauser,2025-07-31,DOC_E2D4CFC506D6,0.0,0.0,0.0,0.0,0.0,stable
RBA,Andrew Hauser,2025-09-16,DOC_42EBD94FA7C1,0.0,0.0,0.0,0.0,0.0,stable
RBA,Andrew Hauser,2025-11-10,DOC_C48491A5AFB5,0.0,0.0,0.0,0.0,0.0,stable
RBA,Andrew Hauser,2025-11-12,DOC_448C98C98839,0.0,0.0,0.0,0.0,0.0,stable
RBA,Andrew Hauser,2026-01-08,DOC_0EA5E5D91029,0.0,0.0,0.0,0.0,0.0,stable
RBA,Andrew Hauser,2026-02-11,DOC_36F217686A31,-1.6,-0.8,-1.6,0.0,-1.6,dovish shift
RBA,Andrew Hauser,2026-02-24,DOC_599FB4379AAA,2.5359400011538504,0.31198000038461676,0.46797000057692517,0.0,0.46797000057692517,stable
RBA,Andrew Hauser,2026-03-07,DOC_AED3B3987A78,0.0,0.23398500028846259,0.31198000038461676,0.0,0.31198000038461676,stable
RBA,Andrew Hauser,2026-03-10,DOC_AFB1DAB34FB7,0.0,0.18718800023077006,0.23398500028846259,0.0,0.23398500028846259,stable
RBA,Andrew Hauser,2026-04-14,DOC_0608E751BCC4,-1.4,-0.09281199976922991,-1.4,0.23398500028846259,-1.6339850002884626,dovish shift
RBA,Andrew Hauser,2026-04-16,DOC_2BF02351C001,0.0,-0.07734333314102493,-0.7,0.23398500028846259,-0.9339850002884625,stable
RBA,Bali,2022-07-17,DOC_1A376C805DEE,0.0,0.0,0.0,,,stable
RBA,Brad Jones,2024-11-08,DOC_56B56CE4676C,0.0,0.0,0.0,,,stable
RBA,Brad Jones,2024-11-15,DOC_9FAD8ADC6FB1,-1.4,-0.7,-0.7,,,stable
RBA,Brad Jones,2025-02-25,DOC_8D5012B55917,0.0,0.0,0.0,,,stable
RBA,Brad Jones,2025-03-13,DOC_70A4B0BBA883,0.0,0.0,0.0,,,stable
RBA,Brad Jones,2025-03-25,DOC_C6442928401D,0.0,0.0,0.0,,,stable
RBA,Brad Jones,2025-09-12,DOC_770564B3574E,0.0,0.0,0.0,,,stable
RBA,Brad Jones,2025-09-17,DOC_B30D32AC3E19,0.0,0.0,0.0,,,stable
RBA,Brad Jones,2025-10-21,DOC_0BBABD9724FB,0.0,0.0,0.0,0.0,0.0,stable
RBA,Brad Jones,2025-12-16,DOC_BA20982750D6,0.0,0.0,0.0,0.0,0.0,stable
RBA,Brad Jones,2026-03-25,DOC_0D9D83F4C8A9,0.0,0.0,0.0,,,stable
RBA,Brisbane,2021-08-02,DOC_C61F556007A1,0.0,0.0,0.0,,,stable
RBA,Brisbane,2022-07-19,DOC_6783179E571B,0.0,0.0,0.0,,,stable
RBA,Brisbane,2023-07-12,DOC_0363B8473386,4.4,4.4,4.4,,,stable
RBA,Callan Windsor,2023-10-10,DOC_0CC57C1C94C0,0.0,0.0,0.0,,,stable
RBA,Canberra,2021-02-03,DOC_6A6D1A1A326F,0.0,0.0,0.0,,,stable
RBA,Canberra,2021-02-05,DOC_38C58F0E4652,-1.4,-0.7,-0.7,,,stable
RBA,Canberra,2021-06-02,DOC_3434582645E0,0.0,0.0,0.0,,,stable
RBA,Canberra,2022-02-13,DOC_61E3807E1DD6,-2.2,-2.2,-2.2,,,stable
RBA,Canberra,2022-03-02,DOC_7C8322B5AC63,0.0,-1.1,-1.1,,,stable
RBA,Canberra,2022-09-16,DOC_E63F05C6CD60,0.0,0.0,0.0,,,stable
RBA,Canberra,2023-02-17,DOC_17B501CE3399,0.0,0.0,0.0,,,stable
RBA,Canberra,2023-08-11,DOC_DAE4D394F3C9,2.4,2.4,2.4,,,stable
RBA,Canberra,2023-08-29,DOC_08BBC4E4F906,0.0,1.2,1.2,,,stable
RBA,Canberra,2024-08-12,DOC_A929C860CEAC,0.0,0.0,0.0,,,stable
RBA,Canberra,2025-06-02,DOC_C1BF5AB7AC67,0.0,0.0,0.0,,,stable
RBA,Canberra,2025-10-10,DOC_D479CA7553BB,0.0,0.0,0.0,,,stable
RBA,Challenges and Opportunities,2024-04-04,DOC_3A9DB52E27B5,0.0,0.0,0.0,,,stable
RBA,Christopher Kent,2025-10-16,DOC_3899B1FDEB31,0.0,0.0,0.0,,,stable
RBA,Christopher Kent,2026-03-26,DOC_CE0B20C065A8,2.4,2.4,2.4,,,stable
RBA,"Christopher Kent, Assistant",2025-04-29,DOC_1B6156993F71,0.0,0.0,0.0,,,stable
RBA,Darwin,2025-07-11,DOC_370B6D996315,0.0,0.0,0.0,,,stable
RBA,David Jacobs,2025-06-12,DOC_1215A8E02B02,0.0,0.0,0.0,,,stable
RBA,Ellis Connolly,2024-12-12,DOC_36A68F634357,2.0,2.0,2.0,,,stable
RBA,Ellis Connolly,2026-02-24,DOC_0F21C811ECF8,0.0,0.0,0.0,,,stable
RBA,Financial Risks and Opportunities,2021-12-16,DOC_3460EBB7E7F0,0.0,0.0,0.0,,,stable
RBA,Forum,2025-01-30,DOC_5E92B46B760F,0.0,0.0,0.0,,,stable
RBA,Forum,2026-02-04,DOC_08702B48D4A5,0.0,0.0,0.0,,,stable
RBA,Glenn Stevens,2022-07-14,DOC_434DB8736CEA,0.0,0.0,0.0,,,stable
RBA,Glenn Stevens,2023-10-14,DOC_263AC6C95EE0,0.0,0.0,0.0,,,stable
RBA,Glenn Stevens,2025-09-14,DOC_2ECF60312506,0.0,0.0,0.0,,,stable
RBA,Globally and in Australia,2025-11-12,DOC_02F549E2E6C7,0.0,0.0,0.0,,,stable
RBA,Guy Debelle,2021-06-03,DOC_A4387E9BA5D9,0.0,0.0,0.0,,,stable
RBA,Hobart,2022-11-01,DOC_A3607DA019F0,0.0,0.0,0.0,,,stable
RBA,Hong Kong,2023-11-28,DOC_0B9C8872BCD2,0.0,0.0,0.0,,,stable
RBA,Hong Kong,2026-03-14,DOC_EFDF7AC34147,0.0,0.0,0.0,,,stable
RBA,Hybrid Conference,2021-09-08,DOC_A3CD81A53393,0.0,0.0,0.0,,,stable
RBA,Inflation and Employment,2025-07-24,DOC_D02FDFDD931E,0.0,0.0,0.0,,,stable
RBA,Jacqui Dwyer,2024-05-28,DOC_9EFF391D9A6E,0.0,0.0,0.0,,,stable
RBA,Luci Ellis,2022-11-29,DOC_59561A5978CC,0.0,0.0,0.0,,,stable
RBA,Luci Ellis,2023-02-23,DOC_691C7825A2F3,0.0,0.0,0.0,0.0,0.0,stable
RBA,Macquarie University,2022-09-28,DOC_A2D938554924,0.0,0.0,0.0,,,stable
RBA,Melbourne,2022-02-06,DOC_C0A7C1689902,2.5359400011538504,2.5359400011538504,2.5359400011538504,,,stable
RBA,Melbourne,2022-03-13,DOC_F8D4A5350694,0.0,1.2679700005769252,0.0,2.5359400011538504,-2.5359400011538504,dovish shift
RBA,Melbourne,2022-07-09,DOC_9E9A4DA0D904,0.0,0.0,0.0,,,stable
RBA,Melbourne,2022-07-20,DOC_72A746A9F03C,0.0,0.0,0.0,,,stable
RBA,Melbourne,2022-09-07,DOC_798908EC2A0D,0.0,0.0,0.0,0.0,0.0,stable
RBA,Melbourne,2022-11-22,DOC_CA09FB1DE792,0.0,0.0,0.0,0.0,0.0,stable
RBA,Melbourne,2023-02-11,DOC_1B8685347F5C,0.0,0.0,0.0,0.0,0.0,stable
RBA,Melbourne,2023-04-12,DOC_0913E3434D8F,-1.2,-0.6,-1.2,0.0,-1.2,dovish shift
RBA,Melbourne,2023-11-21,DOC_B11E5BBFB735,0.0,0.0,0.0,,,stable
RBA,Melbourne,2024-10-13,DOC_87645D9D6306,1.6,1.6,1.6,,,stable
RBA,Melbourne,2025-03-09,DOC_04D506DAD520,0.0,0.0,0.0,,,stable
RBA,Melbourne,2025-08-04,DOC_4229ECBF6AB9,0.0,0.0,0.0,,,stable
RBA,Melbourne,2025-09-07,DOC_096A00B51F8A,0.0,0.0,0.0,0.0,0.0,stable
RBA,Melbourne,2025-09-12,DOC_8E75EEA8B66A,0.0,0.0,0.0,0.0,0.0,stable
RBA,Melbourne,2025-09-14,DOC_BCC8E5F0CC77,0.0,0.0,0.0,0.0,0.0,stable
RBA,Melbourne,2025-11-09,DOC_22F2FFD33E71,0.0,0.0,0.0,0.0,0.0,stable
RBA,Michael Plumb,2026-02-24,DOC_7AEC147276D2,0.0,0.0,0.0,,,stable
RBA,Michele Bullock,2024-02-06,DOC_5B310AD6E95D,2.0,2.0,2.0,,,stable
RBA,Michele Bullock,2024-02-09,DOC_D5AC94172659,0.0,1.0,1.0,,,stable
RBA,Michele Bullock,2024-03-19,DOC_9C6DFB88F4A7,0.0,0.6666666666666666,0.0,1.0,-1.0,dovish shift
RBA,Michele Bullock,2024-05-07,DOC_469E123F4519,7.6,2.533333333333333,7.6,0.0,7.6,hawkish shift
RBA,Michele Bullock,2024-06-18,DOC_B118D6DC17FF,8.418947501009619,8.00947375050481,8.418947501009619,7.6,0.8189475010096192,stable
RBA,Michele Bullock,2024-07-08,DOC_87FEC2EC6B06,0.0,5.3396491670032065,4.209473750504809,7.6,-3.39052624949519,dovish shift
RBA,Michele Bullock,2024-08-06,DOC_E8AD077BB744,4.418947501009619,4.279298334006413,2.2094737505048094,8.418947501009619,-6.209473750504809,dovish shift
RBA,Michele Bullock,2024-08-16,DOC_EF0D95B26ABA,6.652932501298082,4.87270687582933,5.53594000115385,4.209473750504809,1.326466250649041,hawkish shift
RBA,Michele Bullock,2024-09-24,DOC_B147B828478A,7.618947501009619,4.67270687582933,7.618947501009619,3.6906266674359003,3.9283208335737188,hawkish shift
RBA,Michele Bullock,2024-11-05,DOC_D70CD8D926F9,2.4000000000000004,5.557293334102567,2.4000000000000004,7.13594000115385,-4.73594000115385,dovish shift
RBA,Michele Bullock,2024-11-14,DOC_6E7111DB2D2B,2.2189475010096187,4.079298334006412,2.3094737505048095,7.13594000115385,-4.826466250649041,dovish shift
RBA,Michele Bullock,2024-11-21,DOC_39C5BDA5736B,0.0,3.0594737505048095,1.5396491670032064,7.618947501009619,-6.079298334006412,dovish shift
RBA,Michele Bullock,2024-12-10,DOC_657554B03021,0.8189475010096188,2.6113685006057716,1.0126316673397457,5.00947375050481,-3.996842083165064,dovish shift
RBA,Michele Bullock,2025-02-18,DOC_3996D9351F9E,1.8,0.8729825003365397,1.8,0.4094737505048094,1.3905262494951907,hawkish shift
RBA,Michele Bullock,2025-02-21,DOC_3E5D56A806BD,0.0,0.8729825003365397,0.9,0.8189475010096188,0.08105249899038125,stable
RBA,Michele Bullock,2025-04-01,DOC_5037E46743D0,-2.2189475010096187,-0.13964916700320615,-2.2189475010096187,0.9,-3.1189475010096186,dovish shift
RBA,Michele Bullock,2025-04-10,DOC_ED334D5FD980,0.0,-0.1047368752524046,-1.1094737505048093,0.9,-2.0094737505048093,dovish shift
RBA,Michele Bullock,2025-05-20,DOC_58379EFDE740,-2.2189475010096187,-1.1094737505048093,-2.2189475010096187,-0.7396491670032063,-1.4792983340064123,dovish shift
RBA,Michele Bullock,2025-07-08,DOC_3B7D296754AA,-1.4,-1.206315833669873,-1.4,-1.1094737505048093,-0.29052624949519057,stable
RBA,Michele Bullock,2025-08-12,DOC_0AD7586B5725,-3.250699332842307,-2.289882277950642,-3.250699332842307,-1.8094737505048093,-1.4412255823374978,dovish shift
RBA,Michele Bullock,2025-09-03,DOC_F0A29B87737B,0.0,-1.5502331109474357,-1.6253496664211535,-1.4,-0.22534966642115362,stable
RBA,Michele Bullock,2025-09-22,DOC_DC41254B4CBA,0.0,-1.1626748332105767,0.0,-2.3253496664211535,2.3253496664211535,hawkish shift
RBA,Michele Bullock,2025-09-30,DOC_CAAC7E27F544,-2.2189475010096187,-1.3739293667703851,-0.7396491670032063,-2.3253496664211535,1.585700499417947,hawkish shift
RBA,Michele Bullock,2025-10-03,DOC_536A735AB2C4,0.0,-1.144941138975321,-0.7396491670032063,-2.3253496664211535,1.585700499417947,hawkish shift
RBA,Michele Bullock,2025-10-16,DOC_BD3E35D20A6C,0.0,-0.9116078056419875,-0.5547368752524047,-1.6253496664211535,1.0706127911687489,hawkish shift
RBA,Michele Bullock,2025-10-24,DOC_2B9E79AA35ED,0.0,-0.7813781191217036,-0.5547368752524047,-1.083566444280769,0.5288295690283644,stable
RBA,Michele Bullock,2025-10-27,DOC_65F7112B3330,0.0,-0.6837058542314907,-0.44378950020192376,-1.083566444280769,0.6397769440788453,stable
RBA,Michele Bullock,2025-11-04,DOC_1FC32BB027F6,-1.6,-0.7855163148724361,-0.4,-1.093929366770385,0.6939293667703851,stable
RBA,Michele Bullock,2025-12-09,DOC_DE5C03EEF11F,-3.250699332842307,-0.8837058542314907,-3.250699332842307,-0.5455639287156598,-2.705135404126647,dovish shift
RBA,Michele Bullock,2026-02-03,DOC_BCE32E575735,0.8000000000000003,-1.2253496664211534,0.8000000000000003,-3.250699332842307,4.050699332842307,hawkish shift
RBA,Michele Bullock,2026-02-06,DOC_0A837C04B734,0.0,-0.8168997776141023,0.40000000000000013,-3.250699332842307,3.650699332842307,hawkish shift
RBA,Michele Bullock,2026-02-25,DOC_753CECC509D5,0.0,-0.6126748332105767,0.2666666666666668,-3.250699332842307,3.5173659995089737,hawkish shift
RBA,Michele Bullock,2026-03-03,DOC_8A9875501B1D,-1.4,-0.7701398665684613,-0.1499999999999999,-3.250699332842307,3.100699332842307,hawkish shift
RBA,Michele Bullock,2026-03-17,DOC_10B99194BE5F,2.4,0.36000000000000004,0.3333333333333333,0.40000000000000013,-0.06666666666666682,stable
RBA,Michele Bullock,2026-05-05,DOC_AD1CF7815CF0,-1.4,-0.07999999999999999,-1.4,0.25,-1.65,dovish shift
RBA,Michelle McPhee,2025-11-14,DOC_2599F5949CC7,0.0,0.0,0.0,,,stable
RBA,New York,2021-09-11,DOC_127C93EFA011,0.0,0.0,0.0,,,stable
RBA,Newcastle,2023-06-20,DOC_51B9794C3BA7,0.0,0.0,0.0,,,stable
RBA,Online,2021-03-15,DOC_637D95845D6B,0.0,0.0,0.0,,,stable
RBA,Online,2021-03-18,DOC_D08C36BF936B,2.0,1.0,1.0,,,stable
RBA,Online,2021-05-06,DOC_51CA583662D8,0.0,0.6666666666666666,0.0,1.0,-1.0,dovish shift
RBA,Online,2021-06-09,DOC_783890C3493E,0.0,0.5,0.0,0.6666666666666666,-0.6666666666666666,stable
RBA,Online,2021-07-06,DOC_B9E0F9399046,0.0,0.0,0.0,0.0,0.0,stable
RBA,Online,2021-07-08,DOC_FA7E13E2EE9C,0.0,0.0,0.0,0.0,0.0,stable
RBA,Online,2021-08-06,DOC_6F804C858E9D,0.0,0.0,0.0,0.0,0.0,stable
RBA,Online,2021-09-14,DOC_105951ADF557,-1.4,-0.35,-1.4,0.0,-1.4,dovish shift
RBA,Online,2021-09-22,DOC_3F8CACA1CE32,0.0,-0.27999999999999997,-0.7,0.0,-0.7,stable
RBA,Online,2021-11-02,DOC_85FFEBFC88A0,0.0,-0.27999999999999997,0.0,-0.4666666666666666,0.4666666666666666,stable
RBA,Online,2021-11-02,DOC_E21D404DAC2C,0.0,-0.35,0.0,-0.4666666666666666,0.4666666666666666,stable
RBA,Online,2021-11-18,DOC_E252755CD098,0.0,-0.27999999999999997,0.0,-0.7,0.7,stable
RBA,Online,2021-11-23,DOC_E3399B233CD3,0.0,-0.2333333333333333,0.0,-0.7,0.7,stable
RBA,Online,2021-11-23,DOC_F18051258C3C,0.0,-0.19999999999999998,0.0,-0.7,0.7,stable
RBA,Online,2021-11-24,DOC_17D56DC2BFD9,0.0,-0.175,0.0,-0.7,0.7,stable
RBA,Online,2021-11-24,DOC_74FCF6CE48A6,0.0,-0.15555555555555556,0.0,-0.7,0.7,stable
RBA,Online,2021-11-30,DOC_55F3C7B903FD,0.0,-0.13999999999999999,0.0,-0.7,0.7,stable
RBA,Online,2021-12-09,DOC_A9070E9CE336,0.0,-0.12727272727272726,0.0,-0.35,0.35,stable
RBA,Online,2021-12-16,DOC_6B2B744CE992,0.0,0.0,0.0,0.0,0.0,stable
RBA,Online,2022-02-11,DOC_6AD96DB8CB28,-1.4,-0.15555555555555556,-1.4,0.0,-1.4,dovish shift
RBA,Online,2022-02-19,DOC_C9AF03B3130D,0.0,-0.15555555555555556,-0.7,0.0,-0.7,stable
RBA,Online and Sydney,2021-11-16,DOC_8B77236C4928,0.0,0.0,0.0,,,stable
RBA,Penelope Smith,2025-11-26,DOC_953639AE91CE,0.0,0.0,0.0,,,stable
RBA,Perth,2021-02-07,DOC_701DE453AD08,0.20000000000000018,0.20000000000000018,0.20000000000000018,,,stable
RBA,Perth,2023-05-02,DOC_D6D1EB1839A4,2.4,2.4,2.4,,,stable
RBA,Perth,2023-05-03,DOC_309D8C2FB2FC,0.0,1.2,1.2,,,stable
RBA,Philip Lowe,2021-10-14,DOC_94DFC600B63C,0.0,0.0,0.0,,,stable
RBA,Philip Lowe,2022-03-11,DOC_9B7FFCA676F6,0.0,0.0,0.0,,,stable
RBA,Philip Lowe,2022-06-14,DOC_843C0774E66C,0.0,0.0,0.0,,,stable
RBA,Philip Lowe,2023-07-14,DOC_0CA938474744,0.0,0.0,0.0,,,stable
RBA,Philip Lowe,2025-03-14,DOC_F572BA2D09F2,0.0,0.0,0.0,,,stable
RBA,Philip Lowe,2025-11-14,DOC_14CC4423D068,0.0,0.0,0.0,,,stable
RBA,Philip Lowe,2026-03-14,DOC_39B33D60CB25,0.0,0.0,0.0,,,stable
RBA,Sarah Hunter,2024-03-12,DOC_4088320670AB,0.0,0.0,0.0,,,stable
RBA,Sarah Hunter,2024-05-30,DOC_1216BC2921E7,1.6,0.8,1.6,0.0,1.6,hawkish shift
RBA,Sarah Hunter,2024-10-10,DOC_6F3C255665C8,0.0,0.0,0.0,,,stable
RBA,Sarah Hunter,2025-09-16,DOC_73E1F627C8D9,0.0,0.0,0.0,,,stable
RBA,Sarah Hunter,2025-10-14,DOC_31B71BF384C8,0.0,0.0,0.0,,,stable
RBA,Sarah Hunter,2025-10-14,DOC_D297E34E3CCC,0.0,0.0,0.0,,,stable
RBA,Sarah Hunter,2025-10-15,DOC_CE3B216B030E,0.0,0.0,0.0,,,stable
RBA,Sarah Hunter,2025-11-20,DOC_20A9E0949F96,-1.4,-0.27999999999999997,-1.4,0.0,-1.4,dovish shift
RBA,Sarah Hunter,2025-12-16,DOC_4AA6E0C7B458,0.0,-0.27999999999999997,-0.7,0.0,-0.7,stable
RBA,Sarah Hunter,2026-02-12,DOC_70AD1EBA2EA4,0.0,-0.4666666666666666,0.0,-0.7,0.7,stable
RBA,Sarah Hunter,2026-03-02,DOC_722B860557E7,0.0,0.0,0.0,0.0,0.0,stable
RBA,Sarah Hunter,2026-04-17,DOC_341A217EF565,0.0,0.0,0.0,0.0,0.0,stable
RBA,Sarah Hunter,2026-05-19,DOC_6AD8B465B2BC,0.0,0.0,0.0,0.0,0.0,stable
RBA,Sarah Hunter,2026-05-19,DOC_F54EE1FBC8D3,0.0,0.0,0.0,0.0,0.0,stable
RBA,"Sarah Hunter, Assistant",2025-06-03,DOC_CCCAB8CB1A38,0.0,0.0,0.0,,,stable
RBA,Shanghai,2024-04-13,DOC_C70F5809EB14,0.0,0.0,0.0,,,stable
RBA,Some Important Updates,2025-04-02,DOC_46ABDE8ACD95,0.0,0.0,0.0,,,stable
RBA,Some Policy Issues,2024-06-18,DOC_A807A79F1504,0.0,0.0,0.0,,,stable
RBA,Sydney,2021-03-10,DOC_326D833FC33E,-1.4,-1.4,-1.4,,,stable
RBA,Sydney,2021-03-17,DOC_A960985FE8D1,0.0,-0.7,-0.7,,,stable
RBA,Sydney,2021-10-08,DOC_4778B0D7E784,0.0,0.0,0.0,,,stable
RBA,Sydney,2021-10-14,DOC_D329FF6D5DFA,0.0,0.0,0.0,,,stable
RBA,Sydney,2021-11-11,DOC_DD107BEF49F1,0.0,0.0,0.0,0.0,0.0,stable
RBA,Sydney,2021-11-13,DOC_A7BD452E8476,0.0,0.0,0.0,0.0,0.0,stable
RBA,Sydney,2021-11-14,DOC_953A678A6C11,0.0,0.0,0.0,0.0,0.0,stable
RBA,Sydney,2021-11-30,DOC_B3628516BA7A,0.0,0.0,0.0,0.0,0.0,stable
RBA,Sydney,2022-02-02,DOC_E263ED4A4F8B,0.0,0.0,0.0,0.0,0.0,stable
RBA,Sydney,2022-02-22,DOC_86E5D707B40D,0.0,0.0,0.0,0.0,0.0,stable
RBA,Sydney,2022-03-09,DOC_3094C67E3B99,-1.4,-0.35,-0.4666666666666666,0.0,-0.4666666666666666,stable
RBA,Sydney,2022-03-09,DOC_7A9CDB569ECE,0.0,0.0,0.0,0.0,0.0,stable
RBA,Sydney,2022-03-12,DOC_C8EEEBA3BC2D,0.0,-0.27999999999999997,-0.35,0.0,-0.35,stable
RBA,Sydney,2022-03-22,DOC_03A0982CF8FB,0.0,-0.2333333333333333,-0.27999999999999997,0.0,-0.27999999999999997,stable
RBA,Sydney,2022-05-03,DOC_BAFE4864A906,0.0,-0.2333333333333333,0.0,-0.2333333333333333,0.2333333333333333,stable
RBA,Sydney,2022-05-13,DOC_67B3E5ED8203,0.0,-0.19999999999999998,0.0,-0.27999999999999997,0.27999999999999997,stable
RBA,Sydney,2022-05-23,DOC_B158969F7853,0.0,-0.19999999999999998,0.0,-0.27999999999999997,0.27999999999999997,stable
RBA,Sydney,2022-05-25,DOC_5C9F8988B2F5,0.0,-0.175,0.0,-0.35,0.35,stable
RBA,Sydney,2022-06-05,DOC_BD8AF7D36197,0.0,-0.15555555555555556,0.0,-0.27999999999999997,0.27999999999999997,stable
RBA,Sydney,2022-06-21,DOC_ABAEBDCE2031,-3.250699332842307,-0.5417832221403845,-0.8126748332105768,0.0,-0.8126748332105768,stable
RBA,Sydney,2022-07-14,DOC_C56AED5A88E5,0.0,-0.46438561897747244,-1.6253496664211535,0.0,-1.6253496664211535,dovish shift
RBA,Sydney,2022-08-02,DOC_68BC3BED213D,0.0,-0.46438561897747244,0.0,-0.6501398665684615,0.6501398665684615,stable
RBA,Sydney,2022-08-06,DOC_04378C07961A,1.4,-0.2313374166052884,0.4666666666666666,-0.6501398665684615,1.116806533235128,hawkish shift
RBA,Sydney,2022-08-24,DOC_CDCAA5C93C4C,2.0,0.024883444526282144,1.1333333333333333,-1.083566444280769,2.2168997776141026,hawkish shift
RBA,Sydney,2022-09-08,DOC_2345DB196F3D,0.0,0.024883444526282144,1.0,-0.4626748332105768,1.4626748332105768,hawkish shift
RBA,Sydney,2022-09-11,DOC_D804D2D453AE,0.0,0.021328666736813266,0.6666666666666666,-0.4626748332105768,1.1293414998772433,hawkish shift
RBA,Sydney,2022-09-19,DOC_A20917AAA542,0.0,0.4857142857142857,0.5,-0.4626748332105768,0.9626748332105768,stable
RBA,Sydney,2022-09-21,DOC_CCA049933667,-1.4,0.25,0.12000000000000002,0.4666666666666666,-0.34666666666666657,stable
RBA,Sydney,2022-10-12,DOC_5C12E1170381,0.0,0.25,-0.4666666666666666,0.5666666666666667,-1.0333333333333332,dovish shift
RBA,Sydney,2022-10-12,DOC_8BBE5A073D39,0.0,0.2222222222222222,-0.35,0.5666666666666667,-0.9166666666666666,stable
RBA,Sydney,2022-10-18,DOC_764F7585DDAA,0.0,0.2,-0.27999999999999997,0.6799999999999999,-0.96,stable
RBA,Sydney,2022-10-24,DOC_82D7CCC81BFC,0.0,0.18181818181818182,0.0,0.2857142857142857,-0.2857142857142857,stable
RBA,Sydney,2022-11-03,DOC_5A7C49C9ACFD,0.0,0.18181818181818182,0.0,0.3333333333333333,-0.3333333333333333,stable
RBA,Sydney,2022-11-09,DOC_4465C0AA2427,-1.4,-0.07272727272727271,-0.2333333333333333,0.12000000000000002,-0.35333333333333333,stable
RBA,Sydney,2022-11-30,DOC_AA901FA3DD8F,0.0,-0.2545454545454545,-0.4666666666666666,-0.175,-0.29166666666666663,stable
RBA,Sydney,2022-12-08,DOC_2551F62D6202,0.0,-0.2545454545454545,-0.4666666666666666,-0.175,-0.29166666666666663,stable
RBA,Sydney,2022-12-14,DOC_C5860FFFA12C,4.0,0.10909090909090911,1.3333333333333333,-0.35,1.6833333333333331,hawkish shift
RBA,Sydney,2023-02-01,DOC_961E152E4342,0.0,0.52,0.0,0.52,-0.52,stable
RBA,Sydney,2023-02-10,DOC_D3F5CEA35098,0.0,0.8,0.0,1.3333333333333333,-1.3333333333333333,dovish shift
RBA,Sydney,2023-02-12,DOC_CF4FFBEF2E13,0.0,0.6666666666666666,0.0,1.3333333333333333,-1.3333333333333333,dovish shift
RBA,Sydney,2023-03-05,DOC_29BCBE9D858E,0.0,0.6666666666666666,0.0,1.3333333333333333,-1.3333333333333333,dovish shift
RBA,Sydney,2023-03-08,DOC_B01F2D005926,2.4,1.0666666666666667,0.6,1.3333333333333333,-0.7333333333333333,stable
RBA,Sydney,2023-03-20,DOC_7E519F2ED206,0.0,0.39999999999999997,0.7999999999999999,0.0,0.7999999999999999,stable
RBA,Sydney,2023-03-28,DOC_6312676BEE4C,0.0,0.34285714285714286,0.6,0.0,0.6,stable
RBA,Sydney,2023-04-05,DOC_B51DEABAD8EF,2.4,0.6,1.2,0.0,1.2,hawkish shift
RBA,Sydney,2023-04-13,DOC_2CA2C413AEA1,0.0,0.5333333333333333,0.6,0.48,0.12,stable
RBA,Sydney,2023-04-20,DOC_7275F021673E,0.0,0.48,0.6,0.39999999999999997,0.2,stable
RBA,Sydney,2023-06-07,DOC_14A41DBD9D45,2.4,0.7999999999999999,2.4,0.48,1.92,hawkish shift
RBA,Sydney,2023-06-07,DOC_455623F07E2A,1.6,0.9142857142857144,2.0,0.48,1.52,hawkish shift
RBA,Sydney,2023-06-20,DOC_457F5E499813,1.6,1.1428571428571428,1.8666666666666665,0.6,1.2666666666666666,hawkish shift
RBA,Sydney,2023-07-09,DOC_321377D5BBB0,0.0,0.9333333333333332,0.8,1.0,-0.19999999999999996,stable
RBA,Sydney,2023-07-14,DOC_252DF3388CE8,0.0,0.9333333333333332,0.5333333333333333,1.3333333333333333,-0.7999999999999999,stable
RBA,Sydney,2023-08-08,DOC_2898A3284168,0.0,0.9333333333333332,0.0,1.8666666666666665,-1.8666666666666665,dovish shift
RBA,Sydney,2023-08-11,DOC_6E07F7950408,-1.5302968908806456,0.581386158445622,-0.5100989636268819,1.4,-1.910098963626882,dovish shift
RBA,Sydney,2023-09-07,DOC_BADC65C36338,0.0,0.011617184853225751,-0.7651484454403228,0.5333333333333333,-1.298481778773656,dovish shift
RBA,Sydney,2023-10-11,DOC_69CDEAB1CABD,2.4,0.17394062182387088,2.4,-0.3825742227201614,2.7825742227201613,hawkish shift
RBA,Sydney,2023-10-14,DOC_D76A7C7F451F,0.0,0.17394062182387088,1.2,-0.5100989636268819,1.7100989636268817,hawkish shift
RBA,Sydney,2023-10-16,DOC_4DF4FB427BDF,0.0,0.14495051818655905,0.7999999999999999,-0.5100989636268819,1.3100989636268818,hawkish shift
RBA,Sydney,2023-10-18,DOC_D430E65E449B,0.0,0.12424330130276491,0.6,-0.5100989636268819,1.1100989636268819,hawkish shift
RBA,Sydney,2023-10-18,DOC_F491739D27E8,0.0,0.10871288863991929,0.48,-0.5100989636268819,0.9900989636268819,stable
RBA,Sydney,2023-10-24,DOC_792FBA524ED1,0.0,0.09663367879103937,0.39999999999999997,-0.5100989636268819,0.9100989636268819,stable
RBA,Sydney,2023-10-31,DOC_B8ED26F3A7E3,2.0,0.2869703109119354,0.6285714285714287,-0.5100989636268819,1.1386703921983106,hawkish shift
RBA,Sydney,2023-11-03,DOC_73A819FCB6B4,0.0,0.26088210082903224,0.55,-0.5100989636268819,1.0600989636268818,hawkish shift
RBA,Sydney,2023-11-11,DOC_5A8441FC1314,0.0,0.44000000000000006,0.25,1.2,-0.95,stable
RBA,Sydney,2023-11-13,DOC_CD8E6A053571,0.0,0.4,0.25,1.2,-0.95,stable
RBA,Sydney,2023-11-21,DOC_9D2B85D5D25B,-1.2,0.26666666666666666,0.13333333333333333,0.39999999999999997,-0.2666666666666666,stable
RBA,Sydney,2023-11-22,DOC_EA45A4B13DD1,0.0,0.24615384615384617,0.1142857142857143,0.39999999999999997,-0.2857142857142857,stable
RBA,Sydney,2023-12-08,DOC_F7DD1964F6B7,0.0,0.24615384615384617,-0.24,0.55,-0.79,stable
RBA,Sydney,2023-12-12,DOC_C0A03F30DE3B,2.0,0.37142857142857144,0.16,0.48888888888888893,-0.3288888888888889,stable
RBA,Sydney,2023-12-14,DOC_AD663FFA605D,0.0,0.3466666666666667,0.16,0.44000000000000006,-0.28,stable
RBA,Sydney,2024-02-06,DOC_305B0470C89B,0.0,0.1,0.0,0.1142857142857143,-0.1142857142857143,stable
RBA,Sydney,2024-02-12,DOC_7B56E3F7E28C,0.0,0.1142857142857143,0.0,0.16,-0.16,stable
RBA,Sydney,2024-03-09,DOC_E6320FDEF584,0.0,0.4,0.0,0.6666666666666666,-0.6666666666666666,stable
RBA,Sydney,2024-03-11,DOC_196B645D9DBB,0.0,0.0,0.0,0.6666666666666666,-0.6666666666666666,stable
RBA,Sydney,2024-07-12,DOC_BEAB4690C9F4,1.6,1.6,1.6,,,stable
RBA,Sydney,2024-10-12,DOC_B5B5261659C0,0.0,0.0,0.0,,,stable
RBA,Sydney,2024-11-11,DOC_77235E798CEB,2.4,1.2,2.4,,,stable
RBA,Sydney,2025-02-05,DOC_4E079AF1C9B9,1.6,2.0,1.6,2.4,-0.7999999999999998,stable
RBA,Sydney,2025-03-10,DOC_C46D2C28F378,0.0,0.8,0.0,1.6,-1.6,dovish shift
RBA,Sydney,2025-03-14,DOC_A58F366EE8E2,0.0,0.5333333333333333,0.0,1.6,-1.6,dovish shift
RBA,Sydney,2025-08-08,DOC_9F11DD3C7357,0.0,0.0,0.0,,,stable
RBA,Sydney,2025-10-11,DOC_7AE6752E176C,-2.2189475010096187,-1.1094737505048093,-2.2189475010096187,0.0,-2.2189475010096187,dovish shift
RBA,Sydney,2025-11-14,DOC_BFFD0802A668,0.0,-1.1094737505048093,0.0,-2.2189475010096187,2.2189475010096187,hawkish shift
RBA,Sydney,2026-03-09,DOC_9205062EFC64,0.0,0.0,0.0,,,stable
RBA,Sydney,2026-03-10,DOC_A1788040A665,0.0,0.0,0.0,,,stable
RBA,Sydney,2026-03-13,DOC_5170061D45F8,0.0,0.0,0.0,,,stable
RBA,Sydney,2026-03-14,DOC_7D41E9B5C1E7,0.0,0.0,0.0,,,stable
RBA,Sydney,2026-05-11,DOC_03868A1A4F4D,0.0,0.0,0.0,0.0,0.0,stable
RBA,Tokyo,2023-03-01,DOC_C1C75BF68262,0.0,0.0,0.0,,,stable
RBA,Tokyo,2023-05-24,DOC_0D0CE661BBB1,0.0,0.0,0.0,0.0,0.0,stable
RBA,Toowoomba,2021-06-17,DOC_BF8E9AF823F7,0.0,0.0,0.0,,,stable
RBA,Toowoomba,2023-04-10,DOC_AA60841CA821,0.0,0.0,0.0,,,stable
RBA,Videoconference,2021-11-15,DOC_F689FB3869A1,0.0,0.0,0.0,,,stable
RBA,Virtual Conference,2021-07-27,DOC_BBC4FF3C453D,0.0,0.0,0.0,,,stable
RBA,Virtual Conference,2021-08-20,DOC_63780B574C95,0.0,0.0,0.0,,,stable
RBA,Virtual Conference,2021-09-09,DOC_A71511693619,0.0,0.0,0.0,0.0,0.0,stable
RBA,Virtual Conference,2021-10-14,DOC_16FAA403F8F7,0.0,0.0,0.0,0.0,0.0,stable
RBA,Wagga Wagga,2021-12-16,DOC_976166A0C47F,0.0,0.0,0.0,,,stable
RBA,Webinar,2021-02-17,DOC_72ED4BB5CA64,0.0,0.0,0.0,,,stable
RBA,Webinar,2021-10-22,DOC_A9439D9EA66E,0.0,0.0,0.0,,,stable
RBA,Webinar,2021-11-18,DOC_E56C2BC41CC5,0.0,0.0,0.0,,,stable
RBA,Zurich,2022-06-24,DOC_681B50546DBC,0.0,0.0,0.0,,,stable
RBNZ,Adrian Orr,2022-06-12,DOC_DC593315285E,0.0,0.0,0.0,,,stable
RBNZ,Adrian Orr,2022-10-26,DOC_B0E7E8AA7D51,0.0,0.0,0.0,,,stable
RBNZ,Annual Review.,2021-12-15,DOC_268C9699B09D,0.0,0.0,0.0,,,stable
RBNZ,Appointed actuaries forum event,2025-06-25,DOC_DEE780F691E0,0.0,0.0,0.0,,,stable
RBNZ,By Adrian Orr,2021-06-29,DOC_5BC8EE576F95,0.0,0.0,0.0,,,stable
RBNZ,By Adrian Orr,2022-02-08,DOC_57B0C95F7450,0.0,0.0,0.0,,,stable
RBNZ,By Anna Breman,2026-02-20,DOC_EA93CF29017C,0.0,0.0,0.0,,,stable
RBNZ,By Christian Hawkesby,2022-09-21,DOC_2EEFF8F736D1,0.0,0.0,0.0,,,stable
RBNZ,By Christian Hawkesby,2025-10-29,DOC_59B3557E71AB,0.0,0.0,0.0,,,stable
RBNZ,By Dr Anna Breman,2026-03-24,DOC_3124EF79B088,2.2189475010096187,2.2189475010096187,2.2189475010096187,,,stable
RBNZ,By Geoff Bascand,2021-12-07,DOC_3E26C4C55D12,0.0,0.0,0.0,,,stable
RBNZ,By Paul Conway,2025-10-15,DOC_A207EAFF10C8,0.0,0.0,0.0,,,stable
RBNZ,By Paul Conway,2026-03-25,DOC_F82C93912440,0.0,0.0,0.0,,,stable
RBNZ,By Vanessa Rayner,2021-06-02,DOC_C5F4B822DCE4,0.0,0.0,0.0,,,stable
RBNZ,Chief Economist Paul Conway,2025-04-14,DOC_977657162CB9,0.0,0.0,0.0,,,stable
RBNZ,Committee.,2022-11-23,DOC_BC4D4FB6C90B,0.0,0.0,0.0,,,stable
RBNZ,Delivered by Christian Hawkesby,2022-04-27,DOC_B557769FE799,0.0,0.0,0.0,,,stable
RBNZ,Director of Enforcement and Resolution Kerry,2023-06-12,DOC_446126ED3118,0.0,0.0,0.0,,,stable
RBNZ,Governor Christian Hawkesby,2025-09-10,DOC_D1A9FA21203C,0.0,0.0,0.0,,,stable
RBNZ,NZ Economics Forum,2022-02-25,DOC_9310F46C3EE0,0.0,0.0,0.0,,,stable
RBNZ,Personnel,2023-06-30,DOC_AA49067FE3CF,0.0,0.0,0.0,,,stable
RBNZ,The Big Picture,2022-06-29,DOC_B95ECFF8EF63,0.0,0.0,0.0,,,stable
RBNZ,and why climate matters to RBNZ,2022-09-18,DOC_92B0717AA513,0.0,0.0,0.0,,,stable
RBNZ,emerging currents,2025-12-18,DOC_974D6547C2CD,0.0,0.0,0.0,,,stable
RBNZ,sharing our expectations around the,2022-09-06,DOC_7BC605AAF429,0.0,0.0,0.0,,,stable
RIKSBANK,Aino Bunge,2023-06-01,DOC_1CC721B7E4AC,0.0,0.0,0.0,,,stable
RIKSBANK,Aino Bunge,2023-06-01,DOC_6A9B26B95EC9,0.0,0.0,0.0,,,stable
RIKSBANK,Aino Bunge,2023-06-01,DOC_6D91A7DC2B62,0.0,0.0,0.0,,,stable
RIKSBANK,Aino Bunge,2023-06-01,DOC_C80462297AB0,0.0,0.0,0.0,,,stable
RIKSBANK,Aino Bunge,2023-06-01,DOC_E621954CFE93,0.0,0.0,0.0,,,stable
RIKSBANK,Aino Bunge,2024-06-01,DOC_3C4A2BD52F24,0.0,0.0,0.0,,,stable
RIKSBANK,Aino Bunge,2024-06-01,DOC_476B2500E387,0.0,0.0,0.0,,,stable
RIKSBANK,Aino Bunge,2024-06-01,DOC_916EA7F30035,0.0,0.0,0.0,,,stable
RIKSBANK,Aino Bunge,2024-06-01,DOC_C43CEFD94C92,1.4,0.35,0.35,,,stable
RIKSBANK,Aino Bunge,2024-06-01,DOC_D2733DB25846,0.0,0.27999999999999997,0.27999999999999997,,,stable
RIKSBANK,Aino Bunge,2024-06-01,DOC_FFD7E93BB91B,0.0,0.2333333333333333,0.2333333333333333,,,stable
RIKSBANK,Aino Bunge visits Helsingborg,2024-06-01,DOC_96075C14F051,0.0,0.0,0.0,,,stable
RIKSBANK,Anna Breman,2021-06-01,DOC_8D0892428A92,0.0,0.0,0.0,,,stable
RIKSBANK,Anna Breman,2022-06-01,DOC_75F6863D9EAD,0.0,0.0,0.0,,,stable
RIKSBANK,Anna Breman,2022-06-01,DOC_92FBF97D69AC,0.0,0.0,0.0,,,stable
RIKSBANK,Anna Breman,2022-06-01,DOC_D76AC15564FE,0.0,0.0,0.0,,,stable
RIKSBANK,Anna Breman,2022-06-01,DOC_E27A4F4098BD,0.0,0.0,0.0,,,stable
RIKSBANK,Anna Breman,2023-06-01,DOC_1F2985757EA9,0.0,0.0,0.0,,,stable
RIKSBANK,Anna Breman,2023-06-01,DOC_62189E9941B1,0.0,0.0,0.0,,,stable
RIKSBANK,Anna Breman,2023-06-01,DOC_74973222B167,0.0,0.0,0.0,,,stable
RIKSBANK,Anna Breman,2023-06-01,DOC_85A4BDBCAE60,0.0,0.0,0.0,,,stable
RIKSBANK,Anna Breman,2023-06-01,DOC_A25E72953FE4,0.0,0.0,0.0,,,stable
RIKSBANK,Anna Breman,2024-06-01,DOC_17EB62804AE8,0.0,0.0,0.0,,,stable
RIKSBANK,Anna Breman,2024-06-01,DOC_1F086C690ADD,0.0,0.0,0.0,,,stable
RIKSBANK,Anna Breman,2024-06-01,DOC_7B23D43F6817,0.0,0.0,0.0,,,stable
RIKSBANK,Anna Breman,2024-06-01,DOC_91CA4A534725,0.0,0.0,0.0,,,stable
RIKSBANK,Anna Breman,2024-06-01,DOC_9972A9AB3B4F,0.0,0.0,0.0,,,stable
RIKSBANK,Anna Breman,2024-06-01,DOC_A820B7480411,0.0,0.0,0.0,,,stable
RIKSBANK,Anna Breman,2024-06-01,DOC_DA9E3B06B3F6,0.0,0.0,0.0,,,stable
RIKSBANK,Anna Breman visited Visby,2024-06-01,DOC_F94911F9C8D1,0.0,0.0,0.0,,,stable
RIKSBANK,Anna Breman visits Karlskrona,2024-06-01,DOC_6FD840D34A5C,0.0,0.0,0.0,,,stable
RIKSBANK,Anna Seim,2024-06-01,DOC_B3AD547E0082,0.0,0.0,0.0,,,stable
RIKSBANK,Anna Seim,2025-06-01,DOC_968025E87883,0.0,0.0,0.0,,,stable
RIKSBANK,Cecilia Skingsley,2021-06-01,DOC_5146EA18E7D9,0.0,0.0,0.0,,,stable
RIKSBANK,Cecilia Skingsley,2021-06-01,DOC_6B21B920E0EE,0.0,0.0,0.0,,,stable
RIKSBANK,Cecilia Skingsley,2021-06-01,DOC_73FA4F521B9D,0.0,0.0,0.0,,,stable
RIKSBANK,Cecilia Skingsley,2021-06-01,DOC_ED50255E376E,0.0,0.0,0.0,,,stable
RIKSBANK,Cecilia Skingsley,2022-06-01,DOC_0EA6F1A69CD3,0.0,0.0,0.0,,,stable
RIKSBANK,Digitalisation And Geopolitics,2025-06-01,DOC_10717B6AB29C,0.0,0.0,0.0,,,stable
RIKSBANK,Erik Thedéen,2023-06-01,DOC_157C131A3AC6,1.4,1.4,1.4,,,stable
RIKSBANK,Erik Thedéen,2023-06-01,DOC_255EC10258A7,0.0,0.7,0.7,,,stable
RIKSBANK,Erik Thedéen,2023-06-01,DOC_2E4C378E7BBE,0.0,0.4666666666666666,0.4666666666666666,,,stable
RIKSBANK,Erik Thedéen,2023-06-01,DOC_51C1DAFE7E1C,0.0,0.35,0.35,,,stable
RIKSBANK,Erik Thedéen,2023-06-01,DOC_53636974C9E9,0.0,0.27999999999999997,0.27999999999999997,,,stable
RIKSBANK,Erik Thedéen,2023-06-01,DOC_78D9D6207FA9,0.0,0.2333333333333333,0.2333333333333333,,,stable
RIKSBANK,Erik Thedéen,2023-06-01,DOC_D40EEBCA736B,0.0,0.19999999999999998,0.19999999999999998,,,stable
RIKSBANK,Erik Thedéen,2023-06-01,DOC_D4BD8FEF1A96,0.0,0.175,0.175,,,stable
RIKSBANK,Erik Thedéen,2023-06-01,DOC_EA4594A2B588,0.0,0.15555555555555556,0.15555555555555556,,,stable
RIKSBANK,Erik Thedéen,2024-06-01,DOC_01BDDB5E2091,0.0,0.10769230769230768,0.10769230769230768,,,stable
RIKSBANK,Erik Thedéen,2024-06-01,DOC_22844527C24A,0.0,0.11666666666666665,0.11666666666666665,,,stable
RIKSBANK,Erik Thedéen,2024-06-01,DOC_47D3FEE10679,0.0,0.12727272727272726,0.12727272727272726,,,stable
RIKSBANK,Erik Thedéen,2024-06-01,DOC_5BA427702713,0.0,0.13999999999999999,0.13999999999999999,,,stable
RIKSBANK,Erik Thedéen,2024-06-01,DOC_6BE49F0422A0,0.0,0.175,0.175,,,stable
RIKSBANK,Erik Thedéen,2024-06-01,DOC_8941C00675E1,0.0,0.15555555555555556,0.15555555555555556,,,stable
RIKSBANK,Erik Thedéen,2024-06-01,DOC_925CDC81068D,0.0,0.09999999999999999,0.09999999999999999,,,stable
RIKSBANK,Erik Thedéen,2024-06-01,DOC_98C4D19360E0,0.0,0.19999999999999998,0.19999999999999998,,,stable
RIKSBANK,Erik Thedéen,2024-06-01,DOC_98FC34E13654,0.0,0.2333333333333333,0.2333333333333333,,,stable
RIKSBANK,Erik Thedéen,2024-06-01,DOC_A8616B35AAB5,1.4,0.27999999999999997,0.27999999999999997,,,stable
RIKSBANK,Erik Thedéen,2024-06-01,DOC_A880B8466A22,0.0,0.0,0.0,,,stable
RIKSBANK,Erik Thedéen,2024-06-01,DOC_B8D1A598E0E1,0.0,0.0,0.0,,,stable
RIKSBANK,Erik Thedéen,2024-06-01,DOC_CA910D5F7EEC,0.0,0.0,0.0,,,stable
RIKSBANK,Erik Thedéen,2024-06-01,DOC_CEDAA1C9A521,0.0,0.0,0.0,,,stable
RIKSBANK,Erik Thedéen,2025-06-01,DOC_8FCFC401EFDB,1.4,1.4,1.4,,,stable
RIKSBANK,Erik Thedéen,2025-06-01,DOC_92355870AD52,0.0,0.9333333333333332,0.9333333333333332,,,stable
RIKSBANK,Erik Thedéen,2025-06-01,DOC_A7283776A265,1.4,1.4,1.4,,,stable
RIKSBANK,Erik Thedéen,2025-06-01,DOC_E65C7C1E0D32,1.4,1.0499999999999998,1.0499999999999998,,,stable
RIKSBANK,Erik Thedéen visits Norrköping,2024-06-01,DOC_7D0967E06922,0.0,0.0,0.0,,,stable
RIKSBANK,Erik Thedéen visits Skellefteå,2024-06-01,DOC_A7A9A7905448,0.0,0.0,0.0,,,stable
RIKSBANK,Henry Ohlsson,2021-06-01,DOC_E4A867ACF499,0.0,0.0,0.0,,,stable
RIKSBANK,Henry Ohlsson,2022-06-01,DOC_020EB82DB021,0.0,0.0,0.0,,,stable
RIKSBANK,Ingves,2021-06-01,DOC_7A8C40E323B4,0.0,0.0,0.0,,,stable
RIKSBANK,Ingves,2022-06-01,DOC_AB8974F946F2,0.0,0.0,0.0,,,stable
RIKSBANK,Martin Flodén,2021-06-01,DOC_1218CFA9CD38,0.0,0.0,0.0,,,stable
RIKSBANK,Martin Flodén,2021-06-01,DOC_F68A47B85D17,0.0,0.0,0.0,,,stable
RIKSBANK,Martin Flodén,2022-06-01,DOC_46AEECFDCE45,0.0,0.0,0.0,,,stable
RIKSBANK,Martin Flodén,2022-06-01,DOC_580B81429D51,0.0,0.0,0.0,,,stable
RIKSBANK,Martin Flodén,2022-06-01,DOC_BFC9E64CFA19,0.0,0.0,0.0,,,stable
RIKSBANK,Martin Flodén,2023-06-01,DOC_420BA9223F3A,0.0,0.0,0.0,,,stable
RIKSBANK,Martin Flodén,2024-06-01,DOC_DEDC9C058175,0.0,0.0,0.0,,,stable
RIKSBANK,Martin Flodén visits Borlänge,2024-06-01,DOC_F4424CFDC19B,0.0,0.0,0.0,,,stable
RIKSBANK,Per Jansson,2021-06-01,DOC_2B033ABDEC0E,0.0,0.0,0.0,,,stable
RIKSBANK,Per Jansson,2021-06-01,DOC_B2364112BE99,0.0,0.0,0.0,,,stable
RIKSBANK,Per Jansson,2022-06-01,DOC_12F16BE67F2B,0.0,0.0,0.0,,,stable
RIKSBANK,Per Jansson,2022-06-01,DOC_2F4087B7C792,0.0,0.0,0.0,,,stable
RIKSBANK,Per Jansson,2023-06-01,DOC_ACAF4A13DBF1,0.0,0.0,0.0,,,stable
RIKSBANK,Per Jansson,2023-06-01,DOC_C9C6571A9B69,0.0,0.0,0.0,,,stable
RIKSBANK,Per Jansson,2023-06-01,DOC_D0C8B160CF64,0.0,0.0,0.0,,,stable
RIKSBANK,Per Jansson,2024-06-01,DOC_262AF5A01350,0.0,0.0,0.0,,,stable
RIKSBANK,Per Jansson,2024-06-01,DOC_508CCFA4893C,1.8,0.9,0.9,,,stable
RIKSBANK,Per Jansson,2024-06-01,DOC_6443B05DE9E1,0.0,0.6,0.6,,,stable
RIKSBANK,Per Jansson,2024-06-01,DOC_9A99443CF93A,0.0,0.45,0.45,,,stable
RIKSBANK,Per Jansson,2024-06-01,DOC_9C9EDA1C6D09,0.0,0.36,0.36,,,stable
RIKSBANK,Per Jansson,2024-06-01,DOC_CE7E711E10A0,0.0,0.3,0.3,,,stable
RIKSBANK,Presentation,2025-06-01,DOC_075B4BD80F33,1.4,1.4,1.4,,,stable
RIKSBANK,Presentation,2025-06-01,DOC_08B4DA0F6E9C,3.6,0.570947375050481,0.570947375050481,,,stable
RIKSBANK,Presentation,2025-06-01,DOC_10E8855B5259,0.0,0.41152355268471674,0.41152355268471674,,,stable
RIKSBANK,Presentation,2025-06-01,DOC_354B182914E6,0.0,0.4343859722783121,0.4343859722783121,,,stable
RIKSBANK,Presentation,2025-06-01,DOC_3569D98F8211,0.0,0.4599380882946834,0.4599380882946834,,,stable
RIKSBANK,Presentation,2025-06-01,DOC_428E9D7F6922,0.0,0.48868421881310115,0.48868421881310115,,,stable
RIKSBANK,Presentation,2025-06-01,DOC_4CDF88BC148F,2.2189475010096187,0.5212631667339745,0.5212631667339745,,,stable
RIKSBANK,Presentation,2025-06-01,DOC_5F2F36B1DFE1,0.0,0.39999999999999997,0.39999999999999997,,,stable
RIKSBANK,Presentation,2025-06-01,DOC_629236ECF0E7,1.4,0.43076923076923074,0.43076923076923074,,,stable
RIKSBANK,Presentation,2025-06-01,DOC_8079FFE6562D,0.0,0.3499999999999999,0.3499999999999999,,,stable
RIKSBANK,Presentation,2025-06-01,DOC_8C8C004DC0D6,0.0,0.3818181818181818,0.3818181818181818,,,stable
RIKSBANK,Presentation,2025-06-01,DOC_9589812DAB8B,0.0,0.41999999999999993,0.41999999999999993,,,stable
RIKSBANK,Presentation,2025-06-01,DOC_AACFA7FA42C9,0.0,0.46666666666666656,0.46666666666666656,,,stable
RIKSBANK,Presentation,2025-06-01,DOC_AC2E976F2D95,0.0,0.5249999999999999,0.5249999999999999,,,stable
RIKSBANK,Presentation,2025-06-01,DOC_AE8849F82796,0.0,0.5999999999999999,0.5999999999999999,,,stable
RIKSBANK,Presentation,2025-06-01,DOC_BD4CBBF5E041,2.8,0.6999999999999998,0.6999999999999998,,,stable
RIKSBANK,Presentation,2025-06-01,DOC_BD6432FB223E,0.0,0.27999999999999997,0.27999999999999997,,,stable
RIKSBANK,Presentation,2025-06-01,DOC_D0BC7185F679,0.0,0.35,0.35,,,stable
RIKSBANK,Presentation,2025-06-01,DOC_DB89A9D36DCA,0.0,0.4666666666666666,0.4666666666666666,,,stable
RIKSBANK,Presentation,2025-06-01,DOC_F2AF9B21A377,0.0,0.7,0.7,,,stable
RIKSBANK,Presentation,2025-06-01,DOC_F9B637540FB8,0.0,0.5437594048099819,0.5437594048099819,,,stable
RIKSBANK,Presentation,2026-06-01,DOC_68E02B2C9FBD,0.0,0.0,0.0,,,stable
RIKSBANK,Stefan Ingves,2021-06-01,DOC_00161C889653,0.0,0.0,0.0,,,stable
RIKSBANK,Stefan Ingves,2021-06-01,DOC_12366F513E13,0.0,0.0,0.0,,,stable
RIKSBANK,Stefan Ingves,2021-06-01,DOC_4A2AF27B2AB8,0.0,0.0,0.0,,,stable
RIKSBANK,Stefan Ingves,2021-06-01,DOC_7F391A770435,0.0,0.0,0.0,,,stable
RIKSBANK,Stefan Ingves,2022-06-01,DOC_14C9105649A8,0.0,0.0,0.0,,,stable
RIKSBANK,Stefan Ingves,2022-06-01,DOC_3D2F81307F3B,0.0,0.0,0.0,,,stable
RIKSBANK,Stefan Ingves,2022-06-01,DOC_84FA8FCB4997,0.0,0.0,0.0,,,stable
RIKSBANK,Stefan Ingves,2022-06-01,DOC_90199671B24B,0.0,0.0,0.0,,,stable
SNB,Andréa M. Maechler,2021-06-17,DOC_343321C63DC6,0.0,0.0,0.0,,,stable
SNB,Andréa M. Maechler,2021-12-16,DOC_F84F14D6B9D4,0.0,0.0,0.0,,,stable
SNB,Andréa M. Maechler,2022-06-16,DOC_6229C652421E,0.0,0.0,0.0,,,stable
SNB,Andréa M. Maechler,2022-09-22,DOC_64FB75437D67,0.0,0.0,0.0,,,stable
SNB,Andréa M. Maechler,2022-12-15,DOC_F5DC349BFAC0,0.0,0.0,0.0,0.0,0.0,stable
SNB,Andréa M. Maechler,2023-03-23,DOC_D145F1C5AC14,0.0,0.0,0.0,,,stable
SNB,Andréa M. Maechler,2023-06-22,DOC_40CBCA9B213B,0.0,0.0,0.0,,,stable
SNB,Andréa M. Maechler / Thomas Moser,2021-04-15,DOC_C23F906CDBC8,0.0,0.0,0.0,,,stable
SNB,Andréa M. Maechler / Thomas Moser,2021-11-11,DOC_22D8740236EB,0.0,0.0,0.0,,,stable
SNB,Andréa M. Maechler / Thomas Moser,2022-03-31,DOC_9EE758D8F919,0.0,0.0,0.0,,,stable
SNB,Andréa M. Maechler / Thomas Moser,2022-11-17,DOC_50D23A5A8220,0.0,0.0,0.0,,,stable
SNB,Andréa M. Maechler / Thomas Moser,2023-03-30,DOC_2B3BB25C0882,0.0,0.0,0.0,,,stable
SNB,Antoine Martin,2024-03-21,DOC_A596B30D8827,0.0,0.0,0.0,,,stable
SNB,Antoine Martin,2024-06-20,DOC_D9321B78058D,0.0,0.0,0.0,,,stable
SNB,Antoine Martin,2024-09-26,DOC_59BEB5BD708D,0.0,0.0,0.0,,,stable
SNB,Antoine Martin,2025-04-29,DOC_B5B2C7066D8D,0.0,0.0,0.0,,,stable
SNB,Antoine Martin,2025-11-12,DOC_A8C9DA6F124E,0.0,0.0,0.0,,,stable
SNB,Antoine Martin / Thomas Moser,2024-04-18,DOC_CACC1C05FC08,0.0,0.0,0.0,,,stable
SNB,Barbara Janom Steiner,2021-04-30,DOC_9418C78AC2D6,0.0,0.0,0.0,,,stable
SNB,Barbara Janom Steiner,2022-04-29,DOC_88846CF4BDB1,0.0,0.0,0.0,,,stable
SNB,Barbara Janom Steiner,2023-04-28,DOC_6171FB859A4B,0.0,0.0,0.0,,,stable
SNB,Barbara Janom Steiner,2024-04-26,DOC_537FBC7DAAF3,0.0,0.0,0.0,,,stable
SNB,Barbara Janom Steiner,2025-04-25,DOC_A87B880E8415,0.0,0.0,0.0,,,stable
SNB,Fritz Zurbrügg,2021-06-17,DOC_8B534F91AA42,0.0,0.0,0.0,,,stable
SNB,Fritz Zurbrügg,2021-08-31,DOC_8AC842E3C8D0,0.0,0.0,0.0,0.0,0.0,stable
SNB,Fritz Zurbrügg,2021-12-16,DOC_8A06AF0D723C,0.0,0.0,0.0,,,stable
SNB,Fritz Zurbrügg,2022-03-29,DOC_0AEE934A78F7,0.0,0.0,0.0,,,stable
SNB,Fritz Zurbrügg,2022-06-16,DOC_2E94C9E6A2A7,0.0,0.0,0.0,0.0,0.0,stable
SNB,Martin Schlegel,2022-09-22,DOC_92FCC5BFD52D,0.0,0.0,0.0,,,stable
SNB,Martin Schlegel,2022-11-29,DOC_F7E6EDFCBF53,0.0,0.0,0.0,0.0,0.0,stable
SNB,Martin Schlegel,2022-12-15,DOC_25E55B0731DD,0.0,0.0,0.0,0.0,0.0,stable
SNB,Martin Schlegel,2023-11-09,DOC_E6BC334D2685,0.0,0.0,0.0,,,stable
SNB,Martin Schlegel,2024-04-09,DOC_F605820D2D41,0.0,0.0,0.0,,,stable
SNB,Martin Schlegel,2024-10-03,DOC_F71446233E49,0.0,0.0,0.0,,,stable
SNB,Martin Schlegel,2024-11-22,DOC_DAD8CECB72F8,0.0,0.0,0.0,0.0,0.0,stable
SNB,Martin Schlegel,2025-04-25,DOC_CE358F7415E2,0.0,0.0,0.0,,,stable
SNB,Martin Schlegel,2025-06-06,DOC_8E72525CCF67,0.0,0.0,0.0,0.0,0.0,stable
SNB,Martin Schlegel,2025-09-10,DOC_8626D57D8102,0.0,0.0,0.0,,,stable
SNB,Martin Schlegel,2025-09-30,DOC_93CA7554BD0C,0.0,0.0,0.0,,,stable
SNB,Martin Schlegel,2025-10-02,DOC_14A12C474620,0.0,0.0,0.0,,,stable
SNB,Martin Schlegel,2025-10-22,DOC_416CF52C7647,0.0,0.0,0.0,0.0,0.0,stable
SNB,Martin Schlegel,2025-11-04,DOC_0701DD751C3E,0.0,0.0,0.0,0.0,0.0,stable
SNB,Martin Schlegel,2025-11-21,DOC_2CB8C7948D11,0.0,0.0,0.0,0.0,0.0,stable
SNB,Martin Schlegel,2025-11-22,DOC_FCA766D7C44B,0.0,0.0,0.0,0.0,0.0,stable
SNB,Martin Schlegel / Sébastien Kraenzlin,2024-10-30,DOC_8C78865C1D80,0.0,0.0,0.0,,,stable
SNB,Petra Tschudin,2024-12-12,DOC_EE8490D2D683,0.0,0.0,0.0,,,stable
SNB,Petra Tschudin,2025-03-20,DOC_BD940D7FAB55,0.0,0.0,0.0,,,stable
SNB,Petra Tschudin,2025-06-19,DOC_25CA621CFC39,0.0,0.0,0.0,,,stable
SNB,Petra Tschudin,2025-09-25,DOC_07E52CB9170F,-1.4,-1.4,-1.4,,,stable
SNB,Petra Tschudin,2025-09-30,DOC_7F83D0577A36,0.0,-0.7,-0.7,,,stable
SNB,Petra Tschudin,2025-10-24,DOC_983E30ACAF12,0.0,-0.4666666666666666,-0.4666666666666666,,,stable
SNB,Petra Tschudin,2025-11-05,DOC_04242525D7B2,0.0,-0.35,0.0,-0.7,0.7,stable
SNB,Petra Tschudin,2025-11-21,DOC_0CF7617EC0A1,0.0,-0.27999999999999997,0.0,-0.7,0.7,stable
SNB,Petra Tschudin,2025-12-11,DOC_BD6A8BEB7373,-1.4,-0.4666666666666666,-0.7,-0.35,-0.35,stable
SNB,Petra Tschudin / Thomas Moser,2024-11-21,DOC_B44CE4DA58E5,0.0,0.0,0.0,,,stable
SNB,Petra Tschudin / Thomas Moser,2025-04-10,DOC_C999F2DF10D9,0.0,0.0,0.0,,,stable
SNB,Petra Tschudin / Thomas Moser,2025-11-13,DOC_EA1AEE0B4DE4,0.0,0.0,0.0,,,stable
SNB,Thomas Jordan,2021-04-30,DOC_68DEE3EEFC74,0.0,0.0,0.0,,,stable
SNB,Thomas Jordan,2021-06-17,DOC_027D9E9AB942,0.0,0.0,0.0,0.0,0.0,stable
SNB,Thomas Jordan,2021-09-23,DOC_3217B8E9634B,0.0,0.0,0.0,,,stable
SNB,Thomas Jordan,2021-12-16,DOC_A1315B8F0D06,0.0,0.0,0.0,0.0,0.0,stable
SNB,Thomas Jordan,2022-04-29,DOC_021940B3A5F5,1.4,1.4,1.4,,,stable
SNB,Thomas Jordan,2022-06-16,DOC_4AC2127B3DED,0.0,0.7,0.0,1.4,-1.4,dovish shift
SNB,Thomas Jordan,2022-08-27,DOC_E88E71F66A2A,0.0,0.0,0.0,0.0,0.0,stable
SNB,Thomas Jordan,2022-09-13,DOC_8D58EE4E2A68,0.0,0.0,0.0,0.0,0.0,stable
SNB,Thomas Jordan,2022-09-22,DOC_B70BCA476381,0.0,0.0,0.0,,,stable
SNB,Thomas Jordan,2022-09-22,DOC_BC540DE63D3D,0.0,0.0,0.0,,,stable
SNB,Thomas Jordan,2022-09-23,DOC_2678A6EB78CD,0.0,0.0,0.0,,,stable
SNB,Thomas Jordan,2022-10-11,DOC_6572326E5008,0.0,0.0,0.0,0.0,0.0,stable
SNB,Thomas Jordan,2022-11-08,DOC_A5BD1793BB2A,0.0,0.0,0.0,0.0,0.0,stable
SNB,Thomas Jordan,2022-12-15,DOC_5A0AC64D9E3C,0.0,0.0,0.0,0.0,0.0,stable
SNB,Thomas Jordan,2023-04-28,DOC_5BD00AFB359A,0.0,0.0,0.0,,,stable
SNB,Thomas Jordan,2023-09-28,DOC_D177083B95FC,0.0,0.0,0.0,,,stable
SNB,Thomas Jordan,2023-11-01,DOC_B78AA6C604FA,0.0,0.0,0.0,0.0,0.0,stable
SNB,Thomas Jordan,2023-11-14,DOC_9D83243B0EA4,0.0,0.0,0.0,0.0,0.0,stable
SNB,Thomas Jordan,2023-11-18,DOC_483FB6023650,0.0,0.0,0.0,0.0,0.0,stable
SNB,Thomas Jordan,2024-04-08,DOC_41C454B2DA0C,0.0,0.0,0.0,,,stable
SNB,Thomas Jordan,2024-04-26,DOC_A03301FFB822,0.0,0.0,0.0,,,stable
SNB,Thomas Jordan,2024-05-06,DOC_A63BCFABFA99,0.0,0.0,0.0,,,stable
SNB,Thomas Jordan,2024-05-30,DOC_0A39EA75F1CA,0.0,0.0,0.0,0.0,0.0,stable
SNB,Thomas Moser,2023-09-21,DOC_BC27C0A9D13F,0.0,0.0,0.0,,,stable
SNB,Thomas Moser,2023-11-09,DOC_FEF3A46EDDB2,0.0,0.0,0.0,0.0,0.0,stable
SNB,Thomas Moser,2023-12-14,DOC_3E96E5EDA6C5,0.0,0.0,0.0,0.0,0.0,stable
