2026-06-03 01:47:42,882 | INFO | central_bank_scraper | Starting FED
2026-06-03 01:47:43,602 | WARNING | central_bank_scraper | Could not verify robots.txt for https://www.federalreserve.gov; got HTTP 404, continuing politely
2026-06-03 01:47:47,929 | INFO | central_bank_scraper | FED Monetary Policy discovered 44 candidates
2026-06-03 01:47:49,937 | INFO | central_bank_scraper | Saved FED Monetary Policy: FOMC statement
2026-06-03 01:47:51,813 | INFO | central_bank_scraper | Saved FED Monetary Policy: FOMC statement
2026-06-03 01:47:53,677 | INFO | central_bank_scraper | Saved FED Monetary Policy: FOMC statement
2026-06-03 01:47:55,548 | INFO | central_bank_scraper | Saved FED Monetary Policy: FOMC statement
2026-06-03 01:47:57,423 | INFO | central_bank_scraper | Saved FED Monetary Policy: FOMC statement
2026-06-03 01:47:59,283 | INFO | central_bank_scraper | Saved FED Monetary Policy: FOMC statement
2026-06-03 01:48:01,190 | INFO | central_bank_scraper | Saved FED Monetary Policy: FOMC statement
2026-06-03 01:48:03,066 | INFO | central_bank_scraper | Saved FED Monetary Policy: FOMC statement
2026-06-03 01:48:06,098 | INFO | central_bank_scraper | Saved FED Monetary Policy: Statement on Longer-Run Goals and Monetary Policy Strategy
2026-06-03 01:48:08,076 | INFO | central_bank_scraper | Saved FED Monetary Policy: FOMC statement
2026-06-03 01:48:09,943 | INFO | central_bank_scraper | Saved FED Monetary Policy: FOMC statement
2026-06-03 01:48:11,803 | INFO | central_bank_scraper | Saved FED Monetary Policy: FOMC statement
2026-06-03 01:48:13,691 | INFO | central_bank_scraper | Saved FED Monetary Policy: FOMC statement
2026-06-03 01:48:15,644 | INFO | central_bank_scraper | Saved FED Monetary Policy: FOMC statement
2026-06-03 01:48:17,538 | INFO | central_bank_scraper | Saved FED Monetary Policy: FOMC statement
2026-06-03 01:48:20,810 | INFO | central_bank_scraper | Saved FED Monetary Policy: FOMC statement
2026-06-03 01:48:22,726 | INFO | central_bank_scraper | Saved FED Monetary Policy: FOMC statement
2026-06-03 01:48:24,586 | INFO | central_bank_scraper | Saved FED Monetary Policy: FOMC statement
2026-06-03 01:48:26,444 | INFO | central_bank_scraper | Saved FED Monetary Policy: FOMC statement
2026-06-03 01:48:28,348 | INFO | central_bank_scraper | Saved FED Monetary Policy: FOMC statement
2026-06-03 01:48:30,185 | INFO | central_bank_scraper | Saved FED Monetary Policy: FOMC statement
2026-06-03 01:48:32,047 | INFO | central_bank_scraper | Saved FED Monetary Policy: FOMC statement
2026-06-03 01:48:33,911 | INFO | central_bank_scraper | Saved FED Monetary Policy: FOMC statement
2026-06-03 01:48:36,555 | INFO | central_bank_scraper | Saved FED Monetary Policy: FOMC statement
2026-06-03 01:48:38,399 | INFO | central_bank_scraper | Saved FED Monetary Policy: FOMC statement
2026-06-03 01:48:40,257 | INFO | central_bank_scraper | Saved FED Monetary Policy: FOMC statement
2026-06-03 01:48:42,120 | INFO | central_bank_scraper | Saved FED Monetary Policy: FOMC statement
2026-06-03 01:48:43,976 | INFO | central_bank_scraper | Saved FED Monetary Policy: FOMC statement
2026-06-03 01:48:46,451 | INFO | central_bank_scraper | Saved FED Monetary Policy: FOMC statement
2026-06-03 01:48:48,307 | INFO | central_bank_scraper | Saved FED Monetary Policy: FOMC statement
2026-06-03 01:48:50,267 | INFO | central_bank_scraper | Saved FED Monetary Policy: FOMC statement
2026-06-03 01:48:52,192 | INFO | central_bank_scraper | Saved FED Monetary Policy: FOMC statement
2026-06-03 01:48:54,510 | INFO | central_bank_scraper | Saved FED Monetary Policy: FOMC statement
2026-06-03 01:48:56,750 | INFO | central_bank_scraper | Saved FED Monetary Policy: FOMC statement
2026-06-03 01:48:58,679 | INFO | central_bank_scraper | Saved FED Monetary Policy: FOMC statement
2026-06-03 01:49:00,587 | INFO | central_bank_scraper | Saved FED Monetary Policy: FOMC statement
2026-06-03 01:49:02,438 | INFO | central_bank_scraper | Saved FED Monetary Policy: FOMC statement
2026-06-03 01:49:04,306 | INFO | central_bank_scraper | Saved FED Monetary Policy: FOMC statement
2026-06-03 01:49:06,193 | INFO | central_bank_scraper | Saved FED Monetary Policy: FOMC statement
2026-06-03 01:49:08,070 | INFO | central_bank_scraper | Saved FED Monetary Policy: FOMC statement
2026-06-03 01:49:09,982 | INFO | central_bank_scraper | Saved FED Monetary Policy: FOMC statement
2026-06-03 01:49:11,883 | INFO | central_bank_scraper | Saved FED Monetary Policy: FOMC statement
2026-06-03 01:49:13,755 | INFO | central_bank_scraper | Saved FED Monetary Policy: FOMC statement
2026-06-03 01:49:15,695 | INFO | central_bank_scraper | Saved FED Monetary Policy: FOMC statement
2026-06-03 01:49:20,833 | INFO | central_bank_scraper | FED Minutes discovered 43 candidates
2026-06-03 01:49:22,737 | INFO | central_bank_scraper | Saved FED Minutes: FOMC minutes
2026-06-03 01:49:24,682 | INFO | central_bank_scraper | Saved FED Minutes: FOMC minutes
2026-06-03 01:49:26,671 | INFO | central_bank_scraper | Saved FED Minutes: FOMC minutes
2026-06-03 01:49:28,640 | INFO | central_bank_scraper | Saved FED Minutes: FOMC minutes
2026-06-03 01:49:30,728 | INFO | central_bank_scraper | Saved FED Minutes: FOMC minutes
2026-06-03 01:49:32,644 | INFO | central_bank_scraper | Saved FED Minutes: FOMC minutes
2026-06-03 01:49:34,595 | INFO | central_bank_scraper | Saved FED Minutes: FOMC minutes
2026-06-03 01:49:36,904 | INFO | central_bank_scraper | Saved FED Minutes: FOMC minutes
2026-06-03 01:49:38,813 | INFO | central_bank_scraper | Saved FED Minutes: FOMC minutes
2026-06-03 01:49:40,809 | INFO | central_bank_scraper | Saved FED Minutes: FOMC minutes
2026-06-03 01:49:44,737 | INFO | central_bank_scraper | Saved FED Minutes: FOMC minutes
2026-06-03 01:49:46,665 | INFO | central_bank_scraper | Saved FED Minutes: FOMC minutes
2026-06-03 01:49:48,611 | INFO | central_bank_scraper | Saved FED Minutes: FOMC minutes
2026-06-03 01:49:50,600 | INFO | central_bank_scraper | Saved FED Minutes: FOMC minutes
2026-06-03 01:49:52,675 | INFO | central_bank_scraper | Saved FED Minutes: FOMC minutes
2026-06-03 01:49:54,617 | INFO | central_bank_scraper | Saved FED Minutes: FOMC minutes
2026-06-03 01:49:56,553 | INFO | central_bank_scraper | Saved FED Minutes: FOMC minutes
2026-06-03 01:49:58,611 | INFO | central_bank_scraper | Saved FED Minutes: FOMC minutes
2026-06-03 01:50:00,592 | INFO | central_bank_scraper | Saved FED Minutes: FOMC minutes
2026-06-03 01:50:02,535 | INFO | central_bank_scraper | Saved FED Minutes: FOMC minutes
2026-06-03 01:50:04,512 | INFO | central_bank_scraper | Saved FED Minutes: FOMC minutes
2026-06-03 01:50:06,460 | INFO | central_bank_scraper | Saved FED Minutes: FOMC minutes
2026-06-03 01:50:08,449 | INFO | central_bank_scraper | Saved FED Minutes: FOMC minutes
2026-06-03 01:50:10,395 | INFO | central_bank_scraper | Saved FED Minutes: FOMC minutes
2026-06-03 01:50:12,295 | INFO | central_bank_scraper | Saved FED Minutes: FOMC minutes
2026-06-03 01:50:14,289 | INFO | central_bank_scraper | Saved FED Minutes: FOMC minutes
2026-06-03 01:50:16,322 | INFO | central_bank_scraper | Saved FED Minutes: FOMC minutes
2026-06-03 01:50:18,253 | INFO | central_bank_scraper | Saved FED Minutes: FOMC minutes
2026-06-03 01:50:20,155 | INFO | central_bank_scraper | Saved FED Minutes: FOMC minutes
2026-06-03 01:50:22,127 | INFO | central_bank_scraper | Saved FED Minutes: FOMC minutes
2026-06-03 01:50:24,111 | INFO | central_bank_scraper | Saved FED Minutes: FOMC minutes
2026-06-03 01:50:26,060 | INFO | central_bank_scraper | Saved FED Minutes: FOMC minutes
2026-06-03 01:50:27,966 | INFO | central_bank_scraper | Saved FED Minutes: FOMC minutes
2026-06-03 01:50:30,019 | INFO | central_bank_scraper | Saved FED Minutes: FOMC minutes
2026-06-03 01:50:32,016 | INFO | central_bank_scraper | Saved FED Minutes: FOMC minutes
2026-06-03 01:50:34,019 | INFO | central_bank_scraper | Saved FED Minutes: FOMC minutes
2026-06-03 01:50:36,696 | INFO | central_bank_scraper | Saved FED Minutes: FOMC minutes
2026-06-03 01:50:38,632 | INFO | central_bank_scraper | Saved FED Minutes: FOMC minutes
2026-06-03 01:50:40,723 | INFO | central_bank_scraper | Saved FED Minutes: FOMC minutes
2026-06-03 01:50:42,705 | INFO | central_bank_scraper | Saved FED Minutes: FOMC minutes
2026-06-03 01:50:44,624 | INFO | central_bank_scraper | Saved FED Minutes: FOMC minutes
2026-06-03 01:50:46,609 | INFO | central_bank_scraper | Saved FED Minutes: FOMC minutes
2026-06-03 01:50:48,575 | INFO | central_bank_scraper | Saved FED Minutes: FOMC minutes
2026-06-03 01:51:25,818 | INFO | central_bank_scraper | FED Speeches discovered 469 candidates
2026-06-03 01:51:27,745 | INFO | central_bank_scraper | Saved FED Speeches: Acceptance Remarks
2026-06-03 01:51:29,763 | INFO | central_bank_scraper | Saved FED Speeches: A Framework for Practical Monetary Policy Decision Making
2026-06-03 01:51:31,711 | INFO | central_bank_scraper | Saved FED Speeches: Global Economic Developments and the U.S. Economy
2026-06-03 01:51:33,670 | INFO | central_bank_scraper | Saved FED Speeches: The Opportunities and Risks AI Presents for the Economy and Financial System
2026-06-03 01:51:36,515 | INFO | central_bank_scraper | Saved FED Speeches: Policy Risks Have Changed
2026-06-03 01:51:38,435 | INFO | central_bank_scraper | Saved FED Speeches: Measuring Financial Health
2026-06-03 01:51:40,420 | INFO | central_bank_scraper | Saved FED Speeches: Efficient and Effective Central Banking: Beyond the Balance Sheet
2026-06-03 01:51:42,351 | INFO | central_bank_scraper | Saved FED Speeches: Opening Remarks
2026-06-03 01:51:44,308 | INFO | central_bank_scraper | Saved FED Speeches: When Regulation Reshapes Markets: The Migration of Corporate Lending
2026-06-03 01:51:46,244 | INFO | central_bank_scraper | Saved FED Speeches: Update On Federal Reserve Bank Operations
2026-06-03 01:51:48,177 | INFO | central_bank_scraper | Saved FED Speeches: Perspectives on Tokenization and Implications for the Financial System
2026-06-03 01:51:50,082 | INFO | central_bank_scraper | Saved FED Speeches: A Coordinated Approach to Consumer Fraud Protection
2026-06-03 01:51:51,999 | INFO | central_bank_scraper | Saved FED Speeches: Artificial Intelligence in the Financial System
2026-06-03 01:51:53,977 | INFO | central_bank_scraper | Saved FED Speeches: Modernizing Federal Reserve Operations in the 21st Century
2026-06-03 01:51:55,980 | INFO | central_bank_scraper | Saved FED Speeches: One Transitory Shock After Another
2026-06-03 01:51:57,892 | INFO | central_bank_scraper | Saved FED Speeches: Rural Communities: Worth the Investment
2026-06-03 01:51:59,809 | INFO | central_bank_scraper | Saved FED Speeches: Economic Outlook and the Labor Market
2026-06-03 01:52:02,942 | INFO | central_bank_scraper | Saved FED Speeches: Supporting Small Businesses
2026-06-03 01:52:04,839 | INFO | central_bank_scraper | Saved FED Speeches: Brief Remarks on Stablecoins
2026-06-03 01:52:06,825 | INFO | central_bank_scraper | Saved FED Speeches: Brief Remarks on the Economic Outlook and Monetary Policy
2026-06-03 01:52:08,792 | INFO | central_bank_scraper | Saved FED Speeches: Economic Outlook and Energy Effects
2026-06-03 01:52:10,775 | INFO | central_bank_scraper | Saved FED Speeches: Prospects for Shrinking the Fedâs Balance Sheet
2026-06-03 01:52:14,433 | INFO | central_bank_scraper | Saved FED Speeches: Reflections on Financial Stability
2026-06-03 01:52:16,329 | INFO | central_bank_scraper | Saved FED Speeches: Developing Communities through Public-private Partnerships
2026-06-03 01:52:18,250 | INFO | central_bank_scraper | Saved FED Speeches: Acceptance Remarks
2026-06-03 01:52:20,268 | INFO | central_bank_scraper | Saved FED Speeches: Capital Rules for the Real Economy
2026-06-03 01:52:22,271 | INFO | central_bank_scraper | Saved FED Speeches: Liquidity Resiliency, Financial Stability, and the Role of the Federal Reserve
2026-06-03 01:52:24,312 | INFO | central_bank_scraper | Saved FED Speeches: Supervision and Regulation
2026-06-03 01:52:26,307 | INFO | central_bank_scraper | Saved FED Speeches: Opening Remarks for the âAI and Productivity across the Economyâ Panel
2026-06-03 01:52:28,265 | INFO | central_bank_scraper | Saved FED Speeches: Operationalizing AI at the Federal Reserve
2026-06-03 01:52:30,276 | INFO | central_bank_scraper | Saved FED Speeches: Labor Market Data: Signal or Noise?
2026-06-03 01:52:32,242 | INFO | central_bank_scraper | Saved FED Speeches: Opening Remarks
2026-06-03 01:52:34,157 | INFO | central_bank_scraper | Saved FED Speeches: What Will Artificial Intelligence Mean for the Labor Market and the Economy?
2026-06-03 01:52:36,133 | INFO | central_bank_scraper | Saved FED Speeches: Revitalizing Bank Mortgage Lending, One Step with Basel
2026-06-03 01:52:38,129 | INFO | central_bank_scraper | Saved FED Speeches: Economic Outlook and Supply-Side (Dis)Inflation Dynamics
2026-06-03 01:52:40,042 | INFO | central_bank_scraper | Saved FED Speeches: Economic Outlook
2026-06-03 01:52:41,939 | INFO | central_bank_scraper | Saved FED Speeches: Outlook for the Economy and Monetary Policy
2026-06-03 01:52:43,873 | INFO | central_bank_scraper | Saved FED Speeches: Statement by Governor Christopher J. Waller
2026-06-03 01:52:46,639 | INFO | central_bank_scraper | Saved FED Speeches: Economic Outlook and Monetary Policy Implementation
2026-06-03 01:52:48,616 | INFO | central_bank_scraper | Saved FED Speeches: Outlook for the Economy and Monetary Policy
2026-06-03 01:52:50,576 | INFO | central_bank_scraper | Saved FED Speeches: Regulations, the Supply Side, and Monetary Policy
2026-06-03 01:52:52,540 | INFO | central_bank_scraper | Saved FED Speeches: Statement from Federal Reserve Chair Jerome H. Powell
2026-06-03 01:52:54,510 | INFO | central_bank_scraper | Saved FED Speeches: Modernizing Supervision and Regulation: 2025 and the Path Ahead
2026-06-03 01:52:56,556 | INFO | central_bank_scraper | Saved FED Speeches: The Inflation Outlook
2026-06-03 01:52:58,505 | INFO | central_bank_scraper | Saved FED Speeches: Opening Remarks
2026-06-03 01:53:00,587 | INFO | central_bank_scraper | Saved FED Speeches: AI, the Economy, and Financial Stability
2026-06-03 01:53:02,539 | INFO | central_bank_scraper | Saved FED Speeches: Welcoming Remarks
2026-06-03 01:53:04,512 | INFO | central_bank_scraper | Saved FED Speeches: A Policymakerâs View of Financial Stability
2026-06-03 01:53:06,434 | INFO | central_bank_scraper | Saved FED Speeches: Regulatory Dominance of the Federal Reserveâs Balance Sheet
2026-06-03 01:53:08,369 | INFO | central_bank_scraper | Saved FED Speeches: The Case for Strong, Effective Banking Supervision
2026-06-03 01:53:10,293 | INFO | central_bank_scraper | Saved FED Speeches: The Case for Continuing Rate Cuts
2026-06-03 01:53:12,252 | INFO | central_bank_scraper | Saved FED Speeches: Economic Outlook and Monetary Policy
2026-06-03 01:53:14,227 | INFO | central_bank_scraper | Saved FED Speeches: AI and Central Banking
2026-06-03 01:53:16,216 | INFO | central_bank_scraper | Saved FED Speeches: A Global Stablecoin Glut: Implications for Monetary Policy
2026-06-03 01:53:18,212 | INFO | central_bank_scraper | Saved FED Speeches: AI and the Economy
2026-06-03 01:53:20,137 | INFO | central_bank_scraper | Saved FED Speeches: The Economic Outlook and Monetary Policy
2026-06-03 01:53:22,051 | INFO | central_bank_scraper | Saved FED Speeches: Opening Remarks
2026-06-03 01:53:23,966 | INFO | central_bank_scraper | Saved FED Speeches: Supporting Investment in Communities: The First 25 Years of the New Markets Tax Credit
2026-06-03 01:53:26,659 | INFO | central_bank_scraper | Saved FED Speeches: Brief Remarks
2026-06-03 01:53:28,715 | INFO | central_bank_scraper | Saved FED Speeches: Embracing New Technologies and Players in Payments
2026-06-03 01:53:32,336 | INFO | central_bank_scraper | Saved FED Speeches: Welcome Remarks
2026-06-03 01:53:34,321 | INFO | central_bank_scraper | Saved FED Speeches: Exploring the Possibilities and Risks of New Payment Technologies
2026-06-03 01:53:36,287 | INFO | central_bank_scraper | Saved FED Speeches: Cutting Rates in the Face of Conflicting Data
2026-06-03 01:53:38,257 | INFO | central_bank_scraper | Saved FED Speeches: Innovation at the Speed of AI
2026-06-03 01:53:40,186 | INFO | central_bank_scraper | Saved FED Speeches: Understanding the Fedâs Balance Sheet
2026-06-03 01:53:42,107 | INFO | central_bank_scraper | Saved FED Speeches: Community Banking: Looking Toward the Future
2026-06-03 01:53:44,011 | INFO | central_bank_scraper | Saved FED Speeches: The Economic Outlook and Monetary Policy
2026-06-03 01:53:50,020 | INFO | central_bank_scraper | Saved FED Speeches: Opening Remarks
2026-06-03 01:53:51,961 | INFO | central_bank_scraper | Saved FED Speeches: Welcoming Remarks
2026-06-03 01:53:55,328 | INFO | central_bank_scraper | Saved FED Speeches: Economic Data and Research in Indian Country
2026-06-03 01:53:57,265 | INFO | central_bank_scraper | Saved FED Speeches: Community Banking: The Cornerstone of Building Communities
2026-06-03 01:53:59,242 | INFO | central_bank_scraper | Saved FED Speeches: Welcome Remarks
2026-06-03 01:54:01,179 | INFO | central_bank_scraper | Saved FED Speeches: Economic Outlook and the Fedâs Monetary Policy Framework
2026-06-03 01:54:03,133 | INFO | central_bank_scraper | Saved FED Speeches: Monetary Policy Frameworks and the U.S. Economic Outlook
2026-06-03 01:54:05,118 | INFO | central_bank_scraper | Saved FED Speeches: The Next Frontier of Payments Innovation
2026-06-03 01:54:07,049 | INFO | central_bank_scraper | Saved FED Speeches: Thoughts on Monetary Policy Decisionmaking and Challenges Ahead
2026-06-03 01:54:08,959 | INFO | central_bank_scraper | Saved FED Speeches: Preserving the Dynamism and Credibility of Stress Testing
2026-06-03 01:54:10,887 | INFO | central_bank_scraper | Saved FED Speeches: Economic Outlook
2026-06-03 01:54:12,803 | INFO | central_bank_scraper | Saved FED Speeches: Views on the Economy and Monetary Policy
2026-06-03 01:54:14,733 | INFO | central_bank_scraper | Saved FED Speeches: Nonmonetary Forces and Appropriate Monetary Policy
2026-06-03 01:54:16,710 | INFO | central_bank_scraper | Saved FED Speeches: Letâs Get On with It
2026-06-03 01:54:18,647 | INFO | central_bank_scraper | Saved FED Speeches: Monetary Policy and the Fedâs Framework Review
2026-06-03 01:54:20,594 | INFO | central_bank_scraper | Saved FED Speeches: Technological Advancements in Payments
2026-06-03 01:54:22,566 | INFO | central_bank_scraper | Saved FED Speeches: Embracing Innovation
2026-06-03 01:54:24,507 | INFO | central_bank_scraper | Saved FED Speeches: Thoughts on the Economy and Community Bank Capital
2026-06-03 01:54:26,438 | INFO | central_bank_scraper | Saved FED Speeches: Statement by Vice Chair for Supervision Michelle W. Bowman
2026-06-03 01:54:28,392 | INFO | central_bank_scraper | Saved FED Speeches: Statement by Governor Christopher J. Waller
2026-06-03 01:54:30,359 | INFO | central_bank_scraper | Saved FED Speeches: Opening Remarks
2026-06-03 01:54:32,280 | INFO | central_bank_scraper | Saved FED Speeches: The Case for Cutting Now
2026-06-03 01:54:34,191 | INFO | central_bank_scraper | Saved FED Speeches: AI: A Fed Policymaker's View
2026-06-03 01:54:36,149 | INFO | central_bank_scraper | Saved FED Speeches: A View of the Housing Market and U.S. Economic Outlook
2026-06-03 01:54:38,115 | INFO | central_bank_scraper | Saved FED Speeches: Booms and Busts and the Regulatory Cycle
2026-06-03 01:54:40,082 | INFO | central_bank_scraper | Saved FED Speeches: Expanding Financial Inclusion
2026-06-03 01:54:42,734 | INFO | central_bank_scraper | Saved FED Speeches: Welcoming Remarks
2026-06-03 01:54:45,252 | INFO | central_bank_scraper | Saved FED Speeches: Demystifying the Federal Reserve's Balance Sheet
2026-06-03 01:54:47,217 | INFO | central_bank_scraper | Saved FED Speeches: Community Development at the Federal Reserve
2026-06-03 01:54:49,139 | INFO | central_bank_scraper | Saved FED Speeches: Opening Remarks
2026-06-03 01:54:51,072 | INFO | central_bank_scraper | Saved FED Speeches: Welcoming Remarks
2026-06-03 01:54:53,059 | INFO | central_bank_scraper | Saved FED Speeches: Unintended Policy Shifts and Unexpected Consequences
2026-06-03 01:54:55,105 | INFO | central_bank_scraper | Saved FED Speeches: Taking a Fresh Look at Supervision and Regulation
2026-06-03 01:54:57,080 | INFO | central_bank_scraper | Saved FED Speeches: The Economic Outlook and Appropriate Monetary Policy
2026-06-03 01:54:59,041 | INFO | central_bank_scraper | Saved FED Speeches: Welcoming Remarks
2026-06-03 01:55:00,979 | INFO | central_bank_scraper | Saved FED Speeches: Economic Outlook
2026-06-03 01:55:02,953 | INFO | central_bank_scraper | Saved FED Speeches: Opening Remarks
2026-06-03 01:55:05,099 | INFO | central_bank_scraper | Saved FED Speeches: The Effects of Tariffs on the Three Iâs: Inflation, Inflation Persistence, and Inflation Expectations
2026-06-03 01:55:07,014 | INFO | central_bank_scraper | Saved FED Speeches: Opening Remarks
2026-06-03 01:55:08,921 | INFO | central_bank_scraper | Saved FED Speeches: Baccalaureate Remarks
2026-06-03 01:55:11,676 | INFO | central_bank_scraper | Saved FED Speeches: A View on Financial Stability
2026-06-03 01:55:13,653 | INFO | central_bank_scraper | Saved FED Speeches: Commencement Remarks
2026-06-03 01:55:18,055 | INFO | central_bank_scraper | Saved FED Speeches: Liquidity Facilities: Purposes and Functions
2026-06-03 01:55:19,983 | INFO | central_bank_scraper | Saved FED Speeches: Opening Remarks
2026-06-03 01:55:21,946 | INFO | central_bank_scraper | Saved FED Speeches: Economic Outlook
2026-06-03 01:55:24,000 | INFO | central_bank_scraper | Saved FED Speeches: The Role of Economic Research in Central Banking
2026-06-03 01:55:26,041 | INFO | central_bank_scraper | Saved FED Speeches: Economic Outlook
2026-06-03 01:55:27,989 | INFO | central_bank_scraper | Saved FED Speeches: Opening Remarks on Productivity Dynamics
2026-06-03 01:55:29,901 | INFO | central_bank_scraper | Saved FED Speeches: Thank You, John
2026-06-03 01:55:31,964 | INFO | central_bank_scraper | Saved FED Speeches: Assessing Maximum Employment
2026-06-03 01:55:33,964 | INFO | central_bank_scraper | Saved FED Speeches: Artificial Intelligence and the Labor Market: A Scenario-Based Approach
2026-06-03 01:55:35,950 | INFO | central_bank_scraper | Saved FED Speeches: Four Guides for the Journey Ahead
2026-06-03 01:55:41,696 | INFO | central_bank_scraper | Saved FED Speeches: Welcoming Remarks
2026-06-03 01:55:43,605 | INFO | central_bank_scraper | Saved FED Speeches: Transmission of Monetary Policy
2026-06-03 01:55:45,544 | INFO | central_bank_scraper | Saved FED Speeches: Economic Mobility and the Dual Mandate
2026-06-03 01:55:47,533 | INFO | central_bank_scraper | Saved FED Speeches: Deepfakes and the AI Arms Race in Bank Cybersecurity
2026-06-03 01:55:49,513 | INFO | central_bank_scraper | Saved FED Speeches: Economic Outlook
2026-06-03 01:55:51,837 | INFO | central_bank_scraper | Saved FED Speeches: 2025 Distinguished Alumna Award Acceptance Remarks
2026-06-03 01:55:53,793 | INFO | central_bank_scraper | Saved FED Speeches: A Tale of Two Outlooks
2026-06-03 01:55:55,766 | INFO | central_bank_scraper | Saved FED Speeches: Inflation Dynamics and the Phillips Curve
2026-06-03 01:55:57,790 | INFO | central_bank_scraper | Saved FED Speeches: AI, Fintechs, and Banks
2026-06-03 01:55:59,747 | INFO | central_bank_scraper | Saved FED Speeches: Economic Outlook
2026-06-03 01:56:01,781 | INFO | central_bank_scraper | Saved FED Speeches: The Economic Outlook and Path of Policy
2026-06-03 01:56:08,897 | INFO | central_bank_scraper | Saved FED Speeches: U.S. Economic Outlook and Central Bank Communications
2026-06-03 01:56:10,935 | INFO | central_bank_scraper | Saved FED Speeches: Inflation Expectations and Monetary Policymaking
2026-06-03 01:56:12,843 | INFO | central_bank_scraper | Saved FED Speeches: Latinos, Entrepreneurs, and the U.S. Economy
2026-06-03 01:56:14,747 | INFO | central_bank_scraper | Saved FED Speeches: Helping Small Businesses Reach Their Potential
2026-06-03 01:56:16,800 | INFO | central_bank_scraper | Saved FED Speeches: Statement by Governor Christopher J. Waller
2026-06-03 01:56:18,789 | INFO | central_bank_scraper | Saved FED Speeches: Economic Outlook
2026-06-03 01:56:20,707 | INFO | central_bank_scraper | Saved FED Speeches: The Rebalancing of Labor Markets across the World
2026-06-03 01:56:22,641 | INFO | central_bank_scraper | Saved FED Speeches: Remarks on "Monetary Policy Transmission to Real Activity" and the Recent Experience
2026-06-03 01:56:24,650 | INFO | central_bank_scraper | Saved FED Speeches: Community Banking
2026-06-03 01:56:26,755 | INFO | central_bank_scraper | Saved FED Speeches: Promoting Responsible Innovation through the Novel Activities Program
2026-06-03 01:56:29,190 | INFO | central_bank_scraper | Saved FED Speeches: Managing Financial Crises
2026-06-03 01:56:31,270 | INFO | central_bank_scraper | Saved FED Speeches: Reading between the Lines? Textual Analysis of Central Bank Communications
2026-06-03 01:56:33,274 | INFO | central_bank_scraper | Saved FED Speeches: Navigating Inflation Waves: A Phillips Curve Perspective
2026-06-03 01:56:35,261 | INFO | central_bank_scraper | Saved FED Speeches: Risks and Challenges for Bank Regulation and Supervision
2026-06-03 01:56:37,267 | INFO | central_bank_scraper | Saved FED Speeches: How Healthy are U.S. Householdsâ Balance Sheets?
2026-06-03 01:56:39,165 | INFO | central_bank_scraper | Saved FED Speeches: Artificial Intelligence: Hypothetical Scenarios for the Future
2026-06-03 01:56:41,095 | INFO | central_bank_scraper | Saved FED Speeches: Disinflation Progress Uneven but Still on Track Rates Cuts on Track as Well
2026-06-03 01:56:43,234 | INFO | central_bank_scraper | Saved FED Speeches: Brief Remarks on the Economy and Accountability in Supervision, Applications, and Regulation
2026-06-03 01:56:45,229 | INFO | central_bank_scraper | Saved FED Speeches: Reflections on a Maturing Stablecoin Market
2026-06-03 01:56:47,229 | INFO | central_bank_scraper | Saved FED Speeches: Bank Regulation in 2025 and Beyond
2026-06-03 01:56:49,150 | INFO | central_bank_scraper | Saved FED Speeches: Entrepreneurship and Aggregate Productivity
2026-06-03 01:56:51,152 | INFO | central_bank_scraper | Saved FED Speeches: Do Non-inflationary Economic Expansions Promote Shared Prosperity? Evidence from the U.S. Labor Market
2026-06-03 01:56:55,602 | INFO | central_bank_scraper | Saved FED Speeches: U.S. Economic Outlook and Monetary Policy
2026-06-03 01:56:57,492 | INFO | central_bank_scraper | Saved FED Speeches: Brief Remarks on the Economy, and Perspective on Mutual and Community Banks
2026-06-03 01:56:59,482 | INFO | central_bank_scraper | Saved FED Speeches: Reflections on 2024: Monetary Policy, Economic Performance, and Lessons for Banking Regulation
2026-06-03 01:57:01,395 | INFO | central_bank_scraper | Saved FED Speeches: Challenges Facing Central Bankers
2026-06-03 01:57:03,344 | INFO | central_bank_scraper | Saved FED Speeches: An Assessment of the Economy and Financial Stability
2026-06-03 01:57:05,305 | INFO | central_bank_scraper | Saved FED Speeches: Reflections on Stablecoins and Payments Innovations
2026-06-03 01:57:07,219 | INFO | central_bank_scraper | Saved FED Speeches: Interlinking Fast Payment Systems
2026-06-03 01:57:09,523 | INFO | central_bank_scraper | Saved FED Speeches: A Year in Review: A Tale of Two Supply Shocks
2026-06-03 01:57:11,450 | INFO | central_bank_scraper | Saved FED Speeches: Cut or Skip?
2026-06-03 01:57:13,383 | INFO | central_bank_scraper | Saved FED Speeches: Artificial Intelligence in the Financial System
2026-06-03 01:57:15,358 | INFO | central_bank_scraper | Saved FED Speeches: Approaching Policymaking Pragmatically
2026-06-03 01:57:17,269 | INFO | central_bank_scraper | Saved FED Speeches: Economic Outlook
2026-06-03 01:57:19,199 | INFO | central_bank_scraper | Saved FED Speeches: Economic Outlook
2026-06-03 01:57:21,117 | INFO | central_bank_scraper | Saved FED Speeches: Central Bank Independence and the Conduct of Monetary Policy
2026-06-03 01:57:23,082 | INFO | central_bank_scraper | Saved FED Speeches: What Roles Should the Private Sector and the Federal Reserve Play in Payments?
2026-06-03 01:57:25,815 | INFO | central_bank_scraper | Saved FED Speeches: Opening Remarks
2026-06-03 01:57:27,788 | INFO | central_bank_scraper | Saved FED Speeches: Centralized and Decentralized Finance: Substitutes or Complements?
2026-06-03 01:57:29,695 | INFO | central_bank_scraper | Saved FED Speeches: Thoughts on the Economy and Policy Rules at the Federal Open Market Committee
2026-06-03 01:57:31,602 | INFO | central_bank_scraper | Saved FED Speeches: Challenges to the Community Banking Model
2026-06-03 01:57:33,517 | INFO | central_bank_scraper | Saved FED Speeches: Entrepreneurs, Innovation, and Participation
2026-06-03 01:57:35,453 | INFO | central_bank_scraper | Saved FED Speeches: The Fed's Discount Window: 1990 to the Present
2026-06-03 01:57:37,436 | INFO | central_bank_scraper | Saved FED Speeches: A History of the Fed's Discount Window: 1913â2000
2026-06-03 01:57:39,355 | INFO | central_bank_scraper | Saved FED Speeches: The Global Fight Against Inflation
2026-06-03 01:57:41,515 | INFO | central_bank_scraper | Saved FED Speeches: Building a Community Banking Framework for the Future
2026-06-03 01:57:43,472 | INFO | central_bank_scraper | Saved FED Speeches: Artificial Intelligence, Big Data, and the Path Ahead for Productivity
2026-06-03 01:57:45,456 | INFO | central_bank_scraper | Saved FED Speeches: Economic Outlook
2026-06-03 01:57:47,406 | INFO | central_bank_scraper | Saved FED Speeches: Recent Views on Monetary Policy and the Economic Outlook
2026-06-03 01:57:49,336 | INFO | central_bank_scraper | Saved FED Speeches: What Will Artificial Intelligence Mean for Americaâs Workers?
2026-06-03 01:57:51,243 | INFO | central_bank_scraper | Saved FED Speeches: Supporting Market Resilience and Financial Stability
2026-06-03 01:57:53,307 | INFO | central_bank_scraper | Saved FED Speeches: Opening Remarks
2026-06-03 01:57:55,222 | INFO | central_bank_scraper | Saved FED Speeches: Recent Views on Monetary Policy and the Economic Outlook
2026-06-03 01:57:57,902 | INFO | central_bank_scraper | Saved FED Speeches: How We Got Here: A Perspective on Inflation and the Labor Market
2026-06-03 01:57:59,804 | INFO | central_bank_scraper | Saved FED Speeches: Recent Views on Monetary Policy and the Economic Outlook
2026-06-03 01:58:01,750 | INFO | central_bank_scraper | Saved FED Speeches: Statement by Governor Michelle W. Bowman
2026-06-03 01:58:03,674 | INFO | central_bank_scraper | Saved FED Speeches: The Future of Stress Testing and the Stress Capital Buffer Framework
2026-06-03 01:58:05,625 | INFO | central_bank_scraper | Saved FED Speeches: The Next Steps on Capital
2026-06-03 01:58:07,532 | INFO | central_bank_scraper | Saved FED Speeches: The Time Has Come
2026-06-03 01:58:09,560 | INFO | central_bank_scraper | Saved FED Speeches: Review and Outlook
2026-06-03 01:58:11,522 | INFO | central_bank_scraper | Saved FED Speeches: Remarks on the Economic Outlook and Financial Inclusion
2026-06-03 01:58:13,424 | INFO | central_bank_scraper | Saved FED Speeches: Opening Remarks
2026-06-03 01:58:15,903 | INFO | central_bank_scraper | Saved FED Speeches: Update on the Economic Outlook, and Perspective on Bank Culture, M&A, and Liquidity
2026-06-03 01:58:17,815 | INFO | central_bank_scraper | Saved FED Speeches: Opening Remarks
2026-06-03 01:58:19,820 | INFO | central_bank_scraper | Saved FED Speeches: Liquidity, Supervision, and Regulatory Reform
2026-06-03 01:58:21,860 | INFO | central_bank_scraper | Saved FED Speeches: Getting Closer
2026-06-03 01:58:23,785 | INFO | central_bank_scraper | Saved FED Speeches: The Challenges Facing Economic Measurement and Creative Solutions
2026-06-03 01:58:25,691 | INFO | central_bank_scraper | Saved FED Speeches: Common Inflation and Monetary Policy Challenges across Countries
2026-06-03 01:58:27,627 | INFO | central_bank_scraper | Saved FED Speeches: Opening Remarks
2026-06-03 01:58:31,249 | INFO | central_bank_scraper | Saved FED Speeches: Promoting an Inclusive Financial System
2026-06-03 01:58:33,987 | INFO | central_bank_scraper | Saved FED Speeches: Financial Inclusion: Past, Present, and Hopes for the Future
2026-06-03 01:58:35,871 | INFO | central_bank_scraper | Saved FED Speeches: Brief Remarks on the Economy, Monetary Policy, and Bank Regulation
2026-06-03 01:58:37,869 | INFO | central_bank_scraper | Saved FED Speeches: The Consequences of Bank Capital Reform
2026-06-03 01:58:39,833 | INFO | central_bank_scraper | Saved FED Speeches: Opening Remarks
2026-06-03 01:58:41,774 | INFO | central_bank_scraper | Saved FED Speeches: Moving Toward Better Balance and Implications for Monetary Policy
2026-06-03 01:58:43,705 | INFO | central_bank_scraper | Saved FED Speeches: Perspectives on U.S. Monetary Policy and Bank Capital Reform
2026-06-03 01:58:46,422 | INFO | central_bank_scraper | Saved FED Speeches: Welcoming Remarks
2026-06-03 01:58:48,410 | INFO | central_bank_scraper | Saved FED Speeches: Some Reasons for Optimism about Inflation
2026-06-03 01:58:50,423 | INFO | central_bank_scraper | Saved FED Speeches: A Transformative Experience
2026-06-03 01:58:52,405 | INFO | central_bank_scraper | Saved FED Speeches: Innovation in the Financial System
2026-06-03 01:58:54,345 | INFO | central_bank_scraper | Saved FED Speeches: Lessons from the American Economic Association Summer Program
2026-06-03 01:58:56,330 | INFO | central_bank_scraper | Saved FED Speeches: A New Class of Trailblazers
2026-06-03 01:58:58,372 | INFO | central_bank_scraper | Saved FED Speeches: The Federal Reserve's Balance Sheet as a Monetary Policy Tool: Past Lessons and Future Considerations
2026-06-03 01:59:00,362 | INFO | central_bank_scraper | Saved FED Speeches: Some Thoughts on r*: Why Did It Fall and Will It Rise?
2026-06-03 01:59:02,285 | INFO | central_bank_scraper | Saved FED Speeches: Little by Little, Progress Seems to be Resuming.
2026-06-03 01:59:05,164 | INFO | central_bank_scraper | Saved FED Speeches: U.S. Economic Outlook and Housing Price Dynamics
2026-06-03 01:59:07,175 | INFO | central_bank_scraper | Saved FED Speeches: On Building a Resilient Regulatory Framework
2026-06-03 01:59:09,216 | INFO | central_bank_scraper | Saved FED Speeches: Welcoming Remarks on the International Role of the U.S. Dollar
2026-06-03 01:59:11,187 | INFO | central_bank_scraper | Saved FED Speeches: Georgetown University Law Center Commencement Address
2026-06-03 01:59:13,085 | INFO | central_bank_scraper | Saved FED Speeches: On the Road Ahead, Cherish the Detours
2026-06-03 01:59:15,627 | INFO | central_bank_scraper | Saved FED Speeches: Brief Remarks on the Economy, Monetary Policy, and Bank Regulation
2026-06-03 01:59:17,532 | INFO | central_bank_scraper | Saved FED Speeches: Payments Innovation, Technical Standards, and the Federal Reserve's Roles
2026-06-03 01:59:20,095 | INFO | central_bank_scraper | Saved FED Speeches: Innovation and the Evolving Financial Landscape
2026-06-03 01:59:22,874 | INFO | central_bank_scraper | Saved FED Speeches: Growth and Change at Community Development Financial Institutions
2026-06-03 01:59:24,818 | INFO | central_bank_scraper | Saved FED Speeches: Communicating about Monetary Policy
2026-06-03 01:59:26,758 | INFO | central_bank_scraper | Saved FED Speeches: Commencement Remarks
2026-06-03 01:59:28,697 | INFO | central_bank_scraper | Saved FED Speeches: Financial Stability Risks: Resiliency and the Role of Regulators
2026-06-03 01:59:30,636 | INFO | central_bank_scraper | Saved FED Speeches: Current Assessment of Financial Stability
2026-06-03 01:59:32,579 | INFO | central_bank_scraper | Saved FED Speeches: "Oh, the Places Youâll Go and the Things Youâll Do"
2026-06-03 01:59:34,493 | INFO | central_bank_scraper | Saved FED Speeches: Brief Remarks on the Economy and Monetary Policy
2026-06-03 01:59:36,429 | INFO | central_bank_scraper | Saved FED Speeches: Opening Remarks
2026-06-03 01:59:38,366 | INFO | central_bank_scraper | Saved FED Speeches: Economic Uncertainty and the Evolution of Monetary Policymaking
2026-06-03 01:59:40,283 | INFO | central_bank_scraper | Saved FED Speeches: Risks and Uncertainty in Monetary Policy: Current and Past Considerations
2026-06-03 01:59:42,178 | INFO | central_bank_scraper | Saved FED Speeches: Enriching Data and Analysis in Economics with Real Life Experiences
2026-06-03 01:59:44,089 | INFO | central_bank_scraper | Saved FED Speeches: The Outlook for the U.S. Economy and Monetary Policy
2026-06-03 01:59:46,095 | INFO | central_bank_scraper | Saved FED Speeches: Opening Remarks
2026-06-03 01:59:48,806 | INFO | central_bank_scraper | Saved FED Speeches: Bank Liquidity, Regulation, and the Fed's Role as Lender of Last Resort
2026-06-03 01:59:50,718 | INFO | central_bank_scraper | Saved FED Speeches: Bank Mergers and Acquisitions, and De Novo Bank Formation: Implications for the Future of the Banking System
2026-06-03 01:59:54,421 | INFO | central_bank_scraper | Saved FED Speeches: Hope, Promise, and Mentors
2026-06-03 01:59:56,407 | INFO | central_bank_scraper | Saved FED Speeches: Thereâs Still No Rush
2026-06-03 01:59:58,444 | INFO | central_bank_scraper | Saved FED Speeches: The Dual Mandate and the Balance of Risks
2026-06-03 02:00:00,441 | INFO | central_bank_scraper | Saved FED Speeches: Reflections on the Economy and Bank Regulation
2026-06-03 02:00:02,406 | INFO | central_bank_scraper | Saved FED Speeches: Tailoring, Fidelity to the Rule of Law, and Unintended Consequences
2026-06-03 02:00:04,325 | INFO | central_bank_scraper | Saved FED Speeches: Disinflation without a Rise in Unemployment? What Is Different This Time Around
2026-06-03 02:00:06,322 | INFO | central_bank_scraper | Saved FED Speeches: Thoughts on Quantitative Tightening, Including Remarks on the Paper "Quantitative Tightening around the Globe: What Have We Learned?"
2026-06-03 02:00:08,291 | INFO | central_bank_scraper | Saved FED Speeches: Reflections on the Economy and Bank Regulation
2026-06-03 02:00:10,230 | INFO | central_bank_scraper | Saved FED Speeches: The Importance of Counterparty Credit Risk Management
2026-06-03 02:00:12,152 | INFO | central_bank_scraper | Saved FED Speeches: Whatâs the Rush?
2026-06-03 02:00:14,084 | INFO | central_bank_scraper | Saved FED Speeches: Sources of Uncertainty in the Short Run and the Long Run
2026-06-03 02:00:15,986 | INFO | central_bank_scraper | Saved FED Speeches: Is This Time Different? Recent Monetary Policy Cycles in Retrospect
2026-06-03 02:00:17,940 | INFO | central_bank_scraper | Saved FED Speeches: Supervision with Speed, Force, and Agility
2026-06-03 02:00:19,897 | INFO | central_bank_scraper | Saved FED Speeches: The Dollar's International Role
2026-06-03 02:00:21,914 | INFO | central_bank_scraper | Saved FED Speeches: Advancing Cross-Border Payments and Financial Inclusion
2026-06-03 02:00:23,811 | INFO | central_bank_scraper | Saved FED Speeches: The Intersection of Monetary Policy, Market Functioning, and Liquidity Risk Management
2026-06-03 02:00:25,714 | INFO | central_bank_scraper | Saved FED Speeches: Defining a Bank
2026-06-03 02:00:27,694 | INFO | central_bank_scraper | Saved FED Speeches: Supporting Entrepreneurship & Small Businesses
2026-06-03 02:00:29,735 | INFO | central_bank_scraper | Saved FED Speeches: The Outlook for the Economy and Monetary Policy
2026-06-03 02:00:34,248 | INFO | central_bank_scraper | Saved FED Speeches: The Future of Banking
2026-06-03 02:00:36,135 | INFO | central_bank_scraper | Saved FED Speeches: Opening Remarks
2026-06-03 02:00:40,021 | INFO | central_bank_scraper | Saved FED Speeches: The Path Forward for Bank Capital Reform
2026-06-03 02:00:41,953 | INFO | central_bank_scraper | Saved FED Speeches: Almost as Good as It Getsâ¦But Will It Last?
2026-06-03 02:00:43,880 | INFO | central_bank_scraper | Saved FED Speeches: New Yearâs Resolutions for Bank Regulatory Policymakers
2026-06-03 02:00:45,838 | INFO | central_bank_scraper | Saved FED Speeches: Why Bank Capital Matters
2026-06-03 02:00:47,976 | INFO | central_bank_scraper | Saved FED Speeches: Building a More Inclusive Financial System through Collaboration and Action
2026-06-03 02:00:49,902 | INFO | central_bank_scraper | Saved FED Speeches: Opening Remarks
2026-06-03 02:00:51,812 | INFO | central_bank_scraper | Saved FED Speeches: The Importance of Effective Liquidity Risk Management
2026-06-03 02:00:55,876 | INFO | central_bank_scraper | Saved FED Speeches: Serving Indian Country with the Modernized Community Reinvestment Act
2026-06-03 02:00:57,768 | INFO | central_bank_scraper | Saved FED Speeches: Reflections on the Economy and Monetary Policy
2026-06-03 02:00:59,780 | INFO | central_bank_scraper | Saved FED Speeches: Something Appears to Be Giving
2026-06-03 02:01:01,746 | INFO | central_bank_scraper | Saved FED Speeches: Global Linkages: Supply, Spillovers, and Common Challenges
2026-06-03 02:01:03,721 | INFO | central_bank_scraper | Saved FED Speeches: The 2023 U.S. Treasury Market Conference
2026-06-03 02:01:05,685 | INFO | central_bank_scraper | Saved FED Speeches: Elevated Economic Uncertainty: Causes and Consequences
2026-06-03 02:01:07,645 | INFO | central_bank_scraper | Saved FED Speeches: Welcoming Remarks
2026-06-03 02:01:09,586 | INFO | central_bank_scraper | Saved FED Speeches: Opening Remarks
2026-06-03 02:01:11,555 | INFO | central_bank_scraper | Saved FED Speeches: Remarks on the Economy and Prioritization of Bank Supervision and Regulation
2026-06-03 02:01:13,458 | INFO | central_bank_scraper | Saved FED Speeches: Research and Statistics Centennial Anniversary: Past, Present and Future
2026-06-03 02:01:17,627 | INFO | central_bank_scraper | Saved FED Speeches: Opening Remarks
2026-06-03 02:01:19,615 | INFO | central_bank_scraper | Saved FED Speeches: Financial Stability: Resilience, Challenges, and Global Connections
2026-06-03 02:01:21,612 | INFO | central_bank_scraper | Saved FED Speeches: Remarks on the Economy and Bank Supervision and Regulation
2026-06-03 02:01:23,541 | INFO | central_bank_scraper | Saved FED Speeches: Using Economic Data to Understand the Economy
2026-06-03 02:01:25,528 | INFO | central_bank_scraper | Saved FED Speeches: Financial Stability: Resilience and Challenges
2026-06-03 02:01:27,565 | INFO | central_bank_scraper | Saved FED Speeches: Opening Remarks
2026-06-03 02:01:29,613 | INFO | central_bank_scraper | Saved FED Speeches: Welcome Remarks
2026-06-03 02:01:33,729 | INFO | central_bank_scraper | Saved FED Speeches: Introductory Remarks
2026-06-03 02:01:35,767 | INFO | central_bank_scraper | Saved FED Speeches: Multiple Scenarios in Stress Testing
2026-06-03 02:01:37,822 | INFO | central_bank_scraper | Saved FED Speeches: Opening Remarks
2026-06-03 02:01:39,747 | INFO | central_bank_scraper | Saved FED Speeches: The Evolution of the Federal Reserveâs Employment Mandate
2026-06-03 02:01:43,895 | INFO | central_bank_scraper | Saved FED Speeches: Brief Remarks
2026-06-03 02:01:47,095 | INFO | central_bank_scraper | Saved FED Speeches: Somethingâs Got to Give
2026-06-03 02:01:49,136 | INFO | central_bank_scraper | Saved FED Speeches: Responsible Innovation in Money and Payments
2026-06-03 02:01:51,162 | INFO | central_bank_scraper | Saved FED Speeches: Financial Stability in Uncertain Times
2026-06-03 02:01:53,556 | INFO | central_bank_scraper | Saved FED Speeches: Monetary Policy Analysis and the Development of Federal Reserve Policymaking
2026-06-03 02:01:55,690 | INFO | central_bank_scraper | Saved FED Speeches: U.S. Economic Outlook and Monetary Policy Transmission
2026-06-03 02:01:57,672 | INFO | central_bank_scraper | Saved FED Speeches: Capital Supports Lending
2026-06-03 02:01:59,624 | INFO | central_bank_scraper | Saved FED Speeches: Brief Remarks on the Economy and Insights from Past Bank Regulatory Reform Efforts
2026-06-03 02:02:01,734 | INFO | central_bank_scraper | Saved FED Speeches: The Role of Research, Data, and Analysis in Banking Reforms
2026-06-03 02:02:03,759 | INFO | central_bank_scraper | Saved FED Speeches: Monetary Policy and Financial Stability
2026-06-03 02:02:06,261 | INFO | central_bank_scraper | Saved FED Speeches: Brief Remarks on the Economy and Bank Regulation
2026-06-03 02:02:08,233 | INFO | central_bank_scraper | Saved FED Speeches: Welcoming Remarks
2026-06-03 02:02:10,370 | INFO | central_bank_scraper | Saved FED Speeches: Closing Remarks
2026-06-03 02:02:12,378 | INFO | central_bank_scraper | Saved FED Speeches: Panel Remarks
2026-06-03 02:02:14,358 | INFO | central_bank_scraper | Saved FED Speeches: Welcoming Remarks
2026-06-03 02:02:16,314 | INFO | central_bank_scraper | Saved FED Speeches: Brief Remarks on the Economy and Monetary Policy
2026-06-03 02:02:18,402 | INFO | central_bank_scraper | Saved FED Speeches: Generative AI, Productivity, the Labor Market, and Choice Behavior
2026-06-03 02:02:20,403 | INFO | central_bank_scraper | Saved FED Speeches: The Federal Reserveâs Role in Supporting Responsible Innovation
2026-06-03 02:02:22,336 | INFO | central_bank_scraper | Saved FED Speeches: Inflation: Progress and the Path Ahead
2026-06-03 02:02:25,060 | INFO | central_bank_scraper | Saved FED Speeches: Welcoming Remarks
2026-06-03 02:02:27,108 | INFO | central_bank_scraper | Saved FED Speeches: Welcoming Remarks
2026-06-03 02:02:30,154 | INFO | central_bank_scraper | Saved FED Speeches: Brief Remarks on the Economy and Monetary Policy
2026-06-03 02:02:32,175 | INFO | central_bank_scraper | Saved FED Speeches: Furthering the Vision of the Fair Housing Act
2026-06-03 02:02:34,337 | INFO | central_bank_scraper | Saved FED Speeches: Big Shocks Travel Fast: Why Policy Lags May Be Shorter Than You Think
2026-06-03 02:02:36,294 | INFO | central_bank_scraper | Saved FED Speeches: Holistic Capital Review
2026-06-03 02:02:38,209 | INFO | central_bank_scraper | Saved FED Speeches: Financial Stability and Economic Developments
2026-06-03 02:02:40,781 | INFO | central_bank_scraper | Saved FED Speeches: Responsive and Responsible Bank Regulation and Supervision
2026-06-03 02:02:43,068 | INFO | central_bank_scraper | Saved FED Speeches: Opening Remarks
2026-06-03 02:02:44,962 | INFO | central_bank_scraper | Saved FED Speeches: Welcoming Remarks
2026-06-03 02:02:46,877 | INFO | central_bank_scraper | Saved FED Speeches: Financial Stability and Macroeconomic Policy
2026-06-03 02:02:48,796 | INFO | central_bank_scraper | Saved FED Speeches: Financial Stability and the U.S. Economy
2026-06-03 02:02:50,750 | INFO | central_bank_scraper | Saved FED Speeches: Brief Remarks
2026-06-03 02:02:52,764 | INFO | central_bank_scraper | Saved FED Speeches: Hike, Skip, or Pause?
2026-06-03 02:02:56,006 | INFO | central_bank_scraper | Saved FED Speeches: Considerations for Revisions to the Bank Regulatory Framework
2026-06-03 02:02:57,949 | INFO | central_bank_scraper | Saved FED Speeches: The U.S. Economic Outlook and Considerations for Monetary Policy
2026-06-03 02:03:00,496 | INFO | central_bank_scraper | Saved FED Speeches: Commencement Address
2026-06-03 02:03:02,421 | INFO | central_bank_scraper | Saved FED Speeches: Commencement Address
2026-06-03 02:03:04,396 | INFO | central_bank_scraper | Saved FED Speeches: On the Assessment of Current Monetary Policy
2026-06-03 02:03:06,327 | INFO | central_bank_scraper | Saved FED Speeches: The Evolving Nature of Banking, Bank Culture, and Bank Runs
2026-06-03 02:03:08,310 | INFO | central_bank_scraper | Saved FED Speeches: Climate Change and Financial Stability
2026-06-03 02:03:10,571 | INFO | central_bank_scraper | Saved FED Speeches: Commencement Address
2026-06-03 02:03:12,528 | INFO | central_bank_scraper | Saved FED Speeches: Important Questions for Economic Research
2026-06-03 02:03:14,505 | INFO | central_bank_scraper | Saved FED Speeches: Brief Remarks
2026-06-03 02:03:16,483 | INFO | central_bank_scraper | Saved FED Speeches: Innovation and the Future of Finance
2026-06-03 02:03:18,476 | INFO | central_bank_scraper | Saved FED Speeches: Considerations for a Central Bank Digital Currency
2026-06-03 02:03:20,467 | INFO | central_bank_scraper | Saved FED Speeches: The Consequences of Fewer Banks in the U.S. Banking System
2026-06-03 02:03:22,363 | INFO | central_bank_scraper | Saved FED Speeches: Financial Stabilization and Macroeconomic Stabilization: Two Tools for Two Problems
2026-06-03 02:03:24,322 | INFO | central_bank_scraper | Saved FED Speeches: Welcoming Remarks
2026-06-03 02:03:28,037 | INFO | central_bank_scraper | Saved FED Speeches: The Unstable Phillips Curve
2026-06-03 02:03:29,986 | INFO | central_bank_scraper | Saved FED Speeches: The U.S. Economic Outlook and Monetary Policy
2026-06-03 02:03:32,407 | INFO | central_bank_scraper | Saved FED Speeches: Brief Remarks
2026-06-03 02:03:34,448 | INFO | central_bank_scraper | Saved FED Speeches: Implementation and Transmission of Monetary Policy
2026-06-03 02:03:36,387 | INFO | central_bank_scraper | Saved FED Speeches: The Innovation Imperative: Modernizing Traditional Banking
2026-06-03 02:03:38,314 | INFO | central_bank_scraper | Saved FED Speeches: Supporting Innovation with Guardrails: The Federal Reserveâs Approach to Supervision and Regulation of Banksâ Crypto-related Activities
2026-06-03 02:03:40,282 | INFO | central_bank_scraper | Saved FED Speeches: Panel on âDesign Issues for Central Bank Facilities in the Futureâ
2026-06-03 02:03:42,261 | INFO | central_bank_scraper | Saved FED Speeches: Februaryâs Hot Data Releases
2026-06-03 02:03:45,467 | INFO | central_bank_scraper | Saved FED Speeches: Recent Inflation and the Dual Mandate
2026-06-03 02:03:47,458 | INFO | central_bank_scraper | Saved FED Speeches: Discussion of the Paper "Managing Disinflations" by Stephen G. Cecchetti, Michael E. Feroli, Peter Hooper, Frederic S. Mishkin, and Kermit L. Schoenholtz
2026-06-03 02:03:49,397 | INFO | central_bank_scraper | Saved FED Speeches: Welcome Remarks
2026-06-03 02:03:51,302 | INFO | central_bank_scraper | Saved FED Speeches: Welcoming Remarks
2026-06-03 02:03:53,269 | INFO | central_bank_scraper | Saved FED Speeches: Independence, Predictability, and Tailoring in Banking Regulation and Supervision
2026-06-03 02:03:55,804 | INFO | central_bank_scraper | Saved FED Speeches: Thoughts on the Crypto Ecosystem
2026-06-03 02:03:57,711 | INFO | central_bank_scraper | Saved FED Speeches: The Inflation Rate for Necessities: A Look at Food, Energy and Shelter Inflation
2026-06-03 02:03:59,638 | INFO | central_bank_scraper | Saved FED Speeches: Remarks at the âBanking on Financial Inclusionâ Conference
2026-06-03 02:04:02,799 | INFO | central_bank_scraper | Saved FED Speeches: Remarks to Delta Sigma Theta
2026-06-03 02:04:04,689 | INFO | central_bank_scraper | Saved FED Speeches: A Case for Cautious Optimism
2026-06-03 02:04:06,612 | INFO | central_bank_scraper | Saved FED Speeches: Staying the Course to Bring Inflation Down
2026-06-03 02:04:08,736 | INFO | central_bank_scraper | Saved FED Speeches: Brief Remarks on the Economy and Bank Supervision
2026-06-03 02:04:10,646 | INFO | central_bank_scraper | Saved FED Speeches: Panel on "Central Bank Independence and the MandateâEvolving Views"
2026-06-03 02:04:12,581 | INFO | central_bank_scraper | Saved FED Speeches: Thoughts on Inflation in a Supply-Constrained Economy
2026-06-03 02:04:14,648 | INFO | central_bank_scraper | Saved FED Speeches: Inflation and the Labor Market
2026-06-03 02:04:16,570 | INFO | central_bank_scraper | Saved FED Speeches: The Economic Outlook and U.S. Productivity
2026-06-03 02:04:18,487 | INFO | central_bank_scraper | Saved FED Speeches: What Can We Learn from the Pandemic and the War about Supply Shocks, Inflation, and Monetary Policy?
2026-06-03 02:04:20,414 | INFO | central_bank_scraper | Saved FED Speeches: Opportunity and Inclusive Economic Growth
2026-06-03 02:04:22,426 | INFO | central_bank_scraper | Saved FED Speeches: Financial Education
2026-06-03 02:04:24,476 | INFO | central_bank_scraper | Saved FED Speeches: The Economic Outlook and a Word of Caution on Inflation
2026-06-03 02:04:26,383 | INFO | central_bank_scraper | Saved FED Speeches: Welcoming Remarks
2026-06-03 02:04:28,290 | INFO | central_bank_scraper | Saved FED Speeches: The U.S. Dollar and Central Bank Digital Currencies
2026-06-03 02:04:30,301 | INFO | central_bank_scraper | Saved FED Speeches: Forward Guidance as a Monetary Policy Tool: Considerations for the Current Economic Environment
2026-06-03 02:04:32,311 | INFO | central_bank_scraper | Saved FED Speeches: Managing the Promise and Risk of Financial Innovation
2026-06-03 02:04:34,248 | INFO | central_bank_scraper | Saved FED Speeches: Restoring Price Stability in an Uncertain Economic Environment
2026-06-03 02:04:36,149 | INFO | central_bank_scraper | Saved FED Speeches: The Economic Outlook with a Look at the Housing Market
2026-06-03 02:04:38,105 | INFO | central_bank_scraper | Saved FED Speeches: Economic Outlook
2026-06-03 02:04:40,415 | INFO | central_bank_scraper | Saved FED Speeches: Technologyâs Impact on the Post-Pandemic Economy
2026-06-03 02:04:42,332 | INFO | central_bank_scraper | Saved FED Speeches: Large Bank Supervision and Regulation
2026-06-03 02:04:44,281 | INFO | central_bank_scraper | Saved FED Speeches: Global Financial Stability Considerations for Monetary Policy in a High-Inflation Environment
2026-06-03 02:04:46,205 | INFO | central_bank_scraper | Saved FED Speeches: The New Landscape for Banking Competition
2026-06-03 02:04:48,151 | INFO | central_bank_scraper | Saved FED Speeches: Welcoming Remarks
2026-06-03 02:04:50,089 | INFO | central_bank_scraper | Saved FED Speeches: The Economic Outlook: Time to Let the Data Do the Talking
2026-06-03 02:04:52,044 | INFO | central_bank_scraper | Saved FED Speeches: Making the Financial System Safer and Fairer
2026-06-03 02:04:53,952 | INFO | central_bank_scraper | Saved FED Speeches: Bringing Inflation Down
2026-06-03 02:04:55,954 | INFO | central_bank_scraper | Saved FED Speeches: Progress on Fast Payments for All: An Update on FedNow
2026-06-03 02:04:58,439 | INFO | central_bank_scraper | Saved FED Speeches: Monetary Policy and Price Stability
2026-06-03 02:05:00,371 | INFO | central_bank_scraper | Saved FED Speeches: Working Women in the Pandemic Era
2026-06-03 02:05:02,291 | INFO | central_bank_scraper | Saved FED Speeches: Technology, Innovation, and Financial Services
2026-06-03 02:05:04,261 | INFO | central_bank_scraper | Saved FED Speeches: Fighting Inflation in Challenging Times
2026-06-03 02:05:06,208 | INFO | central_bank_scraper | Saved FED Speeches: Strengthening the CRA: A Conversation with Representatives of Native Communities
2026-06-03 02:05:08,163 | INFO | central_bank_scraper | Saved FED Speeches: Monetary Policy in a World of Conflicting Data
2026-06-03 02:05:10,904 | INFO | central_bank_scraper | Saved FED Speeches: Crypto-Assets and Decentralized Finance through a Financial Stability Lens
2026-06-03 02:05:12,858 | INFO | central_bank_scraper | Saved FED Speeches: The Outlook for Inflation and Monetary Policy
2026-06-03 02:05:14,783 | INFO | central_bank_scraper | Saved FED Speeches: Lessons Learned on Normalizing Monetary Policy
2026-06-03 02:05:16,776 | INFO | central_bank_scraper | Saved FED Speeches: Welcoming Remarks
2026-06-03 02:05:18,755 | INFO | central_bank_scraper | Saved FED Speeches: Risk in the Crypto Markets
2026-06-03 02:05:20,687 | INFO | central_bank_scraper | Saved FED Speeches: Responding to High Inflation, with Some Thoughts on a Soft Landing
2026-06-03 02:05:22,672 | INFO | central_bank_scraper | Saved FED Speeches: Commencement Remarks
2026-06-03 02:05:24,684 | INFO | central_bank_scraper | Saved FED Speeches: Welcoming Remarks
2026-06-03 02:05:26,625 | INFO | central_bank_scraper | Saved FED Speeches: Reflections on Monetary Policy in 2021
2026-06-03 02:05:28,552 | INFO | central_bank_scraper | Saved FED Speeches: Variation in the Inflation Experiences of Households
2026-06-03 02:05:30,480 | INFO | central_bank_scraper | Saved FED Speeches: The Red Hot Housing Market: the Role of Policy and Implications for Housing Affordability
2026-06-03 02:05:32,447 | INFO | central_bank_scraper | Saved FED Speeches: Restoring Price Stability
2026-06-03 02:05:34,369 | INFO | central_bank_scraper | Saved FED Speeches: Welcoming Remarks
2026-06-03 02:05:36,273 | INFO | central_bank_scraper | Saved FED Speeches: Fighting Inflation with Rate Hikes and Balance Sheet Reduction
2026-06-03 02:05:38,203 | INFO | central_bank_scraper | Saved FED Speeches: High Inflation and the Outlook for Monetary Policy
2026-06-03 02:05:40,184 | INFO | central_bank_scraper | Saved FED Speeches: Preparing for the Financial System of the Future
2026-06-03 02:05:42,117 | INFO | central_bank_scraper | Saved FED Speeches: Comments on "Some Benefits and Risks of a Hot Economy"
2026-06-03 02:05:44,038 | INFO | central_bank_scraper | Saved FED Speeches: A Hopeless and Imperative Endeavor: Lessons from the Pandemic for Economic Forecasters
2026-06-03 02:05:46,094 | INFO | central_bank_scraper | Saved FED Speeches: Between the Hither and the Farther Shore: Thoughts on Unfinished Business
2026-06-03 02:05:48,162 | INFO | central_bank_scraper | Saved FED Speeches: Federal Reserve Independence: Foundations and Responsibilities
2026-06-03 02:05:50,096 | INFO | central_bank_scraper | Saved FED Speeches: Engagement, Research and Policy: Integrating Indigenous Voices into Economic Inclusion at the Federal Reserve
2026-06-03 02:05:52,093 | INFO | central_bank_scraper | Saved FED Speeches: Opening Remarks
2026-06-03 02:05:54,058 | INFO | central_bank_scraper | Saved FED Speeches: Perspectives on Global Monetary Policy Coordination, Cooperation, and Correlation
2026-06-03 02:05:56,752 | INFO | central_bank_scraper | Saved FED Speeches: Economic Outlook
2026-06-03 02:05:58,667 | INFO | central_bank_scraper | Saved FED Speeches: Opening Remarks
2026-06-03 02:06:00,598 | INFO | central_bank_scraper | Saved FED Speeches: The U.S. Housing and Mortgage Market: Risks and Resilience
2026-06-03 02:06:02,514 | INFO | central_bank_scraper | Saved FED Speeches: Opening Remarks
2026-06-03 02:06:04,544 | INFO | central_bank_scraper | Saved FED Speeches: Flexible Average Inflation Targeting and Prospects for U.S. Monetary Policy
2026-06-03 02:06:06,525 | INFO | central_bank_scraper | Saved FED Speeches: The Lack of New Bank Formations is a Significant Issue for the Banking Industry
2026-06-03 02:06:08,483 | INFO | central_bank_scraper | Saved FED Speeches: How Long is Too Long? How High is Too High?: Managing Recent Inflation Developments within the FOMCâs Monetary Policy Framework
2026-06-03 02:06:10,401 | INFO | central_bank_scraper | Saved FED Speeches: The Economic Outlook and a Cautionary Tale on âIdiosyncraticâ Price Changes and Inflation
2026-06-03 02:06:12,358 | INFO | central_bank_scraper | Saved FED Speeches: Welcoming Remarks
2026-06-03 02:06:14,283 | INFO | central_bank_scraper | Saved FED Speeches: Financial Stability and Coordination in Times of Crisis
2026-06-03 02:06:16,180 | INFO | central_bank_scraper | Saved FED Speeches: The View from Here: The Outlook for the U.S. Economy and Implications for Monetary Policy
2026-06-03 02:06:18,145 | INFO | central_bank_scraper | Saved FED Speeches: Financial Inclusion and Economic Challenges in the Shadow of the Pandemic: A Conversation with Tribal Leaders
2026-06-03 02:06:20,107 | INFO | central_bank_scraper | Saved FED Speeches: U.S. Economic Outlook and Monetary Policy
2026-06-03 02:06:22,030 | INFO | central_bank_scraper | Saved FED Speeches: Building Climate Scenario Analysis on the Foundations of Economic Research
2026-06-03 02:06:24,001 | INFO | central_bank_scraper | Saved FED Speeches: Goodbye to All That: The End of LIBOR
2026-06-03 02:06:28,065 | INFO | central_bank_scraper | Saved FED Speeches: Creating a New Model for the Future of Supervision
2026-06-03 02:06:29,986 | INFO | central_bank_scraper | Saved FED Speeches: Navigating Delta Headwinds on the Path to a Full Recovery
2026-06-03 02:06:31,897 | INFO | central_bank_scraper | Saved FED Speeches: Introductory Remarks
2026-06-03 02:06:33,823 | INFO | central_bank_scraper | Saved FED Speeches: Community Bank Access to Innovation
2026-06-03 02:06:35,808 | INFO | central_bank_scraper | Saved FED Speeches: Monetary Policy in the Time of COVID
2026-06-03 02:06:37,761 | INFO | central_bank_scraper | Saved FED Speeches: Welcoming Remarks
2026-06-03 02:06:39,655 | INFO | central_bank_scraper | Saved FED Speeches: CBDC: A Solution in Search of a Problem?
2026-06-03 02:06:41,585 | INFO | central_bank_scraper | Saved FED Speeches: Outlooks, Outcomes, and Prospects for U.S. Monetary Policy
2026-06-03 02:06:43,642 | INFO | central_bank_scraper | Saved FED Speeches: Welcoming Remarks
2026-06-03 02:06:45,569 | INFO | central_bank_scraper | Saved FED Speeches: Assessing Progress as the Economy Moves from Reopening to Recovery
2026-06-03 02:06:47,467 | INFO | central_bank_scraper | Saved FED Speeches: Disclosures and Data: Building Strong Foundations for Addressing Climate-Related Financial Risks
2026-06-03 02:06:49,419 | INFO | central_bank_scraper | Saved FED Speeches: Parachute Pants and Central Bank Money
2026-06-03 02:06:51,395 | INFO | central_bank_scraper | Saved FED Speeches: Building Economic Resilience in Communities
2026-06-03 02:06:53,350 | INFO | central_bank_scraper | Saved FED Speeches: Jet Flight, Mail Bags, and Banking Regulation
2026-06-03 02:06:55,271 | INFO | central_bank_scraper | Saved FED Speeches: Remaining Steady as the Economy Reopens
2026-06-03 02:06:57,203 | INFO | central_bank_scraper | Saved FED Speeches: The Economic Outlook and Monetary Policy
2026-06-03 02:06:59,196 | INFO | central_bank_scraper | Saved FED Speeches: Remarks
2026-06-03 02:07:01,205 | INFO | central_bank_scraper | Saved FED Speeches: Private Money and Central Bank Money as Payments Go Digital: an Update on CBDCs
2026-06-03 02:07:03,129 | INFO | central_bank_scraper | Saved FED Speeches: Sovereign Markets, Global Factors
2026-06-03 02:07:05,031 | INFO | central_bank_scraper | Saved FED Speeches: The Economic Outlook and Monetary Policy
2026-06-03 02:07:07,588 | INFO | central_bank_scraper | Saved FED Speeches: U.S. Economic Outlook and Monetary Policy
2026-06-03 02:07:09,606 | INFO | central_bank_scraper | Saved FED Speeches: Patience and Progress as the Economy Reopens and Recovers
2026-06-03 02:07:11,600 | INFO | central_bank_scraper | Saved FED Speeches: The Economic Outlook and Implications for Monetary Policy
2026-06-03 02:07:13,578 | INFO | central_bank_scraper | Saved FED Speeches: Community Development
2026-06-03 02:07:15,562 | INFO | central_bank_scraper | Saved FED Speeches: The Federal Reserve's New Framework and Outcome-Based Forward Guidance
2026-06-03 02:07:17,567 | INFO | central_bank_scraper | Saved FED Speeches: The FSB in 2021: Addressing Financial Stability Challenges in an Age of Interconnectedness, Innovation, and Change
2026-06-03 02:07:19,537 | INFO | central_bank_scraper | Saved FED Speeches: TreasuryâFederal Reserve Cooperation and the Importance of Central Bank Independence
2026-06-03 02:07:22,053 | INFO | central_bank_scraper | Saved FED Speeches: U.S. Economic Outlook and Monetary Policy
2026-06-03 02:07:23,958 | INFO | central_bank_scraper | Saved FED Speeches: Remaining Patient as the Outlook Brightens
2026-06-03 02:07:25,877 | INFO | central_bank_scraper | Saved FED Speeches: Financial Stability Implications of Climate Change
2026-06-03 02:07:27,866 | INFO | central_bank_scraper | Saved FED Speeches: The Economic Outlook and Prospects for Small Business
2026-06-03 02:07:29,851 | INFO | central_bank_scraper | Saved FED Speeches: Keynote Remarks
2026-06-03 02:07:31,795 | INFO | central_bank_scraper | Saved FED Speeches: Closing Remarks
2026-06-03 02:07:33,755 | INFO | central_bank_scraper | Saved FED Speeches: U.S. Economic Outlook and Monetary Policy: An Update
2026-06-03 02:07:35,763 | INFO | central_bank_scraper | Saved FED Speeches: Some Preliminary Financial Stability Lessons from the COVID-19 Shock
2026-06-03 02:07:37,695 | INFO | central_bank_scraper | Saved FED Speeches: Themistocles and the Mathematicians: The Role of Stress Testing
2026-06-03 02:07:39,593 | INFO | central_bank_scraper | Saved FED Speeches: U.S. Economic Outlook and Monetary Policy
2026-06-03 02:07:41,547 | INFO | central_bank_scraper | Saved FED Speeches: How Should We Think about Full Employment in the Federal Reserve's Dual Mandate?
2026-06-03 02:07:43,537 | INFO | central_bank_scraper | Saved FED Speeches: Economic Inclusion in Lower-Income Communities
2026-06-03 02:07:45,512 | INFO | central_bank_scraper | Saved FED Speeches: The Role of Financial Institutions in Tackling the Challenges of Climate Change
2026-06-03 02:07:47,493 | INFO | central_bank_scraper | Saved FED Speeches: My Perspective on Bank Regulation and Supervision
2026-06-03 02:07:49,416 | INFO | central_bank_scraper | Saved FED Speeches: Getting Back to a Strong Labor Market
2026-06-03 02:07:51,406 | INFO | central_bank_scraper | Saved FED Speeches: The Federal Reserve's New Framework: Context and Consequences
2026-06-03 02:07:53,424 | INFO | central_bank_scraper | Saved FED Speeches: Full Employment in the New Monetary Policy Framework
2026-06-03 02:07:55,369 | INFO | central_bank_scraper | Saved FED Speeches: Supporting Responsible Use of AI and Equitable Outcomes in Financial Services
2026-06-03 02:07:57,299 | INFO | central_bank_scraper | Saved FED Speeches: U.S. Economic Outlook and Monetary Policy
2026-06-03 02:07:57,315 | INFO | central_bank_scraper | Finished FED: {'bank': 'FED', 'saved': 556, 'skipped': 0, 'failed': 0}
2026-06-03 02:08:03,291 | INFO | central_bank_scraper | Starting ECB
2026-06-03 02:08:18,094 | INFO | central_bank_scraper | ECB Monetary Policy discovered 43 candidates
2026-06-03 02:08:20,102 | INFO | central_bank_scraper | Saved ECB Monetary Policy: Monetary policy decisions
2026-06-03 02:08:22,100 | INFO | central_bank_scraper | Saved ECB Monetary Policy: Monetary policy decisions
2026-06-03 02:08:24,117 | INFO | central_bank_scraper | Saved ECB Monetary Policy: Monetary policy decisions
2026-06-03 02:08:26,130 | INFO | central_bank_scraper | Saved ECB Monetary Policy: Monetary policy decisions
2026-06-03 02:08:28,191 | INFO | central_bank_scraper | Saved ECB Monetary Policy: Monetary policy decisions
2026-06-03 02:08:30,305 | INFO | central_bank_scraper | Saved ECB Monetary Policy: Monetary policy decisions
2026-06-03 02:08:32,338 | INFO | central_bank_scraper | Saved ECB Monetary Policy: Monetary policy decisions
2026-06-03 02:08:34,317 | INFO | central_bank_scraper | Saved ECB Monetary Policy: Monetary policy decisions
2026-06-03 02:08:36,348 | INFO | central_bank_scraper | Saved ECB Monetary Policy: Monetary policy decisions
2026-06-03 02:08:40,631 | INFO | central_bank_scraper | Saved ECB Monetary Policy: Monetary policy decisions
2026-06-03 02:08:42,648 | INFO | central_bank_scraper | Saved ECB Monetary Policy: Monetary policy decisions
2026-06-03 02:08:44,661 | INFO | central_bank_scraper | Saved ECB Monetary Policy: Monetary policy decisions
2026-06-03 02:08:46,697 | INFO | central_bank_scraper | Saved ECB Monetary Policy: Monetary policy decisions
2026-06-03 02:08:48,789 | INFO | central_bank_scraper | Saved ECB Monetary Policy: Monetary policy decisions
2026-06-03 02:08:50,869 | INFO | central_bank_scraper | Saved ECB Monetary Policy: Monetary policy decisions
2026-06-03 02:08:52,860 | INFO | central_bank_scraper | Saved ECB Monetary Policy: Monetary policy decisions
2026-06-03 02:08:54,820 | INFO | central_bank_scraper | Saved ECB Monetary Policy: Monetary policy decisions
2026-06-03 02:08:56,853 | INFO | central_bank_scraper | Saved ECB Monetary Policy: Monetary policy decisions
2026-06-03 02:08:58,905 | INFO | central_bank_scraper | Saved ECB Monetary Policy: Monetary policy decisions
2026-06-03 02:09:00,909 | INFO | central_bank_scraper | Saved ECB Monetary Policy: Monetary policy decisions
2026-06-03 02:09:02,938 | INFO | central_bank_scraper | Saved ECB Monetary Policy: Monetary policy decisions
2026-06-03 02:09:04,960 | INFO | central_bank_scraper | Saved ECB Monetary Policy: Monetary policy decisions
2026-06-03 02:09:07,032 | INFO | central_bank_scraper | Saved ECB Monetary Policy: Monetary policy decisions
2026-06-03 02:09:09,182 | INFO | central_bank_scraper | Saved ECB Monetary Policy: Monetary policy decisions
2026-06-03 02:09:11,197 | INFO | central_bank_scraper | Saved ECB Monetary Policy: Monetary policy decisions
2026-06-03 02:09:13,198 | INFO | central_bank_scraper | Saved ECB Monetary Policy: Monetary policy decisions
2026-06-03 02:09:15,204 | INFO | central_bank_scraper | Saved ECB Monetary Policy: Monetary policy decisions
2026-06-03 02:09:17,272 | INFO | central_bank_scraper | Saved ECB Monetary Policy: Monetary policy decisions
2026-06-03 02:09:19,359 | INFO | central_bank_scraper | Saved ECB Monetary Policy: Monetary policy decisions
2026-06-03 02:09:21,395 | INFO | central_bank_scraper | Saved ECB Monetary Policy: Monetary policy decisions
2026-06-03 02:09:23,363 | INFO | central_bank_scraper | Saved ECB Monetary Policy: Monetary policy decisions
2026-06-03 02:09:25,439 | INFO | central_bank_scraper | Saved ECB Monetary Policy: Monetary policy decisions
2026-06-03 02:09:27,478 | INFO | central_bank_scraper | Saved ECB Monetary Policy: Monetary policy decisions
2026-06-03 02:09:29,486 | INFO | central_bank_scraper | Saved ECB Monetary Policy: Monetary policy decisions
2026-06-03 02:09:31,544 | INFO | central_bank_scraper | Saved ECB Monetary Policy: Monetary policy decisions
2026-06-03 02:09:33,585 | INFO | central_bank_scraper | Saved ECB Monetary Policy: Monetary policy decisions
2026-06-03 02:09:35,661 | INFO | central_bank_scraper | Saved ECB Monetary Policy: Monetary policy decisions
2026-06-03 02:09:37,809 | INFO | central_bank_scraper | Saved ECB Monetary Policy: Monetary policy decisions
2026-06-03 02:09:39,811 | INFO | central_bank_scraper | Saved ECB Monetary Policy: Monetary policy decisions
2026-06-03 02:09:41,821 | INFO | central_bank_scraper | Saved ECB Monetary Policy: Monetary policy decisions
2026-06-03 02:09:43,861 | INFO | central_bank_scraper | Saved ECB Monetary Policy: Monetary policy decisions
2026-06-03 02:09:45,947 | INFO | central_bank_scraper | Saved ECB Monetary Policy: Monetary policy decisions
2026-06-03 02:09:48,107 | INFO | central_bank_scraper | Saved ECB Monetary Policy: Monetary policy decisions
2026-06-03 02:10:01,327 | INFO | central_bank_scraper | ECB Press Conference Q&A discovered 43 candidates
2026-06-03 02:10:03,344 | INFO | central_bank_scraper | Saved ECB Press Conference Q&A: Christine Lagarde, Luis de Guindos: Monetary policy statement (with Q&A)
2026-06-03 02:10:05,365 | INFO | central_bank_scraper | Saved ECB Press Conference Q&A: Christine Lagarde, Luis de Guindos: Monetary policy statement (with Q&A)
2026-06-03 02:10:08,399 | INFO | central_bank_scraper | Saved ECB Press Conference Q&A: Christine Lagarde, Luis de Guindos: Monetary policy statement (with Q&A)
2026-06-03 02:10:10,458 | INFO | central_bank_scraper | Saved ECB Press Conference Q&A: Christine Lagarde, Luis de Guindos: Monetary policy statement (with Q&A)
2026-06-03 02:10:12,535 | INFO | central_bank_scraper | Saved ECB Press Conference Q&A: Christine Lagarde, Luis de Guindos: Monetary policy statement (with Q&A)
2026-06-03 02:10:14,627 | INFO | central_bank_scraper | Saved ECB Press Conference Q&A: Christine Lagarde, Luis de Guindos: Monetary policy statement (with Q&A)
2026-06-03 02:10:16,873 | INFO | central_bank_scraper | Saved ECB Press Conference Q&A: Christine Lagarde, Luis de Guindos: Monetary policy statement (with Q&A)
2026-06-03 02:10:18,944 | INFO | central_bank_scraper | Saved ECB Press Conference Q&A: Christine Lagarde, Luis de Guindos: Monetary policy statement (with Q&A)
2026-06-03 02:10:20,997 | INFO | central_bank_scraper | Saved ECB Press Conference Q&A: Christine Lagarde, Luis de Guindos: Monetary policy statement (with Q&A)
2026-06-03 02:10:23,048 | INFO | central_bank_scraper | Saved ECB Press Conference Q&A: Christine Lagarde, Luis de Guindos: Monetary policy statement (with Q&A)
2026-06-03 02:10:25,114 | INFO | central_bank_scraper | Saved ECB Press Conference Q&A: Christine Lagarde, Luis de Guindos: Monetary policy statement (with Q&A)
2026-06-03 02:10:27,267 | INFO | central_bank_scraper | Saved ECB Press Conference Q&A: Christine Lagarde, Luis de Guindos: Monetary policy statement (with Q&A)
2026-06-03 02:10:29,295 | INFO | central_bank_scraper | Saved ECB Press Conference Q&A: Christine Lagarde, Luis de Guindos: Monetary policy statement (with Q&A)
2026-06-03 02:10:31,361 | INFO | central_bank_scraper | Saved ECB Press Conference Q&A: Christine Lagarde, Luis de Guindos: Monetary policy statement (with Q&A)
2026-06-03 02:10:33,395 | INFO | central_bank_scraper | Saved ECB Press Conference Q&A: Christine Lagarde, Luis de Guindos: Monetary policy statement (with Q&A)
2026-06-03 02:10:35,514 | INFO | central_bank_scraper | Saved ECB Press Conference Q&A: Christine Lagarde, Luis de Guindos: Monetary policy statement (with Q&A)
2026-06-03 02:10:37,615 | INFO | central_bank_scraper | Saved ECB Press Conference Q&A: Christine Lagarde, Luis de Guindos: Monetary policy statement (with Q&A)
2026-06-03 02:10:39,645 | INFO | central_bank_scraper | Saved ECB Press Conference Q&A: Christine Lagarde, Luis de Guindos: Monetary policy statement (with Q&A)
2026-06-03 02:10:41,681 | INFO | central_bank_scraper | Saved ECB Press Conference Q&A: Christine Lagarde, Luis de Guindos: Monetary policy statement (with Q&A)
2026-06-03 02:10:43,762 | INFO | central_bank_scraper | Saved ECB Press Conference Q&A: Christine Lagarde, Luis de Guindos: Monetary policy statement (with Q&A)
2026-06-03 02:10:45,821 | INFO | central_bank_scraper | Saved ECB Press Conference Q&A: Christine Lagarde, Luis de Guindos: Monetary policy statement (with Q&A)
2026-06-03 02:10:47,868 | INFO | central_bank_scraper | Saved ECB Press Conference Q&A: Christine Lagarde, Luis de Guindos: Monetary policy statement (with Q&A)
2026-06-03 02:10:49,889 | INFO | central_bank_scraper | Saved ECB Press Conference Q&A: Christine Lagarde, Luis de Guindos: Monetary policy statement (with Q&A)
2026-06-03 02:10:51,901 | INFO | central_bank_scraper | Saved ECB Press Conference Q&A: Christine Lagarde, Luis de Guindos: Monetary policy statement (with Q&A)
2026-06-03 02:10:54,035 | INFO | central_bank_scraper | Saved ECB Press Conference Q&A: Christine Lagarde, Luis de Guindos: Monetary policy statement (with Q&A)
2026-06-03 02:10:56,098 | INFO | central_bank_scraper | Saved ECB Press Conference Q&A: Christine Lagarde, Luis de Guindos: Monetary policy statement (with Q&A)
2026-06-03 02:10:58,144 | INFO | central_bank_scraper | Saved ECB Press Conference Q&A: Christine Lagarde, Luis de Guindos: Monetary policy statement (with Q&A)
2026-06-03 02:11:00,214 | INFO | central_bank_scraper | Saved ECB Press Conference Q&A: Christine Lagarde, Luis de Guindos: Monetary policy statement (with Q&A)
2026-06-03 02:11:02,249 | INFO | central_bank_scraper | Saved ECB Press Conference Q&A: Christine Lagarde, Luis de Guindos: Monetary policy statement (with Q&A)
2026-06-03 02:11:04,333 | INFO | central_bank_scraper | Saved ECB Press Conference Q&A: Christine Lagarde, Luis de Guindos: Monetary policy statement (with Q&A)
2026-06-03 02:11:06,513 | INFO | central_bank_scraper | Saved ECB Press Conference Q&A: Christine Lagarde, Luis de Guindos: Monetary policy statement (with Q&A)
2026-06-03 02:11:08,512 | INFO | central_bank_scraper | Saved ECB Press Conference Q&A: Christine Lagarde, Luis de Guindos: Monetary policy statement (with Q&A)
2026-06-03 02:11:10,577 | INFO | central_bank_scraper | Saved ECB Press Conference Q&A: Christine Lagarde, Luis de Guindos: Monetary policy statement (with Q&A)
2026-06-03 02:11:12,633 | INFO | central_bank_scraper | Saved ECB Press Conference Q&A: Christine Lagarde, Luis de Guindos: Monetary policy statement (with Q&A)
2026-06-03 02:11:14,780 | INFO | central_bank_scraper | Saved ECB Press Conference Q&A: Christine Lagarde, Luis de Guindos: Monetary policy statement (with Q&A)
2026-06-03 02:11:16,908 | INFO | central_bank_scraper | Saved ECB Press Conference Q&A: Christine Lagarde, Luis de Guindos: Monetary policy statement (with Q&A)
2026-06-03 02:11:18,943 | INFO | central_bank_scraper | Saved ECB Press Conference Q&A: Christine Lagarde, Luis de Guindos: Monetary policy statement (with Q&A)
2026-06-03 02:11:20,915 | INFO | central_bank_scraper | Saved ECB Press Conference Q&A: Christine Lagarde, Luis de Guindos: Monetary policy statement (with Q&A)
2026-06-03 02:11:22,980 | INFO | central_bank_scraper | Saved ECB Press Conference Q&A: Christine Lagarde, Luis de Guindos: Monetary policy statement (with Q&A)
2026-06-03 02:11:25,067 | INFO | central_bank_scraper | Saved ECB Press Conference Q&A: Christine Lagarde, Luis de Guindos: Introductory statement to the press conference (with Q&A)
2026-06-03 02:11:27,181 | INFO | central_bank_scraper | Saved ECB Press Conference Q&A: Christine Lagarde, Luis de Guindos: Introductory statement to the press conference (with Q&A)
2026-06-03 02:11:29,256 | INFO | central_bank_scraper | Saved ECB Press Conference Q&A: Christine Lagarde, Luis de Guindos: Introductory statement to the press conference (with Q&A)
2026-06-03 02:11:31,267 | INFO | central_bank_scraper | Saved ECB Press Conference Q&A: Christine Lagarde, Luis de Guindos: Introductory statement to the press conference (with Q&A)
2026-06-03 02:11:53,113 | INFO | central_bank_scraper | ECB Speeches discovered 341 candidates
2026-06-03 02:11:55,128 | INFO | central_bank_scraper | Saved ECB Speeches: A European perspective on currency and convergence
2026-06-03 02:11:57,077 | INFO | central_bank_scraper | Saved ECB Speeches: From money market funds to stablecoins: lessons for central banks
2026-06-03 02:11:59,123 | INFO | central_bank_scraper | Saved ECB Speeches: When It Matters Most: Upholding Independence in Challenging Times
2026-06-03 02:12:01,310 | INFO | central_bank_scraper | Saved ECB Speeches: Europe and the world economy
2026-06-03 02:12:03,323 | INFO | central_bank_scraper | Saved ECB Speeches: Analytical perspectives on energy supply shocks
2026-06-03 02:12:05,308 | INFO | central_bank_scraper | Saved ECB Speeches: Boosting prosperity through deeper integration
2026-06-03 02:12:07,276 | INFO | central_bank_scraper | Saved ECB Speeches: Stablecoins and the future of money: separating functions from instruments
2026-06-03 02:12:09,323 | INFO | central_bank_scraper | Saved ECB Speeches: Deepening financial integration to support Europe’s prosperity
2026-06-03 02:12:11,511 | INFO | central_bank_scraper | Saved ECB Speeches: The new energy shock: economic scenarios and policy implications
2026-06-03 02:12:13,454 | INFO | central_bank_scraper | Saved ECB Speeches: Climate, nature and monetary policy
2026-06-03 02:12:15,434 | INFO | central_bank_scraper | Saved ECB Speeches: Digital assets, payment efficiency and monetary policy
2026-06-03 02:12:17,404 | INFO | central_bank_scraper | Saved ECB Speeches: Expanding the supply of euro safe assets
2026-06-03 02:12:19,372 | INFO | central_bank_scraper | Saved ECB Speeches: The energy shock: where we stand and what we need to know
2026-06-03 02:12:21,308 | INFO | central_bank_scraper | Saved ECB Speeches: Sparking the transformation of finance: tokenisation and the role of central banks
2026-06-03 02:12:23,301 | INFO | central_bank_scraper | Saved ECB Speeches: The digital euro in a fragmenting world: ensuring Europe’s resilience and autonomy in payments
2026-06-03 02:12:25,306 | INFO | central_bank_scraper | Saved ECB Speeches: Navigating turbulence: challenges for Europe and the path ahead
2026-06-03 02:12:27,319 | INFO | central_bank_scraper | Saved ECB Speeches: Navigating energy shocks: risks and policy responses
2026-06-03 02:12:29,337 | INFO | central_bank_scraper | Saved ECB Speeches: The digital euro: preparing for a potential launch
2026-06-03 02:12:31,338 | INFO | central_bank_scraper | Saved ECB Speeches: Building the rails for Europe’s tokenised financial markets
2026-06-03 02:12:33,347 | INFO | central_bank_scraper | Saved ECB Speeches: Nature in decline, economy on the line: the importance of international cooperation for managing nature-related risks
2026-06-03 02:12:35,438 | INFO | central_bank_scraper | Saved ECB Speeches: Technology, fragmentation and the new uncertainty
2026-06-03 02:12:37,577 | INFO | central_bank_scraper | Saved ECB Speeches: Hearing of the Committee on Economic and Monetary Affairs of the European Parliament
2026-06-03 02:12:39,571 | INFO | central_bank_scraper | Saved ECB Speeches: Turning size into scale: Europe’s new growth model
2026-06-03 02:12:41,583 | INFO | central_bank_scraper | Saved ECB Speeches: The order that took centuries to build
2026-06-03 02:12:43,638 | INFO | central_bank_scraper | Saved ECB Speeches: The digital euro: enhancing payments in the euro area
2026-06-03 02:12:45,682 | INFO | central_bank_scraper | Saved ECB Speeches: Preparing for geoeconomic fragmentation
2026-06-03 02:12:47,759 | INFO | central_bank_scraper | Saved ECB Speeches: Europe and monetary sovereignty
2026-06-03 02:12:49,775 | INFO | central_bank_scraper | Saved ECB Speeches: Made in Europe
2026-06-03 02:12:51,834 | INFO | central_bank_scraper | Saved ECB Speeches: The digital euro: strengthening Europe’s payments ecosystem
2026-06-03 02:12:53,872 | INFO | central_bank_scraper | Saved ECB Speeches: Hearing of the Committee on Economic and Monetary Affairs of the European Parliament
2026-06-03 02:12:55,931 | INFO | central_bank_scraper | Saved ECB Speeches: Monetary policy and financial stability in the euro area
2026-06-03 02:12:57,966 | INFO | central_bank_scraper | Saved ECB Speeches: The euro in a changing world
2026-06-03 02:12:59,988 | INFO | central_bank_scraper | Saved ECB Speeches: The future of money: a central bank perspective
2026-06-03 02:13:01,977 | INFO | central_bank_scraper | Saved ECB Speeches: The transformation of money: technological disruption and the future of financial services
2026-06-03 02:13:04,002 | INFO | central_bank_scraper | Saved ECB Speeches: Inflation deviations and monetary policy
2026-06-03 02:13:06,153 | INFO | central_bank_scraper | Saved ECB Speeches: Fiscal policy and growth in Europe
2026-06-03 02:13:08,169 | INFO | central_bank_scraper | Saved ECB Speeches: From resilience to strength: unleashing Europe’s domestic market
2026-06-03 02:13:10,187 | INFO | central_bank_scraper | Saved ECB Speeches: Financial stability in the euro area
2026-06-03 02:13:12,260 | INFO | central_bank_scraper | Saved ECB Speeches: Resilient banks through effective supervision: a pillar of Europe’s competitiveness
2026-06-03 02:13:14,266 | INFO | central_bank_scraper | Saved ECB Speeches: Towards a new Eurosystem balance sheet
2026-06-03 02:13:16,264 | INFO | central_bank_scraper | Saved ECB Speeches: Bulgaria on the euro’s doorstep: towards a shared future
2026-06-03 02:13:18,223 | INFO | central_bank_scraper | Saved ECB Speeches: Remarks delivered at the Palazzo Vecchio on the occasion of the external Governing Council monetary policy meeting in Florence
2026-06-03 02:13:20,280 | INFO | central_bank_scraper | Saved ECB Speeches: Making supervision simpler: the role of supervisory guides
2026-06-03 02:13:22,350 | INFO | central_bank_scraper | Saved ECB Speeches: Acceptance speech 2025 Pádraig Ó hUiginn Award
2026-06-03 02:13:24,563 | INFO | central_bank_scraper | Saved ECB Speeches: The transmission of monetary policy: financial conditions and credit dynamics
2026-06-03 02:13:26,607 | INFO | central_bank_scraper | Saved ECB Speeches: IMFC Statement
2026-06-03 02:13:28,615 | INFO | central_bank_scraper | Saved ECB Speeches: From crisis to collective strength: a successful decade of the Single Resolution Mechanism and the road ahead
2026-06-03 02:13:30,638 | INFO | central_bank_scraper | Saved ECB Speeches: Turning openness into strength: the moment of the euro
2026-06-03 02:13:32,733 | INFO | central_bank_scraper | Saved ECB Speeches: The conduct of monetary policy
2026-06-03 02:13:34,771 | INFO | central_bank_scraper | Saved ECB Speeches: Monetary policy and financial stability: past lessons for future resilience
2026-06-03 02:13:36,828 | INFO | central_bank_scraper | Saved ECB Speeches: From charting the course to staying the course: the path ahead for climate and nature risk supervision
2026-06-03 02:13:38,832 | INFO | central_bank_scraper | Saved ECB Speeches: Trade wars and central banks: lessons from 2025
2026-06-03 02:13:40,898 | INFO | central_bank_scraper | Saved ECB Speeches: Digital euro: protecting our freedom, autonomy and security
2026-06-03 02:13:42,942 | INFO | central_bank_scraper | Saved ECB Speeches: Preparing the future of payments and money: the role of research and innovation
2026-06-03 02:13:44,974 | INFO | central_bank_scraper | Saved ECB Speeches: This time is never different: the importance of safeguarding financial stability
2026-06-03 02:13:46,982 | INFO | central_bank_scraper | Saved ECB Speeches: The digital euro: ensuring resilience and inclusion in digital payments
2026-06-03 02:13:48,995 | INFO | central_bank_scraper | Saved ECB Speeches: Cutting through the noise: exercising good judgment in a world of change
2026-06-03 02:13:51,036 | INFO | central_bank_scraper | Saved ECB Speeches: Building European autonomy: cooperation and the rule of law
2026-06-03 02:13:53,154 | INFO | central_bank_scraper | Saved ECB Speeches: Beyond hysteresis: resilience in Europe’s labour market
2026-06-03 02:13:55,167 | INFO | central_bank_scraper | Saved ECB Speeches: The digital euro: legal tender in the digital age
2026-06-03 02:13:57,204 | INFO | central_bank_scraper | Saved ECB Speeches: Shifting payment landscape: what a digital euro will bring
2026-06-03 02:13:59,228 | INFO | central_bank_scraper | Saved ECB Speeches: The monetary agenda at the ECB
2026-06-03 02:14:01,305 | INFO | central_bank_scraper | Saved ECB Speeches: Deepening our commitment to confronting the climate and nature crises
2026-06-03 02:14:03,528 | INFO | central_bank_scraper | Saved ECB Speeches: PRESS CONFERENCE
2026-06-03 02:14:05,538 | INFO | central_bank_scraper | Saved ECB Speeches: The quest for cheaper and faster cross-border payments: regional and global solutions
2026-06-03 02:14:07,591 | INFO | central_bank_scraper | Saved ECB Speeches: Monetary policy: new challenges
2026-06-03 02:14:09,594 | INFO | central_bank_scraper | Saved ECB Speeches: Hearing of the Committee on Economic and Monetary Affairs of the European Parliament
2026-06-03 02:14:11,628 | INFO | central_bank_scraper | Saved ECB Speeches: Strengthening economies in a stormy and fragmenting world
2026-06-03 02:14:13,632 | INFO | central_bank_scraper | Saved ECB Speeches: Europe at a crossroads: it is high time to complete the Single Market
2026-06-03 02:14:15,627 | INFO | central_bank_scraper | Saved ECB Speeches: Drawing a common map: sustaining global cooperation in a fragmenting world
2026-06-03 02:14:17,705 | INFO | central_bank_scraper | Saved ECB Speeches: The rule of law as a constitutional pillar of European central banking
2026-06-03 02:14:19,825 | INFO | central_bank_scraper | Saved ECB Speeches: Stemming the tide: safeguarding our ocean and economy
2026-06-03 02:14:21,967 | INFO | central_bank_scraper | Saved ECB Speeches: Earning influence: lessons from the history of international currencies
2026-06-03 02:14:23,966 | INFO | central_bank_scraper | Saved ECB Speeches: Nature’s bell tolls for thee, economy!
2026-06-03 02:14:25,972 | INFO | central_bank_scraper | Saved ECB Speeches: The communication of monetary policy decisions: incorporating risks and uncertainty
2026-06-03 02:14:27,978 | INFO | central_bank_scraper | Saved ECB Speeches: Harnessing the digital future of payments: Europes path to sovereignty and innovation
2026-06-03 02:14:30,039 | INFO | central_bank_scraper | Saved ECB Speeches: Keeping a steady hand in an unsteady world
2026-06-03 02:14:32,023 | INFO | central_bank_scraper | Saved ECB Speeches: Navigating a fractured horizon: risks and policy options in a fragmenting world
2026-06-03 02:14:34,037 | INFO | central_bank_scraper | Saved ECB Speeches: Presentation of the ECB Annual Report 2024 to the Committee on Economic and Monetary Affairs of the European Parliament
2026-06-03 02:14:36,001 | INFO | central_bank_scraper | Saved ECB Speeches: IMFC Statement
2026-06-03 02:14:38,067 | INFO | central_bank_scraper | Saved ECB Speeches: Empowering Europe: boosting strategic autonomy through the digital euro
2026-06-03 02:14:40,162 | INFO | central_bank_scraper | Saved ECB Speeches: Financial stability in uncertain times
2026-06-03 02:14:42,198 | INFO | central_bank_scraper | Saved ECB Speeches: Enhancing cross-border payments in Europe and beyond
2026-06-03 02:14:44,213 | INFO | central_bank_scraper | Saved ECB Speeches: Financial literacy and monetary policy transmission
2026-06-03 02:14:46,244 | INFO | central_bank_scraper | Saved ECB Speeches: Hearing of the Committee on Economic and Monetary Affairs of the European Parliament
2026-06-03 02:14:48,284 | INFO | central_bank_scraper | Saved ECB Speeches: Resilience offers a competitive advantage, especially in uncertain times
2026-06-03 02:14:50,293 | INFO | central_bank_scraper | Saved ECB Speeches: A robust strategy for a new era
2026-06-03 02:14:52,310 | INFO | central_bank_scraper | Saved ECB Speeches: No longer convenient? Safe asset abundance and r
2026-06-03 02:14:54,440 | INFO | central_bank_scraper | Saved ECB Speeches: Striking the right balance: the ECB’s balance sheet and its implications for monetary policy
2026-06-03 02:14:56,518 | INFO | central_bank_scraper | Saved ECB Speeches: From concept to delivery: accounting for climate and nature in maintaining price stability and keeping banks safe and sound
2026-06-03 02:14:58,652 | INFO | central_bank_scraper | Saved ECB Speeches: European Parliament plenary debate on the ECB Annual Report
2026-06-03 02:15:00,654 | INFO | central_bank_scraper | Saved ECB Speeches: A middle path for ECB monetary policy
2026-06-03 02:15:02,691 | INFO | central_bank_scraper | Saved ECB Speeches: Central bank independence in an era of volatility
2026-06-03 02:15:04,709 | INFO | central_bank_scraper | Saved ECB Speeches: The economic outlook and monetary policy in the euro area
2026-06-03 02:15:06,757 | INFO | central_bank_scraper | Saved ECB Speeches: The euro area outlook and monetary policy
2026-06-03 02:15:08,883 | INFO | central_bank_scraper | Saved ECB Speeches: Monetary policy in the euro area
2026-06-03 02:15:10,942 | INFO | central_bank_scraper | Saved ECB Speeches: The 25th anniversary of the Euro50 Group: looking ahead to the 50th anniversary
2026-06-03 02:15:13,023 | INFO | central_bank_scraper | Saved ECB Speeches: Monetary policy under uncertainty
2026-06-03 02:15:15,047 | INFO | central_bank_scraper | Saved ECB Speeches: Follow the money: channelling savings into investment and innovation in Europe
2026-06-03 02:15:17,096 | INFO | central_bank_scraper | Saved ECB Speeches: Building a solid cyber defence for the new geopolitical season
2026-06-03 02:15:19,146 | INFO | central_bank_scraper | Saved ECB Speeches: Taking account of nature, naturally
2026-06-03 02:15:21,166 | INFO | central_bank_scraper | Saved ECB Speeches: Financial stability in the euro area
2026-06-03 02:15:23,178 | INFO | central_bank_scraper | Saved ECB Speeches: Reassessing monetary policy tools in a rapidly changing world
2026-06-03 02:15:25,228 | INFO | central_bank_scraper | Saved ECB Speeches: Some like it hotter: the conditions for a cyclical recovery in euro area productivity
2026-06-03 02:15:27,367 | INFO | central_bank_scraper | Saved ECB Speeches: Reassessing monetary policy tools in a volatile macroeconomic environment
2026-06-03 02:15:29,397 | INFO | central_bank_scraper | Saved ECB Speeches: The ECB’s balance sheet reduction: an interim assessment
2026-06-03 02:15:31,524 | INFO | central_bank_scraper | Saved ECB Speeches: Welcome address at the tenth anniversary of the Single Supervisory Mechanism
2026-06-03 02:15:33,497 | INFO | central_bank_scraper | Saved ECB Speeches: Competition policy in a changing world
2026-06-03 02:15:35,582 | INFO | central_bank_scraper | Saved ECB Speeches: The first decade of European supervision: taking stock and looking ahead
2026-06-03 02:15:37,570 | INFO | central_bank_scraper | Saved ECB Speeches: Monetary policy and financial stability in the euro area
2026-06-03 02:15:39,571 | INFO | central_bank_scraper | Saved ECB Speeches: IMFC Statement
2026-06-03 02:15:41,592 | INFO | central_bank_scraper | Saved ECB Speeches: Underlying inflation: an update
2026-06-03 02:15:43,686 | INFO | central_bank_scraper | Saved ECB Speeches: Lessons from Ljubljana in uncertain times
2026-06-03 02:15:45,818 | INFO | central_bank_scraper | Saved ECB Speeches: Towards a digital capital markets union
2026-06-03 02:15:49,268 | INFO | central_bank_scraper | Saved ECB Speeches: Sustainable finance: from “eureka!” to action
2026-06-03 02:15:51,309 | INFO | central_bank_scraper | Saved ECB Speeches: Bridging the gap: reviving the euro area’s productivity growth through innovation, investment and integration
2026-06-03 02:15:53,361 | INFO | central_bank_scraper | Saved ECB Speeches: Expectations surveys, central banks and the economy
2026-06-03 02:15:55,351 | INFO | central_bank_scraper | Saved ECB Speeches: Hearing of the Committee on Economic and Monetary Affairs of the European Parliament
2026-06-03 02:15:57,358 | INFO | central_bank_scraper | Saved ECB Speeches: Monetary sovereignty in the digital age: the case for a digital euro
2026-06-03 02:15:59,422 | INFO | central_bank_scraper | Saved ECB Speeches: Technology as a new frontier for macroprudential policy
2026-06-03 02:16:01,576 | INFO | central_bank_scraper | Saved ECB Speeches: From dependency to autonomy: the role of a digital euro in the European payment landscape
2026-06-03 02:16:03,594 | INFO | central_bank_scraper | Saved ECB Speeches: Setbacks and strides forward: structural shifts and monetary policy in the twenties
2026-06-03 02:16:05,624 | INFO | central_bank_scraper | Saved ECB Speeches: Moving from 3.75 to 3.50: explaining the latest rate decision
2026-06-03 02:16:07,652 | INFO | central_bank_scraper | Saved ECB Speeches: Nature-related risk: legal implications for central banks, supervisors and financial institutions
2026-06-03 02:16:09,659 | INFO | central_bank_scraper | Saved ECB Speeches: The euro area inflation outlook: a scenario analysis
2026-06-03 02:16:11,816 | INFO | central_bank_scraper | Saved ECB Speeches: The effectiveness and transmission of monetary policy in the euro area
2026-06-03 02:16:13,889 | INFO | central_bank_scraper | Saved ECB Speeches: Opening remarks
2026-06-03 02:16:15,898 | INFO | central_bank_scraper | Saved ECB Speeches: Monetary policy in an unusual cycle: the risks, the path and the costs
2026-06-03 02:16:17,961 | INFO | central_bank_scraper | Saved ECB Speeches: Modern monetary analysis
2026-06-03 02:16:19,955 | INFO | central_bank_scraper | Saved ECB Speeches: Strengthening European financial markets to ensure a more resilient future
2026-06-03 02:16:21,974 | INFO | central_bank_scraper | Saved ECB Speeches: Policymaking in a new risk environment
2026-06-03 02:16:24,006 | INFO | central_bank_scraper | Saved ECB Speeches: Monetary policy and the disinflation process
2026-06-03 02:16:26,048 | INFO | central_bank_scraper | Saved ECB Speeches: Is monetary policy dominated by fiscal policy?
2026-06-03 02:16:28,137 | INFO | central_bank_scraper | Saved ECB Speeches: The benefits and costs of asset purchases
2026-06-03 02:16:30,294 | INFO | central_bank_scraper | Saved ECB Speeches: Inflation in the euro area
2026-06-03 02:16:32,357 | INFO | central_bank_scraper | Saved ECB Speeches: Europe’s tragedy of the horizon: the green transition and the role of the ECB
2026-06-03 02:16:34,393 | INFO | central_bank_scraper | Saved ECB Speeches: From laggard to leader? Closing the euro area’s technology gap
2026-06-03 02:16:36,488 | INFO | central_bank_scraper | Saved ECB Speeches: The analytics of the monetary policy tightening cycle
2026-06-03 02:16:38,601 | INFO | central_bank_scraper | Saved ECB Speeches: Monetary policy and financial stability in the euro area
2026-06-03 02:16:40,654 | INFO | central_bank_scraper | Saved ECB Speeches: Innovation, integration and independence: taking the Single Euro Payments Area to the next level
2026-06-03 02:16:42,695 | INFO | central_bank_scraper | Saved ECB Speeches: Unlocking the power of ideas
2026-06-03 02:16:44,736 | INFO | central_bank_scraper | Saved ECB Speeches: IMFC Statement
2026-06-03 02:16:46,789 | INFO | central_bank_scraper | Saved ECB Speeches: Presentation of the ECB Annual Report 2023 to the Committee on Economic and Monetary Affairs of the European Parliament
2026-06-03 02:16:48,833 | INFO | central_bank_scraper | Saved ECB Speeches: Disinflation in the euro area: an update
2026-06-03 02:16:50,857 | INFO | central_bank_scraper | Saved ECB Speeches: “Know thyself” – avoiding policy mistakes in light of the prevailing climate science
2026-06-03 02:16:52,921 | INFO | central_bank_scraper | Saved ECB Speeches: The confidence to act: monetary policy and the role of wages during the disinflation process
2026-06-03 02:16:54,954 | INFO | central_bank_scraper | Saved ECB Speeches: Building confidence in the path ahead
2026-06-03 02:16:56,960 | INFO | central_bank_scraper | Saved ECB Speeches: The Eurosystem’s operational framework
2026-06-03 02:16:59,034 | INFO | central_bank_scraper | Saved ECB Speeches: European Parliament plenary debate on the ECB Annual Report
2026-06-03 02:17:01,065 | INFO | central_bank_scraper | Saved ECB Speeches: From laggard to leader? Closing the euro area’s technology gap
2026-06-03 02:17:03,069 | INFO | central_bank_scraper | Saved ECB Speeches: Hearing of the Committee on Economic and Monetary Affairs of the European Parliament
2026-06-03 02:17:05,132 | INFO | central_bank_scraper | Saved ECB Speeches: Monetary policy, financial stability and medium-term growth in the euro area
2026-06-03 02:17:07,240 | INFO | central_bank_scraper | Saved ECB Speeches: Euro area international financial flows: analytical insights and measurement challenges
2026-06-03 02:17:09,308 | INFO | central_bank_scraper | Saved ECB Speeches: Modernising finance: the role of central bank money
2026-06-03 02:17:11,305 | INFO | central_bank_scraper | Saved ECB Speeches: Disinflation in the euro area
2026-06-03 02:17:13,340 | INFO | central_bank_scraper | Saved ECB Speeches: One step ahead: protecting the cyber resilience of financial infrastructures
2026-06-03 02:17:18,762 | INFO | central_bank_scraper | Saved ECB Speeches: The economic outlook and monetary policy in the euro area
2026-06-03 02:17:21,889 | INFO | central_bank_scraper | Saved ECB Speeches: Powers, ability and willingness to act – the mainstay of effective banking supervision
2026-06-03 02:17:23,981 | INFO | central_bank_scraper | Saved ECB Speeches: Governance at a turning point
2026-06-03 02:17:26,093 | INFO | central_bank_scraper | Saved ECB Speeches: Welcome address at the fifth ECB Forum on Banking Supervision
2026-06-03 02:17:28,090 | INFO | central_bank_scraper | Saved ECB Speeches: Hearing of the Committee on Economic and Monetary Affairs of the European Parliament
2026-06-03 02:17:30,122 | INFO | central_bank_scraper | Saved ECB Speeches: Monetary policy in the climate and nature crises: preserving a “Stabilitätskultur”
2026-06-03 02:17:32,173 | INFO | central_bank_scraper | Saved ECB Speeches: Monetary policy in the euro area: attentive and focused
2026-06-03 02:17:34,192 | INFO | central_bank_scraper | Saved ECB Speeches: A Kantian shift for the capital markets union
2026-06-03 02:17:36,193 | INFO | central_bank_scraper | Saved ECB Speeches: The ESRB’s first general warning one year on
2026-06-03 02:17:38,251 | INFO | central_bank_scraper | Saved ECB Speeches: Making finance fit for Paris: achieving “negative splits”
2026-06-03 02:17:40,269 | INFO | central_bank_scraper | Saved ECB Speeches: Outlook for the euro area economy and financial stability
2026-06-03 02:17:42,344 | INFO | central_bank_scraper | Saved ECB Speeches: Central bank liquidity: a macroeconomic perspective
2026-06-03 02:17:44,462 | INFO | central_bank_scraper | Saved ECB Speeches: The euro area economy and our monetary policy stance
2026-06-03 02:17:46,514 | INFO | central_bank_scraper | Saved ECB Speeches: Remarks delivered at the Bank of Greece on the occasion of the external Governing Council monetary policy meeting in Athens
2026-06-03 02:17:48,541 | INFO | central_bank_scraper | Saved ECB Speeches: Macroprudential policy and research: learning from challenging times
2026-06-03 02:17:50,573 | INFO | central_bank_scraper | Saved ECB Speeches: IMFC Statement
2026-06-03 02:17:52,637 | INFO | central_bank_scraper | Saved ECB Speeches: Welcome address
2026-06-03 02:17:54,728 | INFO | central_bank_scraper | Saved ECB Speeches: Towards an orderly energy transition
2026-06-03 02:17:56,763 | INFO | central_bank_scraper | Saved ECB Speeches: Hearing of the Committee on Economic and Monetary Affairs of the European Parliament
2026-06-03 02:17:58,850 | INFO | central_bank_scraper | Saved ECB Speeches: Disinflation and monetary policy in the euro area
2026-06-03 02:18:00,890 | INFO | central_bank_scraper | Saved ECB Speeches: A Mediterranean Odyssey: from ancient origins to future strength
2026-06-03 02:18:02,917 | INFO | central_bank_scraper | Saved ECB Speeches: Investing in tomorrow: Future-proofing fiscal policies and governance in Europe
2026-06-03 02:18:04,905 | INFO | central_bank_scraper | Saved ECB Speeches: What is special about climate-related and environmental risks?
2026-06-03 02:18:06,916 | INFO | central_bank_scraper | Saved ECB Speeches: Shaping Europe’s digital future: the path towards a digital euro
2026-06-03 02:18:08,945 | INFO | central_bank_scraper | Saved ECB Speeches: Disinflation and the Phillips curve
2026-06-03 02:18:11,479 | INFO | central_bank_scraper | Saved ECB Speeches: Policymaking in an age of shifts and breaks
2026-06-03 02:18:13,634 | INFO | central_bank_scraper | Saved ECB Speeches: Getting disinflation right
2026-06-03 02:18:15,727 | INFO | central_bank_scraper | Saved ECB Speeches: Strengthening resilience in a changing geopolitical landscape
2026-06-03 02:18:17,789 | INFO | central_bank_scraper | Saved ECB Speeches: The banking channel of monetary policy tightening in the euro area
2026-06-03 02:18:19,821 | INFO | central_bank_scraper | Saved ECB Speeches: The inflation outlook and monetary policy in the euro area
2026-06-03 02:18:21,835 | INFO | central_bank_scraper | Saved ECB Speeches: Breaking the persistence of inflation
2026-06-03 02:18:23,854 | INFO | central_bank_scraper | Saved ECB Speeches: Remarks at the Summit for a new global financing pact
2026-06-03 02:18:25,852 | INFO | central_bank_scraper | Saved ECB Speeches: Central clearing in turbulent times: frontiers in regulation and oversight
2026-06-03 02:18:27,846 | INFO | central_bank_scraper | Saved ECB Speeches: Matteo Maggiori’s contribution to research on international finance and macroeconomics
2026-06-03 02:18:29,898 | INFO | central_bank_scraper | Saved ECB Speeches: Remarks at G30 dinner
2026-06-03 02:18:31,997 | INFO | central_bank_scraper | Saved ECB Speeches: EU banking package
2026-06-03 02:18:34,084 | INFO | central_bank_scraper | Saved ECB Speeches: Banking Union and Capital Markets Union: high time to move on
2026-06-03 02:18:36,111 | INFO | central_bank_scraper | Saved ECB Speeches: Hearing of the Committee on Economic and Monetary Affairs of the European Parliament
2026-06-03 02:18:38,151 | INFO | central_bank_scraper | Saved ECB Speeches: The fight against inflation
2026-06-03 02:18:40,191 | INFO | central_bank_scraper | Saved ECB Speeches: Presentation of the ECB Annual Report 2022 to the Committee on Economic and Monetary Affairs of the European Parliament
2026-06-03 02:18:42,290 | INFO | central_bank_scraper | Saved ECB Speeches: Twenty-five years of the ECB
2026-06-03 02:18:44,328 | INFO | central_bank_scraper | Saved ECB Speeches: Towards a stronger non-bank financial sector
2026-06-03 02:18:46,409 | INFO | central_bank_scraper | Saved ECB Speeches: Monetary and financial stability – can they be separated?
2026-06-03 02:18:48,460 | INFO | central_bank_scraper | Saved ECB Speeches: Laudatory speech
2026-06-03 02:18:50,469 | INFO | central_bank_scraper | Saved ECB Speeches: Closing gaps to bend the trend: embedding the flow of finance in the transition
2026-06-03 02:18:52,513 | INFO | central_bank_scraper | Saved ECB Speeches: United we stand: European integration as a response to global fragmentation
2026-06-03 02:18:54,514 | INFO | central_bank_scraper | Saved ECB Speeches: Policymakers as policy takers – accounting for climate-related and environmental factors in banking supervision and monetary policy
2026-06-03 02:18:56,535 | INFO | central_bank_scraper | Saved ECB Speeches: Monetary policy tightening and the financing of firms
2026-06-03 02:18:58,547 | INFO | central_bank_scraper | Saved ECB Speeches: Central banks in a fragmenting world
2026-06-03 02:19:00,586 | INFO | central_bank_scraper | Saved ECB Speeches: IMFC Statement
2026-06-03 02:19:02,640 | INFO | central_bank_scraper | Saved ECB Speeches: Outlook for the euro area economy and financial stability
2026-06-03 02:19:04,673 | INFO | central_bank_scraper | Saved ECB Speeches: Urgent and vitally important: 2023 as a key milestone in stepping up the management of climate and environmental risks
2026-06-03 02:19:06,737 | INFO | central_bank_scraper | Saved ECB Speeches: The path ahead
2026-06-03 02:19:08,823 | INFO | central_bank_scraper | Saved ECB Speeches: Hearing of the Committee on Economic and Monetary Affairs of the European Parliament
2026-06-03 02:19:10,845 | INFO | central_bank_scraper | Saved ECB Speeches: The Quick and the Dead: building up cyber resilience in the financial sector
2026-06-03 02:19:12,861 | INFO | central_bank_scraper | Saved ECB Speeches: Underlying inflation
2026-06-03 02:19:14,883 | INFO | central_bank_scraper | Saved ECB Speeches: Quantitative tightening: rationale and market impact
2026-06-03 02:19:16,931 | INFO | central_bank_scraper | Saved ECB Speeches: Monetary policy after the energy shock
2026-06-03 02:19:18,972 | INFO | central_bank_scraper | Saved ECB Speeches: European Parliament plenary debate on the ECB Annual Report
2026-06-03 02:19:21,187 | INFO | central_bank_scraper | Saved ECB Speeches: The digital euro: our money wherever, whenever we need it
2026-06-03 02:19:23,204 | INFO | central_bank_scraper | Saved ECB Speeches: Monetary policy tightening and the green transition
2026-06-03 02:19:25,229 | INFO | central_bank_scraper | Saved ECB Speeches: Macroprudential policy in Europe: building resilience in a challenging environment
2026-06-03 02:19:27,359 | INFO | central_bank_scraper | Saved ECB Speeches: Hearing of the Committee on Economic and Monetary Affairs of the European Parliament
2026-06-03 02:19:29,433 | INFO | central_bank_scraper | Saved ECB Speeches: Finding the right mix: monetary-fiscal interaction at times of high inflation
2026-06-03 02:19:31,560 | INFO | central_bank_scraper | Saved ECB Speeches: Monetary policy in a new environment
2026-06-03 02:19:33,554 | INFO | central_bank_scraper | Saved ECB Speeches: Maintaining prudence when navigating unexpected tides and firming currents
2026-06-03 02:19:35,573 | INFO | central_bank_scraper | Saved ECB Speeches: The complexity of monetary policy
2026-06-03 02:19:37,655 | INFO | central_bank_scraper | Saved ECB Speeches: Investing in Europe’s future: The case for a rethink
2026-06-03 02:19:39,714 | INFO | central_bank_scraper | Saved ECB Speeches: Delivering on the Glasgow Declaration: actions by the ECB on the road through Sharm El-Sheikh to a Paris-compatible path
2026-06-03 02:19:41,772 | INFO | central_bank_scraper | Saved ECB Speeches: Digital euro: a common European project
2026-06-03 02:19:43,784 | INFO | central_bank_scraper | Saved ECB Speeches: The euro area economy and the energy transition
2026-06-03 02:19:45,864 | INFO | central_bank_scraper | Saved ECB Speeches: Mind the step: calibrating monetary policy in a volatile environment
2026-06-03 02:19:47,882 | INFO | central_bank_scraper | Saved ECB Speeches: IMFC Statement
2026-06-03 02:19:49,925 | INFO | central_bank_scraper | Saved ECB Speeches: The transmission of monetary policy
2026-06-03 02:19:51,921 | INFO | central_bank_scraper | Saved ECB Speeches: Monetary policy in a cost-of-living crisis
2026-06-03 02:19:53,926 | INFO | central_bank_scraper | Saved ECB Speeches: Building on our strengths: the role of the public and private sectors in the digital euro ecosystem
2026-06-03 02:19:55,925 | INFO | central_bank_scraper | Saved ECB Speeches: The ECB’s monetary policy strategy: delivering our mandate in all circumstances
2026-06-03 02:19:58,066 | INFO | central_bank_scraper | Saved ECB Speeches: Demystifying wholesale central bank digital currency
2026-06-03 02:20:00,173 | INFO | central_bank_scraper | Saved ECB Speeches: Monetary policy in the euro area
2026-06-03 02:20:02,160 | INFO | central_bank_scraper | Saved ECB Speeches: Euro area current policy challenges
2026-06-03 02:20:04,230 | INFO | central_bank_scraper | Saved ECB Speeches: Monetary policy and the money market
2026-06-03 02:20:06,394 | INFO | central_bank_scraper | Saved ECB Speeches: Reconciling the macro and micro evidence on the effects of monetary policy
2026-06-03 02:20:08,402 | INFO | central_bank_scraper | Saved ECB Speeches: Monetary policy in the euro area: the next phase
2026-06-03 02:20:10,540 | INFO | central_bank_scraper | Saved ECB Speeches: Monetary policy and the Great Volatility
2026-06-03 02:20:12,550 | INFO | central_bank_scraper | Saved ECB Speeches: Challenges for monetary policy
2026-06-03 02:20:14,620 | INFO | central_bank_scraper | Saved ECB Speeches: Europe as a common shield: protecting the euro area economy from global shocks
2026-06-03 02:20:16,646 | INFO | central_bank_scraper | Saved ECB Speeches: Price stability and policy transmission in the euro area
2026-06-03 02:20:18,694 | INFO | central_bank_scraper | Saved ECB Speeches: Good, bad and hopeful news: the latest on the supervision of climate risks
2026-06-03 02:20:20,825 | INFO | central_bank_scraper | Saved ECB Speeches: Hearing of the Committee on Economic and Monetary Affairs of the European Parliament
2026-06-03 02:20:22,888 | INFO | central_bank_scraper | Saved ECB Speeches: Bringing European payments to the next stage: a public-private endeavour
2026-06-03 02:20:24,933 | INFO | central_bank_scraper | Saved ECB Speeches: The digital euro and the evolution of the financial system
2026-06-03 02:20:26,957 | INFO | central_bank_scraper | Saved ECB Speeches: United in diversity – Challenges for monetary policy in a currency union
2026-06-03 02:20:28,966 | INFO | central_bank_scraper | Saved ECB Speeches: Supervising banks’ governance: structure, behaviour and culture
2026-06-03 02:20:30,984 | INFO | central_bank_scraper | Saved ECB Speeches: Adapting to the fast-moving cyber threat landscape: no room for complacency
2026-06-03 02:20:33,075 | INFO | central_bank_scraper | Saved ECB Speeches: Normalising monetary policy in non-normal times
2026-06-03 02:20:35,085 | INFO | central_bank_scraper | Saved ECB Speeches: Building the Financial System of the 21st Century
2026-06-03 02:20:37,145 | INFO | central_bank_scraper | Saved ECB Speeches: Public money for the digital era: towards a digital euro
2026-06-03 02:20:39,222 | INFO | central_bank_scraper | Saved ECB Speeches: Challenges along Europe’s road
2026-06-03 02:20:41,291 | INFO | central_bank_scraper | Saved ECB Speeches: The euro area outlook: some analytical considerations
2026-06-03 02:20:43,312 | INFO | central_bank_scraper | Saved ECB Speeches: Presentation of the ECB Annual Report 2021 to the Committee on Economic and Monetary Affairs of the European Parliament
2026-06-03 02:20:45,359 | INFO | central_bank_scraper | Saved ECB Speeches: Statistical implications of the ECB’s monetary policy strategy review
2026-06-03 02:20:47,439 | INFO | central_bank_scraper | Saved ECB Speeches: For a few cryptos more: the Wild West of crypto finance
2026-06-03 02:20:49,586 | INFO | central_bank_scraper | Saved ECB Speeches: A new global map: European resilience in a changing world
2026-06-03 02:20:51,596 | INFO | central_bank_scraper | Saved ECB Speeches: IMFC Statement
2026-06-03 02:20:53,626 | INFO | central_bank_scraper | Saved ECB Speeches: More than an intellectual game: exploring the monetary policy and financial stability implications of central bank digital currencies
2026-06-03 02:20:55,714 | INFO | central_bank_scraper | Saved ECB Speeches: An EU financial system for the future
2026-06-03 02:20:57,796 | INFO | central_bank_scraper | Saved ECB Speeches: Managing policy trade-offs
2026-06-03 02:20:59,941 | INFO | central_bank_scraper | Saved ECB Speeches: Monetary policy during the pandemic: the role of the PEPP
2026-06-03 02:21:01,973 | INFO | central_bank_scraper | Saved ECB Speeches: Finding resilience in times of uncertainty
2026-06-03 02:21:04,025 | INFO | central_bank_scraper | Saved ECB Speeches: Proportioning policy action to the evidence: making the monetary policy strategy of the ECB concrete
2026-06-03 02:21:06,019 | INFO | central_bank_scraper | Saved ECB Speeches: Building a robust and diversified clearing ecosystem
2026-06-03 02:21:08,072 | INFO | central_bank_scraper | Saved ECB Speeches: Monetary policy in an uncertain world
2026-06-03 02:21:10,077 | INFO | central_bank_scraper | Saved ECB Speeches: Remarks on the euro area economy
2026-06-03 02:21:12,243 | INFO | central_bank_scraper | Saved ECB Speeches: Full disclosure: coming to grips with an inconvenient truth
2026-06-03 02:21:14,281 | INFO | central_bank_scraper | Saved ECB Speeches: The monetary policy strategy of the ECB: the playbook for monetary policy decisions
2026-06-03 02:21:16,302 | INFO | central_bank_scraper | Saved ECB Speeches: Small steps in a dark room: guiding policy on the path out of the pandemic
2026-06-03 02:21:18,404 | INFO | central_bank_scraper | Saved ECB Speeches: Finding the right sequence
2026-06-03 02:21:20,677 | INFO | central_bank_scraper | Saved ECB Speeches: Prudential pathways to Paris
2026-06-03 02:21:22,709 | INFO | central_bank_scraper | Saved ECB Speeches: Towards an immersive supervisory approach to the management of climate-related and environmental risks in the banking sector
2026-06-03 02:21:24,731 | INFO | central_bank_scraper | Saved ECB Speeches: 20th anniversary of the entry into circulation of euro banknotes and coins
2026-06-03 02:21:26,735 | INFO | central_bank_scraper | Saved ECB Speeches: Managing Europe’s economic recovery after the pandemic
2026-06-03 02:21:28,771 | INFO | central_bank_scraper | Saved ECB Speeches: Hearing of the Committee on Economic and Monetary Affairs of the European Parliament
2026-06-03 02:21:30,799 | INFO | central_bank_scraper | Saved ECB Speeches: Conference of Parliamentary Committees for Union Affairs (COSAC)
2026-06-03 02:21:32,785 | INFO | central_bank_scraper | Saved ECB Speeches: Remarks by Christine Lagarde at a virtual ceremony marking the change of office of the President of the Bundesbank
2026-06-03 02:21:34,790 | INFO | central_bank_scraper | Saved ECB Speeches: Looking through higher energy prices? Monetary policy and the green transition
2026-06-03 02:21:36,897 | INFO | central_bank_scraper | Saved ECB Speeches: The present and future of money in the digital age
2026-06-03 02:21:39,027 | INFO | central_bank_scraper | Saved ECB Speeches: Macroprudential policy in Europe – the future depends on what we do today
2026-06-03 02:21:41,011 | INFO | central_bank_scraper | Saved ECB Speeches: When you need change to preserve continuity: climate emergency and the role of law
2026-06-03 02:21:43,043 | INFO | central_bank_scraper | Saved ECB Speeches: Patient monetary policy amid a rocky recovery
2026-06-03 02:21:45,015 | INFO | central_bank_scraper | Saved ECB Speeches: Ralph Koijen’s contribution to research on the pricing of risk in equity and insurance markets
2026-06-03 02:21:47,068 | INFO | central_bank_scraper | Saved ECB Speeches: Designing a digital euro for the retail payments landscape of tomorrow
2026-06-03 02:21:49,119 | INFO | central_bank_scraper | Saved ECB Speeches: Reflation, not stagflation
2026-06-03 02:21:51,149 | INFO | central_bank_scraper | Saved ECB Speeches: Hearing of the Committee on Economic and Monetary Affairs of the European Parliament
2026-06-03 02:21:53,212 | INFO | central_bank_scraper | Saved ECB Speeches: The future of the EU fiscal governance framework: a macroeconomic perspective
2026-06-03 02:21:55,230 | INFO | central_bank_scraper | Saved ECB Speeches: Inflation in the short term and in the medium term
2026-06-03 02:21:57,354 | INFO | central_bank_scraper | Saved ECB Speeches: Central bank digital currencies: a monetary anchor for digital innovation
2026-06-03 02:21:59,398 | INFO | central_bank_scraper | Saved ECB Speeches: Forests and finance
2026-06-03 02:22:01,413 | INFO | central_bank_scraper | Saved ECB Speeches: Learning from Lisbon: recovery and resilience in Europe
2026-06-03 02:22:03,428 | INFO | central_bank_scraper | Saved ECB Speeches: Overcoming the tragedy of the horizon: requiring banks to translate 2050 targets into milestones
2026-06-03 02:22:05,551 | INFO | central_bank_scraper | Saved ECB Speeches: The role of supervisors and central banks in the climate crisis
2026-06-03 02:22:07,602 | INFO | central_bank_scraper | Saved ECB Speeches: Globalisation after the pandemic
2026-06-03 02:22:09,602 | INFO | central_bank_scraper | Saved ECB Speeches: IMFC Statement
2026-06-03 02:22:11,648 | INFO | central_bank_scraper | Saved ECB Speeches: The contribution of finance to combating climate change
2026-06-03 02:22:13,685 | INFO | central_bank_scraper | Saved ECB Speeches: The monetary policy toolbox and the effective lower bound
2026-06-03 02:22:15,816 | INFO | central_bank_scraper | Saved ECB Speeches: Stay safe at the intersection: the confluence of big techs and global stablecoins
2026-06-03 02:22:17,948 | INFO | central_bank_scraper | Saved ECB Speeches: Prospects for inflation: sneezes and breezes
2026-06-03 02:22:19,924 | INFO | central_bank_scraper | Saved ECB Speeches: Dynamic regions at the heart of a strong Europe
2026-06-03 02:22:21,980 | INFO | central_bank_scraper | Saved ECB Speeches: Lessons from an unusual crisis
2026-06-03 02:22:24,006 | INFO | central_bank_scraper | Saved ECB Speeches: Cyber risks and the integrity of digital finance
2026-06-03 02:22:26,026 | INFO | central_bank_scraper | Saved ECB Speeches: Monetary policy during an atypical recovery
2026-06-03 02:22:28,041 | INFO | central_bank_scraper | Saved ECB Speeches: Structural change and central banking: some research priorities
2026-06-03 02:22:30,067 | INFO | central_bank_scraper | Saved ECB Speeches: Integrating the climate and environmental challenge into the missions of central banks and supervisors
2026-06-03 02:22:32,098 | INFO | central_bank_scraper | Saved ECB Speeches: Asset purchases: from crisis to recovery
2026-06-03 02:22:34,222 | INFO | central_bank_scraper | Saved ECB Speeches: The monetary policy non-puzzle in bond markets
2026-06-03 02:22:36,408 | INFO | central_bank_scraper | Saved ECB Speeches: New narratives on monetary policy – the spectre of inflation
2026-06-03 02:22:38,521 | INFO | central_bank_scraper | Saved ECB Speeches: The rise of non-bank finance and its implications for monetary policy transmission
2026-06-03 02:22:41,889 | INFO | central_bank_scraper | Saved ECB Speeches: A new strategy for a changing world
2026-06-03 02:22:44,002 | INFO | central_bank_scraper | Saved ECB Speeches: Climate Change and Central Banks: Analysing, Advising and Acting
2026-06-03 02:22:46,035 | INFO | central_bank_scraper | Saved ECB Speeches: Escaping low inflation?
2026-06-03 02:22:48,060 | INFO | central_bank_scraper | Saved ECB Speeches: Financing a green and digital recovery
2026-06-03 02:22:50,099 | INFO | central_bank_scraper | Saved ECB Speeches: Hearing of the Committee on Economic and Monetary Affairs of the European Parliament
2026-06-03 02:22:52,123 | INFO | central_bank_scraper | Saved ECB Speeches: Patchy data is a good start: from Kuznets and Clark to supervisors and climate
2026-06-03 02:22:54,213 | INFO | central_bank_scraper | Saved ECB Speeches: Cash still king in times of COVID-19
2026-06-03 02:22:56,266 | INFO | central_bank_scraper | Saved ECB Speeches: From market neutrality to market efficiency
2026-06-03 02:22:58,278 | INFO | central_bank_scraper | Saved ECB Speeches: The embrace of the horizon: Forcefully moving with the changing tide for climate action in financial sector policies
2026-06-03 02:23:00,303 | INFO | central_bank_scraper | Saved ECB Speeches: Learning the right lessons from the past
2026-06-03 02:23:02,380 | INFO | central_bank_scraper | Saved ECB Speeches: Climate change and financial integration
2026-06-03 02:23:04,369 | INFO | central_bank_scraper | Saved ECB Speeches: At the edge of tomorrow: preparing the future of European retail payments
2026-06-03 02:23:06,407 | INFO | central_bank_scraper | Saved ECB Speeches: Towards a green capital markets union for Europe
2026-06-03 02:23:08,483 | INFO | central_bank_scraper | Saved ECB Speeches: All the way to zero: guiding banks towards a carbon-neutral Europe
2026-06-03 02:23:10,682 | INFO | central_bank_scraper | Saved ECB Speeches: Monetary autonomy in a globalised world
2026-06-03 02:23:12,724 | INFO | central_bank_scraper | Saved ECB Speeches: Presentation of the ECB Annual Report 2020 to the Committee on Economic and Monetary Affairs of the European Parliament
2026-06-03 02:23:14,850 | INFO | central_bank_scraper | Saved ECB Speeches: IMFC Statement
2026-06-03 02:23:16,917 | INFO | central_bank_scraper | Saved ECB Speeches: Stabilising the economic outlook
2026-06-03 02:23:18,952 | INFO | central_bank_scraper | Saved ECB Speeches: Paving the path to recovery by preserving favourable financing conditions
2026-06-03 02:23:21,087 | INFO | central_bank_scraper | Saved ECB Speeches: Hearing of the Committee on Economic and Monetary Affairs of the European Parliament
2026-06-03 02:23:23,200 | INFO | central_bank_scraper | Saved ECB Speeches: Central clearing and the changing landscape
2026-06-03 02:23:25,212 | INFO | central_bank_scraper | Saved ECB Speeches: Mind the gap(s): monetary policy and the way out of the pandemic
2026-06-03 02:23:27,287 | INFO | central_bank_scraper | Saved ECB Speeches: Macroprudential policy after the COVID-19 pandemic
2026-06-03 02:23:29,367 | INFO | central_bank_scraper | Saved ECB Speeches: Unconventional fiscal and monetary policy at the zero lower bound
2026-06-03 02:23:31,439 | INFO | central_bank_scraper | Saved ECB Speeches: The compass of monetary policy: favourable financing conditions
2026-06-03 02:23:33,618 | INFO | central_bank_scraper | Saved ECB Speeches: Investing in our climate, social and economic resilience: What are the main policy priorities?
2026-06-03 02:23:35,631 | INFO | central_bank_scraper | Saved ECB Speeches: European Parliament plenary debate on the ECB Annual Report
2026-06-03 02:23:37,685 | INFO | central_bank_scraper | Saved ECB Speeches: The sovereign-bank-corporate nexus – virtuous or vicious?
2026-06-03 02:23:39,690 | INFO | central_bank_scraper | Saved ECB Speeches: Climate change and central banking
2026-06-03 02:23:39,707 | INFO | central_bank_scraper | Finished ECB: {'bank': 'ECB', 'saved': 427, 'skipped': 0, 'failed': 0}
2026-06-03 02:23:45,739 | INFO | central_bank_scraper | Starting RBA
2026-06-03 02:24:06,016 | INFO | central_bank_scraper | RBA Minutes discovered 52 candidates
2026-06-03 02:24:07,734 | INFO | central_bank_scraper | Saved RBA Minutes: 5 May 2026
2026-06-03 02:24:09,479 | INFO | central_bank_scraper | Saved RBA Minutes: 17 March 2026
2026-06-03 02:24:11,151 | INFO | central_bank_scraper | Saved RBA Minutes: 3 February 2026
2026-06-03 02:24:12,859 | INFO | central_bank_scraper | Saved RBA Minutes: 9 December 2025
2026-06-03 02:24:14,559 | INFO | central_bank_scraper | Saved RBA Minutes: 4 November 2025
2026-06-03 02:24:16,250 | INFO | central_bank_scraper | Saved RBA Minutes: 30 September 2025
2026-06-03 02:24:17,949 | INFO | central_bank_scraper | Saved RBA Minutes: 12 August 2025
2026-06-03 02:24:19,640 | INFO | central_bank_scraper | Saved RBA Minutes: 8 July 2025
2026-06-03 02:24:21,350 | INFO | central_bank_scraper | Saved RBA Minutes: 20 May 2025
2026-06-03 02:24:23,053 | INFO | central_bank_scraper | Saved RBA Minutes: 1 April 2025
2026-06-03 02:24:24,724 | INFO | central_bank_scraper | Saved RBA Minutes: 18 February 2025
2026-06-03 02:24:26,405 | INFO | central_bank_scraper | Saved RBA Minutes: 10 December 2024
2026-06-03 02:24:28,138 | INFO | central_bank_scraper | Saved RBA Minutes: 5 November 2024
2026-06-03 02:24:29,810 | INFO | central_bank_scraper | Saved RBA Minutes: 24 September 2024
2026-06-03 02:24:31,478 | INFO | central_bank_scraper | Saved RBA Minutes: 6 August 2024
2026-06-03 02:24:33,206 | INFO | central_bank_scraper | Saved RBA Minutes: 18 June 2024
2026-06-03 02:24:34,896 | INFO | central_bank_scraper | Saved RBA Minutes: 7 May 2024
2026-06-03 02:24:36,587 | INFO | central_bank_scraper | Saved RBA Minutes: 19 March 2024
2026-06-03 02:24:38,273 | INFO | central_bank_scraper | Saved RBA Minutes: 6 February 2024
2026-06-03 02:24:39,948 | INFO | central_bank_scraper | Saved RBA Minutes: 5 December 2023
2026-06-03 02:24:41,672 | INFO | central_bank_scraper | Saved RBA Minutes: 7 November 2023
2026-06-03 02:24:43,360 | INFO | central_bank_scraper | Saved RBA Minutes: 3 October 2023
2026-06-03 02:24:45,034 | INFO | central_bank_scraper | Saved RBA Minutes: 5 September 2023
2026-06-03 02:24:46,729 | INFO | central_bank_scraper | Saved RBA Minutes: 1 August 2023
2026-06-03 02:24:48,415 | INFO | central_bank_scraper | Saved RBA Minutes: 4 July 2023
2026-06-03 02:24:50,091 | INFO | central_bank_scraper | Saved RBA Minutes: 6 June 2023
2026-06-03 02:24:51,772 | INFO | central_bank_scraper | Saved RBA Minutes: 2 May 2023
2026-06-03 02:24:53,441 | INFO | central_bank_scraper | Saved RBA Minutes: 4 April 2023
2026-06-03 02:24:55,115 | INFO | central_bank_scraper | Saved RBA Minutes: 7 March 2023
2026-06-03 02:24:56,817 | INFO | central_bank_scraper | Saved RBA Minutes: 7 February 2023
2026-06-03 02:24:58,482 | INFO | central_bank_scraper | Saved RBA Minutes: 6 December 2022
2026-06-03 02:25:00,147 | INFO | central_bank_scraper | Saved RBA Minutes: 1 November 2022
2026-06-03 02:25:01,864 | INFO | central_bank_scraper | Saved RBA Minutes: 4 October 2022
2026-06-03 02:25:03,561 | INFO | central_bank_scraper | Saved RBA Minutes: 6 September 2022
2026-06-03 02:25:05,224 | INFO | central_bank_scraper | Saved RBA Minutes: 2 August 2022
2026-06-03 02:25:06,894 | INFO | central_bank_scraper | Saved RBA Minutes: 5 July 2022
2026-06-03 02:25:08,567 | INFO | central_bank_scraper | Saved RBA Minutes: 7 June 2022
2026-06-03 02:25:10,289 | INFO | central_bank_scraper | Saved RBA Minutes: 3 May 2022
2026-06-03 02:25:11,975 | INFO | central_bank_scraper | Saved RBA Minutes: 5 April 2022
2026-06-03 02:25:13,658 | INFO | central_bank_scraper | Saved RBA Minutes: 1 March 2022
2026-06-03 02:25:15,405 | INFO | central_bank_scraper | Saved RBA Minutes: 1 February 2022
2026-06-03 02:25:17,088 | INFO | central_bank_scraper | Saved RBA Minutes: 7 December 2021
2026-06-03 02:25:18,770 | INFO | central_bank_scraper | Saved RBA Minutes: 2 November 2021
2026-06-03 02:25:20,522 | INFO | central_bank_scraper | Saved RBA Minutes: 5 October 2021
2026-06-03 02:25:22,223 | INFO | central_bank_scraper | Saved RBA Minutes: 7 September 2021
2026-06-03 02:25:23,881 | INFO | central_bank_scraper | Saved RBA Minutes: 3 August 2021
2026-06-03 02:25:25,568 | INFO | central_bank_scraper | Saved RBA Minutes: 6 July 2021
2026-06-03 02:25:27,230 | INFO | central_bank_scraper | Saved RBA Minutes: 1 June 2021
2026-06-03 02:25:28,890 | INFO | central_bank_scraper | Saved RBA Minutes: 4 May 2021
2026-06-03 02:25:30,607 | INFO | central_bank_scraper | Saved RBA Minutes: 6 April 2021
2026-06-03 02:25:32,285 | INFO | central_bank_scraper | Saved RBA Minutes: 2 March 2021
2026-06-03 02:25:33,964 | INFO | central_bank_scraper | Saved RBA Minutes: 2 February 2021
2026-06-03 02:25:53,820 | INFO | central_bank_scraper | RBA Monetary Policy discovered 52 candidates
2026-06-03 02:25:55,480 | INFO | central_bank_scraper | Saved RBA Monetary Policy: 5 May 2026
2026-06-03 02:25:57,168 | INFO | central_bank_scraper | Saved RBA Monetary Policy: 17 March 2026
2026-06-03 02:25:58,847 | INFO | central_bank_scraper | Saved RBA Monetary Policy: 3 February 2026
2026-06-03 02:26:00,524 | INFO | central_bank_scraper | Saved RBA Monetary Policy: 9 December 2025
2026-06-03 02:26:02,216 | INFO | central_bank_scraper | Saved RBA Monetary Policy: 4 November 2025
2026-06-03 02:26:03,958 | INFO | central_bank_scraper | Saved RBA Monetary Policy: 30 September 2025
2026-06-03 02:26:05,626 | INFO | central_bank_scraper | Saved RBA Monetary Policy: 12 August 2025
2026-06-03 02:26:07,315 | INFO | central_bank_scraper | Saved RBA Monetary Policy: 8 July 2025
2026-06-03 02:26:08,998 | INFO | central_bank_scraper | Saved RBA Monetary Policy: 20 May 2025
2026-06-03 02:26:10,673 | INFO | central_bank_scraper | Saved RBA Monetary Policy: 1 April 2025
2026-06-03 02:26:12,340 | INFO | central_bank_scraper | Saved RBA Monetary Policy: 18 February 2025
2026-06-03 02:26:13,998 | INFO | central_bank_scraper | Saved RBA Monetary Policy: 10 December 2024
2026-06-03 02:26:15,655 | INFO | central_bank_scraper | Saved RBA Monetary Policy: 5 November 2024
2026-06-03 02:26:17,383 | INFO | central_bank_scraper | Saved RBA Monetary Policy: 24 September 2024
2026-06-03 02:26:19,053 | INFO | central_bank_scraper | Saved RBA Monetary Policy: 6 August 2024
2026-06-03 02:26:20,717 | INFO | central_bank_scraper | Saved RBA Monetary Policy: 18 June 2024
2026-06-03 02:26:22,457 | INFO | central_bank_scraper | Saved RBA Monetary Policy: 7 May 2024
2026-06-03 02:26:24,140 | INFO | central_bank_scraper | Saved RBA Monetary Policy: 19 March 2024
2026-06-03 02:26:25,822 | INFO | central_bank_scraper | Saved RBA Monetary Policy: 6 February 2024
2026-06-03 02:26:27,497 | INFO | central_bank_scraper | Saved RBA Monetary Policy: 5 December 2023
2026-06-03 02:26:29,162 | INFO | central_bank_scraper | Saved RBA Monetary Policy: 7 November 2023
2026-06-03 02:26:30,869 | INFO | central_bank_scraper | Saved RBA Monetary Policy: 3 October 2023
2026-06-03 02:26:32,545 | INFO | central_bank_scraper | Saved RBA Monetary Policy: 5 September 2023
2026-06-03 02:26:34,219 | INFO | central_bank_scraper | Saved RBA Monetary Policy: 1 August 2023
2026-06-03 02:26:35,881 | INFO | central_bank_scraper | Saved RBA Monetary Policy: 4 July 2023
2026-06-03 02:26:37,558 | INFO | central_bank_scraper | Saved RBA Monetary Policy: 6 June 2023
2026-06-03 02:26:39,227 | INFO | central_bank_scraper | Saved RBA Monetary Policy: 2 May 2023
2026-06-03 02:26:40,903 | INFO | central_bank_scraper | Saved RBA Monetary Policy: 4 April 2023
2026-06-03 02:26:42,563 | INFO | central_bank_scraper | Saved RBA Monetary Policy: 7 March 2023
2026-06-03 02:26:44,257 | INFO | central_bank_scraper | Saved RBA Monetary Policy: 7 February 2023
2026-06-03 02:26:46,005 | INFO | central_bank_scraper | Saved RBA Monetary Policy: 6 December 2022
2026-06-03 02:26:47,676 | INFO | central_bank_scraper | Saved RBA Monetary Policy: 1 November 2022
2026-06-03 02:26:49,333 | INFO | central_bank_scraper | Saved RBA Monetary Policy: 4 October 2022
2026-06-03 02:26:51,028 | INFO | central_bank_scraper | Saved RBA Monetary Policy: 6 September 2022
2026-06-03 02:26:52,697 | INFO | central_bank_scraper | Saved RBA Monetary Policy: 2 August 2022
2026-06-03 02:26:54,399 | INFO | central_bank_scraper | Saved RBA Monetary Policy: 5 July 2022
2026-06-03 02:26:56,057 | INFO | central_bank_scraper | Saved RBA Monetary Policy: 7 June 2022
2026-06-03 02:26:57,718 | INFO | central_bank_scraper | Saved RBA Monetary Policy: 3 May 2022
2026-06-03 02:26:59,402 | INFO | central_bank_scraper | Saved RBA Monetary Policy: 5 April 2022
2026-06-03 02:27:01,086 | INFO | central_bank_scraper | Saved RBA Monetary Policy: 1 March 2022
2026-06-03 02:27:02,736 | INFO | central_bank_scraper | Saved RBA Monetary Policy: 1 February 2022
2026-06-03 02:27:04,399 | INFO | central_bank_scraper | Saved RBA Monetary Policy: 7 December 2021
2026-06-03 02:27:06,125 | INFO | central_bank_scraper | Saved RBA Monetary Policy: 2 November 2021
2026-06-03 02:27:07,783 | INFO | central_bank_scraper | Saved RBA Monetary Policy: 5 October 2021
2026-06-03 02:27:09,466 | INFO | central_bank_scraper | Saved RBA Monetary Policy: 7 September 2021
2026-06-03 02:27:11,118 | INFO | central_bank_scraper | Saved RBA Monetary Policy: 3 August 2021
2026-06-03 02:27:12,775 | INFO | central_bank_scraper | Saved RBA Monetary Policy: 6 July 2021
2026-06-03 02:27:14,490 | INFO | central_bank_scraper | Saved RBA Monetary Policy: 1 June 2021
2026-06-03 02:27:16,162 | INFO | central_bank_scraper | Saved RBA Monetary Policy: 4 May 2021
2026-06-03 02:27:17,821 | INFO | central_bank_scraper | Saved RBA Monetary Policy: 6 April 2021
2026-06-03 02:27:19,572 | INFO | central_bank_scraper | Saved RBA Monetary Policy: 2 March 2021
2026-06-03 02:27:21,230 | INFO | central_bank_scraper | Saved RBA Monetary Policy: 2 February 2021
2026-06-03 02:27:31,761 | INFO | central_bank_scraper | RBA Speeches discovered 555 candidates
2026-06-03 02:27:33,407 | INFO | central_bank_scraper | Saved RBA Speeches: Economic Conditions and the Outlook
2026-06-03 02:27:35,170 | INFO | central_bank_scraper | Saved RBA Speeches: Economics and the Public Good
2026-06-03 02:27:36,838 | INFO | central_bank_scraper | Saved RBA Speeches: Interview with Bloomberg TV
2026-06-03 02:27:38,528 | INFO | central_bank_scraper | Saved RBA Speeches: Inflation and the Impact of the Middle East Conflict
2026-06-03 02:27:40,198 | INFO | central_bank_scraper | Saved RBA Speeches: Monetary Policy Decision
2026-06-03 02:27:41,881 | INFO | central_bank_scraper | Saved RBA Speeches: Rethinking Macro Policy Frameworks for a Transforming, Shock-Prone World
2026-06-03 02:27:43,594 | INFO | central_bank_scraper | Saved RBA Speeches: Deglobalisation and Fragmentation: Mid Term Challenges for Central Banks
2026-06-03 02:27:45,287 | INFO | central_bank_scraper | Saved RBA Speeches: Fireside Chat at the Money Marketeers of New York University
2026-06-03 02:27:46,948 | INFO | central_bank_scraper | Saved RBA Speeches: Reassessing Australian Financial Conditions
2026-06-03 02:27:48,648 | INFO | central_bank_scraper | Saved RBA Speeches: After Acacia: The Next Era of Financial System Innovation?
2026-06-03 02:27:50,322 | INFO | central_bank_scraper | Saved RBA Speeches: Monetary Policy Decision
2026-06-03 02:27:52,004 | INFO | central_bank_scraper | Saved RBA Speeches: Interview With The Conversation’s Politics With Michelle Grattan Podcast
2026-06-03 02:27:53,690 | INFO | central_bank_scraper | Saved RBA Speeches: On the Safe-haven Status of the US Dollar
2026-06-03 02:27:55,423 | INFO | central_bank_scraper | Saved RBA Speeches: Listening to Australians, Interpreting the Data and Setting Monetary Policy
2026-06-03 02:27:57,097 | INFO | central_bank_scraper | Saved RBA Speeches: Recent Refinements to the Dual Mandate and Navigating Back to Target
2026-06-03 02:27:58,774 | INFO | central_bank_scraper | Saved RBA Speeches: Fireside Chat at the Melbourne University Faculty of Economics & Business Foundation Dinner
2026-06-03 02:28:00,444 | INFO | central_bank_scraper | Saved RBA Speeches: Opening Statement to the Inquiry into Schemes, Digital Wallets and Innovation in the Payments Sector
2026-06-03 02:28:02,113 | INFO | central_bank_scraper | Saved RBA Speeches: Recent Developments in Inflation and the Economic Outlook
2026-06-03 02:28:03,857 | INFO | central_bank_scraper | Saved RBA Speeches: Interview With Guardian’s Australian Politics
2026-06-03 02:28:05,534 | INFO | central_bank_scraper | Saved RBA Speeches: Defining Full Employment and Its Intertwined Relationship with Inflation
2026-06-03 02:28:07,197 | INFO | central_bank_scraper | Saved RBA Speeches: Fireside Chat at the Australian Chamber of Commerce and Industry (ACCI) Business Leaders’ Series
2026-06-03 02:28:08,857 | INFO | central_bank_scraper | Saved RBA Speeches: Opening Statement to the House of Representatives Standing Committee on Economics
2026-06-03 02:28:10,554 | INFO | central_bank_scraper | Saved RBA Speeches: Fireside Chat at the Investment Magazine 2026 Chair Forum
2026-06-03 02:28:12,309 | INFO | central_bank_scraper | Saved RBA Speeches: Monetary Policy Decision
2026-06-03 02:28:13,975 | INFO | central_bank_scraper | Saved RBA Speeches: Interview with ABC’s Business Editor Michael Janda
2026-06-03 02:28:15,657 | INFO | central_bank_scraper | Saved RBA Speeches: Resilience, Innovation and the Future of the Payments System
2026-06-03 02:28:17,362 | INFO | central_bank_scraper | Saved RBA Speeches: Interview With Ladies Finance Club
2026-06-03 02:28:19,056 | INFO | central_bank_scraper | Saved RBA Speeches: Financial Stability in Practice: The Role of the Reserve Bank of Australia
2026-06-03 02:28:20,745 | INFO | central_bank_scraper | Saved RBA Speeches: Monetary Policy Decision
2026-06-03 02:28:22,452 | INFO | central_bank_scraper | Saved RBA Speeches: How Developments in International Financial Markets Shape Financial Conditions in Australia
2026-06-03 02:28:24,125 | INFO | central_bank_scraper | Saved RBA Speeches: Remarks at the Australian Industry Group Executive Luncheon
2026-06-03 02:28:25,795 | INFO | central_bank_scraper | Saved RBA Speeches: Fireside Chat at the Women in Finance Summit
2026-06-03 02:28:27,529 | INFO | central_bank_scraper | Saved RBA Speeches: Interview with Reuters
2026-06-03 02:28:29,197 | INFO | central_bank_scraper | Saved RBA Speeches: The Outlook for Financial Stability – Globally and in Australia
2026-06-03 02:28:30,881 | INFO | central_bank_scraper | Saved RBA Speeches: On the Rail or Off to the Races? The Outlook for the Australian Economy
2026-06-03 02:28:32,662 | INFO | central_bank_scraper | Saved RBA Speeches: Monetary Policy Decision
2026-06-03 02:28:34,329 | INFO | central_bank_scraper | Saved RBA Speeches: Fireside Chat at the ABE Annual Dinner
2026-06-03 02:28:35,984 | INFO | central_bank_scraper | Saved RBA Speeches: Building Bridges in the Digital Economy: Modernising Australia’s Payments System
2026-06-03 02:28:37,748 | INFO | central_bank_scraper | Saved RBA Speeches: Managing Systemic Liquidity Risk
2026-06-03 02:28:39,426 | INFO | central_bank_scraper | Saved RBA Speeches: Australian Financial Conditions – How Do We Judge How Tight or Easy They Are?
2026-06-03 02:28:41,117 | INFO | central_bank_scraper | Saved RBA Speeches: Fireside Chat at Nomura 100 th Anniversary Event
2026-06-03 02:28:42,791 | INFO | central_bank_scraper | Saved RBA Speeches: Why Productivity Matters for Central Bankers
2026-06-03 02:28:44,467 | INFO | central_bank_scraper | Saved RBA Speeches: Interview with Money News, Nine Radio
2026-06-03 02:28:46,220 | INFO | central_bank_scraper | Saved RBA Speeches: Exchanges With Evan Lucas
2026-06-03 02:28:47,871 | INFO | central_bank_scraper | Saved RBA Speeches: The Evolving Global Payments Landscape: Challenges and Opportunities for Australia and the Broader Asia-Pacific Region
2026-06-03 02:28:49,542 | INFO | central_bank_scraper | Saved RBA Speeches: Monetary Policy Decision
2026-06-03 02:28:51,214 | INFO | central_bank_scraper | Saved RBA Speeches: Opening Statement to the House of Representatives Standing Committee on Economics
2026-06-03 02:28:52,898 | INFO | central_bank_scraper | Saved RBA Speeches: Fireside Chat at the Intersekt 2025 Conference
2026-06-03 02:28:54,578 | INFO | central_bank_scraper | Saved RBA Speeches: A Hedge Between Keeps Friendship Green: Could Global Fragmentation Change the Way Australian Investors Think About Currency Risk?
2026-06-03 02:28:56,281 | INFO | central_bank_scraper | Saved RBA Speeches: Fireside Chat at the 2025 AFIA Conference
2026-06-03 02:28:57,955 | INFO | central_bank_scraper | Saved RBA Speeches: Anti-fragility and the Financial System
2026-06-03 02:28:59,625 | INFO | central_bank_scraper | Saved RBA Speeches: Technology and the Future of Central Banking at the RBA
2026-06-03 02:29:01,315 | INFO | central_bank_scraper | Saved RBA Speeches: Monetary Policy Decision
2026-06-03 02:29:02,994 | INFO | central_bank_scraper | Saved RBA Speeches: Fireside Chat at the Barrenjoey Economic Forum
2026-06-03 02:29:04,673 | INFO | central_bank_scraper | Saved RBA Speeches: The RBA’s Dual Mandate – Inflation and Employment
2026-06-03 02:29:06,401 | INFO | central_bank_scraper | Saved RBA Speeches: What Has Australian Macroeconomic Thought Achieved in the Past Century – And Where Can it Contribute in the Next?
2026-06-03 02:29:08,107 | INFO | central_bank_scraper | Saved RBA Speeches: Monetary Policy Decision
2026-06-03 02:29:09,785 | INFO | central_bank_scraper | Saved RBA Speeches: Australia’s Bond Market in a Volatile World
2026-06-03 02:29:11,555 | INFO | central_bank_scraper | Saved RBA Speeches: Joining the Dots: Exploring Australia’s Economic Links with the World Economy
2026-06-03 02:29:13,231 | INFO | central_bank_scraper | Saved RBA Speeches: Open the Door and See the Mountain: Reflections from a Recent Trip to China
2026-06-03 02:29:15,103 | INFO | central_bank_scraper | Saved RBA Speeches: Monetary Policy Decision
2026-06-03 02:29:16,770 | INFO | central_bank_scraper | Saved RBA Speeches: Australia’s External Position and the Evolution of the FX Markets
2026-06-03 02:29:18,452 | INFO | central_bank_scraper | Saved RBA Speeches: Women’s Economic Empowerment in Australia
2026-06-03 02:29:20,125 | INFO | central_bank_scraper | Saved RBA Speeches: The RBA’s Monetary Policy Implementation System – Some Important Updates
2026-06-03 02:29:21,878 | INFO | central_bank_scraper | Saved RBA Speeches: Monetary Policy Decision
2026-06-03 02:29:23,543 | INFO | central_bank_scraper | Saved RBA Speeches: Fireside Chat at Australian Payments Plus Beyond Tomorrow
2026-06-03 02:29:25,208 | INFO | central_bank_scraper | Saved RBA Speeches: Monetary Policy: Forward Looking and Data Dependent in the Face of Uncertainty
2026-06-03 02:29:26,937 | INFO | central_bank_scraper | Saved RBA Speeches: Panel Participation at the 2025 International Institute of Finance (IIF) Australia Forum
2026-06-03 02:29:28,626 | INFO | central_bank_scraper | Saved RBA Speeches: Monetary Policy in a VUCA World
2026-06-03 02:29:30,302 | INFO | central_bank_scraper | Saved RBA Speeches: Why Productivity Matters
2026-06-03 02:29:31,966 | INFO | central_bank_scraper | Saved RBA Speeches: Fireside Chat at DLT-Enabled
2026-06-03 02:29:33,640 | INFO | central_bank_scraper | Saved RBA Speeches: Opening Statement to the House of Representatives Standing Committee on Economics
2026-06-03 02:29:35,405 | INFO | central_bank_scraper | Saved RBA Speeches: Interview with Bloomberg Australia
2026-06-03 02:29:37,094 | INFO | central_bank_scraper | Saved RBA Speeches: Monetary Policy Decision
2026-06-03 02:29:38,768 | INFO | central_bank_scraper | Saved RBA Speeches: Fireside Chat at Conexus 2025 Superannuation Chair Forum
2026-06-03 02:29:40,469 | INFO | central_bank_scraper | Saved RBA Speeches: Shedding Light on Uncertainty: Using Scenarios in Forecasting and Policy
2026-06-03 02:29:42,163 | INFO | central_bank_scraper | Saved RBA Speeches: The Future of the Payments System
2026-06-03 02:29:43,841 | INFO | central_bank_scraper | Saved RBA Speeches: Panel Discussion – The Future of Account-to-Account Payments in Australia
2026-06-03 02:29:45,551 | INFO | central_bank_scraper | Saved RBA Speeches: The Ghost of Christmas Yet to Come
2026-06-03 02:29:47,223 | INFO | central_bank_scraper | Saved RBA Speeches: Monetary Policy Decision
2026-06-03 02:29:48,921 | INFO | central_bank_scraper | Saved RBA Speeches: A Stocktake of Securitisation in Australia
2026-06-03 02:29:50,595 | INFO | central_bank_scraper | Saved RBA Speeches: Economic Conditions and the RBA’s Transformation
2026-06-03 02:29:52,284 | INFO | central_bank_scraper | Saved RBA Speeches: Fireside Chat at the Women in Payments Symposium
2026-06-03 02:29:53,974 | INFO | central_bank_scraper | Saved RBA Speeches: The Financial System and Monetary Policy in Australia
2026-06-03 02:29:55,675 | INFO | central_bank_scraper | Saved RBA Speeches: Panel Participation at the ASIC Annual Forum
2026-06-03 02:29:57,362 | INFO | central_bank_scraper | Saved RBA Speeches: Panel Participation at the ASIC Annual Forum
2026-06-03 02:29:59,023 | INFO | central_bank_scraper | Saved RBA Speeches: Panel Participation at the Regulators 2024 (FINSIA)
2026-06-03 02:30:00,783 | INFO | central_bank_scraper | Saved RBA Speeches: Monetary Policy Decision
2026-06-03 02:30:02,460 | INFO | central_bank_scraper | Saved RBA Speeches: Fireside Chat at the CBA 2024 Global Markets Conference
2026-06-03 02:30:04,142 | INFO | central_bank_scraper | Saved RBA Speeches: Inflation Expectations – Why They Matter and How They Are Formed
2026-06-03 02:30:05,804 | INFO | central_bank_scraper | Saved RBA Speeches: Panel Participation at the Macquarie University
2026-06-03 02:30:07,464 | INFO | central_bank_scraper | Saved RBA Speeches: A Review of the RBA’s Term Funding Facility
2026-06-03 02:30:09,168 | INFO | central_bank_scraper | Saved RBA Speeches: From the Shadows to the Podium: Central Banks and the Press
2026-06-03 02:30:10,844 | INFO | central_bank_scraper | Saved RBA Speeches: Monetary Policy Decision
2026-06-03 02:30:12,556 | INFO | central_bank_scraper | Saved RBA Speeches: Financial Innovation and the Future of CBDC in Australia
2026-06-03 02:30:14,251 | INFO | central_bank_scraper | Saved RBA Speeches: Understanding the Journey to Full Employment
2026-06-03 02:30:15,925 | INFO | central_bank_scraper | Saved RBA Speeches: Panel Participation
2026-06-03 02:30:17,589 | INFO | central_bank_scraper | Saved RBA Speeches: The Costs of High Inflation
2026-06-03 02:30:19,276 | INFO | central_bank_scraper | Saved RBA Speeches: Interview With The Conversation Podcast
2026-06-03 02:30:20,948 | INFO | central_bank_scraper | Saved RBA Speeches: Opening Statement to the House of Representatives Standing Committee on Economics
2026-06-03 02:30:22,630 | INFO | central_bank_scraper | Saved RBA Speeches: Beware False Prophets
2026-06-03 02:30:24,392 | INFO | central_bank_scraper | Saved RBA Speeches: Economic Conditions in Post-Pandemic Australia with a Regional Lens
2026-06-03 02:30:26,073 | INFO | central_bank_scraper | Saved RBA Speeches: Monetary Policy Decision
2026-06-03 02:30:27,723 | INFO | central_bank_scraper | Saved RBA Speeches: Remarks at the Pacific Banking Forum 2024 Dinner
2026-06-03 02:30:29,457 | INFO | central_bank_scraper | Saved RBA Speeches: Strangers in Paradise
2026-06-03 02:30:31,110 | INFO | central_bank_scraper | Saved RBA Speeches: Restrictive Financial Conditions in Australia
2026-06-03 02:30:32,776 | INFO | central_bank_scraper | Saved RBA Speeches: Monetary Policy Decision
2026-06-03 02:30:34,508 | INFO | central_bank_scraper | Saved RBA Speeches: Online Retail Payments – Some Policy Issues
2026-06-03 02:30:36,213 | INFO | central_bank_scraper | Saved RBA Speeches: Fireside Chat at the Australia’s Economic Outlook
2026-06-03 02:30:37,884 | INFO | central_bank_scraper | Saved RBA Speeches: Fireside Chat at the Australasian Investor Relations Association (AIRA) Annual Conference
2026-06-03 02:30:39,576 | INFO | central_bank_scraper | Saved RBA Speeches: The State of Economics
2026-06-03 02:30:41,234 | INFO | central_bank_scraper | Saved RBA Speeches: Housing Market Cycles and Fundamentals
2026-06-03 02:30:42,940 | INFO | central_bank_scraper | Saved RBA Speeches: Monetary Policy Decision
2026-06-03 02:30:44,624 | INFO | central_bank_scraper | Saved RBA Speeches: Financing SME Innovation in Australia – Challenges and Opportunities
2026-06-03 02:30:46,304 | INFO | central_bank_scraper | Saved RBA Speeches: The Future System for Monetary Policy Implementation
2026-06-03 02:30:48,006 | INFO | central_bank_scraper | Saved RBA Speeches: Fireside Chat at the AFR Banking Summit
2026-06-03 02:30:49,685 | INFO | central_bank_scraper | Saved RBA Speeches: Monetary Policy Decision
2026-06-03 02:30:51,349 | INFO | central_bank_scraper | Saved RBA Speeches: Panel Participation at the AFR Business Summit
2026-06-03 02:30:53,042 | INFO | central_bank_scraper | Saved RBA Speeches: The Outlook for Inflation and Employment
2026-06-03 02:30:54,710 | INFO | central_bank_scraper | Saved RBA Speeches: Opening Statement to the House of Representatives Standing Committee on Economics
2026-06-03 02:30:56,378 | INFO | central_bank_scraper | Saved RBA Speeches: Monetary Policy Decision
2026-06-03 02:30:58,058 | INFO | central_bank_scraper | Saved RBA Speeches: Bagehot and the Lender of Last Resort – 150 Years On – Sydney
2026-06-03 02:30:59,755 | INFO | central_bank_scraper | Saved RBA Speeches: Modernising Australia's Payments System – Sydney
2026-06-03 02:31:01,425 | INFO | central_bank_scraper | Saved RBA Speeches: Financial Stability and the Financial Health of Australian Mortgagors – Sydney
2026-06-03 02:31:03,134 | INFO | central_bank_scraper | Saved RBA Speeches: Adoption of General-purpose Technologies (GPT) in Australia: The Role of Skills
2026-06-03 02:31:04,812 | INFO | central_bank_scraper | Saved RBA Speeches: Panel Participation at the HKMA-BIS High-Level Conference – Hong Kong
2026-06-03 02:31:06,489 | INFO | central_bank_scraper | Saved RBA Speeches: A Monetary Policy Fit for the Future – Sydney
2026-06-03 02:31:08,158 | INFO | central_bank_scraper | Saved RBA Speeches: Australian Securitisation Markets: Responding to Change – Sydney
2026-06-03 02:31:09,877 | INFO | central_bank_scraper | Saved RBA Speeches: Panel Participation at the ASIC Annual Forum – Melbourne
2026-06-03 02:31:11,576 | INFO | central_bank_scraper | Saved RBA Speeches: The Outlook for the Australian Economy – Sydney
2026-06-03 02:31:13,259 | INFO | central_bank_scraper | Saved RBA Speeches: Panel Participation at the Regulators 2023 (FINSIA) – Sydney
2026-06-03 02:31:14,945 | INFO | central_bank_scraper | Saved RBA Speeches: Emerging Threats to Financial Stability – New Challenges for the Next Decade – Sydney
2026-06-03 02:31:16,660 | INFO | central_bank_scraper | Saved RBA Speeches: Monetary Policy in Australia: Complementarities and Trade-offs – Sydney
2026-06-03 02:31:18,339 | INFO | central_bank_scraper | Saved RBA Speeches: The Extraordinary Decline in Australia's Net Foreign Liabilities – Sydney
2026-06-03 02:31:20,012 | INFO | central_bank_scraper | Saved RBA Speeches: Fireside Chat at the AFSA Annual Summit Panel – Sydney
2026-06-03 02:31:21,713 | INFO | central_bank_scraper | Saved RBA Speeches: A Tokenised Future for the Australian Financial System? – Sydney
2026-06-03 02:31:23,375 | INFO | central_bank_scraper | Saved RBA Speeches: Channels of Transmission – Sydney
2026-06-03 02:31:25,030 | INFO | central_bank_scraper | Saved RBA Speeches: Reading Through the Lines: Price-setting Indicators From Earnings Calls
2026-06-03 02:31:26,742 | INFO | central_bank_scraper | Saved RBA Speeches: Some Closing Remarks – Sydney
2026-06-03 02:31:28,411 | INFO | central_bank_scraper | Saved RBA Speeches: Climate Change and Central Banks – Canberra
2026-06-03 02:31:30,069 | INFO | central_bank_scraper | Saved RBA Speeches: Opening Statement to the House of Representatives Standing Committee on Economics – Canberra
2026-06-03 02:31:31,827 | INFO | central_bank_scraper | Saved RBA Speeches: Australian Financial Markets and Climate Change – Sydney
2026-06-03 02:31:33,482 | INFO | central_bank_scraper | Saved RBA Speeches: The Reserve Bank Review and Monetary Policy – Brisbane
2026-06-03 02:31:35,156 | INFO | central_bank_scraper | Saved RBA Speeches: Achieving Full Employment – Newcastle
2026-06-03 02:31:36,899 | INFO | central_bank_scraper | Saved RBA Speeches: Panel Participation at the ISDA/AFMA Derivatives Forum – Sydney
2026-06-03 02:31:38,586 | INFO | central_bank_scraper | Saved RBA Speeches: Panel Participation at the Australian Banking Association Annual Conference – Sydney
2026-06-03 02:31:40,290 | INFO | central_bank_scraper | Saved RBA Speeches: A Narrow Path – Sydney
2026-06-03 02:31:41,968 | INFO | central_bank_scraper | Saved RBA Speeches: Australian Fixed Income Markets – Recent Developments and a Look Ahead – Tokyo
2026-06-03 02:31:43,671 | INFO | central_bank_scraper | Saved RBA Speeches: The Why, How and What of Forecasting – Perth
2026-06-03 02:31:45,346 | INFO | central_bank_scraper | Saved RBA Speeches: Remarks at the Reserve Bank Board Dinner – Perth
2026-06-03 02:31:47,005 | INFO | central_bank_scraper | Saved RBA Speeches: Reserve Bank Review – Sydney
2026-06-03 02:31:48,764 | INFO | central_bank_scraper | Saved RBA Speeches: Panel Participation at the WEAI Monetary Panel – Melbourne
2026-06-03 02:31:50,475 | INFO | central_bank_scraper | Saved RBA Speeches: Monetary Policy, Demand and Supply – Sydney
2026-06-03 02:31:52,168 | INFO | central_bank_scraper | Saved RBA Speeches: The Shift to Electronic Payments – Some Policy Issues – Sydney
2026-06-03 02:31:53,833 | INFO | central_bank_scraper | Saved RBA Speeches: Long and Variable Monetary Policy Lags – Sydney
2026-06-03 02:31:55,553 | INFO | central_bank_scraper | Saved RBA Speeches: Inflation and Recent Economic Data – Sydney
2026-06-03 02:31:57,227 | INFO | central_bank_scraper | Saved RBA Speeches: The Importance of Liaison
2026-06-03 02:31:58,889 | INFO | central_bank_scraper | Saved RBA Speeches: Opening Statement to the House of Representatives Standing Committee on Economics – Canberra
2026-06-03 02:32:00,556 | INFO | central_bank_scraper | Saved RBA Speeches: Opening Statement to the Senate Select Committee on the Cost of Living – Sydney
2026-06-03 02:32:02,229 | INFO | central_bank_scraper | Saved RBA Speeches: An Efficient, Competitive and Safe Payments System – Sydney
2026-06-03 02:32:03,918 | INFO | central_bank_scraper | Saved RBA Speeches: The Economics of a Central Bank Digital Currency in Australia – Sydney
2026-06-03 02:32:05,598 | INFO | central_bank_scraper | Saved RBA Speeches: Securitisation: Past, Present and Future – Sydney
2026-06-03 02:32:07,266 | INFO | central_bank_scraper | Saved RBA Speeches: Why Research Matters
2026-06-03 02:32:08,926 | INFO | central_bank_scraper | Saved RBA Speeches: Price Stability, the Supply Side and Prosperity – Melbourne
2026-06-03 02:32:10,646 | INFO | central_bank_scraper | Saved RBA Speeches: The Economic Outlook – Sydney
2026-06-03 02:32:12,324 | INFO | central_bank_scraper | Saved RBA Speeches: Panel Participation at the ASIC Annual Forum on ‘Wholesale Market Conditions and Resilience’ – Sydney
2026-06-03 02:32:13,989 | INFO | central_bank_scraper | Saved RBA Speeches: Remarks at the Reserve Bank Board Dinner – Hobart
2026-06-03 02:32:15,797 | INFO | central_bank_scraper | Saved RBA Speeches: Exchange Rates and Inflationary Pressures – Sydney
2026-06-03 02:32:17,463 | INFO | central_bank_scraper | Saved RBA Speeches: Policymaking at the Reserve Bank – Sydney
2026-06-03 02:32:19,138 | INFO | central_bank_scraper | Saved RBA Speeches: The Neutral Rate: The Pole-star Casts Faint Light – Sydney
2026-06-03 02:32:20,887 | INFO | central_bank_scraper | Saved RBA Speeches: A Matter of Diversity – Macquarie University
2026-06-03 02:32:22,561 | INFO | central_bank_scraper | Saved RBA Speeches: Review of the Bond Purchase Program – Sydney
2026-06-03 02:32:24,229 | INFO | central_bank_scraper | Saved RBA Speeches: Interest Rates and the Property Market – Sydney
2026-06-03 02:32:25,898 | INFO | central_bank_scraper | Saved RBA Speeches: Opening Statement to the House of Representatives Standing Committee on Economics – Canberra
2026-06-03 02:32:27,579 | INFO | central_bank_scraper | Saved RBA Speeches: Inflation and the Monetary Policy Framework – Sydney
2026-06-03 02:32:29,255 | INFO | central_bank_scraper | Saved RBA Speeches: Panel Participation at the Intersekt Festival 2022 – Melbourne
2026-06-03 02:32:30,941 | INFO | central_bank_scraper | Saved RBA Speeches: Climate Change Risk in the Financial System – Sydney
2026-06-03 02:32:32,599 | INFO | central_bank_scraper | Saved RBA Speeches: Inflation, Productivity and the Future of Money – Melbourne
2026-06-03 02:32:34,288 | INFO | central_bank_scraper | Saved RBA Speeches: How Are Households Placed for Interest Rate Increases? – Brisbane
2026-06-03 02:32:35,962 | INFO | central_bank_scraper | Saved RBA Speeches: Panel Participation at the G20 Side Events Series Gala Seminar Central Bank Digital Currency and Crypto-Assets – Bali
2026-06-03 02:32:37,623 | INFO | central_bank_scraper | Saved RBA Speeches: Panel Participation at the UBS Panel discussion Central Banks and Inflation – Zurich
2026-06-03 02:32:39,293 | INFO | central_bank_scraper | Saved RBA Speeches: Inflation and Monetary Policy – Sydney
2026-06-03 02:32:40,943 | INFO | central_bank_scraper | Saved RBA Speeches: Monetary Policy and the Economy
2026-06-03 02:32:42,601 | INFO | central_bank_scraper | Saved RBA Speeches: Housing in the Endemic Phase – Sydney
2026-06-03 02:32:44,321 | INFO | central_bank_scraper | Saved RBA Speeches: From QE to QT – The next phase in the Reserve Bank's Bond Purchase Program – Sydney
2026-06-03 02:32:45,973 | INFO | central_bank_scraper | Saved RBA Speeches: Panel Participation at the Regulators 2022 (FINSIA) – Sydney
2026-06-03 02:32:47,619 | INFO | central_bank_scraper | Saved RBA Speeches: Today's Monetary Policy Decision – Sydney
2026-06-03 02:32:49,311 | INFO | central_bank_scraper | Saved RBA Speeches: Real-time Payments in Australia – ICC, Sydney
2026-06-03 02:32:51,011 | INFO | central_bank_scraper | Saved RBA Speeches: Appearance at the Walkley Awards for Business Journalism 2021 – Sydney
2026-06-03 02:32:52,716 | INFO | central_bank_scraper | Saved RBA Speeches: Opening address at Banking 2022 Conference
2026-06-03 02:32:54,425 | INFO | central_bank_scraper | Saved RBA Speeches: Panel Participation at the Economic Implications of the Digital Economy Conference – Sydney
2026-06-03 02:32:56,099 | INFO | central_bank_scraper | Saved RBA Speeches: Recent Economic Developments – Sydney
2026-06-03 02:32:57,821 | INFO | central_bank_scraper | Saved RBA Speeches: Changes to the Reserve Bank's Open Market Operations – Sydney
2026-06-03 02:32:59,531 | INFO | central_bank_scraper | Saved RBA Speeches: Role of the Financial Sector in Sustaining the Recovery – Remarks to G20 Meeting in Indonesia – Online
2026-06-03 02:33:01,200 | INFO | central_bank_scraper | Saved RBA Speeches: Opening Statement to the House of Representatives Standing Committee on Economics – Online
2026-06-03 02:33:02,909 | INFO | central_bank_scraper | Saved RBA Speeches: The Year Ahead – Sydney
2026-06-03 02:33:04,584 | INFO | central_bank_scraper | Saved RBA Speeches: The RBA and the Australian Economy – Wagga Wagga
2026-06-03 02:33:06,284 | INFO | central_bank_scraper | Saved RBA Speeches: Evolving Bank and Systemic Risk – Online
2026-06-03 02:33:07,959 | INFO | central_bank_scraper | Saved RBA Speeches: Climate Change – Financial Risks and Opportunities
2026-06-03 02:33:09,631 | INFO | central_bank_scraper | Saved RBA Speeches: Payments: The Future? – Online
2026-06-03 02:33:11,297 | INFO | central_bank_scraper | Saved RBA Speeches: Fireside Chat at ACI Australia Conference – Sydney
2026-06-03 02:33:12,960 | INFO | central_bank_scraper | Saved RBA Speeches: The Indigenous Economy in Australia and the Reserve Bank of Australia – Online
2026-06-03 02:33:14,616 | INFO | central_bank_scraper | Saved RBA Speeches: Panel Participation at Women in Payments on ‘The Future of Payments in Australia’ – Online
2026-06-03 02:33:16,273 | INFO | central_bank_scraper | Saved RBA Speeches: Panel Participation at Women in Payments on ‘Central Bank Digital Currencies’ – Online
2026-06-03 02:33:18,042 | INFO | central_bank_scraper | Saved RBA Speeches: Panel Participation at Australian Securitisation Forum Virtual Conference 2021 on ‘Transition to Risk Free Rates – the Future of BBSW’ – Online
2026-06-03 02:33:19,715 | INFO | central_bank_scraper | Saved RBA Speeches: Australian Securities Markets Through the Pandemic – Online
2026-06-03 02:33:21,379 | INFO | central_bank_scraper | Saved RBA Speeches: Innovation and Dynamism in the Post-pandemic World – Webinar
2026-06-03 02:33:23,053 | INFO | central_bank_scraper | Saved RBA Speeches: The Future of Payments: Cryptocurrencies, Stablecoins or Central Bank Digital Currencies? – Online
2026-06-03 02:33:24,744 | INFO | central_bank_scraper | Saved RBA Speeches: Recent Trends in Inflation – Online and Sydney
2026-06-03 02:33:26,435 | INFO | central_bank_scraper | Saved RBA Speeches: Opening Remarks to the Inquiry on Housing Affordability and Supply in Australia – Videoconference
2026-06-03 02:33:28,132 | INFO | central_bank_scraper | Saved RBA Speeches: Panel Participation at Impact X Sydney Summit on ‘Disclosure as a Catalyst for Climate Investment and Opportunity’ – Online
2026-06-03 02:33:29,808 | INFO | central_bank_scraper | Saved RBA Speeches: Today's Monetary Policy Decision – Online
2026-06-03 02:33:31,511 | INFO | central_bank_scraper | Saved RBA Speeches: Universidad De Chile Conference on Central Bank Independence, Mandates and Policies – Webinar
2026-06-03 02:33:33,191 | INFO | central_bank_scraper | Saved RBA Speeches: Climate Risks and the Australian Financial System – Virtual Conference
2026-06-03 02:33:34,854 | INFO | central_bank_scraper | Saved RBA Speeches: The Housing Market and Financial Stability – Online
2026-06-03 02:33:36,536 | INFO | central_bank_scraper | Saved RBA Speeches: Delta, the Economy and Monetary Policy – Online
2026-06-03 02:33:38,214 | INFO | central_bank_scraper | Saved RBA Speeches: Priorities of EMEAP and Update on Global FX Code of Conduct – Virtual Conference
2026-06-03 02:33:39,875 | INFO | central_bank_scraper | Saved RBA Speeches: The FX Global Code – Hybrid Conference
2026-06-03 02:33:41,626 | INFO | central_bank_scraper | Saved RBA Speeches: Updates to the FX Global Code – Virtual Conference
2026-06-03 02:33:43,298 | INFO | central_bank_scraper | Saved RBA Speeches: Opening Statement to the House of Representatives Standing Committee on Economics – Online
2026-06-03 02:33:44,948 | INFO | central_bank_scraper | Saved RBA Speeches: The FX Global Code – Virtual Conference
2026-06-03 02:33:46,642 | INFO | central_bank_scraper | Saved RBA Speeches: The Labour Market and Monetary Policy – Online
2026-06-03 02:33:48,300 | INFO | central_bank_scraper | Saved RBA Speeches: Today's Monetary Policy Decision – Online
2026-06-03 02:33:49,968 | INFO | central_bank_scraper | Saved RBA Speeches: Lessons and Lasting Effects of the Pandemic – Adelaide
2026-06-03 02:33:51,697 | INFO | central_bank_scraper | Saved RBA Speeches: From Recovery to Expansion – Toowoomba
2026-06-03 02:33:53,346 | INFO | central_bank_scraper | Saved RBA Speeches: The Term Funding Facility, Other Policy Measures, and Financial Conditions – Online
2026-06-03 02:33:55,001 | INFO | central_bank_scraper | Saved RBA Speeches: Monetary Policy During COVID-19
2026-06-03 02:33:56,724 | INFO | central_bank_scraper | Saved RBA Speeches: Uncertainty and Risk Aversion – Before and After the Pandemic – Canberra
2026-06-03 02:33:58,418 | INFO | central_bank_scraper | Saved RBA Speeches: Monetary Policy During COVID – Online
2026-06-03 02:34:00,074 | INFO | central_bank_scraper | Saved RBA Speeches: The End of Libor and the Australian Market – Online
2026-06-03 02:34:01,743 | INFO | central_bank_scraper | Saved RBA Speeches: Small Businesses Finance in the Pandemic – Sydney
2026-06-03 02:34:03,410 | INFO | central_bank_scraper | Saved RBA Speeches: Opening Remarks – Online
2026-06-03 02:34:05,120 | INFO | central_bank_scraper | Saved RBA Speeches: The Recovery, Investment and Monetary Policy – Sydney
2026-06-03 02:34:06,789 | INFO | central_bank_scraper | Saved RBA Speeches: FX Markets Around the Turn of the Year – Webinar
2026-06-03 02:34:08,449 | INFO | central_bank_scraper | Saved RBA Speeches: Opening Statement to the House of Representatives Standing Committee on Economics – Canberra
2026-06-03 02:34:10,150 | INFO | central_bank_scraper | Saved RBA Speeches: The Year Ahead – Canberra
2026-06-03 02:34:11,835 | INFO | central_bank_scraper | Saved RBA Speeches: Liquidity – Sydney
2026-06-03 02:34:13,527 | INFO | central_bank_scraper | Saved RBA Speeches: Building on Strong Foundations – Sydney
2026-06-03 02:34:15,297 | INFO | central_bank_scraper | Saved RBA Speeches: Summary
2026-06-03 02:34:16,964 | INFO | central_bank_scraper | Saved RBA Speeches: The Domestic Outlook and the Role of Mining – Sydney
2026-06-03 02:34:18,663 | INFO | central_bank_scraper | Saved RBA Speeches: Economic Possibilities – Melbourne
2026-06-03 02:34:20,408 | INFO | central_bank_scraper | Saved RBA Speeches: Summary
2026-06-03 02:34:22,168 | INFO | central_bank_scraper | Saved RBA Speeches: The Business Cycle in Australia – Sydney
2026-06-03 02:34:23,870 | INFO | central_bank_scraper | Saved RBA Speeches: The Securitisation Market – Sydney
2026-06-03 02:34:25,607 | INFO | central_bank_scraper | Saved RBA Speeches: Issues in Payments Systems – Sydney
2026-06-03 02:34:27,288 | INFO | central_bank_scraper | Saved RBA Speeches: Summary
2026-06-03 02:34:28,942 | INFO | central_bank_scraper | Saved RBA Speeches: Investing in a Low Interest Rate World – Sydney
2026-06-03 02:34:30,599 | INFO | central_bank_scraper | Saved RBA Speeches: Summary
2026-06-03 02:34:32,322 | INFO | central_bank_scraper | Saved RBA Speeches: Ageing and Australia's Economic Outlook – Adelaide
2026-06-03 02:34:34,065 | INFO | central_bank_scraper | Saved RBA Speeches: Volatility and Market Pricing – Sydney
2026-06-03 02:34:35,765 | INFO | central_bank_scraper | Saved RBA Speeches: Future Directions in Financial Stability Analysis: Learning from Others, Learning from the Past – Sydney
2026-06-03 02:34:37,471 | INFO | central_bank_scraper | Saved RBA Speeches: Opening Remarks – Inquiry into Affordable Housing – Canberra
2026-06-03 02:34:39,153 | INFO | central_bank_scraper | Saved RBA Speeches: Remarks to the Melbourne Economic Forum on Financial System Reform and the Monetary System – Melbourne
2026-06-03 02:34:40,827 | INFO | central_bank_scraper | Saved RBA Speeches: Summary
2026-06-03 02:34:42,547 | INFO | central_bank_scraper | Saved RBA Speeches: Non-mining Business Investment – Where to from here? – Sydney
2026-06-03 02:34:44,309 | INFO | central_bank_scraper | Saved RBA Speeches: The Economic Scene – Adelaide
2026-06-03 02:34:46,062 | INFO | central_bank_scraper | Saved RBA Speeches: Opening Statement to House of Representatives Standing Committee on Economics – Brisbane
2026-06-03 02:34:47,755 | INFO | central_bank_scraper | Saved RBA Speeches: Australia's RMB Policies and Future Direction – Sydney
2026-06-03 02:34:49,404 | INFO | central_bank_scraper | Saved RBA Speeches: Summary
2026-06-03 02:34:51,081 | INFO | central_bank_scraper | Saved RBA Speeches: Challenges for Economic Policy – Sydney
2026-06-03 02:34:52,747 | INFO | central_bank_scraper | Saved RBA Speeches: Summary
2026-06-03 02:34:54,493 | INFO | central_bank_scraper | Saved RBA Speeches: Collateral and Liquidity: Striking the Right Balance – Sydney
2026-06-03 02:34:56,195 | INFO | central_bank_scraper | Saved RBA Speeches: Reforming and Financing the Post-crisis Future – Melbourne
2026-06-03 02:34:57,923 | INFO | central_bank_scraper | Saved RBA Speeches: Economic Update – Hobart
2026-06-03 02:34:59,613 | INFO | central_bank_scraper | Saved RBA Speeches: Future of Money – London
2026-06-03 02:35:01,317 | INFO | central_bank_scraper | Saved RBA Speeches: Cyclical and Structural Changes in the Labour Market – Sydney
2026-06-03 02:35:03,010 | INFO | central_bank_scraper | Saved RBA Speeches: Digital Disruption – Opportunities for Innovation and Growth – Sydney
2026-06-03 02:35:04,732 | INFO | central_bank_scraper | Saved RBA Speeches: Financial Regulation: Some Observations – San Francisco
2026-06-03 02:35:06,447 | INFO | central_bank_scraper | Saved RBA Speeches: Why Financial Stability Matters, and What We Can Do About It – Adelaide
2026-06-03 02:35:08,143 | INFO | central_bank_scraper | Saved RBA Speeches: The Way We Pay: Now and in the Future – Sydney
2026-06-03 02:35:09,914 | INFO | central_bank_scraper | Saved RBA Speeches: Capital Flows and the Australian Dollar – Adelaide
2026-06-03 02:35:11,629 | INFO | central_bank_scraper | Saved RBA Speeches: Space and Stability: Some Reflections on the Housing – Finance System – Sydney
2026-06-03 02:35:13,325 | INFO | central_bank_scraper | Saved RBA Speeches: The Australian Bond Market – Canberra
2026-06-03 02:35:15,066 | INFO | central_bank_scraper | Saved RBA Speeches: Economic Conditions and Prospects – Brisbane
2026-06-03 02:35:16,719 | INFO | central_bank_scraper | Saved RBA Speeches: The Economic Outlook – Hong Kong
2026-06-03 02:35:18,369 | INFO | central_bank_scraper | Saved RBA Speeches: Summary
2026-06-03 02:35:20,083 | INFO | central_bank_scraper | Saved RBA Speeches: Some Implications of the Internationalisation of the Renminbi – Sydney
2026-06-03 02:35:21,763 | INFO | central_bank_scraper | Saved RBA Speeches: Opportunities and Challenges for Market-based Financing – Sydney
2026-06-03 02:35:23,424 | INFO | central_bank_scraper | Saved RBA Speeches: Summary
2026-06-03 02:35:25,123 | INFO | central_bank_scraper | Saved RBA Speeches: Reflections on the Financial Crisis – Gold Coast
2026-06-03 02:35:26,842 | INFO | central_bank_scraper | Saved RBA Speeches: Demographics, Productivity and Innovation – Sydney
2026-06-03 02:35:28,589 | INFO | central_bank_scraper | Saved RBA Speeches: Opening Statement to House of Representatives
 Standing Committee on Economics – Sydney
2026-06-03 02:35:30,336 | INFO | central_bank_scraper | Saved RBA Speeches: The Resources Boom and the Australian Dollar – Sydney
2026-06-03 02:35:32,059 | INFO | central_bank_scraper | Saved RBA Speeches: Opening Statement to House of Representatives Standing Committee on Economics – Canberra
2026-06-03 02:35:33,804 | INFO | central_bank_scraper | Saved RBA Speeches: Remarks on Liquidity – Sydney
2026-06-03 02:35:35,489 | INFO | central_bank_scraper | Saved RBA Speeches: The Australian Dollar: Thirty Years of Floating – Sydney
2026-06-03 02:35:37,194 | INFO | central_bank_scraper | Saved RBA Speeches: Remarks to the Centre for International Finance and Regulation (CIFR) Forum on Perspectives on Financial Markets – Sydney
2026-06-03 02:35:38,980 | INFO | central_bank_scraper | Saved RBA Speeches: Developments in Secured Issuance and RBA Reporting Initiatives – Sydney
2026-06-03 02:35:40,693 | INFO | central_bank_scraper | Saved RBA Speeches: Remarks to the International Monetary Fund Research Conference – Washington, DC
2026-06-03 02:35:42,365 | INFO | central_bank_scraper | Saved RBA Speeches: Investment and the Australian Economy – Melbourne
2026-06-03 02:35:44,104 | INFO | central_bank_scraper | Saved RBA Speeches: The United Kingdom and Australia: Shared History, Shared Outlook – Sydney
2026-06-03 02:35:45,801 | INFO | central_bank_scraper | Saved RBA Speeches: Stability, Efficiency, Diversity: Implications for the Financial Sector and Policy – Sydney
2026-06-03 02:35:47,491 | INFO | central_bank_scraper | Saved RBA Speeches: The Impact of Payments System and Prudential Reforms on the RBA's Provision of Liquidity – Sydney
2026-06-03 02:35:49,255 | INFO | central_bank_scraper | Saved RBA Speeches: Remarks at the Funding Australia's Future Forum – Sydney
2026-06-03 02:35:50,966 | INFO | central_bank_scraper | Saved RBA Speeches: Economic Policy after the Booms – Sydney
2026-06-03 02:35:52,690 | INFO | central_bank_scraper | Saved RBA Speeches: Remarks at the Launch of Funding Australia's Future – Sydney
2026-06-03 02:35:54,456 | INFO | central_bank_scraper | Saved RBA Speeches: Some Tensions in Financial Regulation – Sydney
2026-06-03 02:35:56,161 | INFO | central_bank_scraper | Saved RBA Speeches: The Financial Stability Role of Central Banks – Sydney
2026-06-03 02:35:57,847 | INFO | central_bank_scraper | Saved RBA Speeches: The Journey of Financial Reform – Shanghai
2026-06-03 02:35:59,590 | INFO | central_bank_scraper | Saved RBA Speeches: Housing and Mortgage Markets: The Long Run, the Short Run and the Uncertainty in Between – Sydney
2026-06-03 02:36:01,297 | INFO | central_bank_scraper | Saved RBA Speeches: Funding the Resources Investment Boom – Canberra
2026-06-03 02:36:02,995 | INFO | central_bank_scraper | Saved RBA Speeches: Financing the Asian Century – Sydney
2026-06-03 02:36:04,769 | INFO | central_bank_scraper | Saved RBA Speeches: The Outlook for Business Investment in Australia – Sydney
2026-06-03 02:36:06,455 | INFO | central_bank_scraper | Saved RBA Speeches: Financial Regulation: Australia in the Global Landscape – Sydney
2026-06-03 02:36:08,122 | INFO | central_bank_scraper | Saved RBA Speeches: The Financial System in the Post-crisis Environment – Melbourne
2026-06-03 02:36:09,880 | INFO | central_bank_scraper | Saved RBA Speeches: Internal Balance, Structural Change and Monetary Policy – Sydney
2026-06-03 02:36:11,590 | INFO | central_bank_scraper | Saved RBA Speeches: Some Recent (and not so recent) Trends in Australian Debt Markets – Sydney
2026-06-03 02:36:13,299 | INFO | central_bank_scraper | Saved RBA Speeches: Recent Developments in the Australian Housing Market – Sydney
2026-06-03 02:36:15,006 | INFO | central_bank_scraper | Saved RBA Speeches: The Reserve Bank's Operations in Financial Markets – Adelaide
2026-06-03 02:36:16,682 | INFO | central_bank_scraper | Saved RBA Speeches: Opening Statement to House of Representatives Standing Committee on Economics – Canberra
2026-06-03 02:36:18,405 | INFO | central_bank_scraper | Saved RBA Speeches: Reflections on China and Mining Investment in Australia – Perth
2026-06-03 02:36:20,155 | INFO | central_bank_scraper | Saved RBA Speeches: Challenges for Central Banking – Bangkok
2026-06-03 02:36:21,854 | INFO | central_bank_scraper | Saved RBA Speeches: Macroeconomics at the Melbourne Institute – Melbourne
2026-06-03 02:36:23,603 | INFO | central_bank_scraper | Saved RBA Speeches: What is Normal? – Sydney
2026-06-03 02:36:25,326 | INFO | central_bank_scraper | Saved RBA Speeches: Remarks to Parliamentary Joint Committee on the Australian Commission for Law Enforcement Integrity – Canberra
2026-06-03 02:36:27,030 | INFO | central_bank_scraper | Saved RBA Speeches: Producing Prosperity – Melbourne
2026-06-03 02:36:28,725 | INFO | central_bank_scraper | Saved RBA Speeches: The Outlook for Dwelling Investment – Sydney
2026-06-03 02:36:30,449 | INFO | central_bank_scraper | Saved RBA Speeches: Australia and the World – Sydney
2026-06-03 02:36:32,119 | INFO | central_bank_scraper | Saved RBA Speeches: Five Years of Financial Crisis – Sydney
2026-06-03 02:36:33,793 | INFO | central_bank_scraper | Saved RBA Speeches: Enhancing Information on Securitisation – Sydney
2026-06-03 02:36:35,502 | INFO | central_bank_scraper | Saved RBA Speeches: OTC Derivatives Regulation – Sydney
2026-06-03 02:36:37,221 | INFO | central_bank_scraper | Saved RBA Speeches: Macroprudential Policy: A Suite of Tools or a State of Mind? – Sydney
2026-06-03 02:36:38,908 | INFO | central_bank_scraper | Saved RBA Speeches: The Labour Market, Structural Change and Recent Economic Developments – Hobart
2026-06-03 02:36:40,578 | INFO | central_bank_scraper | Saved RBA Speeches: Credo et Fido : Credit and Trust – Melbourne
2026-06-03 02:36:42,336 | INFO | central_bank_scraper | Saved RBA Speeches: Implications for the Australian Economy of Strong Growth in Asia – Canberra
2026-06-03 02:36:44,071 | INFO | central_bank_scraper | Saved RBA Speeches: Regulatory Reforms and their Implications for Financial Markets, Funding Costs and Monetary Policy – Adelaide
2026-06-03 02:36:45,743 | INFO | central_bank_scraper | Saved RBA Speeches: Opening Statement to House of Representatives Standing Committee on Economics – Canberra
2026-06-03 02:36:47,409 | INFO | central_bank_scraper | Saved RBA Speeches: The Lucky Country – Sydney
2026-06-03 02:36:49,101 | INFO | central_bank_scraper | Saved RBA Speeches: Bank Regulation and the Future of Banking – Melbourne
2026-06-03 02:36:50,865 | INFO | central_bank_scraper | Saved RBA Speeches: The Glass Half Full – Adelaide
2026-06-03 02:36:52,574 | INFO | central_bank_scraper | Saved RBA Speeches: Developments in the Mining and Non-mining Economies – Melbourne
2026-06-03 02:36:54,270 | INFO | central_bank_scraper | Saved RBA Speeches: Moderator's Opening Remarks for Panel Discussion on Mortgage Finance – Atlanta
2026-06-03 02:36:56,079 | INFO | central_bank_scraper | Saved RBA Speeches: Inertia and Coordination Problems in Payment Networks – Kansas City
2026-06-03 02:36:57,745 | INFO | central_bank_scraper | Saved RBA Speeches: Bank Funding – Sydney
2026-06-03 02:36:59,454 | INFO | central_bank_scraper | Saved RBA Speeches: The Current Agenda in Retail Payments Regulation – Sydney
2026-06-03 02:37:01,222 | INFO | central_bank_scraper | Saved RBA Speeches: Economic Conditions and Prospects – Hong Kong
2026-06-03 02:37:02,924 | INFO | central_bank_scraper | Saved RBA Speeches: The Changing Structure of the Australian Economy and Monetary Policy – Sydney
2026-06-03 02:37:04,572 | INFO | central_bank_scraper | Saved RBA Speeches: Opening Statement to House of Representatives Standing Committee on Economics – Sydney
2026-06-03 02:37:06,326 | INFO | central_bank_scraper | Saved RBA Speeches: Prudent Mortgage Lending Standards Help Ensure Financial Stability – Sydney
2026-06-03 02:37:08,016 | INFO | central_bank_scraper | Saved RBA Speeches: The Forces Shaping the Economy Over 2012 – Sydney
2026-06-03 02:37:09,744 | INFO | central_bank_scraper | Saved RBA Speeches: On Europe's Effects on Australian Financial Markets – Sydney
2026-06-03 02:37:11,546 | INFO | central_bank_scraper | Saved RBA Speeches: European Financial Developments – Sydney
2026-06-03 02:37:13,242 | INFO | central_bank_scraper | Saved RBA Speeches: The Inaugural Warren Hogan Memorial Lecture – Sydney
2026-06-03 02:37:14,889 | INFO | central_bank_scraper | Saved RBA Speeches: On the Use of Forecasts – Sydney
2026-06-03 02:37:16,617 | INFO | central_bank_scraper | Saved RBA Speeches: The Committed Liquidity Facility – Sydney
2026-06-03 02:37:18,281 | INFO | central_bank_scraper | Saved RBA Speeches: The Present and Possible Future of Secured Issuance – Sydney
2026-06-03 02:37:19,956 | INFO | central_bank_scraper | Saved RBA Speeches: Opening Remarks to the Institute of Internal Auditors Financial Services Forum – Sydney
2026-06-03 02:37:21,740 | INFO | central_bank_scraper | Saved RBA Speeches: World Prices and the Australian Farm Sector – Melbourne
2026-06-03 02:37:23,401 | INFO | central_bank_scraper | Saved RBA Speeches: Economic and Financial Developments – Sydney
2026-06-03 02:37:25,090 | INFO | central_bank_scraper | Saved RBA Speeches: The Challenge of Central Clearing in OTC Derivatives Markets – Sydney
2026-06-03 02:37:26,855 | INFO | central_bank_scraper | Saved RBA Speeches: Bank Funding – Sydney
2026-06-03 02:37:28,561 | INFO | central_bank_scraper | Saved RBA Speeches: The Platypus Moment: Rents, Risks and the Right Responses – Sydney
2026-06-03 02:37:30,269 | INFO | central_bank_scraper | Saved RBA Speeches: High Frequency Trading in Foreign Exchange Markets – Sydney
2026-06-03 02:37:31,935 | INFO | central_bank_scraper | Saved RBA Speeches: Changing Patterns in Household Saving and Spending – Sydney
2026-06-03 02:37:33,620 | INFO | central_bank_scraper | Saved RBA Speeches: Will Australia Catch a US Cold? – New York
2026-06-03 02:37:35,400 | INFO | central_bank_scraper | Saved RBA Speeches: Still Interesting Times – Perth
2026-06-03 02:37:37,051 | INFO | central_bank_scraper | Saved RBA Speeches: The RBA's Thinking on the Economy Over the Past Year – Sydney
2026-06-03 02:37:38,712 | INFO | central_bank_scraper | Saved RBA Speeches: Remarks to Property Council of Australia – Darwin
2026-06-03 02:37:40,457 | INFO | central_bank_scraper | Saved RBA Speeches: In Defence of Current Account Deficits – Adelaide
2026-06-03 02:37:42,141 | INFO | central_bank_scraper | Saved RBA Speeches: Inflation: The Recent Past and the Future – Adelaide
2026-06-03 02:37:43,821 | INFO | central_bank_scraper | Saved RBA Speeches: Recent Financial Developments – Sydney
2026-06-03 02:37:45,557 | INFO | central_bank_scraper | Saved RBA Speeches: America, Australia, Asia and the World Economy – New York
2026-06-03 02:37:47,226 | INFO | central_bank_scraper | Saved RBA Speeches: Basel III and Beyond – Sydney
2026-06-03 02:37:48,974 | INFO | central_bank_scraper | Saved RBA Speeches: The Australian Bond Market in 2011 and Beyond – Sydney
2026-06-03 02:37:50,745 | INFO | central_bank_scraper | Saved RBA Speeches: The State of Things – London
2026-06-03 02:37:52,457 | INFO | central_bank_scraper | Saved RBA Speeches: Changing Relative Prices and the Structure of the Australian Economy – Sydney
2026-06-03 02:37:54,128 | INFO | central_bank_scraper | Saved RBA Speeches: The Resources Boom – Melbourne
2026-06-03 02:37:55,857 | INFO | central_bank_scraper | Saved RBA Speeches: Some Current Issues in the Australian Economy – Sydney
2026-06-03 02:37:57,592 | INFO | central_bank_scraper | Saved RBA Speeches: Bank Funding and Capital Flows – Sydney
2026-06-03 02:37:59,263 | INFO | central_bank_scraper | Saved RBA Speeches: Opening Statement to Senate Economics References Committee Inquiry into Competition in the Australian Banking Sector – Sydney
2026-06-03 02:38:01,072 | INFO | central_bank_scraper | Saved RBA Speeches: Forecasting in an Uncertain World – Sydney
2026-06-03 02:38:02,770 | INFO | central_bank_scraper | Saved RBA Speeches: The State of Play in the Securitisation Market – Sydney
2026-06-03 02:38:04,469 | INFO | central_bank_scraper | Saved RBA Speeches: Economic Developments – Perth
2026-06-03 02:38:06,165 | INFO | central_bank_scraper | Saved RBA Speeches: Cross-currents in the Global Economy – Canberra
2026-06-03 02:38:07,860 | INFO | central_bank_scraper | Saved RBA Speeches: Remarks to Finsia Financial Services Conference – Sydney
2026-06-03 02:38:09,563 | INFO | central_bank_scraper | Saved RBA Speeches: Financial Developments – Brisbane
2026-06-03 02:38:11,267 | INFO | central_bank_scraper | Saved RBA Speeches: Financial Stability: Review and Response – Brisbane
2026-06-03 02:38:12,989 | INFO | central_bank_scraper | Saved RBA Speeches: Monetary Policy and the Regions – Shepparton
2026-06-03 02:38:14,692 | INFO | central_bank_scraper | Saved RBA Speeches: The Development of Asia: Risk and Returns for Australia – Sydney
2026-06-03 02:38:16,409 | INFO | central_bank_scraper | Saved RBA Speeches: The Financial Situation Three Years On – Sydney
2026-06-03 02:38:18,118 | INFO | central_bank_scraper | Saved RBA Speeches: On Risk and Uncertainty – Sydney
2026-06-03 02:38:19,883 | INFO | central_bank_scraper | Saved RBA Speeches: Twenty Years of Economic Growth – Redcliffe, Queensland
2026-06-03 02:38:21,604 | INFO | central_bank_scraper | Saved RBA Speeches: The Role of Finance – Perth
2026-06-03 02:38:23,296 | INFO | central_bank_scraper | Saved RBA Speeches: Some Longer-run Consequences of the Financial Crisis – Sydney
2026-06-03 02:38:25,016 | INFO | central_bank_scraper | Saved RBA Speeches: Aspects of Australia's Finances – Sydney
2026-06-03 02:38:26,732 | INFO | central_bank_scraper | Saved RBA Speeches: Recent Developments – Sydney
2026-06-03 02:38:28,441 | INFO | central_bank_scraper | Saved RBA Speeches: Competition in the Deposit Market – Sydney
2026-06-03 02:38:30,136 | INFO | central_bank_scraper | Saved RBA Speeches: Recent Developments in the Housing Market and its Financing – Sydney
2026-06-03 02:38:31,855 | INFO | central_bank_scraper | Saved RBA Speeches: Recent Economic Developments – Sydney
2026-06-03 02:38:33,518 | INFO | central_bank_scraper | Saved RBA Speeches: Economic Conditions and Prospects – Toowoomba
2026-06-03 02:38:35,223 | INFO | central_bank_scraper | Saved RBA Speeches: The State of the Mortgage Market – Sydney
2026-06-03 02:38:36,934 | INFO | central_bank_scraper | Saved RBA Speeches: Recent Financial Developments – Sydney
2026-06-03 02:38:38,598 | INFO | central_bank_scraper | Saved RBA Speeches: Recent Developments in the Global and Australian Economies – Sydney
2026-06-03 02:38:40,342 | INFO | central_bank_scraper | Saved RBA Speeches: Competition and Regulation in the Card Payments Market – Sydney
2026-06-03 02:38:42,133 | INFO | central_bank_scraper | Saved RBA Speeches: Some Challenges for the Future – Sydney
2026-06-03 02:38:43,799 | INFO | central_bank_scraper | Saved RBA Speeches: Mining Booms and the Australian Economy – Sydney
2026-06-03 02:38:45,487 | INFO | central_bank_scraper | Saved RBA Speeches: The Current Economic Landscape – Sydney
2026-06-03 02:38:47,301 | INFO | central_bank_scraper | Saved RBA Speeches: The Evolving Financial Situation – Sydney
2026-06-03 02:38:48,972 | INFO | central_bank_scraper | Saved RBA Speeches: Address to the Reserve Bank of Australia's 50th Anniversary Gala Dinner – Sydney
2026-06-03 02:38:50,705 | INFO | central_bank_scraper | Saved RBA Speeches: Some Comments on Bank Funding – Sydney
2026-06-03 02:38:52,525 | INFO | central_bank_scraper | Saved RBA Speeches: The Australian Foreign Exchange Market
 in the Recovery – Sydney
2026-06-03 02:38:54,232 | INFO | central_bank_scraper | Saved RBA Speeches: Developments in Financial Regulation – Sydney
2026-06-03 02:38:55,905 | INFO | central_bank_scraper | Saved RBA Speeches: Housing and the Economy – Melbourne
2026-06-03 02:38:57,684 | INFO | central_bank_scraper | Saved RBA Speeches: Remarks to Minter Ellison Financial
 Services Industry Forum – Sydney
2026-06-03 02:38:59,393 | INFO | central_bank_scraper | Saved RBA Speeches: Whither Securitisation? – Sydney
2026-06-03 02:39:01,152 | INFO | central_bank_scraper | Saved RBA Speeches: Reconnecting Corporate Australia with Frozen Credit Markets – Sydney
2026-06-03 02:39:02,883 | INFO | central_bank_scraper | Saved RBA Speeches: The Development and Resilience of Financial Systems in Asia – Perth
2026-06-03 02:39:04,572 | INFO | central_bank_scraper | Saved RBA Speeches: Australia's Foreign Trade and Investment Relationships – Perth
2026-06-03 02:39:06,261 | INFO | central_bank_scraper | Saved RBA Speeches: The Road to Prosperity – Melbourne
2026-06-03 02:39:08,049 | INFO | central_bank_scraper | Saved RBA Speeches: The
 Growth of Asia and Some Implications for Australia – Sydney
2026-06-03 02:39:09,766 | INFO | central_bank_scraper | Saved RBA Speeches: The Conduct of Monetary Policy in Crisis and Recovery – Perth
2026-06-03 02:39:11,453 | INFO | central_bank_scraper | Saved RBA Speeches: Financial System Developments in Australia and Abroad – Sydney
2026-06-03 02:39:13,164 | INFO | central_bank_scraper | Saved RBA Speeches: Remarks to the Whitlam Institute Forum – Sydney
2026-06-03 02:39:14,816 | INFO | central_bank_scraper | Saved RBA Speeches: Remarks to the Mortgage Finance Industry Association, Industry Leaders Panel Forum – Melbourne
2026-06-03 02:39:16,555 | INFO | central_bank_scraper | Saved RBA Speeches: Economic Update – Townsville
2026-06-03 02:39:18,353 | INFO | central_bank_scraper | Saved RBA Speeches: Australia and Canada – Comparing Notes on Recent Experiences – Sydney
2026-06-03 02:39:20,105 | INFO | central_bank_scraper | Saved RBA Speeches: The Australian Experience with Inflation Targeting – Rio de Janeiro
2026-06-03 02:39:21,814 | INFO | central_bank_scraper | Saved RBA Speeches: The Road to Recovery – Adelaide
2026-06-03 02:39:23,571 | INFO | central_bank_scraper | Saved RBA Speeches: The Global Financial Crisis: Causes, Consequences and Countermeasures – Melbourne
2026-06-03 02:39:25,268 | INFO | central_bank_scraper | Saved RBA Speeches: Some Effects of the Global Financial Crisis on Australian Financial Markets – Sydney
2026-06-03 02:39:26,956 | INFO | central_bank_scraper | Saved RBA Speeches: An Update on the Economy and Financial Developments – Brisbane
2026-06-03 02:39:28,680 | INFO | central_bank_scraper | Saved RBA Speeches: Conditions
 and Prospects in the Housing
 Sector – Sydney
2026-06-03 02:39:30,332 | INFO | central_bank_scraper | Saved RBA Speeches: Public Policy and the Payments System – Melbourne
2026-06-03 02:39:31,982 | INFO | central_bank_scraper | Saved RBA Speeches: Payments System Reforms: Innovation and Competition – Sydney
2026-06-03 02:39:33,747 | INFO | central_bank_scraper | Saved RBA Speeches: The Financial Crisis and Its Effects – Sydney
2026-06-03 02:39:35,458 | INFO | central_bank_scraper | Saved RBA Speeches: The Economic Landscape in 2009 – Sydney
2026-06-03 02:39:37,169 | INFO | central_bank_scraper | Saved RBA Speeches: The Global Outlook – Sydney
2026-06-03 02:39:38,921 | INFO | central_bank_scraper | Saved RBA Speeches: Recent Conditions in the Australian Foreign Exchange Market – Sydney
2026-06-03 02:39:40,620 | INFO | central_bank_scraper | Saved RBA Speeches: Financial System Developments and their Implications for the Conduct of
 Monetary Policy – Kuala Lumpur
2026-06-03 02:39:42,325 | INFO | central_bank_scraper | Saved RBA Speeches: Interesting Times – Sydney
2026-06-03 02:39:44,119 | INFO | central_bank_scraper | Saved RBA Speeches: The Economic Situation – Melbourne
2026-06-03 02:39:45,865 | INFO | central_bank_scraper | Saved RBA Speeches: The Economy in Late 2008: Conditions and Prospects – Sydney
2026-06-03 02:39:47,573 | INFO | central_bank_scraper | Saved RBA Speeches: Market Operations in the Past Year – Melbourne
2026-06-03 02:39:49,350 | INFO | central_bank_scraper | Saved RBA Speeches: An Update on Household Finances – Sydney
2026-06-03 02:39:51,044 | INFO | central_bank_scraper | Saved RBA Speeches: Australia, New Zealand and the International Economy – Sydney
2026-06-03 02:39:52,749 | INFO | central_bank_scraper | Saved RBA Speeches: The Directors’ Cut: Four Important Long-run Themes – Sydney
2026-06-03 02:39:54,548 | INFO | central_bank_scraper | Saved RBA Speeches: Opening Statement to House of Representatives Standing Committee
 on Economics – Melbourne
2026-06-03 02:39:56,214 | INFO | central_bank_scraper | Saved RBA Speeches: The Importance of Financial Literacy – Sydney
2026-06-03 02:39:57,911 | INFO | central_bank_scraper | Saved RBA Speeches: Opening Comments to House of Representatives
 Standing Committee on Economics Inquiry into Competition in
 the Banking and Non-Banking Sectors – Sydney
2026-06-03 02:39:59,698 | INFO | central_bank_scraper | Saved RBA Speeches: The Financial Cycle and Recent Developments in the Australian Financial System – Sydney
2026-06-03 02:40:01,403 | INFO | central_bank_scraper | Saved RBA Speeches: Challenges for Economic Policy – Sydney
2026-06-03 02:40:03,095 | INFO | central_bank_scraper | Saved RBA Speeches: Remarks to Commemorate the 150th Anniversary of Bendigo Bank – Bendigo
2026-06-03 02:40:04,869 | INFO | central_bank_scraper | Saved RBA Speeches: Economic Conditions – Melbourne
2026-06-03 02:40:06,570 | INFO | central_bank_scraper | Saved RBA Speeches: The Preliminary Conclusions of the Payments System Review – Hamilton Island
2026-06-03 02:40:08,325 | INFO | central_bank_scraper | Saved RBA Speeches: A Comparison of the US and Australian Housing Markets – Adelaide
2026-06-03 02:40:10,122 | INFO | central_bank_scraper | Saved RBA Speeches: The Australian Economy: Then and Now – Sydney
2026-06-03 02:40:11,864 | INFO | central_bank_scraper | Saved RBA Speeches: Liquidity and the Lender of Last Resort – Canberra
2026-06-03 02:40:13,573 | INFO | central_bank_scraper | Saved RBA Speeches: Monetary Policy and Inflation: How Does it Work? – Canberra
2026-06-03 02:40:15,356 | INFO | central_bank_scraper | Saved RBA Speeches: Recent Developments in the Australian Bond Market – Sydney
2026-06-03 02:40:17,066 | INFO | central_bank_scraper | Saved RBA Speeches: The Evolving Economic Outlook – Sydney
2026-06-03 02:40:18,782 | INFO | central_bank_scraper | Saved RBA Speeches: Talk to CEDA Economic and Political Overview 2008 – Sydney
2026-06-03 02:40:20,500 | INFO | central_bank_scraper | Saved RBA Speeches: Economic Prospects in 2008: An Antipodean View – London
2026-06-03 02:40:22,228 | INFO | central_bank_scraper | Saved RBA Speeches: Opening Remarks to the 20th Australasian Finance and Banking Conference – Sydney
2026-06-03 02:40:23,936 | INFO | central_bank_scraper | Saved RBA Speeches: Central Bank Communication – Sydney
2026-06-03 02:40:25,667 | INFO | central_bank_scraper | Saved RBA Speeches: Some Observations on Financial Trends – Melbourne
2026-06-03 02:40:27,390 | INFO | central_bank_scraper | Saved RBA Speeches: Remarks at the Launch of the 2007 Australian
 Financial Markets Report and the Invest Australia Gold Book – Sydney
2026-06-03 02:40:29,090 | INFO | central_bank_scraper | Saved RBA Speeches: Asia, Australia and Financial Markets – Sydney
2026-06-03 02:40:30,849 | INFO | central_bank_scraper | Saved RBA Speeches: Opening Statement to House of Representatives Standing Committee
 on Economics, Finance and Public Administration – Gold Coast
2026-06-03 02:40:32,564 | INFO | central_bank_scraper | Saved RBA Speeches: The Asian Crisis: A Retrospective – Sydney
2026-06-03 02:40:34,319 | INFO | central_bank_scraper | Saved RBA Speeches: Australia's Experience with Financial Deregulation – Melbourne
2026-06-03 02:40:36,035 | INFO | central_bank_scraper | Saved RBA Speeches: Non-Banks in the Payments System: A Central Bank Perspective – Santa Fe
2026-06-03 02:40:37,748 | INFO | central_bank_scraper | Saved RBA Speeches: Australia in the Global Economy – Sydney
2026-06-03 02:40:39,469 | INFO | central_bank_scraper | Saved RBA Speeches: The Australian Economy in 2007 – Sydney
2026-06-03 02:40:41,258 | INFO | central_bank_scraper | Saved RBA Speeches: Opening Statement to House of Representatives
 Standing Committee on Economics, Finance and Public Administration – Perth
2026-06-03 02:40:42,962 | INFO | central_bank_scraper | Saved RBA Speeches: Finance and Economic Development – Melbourne
2026-06-03 02:40:44,664 | INFO | central_bank_scraper | Saved RBA Speeches: The Australian Foreign Exchange Market – Sydney
2026-06-03 02:40:46,548 | INFO | central_bank_scraper | Saved RBA Speeches: The Central Bank and the Payment System – Sydney
2026-06-03 02:40:48,262 | INFO | central_bank_scraper | Saved RBA Speeches: Economic Conditions and Prospects – Sydney
2026-06-03 02:40:49,968 | INFO | central_bank_scraper | Saved RBA Speeches: Capital Flows and Monetary Policy – Singapore
2026-06-03 02:40:51,711 | INFO | central_bank_scraper | Saved RBA Speeches: Risk and the Financial System – Hong Kong
2026-06-03 02:40:53,398 | INFO | central_bank_scraper | Saved RBA Speeches: Risk Measurement – A Central Bank Perspective – Melbourne
2026-06-03 02:40:55,058 | INFO | central_bank_scraper | Saved RBA Speeches: Developments in Australian Retail Finance – Sydney
2026-06-03 02:40:56,829 | INFO | central_bank_scraper | Saved RBA Speeches: Opening Statement to House of Representatives Standing Committee on Economics,
 Finance and Public Administration – Sydney
2026-06-03 02:40:58,522 | INFO | central_bank_scraper | Saved RBA Speeches: The Conduct of Monetary Policy – Sydney
2026-06-03 02:41:00,290 | INFO | central_bank_scraper | Saved RBA Speeches: Opening Statement to House of Representatives Standing Committee on Economics,
 Finance and Public Administration – The Australian Payments System – Sydney
2026-06-03 02:41:02,071 | INFO | central_bank_scraper | Saved RBA Speeches: The Evolution and Regulation of the Payments System – Melbourne
2026-06-03 02:41:03,780 | INFO | central_bank_scraper | Saved RBA Speeches: Talk to AIG ‘Economy 2006’ – Sydney
2026-06-03 02:41:05,470 | INFO | central_bank_scraper | Saved RBA Speeches: The Australian Economy – Prospects for 2006 and Beyond – Sydney
2026-06-03 02:41:07,167 | INFO | central_bank_scraper | Saved RBA Speeches: Some Observations on Recent Economic and Financial Trends – Melbourne
2026-06-03 02:41:08,896 | INFO | central_bank_scraper | Saved RBA Speeches: Opening Statement to House of Representatives Standing Committee on Economics,
 Finance and Public Administration – Canberra
2026-06-03 02:41:10,583 | INFO | central_bank_scraper | Saved RBA Speeches: Opening Remarks to The 18th Australasian Finance and Banking Conference 2005 – Sydney
2026-06-03 02:41:12,333 | INFO | central_bank_scraper | Saved RBA Speeches: Some Observations on Recent Economic Developments – Sydney
2026-06-03 02:41:14,023 | INFO | central_bank_scraper | Saved RBA Speeches: Finance and the Ageing Population – Gold Coast
2026-06-03 02:41:15,729 | INFO | central_bank_scraper | Saved RBA Speeches: Governance Arrangements for Effective Public Financial Policies:
 A Central Banker's Perspective – Melbourne
2026-06-03 02:41:17,518 | INFO | central_bank_scraper | Saved RBA Speeches: Asian Financial Co-operation – Sydney
2026-06-03 02:41:19,228 | INFO | central_bank_scraper | Saved RBA Speeches: Economic Conditions and Prospects: October 2005 – Hobart
2026-06-03 02:41:20,931 | INFO | central_bank_scraper | Saved RBA Speeches: Innovation and Governance of Payment Systems – Sydney
2026-06-03 02:41:22,650 | INFO | central_bank_scraper | Saved RBA Speeches: Opening Statement to House of Representatives Standing Committee on Economics, Finance and Public Administration – Melbourne
2026-06-03 02:41:24,308 | INFO | central_bank_scraper | Saved RBA Speeches: The Challenge of Ageing Populations – Sydney
2026-06-03 02:41:26,031 | INFO | central_bank_scraper | Saved RBA Speeches: Global
 Influences on the Australian
 Economy – Sydney
2026-06-03 02:41:27,791 | INFO | central_bank_scraper | Saved RBA Speeches: Payments Imbalances – Beijing
2026-06-03 02:41:29,514 | INFO | central_bank_scraper | Saved RBA Speeches: Payments System Reform: The Australian Experience – Santa Fe
2026-06-03 02:41:31,241 | INFO | central_bank_scraper | Saved RBA Speeches: The Changing Statistical Needs of Central Banks – Sydney
2026-06-03 02:41:32,966 | INFO | central_bank_scraper | Saved RBA Speeches: Gresham's Law of Payments – Sydney
2026-06-03 02:41:34,659 | INFO | central_bank_scraper | Saved RBA Speeches: Notes for a Talk to AIG Economy 2005 – Sydney
2026-06-03 02:41:36,381 | INFO | central_bank_scraper | Saved RBA Speeches: Reform of the Payments System – Werribee
2026-06-03 02:41:38,092 | INFO | central_bank_scraper | Saved RBA Speeches: Notes for a Talk to CEDA/Promina Economic and Political Overview – Sydney
2026-06-03 02:41:39,790 | INFO | central_bank_scraper | Saved RBA Speeches: Recent Developments in Asian Bond Markets – Sydney
2026-06-03 02:41:41,497 | INFO | central_bank_scraper | Saved RBA Speeches: Economic and Financial Conditions December 2004 – Sydney
2026-06-03 02:41:43,263 | INFO | central_bank_scraper | Saved RBA Speeches: Monetary Policy and Financial Stability – Melbourne
2026-06-03 02:41:44,916 | INFO | central_bank_scraper | Saved RBA Speeches: Geography, Resources or Institutions? – Melbourne
2026-06-03 02:41:46,622 | INFO | central_bank_scraper | Saved RBA Speeches: Better Than A Coin Toss? The Thankless Task of Economic Forecasting – Melbourne
2026-06-03 02:41:48,420 | INFO | central_bank_scraper | Saved RBA Speeches: Economic Conditions and Prospects: June 2004 – Brisbane
2026-06-03 02:41:50,116 | INFO | central_bank_scraper | Saved RBA Speeches: Regional Financial Arrangements: Recent Developments – Sydney
2026-06-03 02:41:51,808 | INFO | central_bank_scraper | Saved RBA Speeches: The World Economy and its Implications for Australia – Sydney
2026-06-03 02:41:53,603 | INFO | central_bank_scraper | Saved RBA Speeches: Economic Issues in 2004 – Sydney
2026-06-03 02:41:55,358 | INFO | central_bank_scraper | Saved RBA Speeches: Recent Issues for the Conduct of Monetary Policy – Sydney
2026-06-03 02:41:57,045 | INFO | central_bank_scraper | Saved RBA Speeches: Opening Statement to House of Representatives Standing Committee on Economics,
 Finance and Public Administration – Brisbane
2026-06-03 02:41:58,840 | INFO | central_bank_scraper | Saved RBA Speeches: Economic Opportunities and Risks over the Coming Decades – Melbourne
2026-06-03 02:42:00,577 | INFO | central_bank_scraper | Saved RBA Speeches: Asia's Role in Australia's Economic Future – Sydney
2026-06-03 02:42:02,270 | INFO | central_bank_scraper | Saved RBA Speeches: Structural Change and the Conduct of Monetary Policy – Jackson Hole
2026-06-03 02:42:04,054 | INFO | central_bank_scraper | Saved RBA Speeches: Introduction to Panel Discussion on Financial Stability: Consilium – Coolum
2026-06-03 02:42:05,756 | INFO | central_bank_scraper | Saved RBA Speeches: Notes for Talk to Business Council of Australia – Melbourne
2026-06-03 02:42:07,464 | INFO | central_bank_scraper | Saved RBA Speeches: Financial System Stability – Some Current Observations – Sydney
2026-06-03 02:42:09,250 | INFO | central_bank_scraper | Saved RBA Speeches: Inflation Targeting: A Decade of Australian Experience – Adelaide
2026-06-03 02:42:10,973 | INFO | central_bank_scraper | Saved RBA Speeches: Do Australian Households Borrow Too Much? – Sydney
2026-06-03 02:42:12,789 | INFO | central_bank_scraper | Saved RBA Speeches: Economic Performance and Issues in 2003 – Sydney
2026-06-03 02:42:14,509 | INFO | central_bank_scraper | Saved RBA Speeches: The Economic Outlook – Perth
2026-06-03 02:42:16,211 | INFO | central_bank_scraper | Saved RBA Speeches: Opening Statement to House of Representatives Standing Committee on Economics,
 Finance and Public Administration – Warrnambool
2026-06-03 02:42:17,933 | INFO | central_bank_scraper | Saved RBA Speeches: Inflation, Deflation and All That – Sydney
2026-06-03 02:42:19,645 | INFO | central_bank_scraper | Saved RBA Speeches: Monetary Policy in an Uncertain World – Melbourne
2026-06-03 02:42:21,373 | INFO | central_bank_scraper | Saved RBA Speeches: Medium-Term Economic Prospects for Australia – Sydney
2026-06-03 02:42:23,034 | INFO | central_bank_scraper | Saved RBA Speeches: The Global Economic Scene – Sydney
2026-06-03 02:42:24,701 | INFO | central_bank_scraper | Saved RBA Speeches: What Does Good Monetary Policy Look Like? – Brisbane
2026-06-03 02:42:26,396 | INFO | central_bank_scraper | Saved RBA Speeches: Relative Advance or Relative Decline? – Canberra
2026-06-03 02:42:28,096 | INFO | central_bank_scraper | Saved RBA Speeches: International Economic and Financial Issues: An RBA Perspective – Sydney
2026-06-03 02:42:29,838 | INFO | central_bank_scraper | Saved RBA Speeches: The Australian Economy: Past, Present and Future – Melbourne
2026-06-03 02:42:31,490 | INFO | central_bank_scraper | Saved RBA Speeches: Sir Leslie Melville: His Contribution to Central Banking in Australia – Canberra
2026-06-03 02:42:33,188 | INFO | central_bank_scraper | Saved RBA Speeches: Economic Performance and Issues in 2002 – Sydney
2026-06-03 02:42:35,019 | INFO | central_bank_scraper | Saved RBA Speeches: The Economic Outlook in 2002 – Adelaide
2026-06-03 02:42:36,716 | INFO | central_bank_scraper | Saved RBA Speeches: Australia and the International Cycle – Sydney
2026-06-03 02:42:38,425 | INFO | central_bank_scraper | Saved RBA Speeches: Policy Dialogue in East Asia – Canberra
2026-06-03 02:42:40,167 | INFO | central_bank_scraper | Saved RBA Speeches: The Monetary Policy Process at the RBA – Melbourne
2026-06-03 02:42:41,906 | INFO | central_bank_scraper | Saved RBA Speeches: The Movement of Interest Rates – Hobart
2026-06-03 02:42:43,588 | INFO | central_bank_scraper | Saved RBA Speeches: Monetary Policy: The End of History? – Singapore
2026-06-03 02:42:45,334 | INFO | central_bank_scraper | Saved RBA Speeches: Economic Developments at Home and Abroad – Sydney
2026-06-03 02:42:47,069 | INFO | central_bank_scraper | Saved RBA Speeches: The Economy and Monetary Policy – Melbourne
2026-06-03 02:42:48,774 | INFO | central_bank_scraper | Saved RBA Speeches: Aspects of Australia's Economic Situation – Sydney
2026-06-03 02:42:50,506 | INFO | central_bank_scraper | Saved RBA Speeches: The Australian Economy – Tokyo
2026-06-03 02:42:52,204 | INFO | central_bank_scraper | Saved RBA Speeches: Shifting Currents in the Global Economy – Melbourne
2026-06-03 02:42:53,905 | INFO | central_bank_scraper | Saved RBA Speeches: Australia's
 Strong Productivity Growth: Will
 it be Sustained? – Sydney
2026-06-03 02:42:55,700 | INFO | central_bank_scraper | Saved RBA Speeches: Opening Statement to House of Representatives Standing Committee on Economics, Finance and Public Administration – Wagga Wagga
2026-06-03 02:42:57,456 | INFO | central_bank_scraper | Saved RBA Speeches: Recent Influences on the Exchange Rate – Melbourne
2026-06-03 02:42:59,189 | INFO | central_bank_scraper | Saved RBA Speeches: Exchange Rate Regimes for Emerging Markets – Sydney
2026-06-03 02:43:00,935 | INFO | central_bank_scraper | Saved RBA Speeches: Talk to World Economic Forum Asia Pacific Economic Summit – Melbourne
2026-06-03 02:43:02,620 | INFO | central_bank_scraper | Saved RBA Speeches: Notes on East Asian Financial Co-operation – Canberra
2026-06-03 02:43:04,327 | INFO | central_bank_scraper | Saved RBA Speeches: A Medium-term Perspective on Monetary Policy – Brisbane
2026-06-03 02:43:06,044 | INFO | central_bank_scraper | Saved RBA Speeches: Globalisation and the International Financial Architecture: Writing (and Righting) the Rules – Sydney
2026-06-03 02:43:07,731 | INFO | central_bank_scraper | Saved RBA Speeches: ‘Speed Limits’, Growth and Monetary Policy – Canberra
2026-06-03 02:43:09,453 | INFO | central_bank_scraper | Saved RBA Speeches: Talk to Australian Business in Europe – London
2026-06-03 02:43:11,165 | INFO | central_bank_scraper | Saved RBA Speeches: Opening Address to Euromoney Australasian Capital Markets Forum – Sydney
2026-06-03 02:43:12,917 | INFO | central_bank_scraper | Saved RBA Speeches: Australian Financial Markets: Looking Back and Looking Ahead – Sydney
2026-06-03 02:43:14,630 | INFO | central_bank_scraper | Saved RBA Speeches: Aspects of Australian Economic Performance in 2000 – Sydney
2026-06-03 02:43:16,348 | INFO | central_bank_scraper | Saved RBA Speeches: Managing the Expansion – Melbourne
2026-06-03 02:43:18,046 | INFO | central_bank_scraper | Saved RBA Speeches: The International Economic Outlook – Melbourne
2026-06-03 02:43:18,063 | INFO | central_bank_scraper | Finished RBA: {'bank': 'RBA', 'saved': 659, 'skipped': 0, 'failed': 0}
2026-06-03 02:43:27,694 | INFO | central_bank_scraper | Starting BOJ
2026-06-03 02:43:29,224 | WARNING | central_bank_scraper | Could not verify robots.txt for https://www.boj.or.jp; got HTTP 404, continuing politely
2026-06-03 02:43:51,071 | INFO | central_bank_scraper | BOJ Monetary Policy discovered 11 candidates
2026-06-03 02:43:52,832 | INFO | central_bank_scraper | Saved BOJ Monetary Policy: Statement on Monetary Policy [PDF 92KB]
2026-06-03 02:43:54,613 | INFO | central_bank_scraper | Saved BOJ Monetary Policy: Statement on Monetary Policy [PDF 134KB]
2026-06-03 02:43:56,368 | INFO | central_bank_scraper | Saved BOJ Monetary Policy: Statement on Monetary Policy [PDF 171KB]
2026-06-03 02:43:58,247 | INFO | central_bank_scraper | Saved BOJ Monetary Policy: (Reference) Decision at the December 2025 Monetary Policy Meeting [PDF 103KB]
2026-06-03 02:44:00,031 | INFO | central_bank_scraper | Saved BOJ Monetary Policy: Change in the Guideline for Money Market Operations [PDF 223KB]
2026-06-03 02:44:01,786 | INFO | central_bank_scraper | Saved BOJ Monetary Policy: (Reference) Decisions on Disposal of ETFs and J-REITs (September 2025 MPM) [PDF 97KB]
2026-06-03 02:44:03,689 | INFO | central_bank_scraper | Saved BOJ Monetary Policy: (Reference) Plan for the Reduction of the Purchase Amount of JGBs (June 2025 MPM) [PDF 438KB]
2026-06-03 02:44:05,539 | INFO | central_bank_scraper | Saved BOJ Monetary Policy: (Reference) Decision at the January 2025 Monetary Policy Meeting [PDF 435KB]
2026-06-03 02:44:07,292 | INFO | central_bank_scraper | Saved BOJ Monetary Policy: (Reference) Review of Monetary Policy from a Broad Perspective: Summary (Updated on February 13, 2025) [PDF 233KB]
2026-06-03 02:44:10,765 | INFO | central_bank_scraper | Saved BOJ Monetary Policy: Review of Monetary Policy from a Broad Perspective (Updated on February 13, 2025) [PDF 8,374KB]
2026-06-03 02:44:12,527 | INFO | central_bank_scraper | Saved BOJ Monetary Policy: (Reference) Decisions at the July 2024 Monetary Policy Meeting [PDF 456KB]
2026-06-03 02:44:41,610 | INFO | central_bank_scraper | BOJ Speeches discovered 153 candidates
2026-06-03 02:44:43,375 | INFO | central_bank_scraper | Saved BOJ Speeches: Opening Remarks at the 2026 BOJ-IMES Conference Hosted by the Institute for Monetary and Economic Studies, Bank of Japan
2026-06-03 02:44:45,129 | INFO | central_bank_scraper | Saved BOJ Speeches: "Economic Activity, Prices, and Monetary Policy in Japan" (Speech at a Meeting with Local Leaders in Fukuoka)
2026-06-03 02:44:46,905 | INFO | central_bank_scraper | Saved BOJ Speeches: "Singleness of Money and the Role of Central Banks" (Speech at the Japan Society of Monetary Economics)
2026-06-03 02:44:48,653 | INFO | central_bank_scraper | Saved BOJ Speeches: "Promoting the Evolution and Stability of Japan's Financial System" (Remarks at the AIMA Japan Annual Forum 2026)
2026-06-03 02:44:50,402 | INFO | central_bank_scraper | Saved BOJ Speeches: "Economic Activity, Prices, and Monetary Policy in Japan" (Speech at a Meeting Held by the Kagoshima Keizai Doyukai)
2026-06-03 02:44:52,176 | INFO | central_bank_scraper | Saved BOJ Speeches: "The New Financial Ecosystem and the Role of Central Banks" (Remarks at the FIN/SUM 2026)
2026-06-03 02:44:53,939 | INFO | central_bank_scraper | Saved BOJ Speeches: "Japan's Economy and Monetary Policy" (Speech at a Meeting with Local Leaders in Wakayama)
2026-06-03 02:44:55,705 | INFO | central_bank_scraper | Saved BOJ Speeches: "Economic Activity, Prices, and Monetary Policy in Japan" (Speech at a Meeting with Local Leaders in Kyoto)
2026-06-03 02:44:57,481 | INFO | central_bank_scraper | Saved BOJ Speeches: "Economic Activity, Prices, and Monetary Policy in Japan" (Speech at a Meeting Held by the Kanagawa Keizai Doyukai)
2026-06-03 02:44:59,264 | INFO | central_bank_scraper | Saved BOJ Speeches: "Economic Activity, Prices, and Monetary Policy in Japan" (Speech at a Meeting with Local Leaders in Ehime)
2026-06-03 02:45:01,021 | INFO | central_bank_scraper | Saved BOJ Speeches: "Points Forming Lines, Evolving to Surfaces"(Opening Remarks at the 10th Meeting of the Liaison and Coordination Committee on Central Bank Digital Currency)
2026-06-03 02:45:02,785 | INFO | central_bank_scraper | Saved BOJ Speeches: "Toward the Achievement of the Price Stability Target Accompanied by Wage Increases" (Speech at the Meeting of Councillors of Keidanren (Japan Business Federation) in Tokyo)
2026-06-03 02:45:04,562 | INFO | central_bank_scraper | Saved BOJ Speeches: "Japan's Economy and Monetary Policy" (Speech at a Meeting with Business Leaders in Nagoya)
2026-06-03 02:45:06,317 | INFO | central_bank_scraper | Saved BOJ Speeches: "Economic Activity, Prices, and Monetary Policy in Japan" (Speech at a Meeting with Local Leaders in Oita)
2026-06-03 02:45:08,090 | INFO | central_bank_scraper | Saved BOJ Speeches: "Economic Activity, Prices, and Monetary Policy in Japan" (Speech at a Meeting with Local Leaders in Niigata)
2026-06-03 02:45:09,850 | INFO | central_bank_scraper | Saved BOJ Speeches: "Economic Activity, Prices, and Monetary Policy in Japan" (Speech at a Meeting of the Okayama Club Held in Okayama)
2026-06-03 02:45:11,621 | INFO | central_bank_scraper | Saved BOJ Speeches: "Prophets, Armed and Unarmed: The Roles of Power and Knowledge in International Prudential Standards" (Speech at the 2025 GZERO Summit Japan)
2026-06-03 02:45:13,434 | INFO | central_bank_scraper | Saved BOJ Speeches: "Economic Activity, Prices, and Monetary Policy in Japan: Japan as a Leading Asset Management Center" (Speech at a Meeting of the Chugoku Economic Federation Held in Hiroshima)
2026-06-03 02:45:15,249 | INFO | central_bank_scraper | Saved BOJ Speeches: "Economic Activity, Prices, and Monetary Policy in Japan" (Speech at a Meeting with Local Leaders in Okinawa)
2026-06-03 02:45:17,017 | INFO | central_bank_scraper | Saved BOJ Speeches: "Japan's Economy and Monetary Policy" (Speech at a Meeting with Business Leaders in Osaka)
2026-06-03 02:45:18,784 | INFO | central_bank_scraper | Saved BOJ Speeches: "Transformation of the Global Economy and Developments in Monetary Policy" (Speech at a Meeting Held by the Sapporo Chamber of Commerce and Industry)
2026-06-03 02:45:20,557 | INFO | central_bank_scraper | Saved BOJ Speeches: "Japan's Economy and Monetary Policy" (Speech at a Meeting with Local Leaders in Eastern Hokkaido)
2026-06-03 02:45:22,324 | INFO | central_bank_scraper | Saved BOJ Speeches: "Economic Activity, Prices, and Monetary Policy in Japan" (Speech at a Meeting with Local Leaders in Yamaguchi)
2026-06-03 02:45:24,081 | INFO | central_bank_scraper | Saved BOJ Speeches: "Japan's Labor Market under Demographic Decline: Evolving Dynamics and Macroeconomic Implications" (Remarks at the Panel on "The Policy Implications of Labor Market Transition" at the Jackson Hole Economic Policy Symposium)
2026-06-03 02:45:25,861 | INFO | central_bank_scraper | Saved BOJ Speeches: "Japan's Economy and Monetary Policy" (Speech at a Meeting with Local Leaders in Kochi)
2026-06-03 02:45:27,624 | INFO | central_bank_scraper | Saved BOJ Speeches: "Economic Activity, Prices, and Monetary Policy in Japan" (Speech at a Meeting with Local Leaders in Mie)
2026-06-03 02:45:29,398 | INFO | central_bank_scraper | Saved BOJ Speeches: "Economic Activity, Prices, and Monetary Policy in Japan" (Speech at a Meeting with Local Leaders in Fukushima)
2026-06-03 02:45:31,204 | INFO | central_bank_scraper | Saved BOJ Speeches: "The Bank of Japan from the Perspective of Business Operations" (Speech at the Japan Society of Monetary Economics)
2026-06-03 02:45:32,964 | INFO | central_bank_scraper | Saved BOJ Speeches: "Envisioning the Future of Payment Systems in the Digital Society" (Opening Remarks at the Ninth Meeting of the Liaison and Coordination Committee on Central Bank Digital Currency)
2026-06-03 02:45:34,782 | INFO | central_bank_scraper | Saved BOJ Speeches: "Economic Activity and Prices, and Monetary Policy in Japan" (Speech at a Meeting Held by the Naigai Josei Chosa Kai (Research Institute of Japan))
2026-06-03 02:45:36,585 | INFO | central_bank_scraper | Saved BOJ Speeches: Opening Remarks at the 2025 BOJ-IMES Conference Hosted by the Institute for Monetary and Economic Studies, Bank of Japan
2026-06-03 02:45:38,584 | INFO | central_bank_scraper | Saved BOJ Speeches: "Economic Activity, Prices, and Monetary Policy in Japan" (Speech at a Meeting with Local Leaders in Miyazaki)
2026-06-03 02:45:40,341 | INFO | central_bank_scraper | Saved BOJ Speeches: "Economic Activity, Prices, and Monetary Policy in Japan" (Speech at the Nishinippon Seikei Konwakai Meeting in Fukuoka)
2026-06-03 02:45:42,193 | INFO | central_bank_scraper | Saved BOJ Speeches: "Economic Activity, Prices, and Monetary Policy in Japan" (Speech at a Meeting with Local Leaders in Gunma)
2026-06-03 02:45:43,993 | INFO | central_bank_scraper | Saved BOJ Speeches: "Japan's Economy and Monetary Policy" (Speech at a Meeting with Local Leaders in Shizuoka)
2026-06-03 02:45:45,767 | INFO | central_bank_scraper | Saved BOJ Speeches: "Cross-border Capital Flows and the Role of the IMF and Central Banks in the Evolving International Monetary System" (Remarks at the IMF Event "Asia and the IMF: Resilience through Cooperation" in Tokyo)
2026-06-03 02:45:47,525 | INFO | central_bank_scraper | Saved BOJ Speeches: "Economic Activity, Prices, and Monetary Policy in Japan" (Speech at a Meeting with Local Leaders in Miyagi)
2026-06-03 02:45:49,326 | INFO | central_bank_scraper | Saved BOJ Speeches: "Economic Activity, Prices, and Monetary Policy in Japan" (Speech at a Meeting with Local Leaders in Nagano)
2026-06-03 02:45:51,119 | INFO | central_bank_scraper | Saved BOJ Speeches: "An Economy with Positive Interest Rates" (Speech at Hitotsubashi University Policy Forum)
2026-06-03 02:45:52,885 | INFO | central_bank_scraper | Saved BOJ Speeches: "Japan's Economy and Monetary Policy" (Speech at a Meeting with Local Leaders in Kanagawa)
2026-06-03 02:45:54,710 | INFO | central_bank_scraper | Saved BOJ Speeches: "Achievement of the 2 Percent Price Stability Target and Japan's Economy" (Speech at the Meeting of Councillors of Keidanren (Japan Business Federation) in Tokyo)
2026-06-03 02:45:56,494 | INFO | central_bank_scraper | Saved BOJ Speeches: "Future of Payments and the Role of Central Banks" (Speech at the Symposium for the 40th Anniversary of the Center for Financial Industry Information Systems)
2026-06-03 02:45:58,249 | INFO | central_bank_scraper | Saved BOJ Speeches: "Economic Activity, Prices, and Monetary Policy in Japan" (Speech at a Meeting with Local Leaders in Hiroshima)
2026-06-03 02:46:00,028 | INFO | central_bank_scraper | Saved BOJ Speeches: "Opportunities and Challenges for Financial Intermediation Functions Brought about by Technological Advancements" (Remarks at the Paris Europlace Financial Forum 2024 in Tokyo)
2026-06-03 02:46:01,969 | INFO | central_bank_scraper | Saved BOJ Speeches: "Japan's Economy and Monetary Policy" (Speech at a Meeting with Business Leaders in Nagoya)
2026-06-03 02:46:03,850 | INFO | central_bank_scraper | Saved BOJ Speeches: "Challenges to the Financial System during and after the Pandemic and a Way Forward" (Speech at the IADI Annual Conference)
2026-06-03 02:46:05,639 | INFO | central_bank_scraper | Saved BOJ Speeches: "Economic Activity, Prices, and Monetary Policy in Japan" (Speech at a Meeting with Local Leaders in Kagawa)
2026-06-03 02:46:07,431 | INFO | central_bank_scraper | Saved BOJ Speeches: "Economic Activity, Prices, and Monetary Policy in Japan" (Speech at a Meeting with Local Leaders in Nagasaki)
2026-06-03 02:46:09,201 | INFO | central_bank_scraper | Saved BOJ Speeches: "Japan's Economy and Monetary Policy" (Speech at a Meeting with Business Leaders in Osaka)
2026-06-03 02:46:10,984 | INFO | central_bank_scraper | Saved BOJ Speeches: "Economic Activity, Prices, and Monetary Policy in Japan" (Speech at a Meeting with Local Leaders in Okayama)
2026-06-03 02:46:12,763 | INFO | central_bank_scraper | Saved BOJ Speeches: "Economic Activity, Prices, and Monetary Policy in Japan" (Speech at a Meeting with Local Leaders in Akita)
2026-06-03 02:46:14,552 | INFO | central_bank_scraper | Saved BOJ Speeches: "Economic Activity, Prices, and Monetary Policy in Japan" (Speech at a Meeting with Local Leaders in Ishikawa)
2026-06-03 02:46:16,364 | INFO | central_bank_scraper | Saved BOJ Speeches: "Japan's Economy and Monetary Policy" (Speech at a Meeting with Local Leaders in Yamanashi)
2026-06-03 02:46:18,122 | INFO | central_bank_scraper | Saved BOJ Speeches: "Japan's Economy and Monetary Policy" (Speech at a Meeting with Local Leaders in Hakodate)
2026-06-03 02:46:19,925 | INFO | central_bank_scraper | Saved BOJ Speeches: Remarks on the Introduction of a New Series of Bank of Japan Notes
2026-06-03 02:46:21,715 | INFO | central_bank_scraper | Saved BOJ Speeches: "Economic Activity, Prices, and Monetary Policy in Japan" (Speech at a Meeting with Local Leaders in Sapporo)
2026-06-03 02:46:23,477 | INFO | central_bank_scraper | Saved BOJ Speeches: "Economic Activity, Prices, and Monetary Policy in Japan" (Speech at a Meeting with Local Leaders in Kumamoto)
2026-06-03 02:46:25,282 | INFO | central_bank_scraper | Saved BOJ Speeches: "Price Dynamics in Japan over the Past 25 Years" (Keynote Speech at the 2024 BOJ-IMES Conference Hosted by the Institute for Monetary and Economic Studies, Bank of Japan)
2026-06-03 02:46:27,039 | INFO | central_bank_scraper | Saved BOJ Speeches: Opening Remarks at the 2024 BOJ-IMES Conference Hosted by the Institute for Monetary and Economic Studies, Bank of Japan
2026-06-03 02:46:28,793 | INFO | central_bank_scraper | Saved BOJ Speeches: "Virtuous Cycle between Wages and Prices and the Bank of Japan's Monetary Policy" (Speech at a Meeting Held by the Yomiuri International Economic Society in Tokyo)
2026-06-03 02:46:30,548 | INFO | central_bank_scraper | Saved BOJ Speeches: "On the Recent Changes in the Bank of Japan's Monetary Policy Framework" (Remarks at the Peterson Institute for International Economics)
2026-06-03 02:46:32,334 | INFO | central_bank_scraper | Saved BOJ Speeches: "Economic Activity, Prices, and Monetary Policy in Japan" (Speech at a Meeting with Local Leaders in Saga)
2026-06-03 02:46:34,074 | INFO | central_bank_scraper | Saved BOJ Speeches: "Toward a More Robust and Developed Financial Market: Two "Transitions" and the Bank of Japan's Initiatives"(Speech at the ISDA 38th Annual General Meeting)
2026-06-03 02:46:35,829 | INFO | central_bank_scraper | Saved BOJ Speeches: "Economic Activity, Prices, and Monetary Policy in Japan" (Speech at a Meeting with Local Leaders in Aomori)
2026-06-03 02:46:37,599 | INFO | central_bank_scraper | Saved BOJ Speeches: "Economic Activity, Prices, and Monetary Policy in Japan" (Speech at a Meeting with Local Leaders in Shimane)
2026-06-03 02:46:39,352 | INFO | central_bank_scraper | Saved BOJ Speeches: "Progress and Challenges in the Asia-Pacific Financial System" (Speech at the 18th Asia-Pacific High-Level Meeting on Banking Supervision)
2026-06-03 02:46:41,111 | INFO | central_bank_scraper | Saved BOJ Speeches: "What to Know about Central Bank Digital Currency" (Remarks at the FIN/SUM 2024)
2026-06-03 02:46:43,004 | INFO | central_bank_scraper | Saved BOJ Speeches: "Economic Activity, Prices, and Monetary Policy in Japan" (Speech at a Meeting with Local Leaders in Shiga)
2026-06-03 02:46:44,762 | INFO | central_bank_scraper | Saved BOJ Speeches: "Japan's Economy and Monetary Policy" (Speech at a Meeting with Local Leaders in Nara)
2026-06-03 02:46:46,615 | INFO | central_bank_scraper | Saved BOJ Speeches: Full Text [PDF 329KB]
2026-06-03 02:46:48,466 | INFO | central_bank_scraper | Saved BOJ Speeches: "Wages and Prices: Past, Present, and Future" (Speech at the Meeting of Councillors of Keidanren (Japan Business Federation) in Tokyo)
2026-06-03 02:46:50,250 | INFO | central_bank_scraper | Saved BOJ Speeches: "Japan's Economy and Monetary Policy" (Speech at a Meeting with Local Leaders in Oita)
2026-06-03 02:46:52,167 | INFO | central_bank_scraper | Saved BOJ Speeches: "Economic Activity, Prices, and Monetary Policy in Japan" (Speech at a Meeting with Local Leaders in Hyogo)
2026-06-03 02:46:53,947 | INFO | central_bank_scraper | Saved BOJ Speeches: "Economic Activity, Prices, and Monetary Policy in Japan" (Speech at a Meeting with Local Leaders in Ehime)
2026-06-03 02:46:55,704 | INFO | central_bank_scraper | Saved BOJ Speeches: "Japan's Economy and Monetary Policy" (Speech at a Meeting with Business Leaders in Nagoya)
2026-06-03 02:46:57,478 | INFO | central_bank_scraper | Saved BOJ Speeches: "Economic Activity, Prices, and Monetary Policy in Japan" (Speech at a Meeting with Local Leaders in Niigata)
2026-06-03 02:46:59,242 | INFO | central_bank_scraper | Saved BOJ Speeches: "Central Bank Finances and Monetary Policy Conduct" (Speech at the Japan Society of Monetary Economics)
2026-06-03 02:47:01,142 | INFO | central_bank_scraper | Saved BOJ Speeches: "Japan's Economy and Monetary Policy" (Speech at a Meeting with Business Leaders in Osaka)
2026-06-03 02:47:02,985 | INFO | central_bank_scraper | Saved BOJ Speeches: "Economic Activity, Prices, and Monetary Policy in Japan" (Speech at a Meeting with Local Leaders in Kochi)
2026-06-03 02:47:04,855 | INFO | central_bank_scraper | Saved BOJ Speeches: "Economic Activity, Prices, and Monetary Policy in Japan" (Speech at a Meeting with Local Leaders in Yamaguchi)
2026-06-03 02:47:06,645 | INFO | central_bank_scraper | Saved BOJ Speeches: "Economic Activity, Prices, and Monetary Policy in Japan" (Speech at a Meeting with Local Leaders in Gifu)
2026-06-03 02:47:08,568 | INFO | central_bank_scraper | Saved BOJ Speeches: "Economic Activity, Prices, and Monetary Policy in Japan" (Speech at a Meeting with Local Leaders in Eastern Hokkaido)
2026-06-03 02:47:10,407 | INFO | central_bank_scraper | Saved BOJ Speeches: Remarks on the Panel: "Globalization at an Inflection Point," at the Jackson Hole Economic Policy Symposium Hosted by the Federal Reserve Bank of Kansas City
2026-06-03 02:47:12,211 | INFO | central_bank_scraper | Saved BOJ Speeches: "Japan's Economy and Monetary Policy" (Speech at a Meeting with Local Leaders in Chiba)
2026-06-03 02:47:14,118 | INFO | central_bank_scraper | Saved BOJ Speeches: "Economic Activity, Prices, and Monetary Policy in Japan" (Speech at a Meeting with Local Leaders in Okinawa)
2026-06-03 02:47:15,909 | INFO | central_bank_scraper | Saved BOJ Speeches: "Economic Activity, Prices, and Monetary Policy in Japan" (Speech at a Meeting with Local Leaders in Kagoshima)
2026-06-03 02:47:17,780 | INFO | central_bank_scraper | Saved BOJ Speeches: Opening Remarks at the 2023 BOJ-IMES Conference Hosted by the Institute for Monetary and Economic Studies, Bank of Japan
2026-06-03 02:47:19,786 | INFO | central_bank_scraper | Saved BOJ Speeches: "Basic Thinking on Monetary Policy and the Outlook for Economic Activity and Prices" (Speech at a Meeting Held by the Naigai Josei Chosa Kai (Research Institute of Japan))
2026-06-03 02:47:21,621 | INFO | central_bank_scraper | Saved BOJ Speeches: "Evolution of Payments: Payment Systems for Neoteric Individuals" (Remarks at the FIN/SUM 2023)
2026-06-03 02:47:23,378 | INFO | central_bank_scraper | Saved BOJ Speeches: "Economic Activity, Prices, and Monetary Policy in Japan" (Speech at a Meeting with Local Leaders in Kanagawa)
2026-06-03 02:47:25,244 | INFO | central_bank_scraper | Saved BOJ Speeches: "Economic Activity, Prices, and Monetary Policy in Japan" (Speech at a Meeting with Local Leaders in Fukushima)
2026-06-03 02:47:27,017 | INFO | central_bank_scraper | Saved BOJ Speeches: "Seven Reflections on Japan's Economy, Monetary Policy, and the Bank of Japan" (Speech at the Center on Japanese Economy and Business, Columbia University in New York)
2026-06-03 02:47:28,889 | INFO | central_bank_scraper | Saved BOJ Speeches: "Economic Activity, Prices, and Monetary Policy in Japan" (Speech at a Meeting with Local Leaders in Gunma)
2026-06-03 02:47:30,665 | INFO | central_bank_scraper | Saved BOJ Speeches: "Taking the Next Step" (Opening Remarks at the Fifth Meeting of the Liaison and Coordination Committee on Central Bank Digital Currency)
2026-06-03 02:47:32,671 | INFO | central_bank_scraper | Saved BOJ Speeches: "Japan's Economy and Monetary Policy" (Speech at a Meeting with Local Leaders in Shizuoka)
2026-06-03 02:47:34,443 | INFO | central_bank_scraper | Saved BOJ Speeches: Full Text [PDF 142KB]
2026-06-03 02:47:36,330 | INFO | central_bank_scraper | Saved BOJ Speeches: "Toward Achieving the Price Stability Target in a Sustainable and Stable Manner, Accompanied by Wage Increases" (Speech at the Meeting of Councillors of Keidanren (Japan Business Federation) in Tokyo)
2026-06-03 02:47:38,155 | INFO | central_bank_scraper | Saved BOJ Speeches: "Economic Activity, Prices, and Monetary Policy in Japan" (Speech at a Meeting with Local Leaders in Nagano)
2026-06-03 02:47:39,954 | INFO | central_bank_scraper | Saved BOJ Speeches: "The Future of Monetary Policy: Lessons from the History of Monetary Economics" (Keynote Speech at the 38th Annual Meeting of the Japan Association of Business Cycle Studies)
2026-06-03 02:47:41,873 | INFO | central_bank_scraper | Saved BOJ Speeches: Keynote Speech at the ASEAN+3 Economic Cooperation and Financial Stability Forum Held by the ASEAN+3 Macroeconomic Research Office
2026-06-03 02:47:43,679 | INFO | central_bank_scraper | Saved BOJ Speeches: "Economic Activity, Prices, and Monetary Policy in Japan" (Speech at a Meeting with Local Leaders in Akita)
2026-06-03 02:47:45,474 | INFO | central_bank_scraper | Saved BOJ Speeches: "Climate Change and Finance"(Speech at the Japan Society of Monetary Economics)
2026-06-03 02:47:47,303 | INFO | central_bank_scraper | Saved BOJ Speeches: "Envisioning the Future of Payments" (Opening Remarks at the Fourth Meeting of the Liaison and Coordination Committee on Central Bank Digital Currency)
2026-06-03 02:47:49,051 | INFO | central_bank_scraper | Saved BOJ Speeches: "Sustainable Finance: Entering a New Phase of Implementation" (Remarks at the Paris EUROPLACE Tokyo International Financial Forum 2022)
2026-06-03 02:47:50,944 | INFO | central_bank_scraper | Saved BOJ Speeches: "Japan's Economy and Monetary Policy" (Speech at a Meeting with Business Leaders in Nagoya)
2026-06-03 02:47:52,696 | INFO | central_bank_scraper | Saved BOJ Speeches: "Economic Activity, Prices, and Monetary Policy in Japan" (Speech at a Meeting with Local Leaders in Toyama)
2026-06-03 02:47:54,598 | INFO | central_bank_scraper | Saved BOJ Speeches: "Japan's Economy and Monetary Policy" (Speech at a Meeting with Business Leaders in Osaka)
2026-06-03 02:47:56,373 | INFO | central_bank_scraper | Saved BOJ Speeches: "Economic Activity, Prices, and Monetary Policy in Japan" (Speech at a Meeting with Local Leaders in Hakodate)
2026-06-03 02:47:58,244 | INFO | central_bank_scraper | Saved BOJ Speeches: "Economic Activity, Prices, and Monetary Policy in Japan" (Speech at a Meeting with Local Leaders in Fukuoka)
2026-06-03 02:48:00,142 | INFO | central_bank_scraper | Saved BOJ Speeches: "Japan's Economy and Monetary Policy" (Speech at a Meeting with Local Leaders in Iwate)
2026-06-03 02:48:01,945 | INFO | central_bank_scraper | Saved BOJ Speeches: "The Bank's Thinking on Monetary Policy: Toward Achieving the Price Stability Target in a Sustainable and Stable Manner" (Speech at the Kisaragi-kai Meeting in Tokyo)
2026-06-03 02:48:03,838 | INFO | central_bank_scraper | Saved BOJ Speeches: "Economic Activity, Prices, and Monetary Policy in Japan" (Speech at a Meeting with Local Leaders in Sapporo)
2026-06-03 02:48:05,609 | INFO | central_bank_scraper | Saved BOJ Speeches: "Japan's Economy and Monetary Policy" (Speech at a Meeting with Local Leaders in Okayama)
2026-06-03 02:48:07,510 | INFO | central_bank_scraper | Saved BOJ Speeches: Opening Remarks at the 2022 BOJ-IMES Conference Hosted by the Institute for Monetary and Economic Studies, Bank of Japan
2026-06-03 02:48:09,517 | INFO | central_bank_scraper | Saved BOJ Speeches: "Outlook for Economic Activity and Prices and Monetary Policy" (Speech at a Meeting Held by the Naigai Josei Chosa Kai (Research Institute of Japan)) (via webcast)
2026-06-03 02:48:11,381 | INFO | central_bank_scraper | Saved BOJ Speeches: "Japan's Inflation Dynamics and the Role of Monetary Policy" (Speech at Columbia University in New York)
2026-06-03 02:48:13,141 | INFO | central_bank_scraper | Saved BOJ Speeches: "Possible Design Choices of CBDC" (Opening Remarks at the Third Meeting of the Liaison and Coordination Committee on Central Bank Digital Currency)
2026-06-03 02:48:14,999 | INFO | central_bank_scraper | Saved BOJ Speeches: "Economic Activity, Prices, and Monetary Policy in Japan" (Speech at a Meeting with Local Leaders in Kumamoto)
2026-06-03 02:48:16,846 | INFO | central_bank_scraper | Saved BOJ Speeches: "The COVID-19 Crisis and Inflation Dynamics" (Opening Remarks at the Workshop on "Issues Surrounding Price Developments during the COVID-19 Pandemic")
2026-06-03 02:48:18,614 | INFO | central_bank_scraper | Saved BOJ Speeches: "Digitalization: Financial Services for Society" (Remarks at the FIN/SUM 2022)
2026-06-03 02:48:20,378 | INFO | central_bank_scraper | Saved BOJ Speeches: "Economic Activity, Prices, and Monetary Policy in Japan" (Speech at a Meeting with Local Leaders in Aomori (via webcast))
2026-06-03 02:48:22,271 | INFO | central_bank_scraper | Saved BOJ Speeches: "Economic Activity, Prices, and Monetary Policy in Japan" (Speech at a Meeting with Local Leaders in Kyoto (via webcast))
2026-06-03 02:48:24,053 | INFO | central_bank_scraper | Saved BOJ Speeches: "Economic Activity, Prices, and Monetary Policy in Japan" (Speech at a Meeting with Local Leaders in Yamanashi (via webcast))
2026-06-03 02:48:25,938 | INFO | central_bank_scraper | Saved BOJ Speeches: "Japan's Economy and Monetary Policy" (Speech at a Meeting with Local Leaders in Wakayama (via webcast))
2026-06-03 02:48:27,879 | INFO | central_bank_scraper | Saved BOJ Speeches: "Monetary Policy and Firms' Behavior: Transmission Channels of Monetary Policy and Japanese Firms' Structural Changes" (Speech at the Meeting of Councillors of Nippon Keidanren (Japan Business Federation) in Tokyo)
2026-06-03 02:48:30,325 | INFO | central_bank_scraper | Saved BOJ Speeches: "Japan's Economy and Monetary Policy" (Speech at a Meeting with Local Leaders in Tokushima)
2026-06-03 02:48:32,386 | INFO | central_bank_scraper | Saved BOJ Speeches: "Economic Activity, Prices, and Monetary Policy in Japan" (Speech at a Meeting with Local Leaders in Hyogo))
2026-06-03 02:48:34,243 | INFO | central_bank_scraper | Saved BOJ Speeches: "Economic Activity, Prices, and Monetary Policy in Japan" (Speech at a Meeting with Local Leaders in Oita)
2026-06-03 02:48:35,993 | INFO | central_bank_scraper | Saved BOJ Speeches: "Role of Finance in Addressing Climate Change: Three Essential Elements" (Remarks at the Paris EUROPLACE Tokyo International Financial Forum 2021)
2026-06-03 02:48:37,849 | INFO | central_bank_scraper | Saved BOJ Speeches: "Japan's Economy and Monetary Policy" (Speech at a Meeting with Business Leaders in Nagoya)
2026-06-03 02:48:39,747 | INFO | central_bank_scraper | Saved BOJ Speeches: "The Future of Payment and Settlement Systems With or Without Central Bank Digital Currency" (Opening Remarks at the Second Meeting of the Liaison and Coordination Committee on Central Bank Digital Currency)
2026-06-03 02:48:41,599 | INFO | central_bank_scraper | Saved BOJ Speeches: "Economic Activity, Prices, and Monetary Policy in Japan" (Speech at a Meeting with Local Leaders in Tottori (via webcast))
2026-06-03 02:48:43,360 | INFO | central_bank_scraper | Saved BOJ Speeches: "Hopes for the Japanese and U.S. Business Communities: Economic Recovery from the COVID-19 Crisis and Efforts to Address Climate Change" (Speech at the 58th Japan-U.S. Business Conference) (via webcast)
2026-06-03 02:48:45,255 | INFO | central_bank_scraper | Saved BOJ Speeches: Opening Remarks at the TCFD Summit 2021 (via webcast)
2026-06-03 02:48:47,107 | INFO | central_bank_scraper | Saved BOJ Speeches: "Japan's Economy and Monetary Policy" (Speech at a Meeting with Business Leaders in Osaka) (via webcast)
2026-06-03 02:48:48,993 | INFO | central_bank_scraper | Saved BOJ Speeches: "Economic Activity, Prices, and Monetary Policy in Japan" (Speech at a Meeting with Local Leaders in Nagasaki (via webcast))
2026-06-03 02:48:50,934 | INFO | central_bank_scraper | Saved BOJ Speeches: "Japan's Economy and Monetary Policy" (Speech at a Meeting with Local Leaders in Hiroshima (via webcast))
2026-06-03 02:48:52,736 | INFO | central_bank_scraper | Saved BOJ Speeches: "Economic Activity, Prices, and Monetary Policy in Japan" (Speech at a Meeting with Local Leaders in Miyazaki (via webcast))
2026-06-03 02:48:54,668 | INFO | central_bank_scraper | Saved BOJ Speeches: The Bank of Japan's Strategy on Climate Change (Speech at the Japan National Press Club) (via webcast)
2026-06-03 02:48:56,577 | INFO | central_bank_scraper | Saved BOJ Speeches: "Japan's Economy and Monetary Policy" (Speech at a Meeting with Local Leaders in Niigata) (via webcast)
2026-06-03 02:48:58,467 | INFO | central_bank_scraper | Saved BOJ Speeches: "LIBOR Transition in the Final Stage: There will be No Deus ex Machina" (Speech at the NIKKEI Financial Online Seminar Held by Nikkei)
2026-06-03 02:49:00,238 | INFO | central_bank_scraper | Saved BOJ Speeches: "Economic Activity, Prices, and Monetary Policy in Japan" (Speech at a Meeting with Local Leaders in Shizuoka (via webcast))
2026-06-03 02:49:02,135 | INFO | central_bank_scraper | Saved BOJ Speeches: "Economic Activity, Prices, and Monetary Policy in Japan" (Speech at a Meeting with Local Leaders in Yamaguchi (via webcast))
2026-06-03 02:49:03,918 | INFO | central_bank_scraper | Saved BOJ Speeches: Opening Remarks at the 2021 BOJ-IMES Conference Hosted by the Institute for Monetary and Economic Studies, Bank of Japan
2026-06-03 02:49:05,704 | INFO | central_bank_scraper | Saved BOJ Speeches: "Outlook for Economic Activity and Prices and Monetary Policy" (Speech at a Meeting Held by the Naigai Josei Chosa Kai (Research Institute of Japan)) (via webcast)
2026-06-03 02:49:07,473 | INFO | central_bank_scraper | Saved BOJ Speeches: "Further Effective and Sustainable Monetary Easing" (Speech at the Kisaragi-kai Meeting in Tokyo) (via webcast)
2026-06-03 02:49:09,229 | INFO | central_bank_scraper | Saved BOJ Speeches: Opening Remarks at the First Meeting of the Liaison and Coordination Committee on Central Bank Digital Currency
2026-06-03 02:49:11,153 | INFO | central_bank_scraper | Saved BOJ Speeches: "Addressing Climate-related Financial Risks -- From a Central Bank's Perspective --" (Opening Remarks at the International Research Workshop on Climate-related Financial Risks)
2026-06-03 02:49:12,902 | INFO | central_bank_scraper | Saved BOJ Speeches: "Integrating Information and Financial Systems: Beyond As-a-Service" (Remarks at the FIN/SUM 2021)
2026-06-03 02:49:14,664 | INFO | central_bank_scraper | Saved BOJ Speeches: "Monetary Policy during and after the COVID-19 Era" (Speech at the Yomiuri Economic Forum in Tokyo) (via webcast)
2026-06-03 02:49:16,624 | INFO | central_bank_scraper | Saved BOJ Speeches: "Economic Activity, Prices, and Monetary Policy in Japan" (Speech at a Meeting with Local Leaders in Gunma (via webcast))
2026-06-03 02:49:18,502 | INFO | central_bank_scraper | Saved BOJ Speeches: "Economic Activity, Prices, and Monetary Policy in Japan" (Speech at a Meeting with Local Leaders in Kochi (via webcast))
2026-06-03 02:49:20,267 | INFO | central_bank_scraper | Saved BOJ Speeches: "Japan's Economy and Monetary Policy" (Speech at a Meeting with Local Leaders in Kanagawa (via webcast))
2026-06-03 02:49:20,285 | INFO | central_bank_scraper | Finished BOJ: {'bank': 'BOJ', 'saved': 164, 'skipped': 0, 'failed': 0}
2026-06-03 02:49:25,986 | INFO | central_bank_scraper | Starting SNB
2026-06-03 02:49:32,778 | INFO | central_bank_scraper | SNB Monetary Policy discovered 21 candidates
2026-06-03 02:49:34,882 | INFO | central_bank_scraper | Saved SNB Monetary Policy: Monetary policy assessment of 19 March 2026
2026-06-03 02:49:37,059 | INFO | central_bank_scraper | Saved SNB Monetary Policy: Monetary policy assessment of 11 December 2025
2026-06-03 02:49:39,166 | INFO | central_bank_scraper | Saved SNB Monetary Policy: Monetary policy assessment of 25 September 2025
2026-06-03 02:49:41,225 | INFO | central_bank_scraper | Saved SNB Monetary Policy: Monetary policy assessment of 19 June 2025
2026-06-03 02:49:43,266 | INFO | central_bank_scraper | Saved SNB Monetary Policy: Monetary policy assessment of 20 March 2025
2026-06-03 02:49:45,353 | INFO | central_bank_scraper | Saved SNB Monetary Policy: Monetary policy assessment of 12 December 2024
2026-06-03 02:49:47,440 | INFO | central_bank_scraper | Saved SNB Monetary Policy: Monetary policy assessment of 26 September 2024
2026-06-03 02:49:49,520 | INFO | central_bank_scraper | Saved SNB Monetary Policy: Monetary policy assessment of 20 June 2024
2026-06-03 02:49:51,569 | INFO | central_bank_scraper | Saved SNB Monetary Policy: Monetary policy assessment of 21 March 2024
2026-06-03 02:49:53,629 | INFO | central_bank_scraper | Saved SNB Monetary Policy: Monetary policy assessment of 14 December 2023
2026-06-03 02:49:55,725 | INFO | central_bank_scraper | Saved SNB Monetary Policy: Monetary policy assessment of 21 September 2023
2026-06-03 02:49:57,800 | INFO | central_bank_scraper | Saved SNB Monetary Policy: Monetary policy assessment of 22 June 2023
2026-06-03 02:49:59,923 | INFO | central_bank_scraper | Saved SNB Monetary Policy: Monetary policy assessment of 23 March 2023
2026-06-03 02:50:02,017 | INFO | central_bank_scraper | Saved SNB Monetary Policy: Monetary policy assessment of 15 December 2022
2026-06-03 02:50:04,077 | INFO | central_bank_scraper | Saved SNB Monetary Policy: Monetary policy assessment of 22 September 2022
2026-06-03 02:50:06,138 | INFO | central_bank_scraper | Saved SNB Monetary Policy: Monetary policy assessment of 16 June 2022
2026-06-03 02:50:08,221 | INFO | central_bank_scraper | Saved SNB Monetary Policy: Monetary policy assessment of 24 March 2022
2026-06-03 02:50:10,327 | INFO | central_bank_scraper | Saved SNB Monetary Policy: Monetary policy assessment of 16 December 2021
2026-06-03 02:50:12,382 | INFO | central_bank_scraper | Saved SNB Monetary Policy: Monetary policy assessment of 23 September 2021
2026-06-03 02:50:14,487 | INFO | central_bank_scraper | Saved SNB Monetary Policy: Monetary policy assessment of 17 June 2021
2026-06-03 02:50:16,597 | INFO | central_bank_scraper | Saved SNB Monetary Policy: Monetary policy assessment of 25 March 2021
2026-06-03 02:50:20,926 | INFO | central_bank_scraper | SNB Speeches discovered 27 candidates
2026-06-03 02:50:22,983 | INFO | central_bank_scraper | Saved SNB Speeches: 02.06.2026 Martin Schlegel, Chairman of the Governing Board Geldpolitik im Gesamtinteresse des Landes ﻿
2026-06-03 02:50:25,033 | INFO | central_bank_scraper | Saved SNB Speeches: 28.05.2026 Martin Schlegel, Chairman of the Governing Board Currencies: Buffers or amplifiers of shocks? ﻿
2026-06-03 02:50:27,064 | INFO | central_bank_scraper | Saved SNB Speeches: 27.05.2026 Martin Schlegel, Chairman of the Governing Board Wirtschaftslage und Geldpolitik ﻿
2026-06-03 02:50:29,155 | INFO | central_bank_scraper | Saved SNB Speeches: 22.05.2026 Martin Schlegel, Chairman of the Governing Board The Swiss National Bank - mandate and challenges ﻿
2026-06-03 02:50:31,237 | INFO | central_bank_scraper | Saved SNB Speeches: 21.05.2026 Antoine Martin, Vice Chairman of the Governing Board Situation économique et politique monétaire ﻿
2026-06-03 02:50:33,334 | INFO | central_bank_scraper | Saved SNB Speeches: 05.05.2026 Antoine Martin, Vice Chairman of the Governing Board La Banque nationale suisse: enjeux actuels ﻿
2026-06-03 02:50:35,371 | INFO | central_bank_scraper | Saved SNB Speeches: 05.05.2026 Martin Schlegel, Chairman of the Governing Board Wirtschaftslage und Geldpolitik der SNB ﻿
2026-06-03 02:50:37,459 | INFO | central_bank_scraper | Saved SNB Speeches: 24.04.2026 Barbara Janom Steiner, President of the Bank Council The SNB - firmly anchored even in turbulent times ﻿
2026-06-03 02:50:39,552 | INFO | central_bank_scraper | Saved SNB Speeches: 24.04.2026 Martin Schlegel, Chairman of the Governing Board Comments on Swiss monetary policy ﻿
2026-06-03 02:50:41,606 | INFO | central_bank_scraper | Saved SNB Speeches: 22.04.2026 Antoine Martin, Vice Chairman of the Governing Board The SNB and its monetary policy ﻿
2026-06-03 02:50:43,670 | INFO | central_bank_scraper | Saved SNB Speeches: 21.04.2026 Petra Tschudin, Member of the Governing Board Wirtschaftsausblick und Geldpolitik ﻿
2026-06-03 02:50:45,793 | INFO | central_bank_scraper | Saved SNB Speeches: 16.04.2026 Petra Tschudin / Thomas Moser, Member of the Governing Board / Alternate Member of the Governing Board Swipe, scan, tap: the cashless payments market ﻿
2026-06-03 02:50:47,844 | INFO | central_bank_scraper | Saved SNB Speeches: 15.04.2026 Martin Schlegel, Chairman of the Governing Board Central banking for open economies in a changed world ﻿
2026-06-03 02:50:49,907 | INFO | central_bank_scraper | Saved SNB Speeches: 24.03.2026 Martin Schlegel, Chairman of the Governing Board Wirtschaftslage und Geldpolitik der SNB ﻿
2026-06-03 02:50:51,973 | INFO | central_bank_scraper | Saved SNB Speeches: 24.03.2026 Petra Tschudin, Member of the Governing Board Aktuelle Entwicklungen und Herausforderungen am Schweizer Franken-Kapitalmarkt ﻿
2026-06-03 02:50:54,044 | INFO | central_bank_scraper | Saved SNB Speeches: 19.03.2026 Martin Schlegel / Antoine Martin / Petra Tschudin, Chairman of the Governing Board / Vice Chairman of the Governing Board / Member of the Governing Board Introductory remarks, news conference ﻿
2026-06-03 02:50:56,210 | INFO | central_bank_scraper | Saved SNB Speeches: 04.03.2026 Antoine Martin / Sébastien Kraenzlin, Vice Chairman of the Governing Board / Alternate Member of the Governing Board Emphase Ltd to design new banknote series ﻿
2026-06-03 02:50:58,267 | INFO | central_bank_scraper | Saved SNB Speeches: 24.02.2026 Martin Schlegel, Chairman of the Governing Board Wirtschaftslage und Geldpolitik der SNB ﻿
2026-06-03 02:51:00,328 | INFO | central_bank_scraper | Saved SNB Speeches: 11.02.2026 Antoine Martin, Vice Chairman of the Governing Board The Credit Suisse crisis and its effect on the Swiss credit market ﻿
2026-06-03 02:51:02,373 | INFO | central_bank_scraper | Saved SNB Speeches: 29.01.2026 Martin Schlegel, Chairman of the Governing Board Aktuelle Wirtschaftslage und Geldpolitik ﻿
2026-06-03 02:51:04,515 | INFO | central_bank_scraper | Saved SNB Speeches: 2
2026-06-03 02:51:06,687 | INFO | central_bank_scraper | Saved SNB Speeches: 3
2026-06-03 02:51:08,822 | INFO | central_bank_scraper | Saved SNB Speeches: 35
2026-06-03 02:51:11,033 | INFO | central_bank_scraper | Saved SNB Speeches: 4
2026-06-03 02:51:13,185 | INFO | central_bank_scraper | Saved SNB Speeches: 5
2026-06-03 02:51:15,318 | INFO | central_bank_scraper | Saved SNB Speeches: 6
2026-06-03 02:51:17,498 | INFO | central_bank_scraper | Saved SNB Speeches: 7
2026-06-03 02:51:17,515 | INFO | central_bank_scraper | Finished SNB: {'bank': 'SNB', 'saved': 48, 'skipped': 0, 'failed': 0}
2026-06-03 02:51:22,595 | INFO | central_bank_scraper | Starting RBNZ
2026-06-03 02:51:23,739 | WARNING | central_bank_scraper | Could not verify robots.txt for https://www.rbnz.govt.nz; got HTTP 403, continuing politely
2026-06-03 02:51:32,940 | INFO | central_bank_scraper | RBNZ Monetary Policy discovered 22 candidates
2026-06-03 02:51:34,246 | INFO | central_bank_scraper | Saved RBNZ Monetary Policy: Monetary Policy Statement May 2026
2026-06-03 02:51:35,264 | INFO | central_bank_scraper | Saved RBNZ Monetary Policy: Monetary Policy Statement February 2026
2026-06-03 02:51:36,399 | INFO | central_bank_scraper | Saved RBNZ Monetary Policy: Monetary Policy Statement November 2025
2026-06-03 02:51:37,500 | INFO | central_bank_scraper | Saved RBNZ Monetary Policy: Monetary Policy Statement August 2025
2026-06-03 02:51:38,396 | INFO | central_bank_scraper | Saved RBNZ Monetary Policy: Monetary Policy Statement May 2025
2026-06-03 02:51:39,849 | INFO | central_bank_scraper | Saved RBNZ Monetary Policy: Monetary Policy Statement February 2025
2026-06-03 02:51:41,691 | INFO | central_bank_scraper | Saved RBNZ Monetary Policy: Monetary Policy Statement November 2024
2026-06-03 02:51:43,756 | INFO | central_bank_scraper | Saved RBNZ Monetary Policy: Monetary Policy Statement August 2024
2026-06-03 02:51:45,653 | INFO | central_bank_scraper | Saved RBNZ Monetary Policy: Monetary Policy Statement May 2024
2026-06-03 02:51:47,225 | INFO | central_bank_scraper | Saved RBNZ Monetary Policy: Monetary Policy Statement February 2024
2026-06-03 02:51:48,703 | INFO | central_bank_scraper | Saved RBNZ Monetary Policy: Monetary Policy Statement November 2023
2026-06-03 02:51:50,217 | INFO | central_bank_scraper | Saved RBNZ Monetary Policy: Monetary Policy Statement August 2023
2026-06-03 02:51:51,393 | INFO | central_bank_scraper | Saved RBNZ Monetary Policy: Monetary Policy Statement May 2023
2026-06-03 02:51:52,797 | INFO | central_bank_scraper | Saved RBNZ Monetary Policy: Monetary Policy Statement February 2023
2026-06-03 02:51:53,876 | INFO | central_bank_scraper | Saved RBNZ Monetary Policy: Monetary Policy Statement November 2022
2026-06-03 02:51:55,257 | INFO | central_bank_scraper | Saved RBNZ Monetary Policy: Monetary Policy Statement August 2022
2026-06-03 02:51:56,532 | INFO | central_bank_scraper | Saved RBNZ Monetary Policy: Monetary Policy Statement May 2022
2026-06-03 02:51:58,078 | INFO | central_bank_scraper | Saved RBNZ Monetary Policy: Monetary Policy Statement February 2022
2026-06-03 02:51:59,612 | INFO | central_bank_scraper | Saved RBNZ Monetary Policy: Monetary Policy Statement November 2021
2026-06-03 02:52:00,954 | INFO | central_bank_scraper | Saved RBNZ Monetary Policy: Monetary Policy Statement August 2021
2026-06-03 02:52:01,522 | INFO | central_bank_scraper | Saved RBNZ Monetary Policy: Monetary Policy Statement May 2021
2026-06-03 02:52:02,385 | INFO | central_bank_scraper | Saved RBNZ Monetary Policy: Monetary Policy Statement February 2021
2026-06-03 02:52:05,665 | INFO | central_bank_scraper | RBNZ Minutes discovered 0 candidates
2026-06-03 02:52:42,042 | INFO | central_bank_scraper | RBNZ Speeches discovered 37 candidates
2026-06-03 02:52:42,464 | INFO | central_bank_scraper | Saved RBNZ Speeches: Purchasing power and the real cost of living in New Zealand
2026-06-03 02:52:42,843 | INFO | central_bank_scraper | Saved RBNZ Speeches: Global shockwaves to Kiwi shores: The impact of the Iran conflict on New Zealand
2026-06-03 02:52:43,189 | INFO | central_bank_scraper | Saved RBNZ Speeches: 2026 New Zealand Capital Market Forum
2026-06-03 02:52:43,877 | INFO | central_bank_scraper | Saved RBNZ Speeches: Business Canterbury Lunch
2026-06-03 02:52:44,268 | INFO | central_bank_scraper | Saved RBNZ Speeches: Deposit taker regulation and financial stability – emerging currents
2026-06-03 02:52:44,748 | INFO | central_bank_scraper | Saved RBNZ Speeches: Protecting independence while embracing partnership
2026-06-03 02:52:45,183 | INFO | central_bank_scraper | Saved RBNZ Speeches: 2025 Commonwealth Bank Global Markets Conference
2026-06-03 02:52:45,630 | INFO | central_bank_scraper | Saved RBNZ Speeches: Speech on lessons from monetary and fiscal policy during COVID-19
2026-06-03 02:52:45,944 | INFO | central_bank_scraper | Saved RBNZ Speeches: FSC opening remarks by Governor Christian Hawkesby
2026-06-03 02:52:46,300 | INFO | central_bank_scraper | Saved RBNZ Speeches: NZ Society of Actuaries - Appointed actuaries forum event
2026-06-03 02:52:46,725 | INFO | central_bank_scraper | Saved RBNZ Speeches: Speech on RBNZ forecasting by Chief Economist Paul Conway
2026-06-03 02:52:47,177 | INFO | central_bank_scraper | Saved RBNZ Speeches: Towards good governance in the financial system of Aotearoa
2026-06-03 02:52:47,838 | INFO | central_bank_scraper | Saved RBNZ Speeches: Presentation to the Annual Conference of the NZ Association of Economists (NZAE)
2026-06-03 02:52:48,309 | INFO | central_bank_scraper | Saved RBNZ Speeches: Remarks on the Reserve Bank's Enforcement Framework
2026-06-03 02:52:48,800 | INFO | central_bank_scraper | Saved RBNZ Speeches: The path back to low inflation in New Zealand
2026-06-03 02:52:49,357 | INFO | central_bank_scraper | Saved RBNZ Speeches: Opening remarks to Finance and Expenditure Committee (FEC)
2026-06-03 02:52:49,741 | INFO | central_bank_scraper | Saved RBNZ Speeches: New Zealand’s changing payments landscape
2026-06-03 02:52:50,106 | INFO | central_bank_scraper | Saved RBNZ Speeches: Testing our resilience
2026-06-03 02:52:50,629 | INFO | central_bank_scraper | Saved RBNZ Speeches: Our Transformation as a Prudential Regulator
2026-06-03 02:52:51,093 | INFO | central_bank_scraper | Saved RBNZ Speeches: Climate Changed – and why climate matters to RBNZ
2026-06-03 02:52:51,629 | INFO | central_bank_scraper | Saved RBNZ Speeches: New Zealand’s Monetary Policy Implementation Framework
2026-06-03 02:52:52,194 | INFO | central_bank_scraper | Saved RBNZ Speeches: Housing (Still) Matters – The Big Picture
2026-06-03 02:52:52,793 | INFO | central_bank_scraper | Saved RBNZ Speeches: Why we embraced Te Ao Māori
2026-06-03 02:52:53,317 | INFO | central_bank_scraper | Saved RBNZ Speeches: New Zealand’s Experience with Macroprudential Policy
2026-06-03 02:52:53,835 | INFO | central_bank_scraper | Saved RBNZ Speeches: Tackling Inflation During a Pandemic
2026-06-03 02:52:54,317 | INFO | central_bank_scraper | Saved RBNZ Speeches: The Future of Money demands innovation
2026-06-03 02:52:54,686 | INFO | central_bank_scraper | Saved RBNZ Speeches: Finance and Expenditure Committee 2020/21 Reserve Bank Annual Review
2026-06-03 02:52:55,162 | INFO | central_bank_scraper | Saved RBNZ Speeches: Reflections of a central banker
2026-06-03 02:52:55,812 | INFO | central_bank_scraper | Saved RBNZ Speeches: Housing Matters
2026-06-03 02:52:56,233 | INFO | central_bank_scraper | Saved RBNZ Speeches: The contribution of strong balance sheets to New Zealand’s economic resilience and recovery from the pandemic
2026-06-03 02:52:57,030 | INFO | central_bank_scraper | Saved RBNZ Speeches: A least regrets approach to uncertainty: Hawks, Doves and the White Heron (he Kōtuku)
2026-06-03 02:52:57,404 | INFO | central_bank_scraper | Saved RBNZ Speeches: Matangirua ki Matangireia
2026-06-03 02:52:57,878 | INFO | central_bank_scraper | Saved RBNZ Speeches: A Strategic View of Te Pūtea Matua’s Balance Sheet
2026-06-03 02:52:58,315 | INFO | central_bank_scraper | Saved RBNZ Speeches: The Future is Māori
2026-06-03 02:52:59,233 | INFO | central_bank_scraper | Saved RBNZ Speeches: Some Policy Lessons from a Year of COVID-19
2026-06-03 02:52:59,632 | INFO | central_bank_scraper | Saved RBNZ Speeches: Finance and Expenditure Committee 2019/20 Reserve Bank Annual Review
2026-06-03 02:52:59,648 | INFO | central_bank_scraper | Finished RBNZ: {'bank': 'RBNZ', 'saved': 58, 'skipped': 1, 'failed': 0}
2026-06-03 02:53:05,101 | INFO | central_bank_scraper | Starting BOE
2026-06-03 02:54:33,558 | INFO | central_bank_scraper | BOE Monetary Policy discovered 22 candidates
2026-06-03 02:54:36,210 | INFO | central_bank_scraper | Saved BOE Monetary Policy: Monetary Policy Report - April 2026
2026-06-03 02:54:38,554 | INFO | central_bank_scraper | Saved BOE Monetary Policy: Monetary Policy Report - February 2026
2026-06-03 02:54:40,802 | INFO | central_bank_scraper | Saved BOE Monetary Policy: Monetary Policy Report - November 2025
2026-06-03 02:54:43,295 | INFO | central_bank_scraper | Saved BOE Monetary Policy: Monetary Policy Report - August 2025
2026-06-03 02:54:45,683 | INFO | central_bank_scraper | Saved BOE Monetary Policy: Monetary Policy Report - May 2025
2026-06-03 02:54:48,030 | INFO | central_bank_scraper | Saved BOE Monetary Policy: Monetary Policy Report - February 2025
2026-06-03 02:54:50,590 | INFO | central_bank_scraper | Saved BOE Monetary Policy: Monetary Policy Report - November 2024
2026-06-03 02:54:53,112 | INFO | central_bank_scraper | Saved BOE Monetary Policy: Monetary Policy Report - August 2024
2026-06-03 02:54:57,877 | INFO | central_bank_scraper | Saved BOE Monetary Policy: Monetary Policy Report - May 2024
2026-06-03 02:55:00,513 | INFO | central_bank_scraper | Saved BOE Monetary Policy: Monetary Policy Report - February 2024
2026-06-03 02:55:03,257 | INFO | central_bank_scraper | Saved BOE Monetary Policy: Monetary Policy Report - November 2023
2026-06-03 02:55:07,939 | INFO | central_bank_scraper | Saved BOE Monetary Policy: Monetary Policy Report - August 2023
2026-06-03 02:55:12,156 | INFO | central_bank_scraper | Saved BOE Monetary Policy: Monetary Policy Report - May 2023
2026-06-03 02:55:16,597 | INFO | central_bank_scraper | Saved BOE Monetary Policy: Monetary Policy Report - February 2023
2026-06-03 02:55:20,909 | INFO | central_bank_scraper | Saved BOE Monetary Policy: Monetary Policy Report - November 2022
2026-06-03 02:55:24,193 | INFO | central_bank_scraper | Saved BOE Monetary Policy: Monetary Policy Report - August 2022
2026-06-03 02:55:28,688 | INFO | central_bank_scraper | Saved BOE Monetary Policy: Monetary Policy Report - May 2022
2026-06-03 02:55:32,142 | INFO | central_bank_scraper | Saved BOE Monetary Policy: Monetary Policy Report - February 2022
2026-06-03 02:55:37,356 | INFO | central_bank_scraper | Saved BOE Monetary Policy: Monetary Policy Report - November 2021
2026-06-03 02:55:39,989 | INFO | central_bank_scraper | Saved BOE Monetary Policy: Monetary Policy Report - August 2021
2026-06-03 02:55:45,426 | INFO | central_bank_scraper | Saved BOE Monetary Policy: Monetary Policy Report - May 2021
2026-06-03 02:55:50,655 | INFO | central_bank_scraper | Saved BOE Monetary Policy: Monetary Policy Report - February 2021
2026-06-03 03:08:31,518 | INFO | central_bank_scraper | BOE Speeches discovered 372 candidates
2026-06-03 03:08:33,637 | INFO | central_bank_scraper | Saved BOE Speeches: Here we go again? Assessing the inflation risks of the recent energy shock − speech by Megan Greene
2026-06-03 03:08:36,252 | INFO | central_bank_scraper | Saved BOE Speeches: The Importance of Choice in Payments − speech by Victoria Cleland
2026-06-03 03:08:39,172 | INFO | central_bank_scraper | Saved BOE Speeches: Modernising money and markets − speech by Sarah Breeden
2026-06-03 03:08:42,084 | INFO | central_bank_scraper | Saved BOE Speeches: Clinical supervision − speech by Sam Woods
2026-06-03 03:08:44,678 | INFO | central_bank_scraper | Saved BOE Speeches: Operational resilience in a rapidly changing world − speech by Liz Oakes
2026-06-03 03:08:46,847 | INFO | central_bank_scraper | Saved BOE Speeches: Old exposures, new actors: implications for monetary policy of the UK’s external imbalances − speech by Catherine L. Mann
2026-06-03 03:08:49,437 | INFO | central_bank_scraper | Saved BOE Speeches: Remaining anchored: Monetary Policy in an unpredictable world - speech by Andrew Bailey
2026-06-03 03:08:52,268 | INFO | central_bank_scraper | Saved BOE Speeches: Can AI make cutlery? - speech by Andrew Bailey
2026-06-03 03:08:54,721 | INFO | central_bank_scraper | Saved BOE Speeches: This time is different? Speech by Sarah Breeden
2026-06-03 03:08:57,129 | INFO | central_bank_scraper | Saved BOE Speeches: Innovation and Resilience in the BPA Sector – speech by Gareth Truran
2026-06-03 03:08:59,217 | INFO | central_bank_scraper | Saved BOE Speeches: Building a banking regime for the future - speech by David Bailey
2026-06-03 03:09:02,569 | INFO | central_bank_scraper | Saved BOE Speeches: Maintaining momentum: progress in mutual supervision − speech by Charlotte Gerken
2026-06-03 03:09:05,190 | INFO | central_bank_scraper | Saved BOE Speeches: Central Bank Independence – in need of further thinking - Speech by Andrew Bailey
2026-06-03 03:09:08,141 | INFO | central_bank_scraper | Saved BOE Speeches: Two-way street − speech by Alan Taylor
2026-06-03 03:09:10,635 | INFO | central_bank_scraper | Saved BOE Speeches: Data as a dialogue – speech by Vicky White
2026-06-03 03:09:14,582 | INFO | central_bank_scraper | Saved BOE Speeches: Getting the right directions − speech by Alan Taylor
2026-06-03 03:09:17,528 | INFO | central_bank_scraper | Saved BOE Speeches: Modernising the liquidity framework for banks and building societies - speech by Phil Evans
2026-06-03 03:09:19,533 | INFO | central_bank_scraper | Saved BOE Speeches: Robustness - speech by Huw Pill
2026-06-03 03:09:22,224 | INFO | central_bank_scraper | Saved BOE Speeches: Reforming cross-border payments – speech by Andrew Bailey
2026-06-03 03:09:24,277 | INFO | central_bank_scraper | Saved BOE Speeches: Stopping for gas − speech by Alan Taylor
2026-06-03 03:09:27,248 | INFO | central_bank_scraper | Saved BOE Speeches: Talking ’bout next generation − speech by Sarah Breeden
2026-06-03 03:09:29,773 | INFO | central_bank_scraper | Saved BOE Speeches: Frenemies at the gates − speech by Rebecca Jackson
2026-06-03 03:09:33,012 | INFO | central_bank_scraper | Saved BOE Speeches: Measure, Model, Tackle, Tailor: The Bank of England’s approach to assessing and managing climate impacts across its core objectives - speech by James Talbot
2026-06-03 03:09:35,575 | INFO | central_bank_scraper | Saved BOE Speeches: The world today – remarks by Andrew Bailey
2026-06-03 03:09:39,801 | INFO | central_bank_scraper | Saved BOE Speeches: Forks in the Curve: whether and how to respond to monetary policy divergence - speech by Megan Greene
2026-06-03 03:09:42,335 | INFO | central_bank_scraper | Saved BOE Speeches: Getting fit for the future − speech by Afua Kyei
2026-06-03 03:09:45,984 | INFO | central_bank_scraper | Saved BOE Speeches: The evolution of the Bank’s approach to resolution − speech by Dave Ramsden
2026-06-03 03:09:48,532 | INFO | central_bank_scraper | Saved BOE Speeches: Global imbalances in a more fragmented world – remarks by Andrew Bailey
2026-06-03 03:09:52,506 | INFO | central_bank_scraper | Saved BOE Speeches: Driving over the peak, or a false summit? − speech by Alan Taylor
2026-06-03 03:09:55,594 | INFO | central_bank_scraper | Saved BOE Speeches: Promoting innovation while guarding against financial stability risks − speech by Randy Kroszner
2026-06-03 03:09:58,237 | INFO | central_bank_scraper | Saved BOE Speeches: Basel 3.1: Market Risk − speech by Phil Evans
2026-06-03 03:10:00,757 | INFO | central_bank_scraper | Saved BOE Speeches: Removing Frictions − speech by Nathanaël Benjamin
2026-06-03 03:10:03,515 | INFO | central_bank_scraper | Saved BOE Speeches: The evolving landscape of UK financial mutuals: every challenge is an opportunity − speech by Laura Wallis
2026-06-03 03:10:07,842 | INFO | central_bank_scraper | Saved BOE Speeches: The evolving liquidity landscape − speech by Victoria Saporta
2026-06-03 03:10:10,519 | INFO | central_bank_scraper | Saved BOE Speeches: Lighting the fuse for innovation in insurance − speech by Shoib Khan
2026-06-03 03:10:13,550 | INFO | central_bank_scraper | Saved BOE Speeches: Strengthening market resilience: navigating evolving dynamics in sovereign markets − speech by Lee Foulger
2026-06-03 03:10:16,186 | INFO | central_bank_scraper | Saved BOE Speeches: Advancing settlement: central bank money for the next era of payments − speech by Victoria Cleland
2026-06-03 03:10:20,186 | INFO | central_bank_scraper | Saved BOE Speeches: Tariffed with the same brush: confronting today’s challenges to trade − speech by Swati Dhingra
2026-06-03 03:10:22,919 | INFO | central_bank_scraper | Saved BOE Speeches: From new ideas to new market structures, how innovation is reshaping the financial system − speech by Sasha Mills
2026-06-03 03:10:25,609 | INFO | central_bank_scraper | Saved BOE Speeches: Not just token gestures − speech by Sarah Breeden
2026-06-03 03:10:28,254 | INFO | central_bank_scraper | Saved BOE Speeches: Acclimatised − speech by Sam Woods
2026-06-03 03:10:31,598 | INFO | central_bank_scraper | Saved BOE Speeches: Financial stability and growth: The Financial Policy Committee’s mandate and the question of balance − speech by Jonathan Hall
2026-06-03 03:10:34,011 | INFO | central_bank_scraper | Saved BOE Speeches: Uncertainty, structural change and monetary policy strategy - speech by Huw Pill
2026-06-03 03:10:36,067 | INFO | central_bank_scraper | Saved BOE Speeches: Evolving UK monetary policy in an evolving world − speech by Huw Pill
2026-06-03 03:10:38,665 | INFO | central_bank_scraper | Saved BOE Speeches: Global Economic Outlook Panel – panel remarks by Andrew Bailey
2026-06-03 03:10:42,805 | INFO | central_bank_scraper | Saved BOE Speeches: Explaining the consumption gap - speech by Catherine L Mann
2026-06-03 03:10:45,165 | INFO | central_bank_scraper | Saved BOE Speeches: Investment in Scotland - speech by Andrew Bailey
2026-06-03 03:10:47,874 | INFO | central_bank_scraper | Saved BOE Speeches: Challenges to financial stability - speech by Andrew Bailey
2026-06-03 03:10:51,885 | INFO | central_bank_scraper | Saved BOE Speeches: Diversion ahead − speech by Alan Taylor
2026-06-03 03:10:54,768 | INFO | central_bank_scraper | Saved BOE Speeches: Funded realignment: balancing innovation and risk − speech by Vicky White
2026-06-03 03:10:58,140 | INFO | central_bank_scraper | Saved BOE Speeches: Bumps in the road? − speech by Sarah Breeden
2026-06-03 03:11:00,308 | INFO | central_bank_scraper | Saved BOE Speeches: Building trust and supporting innovation in the multi-moneyverse − speech by Sarah Breeden
2026-06-03 03:11:04,604 | INFO | central_bank_scraper | Saved BOE Speeches: The supply side demands more attention − speech by Megan Greene
2026-06-03 03:11:07,207 | INFO | central_bank_scraper | Saved BOE Speeches: A systemic risk perspective on operational resilience − speech by Liz Oakes
2026-06-03 03:11:09,772 | INFO | central_bank_scraper | Saved BOE Speeches: On QT − remarks by Huw Pill
2026-06-03 03:11:13,730 | INFO | central_bank_scraper | Saved BOE Speeches: Five ‘C’s for Central Bank Research − speech by Catherine L. Mann
2026-06-03 03:11:16,288 | INFO | central_bank_scraper | Saved BOE Speeches: Synchronisation and beyond: enabling the next wave of financial innovation − speech by Victoria Cleland
2026-06-03 03:11:19,669 | INFO | central_bank_scraper | Saved BOE Speeches: Building tomorrow’s markets: the digitalisation of finance − speech by Sasha Mills
2026-06-03 03:11:23,254 | INFO | central_bank_scraper | Saved BOE Speeches: Weathering the storm: stability in a changing climate - speech by Sarah Breeden
2026-06-03 03:11:26,218 | INFO | central_bank_scraper | Saved BOE Speeches: Getting liquidity where it is needed − speech by Nathanaël Benjamin
2026-06-03 03:11:28,898 | INFO | central_bank_scraper | Saved BOE Speeches: The meaning of reserve currency − remarks by Andrew Bailey
2026-06-03 03:11:31,567 | INFO | central_bank_scraper | Saved BOE Speeches: The future of the multilateral economic system, and some news on the UK payments infrastructure - speech by Andrew Bailey
2026-06-03 03:11:33,574 | INFO | central_bank_scraper | Saved BOE Speeches: The end of the road − speech by Alan Taylor
2026-06-03 03:11:36,778 | INFO | central_bank_scraper | Saved BOE Speeches: Unexpected curves − remarks by Alan Taylor
2026-06-03 03:11:40,218 | INFO | central_bank_scraper | Saved BOE Speeches: Learning by doing − speech by Victoria Saporta
2026-06-03 03:11:42,555 | INFO | central_bank_scraper | Saved BOE Speeches: RTGS 2: a launchpad for innovation − speech by Victoria Cleland
2026-06-03 03:11:46,317 | INFO | central_bank_scraper | Saved BOE Speeches: Financial stability in light of new global challenges: global shocks, interconnections and central counterparties − speech by Randy Kroszner
2026-06-03 03:11:49,405 | INFO | central_bank_scraper | Saved BOE Speeches: The crucial role of financial stability in a central bank’s policy strategy framework - speech by Randall Kroszner
2026-06-03 03:11:52,275 | INFO | central_bank_scraper | Saved BOE Speeches: Picking what matters – speech by Nathanaël Benjamin
2026-06-03 03:11:56,020 | INFO | central_bank_scraper | Saved BOE Speeches: A feature not a bug − speech by Megan Greene
2026-06-03 03:11:58,624 | INFO | central_bank_scraper | Saved BOE Speeches: Innovation and regulation - striking the balance - speech by David Bailey
2026-06-03 03:12:02,176 | INFO | central_bank_scraper | Saved BOE Speeches: Navigating an uncertain outlook: the signals from the labour market − speech by Dave Ramsden
2026-06-03 03:12:05,925 | INFO | central_bank_scraper | Saved BOE Speeches: Quantitative tightening and monetary policy stance − speech by Catherine L. Mann
2026-06-03 03:12:08,596 | INFO | central_bank_scraper | Saved BOE Speeches: Central Banking in extreme adversity - speech by Andrew Bailey
2026-06-03 03:12:10,972 | INFO | central_bank_scraper | Saved BOE Speeches: Revisiting the Norman Conquest of $4.86. Thoughts for the world today - speech by Andrew Bailey
2026-06-03 03:12:13,633 | INFO | central_bank_scraper | Saved BOE Speeches: The UK economy in an unpredictable world – speech by Andrew Bailey
2026-06-03 03:12:17,258 | INFO | central_bank_scraper | Saved BOE Speeches: From trading floors to policy calls: the value and evolution of our interactions with financial markets − speech by Andrea Rosen
2026-06-03 03:12:19,921 | INFO | central_bank_scraper | Saved BOE Speeches: International payment rails: the value of a harmonised gauge − speech by Sarah Breeden
2026-06-03 03:12:22,697 | INFO | central_bank_scraper | Saved BOE Speeches: A system-wide approach to system-wide resilience: CCPs and their users − speech by Sarah Breeden
2026-06-03 03:12:26,895 | INFO | central_bank_scraper | Saved BOE Speeches: Mutual momentum: Advances in Building Society regulation - speech by Charlotte Gerken
2026-06-03 03:12:29,473 | INFO | central_bank_scraper | Saved BOE Speeches: The heat is on: why monetary policy makers are increasingly focusing on the impact of climate risks - speech by James Talbot
2026-06-03 03:12:33,201 | INFO | central_bank_scraper | Saved BOE Speeches: Data governance to set us free − speech by James Benford
2026-06-03 03:12:36,393 | INFO | central_bank_scraper | Saved BOE Speeches: The courage not to act − remarks by Huw Pill
2026-06-03 03:12:40,607 | INFO | central_bank_scraper | Saved BOE Speeches: What if things are different? - speech by Clare Lombardelli
2026-06-03 03:12:42,711 | INFO | central_bank_scraper | Saved BOE Speeches: Central bank communications and uncertainty - remarks by Clare Lombardelli
2026-06-03 03:12:44,783 | INFO | central_bank_scraper | Saved BOE Speeches: State of trade - speech by Andrew Bailey
2026-06-03 03:12:47,289 | INFO | central_bank_scraper | Saved BOE Speeches: Monetary policy in uncertain times - speech by Andrew Bailey
2026-06-03 03:12:50,284 | INFO | central_bank_scraper | Saved BOE Speeches: Overseeing BPA growth safely - Speech by Gareth Truran
2026-06-03 03:12:52,719 | INFO | central_bank_scraper | Saved BOE Speeches: Maintaining Momentum: Managing Climate risk in a changing world − speech by David Bailey
2026-06-03 03:12:55,303 | INFO | central_bank_scraper | Saved BOE Speeches: Renewed RTGS: Digital public infrastructure as a platform for innovation − speech by Dave Ramsden
2026-06-03 03:12:57,961 | INFO | central_bank_scraper | Saved BOE Speeches: Innovating wholesale payments: building a resilient and innovative future − speech by Victoria Cleland
2026-06-03 03:13:02,159 | INFO | central_bank_scraper | Saved BOE Speeches: Holding the anchor in turbulent waters – speech by Catherine L. Mann
2026-06-03 03:13:04,332 | INFO | central_bank_scraper | Saved BOE Speeches: Growth: What does it take in today’s world? - Lecture by Andrew Bailey
2026-06-03 03:13:06,378 | INFO | central_bank_scraper | Saved BOE Speeches: Accountants can influence growth, competitiveness and innovation in the UK to boost the economy − speech by Afua Kyei
2026-06-03 03:13:09,434 | INFO | central_bank_scraper | Saved BOE Speeches: Between a shock and a hard place: trade fragmentation and monetary policy – speech by Swati Dhingra
2026-06-03 03:13:11,989 | INFO | central_bank_scraper | Saved BOE Speeches: Innovation in UK Financial Markets - shortening the settlement cycle – speech by Sasha Mills
2026-06-03 03:13:14,650 | INFO | central_bank_scraper | Saved BOE Speeches: Financial Market Infrastructure (FMI) regulation in a changing world: our priorities for 2025 − speech by Sasha Mills
2026-06-03 03:13:18,360 | INFO | central_bank_scraper | Saved BOE Speeches: Not such an island after all − speech by Megan Greene
2026-06-03 03:13:21,948 | INFO | central_bank_scraper | Saved BOE Speeches: Surveys, forecasts and scenarios: setting UK monetary policy under uncertainty − speech by Dave Ramsden
2026-06-03 03:13:25,774 | INFO | central_bank_scraper | Saved BOE Speeches: The February 2025 Monetary Policy Report — and my vote - speech by Catherine L. Mann
2026-06-03 03:13:28,602 | INFO | central_bank_scraper | Saved BOE Speeches: Are we underestimating changes in financial markets? - speech by Andrew Bailey
2026-06-03 03:13:31,177 | INFO | central_bank_scraper | Saved BOE Speeches: The sky’s the limit: shaping the UK’s digital financial future - speech by Sasha Mills
2026-06-03 03:13:35,437 | INFO | central_bank_scraper | Saved BOE Speeches: Reading between the lines − speech by Sarah Breeden
2026-06-03 03:13:38,249 | INFO | central_bank_scraper | Saved BOE Speeches: Prime brokerage - speech by Rebecca Jackson
2026-06-03 03:13:40,719 | INFO | central_bank_scraper | Saved BOE Speeches: Joining the dots - speech by Nathanaël Benjamin
2026-06-03 03:13:44,087 | INFO | central_bank_scraper | Saved BOE Speeches: Geopolitics and financial stability: a plan beats no plan − speech by Carolyn Wilkins
2026-06-03 03:13:46,728 | INFO | central_bank_scraper | Saved BOE Speeches: A Central Banker’s view of global challenges and expectations for the Bretton Woods Institutions’ response − remarks by Andrew Bailey
2026-06-03 03:13:50,291 | INFO | central_bank_scraper | Saved BOE Speeches: The last half mile − speech by Alan Taylor
2026-06-03 03:13:51,972 | INFO | central_bank_scraper | Saved BOE Speeches: Payment cycles: An update on the Future Roadmap for the RTGS service - speech by Victoria Cleland
2026-06-03 03:13:53,726 | INFO | central_bank_scraper | Saved BOE Speeches: Once more unto the breach - speech by Philippe Lintern
2026-06-03 03:13:55,475 | INFO | central_bank_scraper | Saved BOE Speeches: The SWES: using system-wide scenario analysis to spot systemic risks − speech by Lee Foulger
2026-06-03 03:13:57,339 | INFO | central_bank_scraper | Saved BOE Speeches: Getting the balance right: ensuring the Bank’s balance sheet can support financial stability − speech by Dave Ramsden
2026-06-03 03:14:01,103 | INFO | central_bank_scraper | Saved BOE Speeches: Back to the Future 2: Keeping inflation close to the 2% target − speech by Dave Ramsden
2026-06-03 03:14:02,895 | INFO | central_bank_scraper | Saved BOE Speeches: Managing the present, shaping the future - speech by Clare Lombardelli
2026-06-03 03:14:04,649 | INFO | central_bank_scraper | Saved BOE Speeches: The Great Moderation 20 years on – and beyond – speech by Catherine L. Mann
2026-06-03 03:14:06,353 | INFO | central_bank_scraper | Saved BOE Speeches: Beyond faster horses: Wholesale Financial Markets in the Digital Age - speech by Sasha Mills
2026-06-03 03:14:08,073 | INFO | central_bank_scraper | Saved BOE Speeches: Growth − speech by Andrew Bailey
2026-06-03 03:14:09,913 | INFO | central_bank_scraper | Saved BOE Speeches: Innovation in Digital Assets in the Financial System and the Bank − speech by Sasha Mills
2026-06-03 03:14:11,621 | INFO | central_bank_scraper | Saved BOE Speeches: Engaging with the machine: AI and financial stability − speech by Sarah Breeden
2026-06-03 03:14:14,952 | INFO | central_bank_scraper | Saved BOE Speeches: Competing for growth − speech by Sam Woods
2026-06-03 03:14:16,657 | INFO | central_bank_scraper | Saved BOE Speeches: Enhancing our national asset: Maximising the value of data collections across the financial sector − speech by James Benford
2026-06-03 03:14:19,566 | INFO | central_bank_scraper | Saved BOE Speeches: Cross-checking − speech by Huw Pill
2026-06-03 03:14:21,241 | INFO | central_bank_scraper | Saved BOE Speeches: The future of money and payments - speech by Andrew Bailey
2026-06-03 03:14:22,931 | INFO | central_bank_scraper | Saved BOE Speeches: Michael D. Gill Memorial Society Lecture − Andrew Bailey
2026-06-03 03:14:24,682 | INFO | central_bank_scraper | Saved BOE Speeches: Today’s challenges in Financial Stability: the new and the not so new - speech by Andrew Bailey
2026-06-03 03:14:26,390 | INFO | central_bank_scraper | Saved BOE Speeches: Competing on a Global Stage − speech by Shoib Khan
2026-06-03 03:14:28,196 | INFO | central_bank_scraper | Saved BOE Speeches: Financial stability at your service − speech by Sarah Breeden
2026-06-03 03:14:29,970 | INFO | central_bank_scraper | Saved BOE Speeches: A balanced approach to finishing Basel 3.1 in the UK − speech by Phil Evans
2026-06-03 03:14:33,817 | INFO | central_bank_scraper | Saved BOE Speeches: Who’s buying? The outlook for consumption in a rate cutting cycle − speech by Megan Greene
2026-06-03 03:14:35,616 | INFO | central_bank_scraper | Saved BOE Speeches: TRUSTED AI: Ethical, safe, and effective application of artificial intelligence at the Bank of England − speech by James Benford
2026-06-03 03:14:37,373 | INFO | central_bank_scraper | Saved BOE Speeches: Strong and Simple – completing the picture - speech by David Bailey
2026-06-03 03:14:39,133 | INFO | central_bank_scraper | Saved BOE Speeches: Reflecting on recent times – speech by Andrew Bailey
2026-06-03 03:14:41,216 | INFO | central_bank_scraper | Saved BOE Speeches: Let’s get ready to repo! - speech by Victoria Saporta
2026-06-03 03:14:43,091 | INFO | central_bank_scraper | Saved BOE Speeches: A multi-tool for cross-border payments: the power of Legal Entity Identifiers − speech by Victoria Cleland
2026-06-03 03:14:44,860 | INFO | central_bank_scraper | Saved BOE Speeches: A data revolution: Built together, for everyone - speech by James Benford
2026-06-03 03:14:48,933 | INFO | central_bank_scraper | Saved BOE Speeches: UK inflation: What's done and what's to come - speech by Jonathan Haskel
2026-06-03 03:14:50,750 | INFO | central_bank_scraper | Saved BOE Speeches: Late call − speech by Nathanaël Benjamin
2026-06-03 03:14:52,446 | INFO | central_bank_scraper | Saved BOE Speeches: Transformation and conjuncture − remarks by Huw Pill
2026-06-03 03:14:54,137 | INFO | central_bank_scraper | Saved BOE Speeches: Solvency UK – time to build − speech by Gareth Truran
2026-06-03 03:14:55,897 | INFO | central_bank_scraper | Saved BOE Speeches: Empower executive role model − speech by Afua Kyei
2026-06-03 03:14:57,590 | INFO | central_bank_scraper | Saved BOE Speeches: The UK’s Digital Securities Sandbox: supporting the next frontier of innovation− speech by Sasha Mills
2026-06-03 03:15:01,212 | INFO | central_bank_scraper | Saved BOE Speeches: A rich vein or fool’s gold? Economic forecasts during large shocks − speech by Swati Dhingra
2026-06-03 03:15:02,914 | INFO | central_bank_scraper | Saved BOE Speeches: Balancing the productivity opportunities of financial technology and AI against the potential risks − speech by Randall S. Kroszner
2026-06-03 03:15:04,921 | INFO | central_bank_scraper | Saved BOE Speeches: Two puzzles: recent UK labour market dynamics − speech by Megan Greene
2026-06-03 03:15:06,861 | INFO | central_bank_scraper | Saved BOE Speeches: Monsters in the deep? − speech by Jonathan Hall
2026-06-03 03:15:08,713 | INFO | central_bank_scraper | Saved BOE Speeches: From NICE… to not so nice - speech by Ben Broadbent
2026-06-03 03:15:10,710 | INFO | central_bank_scraper | Saved BOE Speeches: The importance of central bank reserves - lecture by Andrew Bailey
2026-06-03 03:15:12,437 | INFO | central_bank_scraper | Saved BOE Speeches: Building operational resilience at the heart of the financial system − speech by Sasha Mills
2026-06-03 03:15:14,184 | INFO | central_bank_scraper | Saved BOE Speeches: Modernising the trains and rails of UK payments − speech by Sarah Breeden
2026-06-03 03:15:15,854 | INFO | central_bank_scraper | Saved BOE Speeches: Private equity financing − speech by Rebecca Jackson
2026-06-03 03:15:18,779 | INFO | central_bank_scraper | Saved BOE Speeches: Not-so-private questions − speech by Nathanaël Benjamin
2026-06-03 03:15:20,520 | INFO | central_bank_scraper | Saved BOE Speeches: What’s next? Bulk annuity insurers – Regulatory developments − speech by Lisa Leaman
2026-06-03 03:15:22,393 | INFO | central_bank_scraper | Saved BOE Speeches: Market resilience, non-bank financial institutions and the central bank toolkit – practical next steps− speech by Nick Butt
2026-06-03 03:15:24,494 | INFO | central_bank_scraper | Saved BOE Speeches: A weathervane for a changing world: refreshing our data and analytics strategy − speech by James Benford
2026-06-03 03:15:27,473 | INFO | central_bank_scraper | Saved BOE Speeches: Monetary Policy Strategy − remarks by Huw Pill
2026-06-03 03:15:29,179 | INFO | central_bank_scraper | Saved BOE Speeches: The proposed UK regime for critical third parties – speech by Gareth Truran
2026-06-03 03:15:32,220 | INFO | central_bank_scraper | Saved BOE Speeches: Money’s too tight (to mention) – speech by Swati Dhingra
2026-06-03 03:15:34,011 | INFO | central_bank_scraper | Saved BOE Speeches: Engineering revisited - speech by Sarah Breeden
2026-06-03 03:15:35,928 | INFO | central_bank_scraper | Saved BOE Speeches: Worlds apart? UK inflation and monetary policy in an international context - speech by Megan Greene
2026-06-03 03:15:37,747 | INFO | central_bank_scraper | Saved BOE Speeches: Bond trading, innovation and evolution: a Bank of England Perspective − speech by Dave Ramsden
2026-06-03 03:15:39,576 | INFO | central_bank_scraper | Saved BOE Speeches: Mind the gap(s): Inflation data and prospects - speech by Catherine L. Mann
2026-06-03 03:15:41,274 | INFO | central_bank_scraper | Saved BOE Speeches: Loughborough lecture: Banking today - speech by Andrew Bailey
2026-06-03 03:15:42,985 | INFO | central_bank_scraper | Saved BOE Speeches: The Real Time Gross Settlement service: an open platform to drive innovation - speech by Victoria Cleland
2026-06-03 03:15:44,763 | INFO | central_bank_scraper | Saved BOE Speeches: Non-bank risks, financial stability and the role of private credit – speech by Lee Foulger
2026-06-03 03:15:47,556 | INFO | central_bank_scraper | Saved BOE Speeches: Monetary policy as engineering? − speech by Sarah Breeden
2026-06-03 03:15:49,275 | INFO | central_bank_scraper | Saved BOE Speeches: The weekend starts here − speech by Dave Ramsden
2026-06-03 03:15:52,191 | INFO | central_bank_scraper | Saved BOE Speeches: Signal versus noise - speech by Ben Broadbent
2026-06-03 03:15:53,887 | INFO | central_bank_scraper | Saved BOE Speeches: Clearing in the 2020s: the Bank of England's approach to policy reform and international cooperation - speech by Sasha Mills
2026-06-03 03:15:56,557 | INFO | central_bank_scraper | Saved BOE Speeches: Interconnectedness, Innovation and Unintended Consequences: What macroprudential policy can do to assess fragilities outside of the banking sector − speech by Randall S. Kroszner
2026-06-03 03:15:58,296 | INFO | central_bank_scraper | Saved BOE Speeches: The modern gatekeeper − speech by Nathanaël Benjamin
2026-06-03 03:16:00,023 | INFO | central_bank_scraper | Saved BOE Speeches: Are we there yet? A journey into monetary policy and medium-term factors − speech by Megan Greene
2026-06-03 03:16:01,755 | INFO | central_bank_scraper | Saved BOE Speeches: UK inflation since the pandemic: How did we get here and where are we going? − speech by Jonathan Haskel
2026-06-03 03:16:03,516 | INFO | central_bank_scraper | Saved BOE Speeches: Implications of current wage inflation − speech by Jonathan Haskel
2026-06-03 03:16:05,192 | INFO | central_bank_scraper | Saved BOE Speeches: Going with the flow: how liquidity risks have evolved in the higher rate environment − remarks by Dave Ramsden
2026-06-03 03:16:08,878 | INFO | central_bank_scraper | Saved BOE Speeches: Back to the future − speech by Dave Ramsden
2026-06-03 03:16:10,638 | INFO | central_bank_scraper | Saved BOE Speeches: Climate policy and monetary policy: interactions and implications - speech by Catherine L. Mann
2026-06-03 03:16:12,505 | INFO | central_bank_scraper | Saved BOE Speeches: ‘Less is more’ or ‘Less is a bore’? Re-calibrating the role of central bank reserves - speech by Andrew Hauser
2026-06-03 03:16:14,229 | INFO | central_bank_scraper | Saved BOE Speeches: Opening remarks at the 50th anniversary of the London Foreign Exchange Joint Standing Committee (FXJSC) - Andrew Bailey
2026-06-03 03:16:15,935 | INFO | central_bank_scraper | Saved BOE Speeches: Openness beats fragmentation - speech by Andrew Bailey
2026-06-03 03:16:19,653 | INFO | central_bank_scraper | Saved BOE Speeches: A measure of wheat for a penny: food price inflation in historical perspective - speech by Andrew Bailey
2026-06-03 03:16:21,342 | INFO | central_bank_scraper | Saved BOE Speeches: ISO 20022: Reaping the benefits for the payments ecosystem − remarks by Victoria Cleland
2026-06-03 03:16:23,075 | INFO | central_bank_scraper | Saved BOE Speeches: Bank failures − speech by Sam Woods
2026-06-03 03:16:24,860 | INFO | central_bank_scraper | Saved BOE Speeches: Money and payments: a ‘black ships’ moment? - speech by Jon Cunliffe
2026-06-03 03:16:26,543 | INFO | central_bank_scraper | Saved BOE Speeches: Cyber risks and operational resilience: getting prepared − speech by Elisabeth Stheeman
2026-06-03 03:16:28,400 | INFO | central_bank_scraper | Saved BOE Speeches: Competitiveness and growth: continuing the conversation − speech by Victoria Saporta
2026-06-03 03:16:30,109 | INFO | central_bank_scraper | Saved BOE Speeches: The feeling is Mutual − speech by Shoib Khan
2026-06-03 03:16:31,847 | INFO | central_bank_scraper | Saved BOE Speeches: Solvency UK: Maintaining the momentum - speech by Gareth Truran
2026-06-03 03:16:33,712 | INFO | central_bank_scraper | Saved BOE Speeches: The end of the (Libor) world as we know it – remarks by Arif Merali
2026-06-03 03:16:35,430 | INFO | central_bank_scraper | Saved BOE Speeches: A journey of 1000 miles begins with a single step: filling gaps in the central bank liquidity toolkit - speech by Andrew Hauser
2026-06-03 03:16:37,504 | INFO | central_bank_scraper | Saved BOE Speeches: The economic costs of restricting trade: the experience of the UK - speech by Ben Broadbent
2026-06-03 03:16:39,190 | INFO | central_bank_scraper | Saved BOE Speeches: Payments: it’s all change − speech by Victoria Cleland
2026-06-03 03:16:40,876 | INFO | central_bank_scraper | Saved BOE Speeches: 'Yesterday’s logic' − speech by Nathanaël Benjamin
2026-06-03 03:16:42,715 | INFO | central_bank_scraper | Saved BOE Speeches: Quantitative tightening: the story so far − speech by Dave Ramsden
2026-06-03 03:16:44,413 | INFO | central_bank_scraper | Saved BOE Speeches: New prospects for money - speech by Andrew Bailey
2026-06-03 03:16:46,116 | INFO | central_bank_scraper | Saved BOE Speeches: Global action to enhance cross-border payments − speech by Victoria Cleland
2026-06-03 03:16:47,942 | INFO | central_bank_scraper | Saved BOE Speeches: Price and monetary policy transmission in a globalised economy − speech by Swati Dhingra
2026-06-03 03:16:49,686 | INFO | central_bank_scraper | Saved BOE Speeches: The Bank of England’s approach to enforcement: a decade in the making − speech by Oliver Dearie
2026-06-03 03:16:51,380 | INFO | central_bank_scraper | Saved BOE Speeches: Financial stability risks from the non-bank sector: thinking system wide − speech by Lee Foulger
2026-06-03 03:16:53,163 | INFO | central_bank_scraper | Saved BOE Speeches: The building blocks of resilience - speech by Sarah Breeden
2026-06-03 03:16:55,052 | INFO | central_bank_scraper | Saved BOE Speeches: With leverage comes responsibility − speech by Jonathan Hall
2026-06-03 03:16:56,773 | INFO | central_bank_scraper | Saved BOE Speeches: Towards a gold standard on climate transition planning − speech by Ben Stimson
2026-06-03 03:16:58,518 | INFO | central_bank_scraper | Saved BOE Speeches: Supervision and Data − to boldly regulate as no one has regulated before − speech by Rebecca Jackson
2026-06-03 03:17:00,302 | INFO | central_bank_scraper | Saved BOE Speeches: What’s driving inflation: wages, profits, or energy prices? − speech by Jonathan Haskel
2026-06-03 03:17:02,011 | INFO | central_bank_scraper | Saved BOE Speeches: The challenges and opportunities ahead for the mutual sector − speech by David Bailey
2026-06-03 03:17:03,772 | INFO | central_bank_scraper | Saved BOE Speeches: Money: A question of purpose and trust − speech by Carolyn Wilkins
2026-06-03 03:17:05,479 | INFO | central_bank_scraper | Saved BOE Speeches: Getting inflation back to the 2% target − speech by Andrew Bailey
2026-06-03 03:17:07,164 | INFO | central_bank_scraper | Saved BOE Speeches: Climate action: approaching a tipping point? − speech by Sarah Breeden
2026-06-03 03:17:08,948 | INFO | central_bank_scraper | Saved BOE Speeches: Investing in financial stability − speech by Sarah Breeden
2026-06-03 03:17:10,772 | INFO | central_bank_scraper | Saved BOE Speeches: Quantitative easing and quantitative tightening − speech by Silvana Tenreyro
2026-06-03 03:17:12,476 | INFO | central_bank_scraper | Saved BOE Speeches: The shape of things to come: innovation in payments and money − speech by Sir Jon Cunliffe
2026-06-03 03:17:14,333 | INFO | central_bank_scraper | Saved BOE Speeches: Inflation persistence and monetary policy − speech by Huw Pill
2026-06-03 03:17:17,271 | INFO | central_bank_scraper | Saved BOE Speeches: Moderation in all things - speech by Charlotte Gerken
2026-06-03 03:17:19,187 | INFO | central_bank_scraper | Saved BOE Speeches: Monetary policy: prices versus quantities - speech by Ben Broadbent
2026-06-03 03:17:20,859 | INFO | central_bank_scraper | Saved BOE Speeches: Monetary and financial stability: lessons from recent times - speech by Andrew Bailey
2026-06-03 03:17:22,529 | INFO | central_bank_scraper | Saved BOE Speeches: Stepping into the spotlight – speech by Afua Kyei
2026-06-03 03:17:24,254 | INFO | central_bank_scraper | Saved BOE Speeches: Making progress on cross-border payments – remarks by Victoria Cleland
2026-06-03 03:17:27,306 | INFO | central_bank_scraper | Saved BOE Speeches: A cost-of-living crisis: Inflation during an unprecedented terms of trade shock - speech by Swati Dhingra
2026-06-03 03:17:29,008 | INFO | central_bank_scraper | Saved BOE Speeches: It’s not the plane, it’s the pilot - speech by Shoib Khan
2026-06-03 03:17:30,705 | INFO | central_bank_scraper | Saved BOE Speeches: Two sides of the same coin – delivering monetary and financial stability timelessly – speech by Sarah Breeden
2026-06-03 03:17:32,648 | INFO | central_bank_scraper | Saved BOE Speeches: Looking through a glass onion: lessons from the 2022 LDI intervention − speech by Andrew Hauser
2026-06-03 03:17:34,607 | INFO | central_bank_scraper | Saved BOE Speeches: Supply matters − speech by Andrew Bailey
2026-06-03 03:17:36,875 | INFO | central_bank_scraper | Saved BOE Speeches: The cost of living - speech by Andrew Bailey
2026-06-03 03:17:38,570 | INFO | central_bank_scraper | Saved BOE Speeches: Leadership, strategy and resilience − speech by Afua Kyei
2026-06-03 03:17:40,344 | INFO | central_bank_scraper | Saved BOE Speeches: The regulatory foundations of international competitiveness and growth − speech by Vicky Saporta
2026-06-03 03:17:42,021 | INFO | central_bank_scraper | Saved BOE Speeches: Fundamental Spreads − speech by Sam Woods
2026-06-03 03:17:43,773 | INFO | central_bank_scraper | Saved BOE Speeches: The digital pound − speech by Jon Cunliffe
2026-06-03 03:17:45,519 | INFO | central_bank_scraper | Saved BOE Speeches: Inflation is a ‘wicked problem’ − speech by Huw Pill
2026-06-03 03:17:49,175 | INFO | central_bank_scraper | Saved BOE Speeches: Expectations, lags, and the transmission of monetary policy - speech by Catherine L. Mann
2026-06-03 03:17:51,024 | INFO | central_bank_scraper | Saved BOE Speeches: Turning Points and Monetary Policy Strategy - speech by Catherine L. Mann
2026-06-03 03:17:52,737 | INFO | central_bank_scraper | Saved BOE Speeches: UK monetary policy outlook − speech by Huw Pill
2026-06-03 03:17:54,432 | INFO | central_bank_scraper | Saved BOE Speeches: Implementing Basel 3.1 in the UK − speech by Phil Evans
2026-06-03 03:17:56,359 | INFO | central_bank_scraper | Saved BOE Speeches: The path to 2 per cent − speech by Silvana Tenreyro
2026-06-03 03:17:58,062 | INFO | central_bank_scraper | Saved BOE Speeches: Risks from leverage: how did a small corner of the pensions industry threaten financial stability? − speech by Sarah Breeden
2026-06-03 03:18:00,480 | INFO | central_bank_scraper | Saved BOE Speeches: Recent UK monetary policy in a changing economy − speech by Jonathan Haskel
2026-06-03 03:18:02,190 | INFO | central_bank_scraper | Saved BOE Speeches: Reflections on DeFi, digital currencies and regulation - speech by Jon Cunliffe
2026-06-03 03:18:03,873 | INFO | central_bank_scraper | Saved BOE Speeches: Monetary policy and central bank asset purchases: Substitutes and complements − speech by Huw Pill
2026-06-03 03:18:07,489 | INFO | central_bank_scraper | Saved BOE Speeches: That was the year that was − speech by Dave Ramsden
2026-06-03 03:18:09,206 | INFO | central_bank_scraper | Saved BOE Speeches: Building trust in macroprudential policy − speech by Colette Bowe
2026-06-03 03:18:10,908 | INFO | central_bank_scraper | Saved BOE Speeches: Challenge, convene, collaborate and create − speech by Sir Dave Ramsden
2026-06-03 03:18:14,595 | INFO | central_bank_scraper | Saved BOE Speeches: Thirteen days in October: how central bank balance sheets can support monetary and financial stability − speech by Andrew Hauser
2026-06-03 03:18:16,332 | INFO | central_bank_scraper | Saved BOE Speeches: The nature of risk − speech by Sarah Breeden
2026-06-03 03:18:18,083 | INFO | central_bank_scraper | Saved BOE Speeches: Growth and competitiveness − speech by Sam Woods
2026-06-03 03:18:19,780 | INFO | central_bank_scraper | Saved BOE Speeches: Monetary policy: an anchor in challenging times - speech by Huw Pill
2026-06-03 03:18:21,671 | INFO | central_bank_scraper | Saved BOE Speeches: Shocks, inflation, and the policy response − speech by Dave Ramsden
2026-06-03 03:18:23,393 | INFO | central_bank_scraper | Saved BOE Speeches: Current monetary policy – opening remarks by Jonathan Haskel
2026-06-03 03:18:25,110 | INFO | central_bank_scraper | Saved BOE Speeches: Governance of “Decentralised” Finance: Get up, Stand up! − speech by Carolyn Wilkins
2026-06-03 03:18:26,809 | INFO | central_bank_scraper | Saved BOE Speeches: The inflationary consequences of real shocks − speech by Ben Broadbent
2026-06-03 03:18:28,525 | INFO | central_bank_scraper | Saved BOE Speeches: Monetary policy and financial stability interventions in difficult times − speech by Andrew Bailey
2026-06-03 03:18:30,230 | INFO | central_bank_scraper | Saved BOE Speeches: The PRA's future approach to policy − speech by Vicky Saporta
2026-06-03 03:18:31,953 | INFO | central_bank_scraper | Saved BOE Speeches: Innovation in post trade services - opportunities, risks and the role for the public sector − speech by Sir Jon Cunliffe
2026-06-03 03:18:33,648 | INFO | central_bank_scraper | Saved BOE Speeches: Recent developments in the economy and markets − speech by Huw Pill
2026-06-03 03:18:35,340 | INFO | central_bank_scraper | Saved BOE Speeches: Message received and understood − speech by Dave Ramsden
2026-06-03 03:18:37,071 | INFO | central_bank_scraper | Saved BOE Speeches: Household indebtedness and financial stability − speech by Colette Bowe
2026-06-03 03:18:40,686 | INFO | central_bank_scraper | Saved BOE Speeches: Who’s concentrating? Trends in the life insurance sector and the need for strong reinsurance and investment risk management − speech by Charlotte Gerken
2026-06-03 03:18:42,653 | INFO | central_bank_scraper | Saved BOE Speeches: Inflation expectations, inflation persistence, and monetary policy strategy – speech by Catherine L. Mann
2026-06-03 03:18:44,409 | INFO | central_bank_scraper | Saved BOE Speeches: Capital and (for a change) Liquidity Buffers − speech by Victoria Saporta
2026-06-03 03:18:46,172 | INFO | central_bank_scraper | Saved BOE Speeches: Solvency II: Striking the balance − speech by Sam Woods
2026-06-03 03:18:47,957 | INFO | central_bank_scraper | Saved BOE Speeches: New tides − speech by Nathanaël Benjamin
2026-06-03 03:18:49,930 | INFO | central_bank_scraper | Saved BOE Speeches: Some reflections on Monetary Policy past, present and future − speech by Michael Saunders
2026-06-03 03:18:51,605 | INFO | central_bank_scraper | Saved BOE Speeches: Some lessons from the Crypto Winter − speech by Sir Jon Cunliffe
2026-06-03 03:18:53,306 | INFO | central_bank_scraper | Saved BOE Speeches: Economic outlook − speech by Huw Pill
2026-06-03 03:18:55,061 | INFO | central_bank_scraper | Saved BOE Speeches: Returning inflation to target − speech by Huw Pill
2026-06-03 03:18:56,774 | INFO | central_bank_scraper | Saved BOE Speeches: It’s the risk management, stupid! − speech by Anil Kashyap
2026-06-03 03:19:00,281 | INFO | central_bank_scraper | Saved BOE Speeches: The economic landscape: structural change, global R * and the missing-investment puzzle − speech by Andrew Bailey
2026-06-03 03:19:01,966 | INFO | central_bank_scraper | Saved BOE Speeches: Bringing inflation back to the 2% target, no ifs no buts − speech by Andrew Bailey
2026-06-03 03:19:04,952 | INFO | central_bank_scraper | Saved BOE Speeches: Rowing in unison to enhance cross-border payments − speech by Victoria Cleland
2026-06-03 03:19:07,878 | INFO | central_bank_scraper | Saved BOE Speeches: What did the monetarists ever do for us? − speech by Huw Pill
2026-06-03 03:19:10,872 | INFO | central_bank_scraper | Saved BOE Speeches: Competitiveness and productive investment: What parts do they play in the reform of insurance regulation? – speech by Charlotte Gerken
2026-06-03 03:19:12,728 | INFO | central_bank_scraper | Saved BOE Speeches: UK monetary policy in the context of global spillovers – speech by Catherine L. Mann
2026-06-03 03:19:14,760 | INFO | central_bank_scraper | Saved BOE Speeches: Climate Biennial Exploratory Scenario: Insurance Insights – speech by Stefan Claus
2026-06-03 03:19:18,368 | INFO | central_bank_scraper | Saved BOE Speeches: Old dogs, new tricks: adapting central bank balance sheets to a world of digital currencies - remarks by Andrew Hauser
2026-06-03 03:19:20,394 | INFO | central_bank_scraper | Saved BOE Speeches: Navigating market signals: MaPS for policy makers – remarks by Andrea Rosen
2026-06-03 03:19:22,119 | INFO | central_bank_scraper | Saved BOE Speeches: Climate capital − speech by Sam Woods
2026-06-03 03:19:24,006 | INFO | central_bank_scraper | Saved BOE Speeches: The route back to 2% inflation − speech by Michael Saunders
2026-06-03 03:19:25,819 | INFO | central_bank_scraper | Saved BOE Speeches: The economic situation and monetary policy − speech by Huw Pill
2026-06-03 03:19:27,572 | INFO | central_bank_scraper | Saved BOE Speeches: What will operational resilience look like going forward? An overview of the supervisory regulatory position − speech by Duncan Mackinnon
2026-06-03 03:19:29,335 | INFO | central_bank_scraper | Saved BOE Speeches: Central clearing: three lessons and a path forward − speech by Christina Segal-Knowles
2026-06-03 03:19:31,096 | INFO | central_bank_scraper | Saved BOE Speeches: Four Rs: Creating the conditions for long-term sustainable growth in the life annuity sector – speech by Charlotte Gerken
2026-06-03 03:19:32,784 | INFO | central_bank_scraper | Saved BOE Speeches: Opening remarks at OeNB monetary policy panel by Andrew Bailey
2026-06-03 03:19:34,569 | INFO | central_bank_scraper | Saved BOE Speeches: Balancing on the net-zero tightrope − speech by Sarah Breeden
2026-06-03 03:19:36,280 | INFO | central_bank_scraper | Saved BOE Speeches: Macropru – fit for the future? − speech by Sarah Breeden
2026-06-03 03:19:37,967 | INFO | central_bank_scraper | Saved BOE Speeches: Bufferati - speech by Sam Woods
2026-06-03 03:19:39,742 | INFO | central_bank_scraper | Saved BOE Speeches: Monetary and financial stability and the invasion of Ukraine − speech by Jon Cunliffe
2026-06-03 03:19:41,443 | INFO | central_bank_scraper | Saved BOE Speeches: Why macroprudential policy needs to tackle financial stability risks from climate change − speech by Elisabeth Stheeman
2026-06-03 03:19:43,124 | INFO | central_bank_scraper | Saved BOE Speeches: Operational resilience: next steps on the PRA’s supervisory roadmap − speech by David Bailey
2026-06-03 03:19:44,996 | INFO | central_bank_scraper | Saved BOE Speeches: A monetary policymaker faces uncertainty − speech by Catherine L Mann
2026-06-03 03:19:46,682 | INFO | central_bank_scraper | Saved BOE Speeches: The future of international insurance in the UK − speech by Alan Sheppard
2026-06-03 03:19:48,385 | INFO | central_bank_scraper | Saved BOE Speeches: The road to enhanced payments - speech by Victoria Cleland
2026-06-03 03:19:50,345 | INFO | central_bank_scraper | Saved BOE Speeches: The UK economic outlook and monetary policy - speech by Michael Saunders
2026-06-03 03:19:52,094 | INFO | central_bank_scraper | Saved BOE Speeches: Recollections on financial stability - speech by Jon Cunliffe
2026-06-03 03:19:53,770 | INFO | central_bank_scraper | Saved BOE Speeches: The PRA’s supervisory priorities for the insurance sector in 2022 - speech by Charlotte Gerken
2026-06-03 03:19:55,633 | INFO | central_bank_scraper | Saved BOE Speeches: Reliable partners – speech by Ben Broadbent
2026-06-03 03:19:57,978 | INFO | central_bank_scraper | Saved BOE Speeches: The economy and policy trade-offs - speech by Silvana Tenreyro
2026-06-03 03:19:59,692 | INFO | central_bank_scraper | Saved BOE Speeches: Learning from the dash for cash – findings and next steps for margining practices - speech by Sir Jon Cunliffe
2026-06-03 03:20:03,343 | INFO | central_bank_scraper | Saved BOE Speeches: Monetary policy with a steady hand - speech by Huw Pill
2026-06-03 03:20:05,089 | INFO | central_bank_scraper | Saved BOE Speeches: Shocks, uncertainty, and the monetary policy response - speech by Dave Ramsden
2026-06-03 03:20:06,774 | INFO | central_bank_scraper | Saved BOE Speeches: A resilient financial system - speech by Andrew Bailey
2026-06-03 03:20:10,309 | INFO | central_bank_scraper | Saved BOE Speeches: On returning inflation back to target - speech by Catherine L Mann
2026-06-03 03:20:12,267 | INFO | central_bank_scraper | Saved BOE Speeches: The outlook for inflation and monetary policy - speech by Michael Saunders
2026-06-03 03:20:16,063 | INFO | central_bank_scraper | Saved BOE Speeches: Lags, trade-offs and the challenges facing monetary policy - speech by Ben Broadbent
2026-06-03 03:20:17,754 | INFO | central_bank_scraper | Saved BOE Speeches: Reforming Solvency II: Delivering policyholder protection - speech by Andrew Bailey
2026-06-03 03:20:21,864 | INFO | central_bank_scraper | Saved BOE Speeches: Inflation now and then - speech by Jonathan Haskel
2026-06-03 03:20:23,601 | INFO | central_bank_scraper | Saved BOE Speeches: UK Monetary Policy – ‘Crossing the river by feeling the stones’ - speech by Huw Pill
2026-06-03 03:20:27,186 | INFO | central_bank_scraper | Saved BOE Speeches: The UK’s approach to cross-border clearing - speech by Christina Segal-Knowles
2026-06-03 03:20:28,890 | INFO | central_bank_scraper | Saved BOE Speeches: The PRA’s role in improving the processes that support insurers’ investment - speech by Charlotte Gerken
2026-06-03 03:20:32,507 | INFO | central_bank_scraper | Saved BOE Speeches: Under the western sky: the crypto frontier - speech by Carolyn A Wilkins
2026-06-03 03:20:34,325 | INFO | central_bank_scraper | Saved BOE Speeches: Laying the Foundations for a Net Zero Financial System - speech by Andrew Bailey
2026-06-03 03:20:37,824 | INFO | central_bank_scraper | Saved BOE Speeches: International trade, global supply chains and monetary policy - speech by Silvana Tenreyro
2026-06-03 03:20:39,580 | INFO | central_bank_scraper | Saved BOE Speeches: Is ‘crypto’ a financial stability risk? - speech by Jon Cunliffe
2026-06-03 03:20:41,272 | INFO | central_bank_scraper | Saved BOE Speeches: Adaptability and resilience in the mutuals sector - speech by Charlotte Gerken
2026-06-03 03:20:42,966 | INFO | central_bank_scraper | Saved BOE Speeches: Prudentist - speech by Sam Woods
2026-06-03 03:20:44,746 | INFO | central_bank_scraper | Saved BOE Speeches: Solvency II Review: Unlocking the potential - speech by Gareth Truran
2026-06-03 03:20:48,506 | INFO | central_bank_scraper | Saved BOE Speeches: Bigger, broader, faster, stronger? How much should tomorrow’s central bank balance sheets do – and what should we leave to financial markets? Some principles for good parenting - speech by Andrew Hauser
2026-06-03 03:20:50,194 | INFO | central_bank_scraper | Saved BOE Speeches: The hard yards - speech by Andrew Bailey
2026-06-03 03:20:52,033 | INFO | central_bank_scraper | Saved BOE Speeches: Emerging prudential lessons from the Covid stress - speech by Victoria Saporta
2026-06-03 03:20:55,651 | INFO | central_bank_scraper | Saved BOE Speeches: Mismatch - speech by Ben Broadbent
2026-06-03 03:20:59,167 | INFO | central_bank_scraper | Saved BOE Speeches: Accessible FX market disclosures: Transparency for a virtual environment - speech by Rohan Churm
2026-06-03 03:21:01,112 | INFO | central_bank_scraper | Saved BOE Speeches: The inflation outlook - speech by Michael Saunders
2026-06-03 03:21:03,641 | INFO | central_bank_scraper | Saved BOE Speeches: Will the pandemic “scar” the economy? - remarks by Jonathan Haskel
2026-06-03 03:21:05,424 | INFO | central_bank_scraper | Saved BOE Speeches: Future world of work - speech by Joanna Place
2026-06-03 03:21:09,088 | INFO | central_bank_scraper | Saved BOE Speeches: Running out of room: revisiting the 3D perspective on low interest rates - Gertjan Vlieghe
2026-06-03 03:21:12,153 | INFO | central_bank_scraper | Saved BOE Speeches: Navigating the economy through the Covid crisis - speech by Dave Ramsden
2026-06-03 03:21:13,843 | INFO | central_bank_scraper | Saved BOE Speeches: It’s a recovery, but not as we know it - speech by Andrew Bailey
2026-06-03 03:21:16,562 | INFO | central_bank_scraper | Saved BOE Speeches: A new dawn for payments - speech by Victoria Cleland
2026-06-03 03:21:18,360 | INFO | central_bank_scraper | Saved BOE Speeches: Central Bank Digital Currency: An update on the Bank of England’s work - speech by Tom Mutton
2026-06-03 03:21:20,082 | INFO | central_bank_scraper | Saved BOE Speeches: Stablecoins: What’s old is new again - speech by Christina Segal-Knowles
2026-06-03 03:21:21,756 | INFO | central_bank_scraper | Saved BOE Speeches: Solvency II Review: Protecting Policyholders while improving the regime - speech by Anna Sweeney
2026-06-03 03:21:25,038 | INFO | central_bank_scraper | Saved BOE Speeches: Thirty years of hurt, never stopped me dreaming - speech by Andy Haldane
2026-06-03 03:21:26,719 | INFO | central_bank_scraper | Saved BOE Speeches: Tackling climate for real: the role of central banks - speech by Andrew Bailey
2026-06-03 03:21:28,410 | INFO | central_bank_scraper | Saved BOE Speeches: Innovation to serve the public interest - speech by Andrew Bailey
2026-06-03 03:21:30,112 | INFO | central_bank_scraper | Saved BOE Speeches: Tackling climate for real: progress and next steps - speech by Andrew Bailey
2026-06-03 03:21:31,925 | INFO | central_bank_scraper | Saved BOE Speeches: Climate change – Plotting our course to Net Zero - speech by Sarah Breeden
2026-06-03 03:21:33,649 | INFO | central_bank_scraper | Saved BOE Speeches: Mutual interests - speech by Sam Woods
2026-06-03 03:21:35,325 | INFO | central_bank_scraper | Saved BOE Speeches: Operational resilience – outcomes in practice - speech by Lyndon Nelson
2026-06-03 03:21:37,017 | INFO | central_bank_scraper | Saved BOE Speeches: Cyber Risk: 2015 to 2027 and the Penrose steps - speech by Lyndon Nelson
2026-06-03 03:21:38,821 | INFO | central_bank_scraper | Saved BOE Speeches: Building financial market resilience: From diagnosis to prescription - speech by Jonathan Hall
2026-06-03 03:21:42,498 | INFO | central_bank_scraper | Saved BOE Speeches: Housing – the quiet decade - speech by Jon Cunliffe
2026-06-03 03:21:44,219 | INFO | central_bank_scraper | Saved BOE Speeches: Do we need ‘public money’? - speech by Jon Cunliffe
2026-06-03 03:21:48,123 | INFO | central_bank_scraper | Saved BOE Speeches: What are government bond yields telling us about the economic outlook? - speech by Gertjan Vlieghe
2026-06-03 03:21:49,794 | INFO | central_bank_scraper | Saved BOE Speeches: Responsible openness in the Insurance Sector - speech by Anna Sweeney
2026-06-03 03:21:53,752 | INFO | central_bank_scraper | Saved BOE Speeches: It’s not easy being green – but that shouldn’t stop us: how central banks can use their monetary policy portfolios to support orderly transition to net zero - speech by Andrew Hauser
2026-06-03 03:21:55,458 | INFO | central_bank_scraper | Saved BOE Speeches: Taking our second chance to make MMFs more resilient - speech by Andrew Bailey
2026-06-03 03:21:57,197 | INFO | central_bank_scraper | Saved BOE Speeches: Descending safely: Life after Libor - speech by Andrew Bailey
2026-06-03 03:21:58,959 | INFO | central_bank_scraper | Saved BOE Speeches: Building strong and simple: the first step - speech by Victoria Saporta
2026-06-03 03:22:00,661 | INFO | central_bank_scraper | Saved BOE Speeches: From master masons to information architects: how standards can transform reporting (and bring benefits well beyond it) - speech by Gareth Ramsay
2026-06-03 03:22:02,383 | INFO | central_bank_scraper | Saved BOE Speeches: The Bank of England and fintech: public support for private innovation - speech by Dave Ramsden
2026-06-03 03:22:04,103 | INFO | central_bank_scraper | Saved BOE Speeches: Developments in the PRA’s supervision of annuity providers - speech by Charlotte Gerken
2026-06-03 03:22:05,816 | INFO | central_bank_scraper | Saved BOE Speeches: Meeting varied people - speech by Andrew Bailey
2026-06-03 03:22:07,545 | INFO | central_bank_scraper | Saved BOE Speeches: Opening remarks: meeting varied people - speech by Andrea Rosen
2026-06-03 03:22:11,185 | INFO | central_bank_scraper | Saved BOE Speeches: Response to the Covid-19 pandemic: UK and US experiences - Speech by Silvana Tenreyro
2026-06-03 03:22:12,910 | INFO | central_bank_scraper | Saved BOE Speeches: Brave new world - speech by Sam Woods
2026-06-03 03:22:15,779 | INFO | central_bank_scraper | Saved BOE Speeches: Supply and demand during and after the pandemic - speech by Michael Saunders
2026-06-03 03:22:19,424 | INFO | central_bank_scraper | Saved BOE Speeches: Remarks on challenges to the economic outlook - speech by Jonathan Haskel
2026-06-03 03:22:21,123 | INFO | central_bank_scraper | Saved BOE Speeches: Banknote character - speech by Andrew Bailey
2026-06-03 03:22:24,455 | INFO | central_bank_scraper | Saved BOE Speeches: Getting over Covid - speech by Andrew Bailey
2026-06-03 03:22:27,768 | INFO | central_bank_scraper | Saved BOE Speeches: An update on the economic outlook - speech by Gertjan Vlieghe
2026-06-03 03:22:31,374 | INFO | central_bank_scraper | Saved BOE Speeches: QE as an economic policy tool - what does it do and how should we use it? - speech by Dave Ramsden
2026-06-03 03:22:33,154 | INFO | central_bank_scraper | Saved BOE Speeches: The UK’s progress on resolvability - speech by Dave Ramsden
2026-06-03 03:22:34,878 | INFO | central_bank_scraper | Saved BOE Speeches: Goldilocks and the three pillars: how much capital is just right? - speech by Anna Sweeney
2026-06-03 03:22:36,618 | INFO | central_bank_scraper | Saved BOE Speeches: Inflation: a tiger by the tail? - speech by Andy Haldane
2026-06-03 03:22:38,300 | INFO | central_bank_scraper | Saved BOE Speeches: The case for an open financial system - speech by Andrew Bailey
2026-06-03 03:22:39,973 | INFO | central_bank_scraper | Saved BOE Speeches: Modern challenges for the modern central bank: perspectives from the Bank of England - speech by Andrew Bailey
2026-06-03 03:22:43,720 | INFO | central_bank_scraper | Saved BOE Speeches: Let’s talk about negative interest rates - speech by Silvana Tenreyro
2026-06-03 03:22:45,404 | INFO | central_bank_scraper | Saved BOE Speeches: Responsible openness: The PRA’s approach to supervising banks - speech by David Bailey
2026-06-03 03:22:49,345 | INFO | central_bank_scraper | Saved BOE Speeches: Lessons from the pandemic: Has the simpler post-2008 financial system held up? And where do we go from here? - speech by Christina Segal-Knowles
2026-06-03 03:22:52,985 | INFO | central_bank_scraper | Saved BOE Speeches: Covid and the composition of spending - speech by Ben Broadbent
2026-06-03 03:22:56,202 | INFO | central_bank_scraper | Saved BOE Speeches: Why central banks need new tools for dealing with market dysfunction - speech by Andrew Hauser
2026-06-03 03:22:56,219 | INFO | central_bank_scraper | Finished BOE: {'bank': 'BOE', 'saved': 389, 'skipped': 5, 'failed': 0}
2026-06-03 03:23:05,719 | INFO | central_bank_scraper | Starting BOC
2026-06-03 03:23:41,492 | INFO | central_bank_scraper | BOC Monetary Policy discovered 1 candidates
2026-06-03 03:23:44,689 | INFO | central_bank_scraper | Saved BOC Monetary Policy: Monetary Policy Report—April 2026
2026-06-03 03:23:57,475 | INFO | central_bank_scraper | BOC Speeches discovered 1 candidates
2026-06-03 03:24:00,361 | INFO | central_bank_scraper | Saved BOC Speeches: BOC Speeches
2026-06-03 03:24:00,379 | INFO | central_bank_scraper | Finished BOC: {'bank': 'BOC', 'saved': 2, 'skipped': 0, 'failed': 0}
2026-06-03 03:24:06,220 | INFO | central_bank_scraper | Starting RIKSBANK
2026-06-03 03:24:18,687 | INFO | central_bank_scraper | RIKSBANK Monetary Policy discovered 10 candidates
2026-06-03 03:24:21,500 | INFO | central_bank_scraper | Saved RIKSBANK Monetary Policy: 07/05/2026 Monetary policy decision May 2026
2026-06-03 03:24:24,150 | INFO | central_bank_scraper | Saved RIKSBANK Monetary Policy: 19/03/2026 Monetary policy decision March 2026
2026-06-03 03:24:26,837 | INFO | central_bank_scraper | Saved RIKSBANK Monetary Policy: 29/01/2026 Monetary policy decision January 2026
2026-06-03 03:24:29,995 | INFO | central_bank_scraper | Saved RIKSBANK Monetary Policy: 18/12/2025 Monetary policy decision December 2025
2026-06-03 03:24:32,423 | INFO | central_bank_scraper | Saved RIKSBANK Monetary Policy: 05/11/2025 Monetary policy decision November 2025
2026-06-03 03:24:35,489 | INFO | central_bank_scraper | Saved RIKSBANK Monetary Policy: 23/09/2025 Monetary policy decision September 2025
2026-06-03 03:24:38,368 | INFO | central_bank_scraper | Saved RIKSBANK Monetary Policy: 20/08/2025 Monetary policy decision August 2025
2026-06-03 03:24:41,542 | INFO | central_bank_scraper | Saved RIKSBANK Monetary Policy: 18/06/2025 Monetary policy decision June 2025
2026-06-03 03:24:44,259 | INFO | central_bank_scraper | Saved RIKSBANK Monetary Policy: 08/05/2025 Monetary policy decision May 2025
2026-06-03 03:24:46,931 | INFO | central_bank_scraper | Saved RIKSBANK Monetary Policy: 20/03/2025 Monetary policy decision March 2025
2026-06-03 03:24:57,685 | INFO | central_bank_scraper | RIKSBANK Speeches discovered 10 candidates
2026-06-03 03:25:00,492 | INFO | central_bank_scraper | Saved RIKSBANK Speeches: Presentation Executive Board in Finance Committee hearing on monetary policy in 2025 Date: 26/05/2026 Speaker: Erik Thedéen Governor Place: The Committee on Finance
2026-06-03 03:25:03,256 | INFO | central_bank_scraper | Saved RIKSBANK Speeches: Speech Göran Hjelm: Economic policy interaction a strength for the Swedish economy Date: 22/05/2026 Speaker: Göran Hjelm Deputy Governor Place: The Riksbank, Brunkebergstorg 11
2026-06-03 03:25:06,012 | INFO | central_bank_scraper | Saved RIKSBANK Speeches: Presentation Per Jansson: Low inflation provides a good starting point, but we need to be vigilant Date: 20/05/2026 Speaker: Per Jansson Deputy Governor Place: DNB Carnegie
2026-06-03 03:25:08,698 | INFO | central_bank_scraper | Saved RIKSBANK Speeches: Speech Bunge: AI is everywhere now, but how does it affect monetary policy? Date: 19/05/2026 Speaker: Aino Bunge First Deputy Governor Place: The conference "Morgondagens Samhälle" in Stockholm
2026-06-03 03:25:11,355 | INFO | central_bank_scraper | Saved RIKSBANK Speeches: Presentation Anna Seim in Umeå: Protracted conflict in the Middle East risks disrupting global value chains Date: 23/04/2026 Speaker: Anna Seim Deputy Governor Place: Umeå
2026-06-03 03:25:14,070 | INFO | central_bank_scraper | Saved RIKSBANK Speeches: Speech Thedéen: Difficult monetary policy trade-off in the event of supply shocks Date: 22/04/2026 Speaker: Erik Thedéen Governor
2026-06-03 03:25:18,575 | INFO | central_bank_scraper | Saved RIKSBANK Speeches: Speech Thedéen: Vulnerabilities and resilience in a new world order Date: 20/04/2026 Speaker: Erik Thedéen Governor Place: Hanaholmen, Finland
2026-06-03 03:25:21,212 | INFO | central_bank_scraper | Saved RIKSBANK Speeches: Presentation Per Jansson: Important that confidence in the inflation target remains high Date: 16/04/2026 Speaker: Per Jansson Deputy Governor
2026-06-03 03:25:24,091 | INFO | central_bank_scraper | Saved RIKSBANK Speeches: Presentation Aino Bunge: The Riksbank’s role in turbulent times Date: 14/04/2026 Speaker: Aino Bunge First Deputy Governor Place: AMF’s spring forum
2026-06-03 03:25:26,578 | INFO | central_bank_scraper | Saved RIKSBANK Speeches: Presentation Per Jansson: Focus on inflation in uncertain times Date: 31/03/2026 Speaker: Per Jansson Deputy Governor Place: Danske Bank
2026-06-03 03:25:26,595 | INFO | central_bank_scraper | Finished RIKSBANK: {'bank': 'RIKSBANK', 'saved': 20, 'skipped': 0, 'failed': 0}
2026-06-03 03:25:33,014 | INFO | central_bank_scraper | Starting NORGES_BANK
2026-06-03 03:25:38,973 | INFO | central_bank_scraper | NORGES_BANK Monetary Policy discovered 9 candidates
2026-06-03 03:25:41,068 | INFO | central_bank_scraper | Saved NORGES_BANK Monetary Policy: Pengepolitisk rapport 1/2026
2026-06-03 03:25:44,230 | INFO | central_bank_scraper | Saved NORGES_BANK Monetary Policy: Pengepolitisk rapport 4/2025
2026-06-03 03:25:46,313 | INFO | central_bank_scraper | Saved NORGES_BANK Monetary Policy: Pengepolitisk rapport 2/2025
2026-06-03 03:25:48,387 | INFO | central_bank_scraper | Saved NORGES_BANK Monetary Policy: Pengepolitisk rapport 1/2025
2026-06-03 03:25:50,404 | INFO | central_bank_scraper | Saved NORGES_BANK Monetary Policy: Pengepolitisk rapport 4/2024
2026-06-03 03:25:52,470 | INFO | central_bank_scraper | Saved NORGES_BANK Monetary Policy: Pengepolitisk rapport 3/2024
2026-06-03 03:25:54,486 | INFO | central_bank_scraper | Saved NORGES_BANK Monetary Policy: Pengepolitisk rapport 2/2024
2026-06-03 03:25:56,569 | INFO | central_bank_scraper | Saved NORGES_BANK Monetary Policy: Pengepolitisk rapport 1/2024
2026-06-03 03:25:58,650 | INFO | central_bank_scraper | Saved NORGES_BANK Monetary Policy: Pengepolitisk rapport 4/2023
2026-06-03 03:26:02,365 | INFO | central_bank_scraper | NORGES_BANK Speeches discovered 10 candidates
2026-06-03 03:26:05,570 | INFO | central_bank_scraper | Saved NORGES_BANK Speeches: Policy rate kept unchanged at 4 percent
2026-06-03 03:26:07,647 | INFO | central_bank_scraper | Saved NORGES_BANK Speeches: Monetary policy and the Norwegian economy
2026-06-03 03:26:09,712 | INFO | central_bank_scraper | Saved NORGES_BANK Speeches: Remarks by Governor Ida Wolden Bache at the Central Bank of Chile
2026-06-03 03:26:11,745 | INFO | central_bank_scraper | Saved NORGES_BANK Speeches: Speech by Governor Ida Wolden Bache at the 8th Annual Research Conference of the Dutch Central Bank
2026-06-03 03:26:13,746 | INFO | central_bank_scraper | Saved NORGES_BANK Speeches: Policy rate kept unchanged at 4 percent
2026-06-03 03:26:15,779 | INFO | central_bank_scraper | Saved NORGES_BANK Speeches: A well-balanced payment system
2026-06-03 03:26:17,824 | INFO | central_bank_scraper | Saved NORGES_BANK Speeches: Climate change and monetary policy
2026-06-03 03:26:19,889 | INFO | central_bank_scraper | Saved NORGES_BANK Speeches: Policy rate reduced to 4 percent
2026-06-03 03:26:22,033 | INFO | central_bank_scraper | Saved NORGES_BANK Speeches: Cautious normalisation of the policy rate
2026-06-03 03:26:24,034 | INFO | central_bank_scraper | Saved NORGES_BANK Speeches: Policy rate reduced
2026-06-03 03:26:24,050 | INFO | central_bank_scraper | Finished NORGES_BANK: {'bank': 'NORGES_BANK', 'saved': 19, 'skipped': 0, 'failed': 0}
2026-06-03 03:26:24,064 | INFO | central_bank_scraper | Scraper runner finished
2026-06-03 12:52:08,287 | INFO | central_bank_scraper | Starting SNB
2026-06-03 12:52:12,036 | INFO | central_bank_scraper | SNB Monetary Policy discovered 21 candidates
2026-06-03 12:52:26,360 | INFO | central_bank_scraper | SNB Speeches discovered 103 candidates
2026-06-03 12:52:28,946 | INFO | central_bank_scraper | Saved SNB Speeches: Martin Schlegel / Antoine Martin / Petra Tschudin, Chairman of the Governing Board / Vice Chairman of the Governing Board / Member of the Governing Board Introductory remarks, news conference ﻿
2026-06-03 12:52:30,947 | INFO | central_bank_scraper | Saved SNB Speeches: Martin Schlegel, Chairman of the Governing Board Aktuelle Wirtschaftslage und Geldpolitik ﻿
2026-06-03 12:52:32,974 | INFO | central_bank_scraper | Saved SNB Speeches: Martin Schlegel, Chairman of the Governing Board The path to the monetary policy decision at the SNB ﻿
2026-06-03 12:52:35,086 | INFO | central_bank_scraper | Saved SNB Speeches: Petra Tschudin, Member of the Governing Board Geld- und währungspolitische Herausforderungen ﻿
2026-06-03 12:52:37,215 | INFO | central_bank_scraper | Saved SNB Speeches: Petra Tschudin / Thomas Moser, Member of the Governing Board / Alternate Member of the Governing Board Bank funding costs: latest developments from a monetary policy perspective ﻿
2026-06-03 12:52:39,220 | INFO | central_bank_scraper | Saved SNB Speeches: Antoine Martin, Vice Chairman of the Governing Board The Swiss National Bank, its monetary policy, and the Swiss economy: key insights ﻿
2026-06-03 12:52:41,234 | INFO | central_bank_scraper | Saved SNB Speeches: Petra Tschudin, Member of the Governing Board Aktuelle Herausforderungen der Geldpolitik ﻿
2026-06-03 12:52:43,278 | INFO | central_bank_scraper | Saved SNB Speeches: Martin Schlegel, Chairman of the Governing Board The Swiss National Bank - mandate, challenges and approach to CBDC ﻿
2026-06-03 12:52:45,314 | INFO | central_bank_scraper | Saved SNB Speeches: Petra Tschudin, Member of the Governing Board Monetary policy implementation at the SNB ﻿
2026-06-03 12:52:47,404 | INFO | central_bank_scraper | Saved SNB Speeches: Martin Schlegel, Chairman of the Governing Board Wirtschaftslage und Geldpolitik der SNB ﻿
2026-06-03 12:52:49,412 | INFO | central_bank_scraper | Saved SNB Speeches: Martin Schlegel, Chairman of the Governing Board Ninth Karl Brunner Distinguished Lecture - Introduction of John H. Cochrane ﻿
2026-06-03 12:52:51,424 | INFO | central_bank_scraper | Saved SNB Speeches: Petra Tschudin, Member of the Governing Board Current economic situation and monetary policy ﻿
2026-06-03 12:52:53,500 | INFO | central_bank_scraper | Saved SNB Speeches: Martin Schlegel, Chairman of the Governing Board Situation économique et politique monétaire ﻿
2026-06-03 12:52:55,538 | INFO | central_bank_scraper | Saved SNB Speeches: Martin Schlegel / Antoine Martin / Petra Tschudin, Chairman of the Governing Board / Vice Chairman of the Governing Board / Member of the Governing Board Introductory remarks, news conference ﻿
2026-06-03 12:52:57,595 | INFO | central_bank_scraper | Saved SNB Speeches: Martin Schlegel, Chairman of the Governing Board Communication - an important element in fulfilling the SNB's mandate ﻿
2026-06-03 12:52:59,628 | INFO | central_bank_scraper | Saved SNB Speeches: Martin Schlegel / Antoine Martin / Petra Tschudin, Chairman of the Governing Board / Vice Chairman of the Governing Board / Member of the Governing Board Introductory remarks, news conference ﻿
2026-06-03 12:53:01,734 | INFO | central_bank_scraper | Saved SNB Speeches: Martin Schlegel, Chairman of the Governing Board Introductory remarks, TBTF news conference ﻿
2026-06-03 12:53:03,811 | INFO | central_bank_scraper | Saved SNB Speeches: Antoine Martin, Vice Chairman of the Governing Board The Extended Liquidity Facility (ELF): the next step in the SNB's liquidity support to banks ﻿
2026-06-03 12:53:05,849 | INFO | central_bank_scraper | Saved SNB Speeches: Martin Schlegel, Chairman of the Governing Board Price stability benefits all ﻿
2026-06-03 12:53:07,865 | INFO | central_bank_scraper | Saved SNB Speeches: Barbara Janom Steiner, President of the Bank Council Equity comes before distributions, and why a sovereign wealth fund is not a good idea ﻿
2026-06-03 12:53:09,885 | INFO | central_bank_scraper | Saved SNB Speeches: Petra Tschudin / Thomas Moser, Member of the Governing Board / Alternate Member of the Governing Board Fast and available round the clock: What instant payments mean for households, companies and financial institutions ﻿
2026-06-03 12:53:11,908 | INFO | central_bank_scraper | Saved SNB Speeches: Martin Schlegel / Antoine Martin / Petra Tschudin, Chairman of the Governing Board / Vice Chairman of the Governing Board / Member of the Governing Board Introductory remarks, news conference ﻿
2026-06-03 12:53:13,952 | INFO | central_bank_scraper | Saved SNB Speeches: Martin Schlegel / Antoine Martin / Petra Tschudin, Chairman of the Governing Board / Vice Chairman of the Governing Board / Member of the Governing Board Introductory remarks, news conference ﻿
2026-06-03 12:53:16,026 | INFO | central_bank_scraper | Saved SNB Speeches: Martin Schlegel, Chairman of the Governing Board Maintaining price stability in a small open economy with a safe-haven currency ﻿
2026-06-03 12:53:18,115 | INFO | central_bank_scraper | Saved SNB Speeches: Petra Tschudin / Thomas Moser, Member of the Governing Board / Alternate Member of the Governing Board The Swiss repo market at 25: A success story for the financial centre and the SNB ﻿
2026-06-03 12:53:20,218 | INFO | central_bank_scraper | Saved SNB Speeches: Martin Schlegel / Sébastien Kraenzlin, Chairman of the Governing Board / Alternate Member of the Governing Board SNB to develop new banknote series ﻿
2026-06-03 12:53:22,202 | INFO | central_bank_scraper | Saved SNB Speeches: Martin Schlegel, Chairman of the Governing Board Eighth Karl Brunner Distinguished Lecture - Introduction of Kristin J. Forbes ﻿
2026-06-03 12:53:24,279 | INFO | central_bank_scraper | Saved SNB Speeches: Thomas Jordan / Martin Schlegel / Antoine Martin, Chairman of the Governing Board / Vice Chairman of the Governing Board / Member of the Governing Board Introductory remarks, news conference ﻿
2026-06-03 12:53:26,347 | INFO | central_bank_scraper | Saved SNB Speeches: Thomas Jordan / Martin Schlegel / Antoine Martin, Chairman of the Governing Board / Vice Chairman of the Governing Board / Member of the Governing Board Introductory remarks, news conference ﻿
2026-06-03 12:53:28,388 | INFO | central_bank_scraper | Saved SNB Speeches: Thomas Jordan, Chairman of the Governing Board The natural rate of interest (r*) as a reference point for monetary policy - a practitioner's view ﻿
2026-06-03 12:53:30,484 | INFO | central_bank_scraper | Saved SNB Speeches: Thomas Jordan, Chairman of the Governing Board Project Helvetia III - The SNB's pilot for wholesale CBDC ﻿
2026-06-03 12:53:32,506 | INFO | central_bank_scraper | Saved SNB Speeches: Thomas Jordan, Chairman of the Governing Board Price stability thanks to forward-looking monetary policy ﻿
2026-06-03 12:53:34,567 | INFO | central_bank_scraper | Saved SNB Speeches: Barbara Janom Steiner, President of the Bank Council A robust institutional framework as the foundation for success ﻿
2026-06-03 12:53:36,746 | INFO | central_bank_scraper | Saved SNB Speeches: Antoine Martin / Thomas Moser, Member of the Governing Board / Alternate Member of the Governing Board The implementation and transmission of the SNB's monetary policy during the recent tightening cycle ﻿
2026-06-03 12:53:38,752 | INFO | central_bank_scraper | Saved SNB Speeches: Martin Schlegel, Vice Chairman of the Governing Board Interest rates and foreign exchange interventions: Achieving price stability in challenging times ﻿
2026-06-03 12:53:40,773 | INFO | central_bank_scraper | Saved SNB Speeches: Thomas Jordan, Chairman of the Governing Board Towards the future monetary system ﻿
2026-06-03 12:53:42,786 | INFO | central_bank_scraper | Saved SNB Speeches: Thomas Jordan / Martin Schlegel / Antoine Martin, Chairman of the Governing Board / Vice Chairman of the Governing Board / Member of the Governing Board Introductory remarks, news conference ﻿
2026-06-03 12:53:44,811 | INFO | central_bank_scraper | Saved SNB Speeches: Thomas Jordan / Martin Schlegel / Thomas Moser, Chairman of the Governing Board / Vice Chairman of the Governing Board / Alternate Member of the Governing Board Introductory remarks, news conference ﻿
2026-06-03 12:53:46,903 | INFO | central_bank_scraper | Saved SNB Speeches: Thomas Jordan, Chairman of the Governing Board Independence in research and monetary policy - a critical success factor for Switzerland ﻿
2026-06-03 12:53:49,022 | INFO | central_bank_scraper | Saved SNB Speeches: Thomas Jordan, Chairman of the Governing Board Policy-making under uncertainty: The importance of maintaining a medium-term orientation ﻿
2026-06-03 12:53:51,061 | INFO | central_bank_scraper | Saved SNB Speeches: Thomas Moser, Alternate Member of the Governing Board Implementing monetary policy with positive interest rates and a large balance sheet: First experiences ﻿
2026-06-03 12:53:53,143 | INFO | central_bank_scraper | Saved SNB Speeches: Martin Schlegel, Vice Chairman of the Governing Board A pillar of financial stability - The SNB's role as lender of last resort ﻿
2026-06-03 12:53:55,152 | INFO | central_bank_scraper | Saved SNB Speeches: Thomas Jordan, Chairman of the Governing Board The SNB's role as lender of last resort in the crisis at Credit Suisse ﻿
2026-06-03 12:53:57,176 | INFO | central_bank_scraper | Saved SNB Speeches: Thomas Jordan, Chairman of the Governing Board Seventh Karl Brunner Distinguished Lecture - Introduction of Markus K. Brunnermeier ﻿
2026-06-03 12:53:59,158 | INFO | central_bank_scraper | Saved SNB Speeches: Thomas Jordan / Martin Schlegel / Thomas Moser, Chairman of the Governing Board / Vice Chairman of the Governing Board / Alternate Member of the Governing Board Introductory remarks, news conference ﻿
2026-06-03 12:54:01,162 | INFO | central_bank_scraper | Saved SNB Speeches: Thomas Jordan / Martin Schlegel / Andréa M. Maechler, Chairman of the Governing Board / Vice Chairman of the Governing Board / Member of the Governing Board Introductory remarks, news conference ﻿
2026-06-03 12:54:03,290 | INFO | central_bank_scraper | Saved SNB Speeches: Thomas Jordan, Chairman of the Governing Board Price and financial stability - a demanding year for the SNB ﻿
2026-06-03 12:54:05,360 | INFO | central_bank_scraper | Saved SNB Speeches: Barbara Janom Steiner, President of the Bank Council Annual loss for the SNB in 2022 - reasons, significance and consequences ﻿
2026-06-03 12:54:07,473 | INFO | central_bank_scraper | Saved SNB Speeches: Andréa M. Maechler / Thomas Moser, Member of the Governing Board / Alternate Member of the Governing Board Swiss Payments Vision - an ecosystem for future-proof payments ﻿
2026-06-03 12:54:09,459 | INFO | central_bank_scraper | Saved SNB Speeches: Thomas Jordan / Martin Schlegel / Andréa M. Maechler, Chairman of the Governing Board / Vice Chairman of the Governing Board / Member of the Governing Board Introductory remarks, news conference ﻿
2026-06-03 12:54:11,482 | INFO | central_bank_scraper | Saved SNB Speeches: Thomas Jordan, Chairman of the Governing Board Introductory remarks, news conference ﻿
2026-06-03 12:54:13,664 | INFO | central_bank_scraper | Saved SNB Speeches: Martin Schlegel, Vice Chairman of the Governing Board Introductory remarks, news conference ﻿
2026-06-03 12:54:15,723 | INFO | central_bank_scraper | Saved SNB Speeches: Andréa M. Maechler, Member of the Governing Board Introductory remarks, news conference ﻿
2026-06-03 12:54:17,812 | INFO | central_bank_scraper | Saved SNB Speeches: Martin Schlegel, Vice Chairman of the Governing Board Popular, but under pressure - cash in the digital age ﻿
2026-06-03 12:54:19,902 | INFO | central_bank_scraper | Saved SNB Speeches: Andréa M. Maechler / Thomas Moser, Member of the Governing Board / Alternate Member of the Governing Board Return to positive interest rates: Why reserve tiering? ﻿
2026-06-03 12:54:21,966 | INFO | central_bank_scraper | Saved SNB Speeches: Thomas Jordan, Chairman of the Governing Board Decision-making under uncertainty: The importance of pragmatism, consistency and determination ﻿
2026-06-03 12:54:24,127 | INFO | central_bank_scraper | Saved SNB Speeches: Thomas Jordan, Chairman of the Governing Board Current challenges to central banks' independence ﻿
2026-06-03 12:54:26,309 | INFO | central_bank_scraper | Saved SNB Speeches: Thomas Jordan, Chairman of the Governing Board Safeguarding the principles of regulatory policy ﻿
2026-06-03 12:54:28,302 | INFO | central_bank_scraper | Saved SNB Speeches: Thomas Jordan, Chairman of the Governing Board Sixth Karl Brunner Distinguished Lecture - Introduction of Benjamin M. Friedman ﻿
2026-06-03 12:54:30,343 | INFO | central_bank_scraper | Saved SNB Speeches: Thomas Jordan, Chairman of the Governing Board Introductory remarks, news conference ﻿
2026-06-03 12:54:32,447 | INFO | central_bank_scraper | Saved SNB Speeches: Martin Schlegel, Vice Chairman of the Governing Board Introductory remarks, news conference ﻿
2026-06-03 12:54:34,609 | INFO | central_bank_scraper | Saved SNB Speeches: Andréa M. Maechler, Member of the Governing Board Introductory remarks, news conference ﻿
2026-06-03 12:54:36,704 | INFO | central_bank_scraper | Saved SNB Speeches: Thomas Jordan, Chairman of the Governing Board Carl Menger Award Ceremony 2022: Introductory remarks ﻿
2026-06-03 12:54:38,811 | INFO | central_bank_scraper | Saved SNB Speeches: Thomas Jordan, Chairman of the Governing Board Monetary policy under new constraints: challenges for the Swiss National Bank ﻿
2026-06-03 12:54:40,806 | INFO | central_bank_scraper | Saved SNB Speeches: Thomas Jordan, Chairman of the Governing Board Introductory remarks, news conference ﻿
2026-06-03 12:54:42,912 | INFO | central_bank_scraper | Saved SNB Speeches: Fritz Zurbrügg, Vice Chairman of the Governing Board Introductory remarks, news conference ﻿
2026-06-03 12:54:44,981 | INFO | central_bank_scraper | Saved SNB Speeches: Andréa M. Maechler, Member of the Governing Board Introductory remarks, news conference ﻿
2026-06-03 12:54:47,177 | INFO | central_bank_scraper | Saved SNB Speeches: Barbara Janom Steiner, President of the Bank Council Fulfilling its mandate in challenging times - the SNB is prepared ﻿
2026-06-03 12:54:49,189 | INFO | central_bank_scraper | Saved SNB Speeches: Thomas Jordan, Chairman of the Governing Board What are the consequences of the war in Ukraine for the SNB's monetary policy? ﻿
2026-06-03 12:54:51,286 | INFO | central_bank_scraper | Saved SNB Speeches: Andréa M. Maechler / Thomas Moser, Member of the Governing Board / Alternate Member of the Governing Board Life after Libor: A new era of reference interest rates ﻿
2026-06-03 12:54:53,360 | INFO | central_bank_scraper | Saved SNB Speeches: Fritz Zurbrügg, Vice Chairman of the Governing Board Macroprudential policy beyond the pandemic: Taking stock and looking ahead ﻿
2026-06-03 12:54:55,404 | INFO | central_bank_scraper | Saved SNB Speeches: Thomas Jordan, Chairman of the Governing Board Introductory remarks, news conference ﻿
2026-06-03 12:54:57,479 | INFO | central_bank_scraper | Saved SNB Speeches: Fritz Zurbrügg, Vice Chairman of the Governing Board Introductory remarks, news conference ﻿
2026-06-03 12:54:59,538 | INFO | central_bank_scraper | Saved SNB Speeches: Andréa M. Maechler, Member of the Governing Board Introductory remarks, news conference ﻿
2026-06-03 12:55:01,616 | INFO | central_bank_scraper | Saved SNB Speeches: Andréa M. Maechler / Thomas Moser, Member of the Governing Board / Alternate Member of the Governing Board Structural change in the foreign exchange market: implications for the SNB ﻿
2026-06-03 12:55:03,632 | INFO | central_bank_scraper | Saved SNB Speeches: Thomas Jordan, Chairman of the Governing Board Fifth Karl Brunner Distinguished Lecture - Introduction of Carmen M. Reinhart ﻿
2026-06-03 12:55:05,702 | INFO | central_bank_scraper | Saved SNB Speeches: Fritz Zurbrügg, Vice Chairman of the Governing Board Mortgage and real estate markets: Current developments pose risks to financial stability ﻿
2026-06-03 12:55:07,799 | INFO | central_bank_scraper | Saved SNB Speeches: Thomas Jordan, Chairman of the Governing Board Introductory remarks, news conference ﻿
2026-06-03 12:55:09,864 | INFO | central_bank_scraper | Saved SNB Speeches: Fritz Zurbrügg, Vice Chairman of the Governing Board Introductory remarks, news conference ﻿
2026-06-03 12:55:11,961 | INFO | central_bank_scraper | Saved SNB Speeches: Andréa M. Maechler, Member of the Governing Board Introductory remarks, news conference ﻿
2026-06-03 12:55:14,056 | INFO | central_bank_scraper | Saved SNB Speeches: Thomas Jordan, Chairman of the Governing Board SNB distributions - not a matter of course even when profits are high ﻿
2026-06-03 12:55:16,231 | INFO | central_bank_scraper | Saved SNB Speeches: Barbara Janom Steiner, President of the Bank Council The Swiss National Bank - focusing on its statutory mandate in the interests of the country as a whole ﻿
2026-06-03 12:55:18,470 | INFO | central_bank_scraper | Saved SNB Speeches: Andréa M. Maechler / Thomas Moser, Member of the Governing Board / Alternate Member of the Governing Board COVID-19, financial markets and digital transformation ﻿
2026-06-03 12:55:18,487 | INFO | central_bank_scraper | Finished SNB: {'bank': 'SNB', 'saved': 83, 'skipped': 41, 'failed': 0}
2026-06-03 12:55:25,331 | INFO | central_bank_scraper | Starting BOC
2026-06-03 12:56:13,901 | INFO | central_bank_scraper | BOC Monetary Policy discovered 20 candidates
2026-06-03 12:56:15,842 | INFO | central_bank_scraper | Saved BOC Monetary Policy: Bank of Canada Interest Rate Announcement
2026-06-03 12:56:17,923 | INFO | central_bank_scraper | Saved BOC Monetary Policy: Monetary Policy Report
2026-06-03 12:56:19,693 | INFO | central_bank_scraper | Saved BOC Monetary Policy: Interest Rate Announcement and Monetary Policy Report
2026-06-03 12:56:21,507 | INFO | central_bank_scraper | Saved BOC Monetary Policy: Interest Rate Announcement
2026-06-03 12:56:23,299 | INFO | central_bank_scraper | Saved BOC Monetary Policy: Interest Rate Announcement and Monetary Policy Report
2026-06-03 12:56:25,073 | INFO | central_bank_scraper | Saved BOC Monetary Policy: Bank of Canada Interest Rate Announcement
2026-06-03 12:56:26,870 | INFO | central_bank_scraper | Saved BOC Monetary Policy: Monetary Policy Report
2026-06-03 12:56:28,695 | INFO | central_bank_scraper | Saved BOC Monetary Policy: Monetary Policy Report
2026-06-03 12:56:30,500 | INFO | central_bank_scraper | Saved BOC Monetary Policy: Monetary Policy Report
2026-06-03 12:56:32,334 | INFO | central_bank_scraper | Saved BOC Monetary Policy: Monetary Policy Report
2026-06-03 12:56:34,341 | INFO | central_bank_scraper | Saved BOC Monetary Policy: Interest Rate Announcement
2026-06-03 12:56:36,179 | INFO | central_bank_scraper | Saved BOC Monetary Policy: Bank of Canada Interest Rate Announcement
2026-06-03 12:56:37,938 | INFO | central_bank_scraper | Saved BOC Monetary Policy: Bank of Canada Interest Rate Announcement
2026-06-03 12:56:39,715 | INFO | central_bank_scraper | Saved BOC Monetary Policy: Bank of Canada Interest Rate Announcement
2026-06-03 12:56:41,499 | INFO | central_bank_scraper | Saved BOC Monetary Policy: Monetary Policy Report
2026-06-03 12:56:43,304 | INFO | central_bank_scraper | Saved BOC Monetary Policy: Monetary Policy Report
2026-06-03 12:56:45,078 | INFO | central_bank_scraper | Saved BOC Monetary Policy: Bank of Canada Interest Rate Announcement
2026-06-03 12:56:46,919 | INFO | central_bank_scraper | Saved BOC Monetary Policy: Bank of Canada Interest Rate Announcement
2026-06-03 12:56:48,717 | INFO | central_bank_scraper | Saved BOC Monetary Policy: Bank of Canada Interest Rate Announcement
2026-06-03 12:57:46,394 | INFO | central_bank_scraper | BOC Speeches discovered 25 candidates
2026-06-03 12:57:48,198 | INFO | central_bank_scraper | Saved BOC Speeches: Speech by Nicolas Vincent, External Deputy Governor of the Bank of Canada
2026-06-03 12:57:49,988 | INFO | central_bank_scraper | Saved BOC Speeches: Speech by Michelle Alexopoulos, External Deputy Governor of the Bank of Canada
2026-06-03 12:57:51,849 | INFO | central_bank_scraper | Saved BOC Speeches: Speech by Carolyn Rogers, Senior Deputy Governor of the Bank of Canada
2026-06-03 12:57:53,670 | INFO | central_bank_scraper | Saved BOC Speeches: Speech by Sharon Kozicki, Deputy Governor of the Bank of Canada
2026-06-03 12:57:55,470 | INFO | central_bank_scraper | Saved BOC Speeches: Speech by Tiff Macklem, Governor of the Bank of Canada
2026-06-03 12:57:57,284 | INFO | central_bank_scraper | Saved BOC Speeches: Speech by Tiff Macklem, Governor of the Bank of Canada
2026-06-03 12:57:59,203 | INFO | central_bank_scraper | Saved BOC Speeches: Speech by Nicolas Vincent, External Deputy Governor of the Bank of Canada
2026-06-03 12:58:00,973 | INFO | central_bank_scraper | Saved BOC Speeches: Speech by Carolyn Rogers, Senior Deputy Governor of the Bank of Canada
2026-06-03 12:58:02,811 | INFO | central_bank_scraper | Saved BOC Speeches: Speech by Tiff Macklem, Governor of the Bank of Canada
2026-06-03 12:58:04,618 | INFO | central_bank_scraper | Saved BOC Speeches: Speech by Rhys Mendes, Deputy Governor of the Bank of Canada
2026-06-03 12:58:06,434 | INFO | central_bank_scraper | Saved BOC Speeches: Speech by Tiff Macklem, Governor of the Bank of Canada
2026-06-03 12:58:08,246 | INFO | central_bank_scraper | Saved BOC Speeches: Speech by Tiff Macklem, Governor of the Bank of Canada
2026-06-03 12:58:10,159 | INFO | central_bank_scraper | Saved BOC Speeches: Speech by Sharon Kozicki, Deputy Governor of the Bank of Canada
2026-06-03 12:58:11,943 | INFO | central_bank_scraper | Saved BOC Speeches: Speech by Tiff Macklem, Governor of the Bank of Canada
2026-06-03 12:58:13,766 | INFO | central_bank_scraper | Saved BOC Speeches: Speech by Tiff Macklem, Governor of the Bank of Canada
2026-06-03 12:58:15,567 | INFO | central_bank_scraper | Saved BOC Speeches: Speech by Toni Gravelle, Deputy Governor of the Bank of Canada
2026-06-03 12:58:17,434 | INFO | central_bank_scraper | Saved BOC Speeches: Speech by Tiff Macklem, Governor of the Bank of Canada
2026-06-03 12:58:19,214 | INFO | central_bank_scraper | Saved BOC Speeches: Speech by Rhys Mendes, Deputy Governor of the Bank of Canada
2026-06-03 12:58:21,019 | INFO | central_bank_scraper | Saved BOC Speeches: Speech by Carolyn Rogers, Senior Deputy Governor of the Bank of Canada
2026-06-03 12:58:22,833 | INFO | central_bank_scraper | Saved BOC Speeches: Speech by Tiff Macklem, Governor of the Bank of Canada
2026-06-03 12:58:24,649 | INFO | central_bank_scraper | Saved BOC Speeches: Speech by Tiff Macklem, Governor of the Bank of Canada
2026-06-03 12:58:26,463 | INFO | central_bank_scraper | Saved BOC Speeches: Speech by Nicolas Vincent, External Deputy Governor of the Bank of Canada
2026-06-03 12:58:28,331 | INFO | central_bank_scraper | Saved BOC Speeches: Speech by Tiff Macklem, Governor of the Bank of Canada
2026-06-03 12:58:30,214 | INFO | central_bank_scraper | Saved BOC Speeches: Speech by Sharon Kozicki, Deputy Governor of the Bank of Canada
2026-06-03 12:58:31,987 | INFO | central_bank_scraper | Saved BOC Speeches: Speech by Ron Morrow, Executive Director of Payments, Supervision and Oversight at the Bank of Canada
2026-06-03 12:58:32,003 | INFO | central_bank_scraper | Finished BOC: {'bank': 'BOC', 'saved': 44, 'skipped': 1, 'failed': 0}
2026-06-03 12:58:38,330 | INFO | central_bank_scraper | Starting RIKSBANK
2026-06-03 12:58:41,855 | INFO | central_bank_scraper | RIKSBANK Monetary Policy discovered 32 candidates
2026-06-03 12:58:45,276 | INFO | central_bank_scraper | Saved RIKSBANK Monetary Policy: Monetary Policy Decision January 2025
2026-06-03 12:58:47,623 | INFO | central_bank_scraper | Saved RIKSBANK Monetary Policy: Monetary Policy Decision September 2024
2026-06-03 12:58:50,012 | INFO | central_bank_scraper | Saved RIKSBANK Monetary Policy: Monetary Policy Decision November 2024
2026-06-03 12:58:53,129 | INFO | central_bank_scraper | Saved RIKSBANK Monetary Policy: Monetary Policy Decision May 2024
2026-06-03 12:58:55,670 | INFO | central_bank_scraper | Saved RIKSBANK Monetary Policy: Monetary Policy Decision March 2024
2026-06-03 12:58:57,887 | INFO | central_bank_scraper | Saved RIKSBANK Monetary Policy: Monetary Policy Decision June 2024
2026-06-03 12:59:00,164 | INFO | central_bank_scraper | Saved RIKSBANK Monetary Policy: Monetary Policy Decision February 2024
2026-06-03 12:59:02,805 | INFO | central_bank_scraper | Saved RIKSBANK Monetary Policy: Monetary Policy Decision December 2024
2026-06-03 12:59:05,460 | INFO | central_bank_scraper | Saved RIKSBANK Monetary Policy: Monetary Policy Decision August 2024
2026-06-03 12:59:08,515 | INFO | central_bank_scraper | Saved RIKSBANK Monetary Policy: Monetary Policy Report September 2023
2026-06-03 12:59:12,752 | INFO | central_bank_scraper | Saved RIKSBANK Monetary Policy: Monetary Policy Report November 2023
2026-06-03 12:59:15,186 | INFO | central_bank_scraper | Saved RIKSBANK Monetary Policy: Monetary Policy Report June 2023
2026-06-03 12:59:18,565 | INFO | central_bank_scraper | Saved RIKSBANK Monetary Policy: Monetary Policy Report February 2023
2026-06-03 12:59:22,358 | INFO | central_bank_scraper | Saved RIKSBANK Monetary Policy: Monetary Policy Report April 2023
2026-06-03 12:59:25,320 | INFO | central_bank_scraper | Saved RIKSBANK Monetary Policy: Monetary Policy Report September 2022
2026-06-03 12:59:28,838 | INFO | central_bank_scraper | Saved RIKSBANK Monetary Policy: Monetary Policy Report November 2022
2026-06-03 12:59:31,268 | INFO | central_bank_scraper | Saved RIKSBANK Monetary Policy: Monetary Policy Report June 2022
2026-06-03 12:59:34,681 | INFO | central_bank_scraper | Saved RIKSBANK Monetary Policy: Monetary Policy Report February 2022
2026-06-03 12:59:37,584 | INFO | central_bank_scraper | Saved RIKSBANK Monetary Policy: Monetary Policy Report April 2022
2026-06-03 12:59:40,764 | INFO | central_bank_scraper | Saved RIKSBANK Monetary Policy: Monetary Policy Report September 2021
2026-06-03 12:59:44,245 | INFO | central_bank_scraper | Saved RIKSBANK Monetary Policy: Monetary Policy Report November 2021
2026-06-03 12:59:47,339 | INFO | central_bank_scraper | Saved RIKSBANK Monetary Policy: Monetary Policy Report July 2021
2026-06-03 12:59:50,959 | INFO | central_bank_scraper | Saved RIKSBANK Monetary Policy: Monetary Policy Report Februari 2021
2026-06-03 12:59:54,416 | INFO | central_bank_scraper | Saved RIKSBANK Monetary Policy: Monetary Policy Report April 2021
2026-06-03 12:59:57,829 | INFO | central_bank_scraper | RIKSBANK Speeches discovered 135 candidates
2026-06-03 13:00:02,643 | INFO | central_bank_scraper | Saved RIKSBANK Speeches: Thedeen High Debt And Short Interest Rate Fixation Periods Make Swedish Households Vulnerable
2026-06-03 13:00:05,612 | INFO | central_bank_scraper | Saved RIKSBANK Speeches: Aino Bunge Good Starting Point In A Changing World
2026-06-03 13:00:08,520 | INFO | central_bank_scraper | Saved RIKSBANK Speeches: Thedeen There Are No Miracle Cures To Make Capital Markets Function Smoothly
2026-06-03 13:00:11,484 | INFO | central_bank_scraper | Saved RIKSBANK Speeches: Thedeen The Road To The Eu Savings And Investment Union Dos And Donts
2026-06-03 13:00:14,335 | INFO | central_bank_scraper | Saved RIKSBANK Speeches: Thedeen The Banks Need To Have More Active Liquidity Management
2026-06-03 13:00:17,056 | INFO | central_bank_scraper | Saved RIKSBANK Speeches: Thedeen Resilience Pays The Strategic Value Of Regulation And Supervision
2026-06-03 13:00:22,442 | INFO | central_bank_scraper | Saved RIKSBANK Speeches: Thedeen Inflation Targeting An Important Contribution To Economic Stability
2026-06-03 13:00:25,452 | INFO | central_bank_scraper | Saved RIKSBANK Speeches: Thedeen Independence Must Be Earned Every Day
2026-06-03 13:00:28,170 | INFO | central_bank_scraper | Saved RIKSBANK Speeches: Thedeen Committee On Finance Hearing On Monetary Policys
2026-06-03 13:00:31,091 | INFO | central_bank_scraper | Saved RIKSBANK Speeches: Thedeen At The Riksdag Committee On Finanace Hearing On The Riksbanks Operations And Monetary Policy
2026-06-03 13:00:33,988 | INFO | central_bank_scraper | Saved RIKSBANK Speeches: Per Jansson Strong Reasons To Expect Inflation To Fall Back
2026-06-03 13:00:38,030 | INFO | central_bank_scraper | Saved RIKSBANK Speeches: Per Jansson Responsible Wage Formation Strengthens Purchasing Power And Employment
2026-06-03 13:00:40,575 | INFO | central_bank_scraper | Saved RIKSBANK Speeches: Jansson Confidence In The Inflation Target Determines How Flexible Monetary Policy Can Be
2026-06-03 13:00:43,164 | INFO | central_bank_scraper | Saved RIKSBANK Speeches: Executive Board In Finance Committee Hearing On Monetary Policy In 2024
2026-06-03 13:00:45,742 | INFO | central_bank_scraper | Saved RIKSBANK Speeches: Erik Thedeen Sweden Is Well Placed To Deal With The International Turbulence
2026-06-03 13:00:48,289 | INFO | central_bank_scraper | Saved RIKSBANK Speeches: Erik Thedeen Signs Of Economic Rebound But Uncertainty Remains High
2026-06-03 13:00:51,274 | INFO | central_bank_scraper | Saved RIKSBANK Speeches: Erik Thedeen Presents The Interest Rate Decision In London
2026-06-03 13:00:54,139 | INFO | central_bank_scraper | Saved RIKSBANK Speeches: Erik Thedeen On Risk Uncertainty And Geoeconomic Fragmentation
2026-06-03 13:00:57,079 | INFO | central_bank_scraper | Saved RIKSBANK Speeches: Erik Thedeen Monetary Policy Communication In Practice
2026-06-03 13:01:00,130 | INFO | central_bank_scraper | Saved RIKSBANK Speeches: Erik Thedeen If The Outlook Remains The Same The Policy Rate May Be Cut Again
2026-06-03 13:01:03,068 | INFO | central_bank_scraper | Saved RIKSBANK Speeches: Erik Thedeen At The Riksdag Committee On Finance The Riksbank Is Building Up Preparedness To Face A Wide Range Of Threats
2026-06-03 13:01:05,957 | INFO | central_bank_scraper | Saved RIKSBANK Speeches: Erik Thedeen At The Riksdag Committee On Finance Regulation Of Stablecoins Requires International Consensus
2026-06-03 13:01:09,354 | INFO | central_bank_scraper | Saved RIKSBANK Speeches: Erik Thedeen At The Committee On Finance Amortisation Requirements And Mortgage Caps Have Safeguarded Household Resilience And Served The Swedish Econ
2026-06-03 13:01:12,353 | INFO | central_bank_scraper | Saved RIKSBANK Speeches: Bunge Stablecoins And Digital Euro Driven By Digitalisation And Geopolitics
2026-06-03 13:01:15,404 | INFO | central_bank_scraper | Saved RIKSBANK Speeches: Bunge Public Private Sector Cooperation Is Key To A Secure Accessible And Innovative Payments Market
2026-06-03 13:01:18,681 | INFO | central_bank_scraper | Saved RIKSBANK Speeches: Anna Seim Well Positioned In A Changing World
2026-06-03 13:01:23,692 | INFO | central_bank_scraper | Saved RIKSBANK Speeches: Anna Seim The Role Of Alternative Scenarios In Monetary Policy Communication
2026-06-03 13:01:26,194 | INFO | central_bank_scraper | Saved RIKSBANK Speeches: Anna Seim The Riksbank Is One Of The Most Transparent Central Banks
2026-06-03 13:01:29,106 | INFO | central_bank_scraper | Saved RIKSBANK Speeches: Anna Seim In Vastervik Favourable Conditions For Managing The Uncertain Road Ahead
2026-06-03 13:01:31,980 | INFO | central_bank_scraper | Saved RIKSBANK Speeches: Anna Seim In Eskilstuna We Are Well Positioned To Manage Future Challenges To The Economy
2026-06-03 13:01:34,600 | INFO | central_bank_scraper | Saved RIKSBANK Speeches: Anna Seim Difficult To Forecast But The Krona Can Be Understood
2026-06-03 13:01:37,688 | INFO | central_bank_scraper | Saved RIKSBANK Speeches: Anna Breman The Swedish Economy Is In A Good Position In A Turbulent World
2026-06-03 13:01:41,177 | INFO | central_bank_scraper | Saved RIKSBANK Speeches: Anna Breman Monetary Policy Contributes To Stability In A Turbulent World
2026-06-03 13:01:44,117 | INFO | central_bank_scraper | Saved RIKSBANK Speeches: Anna Breman In Kiruna How Trade Barriers Affect Swedish Growth And Inflation
2026-06-03 13:01:46,858 | INFO | central_bank_scraper | Saved RIKSBANK Speeches: Anna Breman Daring To Think Differently On The Riksbanks Monetary Policy Communication
2026-06-03 13:01:49,610 | INFO | central_bank_scraper | Saved RIKSBANK Speeches: Aino Bungelegislation Needed To Protect The Status Of Cash
2026-06-03 13:01:52,536 | INFO | central_bank_scraper | Saved RIKSBANK Speeches: Aino Bunge Swedish Economy Resilient In Troubled Times
2026-06-03 13:01:55,353 | INFO | central_bank_scraper | Saved RIKSBANK Speeches: Aino Bunge Monetary Policy Must Be Forward Looking
2026-06-03 13:01:59,951 | INFO | central_bank_scraper | Saved RIKSBANK Speeches: Aino Bunge Making It Easier To Borrow Will Not Solve Housing Market Challenges
2026-06-03 13:02:02,775 | INFO | central_bank_scraper | Saved RIKSBANK Speeches: Thedeen A Year With The New Riksbank Act
2026-06-03 13:02:05,662 | INFO | central_bank_scraper | Saved RIKSBANK Speeches: Per Jansson Responsible Wage Formation Pays Off
2026-06-03 13:02:08,685 | INFO | central_bank_scraper | Saved RIKSBANK Speeches: Per Jansson Responsible Wage Formation Benefits The Swedish Economy
2026-06-03 13:02:11,757 | INFO | central_bank_scraper | Saved RIKSBANK Speeches: Per Jansson Reassuring Inflationary Pressures But Uncertainty Abroad
2026-06-03 13:02:14,217 | INFO | central_bank_scraper | Saved RIKSBANK Speeches: Per Jansson Committee On Finance Hearing On Monetary Policy
2026-06-03 13:02:16,777 | INFO | central_bank_scraper | Saved RIKSBANK Speeches: Martin Floden Visits Borlange
2026-06-03 13:02:21,143 | INFO | central_bank_scraper | Saved RIKSBANK Speeches: Martin Floden Important To Communicate Clearly Despite Constant Uncertainty
2026-06-03 13:02:23,461 | INFO | central_bank_scraper | Saved RIKSBANK Speeches: Jansson Interest Rates Have Peaked
2026-06-03 13:02:26,121 | INFO | central_bank_scraper | Saved RIKSBANK Speeches: Jansson Inflation On Firmer Ground A Rate Cut In The First Half Of The Year Is A Possibility
2026-06-03 13:02:28,811 | INFO | central_bank_scraper | Saved RIKSBANK Speeches: Erik Thedeen Visits Norrkoping
2026-06-03 13:02:31,451 | INFO | central_bank_scraper | Saved RIKSBANK Speeches: Erik Thedeen The Economic Situation And Current Monetary Policy
2026-06-03 13:02:34,299 | INFO | central_bank_scraper | Saved RIKSBANK Speeches: Erik Thedeen Reflections On The High Inflation In Recent Years
2026-06-03 13:02:37,335 | INFO | central_bank_scraper | Saved RIKSBANK Speeches: Erik Thedeen Productivity A Key Factor For Longer Term Developments
2026-06-03 13:02:40,265 | INFO | central_bank_scraper | Saved RIKSBANK Speeches: Erik Thedeen Pleasing That Inflation Has Fallen Back
2026-06-03 13:02:45,076 | INFO | central_bank_scraper | Saved RIKSBANK Speeches: Erik Thedeen On Monetary Policy In 2023 The Riksbanks Policy Rate Rises Contributed To Lower Inflation
2026-06-03 13:02:50,054 | INFO | central_bank_scraper | Saved RIKSBANK Speeches: Erik Thedeen New Challenges Demand A Holistic Approach To Systemic Liquidity Risk
2026-06-03 13:02:53,048 | INFO | central_bank_scraper | Saved RIKSBANK Speeches: Erik Thedeen Monetary Policy Needs To Be Adapted Cautiously
2026-06-03 13:02:55,877 | INFO | central_bank_scraper | Saved RIKSBANK Speeches: Erik Thedeen Keynote Address At Osc Dialogue 2024
2026-06-03 13:02:58,861 | INFO | central_bank_scraper | Saved RIKSBANK Speeches: Erik Thedeen Inflation Is Close To Target Monetary Policy Is Being Adjusted With Caution
2026-06-03 13:03:01,414 | INFO | central_bank_scraper | Saved RIKSBANK Speeches: Erik Thedeen In Copenhagen And Malmo
2026-06-03 13:03:04,753 | INFO | central_bank_scraper | Saved RIKSBANK Speeches: Erik Thedeen Committee On Finance Hearing On Monetary Policy2
2026-06-03 13:03:07,050 | INFO | central_bank_scraper | Saved RIKSBANK Speeches: Erik Thedeen Committee On Finance Hearing On Monetary Policy
2026-06-03 13:03:09,923 | INFO | central_bank_scraper | Saved RIKSBANK Speeches: Erik Thedeen Charting The Course Prudential Regulation And Supervision For Smooth Sailing
2026-06-03 13:03:12,874 | INFO | central_bank_scraper | Saved RIKSBANK Speeches: Erik Thedeen Better Economic Performance Thanks To Economic Policy Frameworks
2026-06-03 13:03:15,952 | INFO | central_bank_scraper | Saved RIKSBANK Speeches: Erik Thedeen At The Committee On Finance An Uncertain Environment Requires A High Level Of Preparedness
2026-06-03 13:03:18,810 | INFO | central_bank_scraper | Saved RIKSBANK Speeches: Breman Inflation Is Falling But We Need To Be Prepared For Setbacks
2026-06-03 13:03:21,943 | INFO | central_bank_scraper | Saved RIKSBANK Speeches: Anna Seim The Riksbanks New Assessment Of The Long Term Neutral Interest Rate
2026-06-03 13:03:24,350 | INFO | central_bank_scraper | Saved RIKSBANK Speeches: Anna Breman Visits Karlskrona
2026-06-03 13:03:27,328 | INFO | central_bank_scraper | Saved RIKSBANK Speeches: Anna Breman Visited Visby
2026-06-03 13:03:30,281 | INFO | central_bank_scraper | Saved RIKSBANK Speeches: Anna Breman The Inflation Target An Anchor For Price Setting And Wage Formation
2026-06-03 13:03:35,404 | INFO | central_bank_scraper | Saved RIKSBANK Speeches: Anna Breman New Research On The Psychology Of Inflation Valuable When Addressing Monetary Policy Challenges
2026-06-03 13:03:38,052 | INFO | central_bank_scraper | Saved RIKSBANK Speeches: Anna Breman Inflation Decline Continuing But Risk Of Setbacks Remains
2026-06-03 13:03:40,703 | INFO | central_bank_scraper | Saved RIKSBANK Speeches: Anna Breman In Sala Low And Stable Inflation Contributes To Stronger Economic Development
2026-06-03 13:03:44,195 | INFO | central_bank_scraper | Saved RIKSBANK Speeches: Anna Breman Good Prospects For A Strong Recovery Despite Uncertainty In The World Around Us
2026-06-03 13:03:46,755 | INFO | central_bank_scraper | Saved RIKSBANK Speeches: Anna Breman Awarded An Honorary Doctorate At The Lund University School Of Economics And Management
2026-06-03 13:03:49,588 | INFO | central_bank_scraper | Saved RIKSBANK Speeches: Aino Bunge Visits Helsingborg
2026-06-03 13:03:52,905 | INFO | central_bank_scraper | Saved RIKSBANK Speeches: Aino Bunge Swedish Economy Must Tolerate Tightening Interest Rates
2026-06-03 13:03:56,155 | INFO | central_bank_scraper | Saved RIKSBANK Speeches: Aino Bunge Payments That Dont Function In Day To Day Life Will Not Function In A Crisis Either
2026-06-03 13:03:58,972 | INFO | central_bank_scraper | Saved RIKSBANK Speeches: Aino Bunge Lower Interest Rates Provide Relief But Do Not Solve Structural Challenges In The Housing Market
2026-06-03 13:04:02,024 | INFO | central_bank_scraper | Saved RIKSBANK Speeches: Aino Bunge Low And Stable Inflation Creates Predictability Also For Pension Funds
2026-06-03 13:04:04,937 | INFO | central_bank_scraper | Saved RIKSBANK Speeches: Aino Bunge Inflation Is In The Process Of Stabilising At The Target But The Way Forward Is Not Entirely Smooth
2026-06-03 13:04:07,835 | INFO | central_bank_scraper | Saved RIKSBANK Speeches: Aino Bunge All Parts Of The Cash Chain Must Work
2026-06-03 13:04:10,772 | INFO | central_bank_scraper | Saved RIKSBANK Speeches: Thedeen We Have Lessons To Learn From The Turbulence Of Recent Years
2026-06-03 13:04:13,455 | INFO | central_bank_scraper | Saved RIKSBANK Speeches: Thedeen The Riksbank Needs To Restore Its Capital
2026-06-03 13:04:15,891 | INFO | central_bank_scraper | Saved RIKSBANK Speeches: Thedeen The Krona Will Strengthen In The Long Run
2026-06-03 13:04:18,615 | INFO | central_bank_scraper | Saved RIKSBANK Speeches: Thedeen Property Companies Need To Reduce Debts
2026-06-03 13:04:21,340 | INFO | central_bank_scraper | Saved RIKSBANK Speeches: Thedeen I Finansutskottet Hog Inflation Och Stigande Rantor Testar Motstandskraften I Det Svenska Finansiella Systemet
2026-06-03 13:04:26,642 | INFO | central_bank_scraper | Saved RIKSBANK Speeches: Thedeen Asset Purchases Should Be Made With Caution
2026-06-03 13:04:29,088 | INFO | central_bank_scraper | Saved RIKSBANK Speeches: Per Jansson The Gap In The Monetary Policy Debate
2026-06-03 13:04:32,454 | INFO | central_bank_scraper | Saved RIKSBANK Speeches: Jansson We Can See Progress In The Fight Against Inflation Although There Is Considerable Uncertainty
2026-06-03 13:04:37,082 | INFO | central_bank_scraper | Saved RIKSBANK Speeches: Jansson The Inflation Outlook Is Much Brighter
2026-06-03 13:04:39,583 | INFO | central_bank_scraper | Saved RIKSBANK Speeches: Floden Inflationary Pressures Are Far Too High
2026-06-03 13:04:42,281 | INFO | central_bank_scraper | Saved RIKSBANK Speeches: Erik Thedeen My View Of Monetary Policy
2026-06-03 13:04:45,563 | INFO | central_bank_scraper | Saved RIKSBANK Speeches: Erik Thedeen Committee On Finance Hearing On The Riksbanks Operations And Monetary Policy
2026-06-03 13:04:48,361 | INFO | central_bank_scraper | Saved RIKSBANK Speeches: Erik Thedeen Committee On Finance Hearing On Monetary Policy
2026-06-03 13:04:50,782 | INFO | central_bank_scraper | Saved RIKSBANK Speeches: Bunge Inflation On The Way Down But Weak Krona Contributing To Uncertainty
2026-06-03 13:04:53,685 | INFO | central_bank_scraper | Saved RIKSBANK Speeches: Breman Inflation Needs To Fall Further
2026-06-03 13:04:56,237 | INFO | central_bank_scraper | Saved RIKSBANK Speeches: Breman Inflation Needs To Become Low And Stable Again
2026-06-03 13:04:58,683 | INFO | central_bank_scraper | Saved RIKSBANK Speeches: Breman Inflation Is Falling But Risks Remain
2026-06-03 13:05:01,398 | INFO | central_bank_scraper | Saved RIKSBANK Speeches: Anna Breman Large Differences Between Households When Inflation Is High But All Are Affected Negatively
2026-06-03 13:05:06,691 | INFO | central_bank_scraper | Saved RIKSBANK Speeches: Anna Breman Committee On Finance Hearing On Monetary Policy
2026-06-03 13:05:09,389 | INFO | central_bank_scraper | Saved RIKSBANK Speeches: Aino Bunge The State Must Take Responsibility For Future Payments There Is Neither Reason Nor Time To Wait
2026-06-03 13:05:12,495 | INFO | central_bank_scraper | Saved RIKSBANK Speeches: Aino Bunge Inflation Is Still High
2026-06-03 13:05:15,682 | INFO | central_bank_scraper | Saved RIKSBANK Speeches: Aino Bunge Important For Inflation To Fall Significantly This Year
2026-06-03 13:05:17,999 | INFO | central_bank_scraper | Saved RIKSBANK Speeches: Aino Bunge Committee On Finance Hearing On The Riksbanks Operations And Monetary Policy
2026-06-03 13:05:20,747 | INFO | central_bank_scraper | Saved RIKSBANK Speeches: The Riksbanks Losses Do Not Reflect The Socio Economic Results
2026-06-03 13:05:23,442 | INFO | central_bank_scraper | Saved RIKSBANK Speeches: Ohlsson War Often Leads To Inflation
2026-06-03 13:05:30,449 | INFO | central_bank_scraper | Saved RIKSBANK Speeches: Jansson Interaction Benefits Economic Developments
2026-06-03 13:05:33,359 | INFO | central_bank_scraper | Saved RIKSBANK Speeches: Jansson At The Riksdag Committee On Finance We Are Safeguarding The Inflation Target
2026-06-03 13:05:35,922 | INFO | central_bank_scraper | Saved RIKSBANK Speeches: Ingves Inflation Targeting For Nearly 30 Years A Robust Framework For All Times
2026-06-03 13:05:38,469 | INFO | central_bank_scraper | Saved RIKSBANK Speeches: Ingves At The Riksdag Committee On Finance We Are Safeguarding The Inflation Target
2026-06-03 13:05:41,306 | INFO | central_bank_scraper | Saved RIKSBANK Speeches: Ingves At The Riksdag Committee On Finance Hearing Regarding Account Of Monetary Policy 2021
2026-06-03 13:05:44,447 | INFO | central_bank_scraper | Saved RIKSBANK Speeches: Ingves At Riksdag Committee On Finance The Geopolitical Uncertainty Makes It More Difficult To Assess Inflation
2026-06-03 13:05:47,523 | INFO | central_bank_scraper | Saved RIKSBANK Speeches: High Inflation The Interest Rate May Need To Be Raised Earlier
2026-06-03 13:05:49,951 | INFO | central_bank_scraper | Saved RIKSBANK Speeches: Governor Ingves At The Riksdag Committee On Finance Hearing On Financial Stability
2026-06-03 13:05:52,382 | INFO | central_bank_scraper | Saved RIKSBANK Speeches: Floden Monetary Policy Will Bring Inflation Back To Target
2026-06-03 13:05:55,479 | INFO | central_bank_scraper | Saved RIKSBANK Speeches: Floden Monetary Policy Aimed At Bringing Inflation Back To Target
2026-06-03 13:05:58,784 | INFO | central_bank_scraper | Saved RIKSBANK Speeches: Cecilia Skingsley High Inflation And A Rising Repo Rate What Happens To The Riksbanks Balance Sheet
2026-06-03 13:06:01,767 | INFO | central_bank_scraper | Saved RIKSBANK Speeches: Breman From 500 Per Cent To 0
2026-06-03 13:06:06,361 | INFO | central_bank_scraper | Saved RIKSBANK Speeches: Breman At Riksdag Committee On Finance The Geopolitical Uncertainty Makes It More Difficult To Assess Inflation
2026-06-03 13:06:08,786 | INFO | central_bank_scraper | Saved RIKSBANK Speeches: Anna Breman We Need To Continue To Act To Bring Inflation Back To The Target
2026-06-03 13:06:11,518 | INFO | central_bank_scraper | Saved RIKSBANK Speeches: Skingsley Reforms In Housing And Tax Policy Are Needed To Resolve Problems In The Housing Market
2026-06-03 13:06:14,230 | INFO | central_bank_scraper | Saved RIKSBANK Speeches: Skingsley Om Sommarens Utveckling Stark Aterhamtning Med Svagt Inflationstryck
2026-06-03 13:06:18,727 | INFO | central_bank_scraper | Saved RIKSBANK Speeches: Skingsley Adapting To New Conditions Monetary Policy Freedom With Responsibility
2026-06-03 13:06:21,440 | INFO | central_bank_scraper | Saved RIKSBANK Speeches: Per Jansson Is It Time For A More Active Fiscal Policy
2026-06-03 13:06:24,334 | INFO | central_bank_scraper | Saved RIKSBANK Speeches: Ohlsson Swedes Have Hidden Wealth
2026-06-03 13:06:28,892 | INFO | central_bank_scraper | Saved RIKSBANK Speeches: Jansson At The Riksdag Committee On Finance Monetary Policy Supporting Recovery And Inflation
2026-06-03 13:06:33,326 | INFO | central_bank_scraper | Saved RIKSBANK Speeches: Ingves Utfragning I Finansutskottet Penningpolitiken Ger Stod At Aterhamtningen Och Inflationen
2026-06-03 13:06:36,153 | INFO | central_bank_scraper | Saved RIKSBANK Speeches: Ingves Flexibility Is Essential For The Riksbank In Times Of Change
2026-06-03 13:06:38,840 | INFO | central_bank_scraper | Saved RIKSBANK Speeches: Ingves At The Riksdag Committee On Finance Monetary Policy Needs To Be Sustained
2026-06-03 13:06:41,701 | INFO | central_bank_scraper | Saved RIKSBANK Speeches: Ingves At The Riksdag Committee On Finance Hearing Regarding Account Of Monetary Policy 2020
2026-06-03 13:06:44,209 | INFO | central_bank_scraper | Saved RIKSBANK Speeches: Governor Ingves At The Riksdag Committee On Finance Hearing On Financial Stability
2026-06-03 13:06:46,579 | INFO | central_bank_scraper | Saved RIKSBANK Speeches: Floden Swestr A Fully Transaction Based Reference Rate
2026-06-03 13:06:49,730 | INFO | central_bank_scraper | Saved RIKSBANK Speeches: Floden At The Riksdag Committee On Finance Monetary Policy Needs To Be Sustained
2026-06-03 13:06:52,536 | INFO | central_bank_scraper | Saved RIKSBANK Speeches: Building Payment Systems For Our Grandchildren
2026-06-03 13:06:55,378 | INFO | central_bank_scraper | Saved RIKSBANK Speeches: Breman Monetary Policy After Corona We Need To Think Along New Lines
2026-06-03 13:06:55,397 | INFO | central_bank_scraper | Finished RIKSBANK: {'bank': 'RIKSBANK', 'saved': 159, 'skipped': 8, 'failed': 0}
2026-06-03 13:07:03,076 | INFO | central_bank_scraper | Starting NORGES_BANK
2026-06-03 13:07:13,558 | INFO | central_bank_scraper | NORGES_BANK Monetary Policy discovered 21 candidates
2026-06-03 13:07:16,789 | INFO | central_bank_scraper | Saved NORGES_BANK Monetary Policy: Pengepolitisk rapport 3/2025
2026-06-03 13:07:19,015 | INFO | central_bank_scraper | Saved NORGES_BANK Monetary Policy: Pengepolitisk rapport 3/2023
2026-06-03 13:07:21,089 | INFO | central_bank_scraper | Saved NORGES_BANK Monetary Policy: Pengepolitisk rapport 2/2023
2026-06-03 13:07:24,225 | INFO | central_bank_scraper | Saved NORGES_BANK Monetary Policy: Pengepolitisk rapport 1/2023
2026-06-03 13:07:26,326 | INFO | central_bank_scraper | Saved NORGES_BANK Monetary Policy: Pengepolitisk rapport med vurdering av finansiell stabilitet 4/2022
2026-06-03 13:07:28,540 | INFO | central_bank_scraper | Saved NORGES_BANK Monetary Policy: Pengepolitisk rapport med vurdering av finansiell stabilitet 3/2022
2026-06-03 13:07:30,614 | INFO | central_bank_scraper | Saved NORGES_BANK Monetary Policy: Pengepolitisk rapport med vurdering av finansiell stabilitet 2/2022
2026-06-03 13:07:32,670 | INFO | central_bank_scraper | Saved NORGES_BANK Monetary Policy: Pengepolitisk rapport med vurdering av finansiell stabilitet 1/2022
2026-06-03 13:07:34,695 | INFO | central_bank_scraper | Saved NORGES_BANK Monetary Policy: Pengepolitisk rapport med vurdering av finansiell stabilitet 4/2021
2026-06-03 13:07:37,877 | INFO | central_bank_scraper | Saved NORGES_BANK Monetary Policy: Pengepolitisk rapport med vurdering av finansiell stabilitet 3/2021
2026-06-03 13:07:39,945 | INFO | central_bank_scraper | Saved NORGES_BANK Monetary Policy: Pengepolitisk rapport med vurdering av finansiell stabilitet 2/2021
2026-06-03 13:07:42,013 | INFO | central_bank_scraper | Saved NORGES_BANK Monetary Policy: Pengepolitisk rapport med vurdering av finansiell stabilitet 1/2021
2026-06-03 13:08:04,039 | INFO | central_bank_scraper | NORGES_BANK Speeches discovered 62 candidates
2026-06-03 13:08:06,062 | INFO | central_bank_scraper | Saved NORGES_BANK Speeches: Research-based models in monetary policy decision-making
2026-06-03 13:08:08,107 | INFO | central_bank_scraper | Saved NORGES_BANK Speeches: The conduct of monetary policy
2026-06-03 13:08:10,143 | INFO | central_bank_scraper | Saved NORGES_BANK Speeches: Bache: Norges Bank’s management of the Government Pension Fund Global
2026-06-03 13:08:12,192 | INFO | central_bank_scraper | Saved NORGES_BANK Speeches: Tangen: Norges Bank's management of the Government Pension Fund Global
2026-06-03 13:08:14,207 | INFO | central_bank_scraper | Saved NORGES_BANK Speeches: Policy rate kept unchanged at this meeting
2026-06-03 13:08:16,262 | INFO | central_bank_scraper | Saved NORGES_BANK Speeches: Report from Norges Bank Watch
2026-06-03 13:08:19,810 | INFO | central_bank_scraper | Saved NORGES_BANK Speeches: Economic perspectives
2026-06-03 13:08:21,845 | INFO | central_bank_scraper | Saved NORGES_BANK Speeches: How can AI affect monetary policy?
2026-06-03 13:08:24,029 | INFO | central_bank_scraper | Saved NORGES_BANK Speeches: Bache: Norges Bank’s management of the Government Pension Fund Global
2026-06-03 13:08:26,138 | INFO | central_bank_scraper | Saved NORGES_BANK Speeches: Tangen: Norges Bank's management of the Government Pension Fund Global
2026-06-03 13:08:28,207 | INFO | central_bank_scraper | Saved NORGES_BANK Speeches: The conduct of monetary policy
2026-06-03 13:08:30,281 | INFO | central_bank_scraper | Saved NORGES_BANK Speeches: Cooperation and independence – Norges Bank in a turbulent world
2026-06-03 13:08:32,419 | INFO | central_bank_scraper | Saved NORGES_BANK Speeches: The management of the Government Pension Fund Global
2026-06-03 13:08:35,845 | INFO | central_bank_scraper | Saved NORGES_BANK Speeches: Report from Norges Bank Watch 2025
2026-06-03 13:08:38,136 | INFO | central_bank_scraper | Saved NORGES_BANK Speeches: Economic perspectives
2026-06-03 13:08:40,208 | INFO | central_bank_scraper | Saved NORGES_BANK Speeches: The krone exchange rate and altered expectations
2026-06-03 13:08:42,285 | INFO | central_bank_scraper | Saved NORGES_BANK Speeches: Responsible innovation in the payment system
2026-06-03 13:08:44,330 | INFO | central_bank_scraper | Saved NORGES_BANK Speeches: Monetary policy trade-offs in a small open economy – the case of Norway
2026-06-03 13:08:46,388 | INFO | central_bank_scraper | Saved NORGES_BANK Speeches: Norges Bank’s balance sheet
2026-06-03 13:08:48,432 | INFO | central_bank_scraper | Saved NORGES_BANK Speeches: The cash-flow channel of monetary policy – micro evidence and macro outcomes
2026-06-03 13:08:50,451 | INFO | central_bank_scraper | Saved NORGES_BANK Speeches: The management of the Government Pension Fund Global
2026-06-03 13:08:52,492 | INFO | central_bank_scraper | Saved NORGES_BANK Speeches: The conduct of monetary policy
2026-06-03 13:08:54,556 | INFO | central_bank_scraper | Saved NORGES_BANK Speeches: Tangen: Norges Bank’s management of the Government Pension Fund Global
2026-06-03 13:08:56,575 | INFO | central_bank_scraper | Saved NORGES_BANK Speeches: Bache: Norges Bank’s management of the Government Pension Fund Global
2026-06-03 13:08:58,634 | INFO | central_bank_scraper | Saved NORGES_BANK Speeches: Report from Norges Bank Watch 2024
2026-06-03 13:09:01,021 | INFO | central_bank_scraper | Saved NORGES_BANK Speeches: Economic perspectives
2026-06-03 13:09:03,072 | INFO | central_bank_scraper | Saved NORGES_BANK Speeches: Monetary policy in the face of cost shocks
2026-06-03 13:09:05,153 | INFO | central_bank_scraper | Saved NORGES_BANK Speeches: Monetary policy and the krone exchange rate
2026-06-03 13:09:07,188 | INFO | central_bank_scraper | Saved NORGES_BANK Speeches: Central bank digital currency and the singleness of money
2026-06-03 13:09:09,265 | INFO | central_bank_scraper | Saved NORGES_BANK Speeches: Higher policy rate to bring down inflation to the target
2026-06-03 13:09:11,310 | INFO | central_bank_scraper | Saved NORGES_BANK Speeches: Structural changes in energy markets and implications for inflation and monetary policy
2026-06-03 13:09:13,401 | INFO | central_bank_scraper | Saved NORGES_BANK Speeches: The conduct of monetary policy
2026-06-03 13:09:15,440 | INFO | central_bank_scraper | Saved NORGES_BANK Speeches: Norges Bank’s management of the Government Pension Fund Global
2026-06-03 13:09:17,498 | INFO | central_bank_scraper | Saved NORGES_BANK Speeches: Norges Bank’s management of the Government Pension Fund Global
2026-06-03 13:09:19,533 | INFO | central_bank_scraper | Saved NORGES_BANK Speeches: Report from Norges Bank Watch
2026-06-03 13:09:21,893 | INFO | central_bank_scraper | Saved NORGES_BANK Speeches: Economic perspectives
2026-06-03 13:09:23,981 | INFO | central_bank_scraper | Saved NORGES_BANK Speeches: The role of the krone exchange rate under flexible inflation targeting
2026-06-03 13:09:26,051 | INFO | central_bank_scraper | Saved NORGES_BANK Speeches: An efficient payment system is a collaborative effort
2026-06-03 13:09:28,090 | INFO | central_bank_scraper | Saved NORGES_BANK Speeches: Norges Bank is raising the policy rate to bring down inflation
2026-06-03 13:09:30,170 | INFO | central_bank_scraper | Saved NORGES_BANK Speeches: Monetary policy and inflation
2026-06-03 13:09:32,347 | INFO | central_bank_scraper | Saved NORGES_BANK Speeches: Higher policy rate will curb inflation
2026-06-03 13:09:34,405 | INFO | central_bank_scraper | Saved NORGES_BANK Speeches: A somewhat faster rise in the policy rate
2026-06-03 13:09:36,467 | INFO | central_bank_scraper | Saved NORGES_BANK Speeches: Norges Bank’s management of the Government Pension Fund Global
2026-06-03 13:09:38,495 | INFO | central_bank_scraper | Saved NORGES_BANK Speeches: The conduct of monetary policy
2026-06-03 13:09:40,522 | INFO | central_bank_scraper | Saved NORGES_BANK Speeches: Economic perspectives
2026-06-03 13:09:42,578 | INFO | central_bank_scraper | Saved NORGES_BANK Speeches: Report from Norges Bank Watch
2026-06-03 13:09:44,688 | INFO | central_bank_scraper | Saved NORGES_BANK Speeches: Economic perspectives
2026-06-03 13:09:46,700 | INFO | central_bank_scraper | Saved NORGES_BANK Speeches: Price stability and monetary and fiscal policy interactions
2026-06-03 13:09:50,122 | INFO | central_bank_scraper | Saved NORGES_BANK Speeches: Ownership and climate risk in the GPFG – On the tools for addressing climate risk in the fund
2026-06-03 13:09:52,202 | INFO | central_bank_scraper | Saved NORGES_BANK Speeches: Digital currencies and real-time payments – the road ahead
2026-06-03 13:09:54,264 | INFO | central_bank_scraper | Saved NORGES_BANK Speeches: Climate change and central banking – a Nordic perspective
2026-06-03 13:09:56,332 | INFO | central_bank_scraper | Saved NORGES_BANK Speeches: Monetary policy strategy - from mandate to decisions
2026-06-03 13:09:58,450 | INFO | central_bank_scraper | Saved NORGES_BANK Speeches: FinTech, BigTech and Cryptos – will new technology render banks obsolete?
2026-06-03 13:10:00,537 | INFO | central_bank_scraper | Saved NORGES_BANK Speeches: Conduct of monetary policy
2026-06-03 13:10:02,616 | INFO | central_bank_scraper | Saved NORGES_BANK Speeches: Management of the Government Pension Fund Global
2026-06-03 13:10:04,646 | INFO | central_bank_scraper | Saved NORGES_BANK Speeches: Reception of the report from Norges Bank Watch (NBW)
2026-06-03 13:10:07,024 | INFO | central_bank_scraper | Saved NORGES_BANK Speeches: Economic perspectives
2026-06-03 13:10:07,042 | INFO | central_bank_scraper | Finished NORGES_BANK: {'bank': 'NORGES_BANK', 'saved': 69, 'skipped': 14, 'failed': 0}
2026-06-03 13:10:07,059 | INFO | central_bank_scraper | Scraper runner finished
2026-06-11 00:50:53,396 | INFO | central_bank_scraper | Starting FED
2026-06-11 00:50:54,422 | WARNING | central_bank_scraper | Could not verify robots.txt for https://www.federalreserve.gov; got HTTP 404, continuing politely
2026-06-11 00:52:09,009 | INFO | central_bank_scraper | FED Monetary Policy discovered 181 candidates
2026-06-11 00:52:10,955 | INFO | central_bank_scraper | Saved FED Monetary Policy: Statement
2026-06-11 00:52:12,867 | INFO | central_bank_scraper | Saved FED Monetary Policy: Statement
2026-06-11 00:52:14,752 | INFO | central_bank_scraper | Saved FED Monetary Policy: Statement
2026-06-11 00:52:16,712 | INFO | central_bank_scraper | Saved FED Monetary Policy: Statement
2026-06-11 00:52:18,979 | INFO | central_bank_scraper | Saved FED Monetary Policy: Statement
2026-06-11 00:52:20,899 | INFO | central_bank_scraper | Saved FED Monetary Policy: Statement
2026-06-11 00:52:29,306 | INFO | central_bank_scraper | Saved FED Monetary Policy: Statement
2026-06-11 00:52:38,432 | INFO | central_bank_scraper | Saved FED Monetary Policy: Statement on Longer-Run Goals and Monetary Policy Strategy
2026-06-11 00:52:40,402 | INFO | central_bank_scraper | Saved FED Monetary Policy: Statement
2026-06-11 00:52:42,311 | INFO | central_bank_scraper | Saved FED Monetary Policy: Statement
2026-06-11 00:52:44,217 | INFO | central_bank_scraper | Saved FED Monetary Policy: Statement
2026-06-11 00:52:46,116 | INFO | central_bank_scraper | Saved FED Monetary Policy: Statement
2026-06-11 00:52:48,048 | INFO | central_bank_scraper | Saved FED Monetary Policy: Statement
2026-06-11 00:52:50,574 | INFO | central_bank_scraper | Saved FED Monetary Policy: Statement
2026-06-11 00:52:53,299 | INFO | central_bank_scraper | Saved FED Monetary Policy: Statement
2026-06-11 00:52:55,217 | INFO | central_bank_scraper | Saved FED Monetary Policy: Statement
2026-06-11 00:52:57,153 | INFO | central_bank_scraper | Saved FED Monetary Policy: Statement
2026-06-11 00:52:59,491 | INFO | central_bank_scraper | Saved FED Monetary Policy: Statement
2026-06-11 00:53:01,411 | INFO | central_bank_scraper | Saved FED Monetary Policy: Statement
2026-06-11 00:53:03,304 | INFO | central_bank_scraper | Saved FED Monetary Policy: Statement
2026-06-11 00:53:07,808 | INFO | central_bank_scraper | Saved FED Monetary Policy: Statement
2026-06-11 00:53:09,705 | INFO | central_bank_scraper | Saved FED Monetary Policy: Statement
2026-06-11 00:53:12,265 | INFO | central_bank_scraper | Saved FED Monetary Policy: Statement
2026-06-11 00:53:14,507 | INFO | central_bank_scraper | Saved FED Monetary Policy: Statement
2026-06-11 00:53:16,861 | INFO | central_bank_scraper | Saved FED Monetary Policy: Statement
2026-06-11 00:53:18,805 | INFO | central_bank_scraper | Saved FED Monetary Policy: Statement
2026-06-11 00:53:20,718 | INFO | central_bank_scraper | Saved FED Monetary Policy: Statement
2026-06-11 00:53:22,761 | INFO | central_bank_scraper | Saved FED Monetary Policy: Statement
2026-06-11 00:53:26,439 | INFO | central_bank_scraper | Saved FED Monetary Policy: Statement
2026-06-11 00:53:29,053 | INFO | central_bank_scraper | Saved FED Monetary Policy: Statement
2026-06-11 00:53:32,177 | INFO | central_bank_scraper | Saved FED Monetary Policy: Statement
2026-06-11 00:53:34,168 | INFO | central_bank_scraper | Saved FED Monetary Policy: Statement
2026-06-11 00:53:36,120 | INFO | central_bank_scraper | Saved FED Monetary Policy: Statement
2026-06-11 00:53:38,032 | INFO | central_bank_scraper | Saved FED Monetary Policy: Statement
2026-06-11 00:53:39,943 | INFO | central_bank_scraper | Saved FED Monetary Policy: Statement
2026-06-11 00:53:41,887 | INFO | central_bank_scraper | Saved FED Monetary Policy: Statement
2026-06-11 00:53:43,928 | INFO | central_bank_scraper | Saved FED Monetary Policy: Statement
2026-06-11 00:53:45,930 | INFO | central_bank_scraper | Saved FED Monetary Policy: Statement
2026-06-11 00:53:48,100 | INFO | central_bank_scraper | Saved FED Monetary Policy: Statement
2026-06-11 00:53:50,077 | INFO | central_bank_scraper | Saved FED Monetary Policy: Statement
2026-06-11 00:53:52,228 | INFO | central_bank_scraper | Saved FED Monetary Policy: Statement
2026-06-11 00:53:55,040 | INFO | central_bank_scraper | Saved FED Monetary Policy: Statement
2026-06-11 00:53:57,055 | INFO | central_bank_scraper | Saved FED Monetary Policy: Statement
2026-06-11 00:53:59,546 | INFO | central_bank_scraper | Saved FED Monetary Policy: Statement
2026-06-11 00:54:01,442 | INFO | central_bank_scraper | Saved FED Monetary Policy: Statement
2026-06-11 00:54:03,335 | INFO | central_bank_scraper | Saved FED Monetary Policy: Statement
2026-06-11 00:54:05,588 | INFO | central_bank_scraper | Saved FED Monetary Policy: Statement
2026-06-11 00:54:08,248 | INFO | central_bank_scraper | Saved FED Monetary Policy: Statement
2026-06-11 00:54:10,147 | INFO | central_bank_scraper | Saved FED Monetary Policy: Statement
2026-06-11 00:54:12,345 | INFO | central_bank_scraper | Saved FED Monetary Policy: Statement
2026-06-11 00:54:14,354 | INFO | central_bank_scraper | Saved FED Monetary Policy: Statement
2026-06-11 00:54:16,262 | INFO | central_bank_scraper | Saved FED Monetary Policy: Statement
2026-06-11 00:54:18,248 | INFO | central_bank_scraper | Saved FED Monetary Policy: Statement
2026-06-11 00:54:20,435 | INFO | central_bank_scraper | Saved FED Monetary Policy: Statement
2026-06-11 00:54:22,391 | INFO | central_bank_scraper | Saved FED Monetary Policy: Statement
2026-06-11 00:54:24,318 | INFO | central_bank_scraper | Saved FED Monetary Policy: Statement
2026-06-11 00:54:26,241 | INFO | central_bank_scraper | Saved FED Monetary Policy: Statement
2026-06-11 00:54:28,230 | INFO | central_bank_scraper | Saved FED Monetary Policy: Statement
2026-06-11 00:54:30,120 | INFO | central_bank_scraper | Saved FED Monetary Policy: Statement
2026-06-11 00:54:32,249 | INFO | central_bank_scraper | Saved FED Monetary Policy: Statement
2026-06-11 00:54:35,549 | INFO | central_bank_scraper | Saved FED Monetary Policy: Statement
2026-06-11 00:54:37,898 | INFO | central_bank_scraper | Saved FED Monetary Policy: Statement
2026-06-11 00:54:39,795 | INFO | central_bank_scraper | Saved FED Monetary Policy: Statement
2026-06-11 00:54:41,702 | INFO | central_bank_scraper | Saved FED Monetary Policy: Statement
2026-06-11 00:54:43,642 | INFO | central_bank_scraper | Saved FED Monetary Policy: Statement
2026-06-11 00:54:45,541 | INFO | central_bank_scraper | Saved FED Monetary Policy: Statement
2026-06-11 00:54:47,621 | INFO | central_bank_scraper | Saved FED Monetary Policy: Statement
2026-06-11 00:54:54,214 | INFO | central_bank_scraper | Saved FED Monetary Policy: Statement
2026-06-11 00:54:56,231 | INFO | central_bank_scraper | Saved FED Monetary Policy: Statement
2026-06-11 00:54:58,351 | INFO | central_bank_scraper | Saved FED Monetary Policy: Statement
2026-06-11 00:55:00,253 | INFO | central_bank_scraper | Saved FED Monetary Policy: Statement
2026-06-11 00:55:02,171 | INFO | central_bank_scraper | Saved FED Monetary Policy: Statement
2026-06-11 00:55:04,071 | INFO | central_bank_scraper | Saved FED Monetary Policy: Statement
2026-06-11 00:55:06,009 | INFO | central_bank_scraper | Saved FED Monetary Policy: Statement
2026-06-11 00:55:07,923 | INFO | central_bank_scraper | Saved FED Monetary Policy: Statement
2026-06-11 00:55:09,874 | INFO | central_bank_scraper | Saved FED Monetary Policy: Statement
2026-06-11 00:55:11,829 | INFO | central_bank_scraper | Saved FED Monetary Policy: Statement
2026-06-11 00:55:13,747 | INFO | central_bank_scraper | Saved FED Monetary Policy: Statement
2026-06-11 00:55:15,663 | INFO | central_bank_scraper | Saved FED Monetary Policy: Statement
2026-06-11 00:55:18,425 | INFO | central_bank_scraper | Saved FED Monetary Policy: Statement
2026-06-11 00:55:20,775 | INFO | central_bank_scraper | Saved FED Monetary Policy: Statement
2026-06-11 00:55:22,702 | INFO | central_bank_scraper | Saved FED Monetary Policy: Statement
2026-06-11 00:55:24,623 | INFO | central_bank_scraper | Saved FED Monetary Policy: Statement
2026-06-11 00:55:26,580 | INFO | central_bank_scraper | Saved FED Monetary Policy: Statement
2026-06-11 00:55:28,929 | INFO | central_bank_scraper | Saved FED Monetary Policy: Statement
2026-06-11 00:55:31,230 | INFO | central_bank_scraper | Saved FED Monetary Policy: Statement
2026-06-11 00:55:34,050 | INFO | central_bank_scraper | Saved FED Monetary Policy: Statement
2026-06-11 00:55:36,477 | INFO | central_bank_scraper | Saved FED Monetary Policy: Statement
2026-06-11 00:55:38,716 | INFO | central_bank_scraper | Saved FED Monetary Policy: Statement
2026-06-11 00:55:40,989 | INFO | central_bank_scraper | Saved FED Monetary Policy: Statement
2026-06-11 00:55:43,225 | INFO | central_bank_scraper | Saved FED Monetary Policy: Statement
2026-06-11 00:55:45,499 | INFO | central_bank_scraper | Saved FED Monetary Policy: Statement
2026-06-11 00:55:48,172 | INFO | central_bank_scraper | Saved FED Monetary Policy: Statement
2026-06-11 00:55:50,987 | INFO | central_bank_scraper | Saved FED Monetary Policy: Statement
2026-06-11 00:55:55,130 | INFO | central_bank_scraper | Saved FED Monetary Policy: Statement
2026-06-11 00:55:57,364 | INFO | central_bank_scraper | Saved FED Monetary Policy: Statement
2026-06-11 00:55:59,747 | INFO | central_bank_scraper | Saved FED Monetary Policy: Statement
2026-06-11 00:56:01,981 | INFO | central_bank_scraper | Saved FED Monetary Policy: Statement
2026-06-11 00:56:05,195 | INFO | central_bank_scraper | Saved FED Monetary Policy: Statement
2026-06-11 00:56:09,954 | INFO | central_bank_scraper | Saved FED Monetary Policy: Statement
2026-06-11 00:56:12,194 | INFO | central_bank_scraper | Saved FED Monetary Policy: Statement
2026-06-11 00:56:14,781 | INFO | central_bank_scraper | Saved FED Monetary Policy: Statement
2026-06-11 00:56:17,873 | INFO | central_bank_scraper | Saved FED Monetary Policy: Statement
2026-06-11 00:56:20,363 | INFO | central_bank_scraper | Saved FED Monetary Policy: Statement
2026-06-11 00:56:22,602 | INFO | central_bank_scraper | Saved FED Monetary Policy: Statement
2026-06-11 00:56:25,067 | INFO | central_bank_scraper | Saved FED Monetary Policy: Statement
2026-06-11 00:56:27,340 | INFO | central_bank_scraper | Saved FED Monetary Policy: Statement
2026-06-11 00:56:34,047 | INFO | central_bank_scraper | Saved FED Monetary Policy: Statement
2026-06-11 00:56:36,443 | INFO | central_bank_scraper | Saved FED Monetary Policy: Statement
2026-06-11 00:56:39,561 | INFO | central_bank_scraper | Saved FED Monetary Policy: Statement
2026-06-11 00:56:41,825 | INFO | central_bank_scraper | Saved FED Monetary Policy: Statement
2026-06-11 00:56:44,067 | INFO | central_bank_scraper | Saved FED Monetary Policy: Statement
2026-06-11 00:56:47,019 | INFO | central_bank_scraper | Saved FED Monetary Policy: Statement
2026-06-11 00:56:51,561 | INFO | central_bank_scraper | Saved FED Monetary Policy: Statement
2026-06-11 00:56:54,585 | INFO | central_bank_scraper | Saved FED Monetary Policy: Statement
2026-06-11 00:56:56,827 | INFO | central_bank_scraper | Saved FED Monetary Policy: Statement
2026-06-11 00:56:59,072 | INFO | central_bank_scraper | Saved FED Monetary Policy: Statement
2026-06-11 00:57:02,030 | INFO | central_bank_scraper | Saved FED Monetary Policy: Statement
2026-06-11 00:57:04,837 | INFO | central_bank_scraper | Saved FED Monetary Policy: Statement
2026-06-11 00:57:07,046 | INFO | central_bank_scraper | Saved FED Monetary Policy: Statement
2026-06-11 00:57:09,247 | INFO | central_bank_scraper | Saved FED Monetary Policy: Statement
2026-06-11 00:57:11,571 | INFO | central_bank_scraper | Saved FED Monetary Policy: Statement
2026-06-11 00:57:14,308 | INFO | central_bank_scraper | Saved FED Monetary Policy: Statement
2026-06-11 00:57:16,493 | INFO | central_bank_scraper | Saved FED Monetary Policy: Statement
2026-06-11 00:57:18,703 | INFO | central_bank_scraper | Saved FED Monetary Policy: Statement
2026-06-11 00:57:20,933 | INFO | central_bank_scraper | Saved FED Monetary Policy: Statement
2026-06-11 00:57:23,513 | INFO | central_bank_scraper | Saved FED Monetary Policy: Statement
2026-06-11 00:57:25,851 | INFO | central_bank_scraper | Saved FED Monetary Policy: Statement
2026-06-11 00:57:28,053 | INFO | central_bank_scraper | Saved FED Monetary Policy: Statement
2026-06-11 00:57:31,803 | INFO | central_bank_scraper | Saved FED Monetary Policy: Statement
2026-06-11 00:57:33,790 | INFO | central_bank_scraper | Saved FED Monetary Policy: Statement
2026-06-11 00:57:35,638 | INFO | central_bank_scraper | Saved FED Monetary Policy: Statement
2026-06-11 00:57:38,011 | INFO | central_bank_scraper | Saved FED Monetary Policy: Statement
2026-06-11 00:57:39,849 | INFO | central_bank_scraper | Saved FED Monetary Policy: Statement
2026-06-11 00:57:41,684 | INFO | central_bank_scraper | Saved FED Monetary Policy: Statement
2026-06-11 00:57:43,547 | INFO | central_bank_scraper | Saved FED Monetary Policy: Statement
2026-06-11 00:57:45,444 | INFO | central_bank_scraper | Saved FED Monetary Policy: Statement
2026-06-11 00:57:47,652 | INFO | central_bank_scraper | Saved FED Monetary Policy: Statement
2026-06-11 00:57:54,317 | INFO | central_bank_scraper | Saved FED Monetary Policy: Statement
2026-06-11 00:57:56,532 | INFO | central_bank_scraper | Saved FED Monetary Policy: Statement
2026-06-11 00:57:58,432 | INFO | central_bank_scraper | Saved FED Monetary Policy: Statement
2026-06-11 00:58:00,442 | INFO | central_bank_scraper | Saved FED Monetary Policy: Statement
2026-06-11 00:58:03,399 | INFO | central_bank_scraper | Saved FED Monetary Policy: Statement
2026-06-11 00:58:05,248 | INFO | central_bank_scraper | Saved FED Monetary Policy: Statement
2026-06-11 00:58:07,192 | INFO | central_bank_scraper | Saved FED Monetary Policy: Statement
2026-06-11 00:58:09,129 | INFO | central_bank_scraper | Saved FED Monetary Policy: Statement
2026-06-11 00:58:10,978 | INFO | central_bank_scraper | Saved FED Monetary Policy: Statement
2026-06-11 00:58:12,897 | INFO | central_bank_scraper | Saved FED Monetary Policy: Statement
2026-06-11 00:58:14,737 | INFO | central_bank_scraper | Saved FED Monetary Policy: Statement
2026-06-11 00:58:16,582 | INFO | central_bank_scraper | Saved FED Monetary Policy: Statement
2026-06-11 00:58:18,424 | INFO | central_bank_scraper | Saved FED Monetary Policy: Statement
2026-06-11 00:58:20,554 | INFO | central_bank_scraper | Saved FED Monetary Policy: Statement
2026-06-11 00:58:22,432 | INFO | central_bank_scraper | Saved FED Monetary Policy: Statement
2026-06-11 00:58:24,283 | INFO | central_bank_scraper | Saved FED Monetary Policy: Statement
2026-06-11 00:58:26,510 | INFO | central_bank_scraper | Saved FED Monetary Policy: Statement
2026-06-11 00:58:28,463 | INFO | central_bank_scraper | Saved FED Monetary Policy: Statement
2026-06-11 00:58:30,319 | INFO | central_bank_scraper | Saved FED Monetary Policy: Statement
2026-06-11 00:58:32,162 | INFO | central_bank_scraper | Saved FED Monetary Policy: Statement
2026-06-11 00:58:34,015 | INFO | central_bank_scraper | Saved FED Monetary Policy: Statement
2026-06-11 00:58:35,893 | INFO | central_bank_scraper | Saved FED Monetary Policy: Statement
2026-06-11 00:58:39,634 | INFO | central_bank_scraper | Saved FED Monetary Policy: Statement
2026-06-11 00:58:41,665 | INFO | central_bank_scraper | Saved FED Monetary Policy: Statement
2026-06-11 00:58:43,581 | INFO | central_bank_scraper | Saved FED Monetary Policy: Statement
2026-06-11 00:58:45,436 | INFO | central_bank_scraper | Saved FED Monetary Policy: Statement
2026-06-11 00:58:47,311 | INFO | central_bank_scraper | Saved FED Monetary Policy: Statement
2026-06-11 00:58:49,202 | INFO | central_bank_scraper | Saved FED Monetary Policy: Statement
2026-06-11 00:58:51,400 | INFO | central_bank_scraper | Saved FED Monetary Policy: Statement
2026-06-11 00:58:53,320 | INFO | central_bank_scraper | Saved FED Monetary Policy: Statement
2026-06-11 00:58:55,200 | INFO | central_bank_scraper | Saved FED Monetary Policy: Statement
2026-06-11 00:58:57,048 | INFO | central_bank_scraper | Saved FED Monetary Policy: Statement
2026-06-11 00:58:58,883 | INFO | central_bank_scraper | Saved FED Monetary Policy: Statement
2026-06-11 00:59:00,823 | INFO | central_bank_scraper | Saved FED Monetary Policy: Statement
2026-06-11 00:59:02,701 | INFO | central_bank_scraper | Saved FED Monetary Policy: Statement
2026-06-11 00:59:04,636 | INFO | central_bank_scraper | Saved FED Monetary Policy: Statement
2026-06-11 00:59:06,539 | INFO | central_bank_scraper | Saved FED Monetary Policy: Statement
2026-06-11 00:59:08,370 | INFO | central_bank_scraper | Saved FED Monetary Policy: Statement
2026-06-11 00:59:10,850 | INFO | central_bank_scraper | Saved FED Monetary Policy: Statement
2026-06-11 00:59:13,049 | INFO | central_bank_scraper | Saved FED Monetary Policy: Statement
2026-06-11 00:59:14,892 | INFO | central_bank_scraper | Saved FED Monetary Policy: Statement
2026-06-11 00:59:16,738 | INFO | central_bank_scraper | Saved FED Monetary Policy: Statement
2026-06-11 00:59:18,584 | INFO | central_bank_scraper | Saved FED Monetary Policy: Statement
2026-06-11 00:59:18,602 | INFO | central_bank_scraper | Finished FED: {'bank': 'FED', 'saved': 181, 'skipped': 0, 'failed': 0}
