bank,date_au,daily_avg_score,rolling_30d_score,rolling_90d_score,rolling_180d_score,momentum_30_vs_90,momentum_classification,documents_count
BOC,2024-05-30,0.0,0.0,0.0,0.0,0.0,stable,1
BOC,2024-06-05,0.0,0.0,0.0,0.0,0.0,stable,1
BOC,2024-06-07,-2.2189475010096187,-0.7396491670032063,-0.7396491670032063,-0.7396491670032063,0.0,stable,1
BOC,2024-06-13,0.0,-0.5547368752524047,-0.5547368752524047,-0.5547368752524047,0.0,stable,1
BOC,2024-06-24,0.0,-0.44378950020192376,-0.44378950020192376,-0.44378950020192376,0.0,stable,1
BOC,2024-09-04,0.0,0.0,-0.5547368752524047,-0.36982458350160313,0.5547368752524047,stable,1
BOC,2024-09-10,0.0,0.0,0.0,-0.31699250014423125,0.0,stable,1
BOC,2024-09-19,0.0,0.0,0.0,-0.27736843762620234,0.0,stable,1
BOC,2024-09-20,0.0,0.0,0.0,-0.2465497223344021,0.0,stable,1
BOC,2024-10-23,-1.4,-1.4,-0.27999999999999997,-0.36189475010096184,-1.1199999999999999,dovish acceleration,1
BOC,2024-11-06,0.0,-0.7,-0.2333333333333333,-0.32899522736451076,-0.4666666666666667,stable,1
BOC,2024-11-26,0.0,0.0,-0.19999999999999998,-0.32899522736451076,0.19999999999999998,stable,1
BOC,2024-12-11,0.0,0.0,-0.2333333333333333,-0.15555555555555556,0.2333333333333333,stable,1
BOC,2024-12-16,0.0,0.0,-0.19999999999999998,-0.13999999999999999,0.19999999999999998,stable,1
BOC,2025-01-16,0.0,0.0,-0.2333333333333333,-0.13999999999999999,0.2333333333333333,stable,1
BOC,2025-01-29,-1.4,-0.7,-0.2333333333333333,-0.2545454545454545,-0.4666666666666667,stable,1
BOC,2025-02-21,0.0,-0.7,-0.2333333333333333,-0.2333333333333333,-0.4666666666666667,stable,1
BOC,2025-03-12,0.0,0.0,-0.27999999999999997,-0.2545454545454545,0.27999999999999997,stable,1
BOC,2025-03-20,0.0,0.0,-0.27999999999999997,-0.27999999999999997,0.27999999999999997,stable,1
BOC,2025-04-16,0.0,0.0,-0.27999999999999997,-0.2545454545454545,0.27999999999999997,stable,1
BOC,2025-06-04,0.0,0.0,0.0,-0.15555555555555556,0.0,stable,1
BOC,2025-06-05,0.0,0.0,0.0,-0.13999999999999999,0.0,stable,1
BOC,2025-06-18,0.0,0.0,0.0,-0.15555555555555556,0.0,stable,1
BOC,2025-07-30,0.0,0.0,0.0,0.0,0.0,stable,1
BOC,2025-08-26,0.0,0.0,0.0,0.0,0.0,stable,1
BOC,2025-09-17,0.0,0.0,0.0,0.0,0.0,stable,1
BOC,2025-09-23,0.0,0.0,0.0,0.0,0.0,stable,1
BOC,2025-10-02,0.0,0.0,0.0,0.0,0.0,stable,1
BOC,2025-10-09,0.0,0.0,0.0,0.0,0.0,stable,1
BOC,2025-10-29,0.0,0.0,0.0,0.0,0.0,stable,1
BOC,2025-11-19,0.0,0.0,0.0,0.0,0.0,stable,1
BOC,2025-12-10,0.0,0.0,0.0,0.0,0.0,stable,2
BOC,2025-12-16,0.0,0.0,0.0,0.0,0.0,stable,1
BOC,2026-01-28,0.0,0.0,0.0,0.0,0.0,stable,2
BOC,2026-02-05,0.0,0.0,0.0,0.0,0.0,stable,1
BOC,2026-03-02,0.0,0.0,0.0,0.0,0.0,stable,1
BOC,2026-03-18,0.0,0.0,0.0,0.0,0.0,stable,2
BOC,2026-03-26,0.0,0.0,0.0,0.0,0.0,stable,1
BOC,2026-04-29,0.0,0.0,0.0,0.0,0.0,stable,3
BOC,2026-05-13,0.0,0.0,0.0,0.0,0.0,stable,1
BOC,2026-05-26,0.0,0.0,0.0,0.0,0.0,stable,1
BOC,2026-06-01,0.0,0.0,0.0,0.0,0.0,stable,1
BOE,2021-06-01,-0.018354109628556492,-0.018354109628556492,-0.018354109628556492,-0.018354109628556492,0.0,stable,73
BOE,2022-06-01,0.34731406150025185,0.34731406150025185,0.34731406150025185,0.34731406150025185,0.0,stable,72
BOE,2023-06-01,0.7544253572046705,0.7544253572046705,0.7544253572046705,0.7544253572046705,0.0,stable,70
BOE,2024-06-01,0.20985176118179513,0.20985176118179513,0.20985176118179513,0.20985176118179513,0.0,stable,60
BOE,2025-06-01,-0.04073086354821835,-0.04073086354821835,-0.04073086354821835,-0.04073086354821835,0.0,stable,83
BOE,2026-06-01,0.18819306452543427,0.18819306452543427,0.18819306452543427,0.18819306452543427,0.0,stable,31
BOJ,2021-02-03,1.4,1.4,1.4,1.4,0.0,stable,1
BOJ,2021-02-15,-0.8189475010096188,0.29052624949519057,0.29052624949519057,0.29052624949519057,0.0,stable,1
BOJ,2021-03-08,0.0,-0.4094737505048094,0.19368416633012706,0.19368416633012706,-0.6031579168349365,stable,1
BOJ,2021-03-12,0.4000000000000003,-0.13964916700320615,0.24526312474759537,0.24526312474759537,-0.38491229175080155,stable,1
BOJ,2021-03-16,0.0,-0.10473687525240462,0.1962104997980763,0.1962104997980763,-0.3009473750504809,stable,1
BOJ,2021-03-25,0.0,0.10000000000000007,0.16350874983173025,0.16350874983173025,-0.06350874983173017,stable,1
BOJ,2021-03-26,0.0,0.08000000000000006,0.14015035699862594,0.14015035699862594,-0.06015035699862588,stable,1
BOJ,2021-03-30,0.0,0.06666666666666672,0.12263156237379769,0.12263156237379769,-0.055964895707130966,stable,1
BOJ,2021-05-19,1.4,1.4,0.2571428571428572,0.26456138877670904,1.1428571428571428,hawkish acceleration,1
BOJ,2021-05-24,0.0,0.7,0.22500000000000003,0.23810524989903814,0.4749999999999999,stable,1
BOJ,2021-05-26,1.4,0.9333333333333332,0.35555555555555557,0.3437320453627619,0.5777777777777777,stable,1
BOJ,2021-06-02,0.0,0.7,0.32,0.31508770824919846,0.37999999999999995,stable,1
BOJ,2021-06-08,0.0,0.5599999999999999,0.32,0.29085019223002934,0.23999999999999994,stable,1
BOJ,2021-07-21,0.0,0.0,0.4666666666666666,0.27007517849931295,-0.4666666666666666,stable,1
BOJ,2021-07-27,0.0,0.0,0.39999999999999997,0.25207016659935877,-0.39999999999999997,stable,1
BOJ,2021-08-31,0.0,0.0,0.0,0.2285714285714286,0.0,stable,1
BOJ,2021-09-01,1.6,0.8,0.32,0.32000000000000006,0.48000000000000004,stable,1
BOJ,2021-09-09,-3.618947501009618,-0.6729825003365394,-0.4037895002019236,0.0557894642135987,-0.2691930001346158,stable,1
BOJ,2021-09-27,1.4,-0.15473687525240454,-0.10315791683493636,0.19827749990821653,-0.05157895841746818,stable,1
BOJ,2021-10-05,0.0,-0.739649167003206,-0.08842107157280259,0.18175437491586513,-0.6512280954304035,stable,1
BOJ,2021-10-06,0.0,-0.5547368752524046,-0.07736843762620227,0.16777326915310628,-0.4773684376262023,stable,1
BOJ,2021-10-15,0.0,0.35,-0.06877194455662423,0.15578946421359868,0.4187719445566242,stable,1
BOJ,2021-10-21,0.0,0.27999999999999997,-0.06877194455662423,0.1454034999326921,0.3487719445566242,stable,1
BOJ,2021-11-15,3.250699332842307,1.6253496664211535,0.2924168702036321,0.2687834554555126,1.3329327962175215,hawkish acceleration,1
BOJ,2021-11-29,0.0,1.6253496664211535,0.2924168702036321,0.20244244860251454,1.3329327962175215,hawkish acceleration,1
BOJ,2021-12-01,1.4,1.5502331109474357,0.27019464798140985,0.2879822737023349,1.2800384629660257,hawkish acceleration,1
BOJ,2021-12-02,3.618947501009618,2.0674117084629815,0.6050699332842306,0.5100466221894872,1.4623417751787509,hawkish acceleration,1
BOJ,2021-12-08,1.4,1.933929366770385,1.1069646833851925,0.6033799555228204,0.8269646833851925,stable,1
BOJ,2021-12-23,0.0,1.2837895002019235,1.006331530350175,0.5656687083026442,0.27745796985174853,stable,1
BOJ,2022-02-03,1.9810524989903808,1.9810524989903808,1.6643856189774724,0.7354501221221792,0.31666688001290844,stable,1
BOJ,2022-02-16,0.0,0.9905262494951904,1.1999999999999997,0.689484489489543,-0.20947375050480932,stable,1
BOJ,2022-03-07,0.0,0.0,0.6762104997980762,0.6287834554555125,-0.6762104997980762,stable,1
BOJ,2022-03-29,1.5,0.75,0.8702631247475952,0.9393356666315933,-0.12026312474759515,stable,2
BOJ,2022-03-31,0.0,0.5,0.6962104997980761,0.8767132888561537,-0.19621049979807614,stable,1
BOJ,2022-04-13,1.9,1.1333333333333333,0.8968420831650635,1.1577461025263314,0.23649125016826977,stable,2
BOJ,2022-04-23,3.0,1.6,1.1972932141414832,1.388515333295562,0.40270678585851694,stable,1
BOJ,2022-05-13,1.4,2.2,1.1142857142857143,1.3893356666315932,1.0857142857142859,hawkish acceleration,1
BOJ,2022-05-25,0.0,0.7,1.1142857142857143,1.157142857142857,-0.41428571428571437,stable,1
BOJ,2022-06-01,-2.2189475010096187,-0.2729825003365396,0.6976315623737976,0.7468420831650634,-0.9706140627103372,stable,1
BOJ,2022-06-06,1.4,0.14526312474759528,0.8726315623737977,0.7468420831650636,-0.7273684376262024,stable,1
BOJ,2022-06-09,1.4,0.3962104997980762,0.9312280554433757,0.797084999844674,-0.5350175556452995,stable,1
BOJ,2022-07-28,0.0,0.0,0.3301754164983968,0.797084999844674,-0.3301754164983968,stable,1
BOJ,2022-08-31,1.4,1.4,1.0499999999999998,0.8150877082491984,0.3500000000000001,stable,1
BOJ,2022-09-05,2.4,1.9,1.2999999999999998,1.0150877082491985,0.6000000000000001,stable,1
BOJ,2022-09-26,-1.4,0.7999999999999999,0.6,0.7734210415825317,0.19999999999999996,stable,1
BOJ,2022-10-26,-2.2189475010096187,-2.2189475010096187,0.04526312474759531,0.21621049979807622,-2.264210625757214,dovish acceleration,1
BOJ,2022-11-14,0.8189475010096188,-0.7,0.2,0.15810524989903812,-0.8999999999999999,stable,1
BOJ,2022-11-15,0.0,-0.4666666666666666,0.16666666666666666,0.14373204536276193,-0.6333333333333333,stable,1
BOJ,2022-11-24,0.0,-0.35,0.14285714285714285,0.14373204536276193,-0.4928571428571428,stable,1
BOJ,2022-11-27,0.0,0.2047368752524047,0.125,0.13175437491586509,0.0797368752524047,stable,1
BOJ,2022-12-02,6.0189475010096185,1.3675790004038475,0.7023684376262023,0.8182456250841348,0.6652105627776452,stable,1
BOJ,2022-12-08,0.0,1.1396491670032063,0.4023684376262023,0.6380861364554199,0.7372807293770041,stable,1
BOJ,2022-12-14,0.0,1.0031579168349365,0.35766083344551314,0.5849122917508015,0.6454970833894234,stable,1
BOJ,2022-12-22,0.0,1.0031579168349365,0.3218947501009618,0.5399190385392014,0.6812631667339747,stable,1
BOJ,2022-12-26,0.0,1.0031579168349365,0.4618947501009618,0.5013533929292585,0.5412631667339747,stable,1
BOJ,2023-02-02,0.0,0.0,0.6837895002019236,0.5013533929292585,-0.6837895002019236,stable,1
BOJ,2023-02-17,0.0,0.0,0.6687719445566243,0.46792983340064126,-0.6687719445566243,stable,2
BOJ,2023-02-28,0.0,0.0,0.7523684376262023,0.3745965000673079,-0.7523684376262023,stable,1
BOJ,2023-03-01,-1.4,-0.35,0.5132163890010687,0.2636842188131011,-0.8632163890010687,stable,1
BOJ,2023-03-06,0.0,-0.35,-0.15555555555555556,0.11368421881310117,-0.19444444444444442,stable,1
BOJ,2023-03-08,-1.4,-0.5599999999999999,-0.3111111111111111,0.02464397064762464,-0.24888888888888883,stable,1
BOJ,2023-03-28,0.0,-0.5599999999999999,-0.39999999999999997,0.10699691182409522,-0.15999999999999998,stable,1
BOJ,2023-05-19,0.0,0.0,-0.4666666666666666,0.2145965000673079,0.4666666666666666,stable,1
BOJ,2023-05-31,0.0,0.0,-0.27999999999999997,-0.21538461538461537,0.27999999999999997,stable,1
BOJ,2023-06-27,0.5567957339077836,0.2783978669538918,0.18559857796926119,-0.22432042660922163,0.0927992889846306,stable,1
BOJ,2023-06-29,0.0,0.18559857796926119,0.1391989334769459,-0.20392766055383785,0.04639964449231529,stable,1
BOJ,2023-08-02,-3.250699332842307,-3.250699332842307,-0.5387807197869047,-0.49944578172132026,-2.7119186130554023,dovish acceleration,1
BOJ,2023-08-28,0.0,-1.6253496664211535,-0.5387807197869047,-0.45487817765939137,-1.086568946634249,dovish acceleration,1
BOJ,2023-09-05,-2.2189475010096187,-1.1094737505048093,-0.9825702199888283,-0.6141063874930177,-0.12690353051598102,stable,1
BOJ,2023-09-06,2.4,0.060350832996793745,-0.418808516657357,-0.27920567777157135,0.47915934965415075,stable,1
BOJ,2023-09-11,0.0,0.04526312474759531,-0.35897872856344887,-0.2512851099944142,0.4042418533110442,stable,1
BOJ,2023-09-12,-2.2189475010096187,-0.4075790004038475,-0.5914748251192201,-0.43016350917761464,0.18389582471537264,stable,1
BOJ,2023-09-25,0.0,-0.33964916700320624,-0.6610742918576931,-0.43016350917761464,0.3214251248544868,stable,1
BOJ,2023-09-30,0.0,-0.33964916700320624,-0.6610742918576931,-0.3943165500794801,0.3214251248544868,stable,1
BOJ,2023-10-19,1.8,0.6,-0.38762159276239383,-0.22552296930413546,0.9876215927623938,stable,1
BOJ,2023-11-06,-1.4,0.20000000000000007,-0.18198833355769303,-0.3094141857824115,0.3819883335576931,stable,1
BOJ,2023-12-06,-1.4,-1.4,-0.4598496430013741,-0.44090758468875085,-0.9401503569986258,stable,2
BOJ,2023-12-07,0.0,-0.7,-0.40236843762620234,-0.4094141857824115,-0.2976315623737976,stable,1
BOJ,2023-12-25,1.4,0.0,0.0666666666666667,-0.34918530963296746,-0.0666666666666667,stable,1
BOJ,2024-02-08,1.4,1.4,0.35,-0.01829961553994134,1.0499999999999998,hawkish acceleration,1
BOJ,2024-03-05,0.0,0.7,0.7,-0.038086136455419875,0.0,stable,1
BOJ,2024-03-06,0.0,0.4666666666666666,0.7,-0.03491229175080155,-0.23333333333333334,stable,2
BOJ,2024-03-12,0.0,0.0,0.5599999999999999,0.16363636363636364,-0.5599999999999999,stable,1
BOJ,2024-04-03,0.0,0.0,0.27999999999999997,0.18,-0.27999999999999997,stable,1
BOJ,2024-04-18,0.0,0.0,0.2333333333333333,0.0,-0.2333333333333333,stable,2
BOJ,2024-04-23,0.0,0.0,0.19999999999999998,0.0,-0.19999999999999998,stable,1
BOJ,2024-05-02,0.0,0.0,0.175,0.0,-0.175,stable,1
BOJ,2024-05-08,-1.4,-0.35,-0.175,0.0,-0.175,stable,1
BOJ,2024-05-27,0.0,-0.4666666666666666,-0.15555555555555556,0.0,-0.31111111111111106,stable,2
BOJ,2024-06-05,-3.9302968908806455,-1.7767656302935484,-0.6662871113600807,-0.2108580742400538,-1.1104785189334678,dovish acceleration,1
BOJ,2024-06-14,0.0,-1.3100989636268818,-0.6662871113600807,-0.19463822237543427,-0.6438118522668012,stable,1
BOJ,2024-07-03,0.0,-1.3100989636268818,-0.6662871113600807,-0.30233053006774196,-0.6438118522668012,stable,1
BOJ,2024-07-31,0.0,0.0,-0.8883828151467742,-0.2807354922057604,0.8883828151467742,stable,1
BOJ,2024-08-07,-0.8189475010096188,-0.4094737505048094,-0.7915407319817107,-0.439231742277876,0.3820669814769013,stable,1
BOJ,2024-08-28,1.4,0.19368416633012706,-0.5582073986483774,-0.3166162927926843,0.7518915649785045,stable,1
BOJ,2024-09-10,1.4,1.4,0.3301754164983968,-0.2576341839915588,1.0698245835016031,hawkish acceleration,1
BOJ,2024-09-18,-1.4,0.4666666666666666,0.09684208316506353,-0.339231742277876,0.3698245835016031,stable,1
BOJ,2024-09-19,0.0,0.35,0.08300749985576873,-0.3166162927926843,0.26699250014423126,stable,1
BOJ,2024-09-24,-0.8189475010096188,0.11621049979807622,-0.029736875252404704,-0.34801199330624266,0.14594737505048094,stable,1
BOJ,2024-10-11,-1.4,-0.9047368752524046,-0.2047368752524047,-0.4355119933062427,-0.7,stable,1
BOJ,2024-10-23,0.0,-0.7396491670032063,-0.18198833355769306,-0.4645461261933255,-0.5576608334455132,stable,1
BOJ,2024-11-14,0.0,0.0,-0.10236843762620235,-0.3977279923499916,0.10236843762620235,stable,1
BOJ,2024-11-18,-1.4,-0.4666666666666666,-0.2465497223344021,-0.4645461261933255,-0.22011694433226453,stable,1
BOJ,2024-11-21,0.0,-0.35,-0.22189475010096188,-0.4355119933062427,-0.1281052498990381,stable,1
BOJ,2024-12-12,0.0,-0.35,-0.5576608334455132,-0.21699250014423124,0.20766083344551323,stable,1
BOJ,2024-12-13,0.0,-0.27999999999999997,-0.5018947501009619,-0.20252633346794915,0.22189475010096188,stable,1
BOJ,2024-12-19,2.2264662506490405,0.5566165626622601,-0.15472013892895312,-0.05071429696063731,0.7113367015912132,stable,2
BOJ,2024-12-25,0.0,0.5566165626622601,-0.0637259721501066,-0.04773110302177629,0.6203425348123667,stable,1
BOJ,2025-01-14,-1.4,0.27548875021634683,-0.0637259721501066,-0.13008404419824687,0.33921472236645345,stable,1
BOJ,2025-01-24,0.0,-0.7,-0.0637259721501066,-0.12285715285389982,-0.6362740278498934,stable,1
BOJ,2025-02-06,0.0,-0.4666666666666666,-0.05735337493509594,-0.08191066178591636,-0.40931329173157066,stable,1
BOJ,2025-02-19,3.0,1.0,0.47830828133113007,0.0893065972021901,0.5216917186688699,stable,1
BOJ,2025-02-21,0.0,0.75,0.42516291673878226,0.0846062499810222,0.32483708326121774,stable,1
BOJ,2025-03-05,0.0,0.75,0.38264662506490404,0.01092203945470642,0.36735337493509596,stable,2
BOJ,2025-04-17,1.4,1.4,0.7333333333333334,0.25509775004326934,0.6666666666666665,stable,1
BOJ,2025-05-16,-1.4,0.0,0.6,0.1733190179035029,-0.6,stable,1
BOJ,2025-05-22,-2.8,-2.0999999999999996,-0.7,0.07895894235761852,-1.3999999999999997,dovish acceleration,1
BOJ,2025-05-27,-1.4,-1.8666666666666665,-0.8399999999999999,-0.026680982096497084,-1.0266666666666666,dovish acceleration,1
BOJ,2025-06-03,-1.4,-1.75,-1.1199999999999999,-0.11823558329006394,-0.6300000000000001,stable,1
BOJ,2025-06-07,0.0,-1.4,-0.9333333333333332,-0.11084585933443494,-0.4666666666666667,stable,1
BOJ,2025-06-13,0.0,-1.1666666666666667,-0.7999999999999999,-0.11823558329006394,-0.3666666666666668,stable,1
BOJ,2025-06-17,0.0,-0.9333333333333332,-0.7,-0.26666666666666666,-0.23333333333333328,stable,1
BOJ,2025-06-25,0.0,-0.4666666666666666,-0.6222222222222222,-0.26666666666666666,0.1555555555555556,stable,1
BOJ,2025-07-03,0.0,0.0,-0.5599999999999999,-0.24999999999999997,0.5599999999999999,stable,1
BOJ,2025-07-23,-2.2189475010096187,-0.7396491670032063,-0.921894750100962,-0.32126316673397454,0.18224558309775574,stable,1
BOJ,2025-08-24,0.0,0.0,-0.5576608334455132,-0.601457500077663,0.5576608334455132,stable,1
BOJ,2025-08-28,0.0,0.0,-0.40210527788995765,-0.5584962500721156,0.40210527788995765,stable,1
BOJ,2025-09-02,-2.8,-0.9333333333333332,-0.5576608334455132,-0.7584962500721156,-0.37567249988782003,stable,1
BOJ,2025-09-19,0.0,-0.7,-0.7169925001442312,-0.7079298334006412,0.01699250014423126,stable,1
BOJ,2025-09-29,-3.618947501009618,-2.139649167003206,-1.2339850002884625,-0.8898684376262023,-0.9056641667147434,stable,1
BOJ,2025-10-03,-2.2189475010096187,-1.9459650006730789,-1.5509775004326936,-0.9680495590016974,-0.3949875002403853,stable,1
BOJ,2025-10-16,-3.250699332842307,-2.272148583715386,-1.7634427294838952,-1.2416201079924212,-0.5087058542314906,stable,1
BOJ,2025-10-20,1.4,-1.922148583715386,-1.4119490928745735,-1.0948634353261757,-0.5101994908408125,stable,1
BOJ,2025-10-21,0.0,-1.5377188669723088,-1.1653993705401713,-1.037239043993219,-0.37231949643213746,stable,1
BOJ,2025-11-10,0.0,-0.4626748332105768,-1.0488594334861543,-0.985377091793558,0.5861846002755775,stable,1
BOJ,2025-11-20,-1.4,-0.7,-1.080781303169231,-0.8898706229405874,0.3807813031692311,stable,1
BOJ,2025-11-27,0.0,-0.4666666666666666,-1.1888594334861544,-0.8161864124142717,0.7221927668194879,stable,1
BOJ,2025-12-01,-1.4,-0.7,-1.0488594334861543,-0.8161864124142717,0.34885943348615434,stable,1
BOJ,2025-12-19,0.0,-0.7,-1.0488594334861543,-0.912208343286539,0.34885943348615434,stable,2
BOJ,2025-12-25,-1.4,-0.7,-1.0807813031692313,-0.9945612844630095,0.3807813031692313,stable,1
BOJ,2026-01-23,0.0,-0.7,-0.5999999999999999,-0.9180371459288464,-0.10000000000000009,stable,1
BOJ,2026-02-06,0.0,0.0,-0.5249999999999999,-0.8640349608742084,0.5249999999999999,stable,1
BOJ,2026-02-13,0.0,0.0,-0.5249999999999999,-0.816033018603419,0.5249999999999999,stable,1
BOJ,2026-02-17,0.0,0.0,-0.46666666666666656,-0.7730839123611338,0.46666666666666656,stable,1
BOJ,2026-02-26,0.0,0.0,-0.35,-0.8160330186034191,0.35,stable,1
BOJ,2026-03-02,3.71508495181978,0.743016990363956,0.2893856189774725,-0.45408385461343137,0.45363137138648346,stable,1
BOJ,2026-03-03,0.0,0.6191808253032967,0.2572316613133089,-0.4301847043706192,0.3619491639899878,stable,1
BOJ,2026-03-19,0.0,0.928771237954945,0.2572316613133089,-0.4301847043706192,0.6715395766416361,stable,1
BOJ,2026-04-28,0.0,0.0,0.4643856189774725,-0.03232766987868132,-0.4643856189774725,stable,1
BOJ,2026-05-14,0.0,0.0,0.53072642168854,-0.03232766987868132,-0.53072642168854,stable,1
BOJ,2026-05-15,0.0,0.0,0.4643856189774725,-0.030307190511263737,-0.4643856189774725,stable,1
BOJ,2026-05-16,0.0,0.0,0.41278721686886444,-0.028524414598836458,-0.41278721686886444,stable,1
BOJ,2026-05-21,0.0,0.0,0.41278721686886444,0.05382852657763412,-0.41278721686886444,stable,1
BOJ,2026-05-27,0.0,0.0,0.41278721686886444,0.05382852657763412,-0.41278721686886444,stable,1
ECB,2021-01-21,-0.7,-0.7,-0.7,-0.7,0.0,stable,2
ECB,2021-01-25,0.0,-0.35,-0.35,-0.35,0.0,stable,1
ECB,2021-01-28,0.0,-0.2333333333333333,-0.2333333333333333,-0.2333333333333333,0.0,stable,1
ECB,2021-02-08,1.4,0.175,0.175,0.175,0.0,stable,1
ECB,2021-02-22,0.0,0.35,0.13999999999999999,0.13999999999999999,0.21,stable,1
ECB,2021-02-25,-1.4,0.0,-0.11666666666666665,-0.11666666666666665,0.11666666666666665,stable,1
ECB,2021-02-26,0.0,0.0,-0.09999999999999999,-0.09999999999999999,0.09999999999999999,stable,1
ECB,2021-03-01,0.0,0.0,-0.0875,-0.0875,0.0875,stable,1
ECB,2021-03-02,-0.6189475010096186,-0.10315791683493643,-0.14654972233440205,-0.14654972233440205,0.04339180549946563,stable,1
ECB,2021-03-03,0.0,-0.08842107157280266,-0.13189475010096186,-0.13189475010096186,0.0434736785281592,stable,1
ECB,2021-03-11,0.20000000000000004,-0.2598496430013741,-0.1017225000917835,-0.1017225000917835,-0.15812714290959057,stable,2
ECB,2021-03-18,-1.4,-0.40236843762620234,-0.20991229175080153,-0.20991229175080153,-0.1924561458754008,stable,1
ECB,2021-03-25,-1.4,-0.5773684376262023,-0.301457500077663,-0.301457500077663,-0.2759109375485393,stable,1
ECB,2021-03-27,0.0,-0.40236843762620234,-0.27992482150068704,-0.27992482150068704,-0.1224436161255153,stable,1
ECB,2021-04-08,-1.4,-0.8,-0.35459650006730786,-0.35459650006730786,-0.4454034999326922,stable,1
ECB,2021-04-14,-1.4,-1.1199999999999999,-0.4199342188131011,-0.4199342188131011,-0.7000657811868988,stable,1
ECB,2021-04-22,0.30000000000000004,-0.7799999999999999,-0.3574342188131011,-0.37758514711821284,-0.4225657811868988,stable,2
ECB,2021-04-26,0.0,-0.625,-0.3574342188131011,-0.3566081945005343,-0.2675657811868989,stable,1
ECB,2021-04-29,0.0,-0.5,-0.3574342188131011,-0.33783934215840095,-0.1425657811868989,stable,1
ECB,2021-05-06,0.0,-0.4166666666666667,-0.3364086765299775,-0.3209473750504809,-0.08025799013668916,stable,1
ECB,2021-05-19,0.0,0.06000000000000001,-0.41876161770644815,-0.3056641667147437,0.47876161770644815,stable,1
ECB,2021-05-27,0.0,0.0,-0.38126316673397453,-0.2917703409549826,0.38126316673397453,stable,1
ECB,2021-06-02,0.0,0.0,-0.3923076923076923,-0.2790846739569399,0.3923076923076923,stable,1
ECB,2021-06-03,0.0,0.0,-0.36428571428571427,-0.26745614587540073,0.36428571428571427,stable,1
ECB,2021-06-10,0.8,0.16,-0.32142857142857145,-0.22475790004038473,0.48142857142857143,stable,2
ECB,2021-06-14,0.0,0.13333333333333333,-0.3,-0.21611336542344686,0.43333333333333335,stable,1
ECB,2021-06-15,0.0,0.1142857142857143,-0.28125,-0.20810916670405993,0.3955357142857143,stable,1
ECB,2021-06-16,0.0,0.1,-0.19374999999999998,-0.2006766964646292,0.29374999999999996,stable,1
ECB,2021-06-21,1.4,0.275,-0.09999999999999998,-0.14548094831067648,0.375,stable,1
ECB,2021-06-29,0.0,0.275,-0.01874999999999999,-0.14063158336698725,0.29375,stable,1
ECB,2021-07-03,1.8,0.5714285714285714,0.08823529411764708,-0.07803056454869735,0.4831932773109243,stable,1
ECB,2021-07-11,0.0,0.4571428571428572,0.17058823529411768,-0.07559210940655056,0.2865546218487395,stable,1
ECB,2021-07-14,0.0,0.4571428571428572,0.2529411764705882,-0.07330143942453388,0.20420168067226896,stable,1
ECB,2021-07-22,0.0,0.36,0.23529411764705882,-0.05208931821241267,0.12470588235294117,stable,2
ECB,2021-08-24,0.0,0.0,0.2857142857142857,-0.059274051758952354,-0.2857142857142857,stable,1
ECB,2021-09-09,-1.1094737505048093,-0.5547368752524047,0.19004784086319917,-0.09637895002019235,-0.7447847161156038,stable,2
ECB,2021-09-13,0.0,-0.36982458350160313,0.20905262494951904,-0.09267206732710803,-0.5788772084511222,stable,1
ECB,2021-09-15,0.0,-0.27736843762620234,0.20905262494951904,-0.0388259134809542,-0.4864210625757214,stable,1
ECB,2021-09-20,0.0,-0.22189475010096188,0.06905262494951907,-0.037387916685363294,-0.29094737505048096,stable,1
ECB,2021-09-23,0.0,-0.22189475010096188,0.06277511359047189,0.015020240365199649,-0.28466986369143377,stable,1
ECB,2021-09-24,0.0,-0.18491229175080157,0.057543854124599225,0.014463935166488551,-0.2424561458754008,stable,1
ECB,2021-09-28,0.0,-0.15849625007211562,0.057543854124599225,0.013947366053399675,-0.21604010419671485,stable,1
ECB,2021-09-30,1.4,0.03631578118689882,0.16080971149963003,0.061742284465351405,-0.1244939303127312,stable,1
ECB,2021-10-01,0.0,0.03228069438835451,0.02234817303809158,0.05968420831650636,0.009932521350262926,stable,1
ECB,2021-10-05,0.0,0.029052624949519056,0.020751874963942183,0.10635087498317303,0.008300749985576873,stable,1
ECB,2021-10-07,0.0,0.026411477226835508,0.019368416633012704,0.10292020159661906,0.007043060593822804,stable,1
ECB,2021-10-08,0.0,0.024210520791265882,0.01815789059344941,0.09970394529672472,0.006052630197816471,stable,1
ECB,2021-10-11,0.0,0.11666666666666665,0.01815789059344941,0.1434539452967247,0.09850877607321724,stable,1
ECB,2021-10-12,0.0,0.10769230769230768,0.01815789059344941,0.1391068560453088,0.08953441709885827,stable,1
ECB,2021-10-14,-1.4,0.0,-0.06526316179440055,0.09383900733809383,0.06526316179440055,stable,1
ECB,2021-10-16,0.0,0.0,-0.06163743058360052,0.09115789284271973,0.06163743058360052,stable,1
ECB,2021-10-19,0.0,0.0,-0.058393355289726806,0.08258646427129117,0.058393355289726806,stable,1
ECB,2021-10-20,0.0,0.0,-0.058393355289726806,0.08029239581931086,0.058393355289726806,stable,1
ECB,2021-10-28,0.0,0.0,-0.05547368752524047,0.08258646427129117,0.05547368752524047,stable,2
ECB,2021-11-03,0.0,-0.12727272727272726,-0.05283208335737187,0.08258646427129117,-0.07444064391535539,stable,1
ECB,2021-11-04,0.0,-0.12727272727272726,-0.05043062502294588,0.08029239581931086,-0.07684210224978139,stable,1
ECB,2021-11-05,0.0,-0.11666666666666665,-0.04823798915238302,0.07812233106743759,-0.06842867751428364,stable,1
ECB,2021-11-08,0.0,-0.12727272727272726,-0.04622807293770039,0.07606648024987343,-0.08104465433502686,stable,1
ECB,2021-11-12,0.0,-0.13999999999999999,-0.044378950020192376,0.07411605767936387,-0.09562104997980761,stable,1
ECB,2021-11-15,0.0,0.0,-0.04267206732710805,0.07411605767936387,0.04267206732710805,stable,1
ECB,2021-11-17,2.8529325012980813,0.2852932501298081,0.06457254632567674,0.14358646876983178,0.22072070380413136,stable,1
ECB,2021-11-18,0.0,0.2852932501298081,0.06226638395690257,0.14008435977544564,0.22302686617290554,stable,1
ECB,2021-11-22,0.0,0.2852932501298081,0.06226638395690257,0.13674901787603028,0.22302686617290554,stable,1
ECB,2021-11-24,-1.4,0.1320847728452801,0.011843405199768002,0.10341568454269695,0.1202413676455121,stable,1
ECB,2021-11-25,0.0,0.12107770844150678,0.0114486250264424,0.10101066862309935,0.10962908341506439,stable,1
ECB,2021-12-08,0.0,0.18161656266226017,0.048431083376602714,0.08642582319007981,0.13318547928565747,stable,1
ECB,2021-12-10,0.0,0.16143694458867572,0.04686879036445424,0.08436806549507792,0.11456815422422148,stable,1
ECB,2021-12-16,-0.6,0.10661656266226018,0.028431083376602714,0.0735864687698318,0.07818547928565746,stable,2
ECB,2022-01-08,0.0,-0.20000000000000004,-0.02486670448645084,-0.006933547275857512,-0.1751332955135492,stable,1
ECB,2022-01-11,0.0,-0.20000000000000004,-0.02605083327151993,-0.006933547275857512,-0.1739491667284801,stable,1
ECB,2022-01-14,0.0,-0.15000000000000002,0.04264662506490407,-0.006751085505440209,-0.1926466250649041,stable,1
ECB,2022-02-03,-1.4,-0.35,-0.0364711665801279,-0.043593190768598106,-0.3135288334198721,stable,2
ECB,2022-02-07,0.2000000000000001,-0.29999999999999993,-0.023137833246794564,-0.037347211518121225,-0.27686216675320535,stable,1
ECB,2022-02-10,0.0,-0.29999999999999993,-0.023137833246794564,-0.036413531230168196,-0.27686216675320535,stable,1
ECB,2022-02-14,0.0,-0.29999999999999993,-0.023137833246794564,-0.035525396322115314,-0.27686216675320535,stable,1
ECB,2022-02-18,0.0,-0.23999999999999994,-0.22857142857142856,-0.03467955355254114,-0.011428571428571371,stable,1
ECB,2022-02-23,0.0,-0.19999999999999996,-0.15,-0.03467955355254114,-0.04999999999999996,stable,1
ECB,2022-02-24,-0.4189475010096186,-0.23127821442994548,-0.17068826930843217,-0.04361601744689178,-0.060589945121513306,stable,1
ECB,2022-02-28,-1.4,-0.3773684376262023,-0.2584962500721156,-0.07444292614128059,-0.11887218755408674,stable,1
ECB,2022-03-02,-1.4,-0.49099416677884644,-0.3345965000673079,-0.1038997500048077,-0.15639766671153854,stable,1
ECB,2022-03-10,-2.6651484454403227,-0.7355119933062426,-0.5488639961749958,-0.1384702987811524,-0.1866479971312468,stable,2
ECB,2022-03-14,0.0,-0.7355119933062426,-0.5122730630966628,-0.14161735102617862,-0.22323893020957986,stable,1
ECB,2022-03-15,-1.4,-0.8093439940499935,-0.5677559966531213,-0.16958140989226353,-0.2415879973968722,stable,1
ECB,2022-03-17,-2.2189475010096187,-1.0558937163843956,-0.6689402154662225,-0.21413284665568433,-0.38695350091817304,stable,1
ECB,2022-03-22,0.0,-1.0558937163843956,-0.629590791027033,-0.21889135435914397,-0.4263029253573626,stable,1
ECB,2022-03-24,0.0,-0.950304344745956,-0.5946135248588644,-0.21889135435914397,-0.3556908198870916,stable,1
ECB,2022-03-30,0.0,-0.9605119933062427,-0.5633180761820821,-0.26163048712003434,-0.39719391712416063,stable,1
ECB,2022-03-31,-0.6189475010096186,-0.9225603830510622,-0.5660995474234589,-0.26975132834479765,-0.35646083562760333,stable,1
ECB,2022-04-02,0.0,-0.7670048274955066,-0.5391424261175799,-0.2637568543815799,-0.22786240137792668,stable,1
ECB,2022-04-06,0.0,-0.6903043447459559,-0.5146359522031445,-0.27602461505049064,-0.1756683925428114,stable,1
ECB,2022-04-08,0.0,-0.6275494043145055,-0.5146359522031445,-0.26975132834479765,-0.11291345211136095,stable,1
ECB,2022-04-14,-0.8999999999999999,-0.4153216668910264,-0.5819995689747228,-0.2772941084675877,0.16667790208369643,stable,2
ECB,2022-04-21,-1.4,-0.36486843762620236,-0.619181406748599,-0.3192264611792774,0.25431296912239665,stable,1
ECB,2022-04-22,0.0,-0.32432750011217987,-0.5922604760203991,-0.31144044993100234,0.26793297590821924,stable,1
ECB,2022-04-25,0.0,-0.32432750011217987,-0.5675829561862158,-0.3040252011231213,0.24325545607403593,stable,1
ECB,2022-04-27,0.0,-0.2918947501009619,-0.5448796379387671,-0.3040252011231213,0.25298488783780526,stable,1
ECB,2022-04-28,-1.4,-0.39263159100087447,-0.57776888263343,-0.32951298714351385,0.1851372916325555,stable,1
ECB,2022-05-05,-1.4,-0.5666666666666667,-0.57776888263343,-0.3797331328578316,0.011102215966763307,stable,1
ECB,2022-05-11,0.0,-0.6375,-0.6088796379387671,-0.3892264611792774,-0.028620362061232862,stable,1
ECB,2022-05-16,0.0,-0.5249999999999999,-0.6088796379387671,-0.4723587422684405,0.08387963793876718,stable,1
ECB,2022-05-19,0.0,-0.46666666666666656,-0.6088796379387671,-0.4723587422684405,0.14221297127210053,stable,1
ECB,2022-05-25,0.0,-0.4,-0.6167934769774817,-0.4600538094180859,0.21679347697748164,stable,1
ECB,2022-06-01,0.0,-0.2333333333333334,-0.5218714542373721,-0.4479471302228731,0.28853812090403874,stable,1
ECB,2022-06-09,0.5905262494951908,0.09842104158253173,-0.3803203805445238,-0.4440936405128104,0.4787414221270555,stable,2
ECB,2022-06-11,0.0,0.09842104158253173,-0.36447369802183527,-0.43240696576247334,0.462894739604367,stable,1
ECB,2022-06-14,0.0,0.0843608927850272,-0.31945081532713243,-0.4166174920782628,0.4038117081121596,stable,1
ECB,2022-06-15,0.0,0.0843608927850272,-0.22297483702236637,-0.4059349922813843,0.30733572980739354,stable,1
ECB,2022-06-16,0.0,0.0738157811868988,-0.2136842188131011,-0.3957866174743497,0.28749999999999987,stable,1
ECB,2022-06-20,0.0,0.0738157811868988,-0.2136842188131011,-0.38613328534082897,0.28749999999999987,stable,1
ECB,2022-06-22,0.0,0.06561402772168783,-0.2136842188131011,-0.37693963568985683,0.2792982465347889,stable,1
ECB,2022-06-28,0.2000000000000001,0.08783624994391005,-0.2053508854797678,-0.3635224348598602,0.29318713542367786,stable,1
ECB,2022-07-01,0.0,0.08783624994391005,-0.1873684239349917,-0.3552605613403179,0.27520467387890174,stable,1
ECB,2022-07-04,0.0,0.07905262494951905,-0.1795614062710337,-0.34736588219942194,0.25861403122055276,stable,1
ECB,2022-07-21,-1.8348234169259627,-0.3269646833851926,-0.19221485837153857,-0.4061927468813942,-0.134749825013654,stable,2
ECB,2022-08-27,0.0,0.0,-0.08033055134082859,-0.401315017080287,0.08033055134082859,stable,1
ECB,2022-08-29,-0.9999999999999998,-0.4999999999999999,-0.14602122624505512,-0.39020390596917587,-0.3539787737549448,stable,1
ECB,2022-09-08,-3.025349666421153,-1.3417832221403845,-0.4353979294882397,-0.4002094954408656,-0.9063852926521447,stable,2
ECB,2022-09-12,0.0,-1.0063374166052883,-0.47168109027892635,-0.37164405245346177,-0.534656326326362,stable,1
ECB,2022-09-14,2.0000000000000004,-0.4050699332842306,-0.3327430075770105,-0.2511026952817583,-0.0723269257072201,stable,1
ECB,2022-09-15,-0.9999999999999996,-0.5042249444035254,-0.38834775694559287,-0.27190539819059834,-0.11587718745793252,stable,1
ECB,2022-09-20,1.1359400011538503,-0.2699156664667574,-0.3203848256539331,-0.24721869524879117,0.050469159187175705,stable,1
ECB,2022-09-26,0.0,-0.2699156664667574,-0.3385666438357513,-0.24721869524879117,0.06865097736899389,stable,1
ECB,2022-09-28,0.0,-0.12705852360961462,-0.3103527568494387,-0.22953448093423065,0.18329423323982408,stable,1
ECB,2022-09-29,0.0,-0.11117620815841278,-0.3103527568494387,-0.22953448093423065,0.1991765486910259,stable,1
ECB,2022-09-30,0.0,-0.09882329614081137,-0.28647946786102035,-0.22315852313050202,0.187656171720209,stable,1
ECB,2022-10-11,2.4,0.503993333461539,-0.10186408324563577,-0.13922667154994328,0.6058574167071747,stable,1
ECB,2022-10-14,-1.4,0.14199250014423132,-0.19458807729951894,-0.17524876664851635,0.33658057744375025,stable,1
ECB,2022-10-27,-1.4,-0.0666666666666667,-0.16352926180480729,-0.15270022040961523,0.09686259513814059,stable,2
ECB,2022-11-03,0.1810524989903816,-0.054736875252404636,-0.14055714441846137,-0.10169852689379648,0.08582026916605673,stable,1
ECB,2022-11-04,-1.4,-0.32378950020192365,-0.21927232289230753,-0.14227044792836535,-0.10451717730961613,stable,1
ECB,2022-11-07,0.0,-0.26982458350160304,-0.2063739509574659,-0.14227044792836535,-0.06345063254413713,stable,1
ECB,2022-11-09,0.0,-0.23127821442994548,-0.1949087314598289,-0.1379592222335664,-0.03636948297011658,stable,1
ECB,2022-11-11,0.0,-0.5741353572870883,-0.1846503771724695,-0.13390159805022622,-0.38948498011461885,stable,1
ECB,2022-11-14,2.5359400011538504,-0.011858214265109674,-0.0486208582561535,-0.05931512742805413,0.03676264399104382,stable,1
ECB,2022-11-15,-1.4,-0.18537593748197095,-0.11297224595824143,-0.10049159801628942,-0.07240369152372952,stable,1
ECB,2022-11-18,0.0,-0.1647786110950853,-0.10783714386923045,-0.09762040950153829,-0.056941467225854844,stable,1
ECB,2022-11-24,-2.8,-0.4283007499855767,-0.22488770283143783,-0.1776204095015383,-0.20341304715413888,stable,1
ECB,2022-11-28,-1.4,-0.4283007499855767,-0.2532916893237759,-0.2176204095015383,-0.17500906066180083,stable,1
ECB,2022-12-08,0.0,-0.38300749985576865,-0.11577579539554166,-0.24138942888379505,-0.267231704460227,stable,1
ECB,2022-12-15,-2.8,-1.4,-0.31735337493509586,-0.3439762681890322,-1.082646625064904,dovish acceleration,2
ECB,2023-01-10,0.0,-1.4,-0.6588671666570513,-0.40025859221603677,-0.7411328333429487,stable,1
ECB,2023-01-23,0.0,0.0,-0.5655338333237179,-0.334729184468681,0.5655338333237179,stable,1
ECB,2023-02-02,-2.6651484454403227,-0.8883828151467742,-0.6560929572528056,-0.4150884693297721,-0.2322898578939686,stable,2
ECB,2023-02-15,0.0,-0.8883828151467742,-1.0739053828267027,-0.4012521870187797,0.18552256767992847,stable,1
ECB,2023-02-16,-4.199999999999999,-1.7162871113600806,-1.5405720494933692,-0.5237924390504319,-0.17571506186671138,stable,1
ECB,2023-03-02,0.0,-1.7162871113600806,-1.2081435556800404,-0.5079188536854463,-0.5081435556800402,stable,1
ECB,2023-03-06,-1.4,-1.4,-1.2294609383822581,-0.5366956648568835,-0.1705390616177418,stable,1
ECB,2023-03-08,2.8,-0.5599999999999998,-0.918349827271147,-0.3487811594884592,0.35834982727114717,stable,1
ECB,2023-03-16,-2.825349666421153,-0.9375582777368588,-0.9211664568734973,-0.5047436417435652,-0.01639182086336155,stable,2
ECB,2023-03-20,-1.4,-0.5650699332842306,-0.9690498111861476,-0.5921898486799049,0.40397987790191703,stable,1
ECB,2023-03-22,-4.199999999999999,-1.1708916110701921,-1.2627725556237706,-0.7124501870572414,0.09188094455357843,stable,1
ECB,2023-03-27,0.0,-1.0036213809173076,-1.1575415093217896,-0.7370174348868015,0.153920128404482,stable,1
ECB,2023-04-01,1.4529325012980814,-0.7960595950175815,-0.9567358161971841,-0.7114490396578271,0.16067622117960256,stable,1
ECB,2023-04-14,-1.4,-1.3954028608538451,-1.0644281238894917,-0.8266878929784874,-0.3309747369643534,stable,1
ECB,2023-04-17,0.0,-0.9245112497836528,-0.988397543611671,-0.7971633253721129,0.06388629382801814,stable,1
ECB,2023-04-19,0.0,-0.6911779164503197,-0.9225043740375596,-0.7696749348420401,0.2313264575872399,stable,1
ECB,2023-04-21,0.0,0.008822083549680245,-0.8648478506602121,-0.7440191036806387,0.8736699342098924,stable,1
ECB,2023-04-24,0.0,0.0075617858997259245,-0.8648478506602121,-0.7200184874328762,0.872409636559938,stable,1
ECB,2023-05-04,-1.0253496664211534,-0.4042249444035256,-0.7623604269715141,-0.7147232853734723,0.3581354825679885,stable,2
ECB,2023-05-05,0.0,-0.3464785237744505,-0.7175156959731898,-0.6908991758610232,0.3710371721987393,stable,1
ECB,2023-05-16,0.0,-0.1464785237744505,-0.7175156959731898,-0.8408813568070979,0.5710371721987393,stable,1
ECB,2023-05-19,0.0,-0.17089161107019224,-0.47045687244377793,-0.8408813568070979,0.2995652613735857,stable,1
ECB,2023-05-23,0.0,-0.17089161107019224,-0.44432037953023473,-0.7331890491147903,0.2734287684600425,stable,1
ECB,2023-05-24,0.0,-0.17089161107019224,-0.42093509639706445,-0.7060338991475759,0.2500434853268722,stable,1
ECB,2023-05-25,1.2000000000000002,0.024950047654120962,-0.33988834157721126,-0.6379612598923051,0.3648383892313322,stable,1
ECB,2023-06-01,2.4,0.3218312916973558,-0.21988834157721127,-0.5022469741780194,0.5417196332745671,stable,1
ECB,2023-06-05,0.8000000000000003,0.6285714285714287,-0.10988834157721125,-0.4573419061029153,0.73845977014864,stable,1
ECB,2023-06-07,0.0,0.55,-0.24988834157721124,-0.45734190610291536,0.7998883415772113,stable,1
ECB,2023-06-09,0.0,0.48888888888888893,-0.23798889674020118,-0.44209717589948483,0.7268777856290901,stable,1
ECB,2023-06-15,-1.373533749350959,0.33627402784989346,-0.16885480545114434,-0.39454830087785014,0.5051288333010377,stable,2
ECB,2023-06-16,-1.4,0.16264662506490415,-0.2248159506579105,-0.42698222665598395,0.3874625757228146,stable,1
ECB,2023-06-20,0.0,0.16264662506490418,0.03114519454885564,-0.41363903207298447,0.13150143051604854,stable,1
ECB,2023-06-22,0.0,0.16264662506490418,0.02972950388754402,-0.4011045159495607,0.13291712117736015,stable,1
ECB,2023-06-23,0.0,0.16264662506490418,0.028436916761998627,-0.3893073243039854,0.13420970830290554,stable,1
ECB,2023-06-27,-3.0,-0.25735337493509586,-0.10199786584669704,-0.4638985436095858,-0.15535550908839882,stable,1
ECB,2023-07-07,-2.2189475010096187,-0.9990601562950722,-0.2616448224687709,-0.5126499035373645,-0.7374153338263012,stable,1
ECB,2023-07-12,-2.8,-1.3490601562950721,-0.3674096215325722,-0.5904276813151423,-0.9816505347625,stable,1
ECB,2023-07-17,0.0,-1.1455639287156598,-0.32251438768616225,-0.5744701764147331,-0.8230495410294976,stable,1
ECB,2023-07-27,-1.3094737505048095,-1.582105312878607,-0.41558593653745435,-0.6098613588608089,-1.1665193763411525,dovish acceleration,2
ECB,2023-08-03,-1.4189475010096184,-1.5494737505048093,-0.45604512509375034,-0.5761802522545737,-1.093428625411059,dovish acceleration,1
ECB,2023-08-25,0.0,-0.9094737505048093,-0.645056406367188,-0.47551859259497853,-0.2644173441376213,stable,1
ECB,2023-08-31,0.9493006671576932,-0.1565489446173084,-0.735725114669832,-0.44914912961837594,0.5791761700525236,stable,1
ECB,2023-09-04,0.0,0.3164335557192311,-0.7857251146698321,-0.5019819618931868,1.1021586703890631,hawkish acceleration,1
ECB,2023-09-05,0.0,0.2373251667894233,-0.7857251146698321,-0.48803801850726486,1.0230502814592555,hawkish acceleration,1
ECB,2023-09-14,-1.609473750504809,-0.13203461666942312,-0.8148244168479403,-0.4542636875095887,0.6827898001785171,stable,2
ECB,2023-09-20,3.0,0.3899711527754807,-0.646733987374705,-0.2215283642955769,1.0367051401501857,hawkish acceleration,1
ECB,2023-09-21,0.0,0.33426098809326915,-0.646733987374705,-0.21537479862069978,0.9809949754679741,stable,1
ECB,2023-09-22,0.4000000000000001,0.3424783645816105,-0.5719672739907974,-0.1987430473066268,0.9144456385724079,stable,1
ECB,2023-09-25,-1.4,0.16747836458161056,-0.4576815597050831,-0.23658088514446465,0.6251599242866936,stable,1
ECB,2023-09-29,0.0,0.14886965740587604,-0.42716945572474424,-0.27584933112549387,0.5760391131306203,stable,1
ECB,2023-10-04,0.0,0.0488157811868989,-0.4004713647419477,-0.26859013820113875,0.4492871459288466,stable,1
ECB,2023-10-14,-2.8,-0.11428571428571425,-0.279239622324103,-0.3136871689633317,0.16495390803838872,stable,1
ECB,2023-10-17,0.0,-0.09999999999999998,-0.279239622324103,-0.3136871689633317,0.179239622324103,stable,1
ECB,2023-10-25,0.0,-0.5599999999999999,-0.19194137229044902,-0.32240070143453536,-0.3680586277095509,stable,1
ECB,2023-10-26,-1.8999999999999997,-0.7833333333333332,-0.29869503652229595,-0.36503852031468303,-0.48463829681103726,stable,2
ECB,2023-10-30,-1.4,-1.0166666666666666,-0.3634776814327491,-0.39227434872745454,-0.6531889852339174,stable,1
ECB,2023-11-09,0.0,-1.0166666666666666,-0.28001018137335976,-0.3751642050060032,-0.7366564852933069,stable,1
ECB,2023-11-13,-1.218947501009619,-0.7531579168349364,-0.33217336579759643,-0.4081087320603172,-0.42098455103733995,stable,1
ECB,2023-11-14,0.0,-0.6455639287156598,-0.31469055707140714,-0.3973690285850457,-0.3308733716442527,stable,1
ECB,2023-11-16,0.0,-0.6455639287156598,-0.29895602921783676,-0.3973690285850457,-0.34660789949782306,stable,1
ECB,2023-11-17,0.0,-0.5648684376262023,-0.28472002782651123,-0.3871800791341471,-0.2801484097996911,stable,1
ECB,2023-11-21,0.0,-0.5021052778899576,-0.2717782083798516,-0.4405411644927496,-0.230327069510106,stable,1
ECB,2023-11-22,0.0,-0.45189475010096186,-0.25996176453724934,-0.42894797595346673,-0.19193298556371252,stable,1
ECB,2023-11-27,-1.4,-0.44654972233440204,-0.3208313297546406,-0.4538467458008138,-0.12571839257976142,stable,1
ECB,2023-11-30,0.0,-0.2909941667788465,-0.3621052718049752,-0.5153852073392754,0.07111110502612872,stable,1
ECB,2023-12-04,0.0,-0.26189475010096186,-0.37856460234156497,-0.5500006075324142,0.11666985224060311,stable,1
ECB,2023-12-07,0.0,-0.23808613645541987,-0.3621052718049752,-0.5500006075324142,0.12401913534955533,stable,1
ECB,2023-12-14,-1.609473750504809,-0.33438597227831207,-0.3621052718049751,-0.533404407767178,0.02771929952666302,stable,2
ECB,2024-01-10,-1.4,-1.5047368752524044,-0.6515789584174683,-0.4099067370742491,-0.8531579168349361,stable,1
ECB,2024-01-17,0.0,-0.7,-0.525201250089084,-0.4099067370742491,-0.17479874991091593,stable,1
ECB,2024-01-25,-2.5999999999999996,-1.3333333333333333,-0.6017763282196518,-0.4502356823709738,-0.7315570051136815,stable,2
ECB,2024-02-08,-1.4,-1.3499999999999999,-0.6418947501009619,-0.44964357296442314,-0.708105249899038,stable,1
ECB,2024-02-09,0.0,-0.9999999999999999,-0.6017763282196518,-0.4360180101473194,-0.3982236717803481,stable,1
ECB,2024-02-12,0.0,-0.7999999999999999,-0.5606315833669873,-0.4231939510253394,-0.23936841663301267,stable,1
ECB,2024-02-14,0.0,-0.6666666666666666,-0.5606315833669873,-0.4111026952817583,-0.10603508329967937,stable,1
ECB,2024-02-16,0.0,-0.6666666666666666,-0.5606315833669873,-0.3996831759683761,-0.10603508329967937,stable,1
ECB,2024-02-26,-1.4,-0.4666666666666666,-0.6468825961926777,-0.438572064857265,0.18021592952601112,stable,1
ECB,2024-03-07,-0.9094737505048089,-0.529924821500687,-0.847177045546329,-0.5190402574271777,0.317252224045642,stable,2
ECB,2024-03-14,0.0,-0.4618947501009618,-0.7008612500458917,-0.47170279417703626,0.2389664999449299,stable,1
ECB,2024-03-20,-1.4,-0.9273684376262021,-0.7591228125420675,-0.6511842188131011,-0.16824562508413465,stable,1
ECB,2024-03-27,3.6,0.32263156237379775,-0.42380567311575457,-0.510899838774814,0.7464372354895523,stable,1
ECB,2024-04-11,-1.8999999999999997,0.07500000000000012,-0.462267211577293,-0.4979298334006411,0.5372672115772932,stable,2
ECB,2024-04-12,0.0,0.060000000000000095,-0.4292481250360578,-0.48186758071029784,0.4892481250360579,stable,1
ECB,2024-04-15,-1.4,-0.21999999999999992,-0.49396491670032067,-0.5270288710328785,0.27396491670032075,stable,1
ECB,2024-04-18,-1.4,-0.4166666666666666,-0.587298250033654,-0.554309218813101,0.17063158336698742,stable,1
ECB,2024-04-19,-2.8,-0.6499999999999999,-0.7255921094065505,-0.6223604546066435,0.07559210940655059,stable,1
ECB,2024-04-22,0.0,-0.557142857142857,-0.6829102206179298,-0.6223604546066435,0.12576736347507278,stable,1
ECB,2024-04-24,0.0,-0.48749999999999993,-0.5299690441473418,-0.5647846970308859,0.04246904414734187,stable,1
ECB,2024-04-29,-1.4,-1.1125,-0.5783040972502671,-0.5647846970308859,-0.5341959027497329,stable,1
ECB,2024-05-02,-1.2189475010096182,-1.1243275001121797,-0.6120221711323384,-0.5840247795008485,-0.5123053289798414,stable,1
ECB,2024-05-14,0.0,-1.0273684376262022,-0.6392763282196516,-0.6012224194199753,-0.3880921094065506,stable,1
ECB,2024-05-26,0.0,-0.6547368752524045,-0.5885614167676285,-0.6156391072149726,-0.06617545848477602,stable,1
ECB,2024-05-27,-1.4,-0.8037895002019237,-0.6392763282196517,-0.6426860345523873,-0.164513171982272,stable,1
ECB,2024-05-28,-1.4,-0.9031579168349363,-0.6840247795008487,-0.6909618966213529,-0.21913313733408757,stable,1
ECB,2024-06-01,-1.4,-0.8399999999999999,-0.7238011806396905,-0.7392377586903184,-0.1161988193603094,stable,1
ECB,2024-06-06,-1.8999999999999997,-1.0166666666666666,-0.7788304167227564,-0.8047550000696286,-0.23783624994391017,stable,2
ECB,2024-06-07,0.0,-0.8714285714285713,-0.7378393421584009,-0.777929833400641,-0.13358922927017047,stable,1
ECB,2024-06-11,-2.2189475010096187,-1.0398684376262022,-0.8118947501009618,-0.7982456250841348,-0.2279736875252404,stable,1
ECB,2024-06-14,0.0,-1.0398684376262022,-0.8118947501009618,-0.772495766210453,-0.2279736875252404,stable,1
ECB,2024-06-18,0.0,-0.9243275001121797,-0.7418947501009618,-0.7483552735163763,-0.18243275001121784,stable,1
ECB,2024-06-26,-1.4,-1.0398684376262022,-0.9918947501009618,-0.7681020834098196,-0.04797368752524034,stable,1
ECB,2024-07-01,0.0,-0.7884210715728026,-0.9446616667628208,-0.7455108456624719,0.1562405951900182,stable,1
ECB,2024-07-18,-1.1999999999999997,-0.8666666666666666,-0.7963467648246612,-0.7620414773492133,-0.07031990184200543,stable,2
ECB,2024-07-23,0.0,-0.6499999999999999,-0.8461184376262023,-0.6832535985613346,0.1961184376262024,stable,1
ECB,2024-08-24,-2.2189475010096187,-2.2189475010096187,-1.0106073078476336,-0.7845112947690593,-1.208340193161985,dovish acceleration,1
ECB,2024-08-30,-1.4,-1.8094737505048093,-0.9398086365472035,-0.8057350432252987,-0.8696651139576058,stable,1
ECB,2024-09-06,1.4,-0.7396491670032063,-0.703789500201924,-0.7260980173458226,-0.035859666801282275,stable,1
ECB,2024-09-12,-1.609473750504809,-0.9571053128786069,-0.7142690279460476,-0.781597112190816,-0.24283628493255927,stable,2
ECB,2024-09-16,-2.8,-1.3256842503028854,-1.0253801390571589,-0.8298729742597815,-0.30030411124572653,stable,1
ECB,2024-09-20,-1.4,-1.3380702085857379,-1.0628421251514428,-0.8488772084511221,-0.27522808343429506,stable,1
ECB,2024-09-23,0.0,-0.9682456250841348,-0.9662201137740389,-0.9688772084511221,-0.0020255113100958733,stable,1
ECB,2024-09-26,0.0,-0.829924821500687,-0.8389473865013116,-0.9376231049526988,0.009022565000624594,stable,1
ECB,2024-09-27,0.0,-0.7261842188131011,-0.769035104292869,-0.908322382922927,0.0428508854797679,stable,1
ECB,2024-09-30,-1.4,-0.726184218813101,-0.8857017709595357,-0.9232217046525353,0.1595175521464347,stable,1
ECB,2024-10-01,0.0,-0.6454970833894231,-0.8175708655011099,-0.8960681251039313,0.17207378211168678,stable,1
ECB,2024-10-02,0.0,-0.5809473750504808,-0.7591729465367448,-0.8704661786723904,0.17822557148626406,stable,1
ECB,2024-10-04,0.0,-0.5281339773186189,-0.7085614167676285,-0.8462865625981573,0.18042743944900963,stable,1
ECB,2024-10-07,2.0,-0.47358852277316443,-0.5392763282196518,-0.769359898744153,0.06568780544648734,stable,1
ECB,2024-10-16,0.0,-0.07999999999999999,-0.4642763282196518,-0.6353429167737473,0.38427632821965185,stable,1
ECB,2024-10-17,-2.0189475010096185,-0.256267954637238,-0.5557275736778852,-0.676037169251273,0.29945961904064716,stable,2
ECB,2024-10-24,2.2,0.07810524989903818,-0.4263158089720028,-0.6298564774104024,0.5044210588710409,stable,1
ECB,2024-10-25,2.6,0.3073684089991256,-0.2581871529180026,-0.5348606986630378,0.5655555619171282,stable,1
ECB,2024-10-28,-1.4,0.1981052498990382,-0.3182825659223183,-0.5348606986630376,0.5163878158213565,stable,1
ECB,2024-11-04,0.0,0.48300749985576885,-0.30236843762620236,-0.4990093015745195,0.7853759374819712,stable,1
ECB,2024-11-05,0.0,0.42263156237379773,-0.2879699405963832,-0.48475189295810467,0.7106015029701809,stable,1
ECB,2024-11-06,0.0,0.17263156237379773,-0.27488039784200213,-0.47128656259815727,0.44751196021579986,stable,1
ECB,2024-11-07,0.0,0.153450277665598,-0.2629290761966977,-0.4585490879333422,0.4163793538622957,stable,1
ECB,2024-11-14,0.0,0.1381052498990382,-0.2519736980218353,-0.4585490879333422,0.3900789479208735,stable,1
ECB,2024-11-15,0.0,0.1381052498990382,-0.2418947501009619,-0.4464820066719385,0.3800000000000001,stable,1
ECB,2024-11-16,0.0,0.34,-0.23259110586630952,-0.43503375009060674,0.5725911058663096,stable,1
ECB,2024-11-18,0.0,0.30909090909090914,-0.2239766204638536,-0.42415790633834155,0.5330675295547628,stable,1
ECB,2024-11-19,0.0,0.2833333333333334,-0.2159774554472874,-0.41381259154960154,0.49931078878062074,stable,1
ECB,2024-11-21,0.0,0.26153846153846155,-0.20852995698358784,-0.40395991079842053,0.4700684185220494,stable,1
ECB,2024-11-22,0.0,0.24285714285714288,-0.13201452591429064,-0.40395991079842053,0.3748716687714335,stable,1
ECB,2024-11-25,-3.6696468338519255,-0.38997283337322497,-0.24993560284554514,-0.4350234899362338,-0.14003723052767983,stable,1
ECB,2024-11-28,0.0,-0.2822805256809173,-0.20326893617887845,-0.4008771484728192,-0.07901158950203888,stable,1
ECB,2024-12-12,-2.2094737505048094,-0.5879120584356735,-0.2792437270815984,-0.3822760351810731,-0.3086683313540751,stable,2
ECB,2024-12-16,-2.2189475010096187,-1.0122585106707942,-0.2592074340129646,-0.44066939047079995,-0.7530510766578296,stable,1
ECB,2024-12-18,0.4000000000000001,-0.9622585106707942,-0.2372338528791991,-0.41911376507411274,-0.7250246577915951,stable,1
ECB,2025-01-15,-1.4,-0.4999999999999999,-0.28490340426831773,-0.4093361307537945,-0.21509659573168216,stable,1
ECB,2025-01-27,0.0,-0.7,-0.5054482269647975,-0.4093361307537945,-0.19455177303520244,stable,1
ECB,2025-01-30,-0.9094737505048093,-0.769824583501603,-0.5267127282037455,-0.4224976470630317,-0.2431118552978575,stable,2
ECB,2025-02-05,1.4529325012980814,-0.21413531230168192,-0.5346630834108177,-0.37440969454095197,0.3205277711091358,stable,1
ECB,2025-02-10,-1.4,-0.45130824984134554,-0.5855652549748873,-0.40004945217742816,0.13425700513354177,stable,1
ECB,2025-02-12,0.0,-0.37609020820112127,-0.5855652549748873,-0.39029214846578353,0.20947504677376605,stable,1
ECB,2025-02-18,1.0,0.023909791798878716,-0.639614952469506,-0.3571899544546935,0.6635247442683847,stable,1
ECB,2025-02-25,1.8,0.2776369643990389,-0.2904135417267631,-0.2615007282401787,0.568050506125802,stable,1
ECB,2025-03-06,-0.8841240840836555,0.32813473620240435,-0.3640905487337344,-0.28944279683344304,0.6922252849361388,stable,2
ECB,2025-03-12,1.4,0.663175183183269,-0.06330106952500031,-0.21604099804064278,0.7264762527082693,stable,1
ECB,2025-03-19,0.5810524989903811,0.7793856829813451,0.1491261059727269,-0.10191571051689934,0.6302595770086182,stable,1
ECB,2025-03-20,0.0,0.5793856829813452,0.13669893047499967,-0.0994299614799018,0.4426867525063455,stable,1
ECB,2025-03-27,0.0,0.21938568298134514,0.12618362813076892,-0.1045289338634865,0.09320205485057623,stable,1
ECB,2025-04-01,0.0,0.1828214024844543,0.117170511835714,-0.0723413086669182,0.0656508906487403,stable,1
ECB,2025-04-03,0.0,0.1567040592723894,0.10935914437999973,-0.0723413086669182,0.047344914892389664,stable,1
ECB,2025-04-08,0.0,0.28300749985576873,0.10252419785624975,-0.12639536272097224,0.18048330199951898,stable,1
ECB,2025-04-17,-4.134823416925963,-0.5076815597050831,-0.06840226570162294,-0.18868067601645327,-0.43927929400346016,stable,2
ECB,2025-04-25,-2.218947501009619,-1.0589618196559305,-0.1949049266020933,-0.39461290964576967,-0.8640568930538373,stable,1
ECB,2025-04-28,-1.4,-1.2922951529892637,-0.27725786777856387,-0.3946129096457696,-1.0150372852107,dovish acceleration,1
ECB,2025-04-29,0.0,-1.107681559705083,-0.261854652901977,-0.38365143993338713,-0.8458269068031061,stable,1
ECB,2025-05-10,-1.4,-1.8307541835871164,-0.39157897076640347,-0.4609530859879375,-1.439175212820713,dovish acceleration,1
ECB,2025-05-15,0.0,-1.5256284863225968,-0.32855265643930365,-0.4906919947613528,-1.197075829883293,dovish acceleration,1
ECB,2025-05-16,-2.8,-1.7076815597050832,-0.473931911942874,-0.5628578699250605,-1.2337496477622092,dovish acceleration,1
ECB,2025-05-22,0.0,-1.1169925001442313,-0.5327554413546387,-0.6210845461242047,-0.5842370587895926,stable,1
ECB,2025-05-26,0.0,-0.7999999999999999,-0.6386377942958151,-0.4945450001293108,-0.1613622057041848,stable,1
ECB,2025-06-05,-1.8094737505048093,-1.0015789584174681,-0.6930701276147065,-0.556940646698442,-0.3085088308027616,stable,2
ECB,2025-06-07,0.0,-0.8584962500721156,-0.6545662316361117,-0.5383759584751606,-0.2039300184360039,stable,1
ECB,2025-06-09,0.0,-0.6584962500721157,-0.6201153773394743,-0.5210089920727361,-0.03838087273264135,stable,1
ECB,2025-06-11,0.0,-0.5761842188131012,-0.6937995878657901,-0.4497356452822584,0.11761536905268888,stable,1
ECB,2025-06-18,0.0,-0.25849625007211563,-0.764624703802244,-0.40409525009134645,0.5061284537301284,stable,1
ECB,2025-06-19,1.6,-0.02618421881310115,-0.6401707720231786,-0.33944701621743206,0.6139865532100774,stable,1
ECB,2025-06-23,-3.618947501009619,-0.47855265643930356,-0.7891096084725007,-0.44193140636718786,0.3105569520331971,stable,1
ECB,2025-06-24,-1.4,-0.5809356946127142,-0.8181996271166673,-0.4709637879924246,0.23726393250395306,stable,1
ECB,2025-06-27,0.0,-0.5809356946127142,-0.8181996271166673,-0.45711191187500033,0.23726393250395306,stable,1
ECB,2025-06-30,-1.4,-0.6628421251514428,-0.8848662937833338,-0.48405157153571465,0.222024168631891,stable,1
ECB,2025-07-04,0.0,-0.6025837501376753,-0.8848662937833338,-0.47060569454861145,0.2822825436456585,stable,1
ECB,2025-07-09,-1.4,-0.6909941667788466,-0.9515329604500006,-0.4957244595608111,0.26053879367115396,stable,1
ECB,2025-07-10,0.0,-0.621894750100962,-0.9082814622477279,-0.4826790790460529,0.2863867121467659,stable,1
ECB,2025-07-14,0.0,-0.621894750100962,-0.868790963889131,-0.44583697378289505,0.24689621378816906,stable,1
ECB,2025-07-24,-2.0999999999999996,-0.7,-0.7149282387052014,-0.4882514103525645,0.014928238705201435,stable,2
ECB,2025-08-23,0.0,0.0,-0.5957894853832018,-0.5642724633689201,0.5957894853832018,stable,1
ECB,2025-09-01,0.0,0.0,-0.5957894853832018,-0.6172136398395083,0.5957894853832018,stable,1
ECB,2025-09-03,0.0,0.0,-0.48934985300056594,-0.5912099903076361,0.48934985300056594,stable,1
ECB,2025-09-04,0.0,0.0,-0.46216375005609006,-0.5743182762988465,0.46216375005609006,stable,1
ECB,2025-09-11,-3.3651484454403224,-0.6730296890880645,-0.7302559966531215,-0.7104653747399986,0.05722630756505698,stable,2
ECB,2025-09-17,0.0,-0.5608580742400537,-0.8856063964299962,-0.748451194555598,0.32474832218994243,stable,1
ECB,2025-09-26,0.0,-0.5608580742400537,-0.6357806496492557,-0.748451194555598,0.074922575409202,stable,1
ECB,2025-09-29,0.0,-0.48073549220576034,-0.528088341956948,-0.748451194555598,0.04735284975118764,stable,1
ECB,2025-09-30,-1.4,-0.5956435556800403,-0.5903677461028803,-0.7896276651438333,-0.005275809577160007,stable,1
ECB,2025-10-01,2.0,-0.3456435556800403,-0.4176765630293549,-0.7099240175682952,0.07203300734931462,stable,1
ECB,2025-10-03,3.0,0.029356444319959707,-0.21767656302935492,-0.6068705726358425,0.24703300734931463,stable,1
ECB,2025-10-06,-3.618947501009619,-0.4230119933062427,-0.4302559966531214,-0.7073968921083319,0.007244003346878747,stable,1
ECB,2025-10-07,0.0,-0.37601066071666017,-0.3427559966531214,-0.6882780571864852,-0.033254664063538775,stable,1
ECB,2025-10-15,0.0,-0.002105277889957661,-0.36560639642999615,-0.5765260729452428,0.36350111854003847,stable,1
ECB,2025-10-17,-3.618947501009619,-0.4042105557799153,-0.5689402154662226,-0.6565897947364107,0.16472965968630732,stable,1
ECB,2025-10-21,-2.2189475010096187,-0.5856842503028856,-0.6659994675570106,-0.696650248743416,0.08031521725412494,stable,1
ECB,2025-10-23,0.0,-0.5324402275480778,-0.5424700557923048,-0.6397541589739385,0.010029828244226935,stable,1
ECB,2025-10-27,0.0,-0.5324402275480778,-0.51233283047051,-0.6197476894732528,-0.020107397077567812,stable,1
ECB,2025-10-29,0.0,-0.5324402275480778,-0.48536794465627264,-0.6038567230765027,-0.047072282891805206,stable,1
ECB,2025-10-30,-4.028421251514429,-0.7713876140493895,-0.6625206099991805,-0.6894708362874509,-0.108867004050209,stable,2
ECB,2025-11-04,0.0,-1.3485263754543284,-0.630972009523029,-0.6726544744267814,-0.7175543659312994,stable,1
ECB,2025-11-06,-1.4,-1.2518129170592962,-0.6659278272719823,-0.6726544744267814,-0.5858850897873139,stable,1
ECB,2025-11-14,1.4,-1.0962573615037408,-0.5761048782601569,-0.5844708362874509,-0.5201524832435839,stable,1
ECB,2025-11-17,0.0,-0.6941520836137829,-0.5521005083326503,-0.5702154500365375,-0.14205157528113255,stable,1
ECB,2025-11-21,0.0,-0.44760236127938097,-0.5521005083326503,-0.5702154500365375,0.10449814705326937,stable,1
ECB,2025-11-22,-1.4,-0.6031579168349366,-0.5860164879993444,-0.6043617914999521,-0.01714142883559222,stable,1
ECB,2025-12-03,-2.2189475010096187,-0.5169925001442313,-0.7334504217823143,-0.6143489561464108,0.21645792163808308,stable,1
ECB,2025-12-08,0.0,-0.36982458350160313,-0.7028899875413845,-0.6458540308205857,0.3330654040397814,stable,1
ECB,2025-12-18,-2.0999999999999996,-1.1437895002019236,-0.678443967632735,-0.7602186105790222,-0.46534553256918865,stable,2
ECB,2025-12-19,0.0,-0.9531579168349363,-0.650175468981371,-0.7407258256923805,-0.3029824478535653,stable,1
ECB,2026-01-09,0.0,-0.6999999999999998,-0.8658479863635159,-0.6384654454846431,0.16584798636351605,stable,1
ECB,2026-01-14,-1.4,-0.8749999999999999,-0.9436257641412937,-0.6808896879088857,0.06862576414129384,stable,1
ECB,2026-01-28,0.0,-0.4666666666666666,-0.5476113462315092,-0.617253324272522,0.08094467956484258,stable,1
ECB,2026-02-05,-2.8,-1.0499999999999998,-0.7099122917508017,-0.6814517559115655,-0.3400877082491981,stable,2
ECB,2026-02-06,0.0,-0.8399999999999999,-0.655303653923817,-0.6619817057426636,-0.1846963460761829,stable,1
ECB,2026-02-11,0.0,-0.8399999999999999,-0.6084962500721157,-0.6435933250275896,-0.23150374992788414,stable,1
ECB,2026-02-12,0.0,-0.6999999999999998,-0.7084962500721156,-0.6261989108376548,0.00849625007211574,stable,1
ECB,2026-02-14,0.0,-0.4666666666666666,-0.6612631667339746,-0.6097199921314007,0.19459650006730794,stable,1
ECB,2026-02-19,0.0,-0.39999999999999997,-0.7084962500721156,-0.6097199921314007,0.3084962500721156,stable,1
ECB,2026-02-20,0.0,-0.35,-0.6084962500721157,-0.5940861461793135,0.25849625007211574,stable,1
ECB,2026-02-23,0.0,-0.3111111111111111,-0.5679298334006414,-0.5792339925248307,0.2568187222895303,stable,1
ECB,2026-02-26,-1.4,-0.41999999999999993,-0.6199342188131012,-0.5992526756339811,0.19993421881310125,stable,1
ECB,2026-03-05,0.0,-0.41999999999999993,-0.48125000000000007,-0.6299835820767493,0.06125000000000014,stable,1
ECB,2026-03-09,0.0,-0.15555555555555556,-0.48125000000000007,-0.6142339925248306,0.3256944444444445,stable,1
ECB,2026-03-19,-4.918947501009618,-0.9027067858585168,-0.7012631667339747,-0.669824583501603,-0.20144361912454212,stable,2
ECB,2026-03-23,0.0,-1.0531579168349363,-0.6574342188131013,-0.6530789689140629,-0.39572369802183505,stable,1
ECB,2026-03-24,0.0,-0.9027067858585169,-0.6187616177064482,-0.6371502135746956,-0.2839451681520687,stable,1
ECB,2026-03-25,0.0,-0.9027067858585169,-0.5843859722783122,-0.6371502135746956,-0.3183208135802047,stable,1
ECB,2026-03-26,-3.6189475010096186,-1.2422368752524047,-0.7440997369483809,-0.7081453870850509,-0.49813713830402373,stable,1
ECB,2026-04-01,0.0,-1.0672368752524046,-0.7068947501009619,-0.8549258014762088,-0.3603421251514427,stable,1
ECB,2026-04-15,0.0,-1.2196992860027482,-0.6704155264220651,-0.7251169793209139,-0.5492837595806831,stable,1
ECB,2026-04-20,0.0,-0.5169925001442314,-0.6368947501009619,-0.6634795487373134,0.11990224995673049,stable,1
ECB,2026-04-22,0.0,-0.5169925001442314,-0.6065664286675828,-0.6634795487373134,0.08957392852335144,stable,1
ECB,2026-04-30,-1.292481250360578,-0.2584962500721158,-0.6681131548752294,-0.6220389339232186,0.4096169048031136,stable,2
ECB,2026-05-04,0.0,-0.2584962500721158,-0.6377443751081735,-0.6220389339232186,0.3792481250360577,stable,1
ECB,2026-05-05,0.0,-0.21541354172676316,-0.6100163587991225,-0.5808624633349834,0.39460281707235934,stable,1
ECB,2026-05-06,1.0,-0.04178303576579699,-0.4447989674947746,-0.5356949643825553,0.4030159317289776,stable,1
ECB,2026-05-07,0.0,-0.036560156295072366,-0.4447989674947746,-0.520814548705262,0.40823881119970223,stable,1
ECB,2026-05-08,0.0,-0.032497916706730995,-0.42626567718249236,-0.506738479821336,0.39376776047576134,stable,1
ECB,2026-05-12,0.0,-0.029248125036057893,-0.42626567718249236,-0.493403256668143,0.39701755214643447,stable,1
ECB,2026-05-13,-1.4,-0.15386193185096173,-0.4845990105158256,-0.5670874671944587,0.3307370786648639,stable,1
ECB,2026-05-22,0.0,-0.18805347226228653,-0.5286534660172643,-0.5597034375941509,0.34059999375497774,stable,1
ECB,2026-05-28,1.4,-0.029248125036057893,-0.4204941072561818,-0.506738479821336,0.3912459822201239,stable,1
ECB,2026-06-01,0.0,0.09999999999999991,-0.40138073874453717,-0.44676692573999494,0.501380738744537,stable,1
ECB,2026-06-02,0.0,0.09090909090909083,-0.38392940227738337,-0.43500990137841616,0.4748384931864742,stable,1
FED,2021-01-08,0.0,0.0,0.0,0.0,0.0,stable,1
FED,2021-01-12,1.4,0.7,0.7,0.7,0.0,stable,1
FED,2021-01-13,0.0,0.4666666666666666,0.4666666666666666,0.4666666666666666,0.0,stable,2
FED,2021-01-27,0.7,0.5249999999999999,0.5249999999999999,0.5249999999999999,0.0,stable,2
FED,2021-02-10,1.4,0.875,0.7,0.7,0.17500000000000004,stable,1
FED,2021-02-16,0.0,0.6999999999999998,0.5833333333333334,0.5833333333333334,0.11666666666666647,stable,1
FED,2021-02-18,0.0,0.5249999999999999,0.5,0.5,0.02499999999999991,stable,1
FED,2021-02-22,0.0,0.41999999999999993,0.4375,0.4375,-0.01750000000000007,stable,1
FED,2021-02-24,0.0,0.3499999999999999,0.3888888888888889,0.3888888888888889,-0.03888888888888897,stable,2
FED,2021-02-25,0.0,0.29999999999999993,0.35,0.35,-0.050000000000000044,stable,1
FED,2021-03-01,-1.4,0.0,0.1909090909090909,0.1909090909090909,-0.1909090909090909,stable,1
FED,2021-03-02,1.4,0.175,0.2916666666666667,0.2916666666666667,-0.1166666666666667,stable,1
FED,2021-03-17,-0.7,-0.0875,0.21538461538461537,0.21538461538461537,-0.30288461538461536,stable,2
FED,2021-03-18,0.0,-0.0875,0.19999999999999998,0.19999999999999998,-0.2875,stable,1
FED,2021-03-22,0.0,-0.0875,0.18666666666666665,0.18666666666666665,-0.27416666666666667,stable,2
FED,2021-03-23,0.0,-0.07777777777777778,0.175,0.175,-0.25277777777777777,stable,2
FED,2021-03-25,0.0,-0.07777777777777778,0.16470588235294117,0.16470588235294117,-0.24248366013071895,stable,1
FED,2021-03-29,0.0,-0.0875,0.15555555555555556,0.15555555555555556,-0.24305555555555555,stable,1
FED,2021-03-30,0.0,-0.07777777777777778,0.14736842105263157,0.14736842105263157,-0.22514619883040934,stable,1
FED,2021-04-14,0.0,-0.0875,0.08235294117647059,0.13999999999999999,-0.1698529411764706,stable,1
FED,2021-04-28,-0.7,-0.2333333333333333,0.0,0.09999999999999998,-0.2333333333333333,stable,2
FED,2021-05-03,0.0,-0.2333333333333333,0.0,0.09545454545454544,-0.2333333333333333,stable,1
FED,2021-05-05,0.0,-0.175,0.0,0.09130434782608694,-0.175,stable,1
FED,2021-05-11,0.0,-0.13999999999999999,-0.07368421052631578,0.08749999999999998,-0.0663157894736842,stable,1
FED,2021-05-12,0.0,-0.11666666666666665,-0.06999999999999999,0.08399999999999999,-0.04666666666666666,stable,1
FED,2021-05-13,0.0,-0.09999999999999999,-0.06666666666666667,0.08076923076923076,-0.033333333333333326,stable,1
FED,2021-05-17,0.0,-0.09999999999999999,-0.06666666666666667,0.07777777777777777,-0.033333333333333326,stable,1
FED,2021-05-24,0.0,-0.0875,-0.06999999999999999,0.07499999999999998,-0.0175,stable,1
FED,2021-05-26,0.0,-0.07777777777777778,-0.07368421052631578,0.07241379310344827,-0.004093567251461996,stable,2
FED,2021-06-01,1.4,0.15555555555555556,0.0,0.11666666666666667,0.15555555555555556,stable,1
FED,2021-06-03,1.4,0.3111111111111111,0.07368421052631578,0.15806451612903225,0.23742690058479532,stable,1
FED,2021-06-16,-0.7,0.41999999999999993,0.07777777777777777,0.13124999999999998,0.34222222222222215,stable,2
FED,2021-06-23,0.0,0.41999999999999993,0.0875,0.12727272727272726,0.3324999999999999,stable,1
FED,2021-06-28,0.0,0.41999999999999993,0.09333333333333332,0.12352941176470586,0.3266666666666666,stable,1
FED,2021-07-11,0.0,-0.175,0.0875,0.08484848484848484,-0.26249999999999996,stable,1
FED,2021-07-28,0.20000000000000004,0.10000000000000002,0.15333333333333332,0.071875,-0.0533333333333333,stable,2
FED,2021-07-30,0.0,0.06666666666666668,0.14375,0.06969696969696969,-0.07708333333333331,stable,1
FED,2021-08-03,0.0,0.05000000000000001,0.15333333333333332,0.06764705882352941,-0.1033333333333333,stable,1
FED,2021-08-04,0.0,0.04000000000000001,0.14375,0.06571428571428571,-0.10374999999999998,stable,1
FED,2021-08-05,0.0,0.03333333333333334,0.13529411764705881,0.06388888888888888,-0.10196078431372547,stable,1
FED,2021-08-17,0.0,0.03333333333333334,0.16428571428571428,0.026470588235294117,-0.13095238095238093,stable,1
FED,2021-08-27,0.0,0.0,0.1769230769230769,0.028125,-0.1769230769230769,stable,1
FED,2021-09-09,0.0,0.0,-0.04166666666666666,0.029032258064516127,0.04166666666666666,stable,1
FED,2021-09-22,-1.6253496664211535,-0.5417832221403845,-0.12957724240192306,-0.0009388765341168023,-0.4122059797384615,stable,2
FED,2021-09-24,0.0,-0.4063374166052884,-0.11877913886842945,-0.0009053452293269164,-0.28755827773685894,stable,1
FED,2021-09-27,0.0,-0.4063374166052884,-0.11877913886842945,-0.0009388765341168023,-0.28755827773685894,stable,1
FED,2021-09-28,0.0,-0.3250699332842307,-0.10964228203239641,-0.0009053452293269164,-0.21542765125183433,stable,1
FED,2021-10-05,0.0,-0.2708916110701923,-0.1018106904586538,-0.0008741264283156435,-0.16908092061153845,stable,1
FED,2021-10-07,0.0,-0.23219280948873622,-0.09502331109474356,-0.000844988880705122,-0.13716949839399267,stable,1
FED,2021-10-12,0.0,-0.23219280948873622,-0.09502331109474356,-0.000844988880705122,-0.13716949839399267,stable,1
FED,2021-10-13,0.0,-0.2031687083026442,-0.08908435415132208,-0.0008177311748759245,-0.1140843541513221,stable,2
FED,2021-10-18,4.199999999999999,0.2860722592865384,0.16321472550463798,0.13045782292433894,0.12285753378190042,stable,1
FED,2021-10-19,0.0,0.25746503335788457,0.15414724075438033,0.12650455556299534,0.10331779260350424,stable,2
FED,2021-10-20,1.8,0.39769548487080414,0.2407710701883603,0.17572500981114253,0.15692441468244384,stable,1
FED,2021-10-22,0.0,0.5454545454545454,0.2287325166789423,0.17070429524510988,0.3167220287756031,stable,1
FED,2021-11-03,0.9,0.7666666666666666,0.32966564584867786,0.22953485859329836,0.43700102081798875,stable,2
FED,2021-11-08,0.0,0.8624999999999999,0.31027354903404974,0.23670782292433895,0.5522264509659502,stable,3
FED,2021-11-09,0.0,0.7666666666666666,0.2930361296432692,0.23670782292433895,0.4736305370233974,stable,1
FED,2021-11-17,0.0,0.38571428571428573,0.2930361296432692,0.23670782292433895,0.09267815607101654,stable,1
FED,2021-11-19,0.0,0.15,0.2776131754515182,0.22953485859329836,-0.1276131754515182,stable,2
FED,2021-11-29,0.0,0.15,0.2776131754515182,0.19918226882512408,-0.1276131754515182,stable,2
FED,2021-11-30,0.0,0.1285714285714286,0.26373251667894226,0.15402097850254343,-0.13516108810751368,stable,1
FED,2021-12-02,1.4,0.2875,0.31784049207518317,0.19295782292433894,-0.03034049207518319,stable,1
FED,2021-12-15,-0.4999999999999999,0.15,0.29403096826565933,0.19920782292433895,-0.14403096826565934,stable,2
FED,2021-12-17,1.8,0.45,0.36248410607176573,0.24771667677511655,0.08751589392823428,stable,1
FED,2022-01-26,-0.7,-0.7,0.26363636363636367,0.25085001150271885,-0.9636363636363636,stable,2
FED,2022-02-18,0.0,-0.35,0.2857142857142857,0.2797942435991864,-0.6357142857142857,stable,2
FED,2022-02-21,0.0,-0.2333333333333333,0.25,0.2694314938362536,-0.4833333333333333,stable,1
FED,2022-02-24,-2.2189475010096187,-0.7297368752524047,-0.024327500112179854,0.18724825305811954,-0.7054093751402248,stable,1
FED,2022-03-16,-0.009473750504809253,-0.557105312878607,-0.18807020858573797,0.1868973734097933,-0.369035104292869,stable,2
FED,2022-03-18,0.0,-0.4456842503028856,-0.488070208585738,0.18022246721658639,0.04238595828285241,stable,1
FED,2022-03-21,0.2000000000000001,-0.4056842503028856,-0.38977446450206116,0.24541352673162758,-0.015909785800824416,stable,1
FED,2022-03-24,0.0,-0.4056842503028856,-0.3410526564393035,0.24541352673162756,-0.06463159386358208,stable,1
FED,2022-04-05,0.1810524989903812,0.07431574969711441,-0.28304097250267185,0.2821052498990381,0.35735672219978626,stable,1
FED,2022-05-04,2.9000000000000004,1.5405262494951908,0.11695902749732817,0.1606648024987344,1.4235672219978626,hawkish acceleration,2
FED,2022-05-06,0.0,1.4500000000000002,0.10526312474759536,0.15263156237379769,1.344736875252405,hawkish acceleration,1
FED,2022-05-24,0.0,0.9666666666666668,0.11695902749732817,0.17956654396917376,0.8497076391693386,stable,1
FED,2022-05-25,0.0,0.7250000000000001,0.3635087498317302,0.16959062485977522,0.3614912501682699,stable,1
FED,2022-05-30,0.0,0.5800000000000001,0.3271578748485572,0.17956654396917376,0.2528421251514429,stable,1
FED,2022-06-03,0.0,0.0,0.29741624986232473,0.09721360279270318,-0.29741624986232473,stable,1
FED,2022-06-15,2.4000000000000004,0.4800000000000001,0.5164593180900346,0.17203945296724713,-0.036459318090034554,stable,2
FED,2022-06-17,0.0,0.4000000000000001,0.5164593180900346,0.16191948514564436,-0.11645931809003457,stable,1
FED,2022-06-18,0.0,0.3428571428571429,0.4734210415825318,0.15292395819310856,-0.13056389872538887,stable,1
FED,2022-06-23,0.0,0.3428571428571429,0.4982774999082165,0.1448753288145239,-0.1554203570510736,stable,1
FED,2022-07-08,0.0,0.4800000000000001,0.48181818181818187,0.1376315623737977,-0.0018181818181817744,stable,1
FED,2022-07-14,-0.1359400011538505,0.377343333141025,0.43033833323717924,0.12460434506295731,-0.052995000096154266,stable,1
FED,2022-07-19,0.0,-0.03398500028846262,0.397235384526627,0.11894051119645925,-0.4312203848150896,stable,1
FED,2022-07-27,-0.7094737505048094,-0.211353437914665,0.3181847320243815,0.11850988617351338,-0.5295381699390465,stable,2
FED,2022-08-06,0.0,-0.16908275033173198,0.11958355756471846,0.11335728242683887,-0.2886663078964504,stable,1
FED,2022-08-17,0.0,-0.17736843762620236,0.11104187488152428,0.11335728242683887,-0.28841031250772664,stable,2
FED,2022-08-26,0.0,0.0,0.11958355756471846,0.21937113621940513,-0.11958355756471846,stable,1
FED,2022-08-29,0.0,0.0,0.11958355756471846,0.2098332607316049,-0.11958355756471846,stable,1
FED,2022-09-07,-1.4,-0.35,0.011891249872410773,0.14275687486778804,-0.3618912498724107,stable,2
FED,2022-09-09,0.0,-0.27999999999999997,0.01104187488152429,0.13704659987307652,-0.2910418748815243,stable,1
FED,2022-09-21,2.2,0.16000000000000006,-0.004128522878060012,0.2470744885150783,0.16412852287806007,stable,2
FED,2022-09-28,0.0,0.20000000000000007,-0.003784479304888344,0.23633211944920535,0.2037844793048884,stable,2
FED,2022-09-30,1.711428751370197,0.5022857502740394,0.12815499997781052,0.29779447911257995,0.3741307502962289,stable,2
FED,2022-10-04,2.2,0.7852381252283663,0.2761439285508241,0.38191729165464744,0.5090941966775422,stable,1
FED,2022-10-06,0.20000000000000004,0.7016326787671711,0.2904296428365383,0.37464059998846155,0.41120303593063273,stable,2
FED,2022-10-10,-0.1999999999999997,1.0185714585616996,0.2577343333141025,0.3525390384504438,0.7608371252475972,stable,1
FED,2022-10-12,1.7000000000000002,1.1159183930528855,0.38013033339102587,0.4024449999893162,0.7357880596618597,stable,2
FED,2022-10-14,0.0,0.9764285939212748,0.35637218755408673,0.3880719642754121,0.6200564063671881,stable,1
FED,2022-10-20,0.0,0.8679365279300221,0.35637218755408673,0.37469017240384617,0.5115643403759353,stable,1
FED,2022-11-02,1.5000000000000002,0.7714285714285716,0.4944642969606373,0.33807196427541214,0.27696427446793426,stable,2
FED,2022-11-16,0.0,0.5000000000000001,0.5274285834246798,0.32641431033488066,-0.027428583424679687,stable,1
FED,2022-11-17,0.0,0.37500000000000006,0.4944642969606373,0.315533833323718,-0.11946429696063726,stable,2
FED,2022-11-28,0.0,0.37500000000000006,0.5274285834246798,0.33807196427541214,-0.15242858342467974,stable,1
FED,2022-11-30,1.1,0.5200000000000001,0.5632142969606373,0.3773576785611264,-0.043214296960637166,stable,2
FED,2022-12-01,1.4,0.6666666666666666,0.6124369853747175,0.4126212068866048,0.05422968129194916,stable,1
FED,2022-12-14,2.2,0.7833333333333333,0.8757142969606373,0.4202148214182692,-0.09238096362730397,stable,2
FED,2023-01-06,1.4,1.8,0.7583333333333333,0.5063851922965976,1.0416666666666667,hawkish acceleration,1
FED,2023-01-10,1.0,1.5333333333333332,0.7818181818181817,0.5500751923409765,0.7515151515151515,stable,2
FED,2023-01-19,-1.2,0.39999999999999997,0.74,0.5039213461871304,-0.34,stable,1
FED,2023-01-20,2.4,0.8999999999999999,0.890909090909091,0.5741464815135329,0.009090909090908927,stable,1
FED,2023-01-21,0.0,0.72,0.8166666666666668,0.5536412500309067,-0.09666666666666679,stable,1
FED,2023-02-01,2.1,0.9500000000000001,0.8666666666666667,0.6539795982632215,0.08333333333333337,stable,2
FED,2023-02-07,0.0,0.7166666666666668,0.8,0.6539795982632215,-0.08333333333333326,stable,1
FED,2023-02-08,0.0,0.6142857142857144,0.7428571428571429,0.6314285776334552,-0.12857142857142845,stable,1
FED,2023-02-10,0.0,0.4714285714285715,0.6933333333333334,0.6103809583790067,-0.22190476190476188,stable,1
FED,2023-02-13,0.0,0.41250000000000003,0.65,0.6103809583790067,-0.2375,stable,1
FED,2023-02-15,0.0,0.3666666666666667,0.6933333333333334,0.5906912500442,-0.32666666666666666,stable,1
FED,2023-02-16,0.0,0.33,0.65,0.5722321484803188,-0.32,stable,1
FED,2023-02-24,0.0,0.26250000000000007,0.611764705882353,0.5722321484803188,-0.3492647058823529,stable,1
FED,2023-02-27,0.0,0.2333333333333334,0.611764705882353,0.5722321484803188,-0.3784313725490196,stable,1
FED,2023-03-02,-1.4,0.07000000000000006,0.40624999999999994,0.5124675379203091,-0.3362499999999999,stable,1
FED,2023-03-03,0.0,-0.13999999999999996,0.38235294117647056,0.49739496327559407,-0.5223529411764705,stable,1
FED,2023-03-09,0.0,-0.13999999999999996,0.36111111111111105,0.5548917803445514,-0.5011111111111111,stable,1
FED,2023-03-14,0.0,-0.1555555555555555,0.23888888888888882,0.5385714338638293,-0.3944444444444443,stable,1
FED,2023-03-22,3.1905262494951905,0.2557894642135987,0.39423822365764155,0.5677045588489821,-0.13844875944404283,stable,2
FED,2023-03-27,0.0,0.2557894642135987,0.3745263124747595,0.5677045588489821,-0.11873684826116077,stable,1
FED,2023-03-29,0.0,0.2557894642135987,0.35669172616643763,0.5173684191027997,-0.10090226195283891,stable,1
FED,2023-03-31,-1.4094737505048092,0.04763156237379773,0.27641147722683546,0.4623157856854395,-0.22877991485303772,stable,2
FED,2023-04-04,0.0,0.25443607128434026,0.2643935869126252,0.40532507349971714,-0.009957515628284952,stable,1
FED,2023-04-14,0.0,0.2968420831650636,0.16732056813592638,0.3837828905934494,0.12952151502913722,stable,2
FED,2023-04-18,0.0,0.25443607128434026,0.1600457608256687,0.3837828905934494,0.09439031045867155,stable,1
FED,2023-04-20,0.0,0.22263156237379772,0.11277511359047185,0.3721531060300115,0.10985644878332587,stable,2
FED,2023-04-21,0.6000000000000001,-0.10118421881310108,0.14004784086319913,0.37885448526442295,-0.2412320596763002,stable,1
FED,2023-05-03,3.083007499855769,0.613834583309295,0.18472999994755224,0.42541352937782795,0.42910458336174273,stable,2
FED,2023-05-05,0.0,0.613834583309295,0.1766982608193978,0.41325885710988997,0.4371363224898972,stable,1
FED,2023-05-11,0.0,0.5261439285508243,0.19352666661172138,0.40177944441239305,0.3326172619391029,stable,1
FED,2023-05-12,1.9,0.6978759374819712,0.2710936363111886,0.4422718918607067,0.4267823011707826,stable,2
FED,2023-05-13,0.0,0.620334166650641,0.2593069564715717,0.43063315786437234,0.3610272101790693,stable,1
FED,2023-05-15,0.0,0.620334166650641,0.2593069564715717,0.43063315786437234,0.3610272101790693,stable,1
FED,2023-05-18,-2.8,0.30922305553952995,0.14382090903846134,0.35694894733805654,0.1654021465010686,stable,1
FED,2023-05-19,0.0,0.27830074998557697,0.13756782603678913,0.34779641022682434,0.14073292394878784,stable,1
FED,2023-05-24,-1.2,0.10922305553952996,0.08183583328525625,0.30910149997115377,0.027387222254273716,stable,1
FED,2023-05-31,1.9,0.2883007499855769,0.23927545449300683,0.309580526285425,0.04902529549257009,stable,2
FED,2023-06-14,3.9039100017307753,0.36078200034615515,0.4583985000288463,0.354420263173077,-0.09761649968269115,stable,2
FED,2023-06-16,2.4,0.7006516669551294,0.5508557143131869,0.40687102565581856,0.14979595264194245,stable,1
FED,2023-06-22,1.0,1.600782000346155,0.44654494052770166,0.4216992500144231,1.1542370598184535,hawkish acceleration,2
FED,2023-06-25,0.0,1.8407820003461548,0.44654494052770166,0.4114139024530957,1.3942370598184533,hawkish acceleration,1
FED,2023-06-29,3.8,2.167318333621796,0.7293458750793271,0.49209452382326013,1.4379724585424687,hawkish acceleration,1
FED,2023-07-10,0.0,1.8506516669551294,0.7293458750793271,0.4455602439165104,1.1213057918758023,hawkish acceleration,1
FED,2023-07-13,0.0,1.5862728573901108,0.7293458750793271,0.434951666680403,0.8569269823107837,stable,1
FED,2023-07-18,1.4,1.0333333333333334,0.7993458750793272,0.4968564285851649,0.23398745825400624,stable,1
FED,2023-07-26,3.7284212515144284,1.7856842503028854,1.0060704606895248,0.5413753963924721,0.7796137896133606,stable,2
FED,2023-08-05,0.0,1.0256842503028856,0.8906850696247335,0.4901558841973501,0.1349991806781521,stable,1
FED,2023-08-07,0.0,0.8547368752524047,0.843806908065537,0.5024097813022839,0.010929967186867673,stable,1
FED,2023-08-22,0.0,0.9321053128786071,1.3947947117880923,0.5431457095159825,-0.46268939890948524,stable,1
FED,2023-08-25,1.0,0.25,1.3665950895175143,0.5701727365430096,-1.1165950895175143,dovish acceleration,1
FED,2023-09-08,0.0,0.3333333333333333,1.2308808038032288,0.661658566237981,-0.8975474704698956,stable,1
FED,2023-09-20,1.2905262494951906,0.5726315623737976,0.9349122917508015,0.6241330682451925,-0.36228072937700384,stable,2
FED,2023-09-22,0.0,0.5726315623737976,0.8629959616161245,0.6057762132968045,-0.2903643992423268,stable,2
FED,2023-09-26,0.0,0.32263156237379764,0.8629959616161245,0.6241330682451925,-0.5403643992423268,stable,1
FED,2023-09-27,0.0,0.2581052498990381,0.5706882693084321,0.6668443940180655,-0.312583019409394,stable,1
FED,2023-09-28,0.0,0.21508770824919843,0.529924821500687,0.6472313236057695,-0.31483711325148855,stable,2
FED,2023-10-02,1.5,0.3986466070707415,0.5945965000673078,0.691348970664593,-0.1959498929965663,stable,2
FED,2023-10-04,0.0,0.3488157811868988,0.5574342188131011,0.671596142931319,-0.20861843762620225,stable,1
FED,2023-10-07,0.0,0.3100584721661323,0.5246439706476246,0.6529406945165601,-0.21458549848149228,stable,1
FED,2023-10-09,2.028421251514428,0.5354386112232911,0.6439628677955321,0.6901158447056917,-0.10852425657224107,stable,2
FED,2023-10-10,0.0,0.48189475010096194,0.6081871529180025,0.6719549014239629,-0.12629240281704057,stable,1
FED,2023-10-11,0.0,0.43808613645541994,0.6081871529180025,0.6719549014239629,-0.17010101646258258,stable,1
FED,2023-10-17,-1.4,0.28491229175080157,0.45263159736244707,0.6522780068678539,-0.1677193056116455,stable,1
FED,2023-10-18,-0.39999999999999997,0.23222673084689377,0.40775625013284456,0.6252509798408267,-0.17552951928595079,stable,3
FED,2023-10-19,0.0,0.21563910721497279,0.3873684376262023,0.6087970066871208,-0.17172933041122954,stable,2
FED,2023-10-25,0.0,0.13295548088572526,0.20094737505048083,0.5931868270284766,-0.06799189416475557,stable,1
FED,2023-10-26,0.0,0.13295548088572526,0.19137845242902937,0.5783571563527647,-0.058422971543304114,stable,1
FED,2023-10-27,0.0,0.13295548088572526,0.18267943186407348,0.5642508842465997,-0.049723950978348225,stable,1
FED,2023-11-01,2.4905262494951903,0.22657895841746822,0.2830205978480351,0.5635451250937503,-0.0564416394305669,stable,2
FED,2023-11-06,1.4,0.37444977281905617,0.35952153411385496,0.5839464635060979,0.014928238705201213,stable,1
FED,2023-11-07,-0.6,0.2932456250841349,0.3178032065436873,0.5693123171646344,-0.024557581459552447,stable,2
FED,2023-11-08,0.4666666666666666,0.16309940968015477,0.3240058507154781,0.5343529675711386,-0.16090644103532334,stable,3
FED,2023-11-09,-0.6,0.11309940968015475,0.28704561668685896,0.519718821229675,-0.1739462070067042,stable,2
FED,2023-11-13,0.0,0.11309940968015475,0.2760054006604413,0.519718821229675,-0.16290599098028657,stable,1
FED,2023-11-14,0.0,0.10439945508937362,0.2657829784137583,0.5880115041565043,-0.1613835233243847,stable,1
FED,2023-11-16,0.0,0.2120917627816813,0.25629072918469553,0.5880115041565043,-0.04419896640301424,stable,2
FED,2023-11-28,0.0,0.350799212906873,0.22874594137672127,0.5852117917604169,0.12205327153015172,stable,3
FED,2023-12-01,0.0,0.07407407407407406,0.2205764434704098,0.570938333424797,-0.14650236939633576,stable,2
FED,2023-12-05,0.0,0.06666666666666665,0.21297035921280946,0.5573445635813494,-0.1463036925461428,stable,1
FED,2023-12-13,1.226466250649041,0.20441104177484015,0.2552622988903626,0.4470982419349987,-0.050851257115522464,stable,2
FED,2024-01-08,1.8,1.5132331253245206,0.21918295834054483,0.4034481031403933,1.2940501669839757,hawkish acceleration,1
FED,2024-01-16,0.0,0.9,0.3435366203783831,0.3765142680901336,0.556463379621617,stable,1
FED,2024-01-17,0.0,0.6,0.3435366203783831,0.36660599787723536,0.25646337962161686,stable,2
FED,2024-01-31,-0.6735337493509594,0.28161656266226015,0.20130661119764975,0.25076507680183047,0.0803099514646104,stable,2
FED,2024-02-02,0.0,0.2252932501298081,0.18872494799779665,0.25076507680183047,0.036568302132011454,stable,1
FED,2024-02-07,0.9,0.045293250129808116,0.25022557702292925,0.2744492873281462,-0.20493232689312113,stable,2
FED,2024-02-12,0.0,0.03774437510817343,0.2710777084415067,0.267412126114604,-0.23333333333333325,stable,1
FED,2024-02-14,0.0,0.03235232152129151,0.2710777084415067,0.2607268229617389,-0.23872538692021517,stable,1
FED,2024-02-15,0.0,0.03235232152129151,0.25022557702292925,0.25436763215779407,-0.21787325550163772,stable,2
FED,2024-02-16,0.0,0.03235232152129151,0.23235232152129145,0.24831125996356085,-0.19999999999999996,stable,1
FED,2024-02-22,0.0,0.028308281331130072,0.21686216675320535,0.22997738825535502,-0.1885538854220753,stable,3
FED,2024-02-27,0.7,0.10294069451656006,0.263528833419872,0.24116840282070373,-0.16058813890331192,stable,2
FED,2024-03-01,0.0,0.17777777777777778,0.263528833419872,0.2355598353132455,-0.0857510556420942,stable,2
FED,2024-03-05,0.0,0.17777777777777778,0.263528833419872,0.23020620269248993,-0.0857510556420942,stable,1
FED,2024-03-07,0.0,0.16,0.24705828133113,0.23020620269248993,-0.08705828133113,stable,1
FED,2024-03-20,-1.4,-0.11666666666666665,0.08290414066556495,0.17298945741800853,-0.1995708073322316,stable,2
FED,2024-03-25,0.0,-0.11666666666666665,0.07802742650876701,0.17710825402319919,-0.19469409317543368,stable,1
FED,2024-03-27,0.0,-0.09999999999999999,0.07369256948050218,0.17710825402319919,-0.17369256948050216,stable,1
FED,2024-04-01,0.0,-0.2333333333333333,0.0698140131920547,0.14484260168230162,-0.303147346525388,stable,1
FED,2024-04-02,0.0,-0.19999999999999998,0.06632331253245197,0.1413939683089135,-0.26632331253245195,stable,1
FED,2024-04-03,-0.7396491670032063,-0.2674561458754008,0.02794367064980157,0.12090459306909675,-0.29539981652520236,stable,3
FED,2024-04-04,0.0,-0.2674561458754008,0.026673503802083318,0.12090459306909675,-0.2941296496774841,stable,1
FED,2024-04-05,2.8529325012980813,0.07925370381054167,0.1495543297801702,0.1829961364379373,-0.07030062596962852,stable,1
FED,2024-04-16,0.8000000000000003,0.16814259269943058,0.11617855166399593,0.22111304491679007,0.051964041035434644,stable,1
FED,2024-04-18,0.0,0.15132833342948754,0.11089770840654158,0.21558521879387033,0.04043062502294596,stable,1
FED,2024-05-01,-1.4,0.21618333347069646,0.07787651519522154,0.12791574330431416,0.13830681827547492,stable,2
FED,2024-05-03,0.1999999999999999,0.40882208354968025,0.08696742428613063,0.12981269742788482,0.3218546592635496,stable,1
FED,2024-05-04,0.0,0.40882208354968025,0.08318623192586408,0.09297059216472692,0.32563585162381614,stable,1
FED,2024-05-08,0.0,-0.06666666666666662,0.04405579714325539,0.11850599543313768,-0.11072246380992201,stable,1
FED,2024-05-10,-0.7,-0.15714285714285708,0.013053472262286417,0.09638421177278261,-0.1701963294051435,stable,2
FED,2024-05-13,-1.4,-0.31249999999999994,-0.04527986107104692,0.060172662099804354,-0.267220138928953,stable,1
FED,2024-05-14,0.0,-0.27777777777777773,-0.04527986107104692,0.060172662099804354,-0.2324979167067308,stable,1
FED,2024-05-15,0.0,-0.24999999999999994,-0.04527986107104692,0.05854637393494478,-0.20472013892895302,stable,1
FED,2024-05-17,0.09999999999999995,-0.31999999999999995,-0.04111319440438026,0.059637258831393605,-0.2788868055956197,stable,2
FED,2024-05-18,0.0,-0.31999999999999995,-0.03946866662820505,0.058108098348537356,-0.2805313333717949,stable,1
FED,2024-05-19,0.0,-0.2909090909090909,-0.0379506409886587,0.05665539588982392,-0.2529584499204322,stable,1
FED,2024-05-20,1.1333333333333333,-0.1722222222222222,0.005430246949192857,0.0829158333884461,-0.17765246917141506,stable,3
FED,2024-05-21,-2.2189475010096187,-0.32966262828279114,-0.07401181547790756,0.028109563521825514,-0.25565081280488355,stable,1
FED,2024-05-24,0.0,-0.30611529769116325,-0.07401181547790756,0.027455852742248175,-0.2321034822132557,stable,1
FED,2024-05-28,0.0,-0.28570761117841903,-0.09901181547790754,0.027455852742248175,-0.18669579570051148,stable,1
FED,2024-06-07,0.0,-0.2571345139730237,-0.10662810897620813,0.028109563521825514,-0.1505064049968156,stable,1
FED,2024-06-12,-1.8094737505048095,-0.2540989016528268,-0.16969646606986005,-0.04417472221993283,-0.08440243558296673,stable,2
FED,2024-06-14,0.0,-0.2795087918181095,-0.16363587799593646,-0.043147403098539046,-0.11587291382217305,stable,1
FED,2024-06-17,0.0,-0.32167643535345497,-0.15799326151331797,-0.042166780300844975,-0.163683173840137,stable,2
FED,2024-06-18,-2.0,-0.5438986575756772,-0.17868291668573175,-0.08567418518304842,-0.36521574088994546,stable,1
FED,2024-06-24,0.0,-0.5442105357864013,-0.17868291668573175,-0.08381170289646041,-0.36552761910066955,stable,1
FED,2024-06-25,0.26666666666666683,-0.4428508854797678,-0.16948751438688117,-0.0763547163100109,-0.27336337109288666,stable,3
FED,2024-06-26,1.2529325012980812,-0.25443050917111787,-0.12207351386404912,-0.04866123260984231,-0.13235699530706874,stable,1
FED,2024-06-27,1.2529325012980812,-0.11521578680466443,-0.0777184811168836,-0.022098095183149993,-0.03749730568778083,stable,1
FED,2024-07-09,0.0,-0.11521578680466443,-0.16750208329326916,-0.05883278906070102,0.05228629648860472,stable,2
FED,2024-07-10,-0.7,-0.17369420812419797,-0.18651986603279527,-0.071656133279487,0.012825657908597299,stable,2
FED,2024-07-16,-4.8,-0.5252742589707967,-0.38651986603279526,-0.17107768701988468,-0.13875439293800146,stable,1
FED,2024-07-17,-1.4,-0.6808298145263522,-0.43651986603279525,-0.195656133279487,-0.24430994849355692,stable,1
FED,2024-07-18,1.4,-0.30305203674857445,-0.3731915947902851,-0.1643687581171441,0.07013955804171063,stable,1
FED,2024-07-24,0.0,-0.30305203674857445,-0.3607518749639423,-0.16120782046104518,0.05769983821536784,stable,1
FED,2024-07-31,-0.4999999999999999,-0.857142857142857,-0.3307518749639422,-0.1609661355808508,-0.5263909821789148,stable,2
FED,2024-08-10,4.179470570797252,-0.18675490486712443,-0.19418835844892646,-0.09859604687652278,0.00743345358180203,stable,1
FED,2024-08-19,0.0,0.9198676426993131,-0.14287357552223648,-0.10270421549637787,1.0627412182215497,hawkish acceleration,1
FED,2024-08-20,3.6,1.4558941141594506,0.03535849950263194,-0.02770421549637787,1.4205356146568187,hawkish acceleration,1
FED,2024-08-23,-0.4189475010096186,1.3721046139575268,0.015408618502173907,-0.03568877234358686,1.3566959954553528,hawkish acceleration,1
FED,2024-08-28,0.0,1.1434205116312723,0.015408618502173907,-0.05101562176741159,1.1280118931290983,hawkish acceleration,1
FED,2024-09-06,-4.2,0.5267538449646056,-0.18459138149782608,-0.14146276265607993,0.7113452264624317,stable,1
FED,2024-09-10,0.0,-0.1698245835016031,-0.09842596480712087,-0.13851562176741158,-0.07139861869448222,stable,2
FED,2024-09-18,-1.4253496664211536,-0.407382861238462,-0.078541838282668,-0.1390437398178523,-0.328841022955794,stable,2
FED,2024-09-20,0.0,-1.0073828612384619,-0.0746147463685346,-0.13620611247463082,-0.9327681148699273,stable,1
FED,2024-09-24,0.4000000000000001,-0.8708916110701922,-0.14510522751863555,-0.13071040648451895,-0.7257863835515567,stable,1
FED,2024-09-25,-1.5,-0.9607642380601648,-0.29804592203519564,-0.15865509206646755,-0.6627183160249691,stable,1
FED,2024-09-26,0.20000000000000004,-0.8156687083026442,-0.2718329787701853,-0.1514819902251382,-0.5438357295324588,stable,4
FED,2024-09-30,0.20000000000000004,-0.7906687083026442,-0.24824132983167604,-0.1382177155052855,-0.5424273784709682,stable,2
FED,2024-10-01,0.0,-0.7028166296023505,-0.23642031412540576,-0.1382177155052855,-0.4663963154769447,stable,1
FED,2024-10-02,0.0,-0.6325349666421154,-0.22567393621061457,-0.19765380928232887,-0.4068610304315008,stable,1
FED,2024-10-08,-1.4,-0.3525349666421153,-0.2697536474587391,-0.22219148664391394,-0.08278131918337622,stable,2
FED,2024-10-09,0.0,-0.32048633331101395,-0.2574921180287964,-0.21774765691103568,-0.06299421528221755,stable,1
FED,2024-10-10,0.0,-0.32048633331101395,-0.2462968085492835,-0.2134780950108193,-0.07418952476173044,stable,1
FED,2024-10-11,0.0,-0.29377913886842943,-0.23603444152639672,-0.209372747029842,-0.05774469734203272,stable,1
FED,2024-10-14,0.0,-0.2711807435708579,-0.03603444152639673,-0.2247573624144574,-0.2351463020444612,stable,1
FED,2024-10-18,0.0,-0.16153846153846152,-0.0376011563753705,-0.2247573624144574,-0.12393730516309101,stable,1
FED,2024-10-23,1.4,-0.05384615384615383,0.023268408842020798,-0.1941015631236186,-0.07711456268817463,stable,1
FED,2024-11-07,-1.2000000000000002,0.028571428571428532,-0.007166373766674863,-0.19566087439901603,0.03573780233810339,stable,2
FED,2024-11-12,0.0,0.039999999999999945,-0.18888248554046844,-0.1741996350117401,0.2288824855404684,stable,1
FED,2024-11-14,0.8,0.19999999999999996,-0.14767904864294892,-0.16276919229460401,0.34767904864294885,stable,2
FED,2024-11-20,-0.7,0.05999999999999996,-0.3410563985839467,-0.16515741111338372,0.40105639858394665,stable,2
FED,2024-11-22,0.0,-0.22000000000000003,-0.3228412898443981,-0.16140383358807953,0.10284128984439805,stable,1
FED,2024-12-02,0.0,-0.18333333333333335,-0.3228412898443981,-0.16140383358807953,0.13950795651106473,stable,1
FED,2024-12-03,1.6,0.07142857142857142,-0.24272290276754815,-0.12226152617501111,0.31415147419611955,stable,1
FED,2024-12-18,-1.4,-0.09999999999999995,-0.07272727272727281,-0.07542182749684609,-0.027272727272727143,stable,2
FED,2025-01-06,1.4,0.0,0.1266666666666665,-0.10457851657315331,-0.1266666666666665,stable,1
FED,2025-01-08,0.0,0.0,0.13571428571428554,-0.10175207017928431,-0.13571428571428554,stable,1
FED,2025-01-09,2.6,0.65,0.3214285714285713,-0.03065333149035577,0.32857142857142874,stable,1
FED,2025-01-29,-1.1094737505048093,0.7226315623737977,0.16587718745793237,0.0889911662606374,0.5567543749158653,stable,2
FED,2025-01-31,4.0,1.378105249899038,0.46080971149962985,0.20073427579604777,0.9172955383994081,stable,1
FED,2025-02-04,-2.2189475010096187,0.7785964580809287,0.2693984820346836,0.13352089310700146,0.5091979760462451,stable,1
FED,2025-02-05,1.6,0.8119297914142619,0.46939848203468354,0.173155463563569,0.3425313093795784,stable,2
FED,2025-02-07,3.8,1.4452631247475953,0.6914385832323713,0.1628995021906703,0.753824541515224,stable,1
FED,2025-02-12,0.0,1.0119297914142622,0.6836841963203979,0.15861267318565267,0.3282455950938643,stable,1
FED,2025-02-17,0.7,0.967368392640796,0.6847719165657047,0.0845211238122919,0.2825964760750913,stable,2
FED,2025-02-18,-1.4,0.6714473435606966,0.6381052498990379,0.04545477844881054,0.033342093661658634,stable,1
FED,2025-02-19,0.0,0.5968420831650636,0.5982236717803481,0.05647971268590577,-0.0013815886152844792,stable,1
FED,2025-02-20,5.267970000576925,1.06395487490625,0.9274717968164059,0.1901076687856755,0.13648307808984406,stable,2
FED,2025-02-21,-1.4,0.8399589771874999,0.7905616911213232,0.1503549770660336,0.04939728606617666,stable,1
FED,2025-02-25,0.0,0.7699623957552082,0.7466415971701387,0.1503549770660336,0.023320798585069524,stable,1
FED,2025-02-27,0.0,0.7107345191586537,0.7073446710032892,0.1466877825034474,0.003389848155364472,stable,2
FED,2025-03-07,0.1333333333333334,0.7101303333910259,0.6651601156886572,0.2523788394140165,0.04497021770236875,stable,3
FED,2025-03-19,-0.2094737505048093,0.2989786979256812,0.7313004628828345,0.2964976495356672,-0.43232176495715324,stable,2
FED,2025-03-21,0.0,0.5416899404864928,0.6928109648363695,0.2890852082972756,-0.15112102434987673,stable,1
FED,2025-03-24,0.0,-0.012690069528579317,0.658170416594551,0.3247027777407955,-0.6708604861231303,stable,1
FED,2025-03-25,0.0,-0.010877202453067987,0.6268289681852867,0.3195745726125903,-0.6377061706383547,stable,1
FED,2025-04-02,1.8,0.28730993047142067,0.6801549241768646,0.3800921170781357,-0.39284499370544396,stable,1
FED,2025-04-03,0.7,0.3462656546897892,0.6810177535604791,0.38851074557607956,-0.3347520988706899,stable,2
FED,2025-04-04,-0.7,0.21548244785356552,0.6234753471621258,0.36060021363823136,-0.4079928993085603,stable,2
FED,2025-04-07,0.0,0.19881578118689885,0.5651420138287925,0.40693179820765846,-0.3663262326418936,stable,1
FED,2025-04-14,0.0,0.17672513883279897,0.47666992747352266,0.4295391203303061,-0.2999447886407237,stable,1
FED,2025-04-15,0.0,0.15905262494951908,0.4568086804954592,0.4179299549159735,-0.2977560555459401,stable,1
FED,2025-04-16,-1.4,0.01732056813592645,0.3825363332756408,0.3800921170781357,-0.3652157651397143,stable,1
FED,2025-04-17,0.0,0.015877187457932578,0.36782339738042386,0.37008969294450056,-0.35194620992249126,stable,1
FED,2025-04-22,0.3169925001442313,0.06518113637674831,0.36594077155686117,0.3415894955798751,-0.30075963518011284,stable,2
FED,2025-04-23,0.0,0.06518113637674831,0.35287145828697325,0.33283079056500653,-0.2876903219102249,stable,1
FED,2025-05-03,1.4,-0.042556388872863185,0.31073609564963184,0.35951002080088135,-0.353292484522495,stable,1
FED,2025-05-07,-0.7253496664211535,-0.051044645784615275,0.3185950929664817,0.3713762791403525,-0.36963973875109696,stable,2
FED,2025-05-09,0.0,-0.04537301847521358,0.1724412468126356,0.36231832111253903,-0.21781426528784917,stable,4
FED,2025-05-12,1.8,0.13916428337230777,0.23272120063438984,0.40622076013692926,-0.09355691726208207,stable,1
FED,2025-05-14,0.8,0.2191642833723078,0.26235083026401945,0.40622076013692926,-0.04318654689171164,stable,2
FED,2025-05-15,-1.4,0.07916428337230781,0.2029811577545902,0.36321550394319285,-0.12381687438228238,stable,1
FED,2025-05-19,0.0,0.24351587041367534,0.23642490433809354,0.3798821706098595,0.007090966075581795,stable,1
FED,2025-05-20,0.0,0.2191642833723078,0.23642490433809354,0.37104770152590927,-0.017260620965785733,stable,1
FED,2025-05-23,0.0,0.20829448150876073,0.0967500929442923,0.37104770152590927,0.11154438856446842,stable,1
FED,2025-05-25,0.0,0.18746503335788467,0.09316675616857778,0.36261479921850226,0.09429827718930689,stable,1
FED,2025-05-29,0.0,0.17042275759807698,0.0967500929442923,0.3545566925692022,0.07367266465378468,stable,1
FED,2025-06-01,0.4000000000000001,0.18955419446490387,0.1079815709833926,0.335342071945775,0.08157262348151127,stable,1
FED,2025-06-02,0.0,0.07288752779823725,0.1041250863054143,0.3278900259025356,-0.03123755850717705,stable,1
FED,2025-06-03,0.0,0.06728079489068053,0.10053456608798622,0.3207619818611761,-0.03325377119730569,stable,1
FED,2025-06-04,0.0,0.062475023827060494,0.09718341388505335,0.3139372588428532,-0.03470839005799285,stable,1
FED,2025-06-05,1.4529325012980814,0.15517218899179522,0.14117005281721162,0.3376663263940038,0.014002136174583596,stable,1
FED,2025-06-06,0.0,0.2035288334198721,0.13661618014568866,0.3307751768757588,0.06691265327418344,stable,1
FED,2025-06-18,0.6905262494951907,0.23122352279938838,0.1656484382102048,0.3734389778858647,0.06557508458918357,stable,2
FED,2025-06-23,-1.1094737505048093,0.1433985000288463,0.1388147528969496,0.3437807233180512,0.004583747131896687,stable,2
FED,2025-06-24,0.0,0.1433985000288463,0.1341875944670513,0.3370399248216188,0.009210905561794991,stable,1
FED,2025-06-26,0.0,0.13036227275349666,0.129858962387469,0.3305583878058185,0.0005033103660276594,stable,1
FED,2025-07-10,0.0,-0.08378950020192369,0.07948670835755497,0.26378072331805125,-0.16327620855947866,stable,1
FED,2025-07-15,0.0,-0.06982458350160307,0.1394472243850592,0.25860855227259927,-0.20927180788666228,stable,2
FED,2025-07-16,0.0,-0.05984964300137406,0.1394472243850592,0.2536353108827416,-0.19929686738643326,stable,1
FED,2025-07-17,-0.39999999999999997,-0.10236843762620229,0.11946769755598291,0.24130256916797288,-0.2218361351821852,stable,3
FED,2025-07-22,0.0,-0.18868421881310113,0.11187058976412721,0.23683400307226968,-0.3005548085772283,stable,1
FED,2025-07-30,0.20000000000000004,-0.033333333333333284,0.11513464199508547,0.1905379229510825,-0.14846797532841877,stable,2
FED,2025-08-01,-0.6,-0.11428571428571424,0.04106056792101139,0.1758983317853217,-0.15534628220672564,stable,2
FED,2025-08-09,2.2,0.20000000000000004,0.1551532692418639,0.16379725802724984,0.04484673075813614,stable,1
FED,2025-08-19,0.0,0.36000000000000004,0.12881750001311187,0.08228098785083471,0.23118249998688817,stable,1
FED,2025-08-20,0.0,0.30000000000000004,0.12321673914297657,0.11144765451750138,0.17678326085702348,stable,1
FED,2025-08-22,-0.2094737505048093,0.26508770824919853,0.11410918477320224,0.10489823808847464,0.15097852347599627,stable,2
FED,2025-08-28,0.4000000000000001,0.2843608927850273,0.13747778408107508,0.11541695138198453,0.14688310870395221,stable,1
FED,2025-09-17,-1.492481250360578,-0.2603910001730775,-0.06321429696063739,0.0896450615901338,-0.19717670321244007,stable,2
FED,2025-09-22,0.0,-0.36416041678685934,0.006536333275640738,0.09163717406991455,-0.3706967500625001,stable,1
FED,2025-09-23,-1.6348234169259628,-0.6818261668216352,-0.09604865111195948,0.0541054220917433,-0.5857775157096757,stable,2
FED,2025-09-25,0.0,-0.5454609334573082,-0.09604865111195948,0.05295424289830195,-0.4494122823453487,stable,1
FED,2025-09-26,-2.2189475010096187,-0.8243753613826933,-0.2209250540471159,0.005622956566886939,-0.6034503073355774,stable,1
FED,2025-09-29,0.0,-0.89104202804936,-0.20865143993338725,-0.03187704343311307,-0.6823905881159726,stable,1
FED,2025-09-30,-1.4,-0.9637503097565941,-0.2713539957263668,-0.07562704343311306,-0.6923963140302274,stable,1
FED,2025-10-03,-1.4,-1.01828152103702,-0.3277862959400485,-0.09021037676644639,-0.6904952250969715,stable,1
FED,2025-10-07,0.0,-0.9051391298106845,-0.3121774247048081,-0.09021037676644639,-0.5929617051058764,stable,1
FED,2025-10-08,0.7,-0.7446252168296159,-0.27884409137147476,-0.0740836343834577,-0.46578112545814115,stable,2
FED,2025-10-09,0.45,-0.63602292439056,-0.24571481449095317,-0.06360196169578854,-0.3903081098996068,stable,4
FED,2025-10-14,-2.8,-0.8163543473580134,-0.3907488532762367,-0.09744889542105163,-0.42560549408177667,stable,1
FED,2025-10-15,0.0,-0.7535578590997046,-0.3717012342286176,-0.09541871009977972,-0.381856624871087,stable,1
FED,2025-10-16,0.0,-0.69973229773544,-0.3548057235818623,-0.0934713894854985,-0.3449265741535777,stable,3
FED,2025-10-21,0.0,-0.5931264941382558,-0.3548057235818623,-0.1020227205194512,-0.2383207705563935,stable,1
FED,2025-10-22,0.0,-0.5931264941382558,-0.3393793877739552,-0.09994062418231954,-0.2537471063643006,stable,1
FED,2025-10-23,0.0,-0.4763533929292585,-0.3252385799500404,-0.09794181169867315,-0.15111481297921808,stable,1
FED,2025-10-29,-1.492481250360578,-0.49520677086338144,-0.3957586320483979,-0.12528572226067128,-0.09944813881498354,stable,2
FED,2025-10-30,0.0,-0.37854010419671474,-0.3707586320483978,-0.15273670265282815,-0.007781472148316926,stable,1
FED,2025-11-03,-0.4189475010096186,-0.29678572928084973,-0.3726861868068466,-0.14672881705652355,0.07590045752599689,stable,1
FED,2025-11-07,-0.7,-0.45103897739729065,-0.48868618680684667,-0.16045430725260199,0.037647209409556015,stable,2
FED,2025-11-11,0.0,-0.49194806830638155,-0.4698905642373526,-0.1914932585690347,-0.022057504069028955,stable,1
FED,2025-11-17,0.6905262494951907,-0.2134336113194451,-0.4433318623336914,-0.1810967379247398,0.22989825101424627,stable,2
FED,2025-11-18,0.0,-0.1920902501875006,-0.4433318623336914,-0.17740088613035734,0.2512416121461908,stable,1
FED,2025-11-19,0.0,-0.17462750017045509,-0.42691216372873986,-0.17740088613035734,0.25228466355828477,stable,1
FED,2025-11-20,0.0,-0.17462750017045509,-0.4191538766730062,-0.1738528684077502,0.2445263765025511,stable,1
FED,2025-11-21,0.0,-0.17462750017045509,-0.40418409536325595,-0.1738528684077502,0.22955659519280086,stable,2
FED,2025-12-01,0.0,-0.047602361279380875,-0.41846980964897024,-0.19766616131277195,0.37086744836958935,stable,1
FED,2025-12-10,-1.238682194791282,-0.06851949316201142,-0.44675299534353274,-0.261872402588375,0.3782335021815213,stable,2
FED,2025-12-15,0.0,-0.06851949316201142,-0.43186122883208167,-0.2772174303549348,0.3633417356700702,stable,1
FED,2026-01-07,0.0,-0.41289406493042735,-0.2979792348333145,-0.27060263370160137,-0.11491483009711284,stable,1
FED,2026-01-11,0.0,0.0,-0.28378974746029956,-0.27060263370160137,0.28378974746029956,stable,1
FED,2026-01-14,0.0,0.0,-0.16629393140348894,-0.26744660037725015,0.16629393140348894,stable,1
FED,2026-01-16,-0.7094737505048092,-0.1773684376262023,-0.19345292235855496,-0.2779710563326682,0.01608448473235266,stable,2
FED,2026-01-28,-1.809473750504809,-0.5037895002019237,-0.2616281842072081,-0.32710645291192186,-0.24216131599471558,stable,2
FED,2026-01-30,-1.4,-0.6531579168349363,-0.3285912321950194,-0.353274588206753,-0.3245666846399169,stable,2
FED,2026-02-04,1.4,-0.35984964300137406,-0.22159432037092425,-0.3115299551542113,-0.13825532263044982,stable,1
FED,2026-02-06,1.781052498990381,-0.10541357171703389,-0.0756500557244312,-0.3215048956544403,-0.029763515992602685,stable,1
FED,2026-02-16,0.0,-0.005684250302885596,-0.1317718131207014,-0.3293464784752803,0.1260875628178158,stable,1
FED,2026-02-17,1.4,0.22859645808092866,-0.03843847978736807,-0.288171562321107,0.26703493786829674,stable,1
FED,2026-02-19,0.0,0.19593982121222456,-0.041184085486465793,-0.2831840920709925,0.23712390669869035,stable,1
FED,2026-02-23,-2.2189475010096187,-0.10592109406550584,-0.1863683131880093,-0.3282018457672396,0.08044721912250347,stable,1
FED,2026-02-24,0.0,-0.09415208361378297,-0.17472029361375874,-0.3375041713486349,0.08056820999997577,stable,2
FED,2026-02-26,0.0,-0.08473687525240467,-0.16444262928353764,-0.3298336219998023,0.07970575403113297,stable,1
FED,2026-03-03,0.0,0.26245611088675136,-0.16444262928353764,-0.3225039859553623,0.426898740170289,stable,1
FED,2026-03-12,0.0,-0.10236843762620235,-0.0915789707664034,-0.31549302973894133,-0.010789466859798952,stable,1
FED,2026-03-18,-0.19888341577211285,-0.12722886459771646,-0.10327799522358651,-0.28737133768267037,-0.02395086937412995,stable,2
FED,2026-03-21,0.0,-0.34540441668310456,-0.09754032882227615,-0.28737133768267037,-0.24786408786082842,stable,1
FED,2026-03-24,0.0,-0.3022288645977165,-0.09240662730531424,-0.25742795814393055,-0.20982223729240224,stable,1
FED,2026-03-26,1.6047368752524047,0.2008362084971845,-0.007549452177428295,-0.17245719422699668,0.2083856606746128,stable,4
FED,2026-03-31,0.0,0.2008362084971845,-0.0071899544546936145,-0.14455849409579208,0.20802616295187812,stable,2
FED,2026-04-07,0.0,0.2008362084971845,-0.0071899544546936145,-0.14903838390767932,0.20802616295187812,stable,1
FED,2026-04-14,0.0,0.2008362084971845,-0.007549452177428295,-0.08488650615935515,0.2083856606746128,stable,1
FED,2026-04-17,1.4,0.42924812503605775,0.09792423534781217,-0.04776434350537128,0.33132388968824555,stable,1
FED,2026-04-21,0.0,0.42924812503605775,0.09326117652172587,-0.050278256321443456,0.33598694851433186,stable,1
FED,2026-04-29,-0.2094737505048093,0.19842104158253174,0.16945165271220203,-0.016961249739434664,0.02896938887032971,stable,2
FED,2026-05-01,0.0,0.19842104158253174,0.23611831937886874,-0.01651490106208112,-0.037697277796337,stable,1
FED,2026-05-05,0.0,0.17007517849931292,0.16945165271220203,-0.0054899668249858945,0.0006235257871108901,stable,1
FED,2026-05-08,0.0,0.17007517849931292,0.08463962895075533,0.012931085806593053,0.08543554954855759,stable,3
FED,2026-05-14,0.0,0.17007517849931292,0.08079237308935737,0.012931085806593053,0.08928280540995555,stable,2
FED,2026-05-20,2.0,0.25578946421359866,0.11887161039829311,0.052966323857510156,0.13691785381530555,stable,1
FED,2026-05-22,0.0,0.25578946421359866,0.11321105752218391,0.05145300031872416,0.14257840669141475,stable,1
FED,2026-05-27,-0.4999999999999999,0.16131578118689882,0.2155989320513411,0.036134861420981816,-0.05428315086444227,stable,2
FED,2026-05-29,-3.71508495181978,-0.27688561897747255,0.019064737857785043,-0.06524945785579553,-0.2959503568352576,stable,1
FED,2026-05-31,0.0,-0.2768856189774725,0.018156893197890517,-0.06524945785579553,-0.29504251217536304,stable,1
NORGES_BANK,2021-02-18,0.0,0.0,0.0,0.0,0.0,stable,1
NORGES_BANK,2021-03-05,0.0,0.0,0.0,0.0,0.0,stable,1
NORGES_BANK,2021-05-03,0.0,0.0,0.0,0.0,0.0,stable,1
NORGES_BANK,2021-05-06,0.0,0.0,0.0,0.0,0.0,stable,1
NORGES_BANK,2021-05-11,0.0,0.0,0.0,0.0,0.0,stable,1
NORGES_BANK,2021-06-01,0.0,0.0,0.0,0.0,0.0,stable,4
NORGES_BANK,2021-10-20,0.0,0.0,0.0,0.0,0.0,stable,1
NORGES_BANK,2021-10-25,0.0,0.0,0.0,0.0,0.0,stable,1
NORGES_BANK,2021-11-04,0.0,0.0,0.0,0.0,0.0,stable,1
NORGES_BANK,2021-12-21,0.0,0.0,0.0,0.0,0.0,stable,1
NORGES_BANK,2022-02-02,0.0,0.0,0.0,0.0,0.0,stable,1
NORGES_BANK,2022-02-17,0.0,0.0,0.0,0.0,0.0,stable,1
NORGES_BANK,2022-03-01,0.0,0.0,0.0,0.0,0.0,stable,1
NORGES_BANK,2022-03-31,0.0,0.0,0.0,0.0,0.0,stable,1
NORGES_BANK,2022-04-28,0.0,0.0,0.0,0.0,0.0,stable,1
NORGES_BANK,2022-05-03,0.0,0.0,0.0,0.0,0.0,stable,1
NORGES_BANK,2022-06-01,0.0,0.0,0.0,0.0,0.0,stable,4
NORGES_BANK,2022-08-18,0.0,0.0,0.0,0.0,0.0,stable,1
NORGES_BANK,2022-09-22,0.0,0.0,0.0,0.0,0.0,stable,1
NORGES_BANK,2022-10-20,0.0,0.0,0.0,0.0,0.0,stable,1
NORGES_BANK,2022-11-03,0.0,0.0,0.0,0.0,0.0,stable,1
NORGES_BANK,2022-11-10,0.0,0.0,0.0,0.0,0.0,stable,1
NORGES_BANK,2023-02-02,0.0,0.0,0.0,0.0,0.0,stable,1
NORGES_BANK,2023-02-16,1.4,0.7,0.7,0.2333333333333333,0.0,stable,1
NORGES_BANK,2023-03-01,0.0,0.4666666666666666,0.4666666666666666,0.19999999999999998,0.0,stable,1
NORGES_BANK,2023-04-18,0.0,0.0,0.35,0.2333333333333333,-0.35,stable,1
NORGES_BANK,2023-05-09,0.0,0.0,0.35,0.27999999999999997,-0.35,stable,1
NORGES_BANK,2023-05-18,0.0,0.0,0.0,0.2333333333333333,0.0,stable,1
NORGES_BANK,2023-06-01,0.0,0.0,0.0,0.19999999999999998,0.0,stable,4
NORGES_BANK,2023-06-27,0.0,0.0,0.0,0.175,0.0,stable,1
NORGES_BANK,2023-08-17,0.0,0.0,0.0,0.0,0.0,stable,1
NORGES_BANK,2023-10-27,0.0,0.0,0.0,0.0,0.0,stable,1
NORGES_BANK,2023-11-23,0.0,0.0,0.0,0.0,0.0,stable,1
NORGES_BANK,2024-02-15,0.0,0.0,0.0,0.0,0.0,stable,1
NORGES_BANK,2024-02-23,0.0,0.0,0.0,0.0,0.0,stable,1
NORGES_BANK,2024-04-30,0.0,0.0,0.0,0.0,0.0,stable,2
NORGES_BANK,2024-05-07,0.0,0.0,0.0,0.0,0.0,stable,1
NORGES_BANK,2024-07-24,0.0,0.0,0.0,0.0,0.0,stable,1
NORGES_BANK,2024-08-23,0.0,0.0,0.0,0.0,0.0,stable,1
NORGES_BANK,2024-10-17,0.0,0.0,0.0,0.0,0.0,stable,1
NORGES_BANK,2024-10-24,0.0,0.0,0.0,0.0,0.0,stable,1
NORGES_BANK,2024-11-07,0.0,0.0,0.0,0.0,0.0,stable,1
NORGES_BANK,2025-01-30,0.0,0.0,0.0,0.0,0.0,stable,1
NORGES_BANK,2025-02-13,0.0,0.0,0.0,0.0,0.0,stable,1
NORGES_BANK,2025-02-27,0.0,0.0,0.0,0.0,0.0,stable,2
NORGES_BANK,2025-04-08,0.0,0.0,0.0,0.0,0.0,stable,1
NORGES_BANK,2025-05-09,2.2,2.2,0.55,0.44000000000000006,1.6500000000000001,hawkish acceleration,1
NORGES_BANK,2025-05-13,0.0,1.1,0.44000000000000006,0.3666666666666667,0.66,stable,2
NORGES_BANK,2025-06-01,0.0,0.7333333333333334,0.55,0.31428571428571433,0.18333333333333335,stable,1
NORGES_BANK,2026-01-29,0.0,0.0,0.0,0.0,0.0,stable,1
NORGES_BANK,2026-02-12,0.0,0.0,0.0,0.0,0.0,stable,1
NORGES_BANK,2026-02-24,0.0,0.0,0.0,0.0,0.0,stable,1
NORGES_BANK,2026-03-26,0.0,0.0,0.0,0.0,0.0,stable,1
NORGES_BANK,2026-05-05,0.0,0.0,0.0,0.0,0.0,stable,2
NORGES_BANK,2026-05-07,2.4,1.2,0.48,0.39999999999999997,0.72,stable,1
NORGES_BANK,2026-05-21,0.0,0.7999999999999999,0.48,0.34285714285714286,0.31999999999999995,stable,1
RBA,2021-02-02,0.0,0.0,0.0,0.0,0.0,stable,2
RBA,2021-02-03,0.0,0.0,0.0,0.0,0.0,stable,1
RBA,2021-02-05,-1.4,-0.4666666666666666,-0.4666666666666666,-0.4666666666666666,0.0,stable,1
RBA,2021-02-07,0.2000000000000001,-0.29999999999999993,-0.29999999999999993,-0.29999999999999993,0.0,stable,1
RBA,2021-02-17,0.0,-0.23999999999999994,-0.23999999999999994,-0.23999999999999994,0.0,stable,1
RBA,2021-03-02,-0.7,-0.31666666666666665,-0.31666666666666665,-0.31666666666666665,0.0,stable,2
RBA,2021-03-10,-1.4,-0.7000000000000001,-0.4714285714285714,-0.4714285714285714,-0.22857142857142865,stable,1
RBA,2021-03-15,0.0,-0.525,-0.4125,-0.4125,-0.11250000000000004,stable,1
RBA,2021-03-17,0.0,-0.42000000000000004,-0.36666666666666664,-0.36666666666666664,-0.0533333333333334,stable,1
RBA,2021-03-18,2.0,-0.01666666666666668,-0.12999999999999998,-0.12999999999999998,0.1133333333333333,stable,1
RBA,2021-04-06,0.0,0.11999999999999997,-0.11818181818181817,-0.11818181818181817,0.23818181818181813,stable,2
RBA,2021-04-09,0.0,0.39999999999999997,-0.10833333333333332,-0.10833333333333332,0.5083333333333333,stable,1
RBA,2021-05-04,0.0,0.0,-0.11818181818181817,-0.09999999999999999,0.11818181818181817,stable,2
RBA,2021-05-06,0.0,0.0,0.0090909090909091,-0.09285714285714285,-0.0090909090909091,stable,1
RBA,2021-06-01,0.0,0.0,0.06666666666666667,-0.08666666666666666,-0.06666666666666667,stable,2
RBA,2021-06-02,0.0,0.0,0.06,-0.08124999999999999,-0.06,stable,1
RBA,2021-06-03,0.0,0.0,0.05454545454545454,-0.07647058823529411,-0.05454545454545454,stable,1
RBA,2021-06-09,0.0,0.0,0.18181818181818182,-0.07222222222222222,-0.18181818181818182,stable,1
RBA,2021-06-17,0.0,0.0,0.0,-0.06842105263157894,0.0,stable,1
RBA,2021-06-23,0.0,0.0,0.0,-0.06499999999999999,0.0,stable,1
RBA,2021-07-06,0.0,0.0,0.0,-0.06190476190476189,0.0,stable,3
RBA,2021-07-08,0.0,0.0,0.0,-0.05909090909090908,0.0,stable,1
RBA,2021-07-27,0.0,0.0,0.0,-0.056521739130434775,0.0,stable,1
RBA,2021-08-02,0.0,0.0,0.0,-0.05909090909090908,0.0,stable,1
RBA,2021-08-03,-0.7,-0.14000000000000004,-0.05833333333333333,-0.08695652173913042,-0.08166666666666672,stable,2
RBA,2021-08-06,0.0,-0.14000000000000004,-0.05833333333333333,-0.03636363636363636,-0.08166666666666672,stable,1
RBA,2021-08-20,0.0,-0.14000000000000004,-0.05384615384615384,-0.03636363636363636,-0.08615384615384619,stable,1
RBA,2021-09-07,-0.7,-0.3500000000000001,-0.13999999999999999,0.028571428571428564,-0.2100000000000001,stable,2
RBA,2021-09-08,0.0,-0.2333333333333334,-0.12727272727272726,0.027272727272727268,-0.10606060606060613,stable,1
RBA,2021-09-09,0.0,-0.17500000000000004,-0.11666666666666665,0.026086956521739126,-0.05833333333333339,stable,1
RBA,2021-09-11,0.0,-0.14000000000000004,-0.10769230769230768,0.026086956521739126,-0.03230769230769236,stable,1
RBA,2021-09-14,-1.4,-0.35000000000000003,-0.19999999999999998,-0.12727272727272726,-0.15000000000000005,stable,1
RBA,2021-09-22,0.0,-0.35000000000000003,-0.21538461538461537,-0.1217391304347826,-0.13461538461538466,stable,1
RBA,2021-10-05,0.7,-0.2,-0.16153846153846152,-0.09130434782608696,-0.03846153846153849,stable,2
RBA,2021-10-08,0.0,-0.1166666666666667,-0.16153846153846152,-0.09130434782608696,0.04487179487179482,stable,1
RBA,2021-10-14,0.0,0.17499999999999993,-0.14999999999999997,-0.08750000000000001,0.3249999999999999,stable,3
RBA,2021-10-22,0.0,0.17499999999999993,-0.13999999999999999,-0.084,0.31499999999999995,stable,1
RBA,2021-11-02,0.0,0.13999999999999996,-0.10769230769230768,-0.08750000000000001,0.24769230769230766,stable,4
RBA,2021-11-11,0.0,0.0,-0.10769230769230768,-0.084,0.10769230769230768,stable,1
RBA,2021-11-13,0.0,0.0,-0.09999999999999999,-0.08076923076923077,0.09999999999999999,stable,1
RBA,2021-11-14,0.0,0.0,-0.09333333333333332,-0.07777777777777778,0.09333333333333332,stable,1
RBA,2021-11-15,0.0,0.0,-0.0875,-0.075,0.0875,stable,1
RBA,2021-11-16,0.0,0.0,-0.08235294117647059,-0.07241379310344828,0.08235294117647059,stable,1
RBA,2021-11-18,0.0,0.0,-0.08235294117647059,-0.07,0.08235294117647059,stable,2
RBA,2021-11-23,0.0,0.0,-0.07777777777777778,-0.06774193548387097,0.07777777777777778,stable,2
RBA,2021-11-24,0.0,0.0,-0.07368421052631578,-0.065625,0.07368421052631578,stable,2
RBA,2021-11-30,0.0,0.0,-0.06999999999999999,-0.07,0.06999999999999999,stable,2
RBA,2021-12-07,0.0,0.0,-0.03684210526315789,-0.07,0.03684210526315789,stable,2
RBA,2021-12-09,0.0,0.0,-0.03684210526315789,-0.06774193548387097,0.03684210526315789,stable,1
RBA,2021-12-16,0.0,0.0,0.03888888888888889,-0.06774193548387097,-0.03888888888888889,stable,3
RBA,2022-02-01,-0.7,-0.7,-0.05384615384615384,-0.08076923076923077,-0.6461538461538461,stable,2
RBA,2022-02-02,0.0,-0.35,-0.049999999999999996,-0.08076923076923077,-0.3,stable,1
RBA,2022-02-06,2.5359400011538504,0.6119800003846169,0.12239600007692336,0.016145925968661125,0.4895840003076935,stable,1
RBA,2022-02-11,-1.4,0.10898500028846264,0.031138571510989328,-0.03443071424450534,0.07784642877747332,stable,1
RBA,2022-02-13,-2.2,-0.35281199976922994,-0.13569692298816535,-0.10910551720159137,-0.2171150767810646,stable,1
RBA,2022-02-19,0.0,-0.2940099998076916,-0.1470049999038458,-0.10910551720159137,-0.1470049999038458,stable,1
RBA,2022-02-22,0.0,-0.25200857126373566,-0.16036909080419542,-0.10546866662820499,-0.09163948045954023,stable,1
RBA,2022-03-01,1.2,-0.07050749985576871,-0.05127818171328633,-0.06335677415632741,-0.019229318142482375,stable,2
RBA,2022-03-02,0.0,-0.06267333320512775,-0.0470049999038458,-0.06137687496394218,-0.015668333301281943,stable,1
RBA,2022-03-09,-0.7,-0.44285714285714295,-0.11491454534964997,-0.065468666628205,-0.327942597507493,stable,2
RBA,2022-03-11,0.0,-0.38750000000000007,-0.10533833323717913,-0.065468666628205,-0.28216166676282095,stable,1
RBA,2022-03-12,0.0,-0.3444444444444445,-0.09723538452662689,-0.06335677415632741,-0.2472090599178176,stable,1
RBA,2022-03-13,0.0,-0.18888888888888894,-0.09028999991758212,-0.01819548383374677,-0.09859888897130682,stable,1
RBA,2022-03-22,0.0,0.06249999999999997,-0.09028999991758212,-0.01819548383374677,0.15278999991758208,stable,1
RBA,2022-04-05,0.0,-0.1166666666666667,-0.0842706665897433,-0.04077612899503709,-0.03239600007692339,stable,2
RBA,2022-05-03,0.36323312532452035,0.18161656266226006,-0.01434477668011638,-0.03217238834005819,0.19596133934237644,stable,4
RBA,2022-05-13,0.0,0.18161656266226006,-0.10282822112888307,-0.0346471874431396,0.28444478379114313,stable,1
RBA,2022-05-23,0.0,0.12107770844150671,0.07847573866586548,-0.040946676069164974,0.042601969775641235,stable,1
RBA,2022-05-25,0.0,0.09080828133113003,0.07193609377704335,-0.03916638580528824,0.018872187554086678,stable,1
RBA,2022-06-05,0.0,0.0,-0.030615170425043612,-0.040946676069164974,0.030615170425043612,stable,1
RBA,2022-06-07,-0.19999999999999996,-0.040000000000000036,0.014839375029501844,-0.05003758516007406,-0.05483937502950188,stable,2
RBA,2022-06-14,0.0,-0.040000000000000036,0.018137013924946696,-0.05003758516007406,-0.05813701392494673,stable,1
RBA,2022-06-21,-3.250699332842307,-0.5751165554737179,-0.3430518008353097,-0.18919679158104072,-0.2320647546384082,stable,1
RBA,2022-06-24,0.0,-0.6901398665684615,-0.30874662075177867,-0.1813135919318307,-0.3813932458166828,stable,1
RBA,2022-07-05,0.0,-0.6901398665684615,-0.30874662075177867,-0.17406104825455745,-0.3813932458166828,stable,2
RBA,2022-07-09,0.0,-0.6501398665684615,-0.2806787461379806,-0.16736639255245908,-0.36946112043048085,stable,1
RBA,2022-07-14,0.0,-0.6501398665684615,-0.2572888506264822,-0.1611676372727384,-0.39285101594197924,stable,2
RBA,2022-07-17,0.0,-0.5417832221403845,-0.23749740057829127,-0.15541165022728345,-0.3042858215620933,stable,1
RBA,2022-07-19,0.0,-0.4643856189774725,-0.22053330053698475,-0.15005262780565298,-0.24385231844048774,stable,1
RBA,2022-07-20,0.0,-0.40633741660528844,-0.20583108050118576,-0.14505087354546456,-0.20050633610410268,stable,1
RBA,2022-08-02,0.0,0.0,-0.23004662218948713,-0.1259146967711702,0.23004662218948713,stable,3
RBA,2022-08-06,1.4,0.19999999999999998,-0.12816870830264418,-0.16508504163854434,0.32816870830264416,stable,1
RBA,2022-08-24,2.0,1.1333333333333333,-0.003621380917307634,0.03125129971085436,1.1369547142506409,hawkish acceleration,1
RBA,2022-09-06,-1.1094737505048093,0.44526312474759533,-0.07385946794977818,-0.033205831584274835,0.5191225926973735,stable,2
RBA,2022-09-07,0.0,0.29684208316506355,-0.06858379166765118,-0.033205831584274835,0.3654258748327147,stable,1
RBA,2022-09-08,0.0,0.22263156237379766,-0.06401153888980776,-0.033205831584274835,0.2866431012636054,stable,1
RBA,2022-09-11,0.0,0.17810524989903814,-0.06001081770919477,-0.033205831584274835,0.23811606760823292,stable,1
RBA,2022-09-16,0.0,0.14842104158253178,-0.06001081770919477,-0.03187759832090384,0.20843185929172656,stable,1
RBA,2022-09-19,0.0,0.1272180356421701,0.1431578905934494,-0.03187759832090384,-0.01593985495127931,stable,1
RBA,2022-09-21,-1.4,-0.06368421881310116,0.052383897029128865,-0.08449769069317677,-0.11606811584223002,stable,1
RBA,2022-09-28,0.0,-0.31368421881310116,0.052383897029128865,-0.08136814659342947,-0.36606811584223004,stable,1
RBA,2022-10-04,0.7264662506490407,-0.19811194442841873,0.09511720589083714,-0.054461989161983526,-0.2932291503192559,stable,2
RBA,2022-10-12,0.0,-0.11225562489182654,0.10106203125901446,-0.05251691812048411,-0.213317656150841,stable,2
RBA,2022-10-18,0.0,-0.11225562489182654,0.11549946429601653,-0.05070598990943294,-0.22775508918784307,stable,1
RBA,2022-10-24,0.0,0.14529325012980815,0.10779950000961543,-0.049015790245785174,0.03749375012019272,stable,1
RBA,2022-11-01,0.6,0.2652932501298081,0.14779950000961542,-0.04112356108993585,0.11749375012019267,stable,3
RBA,2022-11-03,0.0,0.12,0.13856203125901445,-0.03979699460316373,-0.018562031259014455,stable,1
RBA,2022-11-09,-1.4,-0.13333333333333333,-0.03643796874098554,-0.08495828492574437,-0.0968953645923478,stable,1
RBA,2022-11-22,0.0,-0.15999999999999998,-0.16143796874098554,-0.08779022775660252,0.0014379687409855624,stable,1
RBA,2022-11-29,0.0,-0.15999999999999998,-0.1519416176385746,-0.08495828492574437,-0.008058382361425365,stable,1
RBA,2022-11-30,0.0,-0.13333333333333333,-0.14350041665865382,-0.08230333852181486,0.010167083325320486,stable,1
RBA,2022-12-06,0.0,-0.27999999999999997,-0.08667845584417408,-0.07850667202251856,-0.1933215441558259,stable,2
RBA,2022-12-08,0.0,-0.2333333333333333,-0.08667845584417408,-0.07605333852181485,-0.14665487748915923,stable,1
RBA,2022-12-14,4.0,0.6666666666666666,0.14861566180288474,0.04894666147818515,0.5180510048637819,stable,1
RBA,2023-02-01,0.0,0.0,0.325,0.200708020839343,-0.325,stable,1
RBA,2023-02-07,0.20000000000000004,0.10000000000000002,0.525,0.150708020839343,-0.425,stable,2
RBA,2023-02-10,0.0,0.06666666666666668,0.4666666666666667,0.14467970000576927,-0.4,stable,1
RBA,2023-02-11,0.0,0.05000000000000001,0.42000000000000004,0.13911509615939355,-0.37000000000000005,stable,1
RBA,2023-02-12,0.0,0.04000000000000001,0.38181818181818183,0.13396268519052712,-0.3418181818181818,stable,1
RBA,2023-02-17,0.0,0.03333333333333334,0.35000000000000003,0.12917830357657972,-0.3166666666666667,stable,1
RBA,2023-02-23,0.0,0.028571428571428577,0.35000000000000003,0.05774973214800828,-0.32142857142857145,stable,1
RBA,2023-03-01,0.0,0.025000000000000005,0.38181818181818183,0.05575836207393903,-0.3568181818181818,stable,1
RBA,2023-03-05,0.0,0.025000000000000005,0.35000000000000003,0.09401607760858763,-0.325,stable,1
RBA,2023-03-07,4.201955000865388,0.4891061112072653,0.7001629167387824,0.24744361612551533,-0.21105680553151707,stable,2
RBA,2023-03-08,2.4,0.6801955000865387,0.9001629167387822,0.3216696983280838,-0.2199674166522435,stable,1
RBA,2023-03-20,0.0,1.1003258334775647,0.566829583405449,0.41263158659670884,0.5334962500721158,stable,1
RBA,2023-03-28,0.0,1.1003258334775647,0.5232273077588759,0.41263158659670884,0.5770985257186888,stable,1
RBA,2023-04-04,2.4,1.8003910001730774,0.6572825000618134,0.4769982692640534,1.143108500111264,hawkish acceleration,2
RBA,2023-04-05,2.4,1.9003258334775646,0.7734636667243592,0.548220555587607,1.1268621667532055,hawkish acceleration,1
RBA,2023-04-10,0.0,0.9599999999999997,0.7251221875540868,0.548220555587607,0.234877812445913,stable,1
RBA,2023-04-12,-1.2,0.6,0.611879705933258,0.48578410717376386,-0.011879705933258045,stable,1
RBA,2023-04-13,0.0,0.5142857142857142,0.577886388936966,0.4690329310643237,-0.06360067465125174,stable,1
RBA,2023-04-20,0.0,0.5142857142857142,0.5474713158350204,0.4690329310643237,-0.033185601549306165,stable,1
RBA,2023-05-02,2.1999999999999997,0.8285714285714285,0.663260789519231,0.5630353704024218,0.16531063905219756,stable,3
RBA,2023-05-03,0.0,0.725,0.6300977500432694,0.542926964316621,0.09490224995673058,stable,1
RBA,2023-05-24,0.0,0.7333333333333334,0.8267970000576926,0.6148872222542736,-0.09346366672435924,stable,1
RBA,2023-06-06,0.7000000000000001,0.35000000000000003,0.5416666666666666,0.7209147917027244,-0.1916666666666666,stable,2
RBA,2023-06-07,2.0,0.9,0.6538461538461539,0.7720782000346155,0.24615384615384617,stable,2
RBA,2023-06-20,0.8,0.875,0.7153846153846154,0.6440782000346155,0.1596153846153846,stable,2
RBA,2023-07-04,4.0019550008653875,1.8754887502163469,0.7729050000786715,0.7732273077588759,1.1025837501376754,hawkish acceleration,2
RBA,2023-07-09,0.0,1.6006516669551292,0.7729050000786715,0.7445892593233621,0.8277466668764577,stable,1
RBA,2023-07-12,4.4,2.300488750216347,1.4101955000865387,0.8751396429189563,0.8902932501298082,stable,1
RBA,2023-07-14,0.0,1.8403910001730774,1.2819959091695807,0.8449624138527854,0.5583950910034967,stable,2
RBA,2023-08-01,2.4,2.1603910001730773,1.5891061112072655,0.9277210345424405,0.5712848889658118,stable,2
RBA,2023-08-08,0.0,1.7000000000000002,1.430195500086539,0.9208244828183026,0.2698044999134612,stable,1
RBA,2023-08-11,0.43485155455967717,0.7087128886399192,1.3397096868568241,1.0051393168996465,-0.6309967982169049,stable,2
RBA,2023-08-29,0.0,0.7087128886399192,1.3397096868568241,1.085550462251618,-0.6309967982169049,stable,1
RBA,2023-09-05,1.7,0.5337128886399193,1.3736806555425065,0.9668176763228289,-0.8399677669025872,stable,2
RBA,2023-09-07,0.0,0.5337128886399193,1.2488005959477333,0.9265336064760444,-0.715087707307814,stable,1
RBA,2023-10-03,2.4,1.3666666666666665,1.1334851554559677,0.944609835972622,0.23318151121069874,stable,2
RBA,2023-10-10,0.0,1.2,0.7705390616177419,1.1072003450223717,0.4294609383822581,stable,1
RBA,2023-10-11,2.4,1.5999999999999999,0.9334851554559677,1.1718403277712532,0.6665148445440322,stable,1
RBA,2023-10-14,0.0,1.2,0.9334851554559677,1.1160384074011935,0.2665148445440323,stable,2
RBA,2023-10-16,0.0,0.96,0.8486228685963343,1.0653093888829575,0.11137713140366567,stable,1
RBA,2023-10-18,0.0,0.7999999999999999,0.7779042962133064,1.0653093888829575,0.022095703786693566,stable,2
RBA,2023-10-24,0.0,0.6857142857142857,0.7180655041968982,1.018991589366307,-0.032351218482612465,stable,1
RBA,2023-10-31,2.0,0.85,0.6872962734276674,1.0562184797920484,0.16270372657233256,stable,1
RBA,2023-11-03,0.0,0.55,0.6382036824685483,1.010295937192394,-0.08820368246854826,stable,1
RBA,2023-11-07,2.6,0.7777777777777778,0.823917968182834,1.0765336064760442,-0.046140190405056236,stable,2
RBA,2023-11-11,0.0,0.575,0.7928571428571428,1.0334722622170025,-0.21785714285714286,stable,1
RBA,2023-11-13,0.0,0.575,0.74,0.9937233290548101,-0.16500000000000004,stable,1
RBA,2023-11-21,-0.6,0.5714285714285714,0.65625,0.9706464059778871,-0.0848214285714286,stable,2
RBA,2023-11-22,0.0,0.5,0.6176470588235294,0.9346965390898172,-0.11764705882352944,stable,1
RBA,2023-11-28,0.0,0.5,0.6176470588235294,0.9013145198366095,-0.11764705882352944,stable,1
RBA,2023-12-01,0.0,0.25000000000000006,0.5833333333333334,0.8702347088077609,-0.3333333333333333,stable,1
RBA,2023-12-05,2.4,0.55,0.6222222222222222,0.8906002341223237,-0.07222222222222219,stable,2
RBA,2023-12-08,0.0,0.22500000000000003,0.6222222222222222,0.859889881221554,-0.3972222222222222,stable,1
RBA,2023-12-12,2.0,0.47500000000000003,0.6947368421052631,0.8978935518475022,-0.21973684210526306,stable,1
RBA,2023-12-14,0.0,0.47500000000000003,0.6599999999999999,0.8689292437233892,-0.1849999999999999,stable,1
RBA,2024-02-06,0.5,0.5,0.3909090909090909,0.633394062182387,0.10909090909090913,stable,4
RBA,2024-02-09,0.0,0.25,0.3909090909090909,0.616,-0.14090909090909087,stable,1
RBA,2024-02-12,0.0,0.16666666666666666,0.3909090909090909,0.5923076923076922,-0.22424242424242422,stable,1
RBA,2024-02-13,0.0,0.125,0.35833333333333334,0.5703703703703703,-0.23333333333333334,stable,1
RBA,2024-03-09,0.0,0.0,0.35714285714285715,0.5479999999999999,-0.35714285714285715,stable,1
RBA,2024-03-11,0.0,0.0,0.07142857142857142,0.5269230769230769,-0.07142857142857142,stable,1
RBA,2024-03-12,0.0,0.0,0.0625,0.5074074074074074,-0.0625,stable,1
RBA,2024-03-19,1.3333333333333333,0.3333333333333333,0.22916666666666666,0.5369047619047619,0.10416666666666666,stable,3
RBA,2024-03-26,0.0,0.26666666666666666,0.2037037037037037,0.5183908045977011,0.06296296296296297,stable,1
RBA,2024-04-02,0.0,0.2222222222222222,0.18333333333333332,0.435632183908046,0.03888888888888889,stable,1
RBA,2024-04-04,0.0,0.19047619047619047,0.16666666666666666,0.4211111111111111,0.023809523809523808,stable,1
RBA,2024-04-13,0.0,0.26666666666666666,0.15277777777777776,0.3790123456790124,0.1138888888888889,stable,1
RBA,2024-05-07,2.533333333333333,1.2666666666666666,0.3222222222222222,0.3550724637681159,0.9444444444444444,stable,3
RBA,2024-05-16,0.0,1.2666666666666666,0.3866666666666666,0.37121212121212116,0.88,stable,1
RBA,2024-05-28,0.0,0.8444444444444444,0.3515151515151515,0.4383333333333333,0.49292929292929294,stable,1
RBA,2024-05-30,1.6,1.0333333333333332,0.45555555555555555,0.5183333333333333,0.5777777777777777,stable,1
RBA,2024-06-07,1.6,0.8,0.5888888888888889,0.5035087719298246,0.21111111111111114,stable,1
RBA,2024-06-11,0.0,0.64,0.6424242424242425,0.4203703703703704,-0.00242424242424244,stable,1
RBA,2024-06-18,3.9679700005769254,1.433594000115385,0.8819366667191144,0.6070861403812418,0.5516573333962707,stable,4
RBA,2024-06-26,3.2,1.7279950000961541,1.1728457576282054,0.7367318333621796,0.5551492424679487,stable,1
RBA,2024-06-27,0.0,1.7279950000961541,1.0751086111591883,0.7016493651068377,0.6528863889369658,stable,1
RBA,2024-07-08,0.0,1.433594000115385,1.1728457576282054,0.669756212147436,0.26074824248717965,stable,1
RBA,2024-07-12,1.6,1.7535940001153851,1.318300303082751,0.7102015942279823,0.4352936970326342,stable,1
RBA,2024-08-06,3.9572933341025673,1.8524311113675225,1.4477512122435903,0.8605186957107026,0.4046798991239322,stable,3
RBA,2024-08-08,1.4,2.3190977780341893,1.4437719445566246,0.921388260928094,0.8753258334775647,stable,1
RBA,2024-08-12,-0.7,1.5524311113675227,1.278866410359961,0.9314513636975527,0.2735647010075617,stable,2
RBA,2024-08-16,6.652932501298082,2.8275564588501627,1.790630448921352,1.1802114131584454,1.0369260099288107,hawkish acceleration,1
RBA,2024-08-30,0.0,2.2620451670801303,1.806516319664798,1.1310359376101768,0.4555288474153323,stable,1
RBA,2024-09-05,4.0189475010096185,2.2743760004615403,2.008095278082266,1.2984920834855775,0.26628072237927425,stable,1
RBA,2024-09-11,-0.6,2.517970000576925,1.958095278082266,1.3288613045066895,0.5598747224946592,stable,2
RBA,2024-09-18,0.0,0.8547368752524046,1.6274311113675222,1.270890290013936,-0.7726942361151176,stable,1
RBA,2024-09-24,4.206315833669874,1.5250526669358984,1.7112907641733452,1.4537735871300175,-0.1862380972374469,stable,3
RBA,2024-10-08,0.0,0.9015789584174685,1.8668626518254676,1.5198542047268366,-0.9652836934079991,stable,1
RBA,2024-10-09,-2.2189475010096187,0.2774736665320511,1.5263784724225438,1.3572976088252515,-1.2489048058904926,dovish acceleration,1
RBA,2024-10-10,0.0,0.23122805544337588,1.3930451390892102,1.3572976088252515,-1.1618170836458344,dovish acceleration,1
RBA,2024-10-12,0.0,0.3312280554433759,1.2858878206977324,1.300743541790866,-0.9546597652543565,stable,1
RBA,2024-10-13,1.6,0.5124811903800365,1.308324404933609,1.3127138001192313,-0.7958432145535724,stable,1
RBA,2024-10-16,0.0,0.44842104158253193,1.221102777938035,1.2622248078069531,-0.7726817363555031,stable,1
RBA,2024-10-21,0.0,0.44842104158253193,1.1447838543169078,1.21547574085114,-0.6963628127343758,stable,1
RBA,2024-11-05,1.8497668890525645,0.1538524235053683,1.0130634515012826,1.1901584651370374,-0.8592110279959143,stable,3
RBA,2024-11-08,0.0,0.4928238412932236,0.9255634515012826,1.1476528056678574,-0.432739610208059,stable,1
RBA,2024-11-11,2.4,0.9749611481754276,1.1193134515012826,1.190837191679311,-0.14435230332585502,stable,1
RBA,2024-11-14,2.2189475010096187,1.078119065010364,0.8421893889832536,1.267352622748608,0.23592967602711046,stable,1
RBA,2024-11-15,-1.4,0.8447857316770307,0.7102958955136504,1.1784408686569878,0.1344898361633804,stable,1
RBA,2024-11-18,0.0,0.7241020557231692,0.6708350124295587,1.1404266470874076,0.05326704329361054,stable,1
RBA,2024-11-21,0.0,0.7241020557231691,0.6355279065122135,1.104788314365926,0.08857414921095563,stable,1
RBA,2024-11-28,-1.4,0.45858929875777293,0.5618436959858978,1.0436524535390204,-0.10325439722812485,stable,1
RBA,2024-12-02,0.0,0.4076349322291315,0.5337515111866029,1.011038314365926,-0.12611657895747141,stable,1
RBA,2024-12-10,1.006315833669873,0.3531579168349366,0.4348630819153848,1.0245013513993388,-0.08170516508044823,stable,3
RBA,2024-12-11,0.0,0.053157916834936564,0.41311992781961554,0.9924856841681096,-0.35996201098467895,stable,1
RBA,2024-12-12,1.0,0.15836259274216583,0.4410665979234434,0.9927133907084699,-0.2827040051812776,stable,2
RBA,2024-12-13,0.0,0.14252633346794924,0.4210181161996505,0.9635159380405737,-0.2784917827317013,stable,1
RBA,2025-01-30,0.0,0.0,0.4053593016951469,0.7997190630934193,-0.4053593016951469,stable,1
RBA,2025-02-05,1.6,0.8,0.3875188096199637,0.6977337434034487,0.41248119038003633,stable,1
RBA,2025-02-18,1.2176441670993605,0.9392147223664535,0.3423960000769234,0.5535353651607604,0.5968187222895301,stable,3
RBA,2025-02-20,0.0,0.7044110417748402,0.3423960000769234,0.5344479387759066,0.36201504169791676,stable,1
RBA,2025-02-21,0.0,0.5635288334198721,0.3112690909790212,0.5166330074833764,0.2522597424408509,stable,1
RBA,2025-02-25,0.0,0.46960736118322677,0.2853300000641028,0.49996742659681587,0.18427736111912396,stable,1
RBA,2025-02-27,0.0,0.40252059529990863,0.40199666673076945,0.49996742659681587,0.0005239285691391871,stable,1
RBA,2025-03-05,0.0,0.40252059529990863,0.40199666673076945,0.370323958822312,0.0005239285691391871,stable,1
RBA,2025-03-09,0.0,0.17394916672848007,0.3710738462130179,0.3587513351091148,-0.19712467948453785,stable,1
RBA,2025-03-10,0.0,0.15220552088742006,0.2936649359307201,0.37750133510911477,-0.1414594150433,stable,1
RBA,2025-03-13,0.0,0.13529379634437338,0.25614946973630554,0.36606190071186884,-0.12085567339193215,stable,1
RBA,2025-03-14,0.0,0.12176441670993605,0.23480368059161338,0.3552953742203433,-0.11303926388167733,stable,2
RBA,2025-03-18,-4.650699332842307,-0.31209592415844967,-0.14100424351868818,0.2185100997249813,-0.1710916806397615,stable,1
RBA,2025-03-25,0.0,-0.5167443703158119,-0.13093251183878188,0.09479492814645563,-0.38581185847703003,stable,1
RBA,2025-04-01,-0.8792983340064123,-0.6912497083560899,-0.18082356664995725,0.06696369208494511,-0.5104261417061327,stable,3
RBA,2025-04-02,0.0,-0.6144441852054132,-0.1695220937343349,0.06510358952702996,-0.4449220914710783,stable,1
RBA,2025-04-10,0.0,-0.7899996666926742,-0.15955020586760932,0.1382629310297787,-0.6304494608250648,stable,1
RBA,2025-04-29,0.0,-0.21982458350160308,-0.15068630554163104,0.09557021690266766,-0.06913827795997204,stable,1
RBA,2025-05-20,-1.6729825003365395,-0.8364912501682698,-0.45018626044907867,-0.15116080665664103,-0.3863049897191911,stable,3
RBA,2025-05-22,0.0,-0.5576608334455132,-0.4801986778123506,-0.14534692947753944,-0.07746215563316261,stable,1
RBA,2025-06-02,0.0,-0.5576608334455132,-0.5144985833703756,-0.09516080665664102,-0.04316225007513763,stable,1
RBA,2025-06-03,0.0,-0.4182456250841349,-0.5144985833703756,-0.0915007756313856,0.0962529582862407,stable,1
RBA,2025-06-12,0.0,-0.3345965000673079,-0.6548163788350235,-0.19066678261243036,0.3202198787677156,stable,1
RBA,2025-07-08,-0.9333333333333332,-0.4666666666666666,-0.3257894792087341,-0.22161122222580132,-0.14087718745793254,stable,3
RBA,2025-07-09,0.0,-0.31111111111111106,-0.3257894792087341,-0.21274677333676928,0.014678368097623018,stable,1
RBA,2025-07-11,0.0,-0.2333333333333333,-0.2895906481855414,-0.2045642051315089,0.05625731485220811,stable,1
RBA,2025-07-24,0.0,-0.2333333333333333,-0.2606315833669873,-0.19698775308960118,0.027298250033653965,stable,1
RBA,2025-07-31,0.0,-0.18666666666666665,-0.2606315833669873,-0.19698775308960118,0.07396491670032063,stable,1
RBA,2025-08-04,0.0,-0.15555555555555553,-0.2369378030608975,-0.25624701234886044,0.08138224750534198,stable,1
RBA,2025-08-08,0.0,0.0,-0.21719298613915605,-0.24709533333640116,0.21719298613915605,stable,1
RBA,2025-08-12,-1.083566444280769,-0.21671328885615382,-0.28383709830389553,-0.2759391647482759,0.06712380944774171,stable,3
RBA,2025-09-03,0.0,-0.3611888147602564,-0.20168997776141023,-0.38416166436664007,-0.15949883699884615,stable,1
RBA,2025-09-07,0.0,-0.3611888147602564,-0.18335452523764567,-0.4008643454260592,-0.1778342895226107,stable,1
RBA,2025-09-12,0.0,0.0,-0.18335452523764567,-0.41908545203633457,0.18335452523764567,stable,2
RBA,2025-09-14,0.0,0.0,-0.16807498146784186,-0.20769002781622978,0.16807498146784186,stable,2
RBA,2025-09-16,0.0,0.0,-0.15514613673954633,-0.1986600266068285,0.15514613673954633,stable,2
RBA,2025-09-17,0.0,0.0,-0.14406426982957873,-0.19038252549821064,0.14406426982957873,stable,1
RBA,2025-09-22,0.0,0.0,-0.1344599851742735,-0.19038252549821064,0.1344599851742735,stable,1
RBA,2025-09-30,-1.206315833669873,-0.15078947920873412,-0.20145097570524845,-0.21287817876610937,0.05066149649651433,stable,3
RBA,2025-10-03,0.0,-0.15078947920873412,-0.18960091831082207,-0.20400825465085481,0.03881143910208795,stable,1
RBA,2025-10-10,0.0,-0.15078947920873412,-0.15265881853004284,-0.20400825465085481,0.0018693393213087273,stable,1
RBA,2025-10-11,-2.2189475010096187,-0.38058481496438795,-0.2818018611850163,-0.2846058245052054,-0.09878295377937163,stable,1
RBA,2025-10-14,0.0,-0.4281579168349364,-0.26522528111530946,-0.27365944663962055,-0.16293263571962696,stable,2
RBA,2025-10-15,0.0,-0.38058481496438795,-0.2504905432755701,-0.2635239115788939,-0.13009427168881788,stable,1
RBA,2025-10-16,0.0,-0.38058481496438795,-0.2373068304715927,-0.2541123433082191,-0.14327798449279525,stable,2
RBA,2025-10-21,0.0,-0.38058481496438795,-0.22544148894801305,-0.24534984871138393,-0.1551433260163749,stable,1
RBA,2025-10-24,0.0,-0.38058481496438795,-0.22544148894801305,-0.23717152042100448,-0.1551433260163749,stable,1
RBA,2025-10-27,0.0,-0.34252633346794914,-0.21470617995048863,-0.23717152042100448,-0.1278201535174605,stable,1
RBA,2025-11-04,-1.0,-0.3576608334455132,-0.27544148894801307,-0.2617788907300043,-0.08221934449750012,stable,3
RBA,2025-11-09,0.0,-0.3576608334455132,-0.27544148894801307,-0.25359830039469167,-0.08221934449750012,stable,1
RBA,2025-11-10,0.0,-0.1111111111111111,-0.22126316673397461,-0.24591350341303433,0.11015205562286351,stable,1
RBA,2025-11-12,0.0,-0.1,-0.2107268254609282,-0.23868075331265098,0.11072682546092819,stable,2
RBA,2025-11-14,0.0,-0.1111111111111111,-0.20114833339452237,-0.2318613032180038,0.09003722228341127,stable,3
RBA,2025-11-20,-1.4,-0.3,-0.2532723188991084,-0.23065185624392925,-0.046727681100891594,stable,1
RBA,2025-11-26,0.0,-0.34285714285714286,-0.24271930561164554,-0.2240618032083884,-0.10013783724549732,stable,1
RBA,2025-12-09,-1.5502331109474357,-0.4917055184912393,-0.3206737585055186,-0.2846180673709403,-0.17103175998572068,stable,3
RBA,2025-12-15,0.0,-0.7375582777368589,-0.3512141164584251,-0.27624694774238323,-0.3863441612784338,stable,1
RBA,2025-12-16,0.0,-0.5900466221894871,-0.3512141164584251,-0.2683541778068866,-0.23883250573106202,stable,2
RBA,2026-01-08,0.0,0.0,-0.3427322562198364,-0.256335239088112,0.3427322562198364,stable,1
RBA,2026-02-03,0.13333333333333344,0.06666666666666672,-0.25608179796491837,-0.26857192117981815,0.3227484646315851,stable,3
RBA,2026-02-04,0.0,0.04444444444444448,-0.2347416481345085,-0.26857192117981815,0.279186092578953,stable,1
RBA,2026-02-06,0.0,0.03333333333333336,-0.21668459827800787,-0.26017904864294883,0.2500179316113412,stable,1
RBA,2026-02-11,-1.6,-0.36666666666666664,-0.4015363434194638,-0.2763175972591748,0.034869676752797174,stable,1
RBA,2026-02-12,0.0,-0.29333333333333333,-0.4015363434194638,-0.2679443367361695,0.10820301008613048,stable,1
RBA,2026-02-13,0.0,-0.24444444444444444,-0.36807498146784184,-0.2600636209498116,0.12363053702339741,stable,1
RBA,2026-02-24,0.8453133337179501,-0.08876476184981663,-0.19741694944510477,-0.2284814222450184,0.10865218759528814,stable,3
RBA,2026-02-25,0.0,-0.07766916661858955,-0.18096553699134602,-0.22213471607154567,0.10329637037275646,stable,1
RBA,2026-03-02,0.0,-0.06903925921652404,-0.1670451110689348,-0.22213471607154567,0.09800585185241076,stable,1
RBA,2026-03-03,-1.4,-0.2021353332948716,-0.2551133174211537,-0.2539689129344769,0.052977984126282074,stable,1
RBA,2026-03-07,0.0,-0.23940962958689443,-0.2381057629264101,-0.2539689129344769,-0.0013038666604843208,stable,1
RBA,2026-03-09,0.0,-0.23940962958689443,-0.13475688886324774,-0.24728552048883276,-0.10465274072364669,stable,1
RBA,2026-03-10,0.0,-0.215468666628205,-0.12633458330929476,-0.2409448661173242,-0.08913408331891023,stable,2
RBA,2026-03-13,0.0,-0.055468666628204974,-0.11890313723227741,-0.24728552048883276,0.06343447060407244,stable,1
RBA,2026-03-14,0.0,-0.055468666628204974,-0.11229740738603979,-0.2409448661173242,0.05682874075783481,stable,3
RBA,2026-03-17,0.9283208335737188,0.0373634167291669,-0.06429602937499986,-0.2228560248684717,0.10165944610416675,stable,3
RBA,2026-03-25,0.0,0.03396674248106082,-0.06072402774305542,-0.2228560248684717,0.09469077022411623,stable,1
RBA,2026-03-26,2.4,0.17530189396124715,0.0687877631907896,-0.15560330628210065,0.10651413077045756,stable,1
RBA,2026-04-14,-1.4,0.4820802083934297,-0.004896447335526188,-0.12252320031280103,0.4869766557289559,stable,1
RBA,2026-04-16,0.0,0.25,-0.004651624968749879,-0.11891957677418924,0.2546516249687499,stable,1
RBA,2026-04-17,0.0,0.2,-0.004430119017857027,-0.11552187458064098,0.20443011901785704,stable,1
RBA,2026-05-05,0.0666666666666668,-0.33333333333333326,-0.007984958302083211,-0.09301871698924272,-0.32534837503125,stable,3
RBA,2026-05-11,0.0,-0.2666666666666666,-0.007984958302083211,-0.09921996478852556,-0.2586817083645834,stable,1
RBA,2026-05-19,0.0,0.022222222222222268,0.08001671299768533,-0.054365480815716107,-0.05779449077546306,stable,2
RBA,2026-05-27,0.0,0.0166666666666667,0.03499926472002269,-0.054365480815716107,-0.01833259805335599,stable,1
RBA,2026-06-02,0.0,0.01333333333333336,0.1246867187650241,-0.0525532981218589,-0.11135338543169074,stable,1
RBNZ,2021-02-10,2.4,2.4,2.4,2.4,0.0,stable,1
RBNZ,2021-02-23,0.0,1.2,1.2,1.2,0.0,stable,1
RBNZ,2021-03-04,0.0,0.7999999999999999,0.7999999999999999,0.7999999999999999,0.0,stable,1
RBNZ,2021-05-06,0.0,0.0,0.6,0.6,-0.6,stable,1
RBNZ,2021-05-25,0.0,0.0,0.0,0.48,0.0,stable,1
RBNZ,2021-06-02,0.0,0.0,0.0,0.39999999999999997,0.0,stable,1
RBNZ,2021-06-29,0.0,0.0,0.0,0.34285714285714286,0.0,stable,1
RBNZ,2021-08-17,0.0,0.0,0.0,0.0,0.0,stable,1
RBNZ,2021-09-21,-1.4,-1.4,-0.4666666666666666,-0.2333333333333333,-0.9333333333333333,stable,1
RBNZ,2021-10-14,0.0,-0.7,-0.4666666666666666,-0.19999999999999998,-0.23333333333333334,stable,1
RBNZ,2021-11-02,0.0,0.0,-0.35,-0.19999999999999998,0.35,stable,1
RBNZ,2021-11-23,2.2,1.1,0.20000000000000007,0.11428571428571432,0.9,stable,1
RBNZ,2021-12-07,0.0,1.1,0.16000000000000006,0.11428571428571432,0.9400000000000001,stable,1
RBNZ,2021-12-15,0.0,0.7333333333333334,0.1333333333333334,0.10000000000000003,0.6,stable,1
RBNZ,2022-02-08,0.0,0.0,0.55,0.10000000000000003,-0.55,stable,1
RBNZ,2022-02-22,1.0000000000000004,0.5000000000000002,0.2500000000000001,0.2250000000000001,0.2500000000000001,stable,1
RBNZ,2022-02-25,0.0,0.3333333333333335,0.2000000000000001,0.20000000000000007,0.1333333333333334,stable,1
RBNZ,2022-04-27,0.0,0.0,0.2500000000000001,0.4000000000000001,-0.2500000000000001,stable,1
RBNZ,2022-05-24,-2.6,-1.3,-0.8666666666666667,-0.2285714285714285,-0.43333333333333335,stable,1
RBNZ,2022-06-12,0.0,-1.3,-0.8666666666666667,-0.2285714285714285,-0.43333333333333335,stable,1
RBNZ,2022-06-29,0.0,0.0,-0.65,-0.2285714285714285,0.65,stable,1
RBNZ,2022-08-16,-0.3999999999999994,-0.3999999999999994,-0.7499999999999999,-0.2857142857142856,0.3500000000000005,stable,1
RBNZ,2022-09-06,0.0,-0.1999999999999997,-0.09999999999999985,-0.49999999999999994,-0.09999999999999985,stable,1
RBNZ,2022-09-18,0.0,0.0,-0.09999999999999985,-0.4285714285714285,0.09999999999999985,stable,1
RBNZ,2022-09-21,0.0,0.0,-0.07999999999999988,-0.37499999999999994,0.07999999999999988,stable,1
RBNZ,2022-10-26,0.0,0.0,-0.07999999999999988,-0.37499999999999994,0.07999999999999988,stable,1
RBNZ,2022-11-08,0.0,0.0,-0.06666666666666657,-0.33333333333333326,0.06666666666666657,stable,1
RBNZ,2022-11-22,0.0,0.0,0.0,-0.04444444444444438,0.0,stable,1
RBNZ,2022-11-23,0.0,0.0,0.0,-0.03999999999999994,0.0,stable,1
RBNZ,2023-02-21,-1.2,-1.2,-1.2,-0.15,0.0,stable,1
RBNZ,2023-03-23,0.0,0.0,-0.6,-0.19999999999999998,0.6,stable,1
RBNZ,2023-05-23,3.3999999999999995,3.3999999999999995,1.6999999999999997,0.7333333333333331,1.6999999999999997,hawkish acceleration,1
RBNZ,2023-06-12,0.0,1.6999999999999997,1.133333333333333,0.5499999999999998,0.5666666666666667,stable,1
RBNZ,2023-06-30,0.0,0.0,1.133333333333333,0.43999999999999984,-1.133333333333333,dovish acceleration,1
RBNZ,2023-08-15,2.4,2.4,1.4499999999999997,0.7666666666666666,0.9500000000000002,stable,1
RBNZ,2023-09-07,0.0,1.2,0.6,0.9666666666666665,0.6,stable,1
RBNZ,2023-11-28,1.267970000576926,1.267970000576926,0.633985000288463,0.7335940001153852,0.633985000288463,stable,1
RBNZ,2024-02-27,-2.231751831832688,-2.231751831832688,-2.231751831832688,-0.32126061041858733,0.0,stable,1
RBNZ,2024-05-22,0.3,0.3,-0.965875915916344,-0.22126061041858733,1.265875915916344,hawkish acceleration,1
RBNZ,2024-08-14,-0.7130824984134558,-0.7130824984134558,-0.2065412492067279,-0.8816114434153812,-0.5065412492067279,stable,1
RBNZ,2024-11-27,2.498044999134613,2.498044999134613,2.498044999134613,0.8924812503605785,0.0,stable,1
RBNZ,2025-02-18,-1.218947501009619,-1.218947501009619,0.639548749062497,0.6395487490624968,-1.858496250072116,dovish acceleration,1
RBNZ,2025-04-14,0.0,0.0,-0.6094737505048095,0.4263658327083312,0.6094737505048095,stable,1
RBNZ,2025-05-27,0.5810524989903811,0.5810524989903811,0.29052624949519057,-0.21263166733974592,0.29052624949519057,stable,1
RBNZ,2025-06-25,0.0,0.29052624949519057,0.19368416633012706,-0.15947375050480944,0.09684208316506351,stable,1
RBNZ,2025-08-19,-1.450699332842307,-1.450699332842307,-0.289882277950642,-0.21741170846298147,-1.160817054891665,dovish acceleration,1
RBNZ,2025-09-10,0.0,-0.7253496664211535,-0.483566444280769,-0.17392936677038517,-0.2417832221403845,stable,1
RBNZ,2025-10-15,0.0,0.0,-0.483566444280769,-0.17392936677038517,0.483566444280769,stable,1
RBNZ,2025-10-29,0.0,0.0,-0.36267483321057675,-0.144941138975321,0.36267483321057675,stable,2
RBNZ,2025-11-26,0.4000000000000001,0.20000000000000004,0.10000000000000002,-0.17511655547371782,0.10000000000000002,stable,1
RBNZ,2025-12-18,0.0,0.20000000000000004,0.10000000000000002,-0.15009990469175813,0.10000000000000002,stable,1
RBNZ,2026-02-18,-4.120902501875007,-4.120902501875007,-1.240300833958336,-0.6201504169791678,-2.8806016679166717,dovish acceleration,1
RBNZ,2026-02-20,0.0,-2.0604512509375037,-0.9302256254687519,-0.5315575002678582,-1.1302256254687517,dovish acceleration,1
RBNZ,2026-03-19,0.0,-1.3736341672916692,-1.3736341672916692,-0.5315575002678582,0.0,stable,1
RBNZ,2026-03-24,2.2189475010096187,1.1094737505048093,-0.4754887502163472,-0.18774437510817354,1.5849625007211565,hawkish acceleration,1
RBNZ,2026-03-25,0.0,0.7396491670032063,-0.38039100017307775,-0.16688388898504314,1.120040167176284,hawkish acceleration,1
RBNZ,2026-05-26,0.4206806095520488,0.4206806095520488,0.6599070276404169,-0.2116106273304771,-0.2392264180883681,stable,1
RIKSBANK,2021-06-01,0.0,0.0,0.0,0.0,0.0,stable,20
RIKSBANK,2022-06-01,0.0,0.0,0.0,0.0,0.0,stable,21
RIKSBANK,2023-06-01,0.049999999999999996,0.049999999999999996,0.049999999999999996,0.049999999999999996,0.0,stable,28
RIKSBANK,2024-06-01,0.092,0.092,0.092,0.092,0.0,stable,50
RIKSBANK,2025-06-01,0.41102493423709524,0.41102493423709524,0.41102493423709524,0.41102493423709524,0.0,stable,38
RIKSBANK,2026-06-01,0.0,0.0,0.0,0.0,0.0,stable,2
SNB,2021-04-15,0.0,0.0,0.0,0.0,0.0,stable,1
SNB,2021-04-30,0.0,0.0,0.0,0.0,0.0,stable,2
SNB,2021-06-17,0.0,0.0,0.0,0.0,0.0,stable,3
SNB,2021-08-31,0.0,0.0,0.0,0.0,0.0,stable,1
SNB,2021-09-23,0.0,0.0,0.0,0.0,0.0,stable,1
SNB,2021-11-11,0.0,0.0,0.0,0.0,0.0,stable,1
SNB,2021-12-16,0.0,0.0,0.0,0.0,0.0,stable,3
SNB,2022-03-29,0.0,0.0,0.0,0.0,0.0,stable,1
SNB,2022-03-31,0.0,0.0,0.0,0.0,0.0,stable,1
SNB,2022-04-29,0.7,0.35,0.2333333333333333,0.13999999999999999,0.11666666666666667,stable,2
SNB,2022-06-16,0.0,0.0,0.175,0.175,-0.175,stable,3
SNB,2022-08-27,0.0,0.0,0.0,0.13999999999999999,0.0,stable,1
SNB,2022-09-13,0.0,0.0,0.0,0.11666666666666665,0.0,stable,1
SNB,2022-09-22,0.0,0.0,0.0,0.09999999999999999,0.0,stable,4
SNB,2022-09-23,0.0,0.0,0.0,0.0875,0.0,stable,1
SNB,2022-10-11,0.0,0.0,0.0,0.09999999999999999,0.0,stable,1
SNB,2022-11-08,0.0,0.0,0.0,0.0,0.0,stable,1
SNB,2022-11-17,0.0,0.0,0.0,0.0,0.0,stable,1
SNB,2022-11-29,0.0,0.0,0.0,0.0,0.0,stable,1
SNB,2022-12-15,0.0,0.0,0.0,0.0,0.0,stable,3
SNB,2023-03-23,0.0,0.0,0.0,0.0,0.0,stable,1
SNB,2023-03-30,0.0,0.0,0.0,0.0,0.0,stable,1
SNB,2023-04-28,0.0,0.0,0.0,0.0,0.0,stable,2
SNB,2023-06-22,0.0,0.0,0.0,0.0,0.0,stable,1
SNB,2023-09-21,0.0,0.0,0.0,0.0,0.0,stable,1
SNB,2023-09-28,0.0,0.0,0.0,0.0,0.0,stable,1
SNB,2023-11-01,0.0,0.0,0.0,0.0,0.0,stable,1
SNB,2023-11-09,0.0,0.0,0.0,0.0,0.0,stable,2
SNB,2023-11-14,0.0,0.0,0.0,0.0,0.0,stable,1
SNB,2023-11-18,0.0,0.0,0.0,0.0,0.0,stable,1
SNB,2023-12-14,0.0,0.0,0.0,0.0,0.0,stable,1
SNB,2024-03-21,0.0,0.0,0.0,0.0,0.0,stable,1
SNB,2024-04-08,0.0,0.0,0.0,0.0,0.0,stable,1
SNB,2024-04-09,0.0,0.0,0.0,0.0,0.0,stable,1
SNB,2024-04-18,0.0,0.0,0.0,0.0,0.0,stable,1
SNB,2024-04-26,0.0,0.0,0.0,0.0,0.0,stable,2
SNB,2024-05-06,0.0,0.0,0.0,0.0,0.0,stable,1
SNB,2024-05-30,0.0,0.0,0.0,0.0,0.0,stable,1
SNB,2024-06-20,0.0,0.0,0.0,0.0,0.0,stable,1
SNB,2024-09-26,0.0,0.0,0.0,0.0,0.0,stable,1
SNB,2024-10-03,0.0,0.0,0.0,0.0,0.0,stable,1
SNB,2024-10-30,0.0,0.0,0.0,0.0,0.0,stable,1
SNB,2024-11-21,0.0,0.0,0.0,0.0,0.0,stable,1
SNB,2024-11-22,0.0,0.0,0.0,0.0,0.0,stable,1
SNB,2024-12-12,0.0,0.0,0.0,0.0,0.0,stable,1
SNB,2025-03-20,0.0,0.0,0.0,0.0,0.0,stable,1
SNB,2025-04-10,0.0,0.0,0.0,0.0,0.0,stable,1
SNB,2025-04-25,0.0,0.0,0.0,0.0,0.0,stable,2
SNB,2025-04-29,0.0,0.0,0.0,0.0,0.0,stable,1
SNB,2025-06-06,0.0,0.0,0.0,0.0,0.0,stable,1
SNB,2025-06-19,0.0,0.0,0.0,0.0,0.0,stable,1
SNB,2025-09-10,0.0,0.0,0.0,0.0,0.0,stable,1
SNB,2025-09-25,-1.4,-0.7,-0.7,-0.19999999999999998,0.0,stable,1
SNB,2025-09-30,0.0,-0.4666666666666666,-0.4666666666666666,-0.175,0.0,stable,2
SNB,2025-10-02,0.0,-0.35,-0.35,-0.15555555555555556,0.0,stable,1
SNB,2025-10-22,0.0,-0.35,-0.27999999999999997,-0.175,-0.07,stable,1
SNB,2025-10-24,0.0,-0.27999999999999997,-0.2333333333333333,-0.15555555555555556,-0.04666666666666666,stable,1
SNB,2025-11-04,0.0,0.0,-0.19999999999999998,-0.15555555555555556,0.19999999999999998,stable,1
SNB,2025-11-05,0.0,0.0,-0.175,-0.13999999999999999,0.175,stable,1
SNB,2025-11-12,0.0,0.0,-0.15555555555555556,-0.12727272727272726,0.15555555555555556,stable,1
SNB,2025-11-13,0.0,0.0,-0.13999999999999999,-0.11666666666666665,0.13999999999999999,stable,1
SNB,2025-11-21,0.0,0.0,-0.12727272727272726,-0.10769230769230768,0.12727272727272726,stable,2
SNB,2025-11-22,0.0,0.0,-0.11666666666666665,-0.09999999999999999,0.11666666666666665,stable,1
SNB,2025-12-11,-1.4,-0.27999999999999997,-0.2333333333333333,-0.19999999999999998,-0.04666666666666666,stable,1
