bank,meeting_date,meeting_id,decision,rate_change_bps,policy_rate_after,confidence,extraction_method,source_title,notes,text_excerpt
BOC,2024-06-05,BOC_2024_06_A,hold,0.0,,0.5,explicit_unchanged_keyword,Bank of Canada Interest Rate Announcement,,"up ends and the embargo is lifted. Distribution The press release will be available at 09:45 (ET) on the Bank’s website . Media Availability At 10:30 (ET) Tiff Macklem, Governor of the Bank of Canada, and Carolyn Rogers, Senior Deputy Governor, will hold a press conference in the Bank of Canada’s auditorium. The opening statement will be available on the Bank’s website at 9:45 (ET). For security reasons, all media wishing to attend must register with the Bank in advance. To register, please contact"
BOC,2024-06-07,BOC_2024_06_B,cut,-25.0,,0.8,explicit_bps_change,Monetary Policy Report,,"ile the path of CPI inflation will be bumpy. Choose another section to view Overview Current conditions Outlook Global economy Projections Risks Drivers of inflation in core goods and services How newcomers impact the Canadian economy Bank of Canada reduces policy rate by 25 basis points to 4½% The Bank of Canada today reduced its target for the overnight rate to 4½%, with the Bank Rate at 4¾% and the deposit rate at 4½%. The Bank is continuing its policy of balance sheet normalization. Overview Consumer price index (CPI) inflation"
BOC,2024-09-04,BOC_2024_09,hold,0.0,,0.5,explicit_unchanged_keyword,Bank of Canada Interest Rate Announcement,,"up ends and the embargo is lifted. Distribution The press release will be available at 09:45 (ET) on the Bank’s website . Media Availability At 10:30 (ET) Tiff Macklem, Governor of the Bank of Canada, and Carolyn Rogers, Senior Deputy Governor, will hold a press conference in the Bank of Canada’s auditorium. The opening statement will be available on the Bank’s website at 09:45 (ET). For security reasons, all media wishing to attend must register with the Bank in advance.To register, please contact"
BOC,2024-10-23,BOC_2024_10,cut,-50.0,4.0,1.0,explicit_bps_change,Monetary Policy Report,,"ange of 1% to 3% over the projection. Choose another section to view Overview Current conditions Outlook Global economy Projections Risks The factors behind the rise in unemployment How the frequency of price changes affects inflation Bank of Canada reduces policy rate by 50 basis points to 3¾% The Bank of Canada today reduced its target for the overnight rate to 3¾%, with the Bank Rate at 4% and the deposit rate at 3¾%. Overview Consumer price index (CPI) inflation has fallen and is now around 2%. The recent decline in inflation re"
BOC,2024-12-11,BOC_2024_12,hold,0.0,,0.5,explicit_unchanged_keyword,Bank of Canada Interest Rate Announcement,,"up ends and the embargo is lifted. Distribution The press release will be available at 09:45 (ET) on the Bank’s website . Media Availability At 10:30 (ET) Tiff Macklem, Governor of the Bank of Canada, and Carolyn Rogers, Senior Deputy Governor, will hold a press conference in the Bank of Canada’s auditorium. The opening statement will be available on the Bank’s website at 9:45 (ET). For security reasons, all media wishing to attend must register with the Bank in advance.To register, please contact M"
BOC,2025-01-29,BOC_2025_01,cut,-25.0,3.0,1.0,explicit_bps_change,Monetary Policy Report,,"iffs is causing major uncertainty. Choose another section to view Overview Current conditions Outlook Global economy Projections Risks Evaluating the potential impacts of US tariffs Recent factors affecting the Canada-US exchange rate Bank of Canada reduces policy rate by 25 basis points to 3%, announces end of quantitative tightening The Bank of Canada today reduced its target for the overnight rate to 3%, with the Bank Rate at 3.25% and the deposit rate at 2.95%. Trade policy assumptions The economic outlook presented in this Mone"
BOC,2025-03-12,BOC_2025_03,hold,0.0,,0.5,explicit_unchanged_keyword,Bank of Canada Interest Rate Announcement,,"bargo is lifted. Distribution The rate announcement press release will be available at 09:45 (ET) on the Bank’s website . Media Availability At 10:30 (ET) Tiff Macklem, Governor of the Bank of Canada, and Carolyn Rogers, Senior Deputy Governor, will hold a press conference in the Bank of Canada’s auditorium. The opening statement will be available on the Bank’s website at 9:45 (ET). For security reasons, all media wishing to attend must register with the Bank in advance.To register, please contact M"
BOC,2025-04-16,BOC_2025_04,hold,0.0,2.75,0.9,explicit_unchanged_keyword,Monetary Policy Report,,"ategy, the objective of Canada’s monetary policy and the main instruments used to implement it. Our Valet API is designed to help you integrate your applications and processes with our data. For details, please see our documentation . Bank of Canada holds policy rate at 2¾% The Bank of Canada today maintained its target for the overnight rate at 2.75%, with the Bank Rate at 3% and the deposit rate at 2.70%. Content Type(s): Press , Press releases Monetary Policy Report Press Conference Opening Statem"
BOC,2025-06-04,BOC_2025_06,hold,0.0,,0.5,explicit_unchanged_keyword,Bank of Canada Interest Rate Announcement,,"bargo is lifted. Distribution The rate announcement press release will be available at 09:45 (ET) on the Bank’s website . Media Availability At 10:30 (ET) Tiff Macklem, Governor of the Bank of Canada, and Carolyn Rogers, Senior Deputy Governor, will hold a press conference in the Bank of Canada’s auditorium. The opening statement will be available on the Bank’s website at 9:45 (ET). For security reasons, all media wishing to attend must register with the Bank in advance. To register, please contact"
BOC,2025-07-30,BOC_2025_07,hold,0.0,2.75,0.9,explicit_unchanged_keyword,Monetary Policy Report,,"ategy, the objective of Canada’s monetary policy and the main instruments used to implement it. Our Valet API is designed to help you integrate your applications and processes with our data. For details, please see our documentation . Bank of Canada holds policy rate at 2¾% The Bank of Canada today maintained its target for the overnight rate at 2.75%, with the Bank Rate at 3% and the deposit rate at 2.70%. Content Type(s): Press , Press releases Monetary Policy Report Press Conference Opening Statem"
BOC,2025-09-17,BOC_2025_09,hold,0.0,,0.5,explicit_unchanged_keyword,Bank of Canada Interest Rate Announcement,,"bargo is lifted. Distribution The rate announcement press release will be available at 09:45 (ET) on the Bank’s website . Media Availability At 10:30 (ET) Tiff Macklem, Governor of the Bank of Canada, and Carolyn Rogers, Senior Deputy Governor, will hold a press conference in the Bank of Canada’s auditorium. The opening statement will be available on the Bank’s website at 9:45 (ET). For security reasons, all media wishing to attend must register with the Bank in advance.To register, please contact M"
BOC,2025-10-29,BOC_2025_10,cut,-25.0,2.5,1.0,explicit_bps_change,Monetary Policy Report,,"d the main instruments used to implement it. Our Valet API is designed to help you integrate your applications and processes with our data. For details, please see our documentation . Bank of Canada lowers policy rate to 2¼% The Bank of Canada today reduced its target for the overnight rate by 25 basis points to 2.25%, with the Bank Rate at 2.5% and the deposit rate at 2.20%. Content Type(s): Press , Press releases Monetary Policy Report Press Conference Opening Statement Governor Tiff Macklem discusses the Monetary Policy Report and the key issues invol"
BOC,2025-12-10,BOC_2025_12_A,hold,0.0,,0.5,explicit_unchanged_keyword,Bank of Canada Interest Rate Announcement,,"bargo is lifted. Distribution The rate announcement press release will be available at 09:45 (ET) on the Bank’s website . Media Availability At 10:30 (ET) Tiff Macklem, Governor of the Bank of Canada, and Carolyn Rogers, Senior Deputy Governor, will hold a press conference in the Bank of Canada’s auditorium. The opening statement will be available on the Bank’s website at 9:45 (ET). For security reasons, all media wishing to attend must register with the Bank in advance. To register, please contact"
BOC,2025-12-10,BOC_2025_12_B,unknown,,,0.0,unknown,Interest Rate Announcement,,
BOC,2026-01-28,BOC_2026_01_A,unknown,,,0.0,unknown,Interest Rate Announcement and Monetary Policy Report,,
BOC,2026-01-28,BOC_2026_01_B,cut,-25.0,2.25,0.7,calculated_from_policy_rate_after,Monetary Policy Report,Rate change calculated from consecutive policy_rate_after values.,"nstruments used to implement it. Our Valet API is designed to help you integrate your applications and processes with our data. For details, please see our documentation . Bank of Canada maintains policy rate at 2¼% The Bank of Canada today held its target for the overnight rate at 2.25%, with the Bank Rate at 2.5% and the deposit rate at 2.20%. Content Type(s): Press , Press releases Monetary Policy Report Press Conference Opening Statement Governor Tiff Macklem discusses the Monetary Policy Report and the key issues involved in th"
BOC,2026-03-18,BOC_2026_03_A,hold,0.0,,0.5,explicit_unchanged_keyword,Bank of Canada Interest Rate Announcement,,"bargo is lifted. Distribution The rate announcement press release will be available at 09:45 (ET) on the Bank’s website . Media Availability At 10:30 (ET) Tiff Macklem, Governor of the Bank of Canada, and Carolyn Rogers, Senior Deputy Governor, will hold a press conference in the Bank of Canada’s auditorium. The opening statement will be available on the Bank’s website at 9:45 (ET). For security reasons, all media wishing to attend must register with the Bank in advance. To register, please contact"
BOC,2026-03-18,BOC_2026_03_B,unknown,,,0.0,unknown,Interest Rate Announcement,,
BOC,2026-04-29,BOC_2026_04_A,unknown,,,0.0,unknown,Interest Rate Announcement and Monetary Policy Report,,
BOC,2026-04-29,BOC_2026_04_B,hold,0.0,2.25,0.7,calculated_from_policy_rate_after,Monetary Policy Report,Rate change calculated from consecutive policy_rate_after values.,"nstruments used to implement it. Our Valet API is designed to help you integrate your applications and processes with our data. For details, please see our documentation . Bank of Canada maintains policy rate at 2¼% The Bank of Canada today held its target for the overnight rate at 2.25%, with the Bank Rate at 2.5% and the deposit rate at 2.20%. Content Type(s): Press , Press releases Monetary Policy Report Press Conference Opening Statement Governor Tiff Macklem discusses the Monetary Policy Report and the key issues involved in th"
BOC,2026-04-29,BOC_2026_04_C,hold,0.0,2.25,0.7,calculated_from_policy_rate_after,Monetary Policy Report—April 2026,Rate change calculated from consecutive policy_rate_after values.,"nstruments used to implement it. Our Valet API is designed to help you integrate your applications and processes with our data. For details, please see our documentation . Bank of Canada maintains policy rate at 2¼% The Bank of Canada today held its target for the overnight rate at 2.25%, with the Bank Rate at 2.5% and the deposit rate at 2.20%. Content Type(s): Press , Press releases Monetary Policy Report Press Conference Opening Statement Governor Tiff Macklem discusses the Monetary Policy Report and the key issues involved in th"
BOE,2021-06-01,BOE_2021_06_A,hold,0.0,0.1,0.9,explicit_unchanged_keyword,Monetary Policy Report - August 2021,,"XT START ==== Monetary Policy Committee Monetary Policy Report August 2021 Monetary Policy Report August 2021 Monetary policy at the Bank of England The objectives of monetary policy The Bank’s Monetary Policy Committee (MPC) sets monetary policy to keep inflation low and stable, which supports growth and jobs. Subject to maintaining price stability, the MPC is also required to support the Government’s economic policy. The Government has set the MPC a target for the 12-month increase in the Consumer"
BOE,2021-06-01,BOE_2021_06_B,hike,34.0,0.1,1.0,explicit_bps_change,Monetary Policy Report - February 2021,,"igher than a year ago… The rise in advertised rates on some new mortgages has levelled off since the November Report, although they remain higher than in early 2020 (Chart 2.11). Interest rates for mortgages with a 75% loan to value (LTV) ratio have increased by 34 basis points compared to a year ago, while those with a 90% LTV have increased by 160 basis points. While rates on new mortgages increased in 2020, rates on the stock of variable-rate mortgages fell (Table 2.B), reflecting the impact of the cuts in Bank Rate in"
BOE,2021-06-01,BOE_2021_06_C,hold,0.0,0.1,0.9,explicit_unchanged_keyword,Monetary Policy Report - May 2021,,"TED TEXT START ==== Monetary Policy Committee Monetary Policy Report May 2021 Monetary Policy Report May 2021 Monetary policy at the Bank of England The objectives of monetary policy The Bank’s Monetary Policy Committee (MPC) sets monetary policy to keep inflation low and stable, which supports growth and jobs. Subject to maintaining price stability, the MPC is also required to support the Government’s economic policy. The Government has set the MPC a target for the 12-month increase in the Consumer"
BOE,2021-06-01,BOE_2021_06_D,hold,0.0,0.1,0.9,explicit_unchanged_keyword,Monetary Policy Report - November 2021,,"TART ==== Monetary Policy Committee Monetary Policy Report November 2021 Monetary Policy Report November 2021 Monetary policy at the Bank of England The objectives of monetary policy The Bank’s Monetary Policy Committee (MPC) sets monetary policy to keep inflation low and stable, which supports growth and jobs. Subject to maintaining price stability, the MPC is also required to support the Government’s economic policy. The Government has set the MPC a target for the 12-month increase in the Consumer"
BOE,2022-06-01,BOE_2022_06_A,hike,75.0,,0.8,explicit_bps_change,Monetary Policy Report - August 2022,,"gricultural and livestock S&P Commodity Index and the ‘Oil’ series is based on US dollar Brent forward prices for delivery in 10-25 days’ time. Bank of England Page 43 Many central banks have continued to tighten monetary policy. In the US, the FOMC increased the target range for the federal funds rate by 75 basis points in both June and July to 2.25%-2.50%, following a 50 basis points rise in May. These were the largest increases in a single meeting since 1994. At its June meeting, the ECB Governing Council announced an end to its net asset purchases as of 1 July 2"
BOE,2022-06-01,BOE_2022_06_B,hold,0.0,,0.5,explicit_unchanged_keyword,Monetary Policy Report - February 2022,,"TART ==== Monetary Policy Committee Monetary Policy Report February 2022 Monetary Policy Report February 2022 Monetary policy at the Bank of England The objectives of monetary policy The Bank’s Monetary Policy Committee (MPC) sets monetary policy to keep inflation low and stable, which supports growth and jobs. Subject to maintaining price stability, the MPC is also required to support the Government’s economic policy. The Government has set the MPC a target for the 12-month increase in the Consumer"
BOE,2022-06-01,BOE_2022_06_C,hike,25.0,,0.8,explicit_bps_change,Monetary Policy Report - May 2022,,"increased the target range for the federal funds rate to 0.25%-0.50%. At its March meeting, the ECB Governing Council left its key policy interest rates unchanged but announced a faster reduction in the pace of net asset purchases. The MPC voted to increase Bank Rate by 25 basis points, to 0.75%, at its March meeting. The stock of purchased assets has fallen slightly since February, reflecting the MPC’s previous decision to cease reinvesting maturing assets. Market-implied expectations of policy rates have risen further since the"
BOE,2022-06-01,BOE_2022_06_D,hike,75.0,,0.8,explicit_bps_change,Monetary Policy Report - November 2022,,"ng 2023 (Section 1). Many central banks have continued to tighten policy. This has been against the backdrop of elevated inflation rates which have been partly driven by a range of global factors (see Box E in the August Report). In the US, the FOMC increased the target range for the federal funds rate by 75 basis points to 3.00%-3.25% in September. The FOMC anticipated that ongoing increases in the target range would be appropriate. At its October meeting, the ECB Governing Council increased its key interest rates by a further 75 basis points, following a similar h"
BOE,2023-06-01,BOE_2023_06_A,hike,25.0,5.0,1.0,explicit_bps_change,Monetary Policy Report - August 2023,,"7% in the latest data. Taken together with slowing export prices in other regions, the level of world export prices is expected to continue to fall over the coming year (Section 1). Central banks have continued to tighten policy. In the US, the FOMC raised the target range for the federal funds rate by 25 basis points to 5.25%-5.5% at its July meeting. At its meeting ending on 27 July 2023, the ECB Governing Council raised its key policy rates by 25 basis points and the deposit facility rate now stands at 3.75%. Both central banks noted that they would continue t"
BOE,2023-06-01,BOE_2023_06_B,hike,50.0,3.5,1.0,explicit_bps_change,Monetary Policy Report - February 2023,,". In the euro area, they remain above their 2010-19 average and a little above the ECB’s price stability objective. With inflation still well above target in many countries, several central banks have continued to tighten policy. In the US, the FOMC increased the target range for the federal funds rate by 50 basis points to 4.25%-4.50% in December, following a 75 basis point increase in November. The Committee restated its guidance that further rate rises will be appropriate to return inflation to the 2% target over time. At its December meeting, the ECB Governing C"
BOE,2023-06-01,BOE_2023_06_C,hike,25.0,4.25,1.0,explicit_bps_change,Monetary Policy Report - May 2023,,"rall inflation and the other contributions identified on the chart, and therefore includes alcohol and tobacco. The latest data are March 2023 outturns. …although core inflation has been slower to decline. Page 39 Bank of England In the US, the FOMC increased the target range for the federal funds rate by 25 basis points to 5.0%-5.25% at its meeting ending on 3 May, following a 25 basis point increase in March. At its meeting ending on 4 May, the ECB Governing Council raised its key policy rates by 25 basis points, which leaves the deposit rate at 3.25%. Both centra"
BOE,2023-06-01,BOE_2023_06_D,hike,25.0,5.25,1.0,explicit_bps_change,Monetary Policy Report - November 2023,,"average to 25 July. The final data points refer to futures curves at December 2026. Bank of England Page 39 Over the past two years, central banks in the UK, US and euro area have tightened policy (Chart 2.5). Since August, the ECB Governing Council raised its key policy rates by 25 basis points in September and held rates on 26 October, leaving the deposit facility rate at 4%. In the US, the FOMC has kept the target range for the federal funds rate unchanged at 5.25%-5.5%. In both the US and euro area, market-implied paths for policy rates"
BOE,2024-06-01,BOE_2024_06_A,cut,-25.0,5.25,1.0,explicit_bps_change,Monetary Policy Report - August 2024,,"s expected to slow as inflationary pressures normalise, but the speed of this process remains uncertain. Over recent years, central banks in the UK, US and euro area have increased their respective policy rates (Chart 2.6). The ECB Governing Council reduced its main policy rate by 25 basis points to 3.75% in June. The latest market-implied paths are consistent with a reduction in policy rates in coming quarters across advanced economies, though the expected timings of cuts differ. Since the May Report, weaker than expected economic data up t"
BOE,2024-06-01,BOE_2024_06_B,hold,0.0,5.25,0.9,explicit_unchanged_keyword,Monetary Policy Report - February 2024,,"==== EXTRACTED TEXT START ==== Bank of England Monetary Policy Report Monetary Policy Committee February 2024 Monetary policy at the Bank of England The objectives of monetary policy The Bank’s Monetary Policy Committee (MPC) sets monetary policy to keep inflation low and stable, which supports growth and jobs. Subject to maintaining price stability, the MPC is also required to support the Government’s economic policy. The Government has set the MPC a target for the 12-month increase in the Consumer"
BOE,2024-06-01,BOE_2024_06_C,hold,0.0,5.25,0.9,explicit_unchanged_keyword,Monetary Policy Report - May 2024,,"pdf ==== EXTRACTED TEXT START ==== Bank of England Monetary Policy Report Monetary Policy Committee May 2024 Monetary policy at the Bank of England The objectives of monetary policy The Bank’s Monetary Policy Committee (MPC) sets monetary policy to keep inflation low and stable, which supports growth and jobs. Subject to maintaining price stability, the MPC is also required to support the Government’s economic policy. The Government has set the MPC a target for the 12-month increase in the Consumer"
BOE,2024-06-01,BOE_2024_06_D,cut,-50.0,5.0,1.0,explicit_bps_change,Monetary Policy Report - November 2024,,"tioned have shifted down since the August Report. Bank of England Page 38 In recent months, central banks in the UK, US and euro area have begun to reduce their respective policy rates (Chart 2.6). The Federal Reserve’s Federal Open Market Committee reduced the target range for the federal funds rate by 50 basis points to 4.75%-5% in September, while the ECB Governing Council cut its main policy rate by 25 basis points to 3.25% in October. The market-implied paths based on the 15 days up to 29 October are consistent with a continued reduction in policy rates in co"
BOE,2025-06-01,BOE_2025_06_A,hold,0.0,4.0,0.9,explicit_unchanged_keyword,Monetary Policy Report - August 2025,,"TEXT START ==== Bank of England Monetary Policy Report Monetary Policy Committee August 2025 Bank of England Monetary policy at the Bank of England The objectives of monetary policy The Bank’s Monetary Policy Committee (MPC) sets monetary policy to keep inflation low and stable, which supports growth and jobs. Subject to maintaining price stability, the MPC is also required to support the Government’s economic policy. The Government has set the MPC a target for the 12-month increase in the Consumer"
BOE,2025-06-01,BOE_2025_06_B,hike,150.0,4.5,1.0,explicit_bps_change,Monetary Policy Report - February 2025,,"interest rates also point to an increase in R*. For example, the Bank of England’s Market Participants Survey asks respondents for views on the level of Bank Rate at which monetary policy is neither expansionary nor contractionary. This measure has increased by 150 basis points in recent years. However, it is difficult to judge the extent to which these responses reflect perceptions of long-run R*. That is because the question asked does not clearly distinguish between the long-term equilibrium real rate and shorter-term c"
BOE,2025-06-01,BOE_2025_06_C,hold,0.0,4.5,0.9,explicit_unchanged_keyword,Monetary Policy Report - May 2025,,"T START ==== Bank of England Monetary Policy Report Monetary Policy Committee May 2025 Bank of England Page 1 Monetary policy at the Bank of England The objectives of monetary policy The Bank’s Monetary Policy Committee (MPC) sets monetary policy to keep inflation low and stable, which supports growth and jobs. Subject to maintaining price stability, the MPC is also required to support the Government’s economic policy. The Government has set the MPC a target for the 12-month increase in the Consumer"
BOE,2025-06-01,BOE_2025_06_D,hold,0.0,4.0,0.9,explicit_unchanged_keyword,Monetary Policy Report - November 2025,,"icy. His quiet wisdom and gentle humour left a lasting mark on all who worked with him, and his loss is deeply felt. Monetary policy at the Bank of England The objectives of monetary policy The Monetary Policy Committee (MPC) sets monetary policy to keep inflation low and stable, which supports growth and jobs. Subject to maintaining price stability, the MPC is also required to support the Government’s economic policy. The Government has set the MPC a target for the 12-month increase in the Consumer"
BOE,2026-06-01,BOE_2026_06_A,hold,0.0,3.75,0.9,explicit_unchanged_keyword,Monetary Policy Report - April 2026,,"XTRACTED TEXT START ==== Bank of England Monetary Policy Report Monetary Policy Committee April 2026 Bank of England Monetary policy at the Bank of England The objectives of monetary policy The Monetary Policy Committee (MPC) sets monetary policy to keep inflation low and stable, which supports growth and jobs. Subject to maintaining price stability, the MPC is also required to support the Government’s economic policy. The Government has set the MPC a target for the 12-month increase in the Consumer"
BOE,2026-06-01,BOE_2026_06_B,cut,-150.0,3.75,1.0,explicit_bps_change,Monetary Policy Report - February 2026,,"y policy is being set to ensure that CPI inflation not only reaches 2% but remains sustainably at that level in the medium term, which involves balancing the risks around achieving this. The restrictiveness of policy has fallen as Bank Rate has been reduced by 150 basis points since August 2024. On the basis of the current evidence, Bank Rate is likely to be reduced further. Judgements around further policy easing will become a closer call. The extent and timing of further easing in monetary policy will depend on the evol"
BOJ,2026-01-23,BOJ_2026_01,hold,0.0,,0.5,explicit_unchanged_keyword,"""Economic Activity, Prices, and Monetary Policy in Japan"" (Speech at a Meeting Held by the Kanagawa Keizai Doyukai)",,"d, uncertainty regarding U.S. tariff policy decreased markedly thereafter, as many countries and regions, including Japan, reached agreements in trade negotiations with the United States. With regard to developments in business sentiment, firms have maintained a proactive stance to an extent that I find surprising. For instance, the diffusion index (DI) for business conditions in the Tankan (Short-Term Economic Survey of Enterprises in Japan) has stayed at a favorable level, as indicated in Chart 2. Chart"
BOJ,2026-03-19,BOJ_2026_03,hold,0.0,,0.5,explicit_unchanged_keyword,Statement on Monetary Policy [PDF 134KB],,"ss rising prices. The rate of increase is then expected to come under upward pressure, affected by the recent rise in crude oil prices. Meanwhile, the mechanism in which wages and prices rise moderately in interaction with each other is likely to be maintained. Thereafter, it is projected that a sense of labor shortage will grow as the economy continues to improve and that medium- to long-term inflation expectations will rise. In this situation, underlying CPI inflation is expected to increase gradually a"
BOJ,2026-04-28,BOJ_2026_04,hold,0.0,,0.5,explicit_unchanged_keyword,"""Economic Activity, Prices, and Monetary Policy in Japan"" (Speech at a Meeting Held by the Kagoshima Keizai Doyukai)",,"t in the United States have been more or less solid, despite showing some weakness. Japanese and some European automakers responded to the additional tariffs by bearing the increased costs themselves while keeping selling prices in the United States unchanged, but such cases were quite exceptional. As shown in the right panel of Chart 1, higher tariffs have in general led to an increase in U.S. import prices. The solid line represents import prices including tariffs; the recent decline is partly a result"
ECB,2021-01-21,ECB_2021_01,hold,0.0,,0.5,explicit_unchanged_keyword,Monetary policy decisions,,"y 2021 The Governing Council decided to reconfirm its very accommodative monetary policy stance. First, the interest rate on the main refinancing operations and the interest rates on the marginal lending facility and the deposit facility will remain unchanged at 0.00%, 0.25% and -0.50% respectively. The Governing Council expects the key ECB interest rates to remain at their present or lower levels until it has seen the inflation outlook robustly converge to a level sufficiently close to, but below, 2% wi"
ECB,2021-03-11,ECB_2021_03,hold,0.0,,0.5,explicit_unchanged_keyword,Monetary policy decisions,,"emic on the projected path of inflation. In addition, the flexibility of purchases over time, across asset classes and among jurisdictions will continue to support the smooth transmission of monetary policy. If favourable financing conditions can be maintained with asset purchase flows that do not exhaust the envelope over the net purchase horizon of the PEPP, the envelope need not be used in full. Equally, the envelope can be recalibrated if required to maintain favourable financing conditions to help co"
ECB,2021-04-22,ECB_2021_04,hold,0.0,,0.5,explicit_unchanged_keyword,Monetary policy decisions,,"ay’s meeting, the Governing Council decided to reconfirm its very accommodative monetary policy stance: The interest rate on the main refinancing operations and the interest rates on the marginal lending facility and the deposit facility will remain unchanged at 0.00%, 0.25% and -0.50% respectively. The Governing Council expects the key ECB interest rates to remain at their present or lower levels until it has seen the inflation outlook robustly converge to a level sufficiently close to, but below, 2% wi"
ECB,2021-06-10,ECB_2021_06,hold,0.0,,0.5,explicit_unchanged_keyword,Monetary policy decisions,,"oday’s meeting, the Governing Council decided to confirm its very accommodative monetary policy stance: The interest rate on the main refinancing operations and the interest rates on the marginal lending facility and the deposit facility will remain unchanged at 0.00%, 0.25% and -0.50% respectively. The Governing Council expects the key ECB interest rates to remain at their present or lower levels until it has seen the inflation outlook robustly converge to a level sufficiently close to, but below, 2% wi"
ECB,2021-07-22,ECB_2021_07,hold,0.0,,0.5,explicit_unchanged_keyword,Monetary policy decisions,,"und for some time and the medium-term outlook for inflation is still well below the Governing Council’s target. In these conditions, the Governing Council today revised its forward guidance on interest rates. It did so to underline its commitment to maintain a persistently accommodative monetary policy stance to meet its inflation target. In support of its symmetric two per cent inflation target and in line with its monetary policy strategy, the Governing Council expects the key ECB interest rates to re"
ECB,2021-09-09,ECB_2021_09,hold,0.0,,0.5,explicit_unchanged_keyword,Monetary policy decisions,,"YPE: html ==== EXTRACTED TEXT START ==== PRESS RELEASE Monetary policy decisions 9 September 2021 Based on a joint assessment of financing conditions and the inflation outlook, the Governing Council judges that favourable financing conditions can be maintained with a moderately lower pace of net asset purchases under the pandemic emergency purchase programme (PEPP) than in the previous two quarters. The Governing Council also confirmed its other measures, namely the level of the key ECB interest rates, it"
ECB,2021-10-28,ECB_2021_10,hold,0.0,,0.5,explicit_unchanged_keyword,Monetary policy decisions,,"u/press/pr/date/2021/html/ecb.mp211028~85474438a4.en.html DOCUMENT TYPE: html ==== EXTRACTED TEXT START ==== PRESS RELEASE Monetary policy decisions 28 October 2021 The Governing Council continues to judge that favourable financing conditions can be maintained with a moderately lower pace of net asset purchases under the pandemic emergency purchase programme (PEPP) than in the second and third quarters of this year. The Governing Council also confirmed its other measures, namely the level of the key ECB i"
ECB,2021-12-16,ECB_2021_12,hold,0.0,,0.5,explicit_unchanged_keyword,Monetary policy decisions,,"on in the pace of its asset purchases over the coming quarters. But monetary accommodation is still needed for inflation to stabilise at the 2% inflation target over the medium term. In view of the current uncertainty, the Governing Council needs to maintain flexibility and optionality in the conduct of monetary policy. With this is mind, the Governing Council took the following decisions: Pandemic emergency purchase programme (PEPP) In the first quarter of 2022, the Governing Council expects to conduct"
ECB,2022-02-03,ECB_2022_02,hold,0.0,,0.5,explicit_unchanged_keyword,Monetary policy decisions,,"n stabilising at the Governing Council’s target over the medium term, monthly net purchases under the APP will amount to €40 billion in the second quarter of 2022 and €30 billion in the third quarter. From October onwards, the Governing Council will maintain net asset purchases under the APP at a monthly pace of €20 billion for as long as necessary to reinforce the accommodative impact of its policy rates. The Governing Council expects net purchases to end shortly before it starts raising the key ECB in"
ECB,2022-03-10,ECB_2022_03,hold,0.0,,0.5,explicit_unchanged_keyword,Monetary policy decisions,,"ds to continue reinvesting, in full, the principal payments from maturing securities purchased under the APP for an extended period of time past the date when it starts raising the key ECB interest rates and, in any case, for as long as necessary to maintain favourable liquidity conditions and an ample degree of monetary accommodation. Key ECB interest rates The interest rate on the main refinancing operations and the interest rates on the marginal lending facility and the deposit facility will remain u"
ECB,2022-04-14,ECB_2022_04,hold,0.0,,0.5,explicit_unchanged_keyword,Monetary policy decisions,,"ld be concluded in the third quarter. Looking ahead, the ECB’s monetary policy will depend on the incoming data and the Governing Council’s evolving assessment of the outlook. In the current conditions of high uncertainty, the Governing Council will maintain optionality, gradualism and flexibility in the conduct of monetary policy. The Governing Council will take whatever action is needed to fulfil the ECB’s mandate to pursue price stability and to contribute to safeguarding financial stability. Asset p"
ECB,2022-06-09,ECB_2022_06,hold,0.0,,0.5,explicit_unchanged_keyword,Monetary policy decisions,,"gnificantly for 2022 and 2023, while for 2024 it has been revised up. On the basis of its updated assessment, the Governing Council decided to take further steps in normalising its monetary policy. Throughout this process, the Governing Council will maintain optionality, data-dependence, gradualism and flexibility in the conduct of monetary policy. Asset purchase programme (APP) and pandemic emergency purchase programme (PEPP) The Governing Council decided to end net asset purchases under its asset purc"
ECB,2022-07-21,ECB_2022_07,hold,0.0,,0.5,explicit_unchanged_keyword,Monetary policy decisions,,"ds to continue reinvesting, in full, the principal payments from maturing securities purchased under the APP for an extended period of time past the date when it starts raising the key ECB interest rates and, in any case, for as long as necessary to maintain ample liquidity conditions and an appropriate monetary policy stance. As concerns the PEPP, the Governing Council intends to reinvest the principal payments from maturing securities purchased under the programme until at least the end of 2024. In an"
ECB,2022-09-08,ECB_2022_09,hold,0.0,,0.5,explicit_unchanged_keyword,Monetary policy decisions,,"s to continue reinvesting, in full, the principal payments from maturing securities purchased under the APP for an extended period of time past the date when it started raising the key ECB interest rates and, in any case, for as long as necessary to maintain ample liquidity conditions and an appropriate monetary policy stance. As concerns the PEPP, the Governing Council intends to reinvest the principal payments from maturing securities purchased under the programme until at least the end of 2024. In an"
ECB,2022-10-27,ECB_2022_10,hold,0.0,,0.5,explicit_unchanged_keyword,Monetary policy decisions,,"s to continue reinvesting, in full, the principal payments from maturing securities purchased under the APP for an extended period of time past the date when it started raising the key ECB interest rates and, in any case, for as long as necessary to maintain ample liquidity conditions and an appropriate monetary policy stance. As concerns the PEPP, the Governing Council intends to reinvest the principal payments from maturing securities purchased under the programme until at least the end of 2024. In an"
ECB,2022-12-15,ECB_2022_12,hold,0.0,,0.5,explicit_unchanged_keyword,Monetary policy decisions,,"ameters for reducing the APP holdings. The Governing Council will regularly reassess the pace of the APP portfolio reduction to ensure it remains consistent with the overall monetary policy strategy and stance, to preserve market functioning, and to maintain firm control over short-term money market conditions. By the end of 2023, the Governing Council will also review its operational framework for steering short-term interest rates, which will provide information regarding the endpoint of the balance s"
ECB,2023-02-02,ECB_2023_02,hike,50.0,,0.8,explicit_bps_change,"Christine Lagarde, Luis de Guindos: Monetary policy statement (with Q&A)",,"r. We also made it clear that this would require rates to rise to sufficiently restrictive levels, and that rate increases would happen at a steady pace. So we are making that decision in that continuity that I have tried to explain. Steady pace: we increased rates by 50 basis points in December, we increased rates by 50 basis points in early February, and we intend - which is a strong word; it’s not an absolute, irrevocable, unconditional commitment, but it’s a strong word - we intend to raise by 50 basis points, and that is wh"
ECB,2023-03-16,ECB_2023_03,hike,50.0,,0.8,explicit_bps_change,Monetary policy decisions,,"3/html/ecb.mp230316~aad5249f30.en.html DOCUMENT TYPE: html ==== EXTRACTED TEXT START ==== PRESS RELEASE Monetary policy decisions 16 March 2023 Inflation is projected to remain too high for too long. Therefore, the Governing Council today decided to increase the three key ECB interest rates by 50 basis points, in line with its determination to ensure the timely return of inflation to the 2% medium-term target. The elevated level of uncertainty reinforces the importance of a data-dependent approach to the Governing Council’s policy rate decisions, which w"
ECB,2023-05-04,ECB_2023_05,hold,0.0,,0.5,explicit_unchanged_keyword,Monetary policy decisions,,"sion to the real economy remain uncertain. The Governing Council’s future decisions will ensure that the policy rates will be brought to levels sufficiently restrictive to achieve a timely return of inflation to the 2% medium-term target and will be kept at those levels for as long as necessary. The Governing Council will continue to follow a data-dependent approach to determining the appropriate level and duration of restriction. In particular, the Governing Council’s policy rate decisions will con"
ECB,2023-06-15,ECB_2023_06,hold,0.0,,0.5,explicit_unchanged_keyword,Monetary policy decisions,,"d to increasingly dampen demand. The Governing Council’s future decisions will ensure that the key ECB interest rates will be brought to levels sufficiently restrictive to achieve a timely return of inflation to the 2% medium-term target and will be kept at those levels for as long as necessary. The Governing Council will continue to follow a data-dependent approach to determining the appropriate level and duration of restriction. In particular, its interest rate decisions will continue to be based"
ECB,2023-07-27,ECB_2023_07,hike,25.0,,0.8,explicit_bps_change,"Christine Lagarde, Luis de Guindos: Monetary policy statement (with Q&A)",,"reserves was driven by concerns over central bank losses. Let me just remind you what we have been doing. And I will come to your interest, which is what happens next. But let me just remind you what we are doing, and what we have been doing. We are raising interest rates, all three rates by 25 basis points. And this is the ninth decision to hike that has been taken in a matter of one year. So invariably, on meeting after the other, we have raised rates. The DFR is now at 3.75. And this decision that was unanimously agreed amongst all members of the Go"
ECB,2023-09-14,ECB_2023_09,hold,0.0,,0.5,explicit_unchanged_keyword,Monetary policy decisions,,"wth projections significantly. They now expect the euro area economy to expand by 0.7% in 2023, 1.0% in 2024 and 1.5% in 2025. Based on its current assessment, the Governing Council considers that the key ECB interest rates have reached levels that, maintained for a sufficiently long duration, will make a substantial contribution to the timely return of inflation to the target. The Governing Council’s future decisions will ensure that the key ECB interest rates will be set at sufficiently restrictive leve"
ECB,2023-10-26,ECB_2023_10,hold,0.0,,0.5,explicit_unchanged_keyword,Monetary policy decisions,,"KER ROLE: SOURCE URL: https://www.ecb.europa.eu/press/pr/date/2023/html/ecb.mp231026~6028cea576.en.html DOCUMENT TYPE: html ==== EXTRACTED TEXT START ==== PRESS RELEASE Monetary policy decisions 26 October 2023 The Governing Council today decided to keep the three key ECB interest rates unchanged. The incoming information has broadly confirmed its previous assessment of the medium-term inflation outlook. Inflation is still expected to stay too high for too long, and domestic price pressures remain s"
ECB,2023-12-14,ECB_2023_12,hold,0.0,,0.5,explicit_unchanged_keyword,Monetary policy decisions,,"ER ROLE: SOURCE URL: https://www.ecb.europa.eu/press/pr/date/2023/html/ecb.mp231214~9846e62f62.en.html DOCUMENT TYPE: html ==== EXTRACTED TEXT START ==== PRESS RELEASE Monetary policy decisions 14 December 2023 The Governing Council today decided to keep the three key ECB interest rates unchanged. While inflation has dropped in recent months, it is likely to pick up again temporarily in the near term. According to the latest Eurosystem staff projections for the euro area, inflation is expected to de"
ECB,2024-01-25,ECB_2024_01,hold,0.0,,0.5,explicit_unchanged_keyword,Monetary policy decisions,,"KER ROLE: SOURCE URL: https://www.ecb.europa.eu/press/pr/date/2024/html/ecb.mp240125~f738889bde.en.html DOCUMENT TYPE: html ==== EXTRACTED TEXT START ==== PRESS RELEASE Monetary policy decisions 25 January 2024 The Governing Council today decided to keep the three key ECB interest rates unchanged. The incoming information has broadly confirmed its previous assessment of the medium-term inflation outlook. Aside from an energy-related upward base effect on headline inflation, the declining trend in un"
ECB,2024-03-07,ECB_2024_03,hold,0.0,,0.5,explicit_unchanged_keyword,Monetary policy decisions,,"PEAKER ROLE: SOURCE URL: https://www.ecb.europa.eu/press/pr/date/2024/html/ecb.mp240307~a5fa52b82b.en.html DOCUMENT TYPE: html ==== EXTRACTED TEXT START ==== PRESS RELEASE Monetary policy decisions 7 March 2024 The Governing Council today decided to keep the three key ECB interest rates unchanged. Since the last Governing Council meeting in January, inflation has declined further. In the latest ECB staff projections, inflation has been revised down, in particular for 2024 which mainly reflects a low"
ECB,2024-04-11,ECB_2024_04,hold,0.0,,0.5,explicit_unchanged_keyword,Monetary policy decisions,,"EAKER ROLE: SOURCE URL: https://www.ecb.europa.eu/press/pr/date/2024/html/ecb.mp240411~1345644915.en.html DOCUMENT TYPE: html ==== EXTRACTED TEXT START ==== PRESS RELEASE Monetary policy decisions 11 April 2024 The Governing Council today decided to keep the three key ECB interest rates unchanged. The incoming information has broadly confirmed the Governing Council’s previous assessment of the medium-term inflation outlook. Inflation has continued to fall, led by lower food and goods price inflation"
ECB,2024-06-06,ECB_2024_06,hold,0.0,,0.5,explicit_unchanged_keyword,Monetary policy decisions,,"than 2.5 percentage points and the inflation outlook has improved markedly. Underlying inflation has also eased, reinforcing the signs that price pressures have weakened, and inflation expectations have declined at all horizons. Monetary policy has kept financing conditions restrictive. By dampening demand and keeping inflation expectations well anchored, this has made a major contribution to bringing inflation back down. At the same time, despite the progress over recent quarters, domestic price p"
ECB,2024-07-18,ECB_2024_07,hold,0.0,,0.5,explicit_unchanged_keyword,Monetary policy decisions,,PEAKER ROLE: SOURCE URL: https://www.ecb.europa.eu/press/pr/date/2024/html/ecb.mp240718~b9e0ddd9d5.en.html DOCUMENT TYPE: html ==== EXTRACTED TEXT START ==== PRESS RELEASE Monetary policy decisions 18 July 2024 The Governing Council today decided to keep the three key ECB interest rates unchanged. The incoming information broadly supports the Governing Council’s previous assessment of the medium-term inflation outlook. While some measures of underlying inflation ticked up in May owing to one-off fac
ECB,2024-09-12,ECB_2024_09,hold,0.0,,0.5,explicit_unchanged_keyword,Monetary policy decisions,,"compared with the June projections, mainly owing to a weaker contribution from domestic demand over the next few quarters. The Governing Council is determined to ensure that inflation returns to its 2% medium-term target in a timely manner. It will keep policy rates sufficiently restrictive for as long as necessary to achieve this aim. The Governing Council will continue to follow a data-dependent and meeting-by-meeting approach to determining the appropriate level and duration of restriction. In p"
ECB,2024-10-17,ECB_2024_10,hold,0.0,,0.5,explicit_unchanged_keyword,Monetary policy decisions,,"me, labour cost pressures are set to continue easing gradually, with profits partially buffering their impact on inflation. The Governing Council is determined to ensure that inflation returns to its 2% medium-term target in a timely manner. It will keep policy rates sufficiently restrictive for as long as necessary to achieve this aim. The Governing Council will continue to follow a data-dependent and meeting-by-meeting approach to determining the appropriate level and duration of restriction. In p"
ECB,2024-12-12,ECB_2024_12,hold,0.0,,0.5,explicit_unchanged_keyword,"Christine Lagarde, Luis de Guindos: Monetary policy statement (with Q&A)",,"e two questions. The first is on a general flavour of the arguments which have been exchanged in order to reach the decision today. What were the key arguments in favour of that 25 basis points rate cut? Second question, you dropped the reference to keep interest rates restrictive or sufficiently restrictive for the foreseeable future. Does that also mean that you consider perhaps a larger rate cut at your next policy meeting, or is that something you have been discussing, at least? We had a Governi"
ECB,2025-01-30,ECB_2025_01,hold,0.0,,0.5,explicit_unchanged_keyword,A middle path for ECB monetary policy,,"emanding non-rate lending conditions. In terms of households, the demand for mortgages increased strongly, mostly on the back of more attractive interest rates and better prospects for the property market. Credit standards for housing loans remained unchanged overall. Risk assessment Risks to economic growth remain tilted to the downside. In addition to trade policy uncertainty, lower confidence could prevent consumption and investment from recovering as fast as expected. This could be amplified by geopo"
ECB,2025-03-06,ECB_2025_03,hold,0.0,,0.5,explicit_unchanged_keyword,"Christine Lagarde, Luis de Guindos: Monetary policy statement (with Q&A)",,"changed the wording of the fourth paragraph of our monetary policy statement. So let me try to explain what it means because it's not just an innocuous little change, it's a change that has a certain meaning. What we had previously was that we would keep our restrictive monetary policy as long as was necessary. And that was very much a static assessment of what was needed. We are now moving -- by having “our monetary policy is becoming meaningfully less restrictive” -- to a more evolutionary approac"
ECB,2025-04-17,ECB_2025_04,hold,0.0,,0.5,explicit_unchanged_keyword,The communication of monetary policy decisions: incorporating risks and uncertainty,,"aken the required recovery in consumption and investment and thereby risk undershooting the inflation target in the medium term. Furthermore, the new projections indicated that, if the baseline dynamics for inflation and economic growth continued to hold, further easing would be required to stabilise inflation at the medium-term target on a sustainable basis. Under this baseline, from a macroeconomic perspective, a variety of rate paths over the coming meetings could deliver the remaining degree of"
ECB,2025-06-05,ECB_2025_06,hold,0.0,,0.5,explicit_unchanged_keyword,Monetary policy decisions,,"e March projections, by 0.3 percentage points for both 2025 and 2026, mainly reflect lower assumptions for energy prices and a stronger euro. Staff expect inflation excluding energy and food to average 2.4% in 2025 and 1.9% in 2026 and 2027, broadly unchanged since March. Staff see real GDP growth averaging 0.9% in 2025, 1.1% in 2026 and 1.3% in 2027. The unrevised growth projection for 2025 reflects a stronger than expected first quarter combined with weaker prospects for the remainder of the year. Whil"
ECB,2025-07-24,ECB_2025_07,hold,0.0,,0.5,explicit_unchanged_keyword,Monetary policy decisions,,PEAKER ROLE: SOURCE URL: https://www.ecb.europa.eu/press/pr/date/2025/html/ecb.mp250724~50bc70e13f.en.html DOCUMENT TYPE: html ==== EXTRACTED TEXT START ==== PRESS RELEASE Monetary policy decisions 24 July 2025 The Governing Council today decided to keep the three key ECB interest rates unchanged. Inflation is currently at the 2% medium-term target. The incoming information is broadly in line with the Governing Council’s previous assessment of the inflation outlook. Domestic price pressures have con
ECB,2025-09-11,ECB_2025_09,hold,0.0,,0.5,explicit_unchanged_keyword,Monetary policy decisions,,R ROLE: SOURCE URL: https://www.ecb.europa.eu/press/pr/date/2025/html/ecb.mp250911~6afb7a9490.en.html DOCUMENT TYPE: html ==== EXTRACTED TEXT START ==== PRESS RELEASE Monetary policy decisions 11 September 2025 The Governing Council today decided to keep the three key ECB interest rates unchanged. Inflation is currently at around the 2% medium-term target and the Governing Council’s assessment of the inflation outlook is broadly unchanged. The new ECB staff projections present a picture of inflation
ECB,2025-10-30,ECB_2025_10,hold,0.0,,0.5,explicit_unchanged_keyword,Monetary policy decisions,,KER ROLE: SOURCE URL: https://www.ecb.europa.eu/press/pr/date/2025/html/ecb.mp251030~cf0540b5c0.en.html DOCUMENT TYPE: html ==== EXTRACTED TEXT START ==== PRESS RELEASE Monetary policy decisions 30 October 2025 The Governing Council today decided to keep the three key ECB interest rates unchanged. Inflation remains close to the 2% medium-term target and the Governing Council’s assessment of the inflation outlook is broadly unchanged. The economy has continued to grow despite the challenging global e
ECB,2025-12-18,ECB_2025_12,hold,0.0,,0.5,explicit_unchanged_keyword,Monetary policy decisions,,"ER ROLE: SOURCE URL: https://www.ecb.europa.eu/press/pr/date/2025/html/ecb.mp251218~58b0e415a6.en.html DOCUMENT TYPE: html ==== EXTRACTED TEXT START ==== PRESS RELEASE Monetary policy decisions 18 December 2025 The Governing Council today decided to keep the three key ECB interest rates unchanged. Its updated assessment reconfirms that inflation should stabilise at the 2% target in the medium term. The new Eurosystem staff projections show headline inflation averaging 2.1% in 2025, 1.9% in 2026, 1.8"
ECB,2026-02-05,ECB_2026_02,hold,0.0,,0.5,explicit_unchanged_keyword,Monetary policy decisions,,"KER ROLE: SOURCE URL: https://www.ecb.europa.eu/press/pr/date/2026/html/ecb.mp260205~001d26959b.en.html DOCUMENT TYPE: html ==== EXTRACTED TEXT START ==== PRESS RELEASE Monetary policy decisions 5 February 2026 The Governing Council today decided to keep the three key ECB interest rates unchanged. Its updated assessment reconfirms that inflation should stabilise at its 2% target in the medium term. The economy remains resilient in a challenging global environment. Low unemployment, solid private sec"
ECB,2026-03-19,ECB_2026_03,hold,0.0,,0.5,explicit_unchanged_keyword,Monetary policy decisions,,"EAKER ROLE: SOURCE URL: https://www.ecb.europa.eu/press/pr/date/2026/html/ecb.mp260319~3057739775.en.html DOCUMENT TYPE: html ==== EXTRACTED TEXT START ==== PRESS RELEASE Monetary policy decisions 19 March 2026 The Governing Council today decided to keep the three key ECB interest rates unchanged. It is determined to ensure that inflation stabilises at the 2% target in the medium term. The war in the Middle East has made the outlook significantly more uncertain, creating upside risks for inflation a"
ECB,2026-04-30,ECB_2026_04,hold,0.0,,0.5,explicit_unchanged_keyword,Monetary policy decisions,,"EAKER ROLE: SOURCE URL: https://www.ecb.europa.eu/press/pr/date/2026/html/ecb.mp260430~81b7179e6f.en.html DOCUMENT TYPE: html ==== EXTRACTED TEXT START ==== PRESS RELEASE Monetary policy decisions 30 April 2026 The Governing Council today decided to keep the three key ECB interest rates unchanged. While the incoming information has been broadly consistent with the Governing Council’s previous assessment of the inflation outlook, the upside risks to inflation and the downside risks to growth have int"
FED,2021-01-27,FED_2021_01,hold,0.0,0.125,0.9,explicit_unchanged_keyword,FOMC statement,Fed target range 0 to 0.25 percent; midpoint stored.,"longer- run goal, the Committee will aim to achieve inflation moderately above 2 percent for some time so that inflation averages 2 percent over time and longer-term inflation expectations remain well anchored at 2 percent. The Committee expects to maintain an accommodative stance of monetary policy until these outcomes are achieved. The Committee decided to keep the target range for the federal funds rate at 0 to 1/4 percent and expects it will be appropriate to maintain this target range until labor"
FED,2021-03-17,FED_2021_03,hold,0.0,0.125,0.9,explicit_unchanged_keyword,FOMC statement,Fed target range 0 to 0.25 percent; midpoint stored.,"s longer-run goal, the Committee will aim to achieve inflation moderately above 2 percent for some time so that inflation averages 2 percent over time and longer‑term inflation expectations remain well anchored at 2 percent. The Committee expects to maintain an accommodative stance of monetary policy until these outcomes are achieved. The Committee decided to keep the target range for the federal funds rate at 0 to 1/4 percent and expects it will be appropriate to maintain this target range until (more)"
FED,2021-04-28,FED_2021_04,hold,0.0,0.125,0.9,explicit_unchanged_keyword,FOMC statement,Fed target range 0 to 0.25 percent; midpoint stored.,"s longer-run goal, the Committee will aim to achieve inflation moderately above 2 percent for some time so that inflation averages 2 percent over time and longer‑term inflation expectations remain well anchored at 2 percent. The Committee expects to maintain an accommodative stance of monetary policy until these outcomes are achieved. The Committee decided to keep the target range for the federal funds rate at 0 to 1/4 percent and expects it will be appropriate to maintain this target range until labor"
FED,2021-06-16,FED_2021_06,hold,0.0,0.125,0.9,explicit_unchanged_keyword,FOMC statement,Fed target range 0 to 0.25 percent; midpoint stored.,"s longer-run goal, the Committee will aim to achieve inflation moderately above 2 percent for some time so that inflation averages 2 percent over time and longer‑term inflation expectations remain well anchored at 2 percent. The Committee expects to maintain an accommodative stance of monetary policy until these outcomes are achieved. The Committee decided to keep the target range for the federal funds rate at 0 to 1/4 percent and expects it will be appropriate to maintain this target range until labor"
FED,2021-07-28,FED_2021_07,hold,0.0,0.125,0.9,explicit_unchanged_keyword,FOMC statement,Fed target range 0 to 0.25 percent; midpoint stored.,"s longer-run goal, the Committee will aim to achieve inflation moderately above 2 percent for some time so that inflation averages 2 percent over time and longer‑term inflation expectations remain well anchored at 2 percent. The Committee expects to maintain an accommodative stance of monetary policy until these outcomes are achieved. The Committee decided to keep the target range for the federal funds rate at 0 to 1/4 percent and expects it will be appropriate to maintain this target range until labor"
FED,2021-09-22,FED_2021_09,hold,0.0,0.125,0.9,explicit_unchanged_keyword,FOMC statement,Fed target range 0 to 0.25 percent; midpoint stored.,"s longer-run goal, the Committee will aim to achieve inflation moderately above 2 percent for some time so that inflation averages 2 percent over time and longer‑term inflation expectations remain well anchored at 2 percent. The Committee expects to maintain an accommodative stance of monetary policy until these outcomes are achieved. The Committee decided to keep the target range for the federal funds rate at 0 to 1/4 percent and expects it will be appropriate to maintain this target range until labor"
FED,2021-11-03,FED_2021_11,hold,0.0,,0.5,explicit_unchanged_keyword,FOMC statement,,"s longer-run goal, the Committee will aim to achieve inflation moderately above 2 percent for some time so that inflation averages 2 percent over time and longer‑term inflation expectations remain well anchored at 2 percent. The Committee expects to maintain an accommodative stance of monetary policy until these outcomes are achieved. The Committee decided to keep the target range for the federal funds rate (more) For release at 2 p.m. EDT November 3, 2021 -2- at 0 to 1/4 percent and expects it will be"
FED,2021-12-15,FED_2021_12,hold,0.0,0.125,0.9,explicit_unchanged_keyword,FOMC statement,Fed target range 0 to 0.25 percent; midpoint stored.,"lation. Risks to the economic outlook remain, including from new variants of the virus. The Committee seeks to achieve maximum employment and inflation at the rate of 2 percent over the longer run. In support of these goals, the Committee decided to keep the target range for the federal funds rate at 0 to 1/4 percent. With inflation having exceeded 2 percent for some time, the Committee expects it will be appropriate to maintain this target range until labor market conditions have reached levels con"
FED,2022-01-26,FED_2022_01,hold,0.0,0.125,0.9,explicit_unchanged_keyword,FOMC statement,Fed target range 0 to 0.25 percent; midpoint stored.,"lation. Risks to the economic outlook remain, including from new variants of the virus. The Committee seeks to achieve maximum employment and inflation at the rate of 2 percent over the longer run. In support of these goals, the Committee decided to keep the target range for the federal funds rate at 0 to 1/4 percent. With inflation well above 2 percent and a strong labor market, the Committee expects it will soon be appropriate to raise the target range for the federal funds rate. The Committee dec"
FED,2022-03-16,FED_2022_03,hold,0.0,,0.5,explicit_unchanged_keyword,FOMC statement,,"o execute transactions in the System Open Market Account in accordance with the following domestic policy directive: “Effective March 17, 2022, the Federal Open Market Committee directs the Desk to: o Undertake open market operations as necessary to maintain the federal funds rate in a target range of 1/4 to 1/2 percent. o Conduct overnight repurchase agreement operations with a minimum bid rate of 0.5 percent and with an aggregate operation limit of $500 billion; the aggregate operation limit can be te"
FED,2022-05-04,FED_2022_05,hold,0.0,,0.5,explicit_unchanged_keyword,FOMC statement,,", to execute transactions in the System Open Market Account in accordance with the following domestic policy directive: “Effective May 5, 2022, the Federal Open Market Committee directs the Desk to: o Undertake open market operations as necessary to maintain the federal funds rate in a target range of 3/4 to 1 percent. o Conduct overnight repurchase agreement operations with a minimum bid rate of 1.0 percent and with an aggregate operation limit of $500 billion; the aggregate operation limit can be temp"
FED,2022-06-15,FED_2022_06,hold,0.0,,0.5,explicit_unchanged_keyword,FOMC statement,,"to execute transactions in the System Open Market Account in accordance with the following domestic policy directive: “Effective June 16, 2022, the Federal Open Market Committee directs the Desk to: o Undertake open market operations as necessary to maintain the federal funds rate in a target range of 1-1/2 to 1-3/4 percent. o Conduct overnight repurchase agreement operations with a minimum bid rate of 1.75 percent and with an aggregate operation limit of $500 billion; the aggregate operation limit can"
FED,2022-07-27,FED_2022_07,hold,0.0,,0.5,explicit_unchanged_keyword,FOMC statement,,"to execute transactions in the System Open Market Account in accordance with the following domestic policy directive: “Effective July 28, 2022, the Federal Open Market Committee directs the Desk to: o Undertake open market operations as necessary to maintain the federal funds rate in a target range of 2-1/4 to 2-1/2 percent. o Conduct overnight repurchase agreement operations with a minimum bid rate of 2.5 percent and with an aggregate operation limit of $500 billion; the aggregate operation limit can b"
FED,2022-09-21,FED_2022_09,hold,0.0,,0.5,explicit_unchanged_keyword,FOMC statement,,"ecute transactions in the System Open Market Account in accordance with the following domestic policy directive: ""Effective September 22, 2022, the Federal Open Market Committee directs the Desk to: o Undertake open market operations as necessary to maintain the federal funds rate in a target range of 3 to 3-1/4 percent. o Conduct overnight repurchase agreement operations with a minimum bid rate of 3.25 percent and with an aggregate operation limit of $500 billion; the aggregate operation limit can be t"
FED,2022-11-02,FED_2022_11,hold,0.0,,0.5,explicit_unchanged_keyword,FOMC statement,,"execute transactions in the System Open Market Account in accordance with the following domestic policy directive: ""Effective November 3, 2022, the Federal Open Market Committee directs the Desk to: o Undertake open market operations as necessary to maintain the federal funds rate in a target range of 3-3/4 to 4 percent. o Conduct overnight repurchase agreement operations with a minimum bid rate of 4 percent and with an aggregate operation limit of $500 billion; the aggregate operation limit can be temp"
FED,2022-12-14,FED_2022_12,hold,0.0,,0.5,explicit_unchanged_keyword,FOMC statement,,"xecute transactions in the System Open Market Account in accordance with the following domestic policy directive: ""Effective December 15, 2022, the Federal Open Market Committee directs the Desk to: o Undertake open market operations as necessary to maintain the federal funds rate in a target range of 4-1/4 to 4-1/2 percent. o Conduct overnight repurchase agreement operations with a minimum bid rate of 4.5 percent and with an aggregate operation limit of $500 billion; the aggregate operation limit can b"
FED,2023-02-01,FED_2023_02,hold,0.0,,0.5,explicit_unchanged_keyword,FOMC statement,,"execute transactions in the System Open Market Account in accordance with the following domestic policy directive: ""Effective February 2, 2023, the Federal Open Market Committee directs the Desk to: o Undertake open market operations as necessary to maintain the federal funds rate in a target range of 4-1/2 to 4-3/4 percent. o Conduct overnight repurchase agreement operations with a minimum bid rate of 4.75 percent and with an aggregate operation limit of $500 billion; the aggregate operation limit can"
FED,2023-03-22,FED_2023_03,hold,0.0,,0.5,explicit_unchanged_keyword,FOMC statement,,"o execute transactions in the System Open Market Account in accordance with the following domestic policy directive: ""Effective March 23, 2023, the Federal Open Market Committee directs the Desk to: o Undertake open market operations as necessary to maintain the federal funds rate in a target range of 4-3/4 to 5 percent. o Conduct standing overnight repurchase agreement operations with a minimum bid rate of 5 percent and with an aggregate operation limit of $500 billion. o Conduct standing overnight rev"
FED,2023-05-03,FED_2023_05,hold,0.0,,0.5,explicit_unchanged_keyword,FOMC statement,,", to execute transactions in the System Open Market Account in accordance with the following domestic policy directive: ""Effective May 4, 2023, the Federal Open Market Committee directs the Desk to: o Undertake open market operations as necessary to maintain the federal funds rate in a target range of 5 to 5-1/4 percent. o Conduct standing overnight repurchase agreement operations with a minimum bid rate of 5.25 percent and with an aggregate operation limit of $500 billion. o Conduct standing overnight"
FED,2023-06-14,FED_2023_06,hold,0.0,5.125,0.9,explicit_unchanged_keyword,FOMC statement,Fed target range 5 to 5.25 percent; midpoint stored.,"e effects remains uncertain. The Committee remains highly attentive to inflation risks. The Committee seeks to achieve maximum employment and inflation at the rate of 2 percent over the longer run. In support of these goals, the Committee decided to maintain the target range for the federal funds rate at 5 to 5-1/4 percent. Holding the target range steady at this meeting allows the Committee to assess additional information and its implications for monetary policy. In determining the extent of additiona"
FED,2023-07-26,FED_2023_07,hold,0.0,,0.5,explicit_unchanged_keyword,FOMC statement,,"to execute transactions in the System Open Market Account in accordance with the following domestic policy directive: ""Effective July 27, 2023, the Federal Open Market Committee directs the Desk to: o Undertake open market operations as necessary to maintain the federal funds rate in a target range of 5-1/4 to 5-1/2 percent. o Conduct standing overnight repurchase agreement operations with a minimum bid rate of 5.5 percent and with an aggregate operation limit of $500 billion. o Conduct standing overnig"
FED,2023-09-20,FED_2023_09,hold,0.0,5.375,0.9,explicit_unchanged_keyword,FOMC statement,Fed target range 5.25 to 5.5 percent; midpoint stored.,"e effects remains uncertain. The Committee remains highly attentive to inflation risks. The Committee seeks to achieve maximum employment and inflation at the rate of 2 percent over the longer run. In support of these goals, the Committee decided to maintain the target range for the federal funds rate at 5-1/4 to 5-1/2 percent. The Committee will continue to assess additional information and its implications for monetary policy. In determining the extent of additional policy firming that may be appropri"
FED,2023-11-01,FED_2023_11,hold,0.0,5.375,0.9,explicit_unchanged_keyword,FOMC statement,Fed target range 5.25 to 5.5 percent; midpoint stored.,"e effects remains uncertain. The Committee remains highly attentive to inflation risks. The Committee seeks to achieve maximum employment and inflation at the rate of 2 percent over the longer run. In support of these goals, the Committee decided to maintain the target range for the federal funds rate at 5-1/4 to 5-1/2 percent. The Committee will continue to assess additional information and its implications for monetary policy. In determining the extent of additional policy firming that may be appropri"
FED,2023-12-13,FED_2023_12,hold,0.0,5.375,0.9,explicit_unchanged_keyword,FOMC statement,Fed target range 5.25 to 5.5 percent; midpoint stored.,"e effects remains uncertain. The Committee remains highly attentive to inflation risks. The Committee seeks to achieve maximum employment and inflation at the rate of 2 percent over the longer run. In support of these goals, the Committee decided to maintain the target range for the federal funds rate at 5-1/4 to 5-1/2 percent. The Committee will continue to assess additional information and its implications for monetary policy. In determining the extent of any additional policy firming that may be appr"
FED,2024-01-31,FED_2024_01,hold,0.0,5.375,0.9,explicit_unchanged_keyword,FOMC statement,Fed target range 5.25 to 5.5 percent; midpoint stored.,"judges that the risks to achieving its employment and inflation goals are moving into better balance. The economic outlook is uncertain, and the Committee remains highly attentive to inflation risks. In support of its goals, the Committee decided to maintain the target range for the federal funds rate at 5-1/4 to 5-1/2 percent. In considering any adjustments to the target range for the federal funds rate, the Committee will carefully assess incoming data, the evolving outlook, and the balance of risks."
FED,2024-03-20,FED_2024_03,hold,0.0,5.375,0.9,explicit_unchanged_keyword,FOMC statement,Fed target range 5.25 to 5.5 percent; midpoint stored.,"judges that the risks to achieving its employment and inflation goals are moving into better balance. The economic outlook is uncertain, and the Committee remains highly attentive to inflation risks. In support of its goals, the Committee decided to maintain the target range for the federal funds rate at 5-1/4 to 5-1/2 percent. In considering any adjustments to the target range for the federal funds rate, the Committee will carefully assess incoming data, the evolving outlook, and the balance of risks."
FED,2024-05-01,FED_2024_05,hold,0.0,5.375,0.9,explicit_unchanged_keyword,FOMC statement,Fed target range 5.25 to 5.5 percent; midpoint stored.,"to achieving its employment and inflation goals have moved toward better balance over the past year. The economic outlook is uncertain, and the Committee remains highly attentive to inflation risks. In support of its goals, the Committee decided to maintain the target range for the federal funds rate at 5-1/4 to 5-1/2 percent. In considering any adjustments to the target range for the federal funds rate, the Committee will carefully assess incoming data, the evolving outlook, and the balance of risks."
FED,2024-06-12,FED_2024_06,hold,0.0,5.375,0.9,explicit_unchanged_keyword,FOMC statement,Fed target range 5.25 to 5.5 percent; midpoint stored.,"to achieving its employment and inflation goals have moved toward better balance over the past year. The economic outlook is uncertain, and the Committee remains highly attentive to inflation risks. In support of its goals, the Committee decided to maintain the target range for the federal funds rate at 5-1/4 to 5-1/2 percent. In considering any adjustments to the target range for the federal funds rate, the Committee will carefully assess incoming data, the evolving outlook, and the balance of risks."
FED,2024-07-31,FED_2024_07,hold,0.0,5.375,0.9,explicit_unchanged_keyword,FOMC statement,Fed target range 5.25 to 5.5 percent; midpoint stored.,"to achieving its employment and inflation goals continue to move into better balance. The economic outlook is uncertain, and the Committee is attentive to the risks to both sides of its dual mandate. In support of its goals, the Committee decided to maintain the target range for the federal funds rate at 5-1/4 to 5-1/2 percent. In considering any adjustments to the target range for the federal funds rate, the Committee will carefully assess incoming data, the evolving outlook, and the balance of risks."
FED,2024-09-18,FED_2024_09,hold,0.0,,0.5,explicit_unchanged_keyword,FOMC statement,,"ecute transactions in the System Open Market Account in accordance with the following domestic policy directive: ""Effective September 19, 2024, the Federal Open Market Committee directs the Desk to: o Undertake open market operations as necessary to maintain the federal funds rate in a target range of 4-3/4 to 5 percent. o Conduct standing overnight repurchase agreement operations with a minimum bid rate of 5 percent and with an aggregate operation limit of $500 billion. o Conduct standing overnight rev"
FED,2024-11-07,FED_2024_11,hold,0.0,,0.5,explicit_unchanged_keyword,FOMC statement,,"execute transactions in the System Open Market Account in accordance with the following domestic policy directive: ""Effective November 8, 2024, the Federal Open Market Committee directs the Desk to: o Undertake open market operations as necessary to maintain the federal funds rate in a target range of 4-1/2 to 4-3/4 percent. o Conduct standing overnight repurchase agreement operations with a minimum bid rate of 4.75 percent and with an aggregate operation limit of $500 billion. o Conduct standing overni"
FED,2024-12-18,FED_2024_12,hold,0.0,4.625,0.9,explicit_unchanged_keyword,FOMC statement,Fed target range 4.5 to 4.75 percent; midpoint stored.,"ams, Vice Chair; Thomas I. Barkin; Michael S. Barr; Raphael W. Bostic; Michelle W. Bowman; Lisa D. Cook; Mary C. Daly; Philip N. Jefferson; Adriana D. Kugler; and Christopher J. Waller. Voting against the action was Beth M. Hammack, who preferred to maintain the target range for the federal funds rate at 4-1/2 to 4-3/4 percent. -0- Attachment For media inquiries, please email media@frb.gov or call 202-452-2955. For release at 2:00 p.m. EST December 18, 2024 Decisions Regarding Monetary Policy Implementa"
FED,2025-01-29,FED_2025_01,hold,0.0,4.375,0.9,explicit_unchanged_keyword,FOMC statement,Fed target range 4.25 to 4.5 percent; midpoint stored.,"hat the risks to achieving its employment and inflation goals are roughly in balance. The economic outlook is uncertain, and the Committee is attentive to the risks to both sides of its dual mandate. In support of its goals, the Committee decided to maintain the target range for the federal funds rate at 4-1/4 to 4-1/2 percent. In considering the extent and timing of additional adjustments to the target range for the federal funds rate, the Committee will carefully assess incoming data, the evolving out"
FED,2025-03-19,FED_2025_03,hold,0.0,4.375,0.9,explicit_unchanged_keyword,FOMC statement,Fed target range 4.25 to 4.5 percent; midpoint stored.,"mployment and inflation at the rate of 2 percent over the longer run. Uncertainty around the economic outlook has increased. The Committee is attentive to the risks to both sides of its dual mandate. In support of its goals, the Committee decided to maintain the target range for the federal funds rate at 4-1/4 to 4-1/2 percent. In considering the extent and timing of additional adjustments to the target range for the federal funds rate, the Committee will carefully assess incoming data, the evolving out"
FED,2025-05-07,FED_2025_05,hold,0.0,4.375,0.9,explicit_unchanged_keyword,FOMC statement,Fed target range 4.25 to 4.5 percent; midpoint stored.,"the economic outlook has increased further. The Committee is attentive to the risks to both sides of its dual mandate and judges that the risks of higher unemployment and higher inflation have risen. In support of its goals, the Committee decided to maintain the target range for the federal funds rate at 4-1/4 to 4-1/2 percent. In considering the extent and timing of additional adjustments to the target range for the federal funds rate, the Committee will carefully assess incoming data, the evolving out"
FED,2025-06-18,FED_2025_06,hold,0.0,4.375,0.9,explicit_unchanged_keyword,FOMC statement,Fed target range 4.25 to 4.5 percent; midpoint stored.,"on at the rate of 2 percent over the longer run. Uncertainty about the economic outlook has diminished but remains elevated. The Committee is attentive to the risks to both sides of its dual mandate. In support of its goals, the Committee decided to maintain the target range for the federal funds rate at 4-1/4 to 4-1/2 percent. In considering the extent and timing of additional adjustments to the target range for the federal funds rate, the Committee will carefully assess incoming data, the evolving out"
FED,2025-07-30,FED_2025_07,hold,0.0,4.375,0.9,explicit_unchanged_keyword,FOMC statement,Fed target range 4.25 to 4.5 percent; midpoint stored.,"loyment and inflation at the rate of 2 percent over the longer run. Uncertainty about the economic outlook remains elevated. The Committee is attentive to the risks to both sides of its dual mandate. In support of its goals, the Committee decided to maintain the target range for the federal funds rate at 4-1/4 to 4-1/2 percent. In considering the extent and timing of additional adjustments to the target range for the federal funds rate, the Committee will carefully assess incoming data, the evolving out"
FED,2025-08-22,FED_2025_08,hold,0.0,,0.5,explicit_unchanged_keyword,Monetary Policy and the Fedâs Framework Review,,"little changed or have softened only modestly, including quits, layoffs, the ratio of vacancies to unemployment, and nominal wage growth. Labor supply has softened in line with demand, sharply lowering the ""breakeven"" rate of job creation needed to hold the unemployment rate constant. Indeed, labor force growth has slowed considerably this year with the sharp falloff in immigration, and the labor force participation rate has edged down in recent months. Overall, while the labor market appears to be"
FED,2025-09-17,FED_2025_09,hold,0.0,,0.5,explicit_unchanged_keyword,FOMC statement,,"ecute transactions in the System Open Market Account in accordance with the following domestic policy directive: ""Effective September 18, 2025, the Federal Open Market Committee directs the Desk to: o Undertake open market operations as necessary to maintain the federal funds rate in a target range of 4 to 4-1/4 percent. o Conduct standing overnight repurchase agreement operations with a minimum bid rate of 4.25 percent and with an aggregate operation limit of $500 billion. o Conduct standing overnight"
FED,2025-10-29,FED_2025_10,hold,0.0,,0.5,explicit_unchanged_keyword,FOMC statement,,"execute transactions in the System Open Market Account in accordance with the following domestic policy directive: ""Effective October 30, 2025, the Federal Open Market Committee directs the Desk to: o Undertake open market operations as necessary to maintain the federal funds rate in a target range of 3-3/4 to 4 percent. o Conduct standing overnight repurchase agreement operations with a minimum bid rate of 4.0 percent and with an aggregate operation limit of $500 billion. o Conduct standing overnight r"
FED,2025-12-10,FED_2025_12,hold,0.0,,0.5,explicit_unchanged_keyword,FOMC statement,,") -2- inflation pressures and inflation expectations, and financial and international developments. The Committee judges that reserve balances have declined to ample levels and will initiate purchases of shorter-term Treasury securities as needed to maintain an ample supply of reserves on an ongoing basis. Voting for the monetary policy action were Jerome H. Powell, Chair; John C. Williams, Vice Chair; Michael S. Barr; Michelle W. Bowman; Susan M. Collins; Lisa D. Cook; Philip N. Jefferson; Alberto G. M"
FED,2026-01-28,FED_2026_01,hold,0.0,3.625,0.9,explicit_unchanged_keyword,FOMC statement,Fed target range 3.5 to 3.75 percent; midpoint stored.,"loyment and inflation at the rate of 2 percent over the longer run. Uncertainty about the economic outlook remains elevated. The Committee is attentive to the risks to both sides of its dual mandate. In support of its goals, the Committee decided to maintain the target range for the federal funds rate at 3-1/2 to 3-3/4 percent. In considering the extent and timing of additional adjustments to the target range for the federal funds rate, the Committee will carefully assess incoming data, the evolving out"
FED,2026-03-18,FED_2026_03,hold,0.0,,0.5,explicit_unchanged_keyword,FOMC statement,,"e economic outlook remains elevated. The implications of developments in the Middle East for the U.S. economy are uncertain. The Committee is attentive to the risks to both sides of its dual mandate. In support of its goals, the Committee decided to maintain the target range for the federal funds rate at 3‑1/2 to 3‑3/4 percent. In considering the extent and timing of additional adjustments to the target range for the federal funds rate, the Committee will carefully assess incoming data, the evolving out"
FED,2026-04-29,FED_2026_04,hold,0.0,,0.5,explicit_unchanged_keyword,FOMC statement,,"the longer run. Developments in the Middle East are contributing to a high level of uncertainty about the economic outlook. The Committee is attentive to the risks to both sides of its dual mandate. In support of its goals, the Committee decided to maintain the target range for the federal funds rate at 3‑1/2 to 3‑3/4 percent. In considering the extent and timing of additional adjustments to the target range for the federal funds rate, the Committee will carefully assess incoming data, the evolving out"
NORGES_BANK,2021-06-01,NORGES_BANK_2021_06_A,unknown,,,0.0,unknown,Pengepolitisk rapport med vurdering av finansiell stabilitet 1/2021,,
NORGES_BANK,2021-06-01,NORGES_BANK_2021_06_B,unknown,,,0.0,unknown,Pengepolitisk rapport med vurdering av finansiell stabilitet 2/2021,,
NORGES_BANK,2021-06-01,NORGES_BANK_2021_06_C,unknown,,,0.0,unknown,Pengepolitisk rapport med vurdering av finansiell stabilitet 3/2021,,
NORGES_BANK,2021-06-01,NORGES_BANK_2021_06_D,hold,0.0,,0.5,explicit_unchanged_keyword,Monetary policy strategy - from mandate to decisions,,displayed. Speech Monetary policy strategy - from mandate to decisions Speech by Governor Øystein Olsen at the Centre for Monetary Economics (CME) / BI Norwegian Business School on 20 October 2021. Introduction The main task of monetary policy is to maintain monetary stability. How that task is carried out has varied over the years. Today’s monetary policy regime in Norway - inflation targeting - will this year have been in operation for 20 years. The regime has long since overcome its teething problems
NORGES_BANK,2022-06-01,NORGES_BANK_2022_06_A,unknown,,,0.0,unknown,Pengepolitisk rapport med vurdering av finansiell stabilitet 1/2022,,
NORGES_BANK,2022-06-01,NORGES_BANK_2022_06_B,unknown,,,0.0,unknown,Pengepolitisk rapport med vurdering av finansiell stabilitet 2/2022,,
NORGES_BANK,2022-06-01,NORGES_BANK_2022_06_C,unknown,,,0.0,unknown,Pengepolitisk rapport med vurdering av finansiell stabilitet 3/2022,,
NORGES_BANK,2022-06-01,NORGES_BANK_2022_06_D,hold,0.0,,0.5,explicit_unchanged_keyword,Monetary policy and inflation,,"ent with the task that we have been given. Chart: Regulation on Monetary Policy The central bank’s task is enshrined in the Central Bank Act and further specified in the Regulation on Monetary Policy. The Regulation states that monetary policy shall maintain monetary stability by keeping inflation low and stable. High inflation is costly to society. Inflation tends to become much more variable at high levels. Uncertainty about the inflation outlook increases, and economic planning becomes more difficult"
NORGES_BANK,2023-06-01,NORGES_BANK_2023_06_A,unknown,,,0.0,unknown,Pengepolitisk rapport 1/2023,,
NORGES_BANK,2023-06-01,NORGES_BANK_2023_06_B,unknown,,,0.0,unknown,Pengepolitisk rapport 2/2023,,
NORGES_BANK,2023-06-01,NORGES_BANK_2023_06_C,unknown,,,0.0,unknown,Pengepolitisk rapport 3/2023,,
NORGES_BANK,2023-06-01,NORGES_BANK_2023_06_D,hike,50.0,,0.8,explicit_bps_change,Monetary policy and the krone exchange rate,,". [Chart: The exchange rate reacts to policy rate surprises- example from the monetary policy meeting on 22 June 2023] As an example, let us look at the announcement of our policy rate decision on Thursday, 22 June, of this year. The policy rate was raised by 50 basis points. This surprised the markets. The policy rate forecast we published in Monetary Policy Report on the same day was also somewhat above the market’s policy rate expectations. Here you see what happened to the exchange rate and market interest rates whe"
NORGES_BANK,2024-06-01,NORGES_BANK_2024_06_A,unknown,,,0.0,unknown,Pengepolitisk rapport 1/2024,text file missing: data\NORGES_BANK\Monetary Policy\2024-06-01 - Pengepolitisk rapport 1_2024.txt,
NORGES_BANK,2024-06-01,NORGES_BANK_2024_06_B,unknown,,,0.0,unknown,Pengepolitisk rapport 2/2024,text file missing: data\NORGES_BANK\Monetary Policy\2024-06-01 - Pengepolitisk rapport 2_2024.txt,
NORGES_BANK,2024-06-01,NORGES_BANK_2024_06_C,unknown,,,0.0,unknown,Pengepolitisk rapport 3/2024,text file missing: data\NORGES_BANK\Monetary Policy\2024-06-01 - Pengepolitisk rapport 3_2024.txt,
NORGES_BANK,2024-06-01,NORGES_BANK_2024_06_D,hold,0.0,4.5,0.9,explicit_unchanged_keyword,Monetary policy trade-offs in a small open economy – the case of Norway,,"g on interest rate setting and the speed at which we aim to bring inflation back to target. [Chart: Inflation will slow and unemployment edge up] At the time of our latest monetary policy meeting, our assessment was that the policy rate needed to be kept at today’s level for a period ahead. At the same time, we are approaching the time to lower the interest rate. With the September policy rate path, inflation is projected to move down further and approach 2 percent towards the end of 2027. Unemploym"
NORGES_BANK,2025-06-01,NORGES_BANK_2025_06_A,unknown,,,0.0,unknown,Pengepolitisk rapport 1/2025,text file missing: data\NORGES_BANK\Monetary Policy\2025-06-01 - Pengepolitisk rapport 1_2025.txt,
NORGES_BANK,2025-06-01,NORGES_BANK_2025_06_B,unknown,,,0.0,unknown,Pengepolitisk rapport 2/2025,text file missing: data\NORGES_BANK\Monetary Policy\2025-06-01 - Pengepolitisk rapport 2_2025.txt,
NORGES_BANK,2025-06-01,NORGES_BANK_2025_06_C,unknown,,,0.0,unknown,Pengepolitisk rapport 3/2025,,
NORGES_BANK,2025-06-01,NORGES_BANK_2025_06_D,hold,0.0,,0.5,explicit_unchanged_keyword,Research-based models in monetary policy decision-making,,ll take this opportunity to present some updated research results that support this relationship. Norges Bank is tasked with keeping inflation low and stable. The operational target is inflation of close to 2% over time. We are also mandated to help keep employment as high as possible and to promote economic stability. Our work to achieve this is supported by macroeconomic models. A good macroeconomic model is based on theoretical and empirical knowledge accumulated over time and helps us structure
NORGES_BANK,2026-06-01,NORGES_BANK_2026_06,unknown,,,0.0,unknown,Pengepolitisk rapport 1/2026,text file missing: data\NORGES_BANK\Monetary Policy\2026-06-01 - Pengepolitisk rapport 1_2026.txt,
RBA,2021-02-02,RBA_2021_02,hold,0.0,,0.5,explicit_unchanged_keyword,2 February 2021,,"rba.gov.au/media-releases/2021/mr-21-01.html DOCUMENT TYPE: html ==== EXTRACTED TEXT START ==== Media Release Statement by Philip Lowe, Governor: Monetary Policy Decision Number 2021-01 Date 2 February 2021 At its meeting today, the Board decided to maintain the targets of 10 basis points for the cash rate and the yield on the 3-year Australian Government bond, as well as the parameters of the Term Funding Facility. It also decided to purchase an additional $100 billion of bonds issued by the Australian"
RBA,2021-03-02,RBA_2021_03,hold,0.0,,0.5,explicit_unchanged_keyword,2 March 2021,,"ww.rba.gov.au/media-releases/2021/mr-21-03.html DOCUMENT TYPE: html ==== EXTRACTED TEXT START ==== Media Release Statement by Philip Lowe, Governor: Monetary Policy Decision Number 2021-03 Date 2 March 2021 At its meeting today, the Board decided to maintain the current policy settings, including the targets of 10 basis points for the cash rate and the yield on the 3-year Australian Government bond, as well as the parameters of the Term Funding Facility and the government bond purchase program. The outl"
RBA,2021-04-06,RBA_2021_04,hold,0.0,,0.5,explicit_unchanged_keyword,6 April 2021,,"ww.rba.gov.au/media-releases/2021/mr-21-04.html DOCUMENT TYPE: html ==== EXTRACTED TEXT START ==== Media Release Statement by Philip Lowe, Governor: Monetary Policy Decision Number 2021-04 Date 6 April 2021 At its meeting today, the Board decided to maintain the current policy settings, including the targets of 10 basis points for the cash rate and the yield on the 3-year Australian Government bond, as well as the parameters of the Term Funding Facility and the government bond purchase program. The roll"
RBA,2021-05-04,RBA_2021_05,hold,0.0,,0.5,explicit_unchanged_keyword,4 May 2021,,"/www.rba.gov.au/media-releases/2021/mr-21-06.html DOCUMENT TYPE: html ==== EXTRACTED TEXT START ==== Media Release Statement by Philip Lowe, Governor: Monetary Policy Decision Number 2021-06 Date 4 May 2021 At its meeting today, the Board decided to maintain the current policy settings, including the targets of 10 basis points for the cash rate and the yield on the 3-year Australian Government bond, as well as the parameters of the Term Funding Facility and the government bond purchase program. The glob"
RBA,2021-06-01,RBA_2021_06,hold,0.0,,0.5,explicit_unchanged_keyword,1 June 2021,,"www.rba.gov.au/media-releases/2021/mr-21-09.html DOCUMENT TYPE: html ==== EXTRACTED TEXT START ==== Media Release Statement by Philip Lowe, Governor: Monetary Policy Decision Number 2021-09 Date 1 June 2021 At its meeting today, the Board decided to maintain the current policy settings, including: the targets of 10 basis points for the cash rate and the yield on the 3-year Australian Government bond; the parameters of the government bond purchase program; and the rate of zero per cent on Exchange Settle"
RBA,2021-07-06,RBA_2021_07,hold,0.0,,0.5,explicit_unchanged_keyword,6 July 2021,,d target and retain the target of 10 basis points continue purchasing government bonds after the completion of the current bond purchase program in early September. These purchases will be at the rate of $4 billion a week until at least mid November maintain the cash rate target at 10 basis points and the interest rate on Exchange Settlement balances of zero per cent. These measures will provide the continuing monetary support that the economy needs as it transitions from the recovery phase to the expan
RBA,2021-08-03,RBA_2021_08,hold,0.0,,0.5,explicit_unchanged_keyword,3 August 2021,,".rba.gov.au/media-releases/2021/mr-21-14.html DOCUMENT TYPE: html ==== EXTRACTED TEXT START ==== Media Release Statement by Philip Lowe, Governor: Monetary Policy Decision Number 2021-14 Date 3 August 2021 At its meeting today, the Board decided to: maintain the cash rate target at 10 basis points and the interest rate on Exchange Settlement balances of zero per cent maintain the target of 10 basis points for the April 2024 Australian Government bond continue to purchase government securities at the rat"
RBA,2021-09-07,RBA_2021_09,hold,0.0,,0.5,explicit_unchanged_keyword,7 September 2021,,"a.gov.au/media-releases/2021/mr-21-19.html DOCUMENT TYPE: html ==== EXTRACTED TEXT START ==== Media Release Statement by Philip Lowe, Governor: Monetary Policy Decision Number 2021-19 Date 7 September 2021 At its meeting today, the Board decided to: maintain the cash rate target at 10 basis points and the interest rate on Exchange Settlement balances of zero per cent maintain the target of 10 basis points for the April 2024 Australian Government bond purchase government securities at the rate of $4 bill"
RBA,2021-10-05,RBA_2021_10,hold,0.0,,0.5,explicit_unchanged_keyword,5 October 2021,,"rba.gov.au/media-releases/2021/mr-21-22.html DOCUMENT TYPE: html ==== EXTRACTED TEXT START ==== Media Release Statement by Philip Lowe, Governor: Monetary Policy Decision Number 2021-22 Date 5 October 2021 At its meeting today, the Board decided to: maintain the cash rate target at 10 basis points and the interest rate on Exchange Settlement balances at zero per cent maintain the target of 10 basis points for the April 2024 Australian Government bond continue to purchase government securities at the rat"
RBA,2021-11-02,RBA_2021_11,hold,0.0,,0.5,explicit_unchanged_keyword,2 November 2021,,"ba.gov.au/media-releases/2021/mr-21-24.html DOCUMENT TYPE: html ==== EXTRACTED TEXT START ==== Media Release Statement by Philip Lowe, Governor: Monetary Policy Decision Number 2021-24 Date 2 November 2021 At its meeting today, the Board decided to: maintain the cash rate target at 10 basis points and the interest rate on Exchange Settlement balances at zero per cent continue to purchase government securities at the rate of $4 billion a week until at least mid February 2022 discontinue the target of 10"
RBA,2021-12-07,RBA_2021_12,hold,0.0,,0.5,explicit_unchanged_keyword,7 December 2021,,"ba.gov.au/media-releases/2021/mr-21-29.html DOCUMENT TYPE: html ==== EXTRACTED TEXT START ==== Media Release Statement by Philip Lowe, Governor: Monetary Policy Decision Number 2021-29 Date 7 December 2021 At its meeting today, the Board decided to: maintain the cash rate target at 10 basis points and the interest rate on Exchange Settlement balances at zero per cent continue to purchase government securities at the rate of $4 billion a week until at least mid February 2022. The Australian economy is re"
RBA,2022-02-01,RBA_2022_02,hold,0.0,,0.5,explicit_unchanged_keyword,1 February 2022,,"rba.gov.au/media-releases/2022/mr-22-02.html DOCUMENT TYPE: html ==== EXTRACTED TEXT START ==== Media Release Statement by Philip Lowe, Governor: Monetary Policy Decision Number 2022-02 Date 1 February 2022 At its meeting today, the Board decided to maintain the cash rate target at 10 basis points and the interest rate on Exchange Settlement balances at zero per cent. It also decided to cease further purchases under the bond purchase program, with the final purchases to take place on 10 February. The Om"
RBA,2022-03-01,RBA_2022_03,hold,0.0,,0.5,explicit_unchanged_keyword,1 March 2022,,"ww.rba.gov.au/media-releases/2022/mr-22-05.html DOCUMENT TYPE: html ==== EXTRACTED TEXT START ==== Media Release Statement by Philip Lowe, Governor: Monetary Policy Decision Number 2022-05 Date 1 March 2022 At its meeting today, the Board decided to maintain the cash rate target at 10 basis points and the interest rate on Exchange Settlement balances at zero per cent. The global economy is continuing to recover from the pandemic. However, the war in Ukraine is a major new source of uncertainty. Inflatio"
RBA,2022-04-05,RBA_2022_04,hold,0.0,,0.5,explicit_unchanged_keyword,5 April 2022,,"ww.rba.gov.au/media-releases/2022/mr-22-11.html DOCUMENT TYPE: html ==== EXTRACTED TEXT START ==== Media Release Statement by Philip Lowe, Governor: Monetary Policy Decision Number 2022-11 Date 5 April 2022 At its meeting today, the Board decided to maintain the cash rate target at 10 basis points and the interest rate on Exchange Settlement balances at zero per cent. Inflation has increased sharply in many parts of the world. Ongoing supply-side problems, Russia's invasion of Ukraine and strong demand"
RBA,2022-05-03,RBA_2022_05,hike,25.0,,0.8,explicit_bps_change,3 May 2022,,"/www.rba.gov.au/media-releases/2022/mr-22-12.html DOCUMENT TYPE: html ==== EXTRACTED TEXT START ==== Media Release Statement by Philip Lowe, Governor: Monetary Policy Decision Number 2022-12 Date 3 May 2022 At its meeting today, the Board decided to increase the cash rate target by 25 basis points to 35 basis points. It also increased the interest rate on Exchange Settlement balances from zero per cent to 25 basis points. The Board judged that now was the right time to begin withdrawing some of the extraordinary monetary support that was put"
RBA,2022-06-07,RBA_2022_06,hike,50.0,,0.8,explicit_bps_change,7 June 2022,,"www.rba.gov.au/media-releases/2022/mr-22-14.html DOCUMENT TYPE: html ==== EXTRACTED TEXT START ==== Media Release Statement by Philip Lowe, Governor: Monetary Policy Decision Number 2022-14 Date 7 June 2022 At its meeting today, the Board decided to increase the cash rate target by 50 basis points to 85 basis points. It also increased the interest rate on Exchange Settlement balances by 50 basis points to 75 basis points. Inflation in Australia has increased significantly. While inflation is lower than in most other advanced economies, it is"
RBA,2022-07-05,RBA_2022_07,hike,50.0,,0.8,explicit_bps_change,5 July 2022,,"www.rba.gov.au/media-releases/2022/mr-22-20.html DOCUMENT TYPE: html ==== EXTRACTED TEXT START ==== Media Release Statement by Philip Lowe, Governor: Monetary Policy Decision Number 2022-20 Date 5 July 2022 At its meeting today, the Board decided to increase the cash rate target by 50 basis points to 1.35 per cent. It also increased the interest rate on Exchange Settlement balances by 50 basis points to 1.25 per cent. Global inflation is high. It is being boosted by COVID-related disruptions to supply chains, the war in Ukraine and strong dem"
RBA,2022-08-02,RBA_2022_08,hike,50.0,,0.8,explicit_bps_change,2 August 2022,,"w.rba.gov.au/media-releases/2022/mr-22-21.html DOCUMENT TYPE: html ==== EXTRACTED TEXT START ==== Media Release Statement by Philip Lowe, Governor: Monetary Policy Decision Number 2022-21 Date 2 August 2022 At its meeting today, the Board decided to increase the cash rate target by 50 basis points to 1.85 per cent. It also increased the interest rate on Exchange Settlement balances by 50 basis points to 1.75 per cent. The Board places a high priority on the return of inflation to the 2-3 per cent range over time, while keeping the economy on"
RBA,2022-09-06,RBA_2022_09,hike,50.0,,0.8,explicit_bps_change,6 September 2022,,"ba.gov.au/media-releases/2022/mr-22-28.html DOCUMENT TYPE: html ==== EXTRACTED TEXT START ==== Media Release Statement by Philip Lowe, Governor: Monetary Policy Decision Number 2022-28 Date 6 September 2022 At its meeting today, the Board decided to increase the cash rate target by 50 basis points to 2.35 per cent. It also increased the interest rate on Exchange Settlement balances by 50 basis points to 2.25 per cent. The Board is committed to returning inflation to the 2-3 per cent range over time. It is seeking to do this while keeping the"
RBA,2022-10-04,RBA_2022_10,hike,25.0,,0.8,explicit_bps_change,4 October 2022,,".rba.gov.au/media-releases/2022/mr-22-33.html DOCUMENT TYPE: html ==== EXTRACTED TEXT START ==== Media Release Statement by Philip Lowe, Governor: Monetary Policy Decision Number 2022-33 Date 4 October 2022 At its meeting today, the Board decided to increase the cash rate target by 25 basis points to 2.60 per cent. It also increased the interest rate on Exchange Settlement balances by 25 basis points to 2.50 per cent. The Board is committed to returning inflation to the 2-3 per cent range over time. Today’s increase in interest rates will hel"
RBA,2022-11-01,RBA_2022_11,hike,25.0,,0.8,explicit_bps_change,1 November 2022,,"rba.gov.au/media-releases/2022/mr-22-36.html DOCUMENT TYPE: html ==== EXTRACTED TEXT START ==== Media Release Statement by Philip Lowe, Governor: Monetary Policy Decision Number 2022-36 Date 1 November 2022 At its meeting today, the Board decided to increase the cash rate target by 25 basis points to 2.85 per cent. It also increased the interest rate on Exchange Settlement balances by 25 basis points to 2.75 per cent. As is the case in most countries, inflation in Australia is too high. Over the year to September, the CPI inflation rate was 7"
RBA,2022-12-06,RBA_2022_12,hike,25.0,,0.8,explicit_bps_change,6 December 2022,,"rba.gov.au/media-releases/2022/mr-22-41.html DOCUMENT TYPE: html ==== EXTRACTED TEXT START ==== Media Release Statement by Philip Lowe, Governor: Monetary Policy Decision Number 2022-41 Date 6 December 2022 At its meeting today, the Board decided to increase the cash rate target by 25 basis points to 3.10 per cent. It also increased the interest rate on Exchange Settlement balances by 25 basis points to 3.00 per cent. Inflation in Australia is too high, at 6.9 per cent over the year to October. Global factors explain much of this high inflati"
RBA,2023-02-07,RBA_2023_02,hike,25.0,,0.8,explicit_bps_change,7 February 2023,,"rba.gov.au/media-releases/2023/mr-23-04.html DOCUMENT TYPE: html ==== EXTRACTED TEXT START ==== Media Release Statement by Philip Lowe, Governor: Monetary Policy Decision Number 2023-04 Date 7 February 2023 At its meeting today, the Board decided to increase the cash rate target by 25 basis points to 3.35 per cent. It also increased the interest rate on Exchange Settlement balances by 25 basis points to 3.25 per cent. Global inflation remains very high. It is, however, moderating in response to lower energy prices, the resolution of supply-ch"
RBA,2023-03-07,RBA_2023_03,hike,25.0,,0.8,explicit_bps_change,7 March 2023,,"ww.rba.gov.au/media-releases/2023/mr-23-07.html DOCUMENT TYPE: html ==== EXTRACTED TEXT START ==== Media Release Statement by Philip Lowe, Governor: Monetary Policy Decision Number 2023-07 Date 7 March 2023 At its meeting today, the Board decided to increase the cash rate target by 25 basis points to 3.60 per cent. It also increased the interest rate on Exchange Settlement balances by 25 basis points to 3.50 per cent. Global inflation remains very high. In headline terms it is moderating, although services price inflation remains elevated in"
RBA,2023-04-04,RBA_2023_04,hold,0.0,,0.5,explicit_unchanged_keyword,4 April 2023,,"s/2023/mr-23-08.html DOCUMENT TYPE: html ==== EXTRACTED TEXT START ==== Media Release Statement by Philip Lowe, Governor: Monetary Policy Decision Number 2023-08 Date 4 April 2023 At its meeting today, the Board decided to leave the cash rate target unchanged at 3.60 per cent and the interest rate on Exchange Settlement balances unchanged at 3.50 per cent. This decision follows a cumulative increase in interest rates of 3½ percentage points since May last year. The Board recognises that monetary policy o"
RBA,2023-05-02,RBA_2023_05,hike,25.0,,0.8,explicit_bps_change,2 May 2023,,"/www.rba.gov.au/media-releases/2023/mr-23-10.html DOCUMENT TYPE: html ==== EXTRACTED TEXT START ==== Media Release Statement by Philip Lowe, Governor: Monetary Policy Decision Number 2023-10 Date 2 May 2023 At its meeting today, the Board decided to increase the cash rate target by 25 basis points to 3.85 per cent. It also increased the rate paid on Exchange Settlement balances by 25 basis points to 3.75 per cent. Inflation in Australia has passed its peak, but at 7 per cent is still too high and it will be some time yet before it is back in"
RBA,2023-06-06,RBA_2023_06,hike,25.0,,0.8,explicit_bps_change,6 June 2023,,"www.rba.gov.au/media-releases/2023/mr-23-13.html DOCUMENT TYPE: html ==== EXTRACTED TEXT START ==== Media Release Statement by Philip Lowe, Governor: Monetary Policy Decision Number 2023-13 Date 6 June 2023 At its meeting today, the Board decided to increase the cash rate target by 25 basis points to 4.10 per cent. It also increased the interest rate paid on Exchange Settlement balances by 25 basis points to 4.00 per cent. Inflation in Australia has passed its peak, but at 7 per cent is still too high and it will be some time yet before it is"
RBA,2023-07-04,RBA_2023_07,hold,0.0,,0.5,explicit_unchanged_keyword,4 July 2023,,"es/2023/mr-23-16.html DOCUMENT TYPE: html ==== EXTRACTED TEXT START ==== Media Release Statement by Philip Lowe, Governor: Monetary Policy Decision Number 2023-16 Date 4 July 2023 At its meeting today, the Board decided to leave the cash rate target unchanged at 4.10 per cent and the interest rate paid on Exchange Settlement balances unchanged at 4.00 per cent. Interest rates have been increased by 4 percentage points since May last year. The higher interest rates are working to establish a more sustaina"
RBA,2023-08-01,RBA_2023_08,hold,0.0,,0.5,explicit_unchanged_keyword,1 August 2023,,"/2023/mr-23-19.html DOCUMENT TYPE: html ==== EXTRACTED TEXT START ==== Media Release Statement by Philip Lowe, Governor: Monetary Policy Decision Number 2023-19 Date 1 August 2023 At its meeting today, the Board decided to leave the cash rate target unchanged at 4.10 per cent and the interest rate paid on Exchange Settlement balances unchanged at 4.00 per cent. Interest rates have been increased by 4 percentage points since May last year. The higher interest rates are working to establish a more sustaina"
RBA,2023-09-05,RBA_2023_09,hold,0.0,,0.5,explicit_unchanged_keyword,5 September 2023,,"23/mr-23-23.html DOCUMENT TYPE: html ==== EXTRACTED TEXT START ==== Media Release Statement by Philip Lowe, Governor: Monetary Policy Decision Number 2023-23 Date 5 September 2023 At its meeting today, the Board decided to leave the cash rate target unchanged at 4.10 per cent and the interest rate paid on Exchange Settlement balances unchanged at 4.00 per cent. Interest rates have been increased by 4 percentage points since May last year. The higher interest rates are working to establish a more sustaina"
RBA,2023-10-03,RBA_2023_10,hold,0.0,,0.5,explicit_unchanged_keyword,3 October 2023,,"/mr-23-25.html DOCUMENT TYPE: html ==== EXTRACTED TEXT START ==== Media Release Statement by Michele Bullock, Governor: Monetary Policy Decision Number 2023-25 Date 3 October 2023 At its meeting today, the Board decided to leave the cash rate target unchanged at 4.10 per cent and the interest rate paid on Exchange Settlement balances unchanged at 4.00 per cent. Interest rates have been increased by 4 percentage points since May last year. The higher interest rates are working to establish a more sustaina"
RBA,2023-11-07,RBA_2023_11,hike,25.0,,0.8,explicit_bps_change,7 November 2023,,"TED TEXT START ==== Media Release Statement by Michele Bullock, Governor: Monetary Policy Decision Number 2023-30 Date 7 November 2023 At its meeting today, the Board decided to raise the cash rate target by 25 basis points to 4.35 per cent. It also increased the interest rate paid on Exchange Settlement balances by 25 basis points to 4.25 per cent. Inflation in Australia has passed its peak but is still too high and is proving more persistent than expected a few months ago. The latest reading on CPI inflation indicates that while goods price inflation has eased further, the p"
RBA,2023-12-05,RBA_2023_12,hike,25.0,,0.8,explicit_bps_change,5 December 2023,,"ecision Number 2023-35 Date 5 December 2023 At its meeting today, the Board decided to leave the cash rate target unchanged at 4.35 per cent and the interest rate paid on Exchange Settlement balances unchanged at 4.25 per cent. Last month, the Board increased interest rates by 25 basis points, following a period of four months where it had held interest rates steady. This decision reflected the Board’s view that progress in bringing inflation back to the target range of 2 to 3 per cent was looking slower than earlier forecast. While the"
RBA,2024-02-06,RBA_2024_02,hold,0.0,,0.5,explicit_unchanged_keyword,6 February 2024,,"TEXT START ==== More on the February 2024 monetary policy decision Media Release Statement by the Reserve Bank Board: Monetary Policy Decision Number 2024-01 Date 6 February 2024 At its meeting today, the Board decided to leave the cash rate target unchanged at 4.35 per cent and the interest rate paid on Exchange Settlement balances unchanged at 4.25 per cent. Inflation continues to moderate but remains high. Inflation continued to ease in the December quarter. Despite this progress, inflation remains h"
RBA,2024-03-19,RBA_2024_03,hold,0.0,,0.5,explicit_unchanged_keyword,19 March 2024,,"ACTED TEXT START ==== More on the March 2024 monetary policy decision Media Release Statement by the Reserve Bank Board: Monetary Policy Decision Number 2024-05 Date 19 March 2024 At its meeting today, the Board decided to leave the cash rate target unchanged at 4.35 per cent and the interest rate paid on Exchange Settlement balances unchanged at 4.25 per cent. Inflation continues to moderate but remains high. Recent information suggests that inflation continues to moderate, in line with the RBA’s latest"
RBA,2024-05-07,RBA_2024_05,hold,0.0,,0.5,explicit_unchanged_keyword,7 May 2024,,"EXTRACTED TEXT START ==== More on the May 2024 monetary policy decision Media Release Statement by the Reserve Bank Board: Monetary Policy Decision Number 2024-08 Date 7 May 2024 At its meeting today, the Board decided to leave the cash rate target unchanged at 4.35 per cent and the interest rate paid on Exchange Settlement balances unchanged at 4.25 per cent. Inflation remains high and is falling more gradually than expected. Recent information indicates that inflation continues to moderate, but is dec"
RBA,2024-06-18,RBA_2024_06,hold,0.0,,0.5,explicit_unchanged_keyword,18 June 2024,,"TRACTED TEXT START ==== More on the June 2024 monetary policy decision Media Release Statement by the Reserve Bank Board: Monetary Policy Decision Number 2024-12 Date 18 June 2024 At its meeting today, the Board decided to leave the cash rate target unchanged at 4.35 per cent and the interest rate paid on Exchange Settlement balances unchanged at 4.25 per cent. Inflation remains above target and is proving persistent. Inflation has fallen substantially since its peak in 2022, as higher interest rates hav"
RBA,2024-08-06,RBA_2024_08,hold,0.0,,0.5,explicit_unchanged_keyword,6 August 2024,,"CTED TEXT START ==== More on the August 2024 monetary policy decision Media Release Statement by the Reserve Bank Board: Monetary Policy Decision Number 2024-15 Date 6 August 2024 At its meeting today, the Board decided to leave the cash rate target unchanged at 4.35 per cent and the interest rate paid on Exchange Settlement balances unchanged at 4.25 per cent. Inflation remains above target and is proving persistent. Inflation has fallen substantially since its peak in 2022, as higher interest rates hav"
RBA,2024-09-24,RBA_2024_09,hold,0.0,,0.5,explicit_unchanged_keyword,24 September 2024,,"XT START ==== More on the September 2024 monetary policy decision Media Release Statement by the Reserve Bank Board: Monetary Policy Decision Number 2024-18 Date 24 September 2024 At its meeting today, the Board decided to leave the cash rate target unchanged at 4.35 per cent and the interest rate paid on Exchange Settlement balances unchanged at 4.25 per cent. Inflation remains above target and is proving persistent. Inflation has fallen substantially since the peak in 2022, as higher interest rates hav"
RBA,2024-11-05,RBA_2024_11,hold,0.0,,0.5,explicit_unchanged_keyword,5 November 2024,,"TEXT START ==== More on the November 2024 monetary policy decision Media Release Statement by the Reserve Bank Board: Monetary Policy Decision Number 2024-24 Date 5 November 2024 At its meeting today, the Board decided to leave the cash rate target unchanged at 4.35 per cent and the interest rate paid on Exchange Settlement balances unchanged at 4.25 per cent. Underlying inflation remains too high. Inflation has fallen substantially since the peak in 2022, as higher interest rates have been working to b"
RBA,2024-12-10,RBA_2024_12,hold,0.0,,0.5,explicit_unchanged_keyword,10 December 2024,,"TEXT START ==== More on the December 2024 monetary policy decision Media Release Statement by the Reserve Bank Board: Monetary Policy Decision Number 2024-27 Date 10 December 2024 At its meeting today, the Board decided to leave the cash rate target unchanged at 4.35 per cent and the interest rate paid on Exchange Settlement balances unchanged at 4.25 per cent. Underlying inflation remains too high. Inflation has fallen substantially since the peak in 2022, as higher interest rates have been working to b"
RBA,2025-02-18,RBA_2025_02,cut,-25.0,,0.8,explicit_bps_change,Monetary Policy Decision,,"icy Decision Michele Bullock Governor Sydney - 18 February 2025 Audio 18.2MB Watch video: Media Conference - Monetary Policy Decision, Sydney Transcript Michele Bullock Good afternoon. Thank you all for coming. As you know the Board decided today to cut the cash rate by 25 basis points to 4.1%. The cash rate has been at 4.35% since November 2023. At that time in November ‘23 the upside risks to inflation had increased, so the Board decided to raise the cash rate to 4.35% from 4.1% to address those upside risks. Since then, inflati"
RBA,2025-04-01,RBA_2025_04,hold,0.0,,0.5,explicit_unchanged_keyword,1 April 2025,,"25/mr-25-10.html DOCUMENT TYPE: html ==== EXTRACTED TEXT START ==== Media Release Statement by the Monetary Policy Board: Monetary Policy Decision Number 2025-10 Date 1 April 2025 At its meeting today, the Board decided to leave the cash rate target unchanged at 4.10 per cent and the interest rate paid on Exchange Settlement balances at 4 per cent. Underlying inflation is moderating. Inflation has fallen substantially since the peak in 2022, as higher interest rates have been working to bring aggregate d"
RBA,2025-05-20,RBA_2025_05,cut,-25.0,,0.8,explicit_bps_change,Monetary Policy Decision,,"cision Michele Bullock Governor Sydney - 20 May 2025 Audio 45.7MB Watch video: Media Conference - Monetary Policy Decision, Sydney Transcript Michele Bullock Good afternoon. Thank you all for coming, again. So as you know, today the Board decided to cut the cash rate by 25 basis points and that takes the official rate to 3.85 per cent. Now, we’ve done this because the most recent quarterly CPI confirmed that both headline and underlying inflation are now under 3 per cent, and if you ignore the more volatile items in the headline C"
RBA,2025-07-08,RBA_2025_07,hold,0.0,,0.5,explicit_unchanged_keyword,8 July 2025,,"ACTED TEXT START ==== More on the July 2025 monetary policy decision Media Release Statement by the Monetary Policy Board: Monetary Policy Decision Number 2025-17 Date 8 July 2025 At its meeting today, the Board decided to leave the cash rate target unchanged at 3.85 per cent. Inflation has continued to moderate. Inflation has fallen substantially since the peak in 2022, as higher interest rates have been working to bring aggregate demand and supply closer towards balance. In the March quarter, headline"
RBA,2025-08-12,RBA_2025_08,cut,-25.0,,0.8,explicit_bps_change,Monetary Policy Decision,,"rence Monetary Policy Decision Michele Bullock Governor Sydney - 12 August 2025 Audio 40.6MB Watch video: Media Conference - Monetary Policy Decision, Sydney Transcript Michele Bullock Good afternoon everyone. As you know, today the Board decided to cut the cash rate by 25 basis points to 3.6%. Monetary policy has been working as intended and we’ve had good progress on bringing inflation down over the past 18 months. The Board’s now cut the cash rate by 75 basis points since February this year as we’ve become increasingly confiden"
RBA,2025-09-30,RBA_2025_09,hold,0.0,,0.5,explicit_unchanged_keyword,30 September 2025,,"2025/mr-25-27.html DOCUMENT TYPE: html ==== EXTRACTED TEXT START ==== Media Release Statement by the Monetary Policy Board: Monetary Policy Decision Number 2025-27 Date 30 September 2025 At its meeting today, the Board decided to leave the cash rate unchanged at 3.60 per cent. The decline in underlying inflation has slowed. Inflation has fallen substantially since the peak in 2022, as higher interest rates have been working to bring aggregate demand and potential supply closer towards balance. Both headl"
RBA,2025-11-04,RBA_2025_11,hold,0.0,,0.5,explicit_unchanged_keyword,4 November 2025,,"CTED TEXT START ==== More on the November 2025 monetary policy decision Media Release Statement by the Monetary Policy Board: Monetary Policy Decision Number 2025-31 Date 4 November 2025 At its meeting today, the Board decided to leave the cash rate unchanged at 3.60 per cent. Inflation has recently picked up. Inflation has fallen substantially since the peak in 2022, as higher interest rates have been working to bring aggregate demand and potential supply closer towards balance. More recently, however,"
RBA,2025-12-09,RBA_2025_12,hold,0.0,,0.5,explicit_unchanged_keyword,9 December 2025,,"s/2025/mr-25-33.html DOCUMENT TYPE: html ==== EXTRACTED TEXT START ==== Media Release Statement by the Monetary Policy Board: Monetary Policy Decision Number 2025-33 Date 9 December 2025 At its meeting today, the Board decided to leave the cash rate unchanged at 3.60 per cent. While inflation has fallen substantially since its peak in 2022, it has picked up more recently. The Board’s judgement is that some of the recent increase in underlying inflation was due to temporary factors and there is uncertaint"
RBA,2026-02-03,RBA_2026_02,hike,25.0,,0.8,explicit_bps_change,3 February 2026,,"YPE: html ==== EXTRACTED TEXT START ==== More on the February 2026 monetary policy decision Media Release Statement by the Monetary Policy Board: Monetary Policy Decision Number 2026-03 Date 3 February 2026 At its meeting today, the Board decided to increase the cash rate target by 25 basis points to 3.85 per cent. While inflation has fallen substantially since its peak in 2022, it picked up materially in the second half of 2025. The Board has been closely monitoring the economy and judges that some of the increase in inflation reflects great"
RBA,2026-03-17,RBA_2026_03,hike,25.0,,0.8,explicit_bps_change,17 March 2026,,"a.gov.au/media-releases/2026/mr-26-08.html DOCUMENT TYPE: html ==== EXTRACTED TEXT START ==== Media Release Statement by the Monetary Policy Board: Monetary Policy Decision Number 2026-08 Date 17 March 2026 At its meeting today, the Board decided to increase the cash rate target by 25 basis points to 4.10 per cent. While inflation has fallen substantially since its peak in 2022, it picked up materially in the second half of 2025. Information since the February meeting suggests that some of the increase in inflation reflects greater capacity p"
RBA,2026-05-05,RBA_2026_05,hike,25.0,,0.8,explicit_bps_change,5 May 2026,,"DOCUMENT TYPE: html ==== EXTRACTED TEXT START ==== More on the May 2026 monetary policy decision Media Release Statement by the Monetary Policy Board: Monetary Policy Decision Number 2026-12 Date 5 May 2026 At its meeting today, the Board decided to increase the cash rate target by 25 basis points to 4.35 per cent. Inflation picked up materially in the second half of 2025, and information since the beginning of this year confirms that some of this increase reflected greater capacity pressures. In addition, the conflict in the Middle East has"
RBNZ,2021-02-23,RBNZ_2021_02,hold,0.0,,0.5,explicit_unchanged_keyword,Monetary Policy Statement February 2021,,"n and publishing a strategy promotes transparency, public understanding, and accountability. Monetary policy framework and objectives Under the Reserve Bank of New Zealand Act 1989 (the Act), the MPC is responsible for formulating monetary policy to maintain a stable general level of prices over the medium term and to support maximum sustainable employment.2 Operational objectives for monetary policy are set out in the Remit. The current Remit sets out a flexible inflation targeting regime, under which"
RBNZ,2021-05-25,RBNZ_2021_05,hold,0.0,,0.5,explicit_unchanged_keyword,Monetary Policy Statement May 2021,,"n and publishing a strategy promotes transparency, public understanding, and accountability. Monetary policy framework and objectives Under the Reserve Bank of New Zealand Act 1989 (the Act), the MPC is responsible for formulating monetary policy to maintain a stable general level of prices over the medium term and to support maximum sustainable employment.2 Operational objectives for monetary policy are set out in the Remit. The current Remit sets out a flexible inflation targeting regime, under which"
RBNZ,2021-08-17,RBNZ_2021_08,hold,0.0,,0.5,explicit_unchanged_keyword,Monetary Policy Statement August 2021,,"nformation on New Zealand’s monetary policy framework, including the full text of the Remit. Monetary policy framework and objectives Under the Reserve Bank of New Zealand Act 1989 (the Act), the MPC is responsible for formulating monetary policy to maintain a stable general level of prices over the medium term and to support maximum sustainable employment.2 Operational objectives for monetary policy are set out in the Remit. The current Remit sets out a flexible inflation targeting regime, under which"
RBNZ,2021-11-23,RBNZ_2021_11,hike,100.0,,0.8,explicit_bps_change,Monetary Policy Statement November 2021,,"sit rates have increased at a slower pace than mortgage rates, but have risen quickly since the August Statement. The 6-month term deposit rate is 60 basis points higher than at the start of this year. In comparison, the 1-year term deposit rate has increased by 100 basis points this year, to 1.8 percent. These smaller increases relative to mortgage rates are partly a consequence of the shorter term of these rates. Term deposit rates have been suppressed by the large growth in deposits over the past 18 months, caused in par"
RBNZ,2022-02-22,RBNZ_2022_02,hike,25.0,,0.8,explicit_bps_change,Monetary Policy Statement February 2022,,"ard pressure on longer-term interest rates. Members of the Committee were conscious of broader uncertainty in the midst of the current Omicron wave. 6 Monetary Policy Statement February 2022 Weighing the options, the Committee came to a consensus to increase the OCR by 25 basis points. The Committee also affirmed that it was willing to move the OCR in larger increments if required over coming quarters. On Wednesday 23 February, the Committee reached a consensus to: • Increase the OCR to 1 percent. • Not reinvest the proceeds of a"
RBNZ,2022-05-24,RBNZ_2022_05,hold,0.0,,0.5,explicit_unchanged_keyword,Monetary Policy Statement May 2022,,"nformation on New Zealand’s monetary policy framework, including the full text of the Remit. Monetary policy framework and objectives Under the Reserve Bank of New Zealand Act 1989 (the Act), the MPC is responsible for formulating monetary policy to maintain a stable general level of prices over the medium term and to support maximum sustainable employment.2 Operational objectives for monetary policy are set out in the Remit. The current Remit sets out a flexible inflation targeting regime, under which"
RBNZ,2022-08-16,RBNZ_2022_08,hold,0.0,,0.5,explicit_unchanged_keyword,Monetary Policy Statement August 2022,,"nformation on New Zealand’s monetary policy framework, including the full text of the Remit. Monetary policy framework and objectives Under the Reserve Bank of New Zealand Act 1989 (the Act), the MPC is responsible for formulating monetary policy to maintain a stable general level of prices over the medium term and to support maximum sustainable employment.2 Operational objectives for monetary policy are set out in the Remit. The current Remit sets out a flexible inflation targeting regime, under which"
RBNZ,2022-11-22,RBNZ_2022_11,hike,85.0,,0.8,explicit_bps_change,Monetary Policy Statement November 2022,,"tgage curve. • Increases in mortgage rates continue to be smaller than increases in wholesale interest rates at comparable terms, as bank funding costs remain historically low relative to wholesale rates. Deposit rates • Term deposit rates have also increased since the August Statement. They have increased by 85 basis points and 50 basis points in the popular terms of six months and one year respectively. These increases mean that both terms are currently at their highest levels since 2015. • The deposit curve is now relatively flat, with the five-year term deposit rate"
RBNZ,2023-02-21,RBNZ_2023_02,hike,85.0,,0.8,explicit_bps_change,Monetary Policy Statement February 2023,,"rate increases have been larger than moves in wholesale interest rates at comparable terms, meaning the historically small spread between mortgage rates and wholesale interest rates is beginning to normalise. Deposit rates • Term deposit rates have increased since the November Statement. As at 16 February, they had increased by 85 basis points and 70 basis points in the popular terms of 6 months and 1 year respectively. • These increases mean that the 6-month rate is now at its highest since 2011, and the 1-year rate is at its highest since 2008. • The deposit curve is now relatively flat"
RBNZ,2023-05-23,RBNZ_2023_05,hike,25.0,,0.8,explicit_bps_change,Monetary Policy Statement May 2023,,"ssess the impact of the significant tightening, and the timing of any further increase that might be needed. On Wednesday 24 May, the Committee took the decision to vote on the two options. By a majority of five votes to two, the Committee agreed to increase the OCR by 25 basis points from 5.25% to 5.50%. The Monetary Policy Committee reached a consensus that interest rates will need to remain at a restrictive level for the foreseeable future, to ensure consumer price inflation returns to the 1 to 3% target range while supporting"
RBNZ,2023-08-15,RBNZ_2023_08,hike,25.0,5.5,1.0,explicit_bps_change,Monetary Policy Statement August 2023,,"supply, helping to alleviate some labour market shortages. Employment growth remains resilient. The Committee noted that most measures of annual wage inflation have begun to ease. The Committee noted that the estimate of the nominal neutral OCR has increased by 25 basis points to 2.25% within the projections, consistent with the Reserve Bank’s indicator suite. The Committee agreed that the current level of the OCR remains contractionary and is constraining domestic spending as needed. The Committee discussed the increase"
RBNZ,2023-11-28,RBNZ_2023_11,hike,25.0,5.5,1.0,explicit_bps_change,Monetary Policy Statement November 2023,,"flationary pressure. While the economy is moving back into balance, ensuring that demand remains contained will make the task of returning inflation to target much easier. The Committee noted that the estimate of the long-run nominal neutral OCR has increased by 25 basis points to 2.50 percent within the economic projections, consistent with the Reserve Bank’s indicator suite. The long- run nominal neutral rate impacts the central economic projections but has a larger impact in the latter part of the forecast horizon and b"
RBNZ,2024-02-27,RBNZ_2024_02,hold,0.0,5.5,0.9,explicit_unchanged_keyword,Monetary Policy Statement February 2024,,"= EXTRACTED TEXT START ==== Monetary Policy Statement. February 2024 B.33 ii Policy assessment. Monetary Policy Statement. February 2024 Policy assessment. OCR 5.50% - Monetary Policy remains restrictive The Monetary Policy Committee today agreed to hold the Official Cash Rate (OCR) at 5.50%. Over the past year or so, the New Zealand economy has evolved broadly as anticipated by the Committee. Core inflation and most measures of inflation expectations have declined, and the risks to the inflation ou"
RBNZ,2024-05-22,RBNZ_2024_05,hike,25.0,5.5,1.0,explicit_bps_change,Monetary Policy Statement May 2024,,"nce poses an upside risk to the forecast of aggregate demand, the relevance of which for monetary policy will be clearer over coming quarters. The Committee noted that the estimate of the long-run nominal neutral OCR used in the projections has been increased by 25 basis points to 2.75 percent, consistent with the Reserve Bank’s indicator suite. The long- run nominal neutral rate affects the central economic projection but has a larger impact in the latter part of the forecast horizon and beyond. Members agreed that the cu"
RBNZ,2024-08-14,RBNZ_2024_08,cut,-25.0,,0.8,explicit_bps_change,Monetary Policy Statement August 2024,,"OCUMENT TYPE: pdf ==== EXTRACTED TEXT START ==== Monetary Policy Statement. August 2024 B.33 ii Policy assessment. Monetary Policy Statement. August 2024 Policy assessment. OCR 5.25% - Monetary restraint tempered as inflation converges on target OCR reduced by 25 basis points to 5.25%. New Zealand’s annual consumer price inflation is returning to within the Monetary Policy Committee’s 1 to 3 percent target band. Surveyed inflation expectations, firms’ pricing behaviour, headline inflation, and a variety of core inflation"
RBNZ,2024-11-27,RBNZ_2024_11,hold,0.0,,0.5,explicit_unchanged_keyword,Monetary Policy Statement November 2024,,"e 2.1). This decline was foreshadowed by weakness in a broad range of timely indicators, such as business surveys, although GDP fell by slightly less than assumed at the time of the August Statement. Economic activity in New Zealand has been broadly unchanged over the past two years. Indicators suggest that economic activity declined further in the September 2024 quarter. Although there is some variation, on balance, indicators suggest that GDP declined in the September 2024 quarter. Firms in the Quarter"
RBNZ,2025-02-18,RBNZ_2025_02,hold,0.0,,0.5,explicit_unchanged_keyword,Monetary Policy Statement February 2025,,"land is expected to be volatile in the near term, due to a lower exchange rate and higher petrol prices. The net effect of future changes in trade policy on inflation in New Zealand is currently unclear. Nevertheless, the Committee is well placed to maintain price stability over the medium term. Having consumer price inflation close to the middle of its target band puts the Committee in the best position to respond to future inflationary shocks. The Monetary Policy Committee today agreed to lower the Of"
RBNZ,2025-05-27,RBNZ_2025_05,cut,-25.0,,0.8,explicit_bps_change,Monetary Policy Statement May 2025,,"/publications/monetary-policy-statements/2025/may-0525/mps_report_may2025.pdf DOCUMENT TYPE: pdf ==== EXTRACTED TEXT START ==== Monetary Policy Statement. May 2025 B.33 ii Policy assessment. Monetary Policy Statement. May 2025 Policy assessment. OCR lowered to 3.25% The Monetary Policy Committee today voted to lower the OCR by 25 basis points to 3.25 percent. Annual consumers price index inflation increased to 2.5 percent in the first quarter of 2025. Inflation expectations across firms and households have also risen. However, core inflation is declining and there is spare productive cap"
RBNZ,2025-08-19,RBNZ_2025_08,cut,-25.0,,0.8,explicit_bps_change,Monetary Policy Statement August 2025,,"tions/monetary-policy-statements/2025/aug-20825/mps-report-aug-2025.pdf DOCUMENT TYPE: pdf ==== EXTRACTED TEXT START ==== Monetary Policy Statement. August 2025 B.33 ii Policy assessment. Monetary Policy Statement. August 2025 Policy assessment. OCR lowered to 3% The Monetary Policy Committee today voted to lower the OCR by 25 basis points to 3 percent. Annual consumers price index inflation is currently around the top of the Monetary Policy Committee’s 1 to 3 percent target band. However, with spare capacity in the economy and declining domestic inflation pressure, headline inflation"
RBNZ,2025-11-26,RBNZ_2025_11,hold,0.0,,0.5,explicit_unchanged_keyword,Monetary Policy Statement November 2025,,"reduced investment if heightened investor expectations are not met. Inflation remains high in several advanced economies. Global policy uncertainty also remains high. The Committee noted downside risks to growth in China, as policy makers attempt to maintain growth in the face of weak domestic demand and an increasingly fragmented global trading environment. The Committee also noted uncertainty about US economic policy, and the associated risk of higher US inflation. The Committee discussed the risk tha"
RBNZ,2026-02-18,RBNZ_2026_02,cut,-25.0,,0.8,explicit_bps_change,Monetary Policy Statement February 2026,,"ts Market pricing for central bank policy rates has continued to diverge across jurisdictions, reflecting differences in domestic economic conditions (figure 3.3). Since the November Statement, the Federal Reserve and Bank of England (BoE) have each lowered their policy rate by 25 basis points, whilst the European Central Bank (ECB) and the Bank of Canada (BoC) have left their policy rates unchanged. In contrast, the RBA increased its policy rate by 25 basis points in early February and is expected to tighten monetary policy further. Fina"
RBNZ,2026-05-26,RBNZ_2026_05,hike,25.0,,0.8,explicit_bps_change,Monetary Policy Statement May 2026,,"re inflation, wage dynamics, and inflation expectations. These data, as well high-frequency indicators, will clarify whether stronger second-round inflation effects are emerging. Three members (Carl Hansen, Hayley Gourley, Prasanna Gai) preferred to increase the OCR by 25 basis points, to 2.5 percent, at this meeting. These members emphasised that, given the breadth of critical inputs that have been impacted by the conflict, first-round indirect price increases could become more broad-based, feeding through to a greater risk of s"
RIKSBANK,2021-06-01,RIKSBANK_2021_06_A,hold,0.0,,0.5,explicit_unchanged_keyword,Monetary Policy Report April 2021,,to remain expansionary to support the economy and for inflation to be close to the target of 2 per cent more permanently. The Riksbank is therefore continuing to purchase securities within the envelope of SEK 700 billion. The repo rate is being held unchanged at zero per cent. Email Share by email - Open in new window facebook Share on Facebook - Open in new window Linkedin Share on LinkedIn - Open in new window bluesky Share on Bluesky - Open in new window copy url Share on Twitter - Open in new window
RIKSBANK,2021-06-01,RIKSBANK_2021_06_B,hold,0.0,,0.5,explicit_unchanged_keyword,Monetary Policy Report Februari 2021,,"are reduced. To facilitate the recovery and help inflation rise towards the target, monetary policy needs to remain expansionary. The Riksbank is therefore continuing to purchase assets within the envelope of SEK 700 billion. The repo rate is being left unchanged at zero per cent. Email Share by email - Open in new window facebook Share on Facebook - Open in new window Linkedin Share on LinkedIn - Open in new window bluesky Share on Bluesky - Open in new window copy url Share on Twitter - Open in new window"
RIKSBANK,2021-06-01,RIKSBANK_2021_06_C,hold,0.0,,0.5,explicit_unchanged_keyword,Monetary Policy Report July 2021,,"y pressures are still moderate. By conducting an expansionary monetary policy, the Riksbank contributes to continued good development of the economy and to inflation attaining the target more permanently. The Executive Board has therefore decided to hold the repo rate unchanged at zero per cent and that during the fourth quarter the Riksbank will continue purchasing assets within the envelope of SEK 700 billion. Email Share by email - Open in new window facebook Share on Facebook - Open in new windo"
RIKSBANK,2021-06-01,RIKSBANK_2021_06_D,hold,0.0,,0.5,explicit_unchanged_keyword,Monetary Policy Report November 2021,,"ACTED TEXT START ==== Monetary Policy Report, November 2021 Economic activity is strong and inflation has risen rapidly, largely driven by rising energy prices. The Riksbank forecasts a fall in inflation next year. The Executive Board has decided to hold the repo rate unchanged at zero per cent, and to purchase bonds during the first quarter of 2022 to compensate for forthcoming principal payments in the Riksbank's asset holdings. The Board's forecast is that the holdings will remain roughly unchang"
RIKSBANK,2021-06-01,RIKSBANK_2021_06_E,hold,0.0,,0.5,explicit_unchanged_keyword,Monetary Policy Report September 2021,,"ed to become temporarily higher than 2 per cent in the coming year, before falling back again. Monetary policy needs to remain expansionary for inflation to be lastingly close to the target going forward. The Executive Board has therefore decided to hold the repo rate unchanged at zero cent and it is expected to remain at zero for the entire forecast period. The Riksbank will also continue to purchase securities during the fourth quarter, in line with the earlier decisions. The Executive Board’s for"
RIKSBANK,2022-06-01,RIKSBANK_2022_06_A,unknown,,,0.0,unknown,Monetary Policy Report April 2022,,
RIKSBANK,2022-06-01,RIKSBANK_2022_06_B,hold,0.0,,0.5,explicit_unchanged_keyword,Monetary Policy Report February 2022,,"reased rapidly, inflation is now high but the Riksbank expects it to fall back over the year. Monetary policy needs to provide continued support for inflation to be close to the target in the medium term. The Executive Board has therefore decided to hold the repo rate at zero per cent and that the Riksbank shall purchase bonds for SEK 37 billion during the second quarter of 2022 to compensate for maturing assets in the portfolio. The Executive Board’s forecast is, as before, that the holdings will r"
RIKSBANK,2022-06-01,RIKSBANK_2022_06_C,unknown,,,0.0,unknown,Monetary Policy Report June 2022,,
RIKSBANK,2022-06-01,RIKSBANK_2022_06_D,unknown,,,0.0,unknown,Monetary Policy Report November 2022,,
RIKSBANK,2022-06-01,RIKSBANK_2022_06_E,unknown,,,0.0,unknown,Ingves At The Riksdag Committee On Finance Hearing Regarding Account Of Monetary Policy 2021,,
RIKSBANK,2023-06-01,RIKSBANK_2023_06_A,hold,0.0,,0.5,explicit_unchanged_keyword,Monetary Policy Report April 2023,,"f | 681,6 kB) Numerical data: Monetary Policy Report April 2023 (xlsx | 1,6 MB) Article: How quickly will inflation fall? (pdf | 2,7 MB) Slides from the press conference 26 April 2023 (pdf | 2,1 MB) Next monetary policy decision? The Executive Board holds 5 scheduled monetary policy meetings a year. The next monetary policy meeting will take place on 28 June 2023 and information on the monetary policy decision, including the policy rate, will be communicated the day after, 29 June 2023. Related conte"
RIKSBANK,2023-06-01,RIKSBANK_2023_06_B,hold,0.0,,0.5,explicit_unchanged_keyword,Monetary Policy Report February 2023,,"Monetary Policy Report February 2023 (xlsx | 1,4 MB) Article: The new Riksbank Act and the monetary policy framework (pdf | 718,2 kB) Slides from the press conference 9 February 2023 (pdf | 1,9 MB) Next monetary policy decision? The Executive Board holds 5 scheduled monetary policy meetings a year. The next monetary policy meeting will take place on 25 April 2023 and information on the monetary policy decision, including the policy rate, will be communicated the day after, 26 April 2023. Related con"
RIKSBANK,2023-06-01,RIKSBANK_2023_06_C,hold,0.0,,0.5,explicit_unchanged_keyword,Monetary Policy Report June 2023,,",4 MB) Numerical data: Monetary Policy Report June 2023 (xlsx | 1,8 MB) Article: Strong labour market in Sweden and abroad (pdf | 1,1 MB) Slides from the press conference 29 juni 2023 (pdf | 1,9 MB) Next monetary policy decision? The Executive Board holds 5 scheduled monetary policy meetings a year. The next monetary policy meeting will take place on 20 September 2023 and information on the monetary policy decision, including the policy rate, will be communicated the day after, 21 September 2023. Rel"
RIKSBANK,2023-06-01,RIKSBANK_2023_06_D,hold,0.0,,0.5,explicit_unchanged_keyword,Monetary Policy Report November 2023,,November 2023 Inflation is still too high and there are still risks that it will not continue falling fast enough and stabilise at the target. But inflation has fallen and inflationary pressures have clearly eased. The Executive Board has decided to hold the policy rate unchanged at 4 per cent. The Executive Board assesses that monetary policy needs to be contractionary and is prepared to raise the policy rate further if inflation prospects deteriorate. Email Share by email - Open in new window face
RIKSBANK,2023-06-01,RIKSBANK_2023_06_E,hold,0.0,,0.5,explicit_unchanged_keyword,Erik Thedeen My View Of Monetary Policy,,"en: My view of monetary policy Today, Governor Erik Thedéen held a speech at Nordea in Stockholm regarding his view of monetary policy. In his speech, he emphasized the importance of inflation showing a clear downturn this year. This is not least to maintain confidence in the inflation target as an anchor for households’ and companies’ expectations. Date: 23/03/2023 15:00 Speaker: Governor Erik Thedéen Place: Nordea Email Share by email - Open in new window facebook Share on Facebook - Open in new windo"
RIKSBANK,2024-06-01,RIKSBANK_2024_06_A,unknown,,,0.0,unknown,Monetary Policy Decision August 2024,,
RIKSBANK,2024-06-01,RIKSBANK_2024_06_B,hold,0.0,,0.5,explicit_unchanged_keyword,Monetary Policy Decision December 2024,,"nkedin Share on LinkedIn - Open in new window bluesky Share on Bluesky - Open in new window copy url Share on Twitter - Open in new window The decision in brief The policy rate is cut by 0.25 percentage points to 2.5 per cent. If the outlook remains unchanged, the policy rate may be cut once again in the first half of 2025. Inflationary pressures are in line with 2 per cent and inflation is expected to be close to target in the coming years. The Swedish economy is in a mild recession, but economic activi"
RIKSBANK,2024-06-01,RIKSBANK_2024_06_C,hold,0.0,,0.5,explicit_unchanged_keyword,Monetary Policy Decision February 2024,,"Open in new window facebook Share on Facebook - Open in new window Linkedin Share on LinkedIn - Open in new window bluesky Share on Bluesky - Open in new window copy url Share on Twitter - Open in new window The decision in brief The policy rate is left unchanged at 4 per cent. It is likely that it will be cut earlier than was indicated in November. Inflation has continued to fall, but there is a risk of setbacks. The slowdown in the Swedish economy is continuing and the labour market is weakening. Read more"
RIKSBANK,2024-06-01,RIKSBANK_2024_06_D,hold,0.0,,0.5,explicit_unchanged_keyword,Monetary Policy Decision June 2024,,"email - Open in new window facebook Share on Facebook - Open in new window Linkedin Share on LinkedIn - Open in new window bluesky Share on Bluesky - Open in new window copy url Share on Twitter - Open in new window The decision in brief Policy rate unchanged at 3.75 per cent. If inflation outlook remains the same, it can be cut two or three times during the second half of the year. Inflation is close to target and expected to remain so even in the slightly longer term. However, the outlook for inflation"
RIKSBANK,2024-06-01,RIKSBANK_2024_06_E,hold,0.0,,0.5,explicit_unchanged_keyword,Monetary Policy Decision March 2024,,"in new window facebook Share on Facebook - Open in new window Linkedin Share on LinkedIn - Open in new window bluesky Share on Bluesky - Open in new window copy url Share on Twitter - Open in new window The decision in brief The policy rate is held unchanged at 4 per cent. It can probably be cut in May or June. Inflation has continued to fall and is approaching 2 per cent, but there is a risk of setbacks. The economic downturn is expected to be relatively short-lived. Read more: Press release Read more:"
RIKSBANK,2024-06-01,RIKSBANK_2024_06_F,unknown,,,0.0,unknown,Monetary Policy Decision May 2024,,
RIKSBANK,2024-06-01,RIKSBANK_2024_06_G,hold,0.0,,0.5,explicit_unchanged_keyword,Monetary Policy Decision November 2024,,"re on LinkedIn - Open in new window bluesky Share on Bluesky - Open in new window copy url Share on Twitter - Open in new window The decision in brief The policy rate is cut by 0.5 percentage points to 2.75 per cent. If the inflation outlook remains unchanged, the policy rate can also be cut in December. Inflationary pressures have fallen and are now assessed to be compatible with an inflation rate in line with the target. However, the outlook for inflation is uncertain. GDP and the labour market have pe"
RIKSBANK,2024-06-01,RIKSBANK_2024_06_H,hold,0.0,,0.5,explicit_unchanged_keyword,Monetary Policy Decision September 2024,,"e on LinkedIn - Open in new window bluesky Share on Bluesky - Open in new window copy url Share on Twitter - Open in new window The decision in brief The policy rate is cut by 0.25 percentage points to 3.25 per cent. If the inflation outlook remains unchanged, the rate can also be cut in November and December this year. Inflationary pressures have fallen and are now assessed to be compatible with an inflation rate of around 2 per cent. However, the outlook for inflation is uncertain. GDP and the labour m"
RIKSBANK,2025-06-01,RIKSBANK_2025_06_A,unknown,,,0.0,unknown,Monetary Policy Decision August 2025,text file missing: data\RIKSBANK\Monetary Policy\2025-06-01 - Monetary Policy Decision August 2025.txt,
RIKSBANK,2025-06-01,RIKSBANK_2025_06_B,unknown,,,0.0,unknown,Monetary Policy Decision December 2025,text file missing: data\RIKSBANK\Monetary Policy\2025-06-01 - Monetary Policy Decision December 2025.txt,
RIKSBANK,2025-06-01,RIKSBANK_2025_06_C,unknown,,,0.0,unknown,Monetary Policy Decision January 2025,,
RIKSBANK,2025-06-01,RIKSBANK_2025_06_D,unknown,,,0.0,unknown,Monetary Policy Decision June 2025,text file missing: data\RIKSBANK\Monetary Policy\2025-06-01 - Monetary Policy Decision June 2025.txt,
RIKSBANK,2025-06-01,RIKSBANK_2025_06_E,unknown,,,0.0,unknown,Monetary Policy Decision March 2025,text file missing: data\RIKSBANK\Monetary Policy\2025-06-01 - Monetary Policy Decision March 2025.txt,
RIKSBANK,2025-06-01,RIKSBANK_2025_06_F,unknown,,,0.0,unknown,Monetary Policy Decision May 2025,text file missing: data\RIKSBANK\Monetary Policy\2025-06-01 - Monetary Policy Decision May 2025.txt,
RIKSBANK,2025-06-01,RIKSBANK_2025_06_G,unknown,,,0.0,unknown,Monetary Policy Decision November 2025,text file missing: data\RIKSBANK\Monetary Policy\2025-06-01 - Monetary Policy Decision November 2025.txt,
RIKSBANK,2025-06-01,RIKSBANK_2025_06_H,hold,0.0,,0.5,explicit_unchanged_keyword,Anna Breman Monetary Policy Contributes To Stability In A Turbulent World,,"tes-to-stability-in-a-turbulent-world/ DOCUMENT TYPE: html ==== EXTRACTED TEXT START ==== Anna Breman: Monetary policy contributes to stability in a turbulent world Presentation “Overall, the outlook for inflation and economic activity still largely holds, despite the turbulence abroad. That is why I supported an unchanged policy rate at our most recent monetary policy meeting. But I wish to emphasise that we are vigilant of events that risk leading to an inflation rate that is persistently too high"
RIKSBANK,2026-06-01,RIKSBANK_2026_06,unknown,,,0.0,unknown,Monetary Policy Decision January 2026,text file missing: data\RIKSBANK\Monetary Policy\2026-06-01 - Monetary Policy Decision January 2026.txt,
SNB,2021-03-25,SNB_2021_03,unknown,,,0.0,unknown,Monetary policy assessment of 25 March 2021,text file missing: data\SNB\Monetary Policy\2021-03-25 - Monetary policy assessment of 25 March 2021.txt,
SNB,2021-06-17,SNB_2021_06,unknown,,,0.0,unknown,Monetary policy assessment of 17 June 2021,text file missing: data\SNB\Monetary Policy\2021-06-17 - Monetary policy assessment of 17 June 2021.txt,
SNB,2021-09-23,SNB_2021_09,unknown,,,0.0,unknown,Monetary policy assessment of 23 September 2021,text file missing: data\SNB\Monetary Policy\2021-09-23 - Monetary policy assessment of 23 September 2021.txt,
SNB,2021-12-16,SNB_2021_12,unknown,,,0.0,unknown,Monetary policy assessment of 16 December 2021,text file missing: data\SNB\Monetary Policy\2021-12-16 - Monetary policy assessment of 16 December 2021.txt,
SNB,2022-03-24,SNB_2022_03,unknown,,,0.0,unknown,"Thomas Jordan, Chairman of the Governing Board What are the consequences of the war in Ukraine for the SNB's monetary policy? ﻿",,
SNB,2022-06-16,SNB_2022_06,unknown,,,0.0,unknown,"Thomas Jordan, Chairman of the Governing Board Monetary policy under new constraints: challenges for the Swiss National Bank ﻿",,
SNB,2022-09-22,SNB_2022_09,unknown,,,0.0,unknown,Monetary policy assessment of 22 September 2022,text file missing: data\SNB\Monetary Policy\2022-09-22 - Monetary policy assessment of 22 September 2022.txt,
SNB,2022-12-15,SNB_2022_12,unknown,,,0.0,unknown,Monetary policy assessment of 15 December 2022,text file missing: data\SNB\Monetary Policy\2022-12-15 - Monetary policy assessment of 15 December 2022.txt,
SNB,2023-03-23,SNB_2023_03,unknown,,,0.0,unknown,Monetary policy assessment of 23 March 2023,text file missing: data\SNB\Monetary Policy\2023-03-23 - Monetary policy assessment of 23 March 2023.txt,
SNB,2023-06-22,SNB_2023_06,unknown,,,0.0,unknown,Monetary policy assessment of 22 June 2023,text file missing: data\SNB\Monetary Policy\2023-06-22 - Monetary policy assessment of 22 June 2023.txt,
SNB,2023-09-21,SNB_2023_09,unknown,,,0.0,unknown,"Thomas Moser, Alternate Member of the Governing Board Implementing monetary policy with positive interest rates and a large balance sheet: First experiences ﻿",,
SNB,2023-12-14,SNB_2023_12,unknown,,,0.0,unknown,Monetary policy assessment of 14 December 2023,text file missing: data\SNB\Monetary Policy\2023-12-14 - Monetary policy assessment of 14 December 2023.txt,
SNB,2024-03-21,SNB_2024_03,unknown,,,0.0,unknown,"Thomas Jordan, Chairman of the Governing Board The natural rate of interest (r*) as a reference point for monetary policy - a practitioner's view ﻿",,
SNB,2024-06-20,SNB_2024_06,unknown,,,0.0,unknown,Monetary policy assessment of 20 June 2024,text file missing: data\SNB\Monetary Policy\2024-06-20 - Monetary policy assessment of 20 June 2024.txt,
SNB,2024-09-26,SNB_2024_09,unknown,,,0.0,unknown,Monetary policy assessment of 26 September 2024,text file missing: data\SNB\Monetary Policy\2024-09-26 - Monetary policy assessment of 26 September 2024.txt,
SNB,2024-12-12,SNB_2024_12,unknown,,,0.0,unknown,Monetary policy assessment of 12 December 2024,text file missing: data\SNB\Monetary Policy\2024-12-12 - Monetary policy assessment of 12 December 2024.txt,
SNB,2025-03-20,SNB_2025_03,unknown,,,0.0,unknown,Monetary policy assessment of 20 March 2025,text file missing: data\SNB\Monetary Policy\2025-03-20 - Monetary policy assessment of 20 March 2025.txt,
SNB,2025-06-19,SNB_2025_06,unknown,,,0.0,unknown,Monetary policy assessment of 19 June 2025,text file missing: data\SNB\Monetary Policy\2025-06-19 - Monetary policy assessment of 19 June 2025.txt,
SNB,2025-09-25,SNB_2025_09,hold,0.0,0.0,0.9,explicit_unchanged_keyword,"Martin Schlegel, Chairman of the Governing Board The path to the monetary policy decision at the SNB ﻿",,"due account of economic developments. The monetary policy strategy provides the framework for monetary policy decision-making. In it the SNB sets out its definition of price stability, namely an inflation rate of between 0% and 2%. The SNB seeks to keep inflation within the range consistent with price stability over the medium term. The monetary policy decision-making process is divided into two phases: the preparation phase and the monetary policy assessment phase. Shortly after the completion of"
SNB,2025-12-11,SNB_2025_12,unknown,,,0.0,unknown,Monetary policy assessment of 11 December 2025,text file missing: data\SNB\Monetary Policy\2025-12-11 - Monetary policy assessment of 11 December 2025.txt,
SNB,2026-03-19,SNB_2026_03,unknown,,,0.0,unknown,Monetary policy assessment of 19 March 2026,"text file missing: data\SNB\Speeches\2026-04-24 - Martin Schlegel - Martin Schlegel, Chairman of the Governing Board Comments on Swiss monetary policy ﻿.txt",
